status,symbol,direction,time_utc,price_or_na,reason_or_outcome
REJECTED,EURUSD,BUY,2015-01-11 23:00:00+00:00,,CORRELATED_OR_PORTFOLIO_RISK_CAP
REJECTED,GBPUSD,SELL,2015-01-16 12:00:00+00:00,,OPPOSITE_SIGNAL_CONSUMED_CLOSE_ONLY
REJECTED,GBPUSD,BUY,2015-01-22 10:00:00+00:00,,CORRELATED_OR_PORTFOLIO_RISK_CAP
REJECTED,GBPUSD,SELL,2015-01-22 16:00:00+00:00,,CORRELATED_OR_PORTFOLIO_RISK_CAP
REJECTED,GBPUSD,SELL,2015-02-12 00:00:00+00:00,,CORRELATED_OR_PORTFOLIO_RISK_CAP
REJECTED,EURUSD,BUY,2015-02-12 11:00:00+00:00,,OPPOSITE_SIGNAL_CONSUMED_CLOSE_ONLY
REJECTED,GBPUSD,SELL,2015-02-17 01:00:00+00:00,,OPPOSITE_SIGNAL_CONSUMED_CLOSE_ONLY
REJECTED,EURUSD,BUY,2015-02-19 01:00:00+00:00,,CORRELATED_OR_PORTFOLIO_RISK_CAP
REJECTED,GBPUSD,SELL,2015-02-20 10:00:00+00:00,,CORRELATED_OR_PORTFOLIO_RISK_CAP
REJECTED,GBPUSD,SELL,2015-02-26 17:00:00+00:00,,CORRELATED_OR_PORTFOLIO_RISK_CAP
REJECTED,GBPUSD,SELL,2015-03-30 04:00:00+00:00,,OPPOSITE_SIGNAL_CONSUMED_CLOSE_ONLY
REJECTED,GBPUSD,SELL,2015-04-02 11:00:00+00:00,,PRE_TRADE_PROJECTED_EQUITY_BREACH
REJECTED,GBPUSD,BUY,2015-04-02 16:00:00+00:00,,PRE_TRADE_PROJECTED_EQUITY_BREACH
REJECTED,GBPUSD,SELL,2015-04-09 03:00:00+00:00,,PRE_TRADE_PROJECTED_EQUITY_BREACH
REJECTED,GBPUSD,BUY,2015-04-09 04:00:00+00:00,,PRE_TRADE_PROJECTED_EQUITY_BREACH
REJECTED,GBPUSD,SELL,2015-04-09 05:00:00+00:00,,PRE_TRADE_PROJECTED_EQUITY_BREACH
REJECTED,EURUSD,BUY,2015-04-22 09:00:00+00:00,,CORRELATED_OR_PORTFOLIO_RISK_CAP
REJECTED,GBPUSD,BUY,2015-05-06 04:00:00+00:00,,CORRELATED_OR_PORTFOLIO_RISK_CAP
REJECTED,EURUSD,SELL,2015-05-18 18:00:00+00:00,,CORRELATED_OR_PORTFOLIO_RISK_CAP
REJECTED,GBPUSD,SELL,2015-05-22 16:00:00+00:00,,CORRELATED_OR_PORTFOLIO_RISK_CAP
REJECTED,EURUSD,SELL,2015-06-05 14:00:00+00:00,,CORRELATED_OR_PORTFOLIO_RISK_CAP
REJECTED,GBPUSD,BUY,2015-06-08 22:00:00+00:00,,CORRELATED_OR_PORTFOLIO_RISK_CAP
REJECTED,EURUSD,SELL,2015-06-23 02:00:00+00:00,,PRE_TRADE_PROJECTED_EQUITY_BREACH
REJECTED,GBPUSD,SELL,2015-06-26 15:00:00+00:00,,OPPOSITE_SIGNAL_CONSUMED_CLOSE_ONLY
REJECTED,GBPUSD,BUY,2015-06-26 21:00:00+00:00,,EXECUTION_PRICE_INVALIDATED_SL
REJECTED,GBPUSD,BUY,2015-06-29 20:00:00+00:00,,PRE_TRADE_PROJECTED_EQUITY_BREACH
REJECTED,GBPUSD,SELL,2015-06-30 07:00:00+00:00,,PRE_TRADE_PROJECTED_EQUITY_BREACH
REJECTED,GBPUSD,BUY,2015-06-30 14:00:00+00:00,,PRE_TRADE_PROJECTED_EQUITY_BREACH
REJECTED,GBPUSD,SELL,2015-06-30 21:00:00+00:00,,PRE_TRADE_PROJECTED_EQUITY_BREACH
REJECTED,EURUSD,SELL,2015-06-30 22:00:00+00:00,,PRE_TRADE_PROJECTED_EQUITY_BREACH
REJECTED,EURUSD,BUY,2015-07-03 21:00:00+00:00,,EXECUTION_PRICE_INVALIDATED_SL
REJECTED,EURUSD,SELL,2015-07-05 22:00:00+00:00,,PRE_TRADE_PROJECTED_EQUITY_BREACH
REJECTED,EURUSD,BUY,2015-07-08 15:00:00+00:00,,PRE_TRADE_PROJECTED_EQUITY_BREACH
REJECTED,EURUSD,SELL,2015-07-09 19:00:00+00:00,,PRE_TRADE_PROJECTED_EQUITY_BREACH
REJECTED,EURUSD,BUY,2015-07-09 23:00:00+00:00,,PRE_TRADE_PROJECTED_EQUITY_BREACH
REJECTED,GBPUSD,BUY,2015-07-10 10:00:00+00:00,,PRE_TRADE_PROJECTED_EQUITY_BREACH
REJECTED,EURUSD,SELL,2015-07-13 15:00:00+00:00,,PRE_TRADE_PROJECTED_EQUITY_BREACH
REJECTED,GBPUSD,SELL,2015-07-20 02:00:00+00:00,,PRE_TRADE_PROJECTED_EQUITY_BREACH
REJECTED,EURUSD,BUY,2015-07-21 15:00:00+00:00,,PRE_TRADE_PROJECTED_EQUITY_BREACH
REJECTED,GBPUSD,BUY,2015-07-22 09:00:00+00:00,,PRE_TRADE_PROJECTED_EQUITY_BREACH
REJECTED,GBPUSD,SELL,2015-07-23 16:00:00+00:00,,PRE_TRADE_PROJECTED_EQUITY_BREACH
REJECTED,GBPUSD,BUY,2015-07-27 16:00:00+00:00,,PRE_TRADE_PROJECTED_EQUITY_BREACH
REJECTED,EURUSD,SELL,2015-07-29 17:00:00+00:00,,PRE_TRADE_PROJECTED_EQUITY_BREACH
REJECTED,GBPUSD,SELL,2015-07-31 08:00:00+00:00,,PRE_TRADE_PROJECTED_EQUITY_BREACH
REJECTED,GBPUSD,BUY,2015-07-31 14:00:00+00:00,,PRE_TRADE_PROJECTED_EQUITY_BREACH
REJECTED,EURUSD,BUY,2015-07-31 15:00:00+00:00,,PRE_TRADE_PROJECTED_EQUITY_BREACH
REJECTED,EURUSD,SELL,2015-08-03 09:00:00+00:00,,PRE_TRADE_PROJECTED_EQUITY_BREACH
REJECTED,GBPUSD,SELL,2015-08-03 17:00:00+00:00,,PRE_TRADE_PROJECTED_EQUITY_BREACH
REJECTED,GBPUSD,BUY,2015-08-04 17:00:00+00:00,,PRE_TRADE_PROJECTED_EQUITY_BREACH
REJECTED,GBPUSD,SELL,2015-08-04 18:00:00+00:00,,PRE_TRADE_PROJECTED_EQUITY_BREACH
REJECTED,GBPUSD,BUY,2015-08-05 15:00:00+00:00,,PRE_TRADE_PROJECTED_EQUITY_BREACH
REJECTED,GBPUSD,SELL,2015-08-06 12:00:00+00:00,,PRE_TRADE_PROJECTED_EQUITY_BREACH
REJECTED,EURUSD,BUY,2015-08-06 20:00:00+00:00,,PRE_TRADE_PROJECTED_EQUITY_BREACH
REJECTED,EURUSD,SELL,2015-08-07 14:00:00+00:00,,PRE_TRADE_PROJECTED_EQUITY_BREACH
REJECTED,EURUSD,BUY,2015-08-07 15:00:00+00:00,,PRE_TRADE_PROJECTED_EQUITY_BREACH
REJECTED,GBPUSD,BUY,2015-08-10 18:00:00+00:00,,PRE_TRADE_PROJECTED_EQUITY_BREACH
REJECTED,EURUSD,SELL,2015-08-17 00:00:00+00:00,,PRE_TRADE_PROJECTED_EQUITY_BREACH
REJECTED,GBPUSD,SELL,2015-08-17 18:00:00+00:00,,PRE_TRADE_PROJECTED_EQUITY_BREACH
REJECTED,GBPUSD,BUY,2015-08-18 11:00:00+00:00,,PRE_TRADE_PROJECTED_EQUITY_BREACH
REJECTED,EURUSD,BUY,2015-08-19 20:00:00+00:00,,PRE_TRADE_PROJECTED_EQUITY_BREACH
REJECTED,GBPUSD,SELL,2015-08-24 07:00:00+00:00,,PRE_TRADE_PROJECTED_EQUITY_BREACH
REJECTED,GBPUSD,BUY,2015-08-24 09:00:00+00:00,,PRE_TRADE_PROJECTED_EQUITY_BREACH
REJECTED,GBPUSD,SELL,2015-08-25 22:00:00+00:00,,PRE_TRADE_PROJECTED_EQUITY_BREACH
REJECTED,EURUSD,SELL,2015-08-26 13:00:00+00:00,,PRE_TRADE_PROJECTED_EQUITY_BREACH
REJECTED,EURUSD,BUY,2015-09-01 08:00:00+00:00,,PRE_TRADE_PROJECTED_EQUITY_BREACH
REJECTED,EURUSD,SELL,2015-09-02 16:00:00+00:00,,PRE_TRADE_PROJECTED_EQUITY_BREACH
REJECTED,GBPUSD,BUY,2015-09-07 17:00:00+00:00,,PRE_TRADE_PROJECTED_EQUITY_BREACH
REJECTED,EURUSD,BUY,2015-09-07 23:00:00+00:00,,PRE_TRADE_PROJECTED_EQUITY_BREACH
REJECTED,EURUSD,SELL,2015-09-09 12:00:00+00:00,,PRE_TRADE_PROJECTED_EQUITY_BREACH
REJECTED,EURUSD,BUY,2015-09-09 20:00:00+00:00,,PRE_TRADE_PROJECTED_EQUITY_BREACH
REJECTED,GBPUSD,SELL,2015-09-15 13:00:00+00:00,,PRE_TRADE_PROJECTED_EQUITY_BREACH
REJECTED,EURUSD,SELL,2015-09-15 16:00:00+00:00,,PRE_TRADE_PROJECTED_EQUITY_BREACH
REJECTED,GBPUSD,BUY,2015-09-16 15:00:00+00:00,,PRE_TRADE_PROJECTED_EQUITY_BREACH
REJECTED,EURUSD,BUY,2015-09-17 03:00:00+00:00,,PRE_TRADE_PROJECTED_EQUITY_BREACH
REJECTED,EURUSD,SELL,2015-09-21 00:00:00+00:00,,PRE_TRADE_PROJECTED_EQUITY_BREACH
REJECTED,GBPUSD,SELL,2015-09-21 15:00:00+00:00,,PRE_TRADE_PROJECTED_EQUITY_BREACH
REJECTED,EURUSD,BUY,2015-09-24 08:00:00+00:00,,PRE_TRADE_PROJECTED_EQUITY_BREACH
REJECTED,EURUSD,SELL,2015-09-25 06:00:00+00:00,,PRE_TRADE_PROJECTED_EQUITY_BREACH
REJECTED,EURUSD,BUY,2015-09-28 03:00:00+00:00,,PRE_TRADE_PROJECTED_EQUITY_BREACH
REJECTED,EURUSD,SELL,2015-09-28 05:00:00+00:00,,PRE_TRADE_PROJECTED_EQUITY_BREACH
REJECTED,EURUSD,BUY,2015-09-28 16:00:00+00:00,,PRE_TRADE_PROJECTED_EQUITY_BREACH
REJECTED,EURUSD,SELL,2015-09-30 14:00:00+00:00,,PRE_TRADE_PROJECTED_EQUITY_BREACH
REJECTED,GBPUSD,BUY,2015-10-02 13:00:00+00:00,,PRE_TRADE_PROJECTED_EQUITY_BREACH
REJECTED,EURUSD,BUY,2015-10-02 14:00:00+00:00,,PRE_TRADE_PROJECTED_EQUITY_BREACH
REJECTED,EURUSD,SELL,2015-10-05 21:00:00+00:00,,PRE_TRADE_PROJECTED_EQUITY_BREACH
REJECTED,GBPUSD,SELL,2015-10-05 21:00:00+00:00,,PRE_TRADE_PROJECTED_EQUITY_BREACH
REJECTED,EURUSD,BUY,2015-10-06 15:00:00+00:00,,PRE_TRADE_PROJECTED_EQUITY_BREACH
REJECTED,GBPUSD,BUY,2015-10-06 15:00:00+00:00,,PRE_TRADE_PROJECTED_EQUITY_BREACH
REJECTED,GBPUSD,SELL,2015-10-13 05:00:00+00:00,,PRE_TRADE_PROJECTED_EQUITY_BREACH
REJECTED,GBPUSD,BUY,2015-10-13 07:00:00+00:00,,PRE_TRADE_PROJECTED_EQUITY_BREACH
REJECTED,GBPUSD,SELL,2015-10-13 09:00:00+00:00,,PRE_TRADE_PROJECTED_EQUITY_BREACH
REJECTED,GBPUSD,BUY,2015-10-14 11:00:00+00:00,,PRE_TRADE_PROJECTED_EQUITY_BREACH
REJECTED,EURUSD,SELL,2015-10-15 20:00:00+00:00,,PRE_TRADE_PROJECTED_EQUITY_BREACH
REJECTED,GBPUSD,SELL,2015-10-20 22:00:00+00:00,,PRE_TRADE_PROJECTED_EQUITY_BREACH
REJECTED,EURUSD,BUY,2015-10-21 05:00:00+00:00,,PRE_TRADE_PROJECTED_EQUITY_BREACH
REJECTED,EURUSD,SELL,2015-10-21 17:00:00+00:00,,PRE_TRADE_PROJECTED_EQUITY_BREACH
REJECTED,EURUSD,BUY,2015-10-28 18:00:00+00:00,,PRE_TRADE_PROJECTED_EQUITY_BREACH
REJECTED,EURUSD,SELL,2015-10-28 19:00:00+00:00,,PRE_TRADE_PROJECTED_EQUITY_BREACH
REJECTED,GBPUSD,BUY,2015-10-30 01:00:00+00:00,,PRE_TRADE_PROJECTED_EQUITY_BREACH
REJECTED,EURUSD,BUY,2015-10-30 13:00:00+00:00,,PRE_TRADE_PROJECTED_EQUITY_BREACH
REJECTED,EURUSD,SELL,2015-11-03 10:00:00+00:00,,PRE_TRADE_PROJECTED_EQUITY_BREACH
REJECTED,GBPUSD,SELL,2015-11-04 15:00:00+00:00,,PRE_TRADE_PROJECTED_EQUITY_BREACH
REJECTED,GBPUSD,BUY,2015-11-11 02:00:00+00:00,,PRE_TRADE_PROJECTED_EQUITY_BREACH
REJECTED,EURUSD,BUY,2015-11-12 02:00:00+00:00,,PRE_TRADE_PROJECTED_EQUITY_BREACH
REJECTED,EURUSD,SELL,2015-11-12 08:00:00+00:00,,PRE_TRADE_PROJECTED_EQUITY_BREACH
REJECTED,EURUSD,BUY,2015-11-12 17:00:00+00:00,,PRE_TRADE_PROJECTED_EQUITY_BREACH
REJECTED,EURUSD,SELL,2015-11-13 16:00:00+00:00,,PRE_TRADE_PROJECTED_EQUITY_BREACH
REJECTED,GBPUSD,SELL,2015-11-16 14:00:00+00:00,,PRE_TRADE_PROJECTED_EQUITY_BREACH
REJECTED,GBPUSD,BUY,2015-11-17 17:00:00+00:00,,PRE_TRADE_PROJECTED_EQUITY_BREACH
REJECTED,EURUSD,BUY,2015-11-19 04:00:00+00:00,,PRE_TRADE_PROJECTED_EQUITY_BREACH
REJECTED,EURUSD,SELL,2015-11-20 16:00:00+00:00,,PRE_TRADE_PROJECTED_EQUITY_BREACH
REJECTED,GBPUSD,SELL,2015-11-20 17:00:00+00:00,,PRE_TRADE_PROJECTED_EQUITY_BREACH
REJECTED,EURUSD,BUY,2015-11-25 01:00:00+00:00,,PRE_TRADE_PROJECTED_EQUITY_BREACH
REJECTED,EURUSD,SELL,2015-11-25 10:00:00+00:00,,PRE_TRADE_PROJECTED_EQUITY_BREACH
REJECTED,GBPUSD,BUY,2015-12-01 04:00:00+00:00,,PRE_TRADE_PROJECTED_EQUITY_BREACH
REJECTED,EURUSD,BUY,2015-12-01 13:00:00+00:00,,PRE_TRADE_PROJECTED_EQUITY_BREACH
REJECTED,GBPUSD,SELL,2015-12-02 10:00:00+00:00,,PRE_TRADE_PROJECTED_EQUITY_BREACH
REJECTED,EURUSD,SELL,2015-12-02 15:00:00+00:00,,PRE_TRADE_PROJECTED_EQUITY_BREACH
REJECTED,EURUSD,BUY,2015-12-02 20:00:00+00:00,,PRE_TRADE_PROJECTED_EQUITY_BREACH
REJECTED,EURUSD,SELL,2015-12-03 04:00:00+00:00,,PRE_TRADE_PROJECTED_EQUITY_BREACH
REJECTED,EURUSD,BUY,2015-12-03 13:00:00+00:00,,PRE_TRADE_PROJECTED_EQUITY_BREACH
REJECTED,GBPUSD,BUY,2015-12-03 18:00:00+00:00,,PRE_TRADE_PROJECTED_EQUITY_BREACH
REJECTED,GBPUSD,SELL,2015-12-07 18:00:00+00:00,,PRE_TRADE_PROJECTED_EQUITY_BREACH
REJECTED,GBPUSD,BUY,2015-12-09 13:00:00+00:00,,PRE_TRADE_PROJECTED_EQUITY_BREACH
REJECTED,GBPUSD,SELL,2015-12-14 15:00:00+00:00,,PRE_TRADE_PROJECTED_EQUITY_BREACH
REJECTED,EURUSD,SELL,2015-12-15 17:00:00+00:00,,PRE_TRADE_PROJECTED_EQUITY_BREACH
REJECTED,EURUSD,BUY,2015-12-21 13:00:00+00:00,,PRE_TRADE_PROJECTED_EQUITY_BREACH
REJECTED,EURUSD,SELL,2015-12-23 16:00:00+00:00,,PRE_TRADE_PROJECTED_EQUITY_BREACH
REJECTED,GBPUSD,BUY,2015-12-24 01:00:00+00:00,,PRE_TRADE_PROJECTED_EQUITY_BREACH
REJECTED,EURUSD,BUY,2015-12-24 04:00:00+00:00,,PRE_TRADE_PROJECTED_EQUITY_BREACH
REJECTED,GBPUSD,SELL,2015-12-28 22:00:00+00:00,,PRE_TRADE_PROJECTED_EQUITY_BREACH
REJECTED,GBPUSD,BUY,2015-12-29 03:00:00+00:00,,PRE_TRADE_PROJECTED_EQUITY_BREACH
REJECTED,GBPUSD,SELL,2015-12-29 09:00:00+00:00,,PRE_TRADE_PROJECTED_EQUITY_BREACH
REJECTED,EURUSD,SELL,2015-12-29 15:00:00+00:00,,PRE_TRADE_PROJECTED_EQUITY_BREACH
REJECTED,EURUSD,BUY,2016-01-07 05:00:00+00:00,,PRE_TRADE_PROJECTED_EQUITY_BREACH
REJECTED,EURUSD,SELL,2016-01-12 00:00:00+00:00,,PRE_TRADE_PROJECTED_EQUITY_BREACH
REJECTED,EURUSD,BUY,2016-01-12 08:00:00+00:00,,PRE_TRADE_PROJECTED_EQUITY_BREACH
REJECTED,EURUSD,SELL,2016-01-12 09:00:00+00:00,,PRE_TRADE_PROJECTED_EQUITY_BREACH
REJECTED,EURUSD,BUY,2016-01-13 23:00:00+00:00,,PRE_TRADE_PROJECTED_EQUITY_BREACH
REJECTED,EURUSD,SELL,2016-01-18 23:00:00+00:00,,PRE_TRADE_PROJECTED_EQUITY_BREACH
REJECTED,EURUSD,BUY,2016-01-19 18:00:00+00:00,,PRE_TRADE_PROJECTED_EQUITY_BREACH
REJECTED,EURUSD,SELL,2016-01-20 23:00:00+00:00,,PRE_TRADE_PROJECTED_EQUITY_BREACH
REJECTED,GBPUSD,BUY,2016-01-21 23:00:00+00:00,,PRE_TRADE_PROJECTED_EQUITY_BREACH
REJECTED,EURUSD,BUY,2016-01-26 01:00:00+00:00,,PRE_TRADE_PROJECTED_EQUITY_BREACH
REJECTED,GBPUSD,SELL,2016-01-26 01:00:00+00:00,,PRE_TRADE_PROJECTED_EQUITY_BREACH
REJECTED,EURUSD,SELL,2016-01-26 14:00:00+00:00,,PRE_TRADE_PROJECTED_EQUITY_BREACH
REJECTED,EURUSD,BUY,2016-01-26 15:00:00+00:00,,PRE_TRADE_PROJECTED_EQUITY_BREACH
REJECTED,GBPUSD,BUY,2016-01-26 15:00:00+00:00,,PRE_TRADE_PROJECTED_EQUITY_BREACH
REJECTED,GBPUSD,SELL,2016-01-27 21:00:00+00:00,,PRE_TRADE_PROJECTED_EQUITY_BREACH
REJECTED,GBPUSD,BUY,2016-01-28 13:00:00+00:00,,PRE_TRADE_PROJECTED_EQUITY_BREACH
REJECTED,EURUSD,SELL,2016-01-29 15:00:00+00:00,,PRE_TRADE_PROJECTED_EQUITY_BREACH
REJECTED,GBPUSD,SELL,2016-01-29 15:00:00+00:00,,PRE_TRADE_PROJECTED_EQUITY_BREACH
REJECTED,GBPUSD,BUY,2016-02-01 16:00:00+00:00,,PRE_TRADE_PROJECTED_EQUITY_BREACH
REJECTED,EURUSD,BUY,2016-02-01 20:00:00+00:00,,PRE_TRADE_PROJECTED_EQUITY_BREACH
REJECTED,GBPUSD,SELL,2016-02-05 15:00:00+00:00,,PRE_TRADE_PROJECTED_EQUITY_BREACH
REJECTED,GBPUSD,BUY,2016-02-10 08:00:00+00:00,,PRE_TRADE_PROJECTED_EQUITY_BREACH
REJECTED,GBPUSD,SELL,2016-02-11 12:00:00+00:00,,PRE_TRADE_PROJECTED_EQUITY_BREACH
REJECTED,GBPUSD,BUY,2016-02-12 09:00:00+00:00,,PRE_TRADE_PROJECTED_EQUITY_BREACH
REJECTED,EURUSD,SELL,2016-02-12 15:00:00+00:00,,PRE_TRADE_PROJECTED_EQUITY_BREACH
REJECTED,GBPUSD,SELL,2016-02-15 15:00:00+00:00,,PRE_TRADE_PROJECTED_EQUITY_BREACH
REJECTED,GBPUSD,BUY,2016-02-19 21:00:00+00:00,,EXECUTION_PRICE_INVALIDATED_SL
REJECTED,GBPUSD,SELL,2016-02-21 23:00:00+00:00,,PRE_TRADE_PROJECTED_EQUITY_BREACH
REJECTED,EURUSD,BUY,2016-02-25 17:00:00+00:00,,PRE_TRADE_PROJECTED_EQUITY_BREACH
REJECTED,EURUSD,SELL,2016-02-26 13:00:00+00:00,,PRE_TRADE_PROJECTED_EQUITY_BREACH
REJECTED,GBPUSD,BUY,2016-03-01 05:00:00+00:00,,PRE_TRADE_PROJECTED_EQUITY_BREACH
REJECTED,EURUSD,BUY,2016-03-03 13:00:00+00:00,,PRE_TRADE_PROJECTED_EQUITY_BREACH
REJECTED,GBPUSD,SELL,2016-03-09 05:00:00+00:00,,PRE_TRADE_PROJECTED_EQUITY_BREACH
REJECTED,EURUSD,SELL,2016-03-09 07:00:00+00:00,,PRE_TRADE_PROJECTED_EQUITY_BREACH
REJECTED,GBPUSD,BUY,2016-03-09 09:00:00+00:00,,PRE_TRADE_PROJECTED_EQUITY_BREACH
REJECTED,EURUSD,BUY,2016-03-09 18:00:00+00:00,,PRE_TRADE_PROJECTED_EQUITY_BREACH
REJECTED,EURUSD,SELL,2016-03-10 01:00:00+00:00,,PRE_TRADE_PROJECTED_EQUITY_BREACH
REJECTED,GBPUSD,SELL,2016-03-10 04:00:00+00:00,,PRE_TRADE_PROJECTED_EQUITY_BREACH
REJECTED,GBPUSD,BUY,2016-03-10 10:00:00+00:00,,PRE_TRADE_PROJECTED_EQUITY_BREACH
REJECTED,GBPUSD,SELL,2016-03-10 12:00:00+00:00,,PRE_TRADE_PROJECTED_EQUITY_BREACH
REJECTED,GBPUSD,BUY,2016-03-10 15:00:00+00:00,,PRE_TRADE_PROJECTED_EQUITY_BREACH
REJECTED,EURUSD,BUY,2016-03-10 16:00:00+00:00,,PRE_TRADE_PROJECTED_EQUITY_BREACH
REJECTED,EURUSD,SELL,2016-03-14 23:00:00+00:00,,PRE_TRADE_PROJECTED_EQUITY_BREACH
REJECTED,GBPUSD,SELL,2016-03-15 02:00:00+00:00,,PRE_TRADE_PROJECTED_EQUITY_BREACH
REJECTED,EURUSD,BUY,2016-03-16 20:00:00+00:00,,PRE_TRADE_PROJECTED_EQUITY_BREACH
REJECTED,GBPUSD,BUY,2016-03-17 03:00:00+00:00,,PRE_TRADE_PROJECTED_EQUITY_BREACH
REJECTED,EURUSD,SELL,2016-03-21 20:00:00+00:00,,PRE_TRADE_PROJECTED_EQUITY_BREACH
REJECTED,GBPUSD,SELL,2016-03-21 20:00:00+00:00,,PRE_TRADE_PROJECTED_EQUITY_BREACH
REJECTED,GBPUSD,BUY,2016-03-28 11:00:00+00:00,,PRE_TRADE_PROJECTED_EQUITY_BREACH
REJECTED,EURUSD,BUY,2016-03-28 15:00:00+00:00,,PRE_TRADE_PROJECTED_EQUITY_BREACH
REJECTED,GBPUSD,SELL,2016-04-01 09:00:00+00:00,,PRE_TRADE_PROJECTED_EQUITY_BREACH
REJECTED,EURUSD,SELL,2016-04-05 12:00:00+00:00,,PRE_TRADE_PROJECTED_EQUITY_BREACH
REJECTED,EURUSD,BUY,2016-04-05 19:00:00+00:00,,PRE_TRADE_PROJECTED_EQUITY_BREACH
REJECTED,EURUSD,SELL,2016-04-06 04:00:00+00:00,,PRE_TRADE_PROJECTED_EQUITY_BREACH
REJECTED,EURUSD,BUY,2016-04-06 17:00:00+00:00,,PRE_TRADE_PROJECTED_EQUITY_BREACH
REJECTED,EURUSD,SELL,2016-04-07 18:00:00+00:00,,PRE_TRADE_PROJECTED_EQUITY_BREACH
REJECTED,EURUSD,BUY,2016-04-08 17:00:00+00:00,,PRE_TRADE_PROJECTED_EQUITY_BREACH
REJECTED,GBPUSD,BUY,2016-04-10 23:00:00+00:00,,PRE_TRADE_PROJECTED_EQUITY_BREACH
REJECTED,EURUSD,SELL,2016-04-12 17:00:00+00:00,,PRE_TRADE_PROJECTED_EQUITY_BREACH
REJECTED,GBPUSD,SELL,2016-04-13 21:00:00+00:00,,PRE_TRADE_PROJECTED_EQUITY_BREACH
REJECTED,GBPUSD,BUY,2016-04-15 18:00:00+00:00,,PRE_TRADE_PROJECTED_EQUITY_BREACH
REJECTED,GBPUSD,SELL,2016-04-18 06:00:00+00:00,,PRE_TRADE_PROJECTED_EQUITY_BREACH
REJECTED,EURUSD,BUY,2016-04-18 08:00:00+00:00,,PRE_TRADE_PROJECTED_EQUITY_BREACH
REJECTED,GBPUSD,BUY,2016-04-18 11:00:00+00:00,,PRE_TRADE_PROJECTED_EQUITY_BREACH
REJECTED,EURUSD,SELL,2016-04-20 21:00:00+00:00,,PRE_TRADE_PROJECTED_EQUITY_BREACH
REJECTED,GBPUSD,SELL,2016-04-21 21:00:00+00:00,,PRE_TRADE_PROJECTED_EQUITY_BREACH
REJECTED,GBPUSD,BUY,2016-04-22 07:00:00+00:00,,PRE_TRADE_PROJECTED_EQUITY_BREACH
REJECTED,EURUSD,BUY,2016-04-26 09:00:00+00:00,,PRE_TRADE_PROJECTED_EQUITY_BREACH
REJECTED,GBPUSD,SELL,2016-05-03 17:00:00+00:00,,PRE_TRADE_PROJECTED_EQUITY_BREACH
REJECTED,EURUSD,SELL,2016-05-04 16:00:00+00:00,,PRE_TRADE_PROJECTED_EQUITY_BREACH
REJECTED,GBPUSD,BUY,2016-05-11 00:00:00+00:00,,PRE_TRADE_PROJECTED_EQUITY_BREACH
REJECTED,GBPUSD,SELL,2016-05-11 11:00:00+00:00,,PRE_TRADE_PROJECTED_EQUITY_BREACH
REJECTED,GBPUSD,BUY,2016-05-11 12:00:00+00:00,,PRE_TRADE_PROJECTED_EQUITY_BREACH
REJECTED,GBPUSD,SELL,2016-05-11 13:00:00+00:00,,PRE_TRADE_PROJECTED_EQUITY_BREACH
REJECTED,EURUSD,BUY,2016-05-11 14:00:00+00:00,,PRE_TRADE_PROJECTED_EQUITY_BREACH
REJECTED,GBPUSD,BUY,2016-05-11 14:00:00+00:00,,PRE_TRADE_PROJECTED_EQUITY_BREACH
REJECTED,GBPUSD,SELL,2016-05-12 07:00:00+00:00,,PRE_TRADE_PROJECTED_EQUITY_BREACH
REJECTED,GBPUSD,BUY,2016-05-12 11:00:00+00:00,,PRE_TRADE_PROJECTED_EQUITY_BREACH
REJECTED,EURUSD,SELL,2016-05-12 18:00:00+00:00,,PRE_TRADE_PROJECTED_EQUITY_BREACH
REJECTED,GBPUSD,SELL,2016-05-13 05:00:00+00:00,,PRE_TRADE_PROJECTED_EQUITY_BREACH
REJECTED,GBPUSD,BUY,2016-05-17 01:00:00+00:00,,PRE_TRADE_PROJECTED_EQUITY_BREACH
REJECTED,GBPUSD,SELL,2016-05-20 17:00:00+00:00,,PRE_TRADE_PROJECTED_EQUITY_BREACH
REJECTED,GBPUSD,BUY,2016-05-24 11:00:00+00:00,,PRE_TRADE_PROJECTED_EQUITY_BREACH
REJECTED,EURUSD,BUY,2016-05-26 11:00:00+00:00,,PRE_TRADE_PROJECTED_EQUITY_BREACH
REJECTED,EURUSD,SELL,2016-05-27 14:00:00+00:00,,PRE_TRADE_PROJECTED_EQUITY_BREACH
REJECTED,GBPUSD,SELL,2016-05-27 15:00:00+00:00,,PRE_TRADE_PROJECTED_EQUITY_BREACH
REJECTED,GBPUSD,BUY,2016-05-31 02:00:00+00:00,,PRE_TRADE_PROJECTED_EQUITY_BREACH
REJECTED,GBPUSD,SELL,2016-05-31 10:00:00+00:00,,PRE_TRADE_PROJECTED_EQUITY_BREACH
REJECTED,EURUSD,BUY,2016-05-31 14:00:00+00:00,,PRE_TRADE_PROJECTED_EQUITY_BREACH
REJECTED,GBPUSD,BUY,2016-05-31 14:00:00+00:00,,PRE_TRADE_PROJECTED_EQUITY_BREACH
REJECTED,GBPUSD,SELL,2016-05-31 15:00:00+00:00,,PRE_TRADE_PROJECTED_EQUITY_BREACH
REJECTED,EURUSD,SELL,2016-05-31 16:00:00+00:00,,PRE_TRADE_PROJECTED_EQUITY_BREACH
REJECTED,EURUSD,BUY,2016-06-01 11:00:00+00:00,,PRE_TRADE_PROJECTED_EQUITY_BREACH
REJECTED,EURUSD,SELL,2016-06-03 00:00:00+00:00,,PRE_TRADE_PROJECTED_EQUITY_BREACH
REJECTED,EURUSD,BUY,2016-06-03 13:00:00+00:00,,PRE_TRADE_PROJECTED_EQUITY_BREACH
REJECTED,GBPUSD,BUY,2016-06-03 16:00:00+00:00,,PRE_TRADE_PROJECTED_EQUITY_BREACH
REJECTED,GBPUSD,SELL,2016-06-06 02:00:00+00:00,,PRE_TRADE_PROJECTED_EQUITY_BREACH
REJECTED,GBPUSD,BUY,2016-06-07 01:00:00+00:00,,PRE_TRADE_PROJECTED_EQUITY_BREACH
REJECTED,GBPUSD,SELL,2016-06-09 05:00:00+00:00,,PRE_TRADE_PROJECTED_EQUITY_BREACH
REJECTED,EURUSD,SELL,2016-06-09 15:00:00+00:00,,PRE_TRADE_PROJECTED_EQUITY_BREACH
REJECTED,EURUSD,BUY,2016-06-16 00:00:00+00:00,,PRE_TRADE_PROJECTED_EQUITY_BREACH
REJECTED,EURUSD,SELL,2016-06-16 12:00:00+00:00,,PRE_TRADE_PROJECTED_EQUITY_BREACH
REJECTED,GBPUSD,BUY,2016-06-17 00:00:00+00:00,,PRE_TRADE_PROJECTED_EQUITY_BREACH
REJECTED,EURUSD,BUY,2016-06-17 04:00:00+00:00,,PRE_TRADE_PROJECTED_EQUITY_BREACH
REJECTED,EURUSD,SELL,2016-06-21 17:00:00+00:00,,PRE_TRADE_PROJECTED_EQUITY_BREACH
REJECTED,EURUSD,BUY,2016-06-22 20:00:00+00:00,,PRE_TRADE_PROJECTED_EQUITY_BREACH
REJECTED,EURUSD,SELL,2016-06-24 03:00:00+00:00,,PRE_TRADE_PROJECTED_EQUITY_BREACH
REJECTED,GBPUSD,SELL,2016-06-24 03:00:00+00:00,,MIN_LOT_EXCEEDS_RISK_BUDGET
REJECTED,EURUSD,BUY,2016-06-29 14:00:00+00:00,,PRE_TRADE_PROJECTED_EQUITY_BREACH
REJECTED,GBPUSD,BUY,2016-06-29 22:00:00+00:00,,PRE_TRADE_PROJECTED_EQUITY_BREACH
REJECTED,GBPUSD,SELL,2016-06-30 05:00:00+00:00,,PRE_TRADE_PROJECTED_EQUITY_BREACH
REJECTED,GBPUSD,BUY,2016-06-30 08:00:00+00:00,,PRE_TRADE_PROJECTED_EQUITY_BREACH
REJECTED,GBPUSD,SELL,2016-06-30 16:00:00+00:00,,PRE_TRADE_PROJECTED_EQUITY_BREACH
REJECTED,EURUSD,SELL,2016-07-05 17:00:00+00:00,,PRE_TRADE_PROJECTED_EQUITY_BREACH
REJECTED,GBPUSD,BUY,2016-07-11 18:00:00+00:00,,PRE_TRADE_PROJECTED_EQUITY_BREACH
REJECTED,EURUSD,BUY,2016-07-12 03:00:00+00:00,,PRE_TRADE_PROJECTED_EQUITY_BREACH
REJECTED,EURUSD,SELL,2016-07-13 07:00:00+00:00,,PRE_TRADE_PROJECTED_EQUITY_BREACH
REJECTED,EURUSD,BUY,2016-07-13 12:00:00+00:00,,PRE_TRADE_PROJECTED_EQUITY_BREACH
REJECTED,EURUSD,SELL,2016-07-15 18:00:00+00:00,,PRE_TRADE_PROJECTED_EQUITY_BREACH
REJECTED,GBPUSD,SELL,2016-07-15 21:00:00+00:00,,PRE_TRADE_PROJECTED_EQUITY_BREACH
REJECTED,GBPUSD,BUY,2016-07-20 23:00:00+00:00,,PRE_TRADE_PROJECTED_EQUITY_BREACH
REJECTED,EURUSD,BUY,2016-07-22 09:00:00+00:00,,PRE_TRADE_PROJECTED_EQUITY_BREACH
REJECTED,EURUSD,SELL,2016-07-22 11:00:00+00:00,,PRE_TRADE_PROJECTED_EQUITY_BREACH
REJECTED,GBPUSD,SELL,2016-07-22 12:00:00+00:00,,PRE_TRADE_PROJECTED_EQUITY_BREACH
REJECTED,EURUSD,BUY,2016-07-26 08:00:00+00:00,,PRE_TRADE_PROJECTED_EQUITY_BREACH
REJECTED,EURUSD,SELL,2016-07-26 18:00:00+00:00,,PRE_TRADE_PROJECTED_EQUITY_BREACH
REJECTED,EURUSD,BUY,2016-07-27 10:00:00+00:00,,PRE_TRADE_PROJECTED_EQUITY_BREACH
REJECTED,GBPUSD,BUY,2016-07-27 20:00:00+00:00,,PRE_TRADE_PROJECTED_EQUITY_BREACH
REJECTED,GBPUSD,SELL,2016-08-01 23:00:00+00:00,,PRE_TRADE_PROJECTED_EQUITY_BREACH
REJECTED,GBPUSD,BUY,2016-08-02 09:00:00+00:00,,PRE_TRADE_PROJECTED_EQUITY_BREACH
REJECTED,EURUSD,SELL,2016-08-03 19:00:00+00:00,,PRE_TRADE_PROJECTED_EQUITY_BREACH
REJECTED,GBPUSD,SELL,2016-08-04 12:00:00+00:00,,PRE_TRADE_PROJECTED_EQUITY_BREACH
REJECTED,EURUSD,BUY,2016-08-09 21:00:00+00:00,,PRE_TRADE_PROJECTED_EQUITY_BREACH
REJECTED,GBPUSD,BUY,2016-08-10 12:00:00+00:00,,PRE_TRADE_PROJECTED_EQUITY_BREACH
REJECTED,GBPUSD,SELL,2016-08-10 15:00:00+00:00,,PRE_TRADE_PROJECTED_EQUITY_BREACH
REJECTED,EURUSD,SELL,2016-08-12 03:00:00+00:00,,PRE_TRADE_PROJECTED_EQUITY_BREACH
REJECTED,EURUSD,BUY,2016-08-12 12:00:00+00:00,,PRE_TRADE_PROJECTED_EQUITY_BREACH
REJECTED,GBPUSD,BUY,2016-08-16 13:00:00+00:00,,PRE_TRADE_PROJECTED_EQUITY_BREACH
REJECTED,GBPUSD,SELL,2016-08-21 23:00:00+00:00,,PRE_TRADE_PROJECTED_EQUITY_BREACH
REJECTED,EURUSD,SELL,2016-08-22 04:00:00+00:00,,PRE_TRADE_PROJECTED_EQUITY_BREACH
REJECTED,GBPUSD,BUY,2016-08-22 15:00:00+00:00,,PRE_TRADE_PROJECTED_EQUITY_BREACH
REJECTED,EURUSD,BUY,2016-08-22 19:00:00+00:00,,PRE_TRADE_PROJECTED_EQUITY_BREACH
REJECTED,EURUSD,SELL,2016-08-23 23:00:00+00:00,,PRE_TRADE_PROJECTED_EQUITY_BREACH
REJECTED,GBPUSD,SELL,2016-08-25 22:00:00+00:00,,PRE_TRADE_PROJECTED_EQUITY_BREACH
REJECTED,GBPUSD,BUY,2016-08-26 03:00:00+00:00,,PRE_TRADE_PROJECTED_EQUITY_BREACH
REJECTED,EURUSD,BUY,2016-08-26 06:00:00+00:00,,PRE_TRADE_PROJECTED_EQUITY_BREACH
REJECTED,EURUSD,SELL,2016-08-26 16:00:00+00:00,,PRE_TRADE_PROJECTED_EQUITY_BREACH
REJECTED,GBPUSD,SELL,2016-08-26 17:00:00+00:00,,PRE_TRADE_PROJECTED_EQUITY_BREACH
REJECTED,GBPUSD,BUY,2016-08-31 12:00:00+00:00,,PRE_TRADE_PROJECTED_EQUITY_BREACH
REJECTED,GBPUSD,SELL,2016-08-31 14:00:00+00:00,,PRE_TRADE_PROJECTED_EQUITY_BREACH
REJECTED,GBPUSD,BUY,2016-08-31 16:00:00+00:00,,PRE_TRADE_PROJECTED_EQUITY_BREACH
REJECTED,EURUSD,BUY,2016-09-01 17:00:00+00:00,,PRE_TRADE_PROJECTED_EQUITY_BREACH
REJECTED,EURUSD,SELL,2016-09-02 21:00:00+00:00,,PRE_TRADE_PROJECTED_EQUITY_BREACH
REJECTED,EURUSD,BUY,2016-09-06 15:00:00+00:00,,PRE_TRADE_PROJECTED_EQUITY_BREACH
REJECTED,GBPUSD,SELL,2016-09-07 23:00:00+00:00,,PRE_TRADE_PROJECTED_EQUITY_BREACH
REJECTED,EURUSD,SELL,2016-09-09 16:00:00+00:00,,PRE_TRADE_PROJECTED_EQUITY_BREACH
REJECTED,GBPUSD,BUY,2016-09-12 20:00:00+00:00,,PRE_TRADE_PROJECTED_EQUITY_BREACH
REJECTED,GBPUSD,SELL,2016-09-13 12:00:00+00:00,,PRE_TRADE_PROJECTED_EQUITY_BREACH
REJECTED,EURUSD,BUY,2016-09-14 17:00:00+00:00,,PRE_TRADE_PROJECTED_EQUITY_BREACH
REJECTED,GBPUSD,BUY,2016-09-16 04:00:00+00:00,,PRE_TRADE_PROJECTED_EQUITY_BREACH
REJECTED,GBPUSD,SELL,2016-09-16 08:00:00+00:00,,PRE_TRADE_PROJECTED_EQUITY_BREACH
REJECTED,EURUSD,SELL,2016-09-16 10:00:00+00:00,,PRE_TRADE_PROJECTED_EQUITY_BREACH
REJECTED,EURUSD,BUY,2016-09-22 00:00:00+00:00,,PRE_TRADE_PROJECTED_EQUITY_BREACH
REJECTED,GBPUSD,BUY,2016-09-22 03:00:00+00:00,,PRE_TRADE_PROJECTED_EQUITY_BREACH
REJECTED,GBPUSD,SELL,2016-09-23 11:00:00+00:00,,PRE_TRADE_PROJECTED_EQUITY_BREACH
REJECTED,EURUSD,SELL,2016-09-27 16:00:00+00:00,,PRE_TRADE_PROJECTED_EQUITY_BREACH
REJECTED,GBPUSD,BUY,2016-09-27 18:00:00+00:00,,PRE_TRADE_PROJECTED_EQUITY_BREACH
REJECTED,EURUSD,BUY,2016-09-29 06:00:00+00:00,,PRE_TRADE_PROJECTED_EQUITY_BREACH
REJECTED,EURUSD,SELL,2016-09-29 07:00:00+00:00,,PRE_TRADE_PROJECTED_EQUITY_BREACH
REJECTED,EURUSD,BUY,2016-09-29 16:00:00+00:00,,PRE_TRADE_PROJECTED_EQUITY_BREACH
REJECTED,GBPUSD,SELL,2016-09-29 17:00:00+00:00,,PRE_TRADE_PROJECTED_EQUITY_BREACH
REJECTED,EURUSD,SELL,2016-09-29 18:00:00+00:00,,PRE_TRADE_PROJECTED_EQUITY_BREACH
REJECTED,EURUSD,BUY,2016-09-30 20:00:00+00:00,,PRE_TRADE_PROJECTED_EQUITY_BREACH
REJECTED,EURUSD,SELL,2016-10-03 22:00:00+00:00,,PRE_TRADE_PROJECTED_EQUITY_BREACH
REJECTED,EURUSD,BUY,2016-10-05 06:00:00+00:00,,PRE_TRADE_PROJECTED_EQUITY_BREACH
REJECTED,EURUSD,SELL,2016-10-06 03:00:00+00:00,,PRE_TRADE_PROJECTED_EQUITY_BREACH
REJECTED,EURUSD,BUY,2016-10-10 00:00:00+00:00,,PRE_TRADE_PROJECTED_EQUITY_BREACH
REJECTED,EURUSD,SELL,2016-10-10 14:00:00+00:00,,PRE_TRADE_PROJECTED_EQUITY_BREACH
REJECTED,GBPUSD,BUY,2016-10-18 02:00:00+00:00,,PRE_TRADE_PROJECTED_EQUITY_BREACH
REJECTED,EURUSD,BUY,2016-10-18 05:00:00+00:00,,PRE_TRADE_PROJECTED_EQUITY_BREACH
REJECTED,EURUSD,SELL,2016-10-18 13:00:00+00:00,,PRE_TRADE_PROJECTED_EQUITY_BREACH
REJECTED,GBPUSD,SELL,2016-10-20 15:00:00+00:00,,PRE_TRADE_PROJECTED_EQUITY_BREACH
REJECTED,EURUSD,BUY,2016-10-26 07:00:00+00:00,,PRE_TRADE_PROJECTED_EQUITY_BREACH
REJECTED,GBPUSD,BUY,2016-10-26 17:00:00+00:00,,PRE_TRADE_PROJECTED_EQUITY_BREACH
REJECTED,GBPUSD,SELL,2016-10-27 17:00:00+00:00,,PRE_TRADE_PROJECTED_EQUITY_BREACH
REJECTED,GBPUSD,BUY,2016-10-31 18:00:00+00:00,,PRE_TRADE_PROJECTED_EQUITY_BREACH
REJECTED,EURUSD,SELL,2016-11-07 07:00:00+00:00,,PRE_TRADE_PROJECTED_EQUITY_BREACH
REJECTED,GBPUSD,SELL,2016-11-07 16:00:00+00:00,,PRE_TRADE_PROJECTED_EQUITY_BREACH
REJECTED,EURUSD,BUY,2016-11-09 03:00:00+00:00,,PRE_TRADE_PROJECTED_EQUITY_BREACH
REJECTED,GBPUSD,BUY,2016-11-09 04:00:00+00:00,,PRE_TRADE_PROJECTED_EQUITY_BREACH
REJECTED,GBPUSD,SELL,2016-11-09 14:00:00+00:00,,PRE_TRADE_PROJECTED_EQUITY_BREACH
REJECTED,EURUSD,SELL,2016-11-09 15:00:00+00:00,,PRE_TRADE_PROJECTED_EQUITY_BREACH
REJECTED,GBPUSD,BUY,2016-11-09 15:00:00+00:00,,PRE_TRADE_PROJECTED_EQUITY_BREACH
REJECTED,GBPUSD,SELL,2016-11-10 10:00:00+00:00,,PRE_TRADE_PROJECTED_EQUITY_BREACH
REJECTED,GBPUSD,BUY,2016-11-10 12:00:00+00:00,,PRE_TRADE_PROJECTED_EQUITY_BREACH
REJECTED,GBPUSD,SELL,2016-11-14 14:00:00+00:00,,PRE_TRADE_PROJECTED_EQUITY_BREACH
REJECTED,GBPUSD,BUY,2016-11-21 16:00:00+00:00,,PRE_TRADE_PROJECTED_EQUITY_BREACH
REJECTED,EURUSD,BUY,2016-11-22 10:00:00+00:00,,PRE_TRADE_PROJECTED_EQUITY_BREACH
REJECTED,EURUSD,SELL,2016-11-22 12:00:00+00:00,,PRE_TRADE_PROJECTED_EQUITY_BREACH
REJECTED,GBPUSD,SELL,2016-11-23 01:00:00+00:00,,PRE_TRADE_PROJECTED_EQUITY_BREACH
REJECTED,EURUSD,BUY,2016-11-23 06:00:00+00:00,,PRE_TRADE_PROJECTED_EQUITY_BREACH
REJECTED,EURUSD,SELL,2016-11-23 08:00:00+00:00,,PRE_TRADE_PROJECTED_EQUITY_BREACH
REJECTED,GBPUSD,BUY,2016-11-23 20:00:00+00:00,,PRE_TRADE_PROJECTED_EQUITY_BREACH
REJECTED,EURUSD,BUY,2016-11-25 11:00:00+00:00,,PRE_TRADE_PROJECTED_EQUITY_BREACH
REJECTED,GBPUSD,SELL,2016-11-28 14:00:00+00:00,,PRE_TRADE_PROJECTED_EQUITY_BREACH
REJECTED,EURUSD,SELL,2016-11-29 12:00:00+00:00,,PRE_TRADE_PROJECTED_EQUITY_BREACH
REJECTED,GBPUSD,BUY,2016-11-29 14:00:00+00:00,,PRE_TRADE_PROJECTED_EQUITY_BREACH
REJECTED,EURUSD,BUY,2016-11-29 16:00:00+00:00,,PRE_TRADE_PROJECTED_EQUITY_BREACH
REJECTED,EURUSD,SELL,2016-11-30 19:00:00+00:00,,PRE_TRADE_PROJECTED_EQUITY_BREACH
REJECTED,EURUSD,BUY,2016-12-01 13:00:00+00:00,,PRE_TRADE_PROJECTED_EQUITY_BREACH
REJECTED,EURUSD,SELL,2016-12-01 14:00:00+00:00,,PRE_TRADE_PROJECTED_EQUITY_BREACH
REJECTED,EURUSD,BUY,2016-12-01 16:00:00+00:00,,PRE_TRADE_PROJECTED_EQUITY_BREACH
REJECTED,EURUSD,SELL,2016-12-04 23:00:00+00:00,,PRE_TRADE_PROJECTED_EQUITY_BREACH
REJECTED,EURUSD,BUY,2016-12-05 13:00:00+00:00,,PRE_TRADE_PROJECTED_EQUITY_BREACH
REJECTED,GBPUSD,SELL,2016-12-07 02:00:00+00:00,,PRE_TRADE_PROJECTED_EQUITY_BREACH
REJECTED,EURUSD,SELL,2016-12-08 15:00:00+00:00,,PRE_TRADE_PROJECTED_EQUITY_BREACH
REJECTED,GBPUSD,BUY,2016-12-12 14:00:00+00:00,,PRE_TRADE_PROJECTED_EQUITY_BREACH
REJECTED,EURUSD,BUY,2016-12-12 23:00:00+00:00,,PRE_TRADE_PROJECTED_EQUITY_BREACH
REJECTED,EURUSD,SELL,2016-12-14 20:00:00+00:00,,PRE_TRADE_PROJECTED_EQUITY_BREACH
REJECTED,GBPUSD,SELL,2016-12-14 21:00:00+00:00,,PRE_TRADE_PROJECTED_EQUITY_BREACH
REJECTED,EURUSD,BUY,2016-12-21 16:00:00+00:00,,PRE_TRADE_PROJECTED_EQUITY_BREACH
REJECTED,EURUSD,SELL,2016-12-28 12:00:00+00:00,,PRE_TRADE_PROJECTED_EQUITY_BREACH
REJECTED,EURUSD,BUY,2016-12-29 09:00:00+00:00,,PRE_TRADE_PROJECTED_EQUITY_BREACH
REJECTED,GBPUSD,BUY,2016-12-30 00:00:00+00:00,,PRE_TRADE_PROJECTED_EQUITY_BREACH
REJECTED,EURUSD,SELL,2017-01-02 17:00:00+00:00,,PRE_TRADE_PROJECTED_EQUITY_BREACH
REJECTED,GBPUSD,SELL,2017-01-03 08:00:00+00:00,,PRE_TRADE_PROJECTED_EQUITY_BREACH
REJECTED,GBPUSD,BUY,2017-01-04 16:00:00+00:00,,PRE_TRADE_PROJECTED_EQUITY_BREACH
REJECTED,EURUSD,BUY,2017-01-04 18:00:00+00:00,,PRE_TRADE_PROJECTED_EQUITY_BREACH
REJECTED,GBPUSD,SELL,2017-01-06 19:00:00+00:00,,PRE_TRADE_PROJECTED_EQUITY_BREACH
REJECTED,EURUSD,SELL,2017-01-09 09:00:00+00:00,,PRE_TRADE_PROJECTED_EQUITY_BREACH
REJECTED,EURUSD,BUY,2017-01-09 16:00:00+00:00,,PRE_TRADE_PROJECTED_EQUITY_BREACH
REJECTED,EURUSD,SELL,2017-01-11 03:00:00+00:00,,PRE_TRADE_PROJECTED_EQUITY_BREACH
REJECTED,EURUSD,BUY,2017-01-11 23:00:00+00:00,,PRE_TRADE_PROJECTED_EQUITY_BREACH
REJECTED,GBPUSD,BUY,2017-01-12 03:00:00+00:00,,PRE_TRADE_PROJECTED_EQUITY_BREACH
REJECTED,GBPUSD,SELL,2017-01-13 00:00:00+00:00,,PRE_TRADE_PROJECTED_EQUITY_BREACH
REJECTED,EURUSD,SELL,2017-01-16 10:00:00+00:00,,PRE_TRADE_PROJECTED_EQUITY_BREACH
REJECTED,EURUSD,BUY,2017-01-17 05:00:00+00:00,,PRE_TRADE_PROJECTED_EQUITY_BREACH
REJECTED,GBPUSD,BUY,2017-01-17 11:00:00+00:00,,PRE_TRADE_PROJECTED_EQUITY_BREACH
REJECTED,EURUSD,SELL,2017-01-19 00:00:00+00:00,,PRE_TRADE_PROJECTED_EQUITY_BREACH
REJECTED,EURUSD,BUY,2017-01-20 03:00:00+00:00,,PRE_TRADE_PROJECTED_EQUITY_BREACH
REJECTED,EURUSD,SELL,2017-01-20 12:00:00+00:00,,PRE_TRADE_PROJECTED_EQUITY_BREACH
REJECTED,EURUSD,BUY,2017-01-20 15:00:00+00:00,,PRE_TRADE_PROJECTED_EQUITY_BREACH
REJECTED,EURUSD,SELL,2017-01-26 12:00:00+00:00,,PRE_TRADE_PROJECTED_EQUITY_BREACH
REJECTED,GBPUSD,SELL,2017-01-27 09:00:00+00:00,,PRE_TRADE_PROJECTED_EQUITY_BREACH
REJECTED,EURUSD,BUY,2017-01-30 02:00:00+00:00,,PRE_TRADE_PROJECTED_EQUITY_BREACH
REJECTED,GBPUSD,BUY,2017-01-30 04:00:00+00:00,,PRE_TRADE_PROJECTED_EQUITY_BREACH
REJECTED,GBPUSD,SELL,2017-01-30 06:00:00+00:00,,PRE_TRADE_PROJECTED_EQUITY_BREACH
REJECTED,EURUSD,SELL,2017-01-30 11:00:00+00:00,,PRE_TRADE_PROJECTED_EQUITY_BREACH
REJECTED,EURUSD,BUY,2017-01-31 11:00:00+00:00,,PRE_TRADE_PROJECTED_EQUITY_BREACH
REJECTED,GBPUSD,BUY,2017-01-31 19:00:00+00:00,,PRE_TRADE_PROJECTED_EQUITY_BREACH
REJECTED,GBPUSD,SELL,2017-02-02 18:00:00+00:00,,PRE_TRADE_PROJECTED_EQUITY_BREACH
REJECTED,EURUSD,SELL,2017-02-03 04:00:00+00:00,,PRE_TRADE_PROJECTED_EQUITY_BREACH
REJECTED,EURUSD,BUY,2017-02-05 22:00:00+00:00,,PRE_TRADE_PROJECTED_EQUITY_BREACH
REJECTED,EURUSD,SELL,2017-02-06 08:00:00+00:00,,PRE_TRADE_PROJECTED_EQUITY_BREACH
REJECTED,GBPUSD,BUY,2017-02-08 01:00:00+00:00,,PRE_TRADE_PROJECTED_EQUITY_BREACH
REJECTED,GBPUSD,SELL,2017-02-10 07:00:00+00:00,,PRE_TRADE_PROJECTED_EQUITY_BREACH
REJECTED,GBPUSD,BUY,2017-02-13 10:00:00+00:00,,PRE_TRADE_PROJECTED_EQUITY_BREACH
REJECTED,GBPUSD,SELL,2017-02-14 12:00:00+00:00,,PRE_TRADE_PROJECTED_EQUITY_BREACH
REJECTED,EURUSD,BUY,2017-02-16 03:00:00+00:00,,PRE_TRADE_PROJECTED_EQUITY_BREACH
REJECTED,GBPUSD,BUY,2017-02-16 10:00:00+00:00,,PRE_TRADE_PROJECTED_EQUITY_BREACH
REJECTED,GBPUSD,SELL,2017-02-17 10:00:00+00:00,,PRE_TRADE_PROJECTED_EQUITY_BREACH
REJECTED,EURUSD,SELL,2017-02-17 21:00:00+00:00,,PRE_TRADE_PROJECTED_EQUITY_BREACH
REJECTED,GBPUSD,BUY,2017-02-20 19:00:00+00:00,,PRE_TRADE_PROJECTED_EQUITY_BREACH
REJECTED,GBPUSD,SELL,2017-02-21 05:00:00+00:00,,PRE_TRADE_PROJECTED_EQUITY_BREACH
REJECTED,GBPUSD,BUY,2017-02-21 06:00:00+00:00,,PRE_TRADE_PROJECTED_EQUITY_BREACH
REJECTED,GBPUSD,SELL,2017-02-21 07:00:00+00:00,,PRE_TRADE_PROJECTED_EQUITY_BREACH
REJECTED,GBPUSD,BUY,2017-02-21 20:00:00+00:00,,PRE_TRADE_PROJECTED_EQUITY_BREACH
REJECTED,GBPUSD,SELL,2017-02-22 18:00:00+00:00,,PRE_TRADE_PROJECTED_EQUITY_BREACH
REJECTED,GBPUSD,BUY,2017-02-23 12:00:00+00:00,,PRE_TRADE_PROJECTED_EQUITY_BREACH
REJECTED,EURUSD,BUY,2017-02-23 14:00:00+00:00,,PRE_TRADE_PROJECTED_EQUITY_BREACH
REJECTED,GBPUSD,SELL,2017-02-24 21:00:00+00:00,,PRE_TRADE_PROJECTED_EQUITY_BREACH
REJECTED,EURUSD,SELL,2017-02-27 03:00:00+00:00,,PRE_TRADE_PROJECTED_EQUITY_BREACH
REJECTED,EURUSD,BUY,2017-02-27 08:00:00+00:00,,PRE_TRADE_PROJECTED_EQUITY_BREACH
REJECTED,EURUSD,SELL,2017-03-01 02:00:00+00:00,,PRE_TRADE_PROJECTED_EQUITY_BREACH
REJECTED,EURUSD,BUY,2017-03-03 16:00:00+00:00,,PRE_TRADE_PROJECTED_EQUITY_BREACH
REJECTED,EURUSD,SELL,2017-03-07 19:00:00+00:00,,PRE_TRADE_PROJECTED_EQUITY_BREACH
REJECTED,EURUSD,BUY,2017-03-09 16:00:00+00:00,,PRE_TRADE_PROJECTED_EQUITY_BREACH
REJECTED,GBPUSD,BUY,2017-03-13 06:00:00+00:00,,PRE_TRADE_PROJECTED_EQUITY_BREACH
REJECTED,GBPUSD,SELL,2017-03-14 10:00:00+00:00,,PRE_TRADE_PROJECTED_EQUITY_BREACH
REJECTED,EURUSD,SELL,2017-03-14 15:00:00+00:00,,PRE_TRADE_PROJECTED_EQUITY_BREACH
REJECTED,GBPUSD,BUY,2017-03-15 09:00:00+00:00,,PRE_TRADE_PROJECTED_EQUITY_BREACH
REJECTED,EURUSD,BUY,2017-03-15 19:00:00+00:00,,PRE_TRADE_PROJECTED_EQUITY_BREACH
REJECTED,EURUSD,SELL,2017-03-23 18:00:00+00:00,,PRE_TRADE_PROJECTED_EQUITY_BREACH
REJECTED,EURUSD,BUY,2017-03-24 12:00:00+00:00,,PRE_TRADE_PROJECTED_EQUITY_BREACH
REJECTED,GBPUSD,SELL,2017-03-28 19:00:00+00:00,,PRE_TRADE_PROJECTED_EQUITY_BREACH
REJECTED,EURUSD,SELL,2017-03-28 22:00:00+00:00,,PRE_TRADE_PROJECTED_EQUITY_BREACH
REJECTED,GBPUSD,BUY,2017-03-30 19:00:00+00:00,,PRE_TRADE_PROJECTED_EQUITY_BREACH
REJECTED,GBPUSD,SELL,2017-04-03 22:00:00+00:00,,PRE_TRADE_PROJECTED_EQUITY_BREACH
REJECTED,GBPUSD,BUY,2017-04-05 19:00:00+00:00,,PRE_TRADE_PROJECTED_EQUITY_BREACH
REJECTED,EURUSD,BUY,2017-04-06 06:00:00+00:00,,PRE_TRADE_PROJECTED_EQUITY_BREACH
REJECTED,EURUSD,SELL,2017-04-06 08:00:00+00:00,,PRE_TRADE_PROJECTED_EQUITY_BREACH
REJECTED,GBPUSD,SELL,2017-04-07 01:00:00+00:00,,PRE_TRADE_PROJECTED_EQUITY_BREACH
REJECTED,GBPUSD,BUY,2017-04-11 13:00:00+00:00,,PRE_TRADE_PROJECTED_EQUITY_BREACH
REJECTED,EURUSD,BUY,2017-04-12 00:00:00+00:00,,PRE_TRADE_PROJECTED_EQUITY_BREACH
REJECTED,EURUSD,SELL,2017-04-12 19:00:00+00:00,,PRE_TRADE_PROJECTED_EQUITY_BREACH
REJECTED,EURUSD,BUY,2017-04-12 20:00:00+00:00,,PRE_TRADE_PROJECTED_EQUITY_BREACH
REJECTED,EURUSD,SELL,2017-04-14 00:00:00+00:00,,PRE_TRADE_PROJECTED_EQUITY_BREACH
REJECTED,EURUSD,BUY,2017-04-17 11:00:00+00:00,,PRE_TRADE_PROJECTED_EQUITY_BREACH
REJECTED,EURUSD,SELL,2017-04-21 12:00:00+00:00,,PRE_TRADE_PROJECTED_EQUITY_BREACH
REJECTED,EURUSD,BUY,2017-04-23 22:00:00+00:00,,PRE_TRADE_PROJECTED_EQUITY_BREACH
REJECTED,GBPUSD,SELL,2017-04-24 18:00:00+00:00,,PRE_TRADE_PROJECTED_EQUITY_BREACH
REJECTED,GBPUSD,BUY,2017-04-25 10:00:00+00:00,,PRE_TRADE_PROJECTED_EQUITY_BREACH
REJECTED,EURUSD,SELL,2017-04-27 16:00:00+00:00,,PRE_TRADE_PROJECTED_EQUITY_BREACH
REJECTED,EURUSD,BUY,2017-04-28 11:00:00+00:00,,PRE_TRADE_PROJECTED_EQUITY_BREACH
REJECTED,GBPUSD,SELL,2017-05-02 00:00:00+00:00,,PRE_TRADE_PROJECTED_EQUITY_BREACH
REJECTED,GBPUSD,BUY,2017-05-02 16:00:00+00:00,,PRE_TRADE_PROJECTED_EQUITY_BREACH
REJECTED,GBPUSD,SELL,2017-05-03 19:00:00+00:00,,PRE_TRADE_PROJECTED_EQUITY_BREACH
REJECTED,EURUSD,SELL,2017-05-03 21:00:00+00:00,,PRE_TRADE_PROJECTED_EQUITY_BREACH
REJECTED,EURUSD,BUY,2017-05-04 12:00:00+00:00,,PRE_TRADE_PROJECTED_EQUITY_BREACH
REJECTED,GBPUSD,BUY,2017-05-04 20:00:00+00:00,,PRE_TRADE_PROJECTED_EQUITY_BREACH
REJECTED,EURUSD,SELL,2017-05-08 15:00:00+00:00,,PRE_TRADE_PROJECTED_EQUITY_BREACH
REJECTED,GBPUSD,SELL,2017-05-09 11:00:00+00:00,,PRE_TRADE_PROJECTED_EQUITY_BREACH
REJECTED,GBPUSD,BUY,2017-05-10 03:00:00+00:00,,PRE_TRADE_PROJECTED_EQUITY_BREACH
REJECTED,GBPUSD,SELL,2017-05-10 21:00:00+00:00,,PRE_TRADE_PROJECTED_EQUITY_BREACH
REJECTED,EURUSD,BUY,2017-05-12 14:00:00+00:00,,PRE_TRADE_PROJECTED_EQUITY_BREACH
REJECTED,GBPUSD,BUY,2017-05-15 09:00:00+00:00,,PRE_TRADE_PROJECTED_EQUITY_BREACH
REJECTED,GBPUSD,SELL,2017-05-16 13:00:00+00:00,,PRE_TRADE_PROJECTED_EQUITY_BREACH
REJECTED,GBPUSD,BUY,2017-05-16 15:00:00+00:00,,PRE_TRADE_PROJECTED_EQUITY_BREACH
REJECTED,GBPUSD,SELL,2017-05-23 07:00:00+00:00,,PRE_TRADE_PROJECTED_EQUITY_BREACH
REJECTED,EURUSD,SELL,2017-05-24 00:00:00+00:00,,PRE_TRADE_PROJECTED_EQUITY_BREACH
REJECTED,EURUSD,BUY,2017-05-25 00:00:00+00:00,,PRE_TRADE_PROJECTED_EQUITY_BREACH
REJECTED,GBPUSD,BUY,2017-05-25 08:00:00+00:00,,PRE_TRADE_PROJECTED_EQUITY_BREACH
REJECTED,GBPUSD,SELL,2017-05-25 10:00:00+00:00,,PRE_TRADE_PROJECTED_EQUITY_BREACH
REJECTED,EURUSD,SELL,2017-05-26 04:00:00+00:00,,PRE_TRADE_PROJECTED_EQUITY_BREACH
REJECTED,EURUSD,BUY,2017-05-26 09:00:00+00:00,,PRE_TRADE_PROJECTED_EQUITY_BREACH
REJECTED,EURUSD,SELL,2017-05-26 13:00:00+00:00,,PRE_TRADE_PROJECTED_EQUITY_BREACH
REJECTED,GBPUSD,BUY,2017-05-30 21:00:00+00:00,,PRE_TRADE_PROJECTED_EQUITY_BREACH
REJECTED,EURUSD,BUY,2017-05-30 22:00:00+00:00,,PRE_TRADE_PROJECTED_EQUITY_BREACH
REJECTED,GBPUSD,SELL,2017-05-30 22:00:00+00:00,,PRE_TRADE_PROJECTED_EQUITY_BREACH
REJECTED,GBPUSD,BUY,2017-05-31 16:00:00+00:00,,PRE_TRADE_PROJECTED_EQUITY_BREACH
REJECTED,EURUSD,SELL,2017-06-07 12:00:00+00:00,,PRE_TRADE_PROJECTED_EQUITY_BREACH
REJECTED,GBPUSD,SELL,2017-06-08 22:00:00+00:00,,PRE_TRADE_PROJECTED_EQUITY_BREACH
REJECTED,GBPUSD,BUY,2017-06-13 23:00:00+00:00,,PRE_TRADE_PROJECTED_EQUITY_BREACH
REJECTED,EURUSD,BUY,2017-06-14 01:00:00+00:00,,PRE_TRADE_PROJECTED_EQUITY_BREACH
REJECTED,EURUSD,SELL,2017-06-15 09:00:00+00:00,,PRE_TRADE_PROJECTED_EQUITY_BREACH
REJECTED,GBPUSD,SELL,2017-06-15 10:00:00+00:00,,PRE_TRADE_PROJECTED_EQUITY_BREACH
REJECTED,GBPUSD,BUY,2017-06-15 16:00:00+00:00,,PRE_TRADE_PROJECTED_EQUITY_BREACH
REJECTED,EURUSD,BUY,2017-06-18 22:00:00+00:00,,PRE_TRADE_PROJECTED_EQUITY_BREACH
REJECTED,EURUSD,SELL,2017-06-19 16:00:00+00:00,,PRE_TRADE_PROJECTED_EQUITY_BREACH
REJECTED,GBPUSD,SELL,2017-06-19 18:00:00+00:00,,PRE_TRADE_PROJECTED_EQUITY_BREACH
REJECTED,EURUSD,BUY,2017-06-21 23:00:00+00:00,,PRE_TRADE_PROJECTED_EQUITY_BREACH
REJECTED,EURUSD,SELL,2017-06-22 23:00:00+00:00,,PRE_TRADE_PROJECTED_EQUITY_BREACH
REJECTED,GBPUSD,BUY,2017-06-22 23:00:00+00:00,,PRE_TRADE_PROJECTED_EQUITY_BREACH
REJECTED,EURUSD,BUY,2017-06-23 04:00:00+00:00,,PRE_TRADE_PROJECTED_EQUITY_BREACH
REJECTED,EURUSD,SELL,2017-07-03 12:00:00+00:00,,PRE_TRADE_PROJECTED_EQUITY_BREACH
REJECTED,GBPUSD,SELL,2017-07-03 18:00:00+00:00,,PRE_TRADE_PROJECTED_EQUITY_BREACH
REJECTED,GBPUSD,BUY,2017-07-06 10:00:00+00:00,,PRE_TRADE_PROJECTED_EQUITY_BREACH
REJECTED,EURUSD,BUY,2017-07-06 13:00:00+00:00,,PRE_TRADE_PROJECTED_EQUITY_BREACH
REJECTED,GBPUSD,SELL,2017-07-07 12:00:00+00:00,,PRE_TRADE_PROJECTED_EQUITY_BREACH
REJECTED,EURUSD,SELL,2017-07-11 05:00:00+00:00,,PRE_TRADE_PROJECTED_EQUITY_BREACH
REJECTED,EURUSD,BUY,2017-07-11 14:00:00+00:00,,PRE_TRADE_PROJECTED_EQUITY_BREACH
REJECTED,GBPUSD,BUY,2017-07-12 21:00:00+00:00,,PRE_TRADE_PROJECTED_EQUITY_BREACH
REJECTED,EURUSD,SELL,2017-07-13 10:00:00+00:00,,PRE_TRADE_PROJECTED_EQUITY_BREACH
REJECTED,EURUSD,BUY,2017-07-14 14:00:00+00:00,,PRE_TRADE_PROJECTED_EQUITY_BREACH
REJECTED,GBPUSD,SELL,2017-07-19 01:00:00+00:00,,PRE_TRADE_PROJECTED_EQUITY_BREACH
REJECTED,EURUSD,SELL,2017-07-20 08:00:00+00:00,,PRE_TRADE_PROJECTED_EQUITY_BREACH
REJECTED,EURUSD,BUY,2017-07-20 14:00:00+00:00,,PRE_TRADE_PROJECTED_EQUITY_BREACH
REJECTED,GBPUSD,BUY,2017-07-24 04:00:00+00:00,,PRE_TRADE_PROJECTED_EQUITY_BREACH
REJECTED,EURUSD,SELL,2017-07-26 08:00:00+00:00,,PRE_TRADE_PROJECTED_EQUITY_BREACH
REJECTED,EURUSD,BUY,2017-07-26 19:00:00+00:00,,PRE_TRADE_PROJECTED_EQUITY_BREACH
REJECTED,GBPUSD,SELL,2017-08-03 14:00:00+00:00,,PRE_TRADE_PROJECTED_EQUITY_BREACH
REJECTED,EURUSD,SELL,2017-08-04 16:00:00+00:00,,PRE_TRADE_PROJECTED_EQUITY_BREACH
REJECTED,EURUSD,BUY,2017-08-11 00:00:00+00:00,,PRE_TRADE_PROJECTED_EQUITY_BREACH
REJECTED,GBPUSD,BUY,2017-08-11 21:00:00+00:00,,PRE_TRADE_PROJECTED_EQUITY_BREACH
REJECTED,GBPUSD,SELL,2017-08-14 12:00:00+00:00,,PRE_TRADE_PROJECTED_EQUITY_BREACH
REJECTED,EURUSD,SELL,2017-08-15 01:00:00+00:00,,PRE_TRADE_PROJECTED_EQUITY_BREACH
REJECTED,EURUSD,BUY,2017-08-17 02:00:00+00:00,,PRE_TRADE_PROJECTED_EQUITY_BREACH
REJECTED,EURUSD,SELL,2017-08-17 11:00:00+00:00,,PRE_TRADE_PROJECTED_EQUITY_BREACH
REJECTED,EURUSD,BUY,2017-08-18 17:00:00+00:00,,PRE_TRADE_PROJECTED_EQUITY_BREACH
REJECTED,GBPUSD,BUY,2017-08-21 15:00:00+00:00,,PRE_TRADE_PROJECTED_EQUITY_BREACH
REJECTED,GBPUSD,SELL,2017-08-22 09:00:00+00:00,,PRE_TRADE_PROJECTED_EQUITY_BREACH
REJECTED,EURUSD,SELL,2017-08-22 19:00:00+00:00,,PRE_TRADE_PROJECTED_EQUITY_BREACH
REJECTED,EURUSD,BUY,2017-08-23 12:00:00+00:00,,PRE_TRADE_PROJECTED_EQUITY_BREACH
REJECTED,GBPUSD,BUY,2017-08-25 12:00:00+00:00,,PRE_TRADE_PROJECTED_EQUITY_BREACH
REJECTED,EURUSD,SELL,2017-08-30 14:00:00+00:00,,PRE_TRADE_PROJECTED_EQUITY_BREACH
REJECTED,GBPUSD,SELL,2017-08-31 08:00:00+00:00,,PRE_TRADE_PROJECTED_EQUITY_BREACH
REJECTED,GBPUSD,BUY,2017-09-01 00:00:00+00:00,,PRE_TRADE_PROJECTED_EQUITY_BREACH
REJECTED,EURUSD,BUY,2017-09-04 14:00:00+00:00,,PRE_TRADE_PROJECTED_EQUITY_BREACH
REJECTED,GBPUSD,SELL,2017-09-04 23:00:00+00:00,,PRE_TRADE_PROJECTED_EQUITY_BREACH
REJECTED,EURUSD,SELL,2017-09-05 10:00:00+00:00,,PRE_TRADE_PROJECTED_EQUITY_BREACH
REJECTED,GBPUSD,BUY,2017-09-05 13:00:00+00:00,,PRE_TRADE_PROJECTED_EQUITY_BREACH
REJECTED,EURUSD,BUY,2017-09-05 15:00:00+00:00,,PRE_TRADE_PROJECTED_EQUITY_BREACH
REJECTED,EURUSD,SELL,2017-09-11 16:00:00+00:00,,PRE_TRADE_PROJECTED_EQUITY_BREACH
REJECTED,EURUSD,BUY,2017-09-13 12:00:00+00:00,,PRE_TRADE_PROJECTED_EQUITY_BREACH
REJECTED,EURUSD,SELL,2017-09-13 13:00:00+00:00,,PRE_TRADE_PROJECTED_EQUITY_BREACH
REJECTED,GBPUSD,SELL,2017-09-13 23:00:00+00:00,,PRE_TRADE_PROJECTED_EQUITY_BREACH
REJECTED,GBPUSD,BUY,2017-09-14 13:00:00+00:00,,PRE_TRADE_PROJECTED_EQUITY_BREACH
REJECTED,EURUSD,BUY,2017-09-15 12:00:00+00:00,,PRE_TRADE_PROJECTED_EQUITY_BREACH
REJECTED,EURUSD,SELL,2017-09-20 21:00:00+00:00,,PRE_TRADE_PROJECTED_EQUITY_BREACH
REJECTED,GBPUSD,SELL,2017-09-21 02:00:00+00:00,,PRE_TRADE_PROJECTED_EQUITY_BREACH
REJECTED,GBPUSD,BUY,2017-09-21 17:00:00+00:00,,PRE_TRADE_PROJECTED_EQUITY_BREACH
REJECTED,EURUSD,BUY,2017-09-22 06:00:00+00:00,,PRE_TRADE_PROJECTED_EQUITY_BREACH
REJECTED,GBPUSD,SELL,2017-09-24 22:00:00+00:00,,PRE_TRADE_PROJECTED_EQUITY_BREACH
REJECTED,EURUSD,SELL,2017-09-25 00:00:00+00:00,,PRE_TRADE_PROJECTED_EQUITY_BREACH
REJECTED,GBPUSD,BUY,2017-09-28 23:00:00+00:00,,PRE_TRADE_PROJECTED_EQUITY_BREACH
REJECTED,GBPUSD,SELL,2017-09-29 03:00:00+00:00,,PRE_TRADE_PROJECTED_EQUITY_BREACH
REJECTED,EURUSD,BUY,2017-09-29 07:00:00+00:00,,PRE_TRADE_PROJECTED_EQUITY_BREACH
REJECTED,EURUSD,SELL,2017-10-02 07:00:00+00:00,,PRE_TRADE_PROJECTED_EQUITY_BREACH
REJECTED,EURUSD,BUY,2017-10-04 05:00:00+00:00,,PRE_TRADE_PROJECTED_EQUITY_BREACH
REJECTED,EURUSD,SELL,2017-10-05 13:00:00+00:00,,PRE_TRADE_PROJECTED_EQUITY_BREACH
REJECTED,EURUSD,BUY,2017-10-09 04:00:00+00:00,,PRE_TRADE_PROJECTED_EQUITY_BREACH
REJECTED,GBPUSD,BUY,2017-10-09 18:00:00+00:00,,PRE_TRADE_PROJECTED_EQUITY_BREACH
REJECTED,GBPUSD,SELL,2017-10-12 16:00:00+00:00,,PRE_TRADE_PROJECTED_EQUITY_BREACH
REJECTED,GBPUSD,BUY,2017-10-12 17:00:00+00:00,,PRE_TRADE_PROJECTED_EQUITY_BREACH
REJECTED,EURUSD,SELL,2017-10-13 19:00:00+00:00,,PRE_TRADE_PROJECTED_EQUITY_BREACH
REJECTED,GBPUSD,SELL,2017-10-17 00:00:00+00:00,,PRE_TRADE_PROJECTED_EQUITY_BREACH
REJECTED,EURUSD,BUY,2017-10-18 23:00:00+00:00,,PRE_TRADE_PROJECTED_EQUITY_BREACH
REJECTED,EURUSD,SELL,2017-10-20 16:00:00+00:00,,PRE_TRADE_PROJECTED_EQUITY_BREACH
REJECTED,GBPUSD,BUY,2017-10-23 00:00:00+00:00,,PRE_TRADE_PROJECTED_EQUITY_BREACH
REJECTED,GBPUSD,SELL,2017-10-24 15:00:00+00:00,,PRE_TRADE_PROJECTED_EQUITY_BREACH
REJECTED,EURUSD,BUY,2017-10-25 12:00:00+00:00,,PRE_TRADE_PROJECTED_EQUITY_BREACH
REJECTED,GBPUSD,BUY,2017-10-25 13:00:00+00:00,,PRE_TRADE_PROJECTED_EQUITY_BREACH
REJECTED,EURUSD,SELL,2017-10-26 16:00:00+00:00,,PRE_TRADE_PROJECTED_EQUITY_BREACH
REJECTED,GBPUSD,SELL,2017-10-26 19:00:00+00:00,,PRE_TRADE_PROJECTED_EQUITY_BREACH
REJECTED,GBPUSD,BUY,2017-10-30 14:00:00+00:00,,PRE_TRADE_PROJECTED_EQUITY_BREACH
REJECTED,EURUSD,BUY,2017-10-31 22:00:00+00:00,,PRE_TRADE_PROJECTED_EQUITY_BREACH
REJECTED,EURUSD,SELL,2017-11-01 03:00:00+00:00,,PRE_TRADE_PROJECTED_EQUITY_BREACH
REJECTED,EURUSD,BUY,2017-11-02 05:00:00+00:00,,PRE_TRADE_PROJECTED_EQUITY_BREACH
REJECTED,GBPUSD,SELL,2017-11-02 13:00:00+00:00,,PRE_TRADE_PROJECTED_EQUITY_BREACH
REJECTED,EURUSD,SELL,2017-11-03 16:00:00+00:00,,PRE_TRADE_PROJECTED_EQUITY_BREACH
REJECTED,GBPUSD,BUY,2017-11-06 19:00:00+00:00,,PRE_TRADE_PROJECTED_EQUITY_BREACH
REJECTED,GBPUSD,SELL,2017-11-08 13:00:00+00:00,,PRE_TRADE_PROJECTED_EQUITY_BREACH
REJECTED,EURUSD,BUY,2017-11-09 07:00:00+00:00,,PRE_TRADE_PROJECTED_EQUITY_BREACH
REJECTED,GBPUSD,BUY,2017-11-09 20:00:00+00:00,,PRE_TRADE_PROJECTED_EQUITY_BREACH
REJECTED,GBPUSD,SELL,2017-11-13 06:00:00+00:00,,PRE_TRADE_PROJECTED_EQUITY_BREACH
REJECTED,GBPUSD,BUY,2017-11-14 18:00:00+00:00,,PRE_TRADE_PROJECTED_EQUITY_BREACH
REJECTED,EURUSD,SELL,2017-11-20 00:00:00+00:00,,PRE_TRADE_PROJECTED_EQUITY_BREACH
REJECTED,EURUSD,BUY,2017-11-22 14:00:00+00:00,,PRE_TRADE_PROJECTED_EQUITY_BREACH
REJECTED,GBPUSD,SELL,2017-11-28 10:00:00+00:00,,PRE_TRADE_PROJECTED_EQUITY_BREACH
REJECTED,EURUSD,SELL,2017-11-28 15:00:00+00:00,,PRE_TRADE_PROJECTED_EQUITY_BREACH
REJECTED,GBPUSD,BUY,2017-11-28 22:00:00+00:00,,PRE_TRADE_PROJECTED_EQUITY_BREACH
REJECTED,EURUSD,BUY,2017-11-30 16:00:00+00:00,,PRE_TRADE_PROJECTED_EQUITY_BREACH
REJECTED,EURUSD,SELL,2017-12-04 02:00:00+00:00,,PRE_TRADE_PROJECTED_EQUITY_BREACH
REJECTED,GBPUSD,SELL,2017-12-04 09:00:00+00:00,,PRE_TRADE_PROJECTED_EQUITY_BREACH
REJECTED,GBPUSD,BUY,2017-12-04 12:00:00+00:00,,PRE_TRADE_PROJECTED_EQUITY_BREACH
REJECTED,GBPUSD,SELL,2017-12-05 02:00:00+00:00,,PRE_TRADE_PROJECTED_EQUITY_BREACH
REJECTED,GBPUSD,BUY,2017-12-07 19:00:00+00:00,,PRE_TRADE_PROJECTED_EQUITY_BREACH
REJECTED,GBPUSD,SELL,2017-12-08 19:00:00+00:00,,PRE_TRADE_PROJECTED_EQUITY_BREACH
REJECTED,EURUSD,BUY,2017-12-11 11:00:00+00:00,,PRE_TRADE_PROJECTED_EQUITY_BREACH
REJECTED,EURUSD,SELL,2017-12-12 01:00:00+00:00,,PRE_TRADE_PROJECTED_EQUITY_BREACH
REJECTED,GBPUSD,BUY,2017-12-13 19:00:00+00:00,,PRE_TRADE_PROJECTED_EQUITY_BREACH
REJECTED,EURUSD,BUY,2017-12-13 20:00:00+00:00,,PRE_TRADE_PROJECTED_EQUITY_BREACH
REJECTED,EURUSD,SELL,2017-12-15 06:00:00+00:00,,PRE_TRADE_PROJECTED_EQUITY_BREACH
REJECTED,EURUSD,BUY,2017-12-15 07:00:00+00:00,,PRE_TRADE_PROJECTED_EQUITY_BREACH
REJECTED,EURUSD,SELL,2017-12-15 08:00:00+00:00,,PRE_TRADE_PROJECTED_EQUITY_BREACH
REJECTED,EURUSD,BUY,2017-12-15 09:00:00+00:00,,PRE_TRADE_PROJECTED_EQUITY_BREACH
REJECTED,GBPUSD,SELL,2017-12-15 14:00:00+00:00,,PRE_TRADE_PROJECTED_EQUITY_BREACH
REJECTED,EURUSD,SELL,2017-12-15 15:00:00+00:00,,PRE_TRADE_PROJECTED_EQUITY_BREACH
REJECTED,EURUSD,BUY,2017-12-18 14:00:00+00:00,,PRE_TRADE_PROJECTED_EQUITY_BREACH
REJECTED,GBPUSD,BUY,2017-12-18 20:00:00+00:00,,PRE_TRADE_PROJECTED_EQUITY_BREACH
REJECTED,GBPUSD,SELL,2017-12-19 13:00:00+00:00,,PRE_TRADE_PROJECTED_EQUITY_BREACH
REJECTED,GBPUSD,BUY,2017-12-19 22:00:00+00:00,,PRE_TRADE_PROJECTED_EQUITY_BREACH
REJECTED,GBPUSD,SELL,2017-12-21 02:00:00+00:00,,PRE_TRADE_PROJECTED_EQUITY_BREACH
REJECTED,GBPUSD,BUY,2017-12-22 06:00:00+00:00,,PRE_TRADE_PROJECTED_EQUITY_BREACH
REJECTED,EURUSD,SELL,2017-12-22 15:00:00+00:00,,PRE_TRADE_PROJECTED_EQUITY_BREACH
REJECTED,GBPUSD,SELL,2017-12-22 20:00:00+00:00,,PRE_TRADE_PROJECTED_EQUITY_BREACH
REJECTED,EURUSD,BUY,2017-12-25 22:00:00+00:00,,PRE_TRADE_PROJECTED_EQUITY_BREACH
REJECTED,GBPUSD,BUY,2017-12-27 04:00:00+00:00,,PRE_TRADE_PROJECTED_EQUITY_BREACH
REJECTED,GBPUSD,SELL,2018-01-03 23:00:00+00:00,,PRE_TRADE_PROJECTED_EQUITY_BREACH
REJECTED,EURUSD,SELL,2018-01-04 04:00:00+00:00,,PRE_TRADE_PROJECTED_EQUITY_BREACH
REJECTED,EURUSD,BUY,2018-01-04 06:00:00+00:00,,PRE_TRADE_PROJECTED_EQUITY_BREACH
REJECTED,GBPUSD,BUY,2018-01-04 15:00:00+00:00,,PRE_TRADE_PROJECTED_EQUITY_BREACH
REJECTED,EURUSD,SELL,2018-01-07 22:00:00+00:00,,PRE_TRADE_PROJECTED_EQUITY_BREACH
REJECTED,GBPUSD,SELL,2018-01-08 13:00:00+00:00,,PRE_TRADE_PROJECTED_EQUITY_BREACH
REJECTED,GBPUSD,BUY,2018-01-08 15:00:00+00:00,,PRE_TRADE_PROJECTED_EQUITY_BREACH
REJECTED,GBPUSD,SELL,2018-01-09 10:00:00+00:00,,PRE_TRADE_PROJECTED_EQUITY_BREACH
REJECTED,EURUSD,BUY,2018-01-11 13:00:00+00:00,,PRE_TRADE_PROJECTED_EQUITY_BREACH
REJECTED,GBPUSD,BUY,2018-01-11 22:00:00+00:00,,PRE_TRADE_PROJECTED_EQUITY_BREACH
REJECTED,EURUSD,SELL,2018-01-17 22:00:00+00:00,,PRE_TRADE_PROJECTED_EQUITY_BREACH
REJECTED,EURUSD,BUY,2018-01-18 14:00:00+00:00,,PRE_TRADE_PROJECTED_EQUITY_BREACH
REJECTED,EURUSD,SELL,2018-01-22 05:00:00+00:00,,PRE_TRADE_PROJECTED_EQUITY_BREACH
REJECTED,EURUSD,BUY,2018-01-22 10:00:00+00:00,,PRE_TRADE_PROJECTED_EQUITY_BREACH
REJECTED,GBPUSD,SELL,2018-01-29 00:00:00+00:00,,PRE_TRADE_PROJECTED_EQUITY_BREACH
REJECTED,EURUSD,SELL,2018-01-29 12:00:00+00:00,,PRE_TRADE_PROJECTED_EQUITY_BREACH
REJECTED,EURUSD,BUY,2018-01-30 14:00:00+00:00,,PRE_TRADE_PROJECTED_EQUITY_BREACH
REJECTED,GBPUSD,BUY,2018-01-30 21:00:00+00:00,,PRE_TRADE_PROJECTED_EQUITY_BREACH
REJECTED,GBPUSD,SELL,2018-02-02 16:00:00+00:00,,PRE_TRADE_PROJECTED_EQUITY_BREACH
REJECTED,EURUSD,SELL,2018-02-05 07:00:00+00:00,,PRE_TRADE_PROJECTED_EQUITY_BREACH
REJECTED,GBPUSD,BUY,2018-02-09 06:00:00+00:00,,PRE_TRADE_PROJECTED_EQUITY_BREACH
REJECTED,GBPUSD,SELL,2018-02-09 11:00:00+00:00,,PRE_TRADE_PROJECTED_EQUITY_BREACH
REJECTED,EURUSD,BUY,2018-02-12 20:00:00+00:00,,PRE_TRADE_PROJECTED_EQUITY_BREACH
REJECTED,GBPUSD,BUY,2018-02-13 11:00:00+00:00,,PRE_TRADE_PROJECTED_EQUITY_BREACH
REJECTED,EURUSD,SELL,2018-02-16 21:00:00+00:00,,PRE_TRADE_PROJECTED_EQUITY_BREACH
REJECTED,GBPUSD,SELL,2018-02-19 08:00:00+00:00,,PRE_TRADE_PROJECTED_EQUITY_BREACH
REJECTED,GBPUSD,BUY,2018-02-23 08:00:00+00:00,,PRE_TRADE_PROJECTED_EQUITY_BREACH
REJECTED,EURUSD,BUY,2018-02-26 09:00:00+00:00,,PRE_TRADE_PROJECTED_EQUITY_BREACH
REJECTED,EURUSD,SELL,2018-02-26 17:00:00+00:00,,PRE_TRADE_PROJECTED_EQUITY_BREACH
REJECTED,EURUSD,BUY,2018-02-26 20:00:00+00:00,,PRE_TRADE_PROJECTED_EQUITY_BREACH
REJECTED,GBPUSD,SELL,2018-02-27 03:00:00+00:00,,PRE_TRADE_PROJECTED_EQUITY_BREACH
REJECTED,EURUSD,SELL,2018-02-27 14:00:00+00:00,,PRE_TRADE_PROJECTED_EQUITY_BREACH
REJECTED,EURUSD,BUY,2018-03-02 00:00:00+00:00,,PRE_TRADE_PROJECTED_EQUITY_BREACH
REJECTED,GBPUSD,BUY,2018-03-05 10:00:00+00:00,,PRE_TRADE_PROJECTED_EQUITY_BREACH
REJECTED,EURUSD,SELL,2018-03-08 15:00:00+00:00,,PRE_TRADE_PROJECTED_EQUITY_BREACH
REJECTED,GBPUSD,SELL,2018-03-08 16:00:00+00:00,,PRE_TRADE_PROJECTED_EQUITY_BREACH
REJECTED,GBPUSD,BUY,2018-03-12 03:00:00+00:00,,PRE_TRADE_PROJECTED_EQUITY_BREACH
REJECTED,EURUSD,BUY,2018-03-13 02:00:00+00:00,,PRE_TRADE_PROJECTED_EQUITY_BREACH
REJECTED,EURUSD,SELL,2018-03-15 13:00:00+00:00,,PRE_TRADE_PROJECTED_EQUITY_BREACH
REJECTED,GBPUSD,SELL,2018-03-15 23:00:00+00:00,,PRE_TRADE_PROJECTED_EQUITY_BREACH
REJECTED,GBPUSD,BUY,2018-03-16 12:00:00+00:00,,PRE_TRADE_PROJECTED_EQUITY_BREACH
REJECTED,GBPUSD,SELL,2018-03-16 15:00:00+00:00,,PRE_TRADE_PROJECTED_EQUITY_BREACH
REJECTED,GBPUSD,BUY,2018-03-19 11:00:00+00:00,,PRE_TRADE_PROJECTED_EQUITY_BREACH
REJECTED,EURUSD,BUY,2018-03-19 20:00:00+00:00,,PRE_TRADE_PROJECTED_EQUITY_BREACH
REJECTED,EURUSD,SELL,2018-03-20 15:00:00+00:00,,PRE_TRADE_PROJECTED_EQUITY_BREACH
REJECTED,EURUSD,BUY,2018-03-21 21:00:00+00:00,,PRE_TRADE_PROJECTED_EQUITY_BREACH
REJECTED,GBPUSD,SELL,2018-03-27 15:00:00+00:00,,PRE_TRADE_PROJECTED_EQUITY_BREACH
REJECTED,GBPUSD,BUY,2018-03-28 04:00:00+00:00,,PRE_TRADE_PROJECTED_EQUITY_BREACH
REJECTED,GBPUSD,SELL,2018-03-28 10:00:00+00:00,,PRE_TRADE_PROJECTED_EQUITY_BREACH
REJECTED,EURUSD,SELL,2018-03-28 13:00:00+00:00,,PRE_TRADE_PROJECTED_EQUITY_BREACH
REJECTED,GBPUSD,BUY,2018-04-03 07:00:00+00:00,,PRE_TRADE_PROJECTED_EQUITY_BREACH
REJECTED,GBPUSD,SELL,2018-04-03 15:00:00+00:00,,PRE_TRADE_PROJECTED_EQUITY_BREACH
REJECTED,GBPUSD,BUY,2018-04-03 16:00:00+00:00,,PRE_TRADE_PROJECTED_EQUITY_BREACH
REJECTED,GBPUSD,SELL,2018-04-05 12:00:00+00:00,,PRE_TRADE_PROJECTED_EQUITY_BREACH
REJECTED,GBPUSD,BUY,2018-04-06 18:00:00+00:00,,PRE_TRADE_PROJECTED_EQUITY_BREACH
REJECTED,EURUSD,BUY,2018-04-06 21:00:00+00:00,,PRE_TRADE_PROJECTED_EQUITY_BREACH
REJECTED,EURUSD,SELL,2018-04-12 14:00:00+00:00,,PRE_TRADE_PROJECTED_EQUITY_BREACH
REJECTED,EURUSD,BUY,2018-04-16 09:00:00+00:00,,PRE_TRADE_PROJECTED_EQUITY_BREACH
REJECTED,GBPUSD,SELL,2018-04-18 09:00:00+00:00,,PRE_TRADE_PROJECTED_EQUITY_BREACH
REJECTED,EURUSD,SELL,2018-04-19 16:00:00+00:00,,PRE_TRADE_PROJECTED_EQUITY_BREACH
REJECTED,GBPUSD,BUY,2018-05-09 13:00:00+00:00,,PRE_TRADE_PROJECTED_EQUITY_BREACH
REJECTED,EURUSD,BUY,2018-05-10 14:00:00+00:00,,PRE_TRADE_PROJECTED_EQUITY_BREACH
REJECTED,GBPUSD,SELL,2018-05-10 14:00:00+00:00,,PRE_TRADE_PROJECTED_EQUITY_BREACH
REJECTED,GBPUSD,BUY,2018-05-11 13:00:00+00:00,,PRE_TRADE_PROJECTED_EQUITY_BREACH
REJECTED,EURUSD,SELL,2018-05-15 07:00:00+00:00,,PRE_TRADE_PROJECTED_EQUITY_BREACH
REJECTED,GBPUSD,SELL,2018-05-15 09:00:00+00:00,,PRE_TRADE_PROJECTED_EQUITY_BREACH
REJECTED,GBPUSD,BUY,2018-05-17 04:00:00+00:00,,PRE_TRADE_PROJECTED_EQUITY_BREACH
REJECTED,GBPUSD,SELL,2018-05-17 13:00:00+00:00,,PRE_TRADE_PROJECTED_EQUITY_BREACH
REJECTED,EURUSD,BUY,2018-05-22 08:00:00+00:00,,PRE_TRADE_PROJECTED_EQUITY_BREACH
REJECTED,EURUSD,SELL,2018-05-23 02:00:00+00:00,,PRE_TRADE_PROJECTED_EQUITY_BREACH
REJECTED,EURUSD,BUY,2018-05-30 17:00:00+00:00,,PRE_TRADE_PROJECTED_EQUITY_BREACH
REJECTED,GBPUSD,BUY,2018-05-31 04:00:00+00:00,,PRE_TRADE_PROJECTED_EQUITY_BREACH
REJECTED,GBPUSD,SELL,2018-06-01 03:00:00+00:00,,PRE_TRADE_PROJECTED_EQUITY_BREACH
REJECTED,GBPUSD,BUY,2018-06-01 12:00:00+00:00,,PRE_TRADE_PROJECTED_EQUITY_BREACH
REJECTED,GBPUSD,SELL,2018-06-05 03:00:00+00:00,,PRE_TRADE_PROJECTED_EQUITY_BREACH
REJECTED,GBPUSD,BUY,2018-06-05 10:00:00+00:00,,PRE_TRADE_PROJECTED_EQUITY_BREACH
REJECTED,EURUSD,SELL,2018-06-05 15:00:00+00:00,,PRE_TRADE_PROJECTED_EQUITY_BREACH
REJECTED,EURUSD,BUY,2018-06-05 17:00:00+00:00,,PRE_TRADE_PROJECTED_EQUITY_BREACH
REJECTED,GBPUSD,SELL,2018-06-08 13:00:00+00:00,,PRE_TRADE_PROJECTED_EQUITY_BREACH
REJECTED,EURUSD,SELL,2018-06-08 14:00:00+00:00,,PRE_TRADE_PROJECTED_EQUITY_BREACH
REJECTED,EURUSD,BUY,2018-06-11 02:00:00+00:00,,PRE_TRADE_PROJECTED_EQUITY_BREACH
REJECTED,GBPUSD,BUY,2018-06-11 05:00:00+00:00,,PRE_TRADE_PROJECTED_EQUITY_BREACH
REJECTED,GBPUSD,SELL,2018-06-11 06:00:00+00:00,,PRE_TRADE_PROJECTED_EQUITY_BREACH
REJECTED,GBPUSD,BUY,2018-06-11 07:00:00+00:00,,PRE_TRADE_PROJECTED_EQUITY_BREACH
REJECTED,GBPUSD,SELL,2018-06-11 09:00:00+00:00,,PRE_TRADE_PROJECTED_EQUITY_BREACH
REJECTED,EURUSD,SELL,2018-06-12 01:00:00+00:00,,PRE_TRADE_PROJECTED_EQUITY_BREACH
REJECTED,EURUSD,BUY,2018-06-12 12:00:00+00:00,,PRE_TRADE_PROJECTED_EQUITY_BREACH
REJECTED,EURUSD,SELL,2018-06-12 18:00:00+00:00,,PRE_TRADE_PROJECTED_EQUITY_BREACH
REJECTED,EURUSD,BUY,2018-06-13 20:00:00+00:00,,PRE_TRADE_PROJECTED_EQUITY_BREACH
REJECTED,GBPUSD,BUY,2018-06-14 04:00:00+00:00,,PRE_TRADE_PROJECTED_EQUITY_BREACH
REJECTED,EURUSD,SELL,2018-06-14 14:00:00+00:00,,PRE_TRADE_PROJECTED_EQUITY_BREACH
REJECTED,GBPUSD,SELL,2018-06-14 16:00:00+00:00,,PRE_TRADE_PROJECTED_EQUITY_BREACH
REJECTED,GBPUSD,BUY,2018-06-21 16:00:00+00:00,,PRE_TRADE_PROJECTED_EQUITY_BREACH
REJECTED,EURUSD,BUY,2018-06-21 19:00:00+00:00,,PRE_TRADE_PROJECTED_EQUITY_BREACH
REJECTED,GBPUSD,SELL,2018-06-26 15:00:00+00:00,,PRE_TRADE_PROJECTED_EQUITY_BREACH
REJECTED,EURUSD,SELL,2018-06-26 23:00:00+00:00,,PRE_TRADE_PROJECTED_EQUITY_BREACH
REJECTED,EURUSD,BUY,2018-06-29 07:00:00+00:00,,PRE_TRADE_PROJECTED_EQUITY_BREACH
REJECTED,GBPUSD,BUY,2018-06-29 16:00:00+00:00,,PRE_TRADE_PROJECTED_EQUITY_BREACH
REJECTED,GBPUSD,SELL,2018-07-02 16:00:00+00:00,,PRE_TRADE_PROJECTED_EQUITY_BREACH
REJECTED,EURUSD,SELL,2018-07-02 18:00:00+00:00,,PRE_TRADE_PROJECTED_EQUITY_BREACH
REJECTED,EURUSD,BUY,2018-07-03 01:00:00+00:00,,PRE_TRADE_PROJECTED_EQUITY_BREACH
REJECTED,GBPUSD,BUY,2018-07-03 10:00:00+00:00,,PRE_TRADE_PROJECTED_EQUITY_BREACH
REJECTED,GBPUSD,SELL,2018-07-10 04:00:00+00:00,,PRE_TRADE_PROJECTED_EQUITY_BREACH
REJECTED,EURUSD,SELL,2018-07-10 13:00:00+00:00,,PRE_TRADE_PROJECTED_EQUITY_BREACH
REJECTED,EURUSD,BUY,2018-07-10 21:00:00+00:00,,PRE_TRADE_PROJECTED_EQUITY_BREACH
REJECTED,GBPUSD,BUY,2018-07-10 21:00:00+00:00,,PRE_TRADE_PROJECTED_EQUITY_BREACH
REJECTED,EURUSD,SELL,2018-07-11 00:00:00+00:00,,PRE_TRADE_PROJECTED_EQUITY_BREACH
REJECTED,GBPUSD,SELL,2018-07-11 05:00:00+00:00,,PRE_TRADE_PROJECTED_EQUITY_BREACH
REJECTED,GBPUSD,BUY,2018-07-11 06:00:00+00:00,,PRE_TRADE_PROJECTED_EQUITY_BREACH
REJECTED,GBPUSD,SELL,2018-07-11 10:00:00+00:00,,PRE_TRADE_PROJECTED_EQUITY_BREACH
REJECTED,GBPUSD,BUY,2018-07-16 01:00:00+00:00,,PRE_TRADE_PROJECTED_EQUITY_BREACH
REJECTED,EURUSD,BUY,2018-07-16 06:00:00+00:00,,PRE_TRADE_PROJECTED_EQUITY_BREACH
REJECTED,GBPUSD,SELL,2018-07-17 14:00:00+00:00,,PRE_TRADE_PROJECTED_EQUITY_BREACH
REJECTED,EURUSD,SELL,2018-07-17 18:00:00+00:00,,PRE_TRADE_PROJECTED_EQUITY_BREACH
REJECTED,EURUSD,BUY,2018-07-20 07:00:00+00:00,,PRE_TRADE_PROJECTED_EQUITY_BREACH
REJECTED,EURUSD,SELL,2018-07-20 09:00:00+00:00,,PRE_TRADE_PROJECTED_EQUITY_BREACH
REJECTED,EURUSD,BUY,2018-07-20 10:00:00+00:00,,PRE_TRADE_PROJECTED_EQUITY_BREACH
REJECTED,GBPUSD,BUY,2018-07-20 17:00:00+00:00,,PRE_TRADE_PROJECTED_EQUITY_BREACH
REJECTED,EURUSD,SELL,2018-07-24 07:00:00+00:00,,PRE_TRADE_PROJECTED_EQUITY_BREACH
REJECTED,EURUSD,BUY,2018-07-24 08:00:00+00:00,,PRE_TRADE_PROJECTED_EQUITY_BREACH
REJECTED,EURUSD,SELL,2018-07-24 09:00:00+00:00,,PRE_TRADE_PROJECTED_EQUITY_BREACH
REJECTED,EURUSD,BUY,2018-07-24 11:00:00+00:00,,PRE_TRADE_PROJECTED_EQUITY_BREACH
REJECTED,EURUSD,SELL,2018-07-24 19:00:00+00:00,,PRE_TRADE_PROJECTED_EQUITY_BREACH
REJECTED,EURUSD,BUY,2018-07-25 12:00:00+00:00,,PRE_TRADE_PROJECTED_EQUITY_BREACH
REJECTED,EURUSD,SELL,2018-07-25 15:00:00+00:00,,PRE_TRADE_PROJECTED_EQUITY_BREACH
REJECTED,EURUSD,BUY,2018-07-25 20:00:00+00:00,,PRE_TRADE_PROJECTED_EQUITY_BREACH
REJECTED,EURUSD,SELL,2018-07-26 16:00:00+00:00,,PRE_TRADE_PROJECTED_EQUITY_BREACH
REJECTED,GBPUSD,SELL,2018-07-26 20:00:00+00:00,,PRE_TRADE_PROJECTED_EQUITY_BREACH
REJECTED,EURUSD,BUY,2018-07-30 13:00:00+00:00,,PRE_TRADE_PROJECTED_EQUITY_BREACH
REJECTED,GBPUSD,BUY,2018-07-30 17:00:00+00:00,,PRE_TRADE_PROJECTED_EQUITY_BREACH
REJECTED,GBPUSD,SELL,2018-07-31 23:00:00+00:00,,PRE_TRADE_PROJECTED_EQUITY_BREACH
REJECTED,EURUSD,SELL,2018-08-01 05:00:00+00:00,,PRE_TRADE_PROJECTED_EQUITY_BREACH
REJECTED,EURUSD,BUY,2018-08-07 14:00:00+00:00,,PRE_TRADE_PROJECTED_EQUITY_BREACH
REJECTED,EURUSD,SELL,2018-08-09 16:00:00+00:00,,PRE_TRADE_PROJECTED_EQUITY_BREACH
REJECTED,EURUSD,BUY,2018-08-16 14:00:00+00:00,,PRE_TRADE_PROJECTED_EQUITY_BREACH
REJECTED,GBPUSD,BUY,2018-08-17 15:00:00+00:00,,PRE_TRADE_PROJECTED_EQUITY_BREACH
REJECTED,GBPUSD,SELL,2018-08-23 17:00:00+00:00,,PRE_TRADE_PROJECTED_EQUITY_BREACH
REJECTED,EURUSD,SELL,2018-08-24 00:00:00+00:00,,PRE_TRADE_PROJECTED_EQUITY_BREACH
REJECTED,EURUSD,BUY,2018-08-24 06:00:00+00:00,,PRE_TRADE_PROJECTED_EQUITY_BREACH
REJECTED,GBPUSD,BUY,2018-08-27 04:00:00+00:00,,PRE_TRADE_PROJECTED_EQUITY_BREACH
REJECTED,GBPUSD,SELL,2018-08-27 07:00:00+00:00,,PRE_TRADE_PROJECTED_EQUITY_BREACH
REJECTED,GBPUSD,BUY,2018-08-27 13:00:00+00:00,,PRE_TRADE_PROJECTED_EQUITY_BREACH
REJECTED,GBPUSD,SELL,2018-08-29 06:00:00+00:00,,PRE_TRADE_PROJECTED_EQUITY_BREACH
REJECTED,GBPUSD,BUY,2018-08-29 11:00:00+00:00,,PRE_TRADE_PROJECTED_EQUITY_BREACH
REJECTED,EURUSD,SELL,2018-08-30 16:00:00+00:00,,PRE_TRADE_PROJECTED_EQUITY_BREACH
REJECTED,GBPUSD,SELL,2018-08-31 21:00:00+00:00,,PRE_TRADE_PROJECTED_EQUITY_BREACH
REJECTED,EURUSD,BUY,2018-09-05 18:00:00+00:00,,PRE_TRADE_PROJECTED_EQUITY_BREACH
REJECTED,GBPUSD,BUY,2018-09-05 19:00:00+00:00,,PRE_TRADE_PROJECTED_EQUITY_BREACH
REJECTED,EURUSD,SELL,2018-09-07 14:00:00+00:00,,PRE_TRADE_PROJECTED_EQUITY_BREACH
REJECTED,EURUSD,BUY,2018-09-11 05:00:00+00:00,,PRE_TRADE_PROJECTED_EQUITY_BREACH
REJECTED,EURUSD,SELL,2018-09-11 17:00:00+00:00,,PRE_TRADE_PROJECTED_EQUITY_BREACH
REJECTED,EURUSD,BUY,2018-09-11 21:00:00+00:00,,PRE_TRADE_PROJECTED_EQUITY_BREACH
REJECTED,EURUSD,SELL,2018-09-12 05:00:00+00:00,,PRE_TRADE_PROJECTED_EQUITY_BREACH
REJECTED,EURUSD,BUY,2018-09-12 15:00:00+00:00,,PRE_TRADE_PROJECTED_EQUITY_BREACH
REJECTED,EURUSD,SELL,2018-09-17 00:00:00+00:00,,PRE_TRADE_PROJECTED_EQUITY_BREACH
REJECTED,EURUSD,BUY,2018-09-17 13:00:00+00:00,,PRE_TRADE_PROJECTED_EQUITY_BREACH
REJECTED,GBPUSD,SELL,2018-09-21 15:00:00+00:00,,PRE_TRADE_PROJECTED_EQUITY_BREACH
REJECTED,GBPUSD,BUY,2018-09-25 14:00:00+00:00,,PRE_TRADE_PROJECTED_EQUITY_BREACH
REJECTED,EURUSD,SELL,2018-09-26 13:00:00+00:00,,PRE_TRADE_PROJECTED_EQUITY_BREACH
REJECTED,GBPUSD,SELL,2018-09-27 08:00:00+00:00,,PRE_TRADE_PROJECTED_EQUITY_BREACH
REJECTED,GBPUSD,BUY,2018-10-04 18:00:00+00:00,,PRE_TRADE_PROJECTED_EQUITY_BREACH
REJECTED,EURUSD,BUY,2018-10-08 00:00:00+00:00,,PRE_TRADE_PROJECTED_EQUITY_BREACH
REJECTED,EURUSD,SELL,2018-10-08 05:00:00+00:00,,PRE_TRADE_PROJECTED_EQUITY_BREACH
REJECTED,EURUSD,BUY,2018-10-10 03:00:00+00:00,,PRE_TRADE_PROJECTED_EQUITY_BREACH
REJECTED,GBPUSD,SELL,2018-10-12 18:00:00+00:00,,PRE_TRADE_PROJECTED_EQUITY_BREACH
REJECTED,EURUSD,SELL,2018-10-15 04:00:00+00:00,,PRE_TRADE_PROJECTED_EQUITY_BREACH
REJECTED,EURUSD,BUY,2018-10-15 08:00:00+00:00,,PRE_TRADE_PROJECTED_EQUITY_BREACH
REJECTED,GBPUSD,BUY,2018-10-16 10:00:00+00:00,,PRE_TRADE_PROJECTED_EQUITY_BREACH
REJECTED,EURUSD,SELL,2018-10-17 04:00:00+00:00,,PRE_TRADE_PROJECTED_EQUITY_BREACH
REJECTED,GBPUSD,SELL,2018-10-17 10:00:00+00:00,,PRE_TRADE_PROJECTED_EQUITY_BREACH
REJECTED,EURUSD,BUY,2018-10-22 02:00:00+00:00,,PRE_TRADE_PROJECTED_EQUITY_BREACH
REJECTED,EURUSD,SELL,2018-10-22 15:00:00+00:00,,PRE_TRADE_PROJECTED_EQUITY_BREACH
REJECTED,GBPUSD,BUY,2018-11-01 01:00:00+00:00,,PRE_TRADE_PROJECTED_EQUITY_BREACH
REJECTED,EURUSD,BUY,2018-11-01 12:00:00+00:00,,PRE_TRADE_PROJECTED_EQUITY_BREACH
REJECTED,EURUSD,SELL,2018-11-05 11:00:00+00:00,,PRE_TRADE_PROJECTED_EQUITY_BREACH
REJECTED,EURUSD,BUY,2018-11-05 17:00:00+00:00,,PRE_TRADE_PROJECTED_EQUITY_BREACH
REJECTED,EURUSD,SELL,2018-11-08 11:00:00+00:00,,PRE_TRADE_PROJECTED_EQUITY_BREACH
REJECTED,GBPUSD,SELL,2018-11-08 20:00:00+00:00,,PRE_TRADE_PROJECTED_EQUITY_BREACH
REJECTED,GBPUSD,BUY,2018-11-13 19:00:00+00:00,,PRE_TRADE_PROJECTED_EQUITY_BREACH
REJECTED,EURUSD,BUY,2018-11-14 05:00:00+00:00,,PRE_TRADE_PROJECTED_EQUITY_BREACH
REJECTED,EURUSD,SELL,2018-11-14 10:00:00+00:00,,PRE_TRADE_PROJECTED_EQUITY_BREACH
REJECTED,EURUSD,BUY,2018-11-14 14:00:00+00:00,,PRE_TRADE_PROJECTED_EQUITY_BREACH
REJECTED,GBPUSD,SELL,2018-11-15 09:00:00+00:00,,PRE_TRADE_PROJECTED_EQUITY_BREACH
REJECTED,GBPUSD,BUY,2018-11-19 22:00:00+00:00,,PRE_TRADE_PROJECTED_EQUITY_BREACH
REJECTED,GBPUSD,SELL,2018-11-20 15:00:00+00:00,,PRE_TRADE_PROJECTED_EQUITY_BREACH
REJECTED,EURUSD,SELL,2018-11-20 20:00:00+00:00,,PRE_TRADE_PROJECTED_EQUITY_BREACH
REJECTED,EURUSD,BUY,2018-11-22 10:00:00+00:00,,PRE_TRADE_PROJECTED_EQUITY_BREACH
REJECTED,GBPUSD,BUY,2018-11-22 11:00:00+00:00,,PRE_TRADE_PROJECTED_EQUITY_BREACH
REJECTED,EURUSD,SELL,2018-11-23 10:00:00+00:00,,PRE_TRADE_PROJECTED_EQUITY_BREACH
REJECTED,GBPUSD,SELL,2018-11-23 18:00:00+00:00,,PRE_TRADE_PROJECTED_EQUITY_BREACH
REJECTED,GBPUSD,BUY,2018-11-26 13:00:00+00:00,,PRE_TRADE_PROJECTED_EQUITY_BREACH
REJECTED,GBPUSD,SELL,2018-11-26 17:00:00+00:00,,PRE_TRADE_PROJECTED_EQUITY_BREACH
REJECTED,GBPUSD,BUY,2018-11-28 19:00:00+00:00,,PRE_TRADE_PROJECTED_EQUITY_BREACH
REJECTED,EURUSD,BUY,2018-11-28 21:00:00+00:00,,PRE_TRADE_PROJECTED_EQUITY_BREACH
REJECTED,GBPUSD,SELL,2018-11-29 17:00:00+00:00,,PRE_TRADE_PROJECTED_EQUITY_BREACH
REJECTED,EURUSD,SELL,2018-11-30 17:00:00+00:00,,PRE_TRADE_PROJECTED_EQUITY_BREACH
REJECTED,EURUSD,BUY,2018-12-04 02:00:00+00:00,,PRE_TRADE_PROJECTED_EQUITY_BREACH
REJECTED,GBPUSD,BUY,2018-12-04 11:00:00+00:00,,PRE_TRADE_PROJECTED_EQUITY_BREACH
REJECTED,GBPUSD,SELL,2018-12-04 17:00:00+00:00,,PRE_TRADE_PROJECTED_EQUITY_BREACH
REJECTED,EURUSD,SELL,2018-12-04 21:00:00+00:00,,PRE_TRADE_PROJECTED_EQUITY_BREACH
REJECTED,EURUSD,BUY,2018-12-06 14:00:00+00:00,,PRE_TRADE_PROJECTED_EQUITY_BREACH
REJECTED,GBPUSD,BUY,2018-12-06 14:00:00+00:00,,PRE_TRADE_PROJECTED_EQUITY_BREACH
REJECTED,GBPUSD,SELL,2018-12-07 21:00:00+00:00,,PRE_TRADE_PROJECTED_EQUITY_BREACH
REJECTED,EURUSD,SELL,2018-12-10 21:00:00+00:00,,PRE_TRADE_PROJECTED_EQUITY_BREACH
REJECTED,GBPUSD,BUY,2018-12-12 19:00:00+00:00,,PRE_TRADE_PROJECTED_EQUITY_BREACH
REJECTED,EURUSD,BUY,2018-12-12 22:00:00+00:00,,PRE_TRADE_PROJECTED_EQUITY_BREACH
REJECTED,EURUSD,SELL,2018-12-14 07:00:00+00:00,,PRE_TRADE_PROJECTED_EQUITY_BREACH
REJECTED,GBPUSD,SELL,2018-12-14 11:00:00+00:00,,PRE_TRADE_PROJECTED_EQUITY_BREACH
REJECTED,GBPUSD,BUY,2018-12-17 15:00:00+00:00,,PRE_TRADE_PROJECTED_EQUITY_BREACH
REJECTED,EURUSD,BUY,2018-12-17 17:00:00+00:00,,PRE_TRADE_PROJECTED_EQUITY_BREACH
REJECTED,GBPUSD,SELL,2018-12-20 00:00:00+00:00,,PRE_TRADE_PROJECTED_EQUITY_BREACH
REJECTED,GBPUSD,BUY,2018-12-20 07:00:00+00:00,,PRE_TRADE_PROJECTED_EQUITY_BREACH
REJECTED,EURUSD,SELL,2018-12-21 18:00:00+00:00,,PRE_TRADE_PROJECTED_EQUITY_BREACH
REJECTED,GBPUSD,SELL,2018-12-21 20:00:00+00:00,,PRE_TRADE_PROJECTED_EQUITY_BREACH
REJECTED,GBPUSD,BUY,2018-12-24 02:00:00+00:00,,PRE_TRADE_PROJECTED_EQUITY_BREACH
REJECTED,EURUSD,BUY,2018-12-25 04:00:00+00:00,,PRE_TRADE_PROJECTED_EQUITY_BREACH
REJECTED,EURUSD,SELL,2018-12-26 08:00:00+00:00,,PRE_TRADE_PROJECTED_EQUITY_BREACH
REJECTED,GBPUSD,SELL,2018-12-26 18:00:00+00:00,,PRE_TRADE_PROJECTED_EQUITY_BREACH
REJECTED,EURUSD,BUY,2018-12-27 16:00:00+00:00,,PRE_TRADE_PROJECTED_EQUITY_BREACH
REJECTED,GBPUSD,BUY,2018-12-28 11:00:00+00:00,,PRE_TRADE_PROJECTED_EQUITY_BREACH
REJECTED,EURUSD,SELL,2019-01-02 13:00:00+00:00,,PRE_TRADE_PROJECTED_EQUITY_BREACH
REJECTED,GBPUSD,SELL,2019-01-02 13:00:00+00:00,,PRE_TRADE_PROJECTED_EQUITY_BREACH
REJECTED,EURUSD,BUY,2019-01-04 08:00:00+00:00,,PRE_TRADE_PROJECTED_EQUITY_BREACH
REJECTED,GBPUSD,BUY,2019-01-04 08:00:00+00:00,,PRE_TRADE_PROJECTED_EQUITY_BREACH
REJECTED,EURUSD,SELL,2019-01-04 14:00:00+00:00,,PRE_TRADE_PROJECTED_EQUITY_BREACH
REJECTED,EURUSD,BUY,2019-01-04 15:00:00+00:00,,PRE_TRADE_PROJECTED_EQUITY_BREACH
REJECTED,GBPUSD,SELL,2019-01-10 22:00:00+00:00,,PRE_TRADE_PROJECTED_EQUITY_BREACH
REJECTED,GBPUSD,BUY,2019-01-11 04:00:00+00:00,,PRE_TRADE_PROJECTED_EQUITY_BREACH
REJECTED,GBPUSD,SELL,2019-01-11 08:00:00+00:00,,PRE_TRADE_PROJECTED_EQUITY_BREACH
REJECTED,GBPUSD,BUY,2019-01-11 10:00:00+00:00,,PRE_TRADE_PROJECTED_EQUITY_BREACH
REJECTED,EURUSD,SELL,2019-01-11 17:00:00+00:00,,PRE_TRADE_PROJECTED_EQUITY_BREACH
REJECTED,GBPUSD,SELL,2019-01-15 17:00:00+00:00,,PRE_TRADE_PROJECTED_EQUITY_BREACH
REJECTED,GBPUSD,BUY,2019-01-16 00:00:00+00:00,,PRE_TRADE_PROJECTED_EQUITY_BREACH
REJECTED,GBPUSD,SELL,2019-01-18 21:00:00+00:00,,PRE_TRADE_PROJECTED_EQUITY_BREACH
REJECTED,GBPUSD,BUY,2019-01-22 13:00:00+00:00,,PRE_TRADE_PROJECTED_EQUITY_BREACH
REJECTED,EURUSD,BUY,2019-01-23 17:00:00+00:00,,PRE_TRADE_PROJECTED_EQUITY_BREACH
REJECTED,EURUSD,SELL,2019-01-24 11:00:00+00:00,,PRE_TRADE_PROJECTED_EQUITY_BREACH
REJECTED,EURUSD,BUY,2019-01-25 16:00:00+00:00,,PRE_TRADE_PROJECTED_EQUITY_BREACH
REJECTED,GBPUSD,SELL,2019-01-29 20:00:00+00:00,,PRE_TRADE_PROJECTED_EQUITY_BREACH
REJECTED,GBPUSD,BUY,2019-01-31 08:00:00+00:00,,PRE_TRADE_PROJECTED_EQUITY_BREACH
REJECTED,GBPUSD,SELL,2019-02-01 00:00:00+00:00,,PRE_TRADE_PROJECTED_EQUITY_BREACH
REJECTED,EURUSD,SELL,2019-02-01 04:00:00+00:00,,PRE_TRADE_PROJECTED_EQUITY_BREACH
REJECTED,EURUSD,BUY,2019-02-01 11:00:00+00:00,,PRE_TRADE_PROJECTED_EQUITY_BREACH
REJECTED,EURUSD,SELL,2019-02-04 04:00:00+00:00,,PRE_TRADE_PROJECTED_EQUITY_BREACH
REJECTED,EURUSD,BUY,2019-02-12 22:00:00+00:00,,PRE_TRADE_PROJECTED_EQUITY_BREACH
REJECTED,GBPUSD,BUY,2019-02-13 06:00:00+00:00,,PRE_TRADE_PROJECTED_EQUITY_BREACH
REJECTED,GBPUSD,SELL,2019-02-13 10:00:00+00:00,,PRE_TRADE_PROJECTED_EQUITY_BREACH
REJECTED,GBPUSD,BUY,2019-02-13 11:00:00+00:00,,PRE_TRADE_PROJECTED_EQUITY_BREACH
REJECTED,EURUSD,SELL,2019-02-13 16:00:00+00:00,,PRE_TRADE_PROJECTED_EQUITY_BREACH
REJECTED,GBPUSD,SELL,2019-02-13 16:00:00+00:00,,PRE_TRADE_PROJECTED_EQUITY_BREACH
REJECTED,GBPUSD,BUY,2019-02-15 20:00:00+00:00,,PRE_TRADE_PROJECTED_EQUITY_BREACH
REJECTED,EURUSD,BUY,2019-02-18 01:00:00+00:00,,PRE_TRADE_PROJECTED_EQUITY_BREACH
REJECTED,GBPUSD,SELL,2019-02-22 12:00:00+00:00,,PRE_TRADE_PROJECTED_EQUITY_BREACH
REJECTED,GBPUSD,BUY,2019-02-22 17:00:00+00:00,,PRE_TRADE_PROJECTED_EQUITY_BREACH
REJECTED,EURUSD,SELL,2019-02-22 21:00:00+00:00,,PRE_TRADE_PROJECTED_EQUITY_BREACH
REJECTED,EURUSD,BUY,2019-02-24 23:00:00+00:00,,PRE_TRADE_PROJECTED_EQUITY_BREACH
REJECTED,EURUSD,SELL,2019-03-01 03:00:00+00:00,,PRE_TRADE_PROJECTED_EQUITY_BREACH
REJECTED,GBPUSD,SELL,2019-03-01 09:00:00+00:00,,PRE_TRADE_PROJECTED_EQUITY_BREACH
REJECTED,EURUSD,BUY,2019-03-01 14:00:00+00:00,,PRE_TRADE_PROJECTED_EQUITY_BREACH
REJECTED,EURUSD,SELL,2019-03-01 17:00:00+00:00,,PRE_TRADE_PROJECTED_EQUITY_BREACH
REJECTED,GBPUSD,BUY,2019-03-07 04:00:00+00:00,,PRE_TRADE_PROJECTED_EQUITY_BREACH
REJECTED,GBPUSD,SELL,2019-03-07 11:00:00+00:00,,PRE_TRADE_PROJECTED_EQUITY_BREACH
REJECTED,GBPUSD,BUY,2019-03-11 19:00:00+00:00,,PRE_TRADE_PROJECTED_EQUITY_BREACH
REJECTED,EURUSD,BUY,2019-03-11 22:00:00+00:00,,PRE_TRADE_PROJECTED_EQUITY_BREACH
REJECTED,GBPUSD,SELL,2019-03-12 22:00:00+00:00,,PRE_TRADE_PROJECTED_EQUITY_BREACH
REJECTED,GBPUSD,BUY,2019-03-13 09:00:00+00:00,,PRE_TRADE_PROJECTED_EQUITY_BREACH
REJECTED,GBPUSD,SELL,2019-03-18 21:00:00+00:00,,PRE_TRADE_PROJECTED_EQUITY_BREACH
REJECTED,GBPUSD,BUY,2019-03-19 00:00:00+00:00,,PRE_TRADE_PROJECTED_EQUITY_BREACH
REJECTED,GBPUSD,SELL,2019-03-20 06:00:00+00:00,,PRE_TRADE_PROJECTED_EQUITY_BREACH
REJECTED,EURUSD,SELL,2019-03-22 08:00:00+00:00,,PRE_TRADE_PROJECTED_EQUITY_BREACH
REJECTED,GBPUSD,BUY,2019-03-22 20:00:00+00:00,,PRE_TRADE_PROJECTED_EQUITY_BREACH
REJECTED,GBPUSD,SELL,2019-03-27 07:00:00+00:00,,PRE_TRADE_PROJECTED_EQUITY_BREACH
REJECTED,GBPUSD,BUY,2019-03-27 09:00:00+00:00,,PRE_TRADE_PROJECTED_EQUITY_BREACH
REJECTED,GBPUSD,SELL,2019-03-27 23:00:00+00:00,,PRE_TRADE_PROJECTED_EQUITY_BREACH
REJECTED,GBPUSD,BUY,2019-04-01 16:00:00+00:00,,PRE_TRADE_PROJECTED_EQUITY_BREACH
REJECTED,GBPUSD,SELL,2019-04-02 03:00:00+00:00,,PRE_TRADE_PROJECTED_EQUITY_BREACH
REJECTED,GBPUSD,BUY,2019-04-02 21:00:00+00:00,,PRE_TRADE_PROJECTED_EQUITY_BREACH
REJECTED,EURUSD,BUY,2019-04-03 08:00:00+00:00,,PRE_TRADE_PROJECTED_EQUITY_BREACH
REJECTED,EURUSD,SELL,2019-04-04 17:00:00+00:00,,PRE_TRADE_PROJECTED_EQUITY_BREACH
REJECTED,GBPUSD,SELL,2019-04-04 17:00:00+00:00,,PRE_TRADE_PROJECTED_EQUITY_BREACH
REJECTED,EURUSD,BUY,2019-04-05 11:00:00+00:00,,PRE_TRADE_PROJECTED_EQUITY_BREACH
REJECTED,EURUSD,SELL,2019-04-05 12:00:00+00:00,,PRE_TRADE_PROJECTED_EQUITY_BREACH
REJECTED,EURUSD,BUY,2019-04-05 13:00:00+00:00,,PRE_TRADE_PROJECTED_EQUITY_BREACH
REJECTED,EURUSD,SELL,2019-04-05 16:00:00+00:00,,PRE_TRADE_PROJECTED_EQUITY_BREACH
REJECTED,EURUSD,BUY,2019-04-08 09:00:00+00:00,,PRE_TRADE_PROJECTED_EQUITY_BREACH
REJECTED,GBPUSD,BUY,2019-04-09 09:00:00+00:00,,PRE_TRADE_PROJECTED_EQUITY_BREACH
REJECTED,GBPUSD,SELL,2019-04-09 15:00:00+00:00,,PRE_TRADE_PROJECTED_EQUITY_BREACH
REJECTED,GBPUSD,BUY,2019-04-10 11:00:00+00:00,,PRE_TRADE_PROJECTED_EQUITY_BREACH
REJECTED,GBPUSD,SELL,2019-04-11 20:00:00+00:00,,PRE_TRADE_PROJECTED_EQUITY_BREACH
REJECTED,EURUSD,SELL,2019-04-11 21:00:00+00:00,,PRE_TRADE_PROJECTED_EQUITY_BREACH
REJECTED,EURUSD,BUY,2019-04-12 02:00:00+00:00,,PRE_TRADE_PROJECTED_EQUITY_BREACH
REJECTED,GBPUSD,BUY,2019-04-12 13:00:00+00:00,,PRE_TRADE_PROJECTED_EQUITY_BREACH
REJECTED,GBPUSD,SELL,2019-04-16 13:00:00+00:00,,PRE_TRADE_PROJECTED_EQUITY_BREACH
REJECTED,EURUSD,SELL,2019-04-16 18:00:00+00:00,,PRE_TRADE_PROJECTED_EQUITY_BREACH
REJECTED,EURUSD,BUY,2019-04-17 08:00:00+00:00,,PRE_TRADE_PROJECTED_EQUITY_BREACH
REJECTED,EURUSD,SELL,2019-04-18 02:00:00+00:00,,PRE_TRADE_PROJECTED_EQUITY_BREACH
REJECTED,EURUSD,BUY,2019-04-22 21:00:00+00:00,,PRE_TRADE_PROJECTED_EQUITY_BREACH
REJECTED,EURUSD,SELL,2019-04-23 06:00:00+00:00,,PRE_TRADE_PROJECTED_EQUITY_BREACH
REJECTED,GBPUSD,BUY,2019-04-26 19:00:00+00:00,,PRE_TRADE_PROJECTED_EQUITY_BREACH
REJECTED,EURUSD,BUY,2019-04-29 16:00:00+00:00,,PRE_TRADE_PROJECTED_EQUITY_BREACH
REJECTED,EURUSD,SELL,2019-05-02 14:00:00+00:00,,PRE_TRADE_PROJECTED_EQUITY_BREACH
REJECTED,GBPUSD,SELL,2019-05-03 09:00:00+00:00,,PRE_TRADE_PROJECTED_EQUITY_BREACH
REJECTED,GBPUSD,BUY,2019-05-03 15:00:00+00:00,,PRE_TRADE_PROJECTED_EQUITY_BREACH
REJECTED,EURUSD,BUY,2019-05-06 07:00:00+00:00,,PRE_TRADE_PROJECTED_EQUITY_BREACH
REJECTED,EURUSD,SELL,2019-05-06 09:00:00+00:00,,PRE_TRADE_PROJECTED_EQUITY_BREACH
REJECTED,EURUSD,BUY,2019-05-06 10:00:00+00:00,,PRE_TRADE_PROJECTED_EQUITY_BREACH
REJECTED,GBPUSD,SELL,2019-05-07 14:00:00+00:00,,PRE_TRADE_PROJECTED_EQUITY_BREACH
REJECTED,EURUSD,SELL,2019-05-07 17:00:00+00:00,,PRE_TRADE_PROJECTED_EQUITY_BREACH
REJECTED,EURUSD,BUY,2019-05-08 04:00:00+00:00,,PRE_TRADE_PROJECTED_EQUITY_BREACH
REJECTED,EURUSD,SELL,2019-05-09 03:00:00+00:00,,PRE_TRADE_PROJECTED_EQUITY_BREACH
REJECTED,EURUSD,BUY,2019-05-09 14:00:00+00:00,,PRE_TRADE_PROJECTED_EQUITY_BREACH
REJECTED,EURUSD,SELL,2019-05-14 15:00:00+00:00,,PRE_TRADE_PROJECTED_EQUITY_BREACH
REJECTED,EURUSD,BUY,2019-05-23 19:00:00+00:00,,PRE_TRADE_PROJECTED_EQUITY_BREACH
REJECTED,GBPUSD,BUY,2019-05-24 11:00:00+00:00,,PRE_TRADE_PROJECTED_EQUITY_BREACH
REJECTED,GBPUSD,SELL,2019-05-24 12:00:00+00:00,,PRE_TRADE_PROJECTED_EQUITY_BREACH
REJECTED,GBPUSD,BUY,2019-05-24 15:00:00+00:00,,PRE_TRADE_PROJECTED_EQUITY_BREACH
REJECTED,GBPUSD,SELL,2019-05-28 06:00:00+00:00,,PRE_TRADE_PROJECTED_EQUITY_BREACH
REJECTED,EURUSD,SELL,2019-05-28 17:00:00+00:00,,PRE_TRADE_PROJECTED_EQUITY_BREACH
REJECTED,EURUSD,BUY,2019-05-31 17:00:00+00:00,,PRE_TRADE_PROJECTED_EQUITY_BREACH
REJECTED,GBPUSD,BUY,2019-06-03 01:00:00+00:00,,PRE_TRADE_PROJECTED_EQUITY_BREACH
REJECTED,EURUSD,SELL,2019-06-06 03:00:00+00:00,,PRE_TRADE_PROJECTED_EQUITY_BREACH
REJECTED,EURUSD,BUY,2019-06-06 12:00:00+00:00,,PRE_TRADE_PROJECTED_EQUITY_BREACH
REJECTED,GBPUSD,SELL,2019-06-10 11:00:00+00:00,,PRE_TRADE_PROJECTED_EQUITY_BREACH
REJECTED,GBPUSD,BUY,2019-06-11 15:00:00+00:00,,PRE_TRADE_PROJECTED_EQUITY_BREACH
REJECTED,EURUSD,SELL,2019-06-12 19:00:00+00:00,,PRE_TRADE_PROJECTED_EQUITY_BREACH
REJECTED,GBPUSD,SELL,2019-06-12 21:00:00+00:00,,PRE_TRADE_PROJECTED_EQUITY_BREACH
REJECTED,GBPUSD,BUY,2019-06-19 14:00:00+00:00,,PRE_TRADE_PROJECTED_EQUITY_BREACH
REJECTED,EURUSD,BUY,2019-06-19 21:00:00+00:00,,PRE_TRADE_PROJECTED_EQUITY_BREACH
REJECTED,GBPUSD,SELL,2019-06-25 20:00:00+00:00,,PRE_TRADE_PROJECTED_EQUITY_BREACH
REJECTED,EURUSD,SELL,2019-06-26 05:00:00+00:00,,PRE_TRADE_PROJECTED_EQUITY_BREACH
REJECTED,EURUSD,BUY,2019-06-26 17:00:00+00:00,,PRE_TRADE_PROJECTED_EQUITY_BREACH
REJECTED,EURUSD,SELL,2019-06-27 04:00:00+00:00,,PRE_TRADE_PROJECTED_EQUITY_BREACH
REJECTED,EURUSD,BUY,2019-06-27 12:00:00+00:00,,PRE_TRADE_PROJECTED_EQUITY_BREACH
REJECTED,EURUSD,SELL,2019-06-27 14:00:00+00:00,,PRE_TRADE_PROJECTED_EQUITY_BREACH
REJECTED,EURUSD,BUY,2019-06-27 19:00:00+00:00,,PRE_TRADE_PROJECTED_EQUITY_BREACH
REJECTED,EURUSD,SELL,2019-06-28 05:00:00+00:00,,PRE_TRADE_PROJECTED_EQUITY_BREACH
REJECTED,EURUSD,BUY,2019-06-28 07:00:00+00:00,,PRE_TRADE_PROJECTED_EQUITY_BREACH
REJECTED,GBPUSD,BUY,2019-06-28 15:00:00+00:00,,PRE_TRADE_PROJECTED_EQUITY_BREACH
REJECTED,EURUSD,SELL,2019-07-01 01:00:00+00:00,,PRE_TRADE_PROJECTED_EQUITY_BREACH
REJECTED,GBPUSD,SELL,2019-07-01 08:00:00+00:00,,PRE_TRADE_PROJECTED_EQUITY_BREACH
REJECTED,EURUSD,BUY,2019-07-10 15:00:00+00:00,,PRE_TRADE_PROJECTED_EQUITY_BREACH
REJECTED,GBPUSD,BUY,2019-07-10 22:00:00+00:00,,PRE_TRADE_PROJECTED_EQUITY_BREACH
REJECTED,GBPUSD,SELL,2019-07-15 18:00:00+00:00,,PRE_TRADE_PROJECTED_EQUITY_BREACH
REJECTED,EURUSD,SELL,2019-07-16 04:00:00+00:00,,PRE_TRADE_PROJECTED_EQUITY_BREACH
REJECTED,EURUSD,BUY,2019-07-18 07:00:00+00:00,,PRE_TRADE_PROJECTED_EQUITY_BREACH
REJECTED,EURUSD,SELL,2019-07-18 11:00:00+00:00,,PRE_TRADE_PROJECTED_EQUITY_BREACH
REJECTED,GBPUSD,BUY,2019-07-18 12:00:00+00:00,,PRE_TRADE_PROJECTED_EQUITY_BREACH
REJECTED,EURUSD,BUY,2019-07-18 19:00:00+00:00,,PRE_TRADE_PROJECTED_EQUITY_BREACH
REJECTED,EURUSD,SELL,2019-07-19 18:00:00+00:00,,PRE_TRADE_PROJECTED_EQUITY_BREACH
REJECTED,GBPUSD,SELL,2019-07-22 11:00:00+00:00,,PRE_TRADE_PROJECTED_EQUITY_BREACH
REJECTED,GBPUSD,BUY,2019-07-24 14:00:00+00:00,,PRE_TRADE_PROJECTED_EQUITY_BREACH
REJECTED,GBPUSD,SELL,2019-07-25 20:00:00+00:00,,PRE_TRADE_PROJECTED_EQUITY_BREACH
REJECTED,EURUSD,BUY,2019-07-29 23:00:00+00:00,,PRE_TRADE_PROJECTED_EQUITY_BREACH
REJECTED,EURUSD,SELL,2019-07-31 17:00:00+00:00,,PRE_TRADE_PROJECTED_EQUITY_BREACH
REJECTED,EURUSD,BUY,2019-08-02 16:00:00+00:00,,PRE_TRADE_PROJECTED_EQUITY_BREACH
REJECTED,GBPUSD,BUY,2019-08-05 02:00:00+00:00,,PRE_TRADE_PROJECTED_EQUITY_BREACH
REJECTED,GBPUSD,SELL,2019-08-05 07:00:00+00:00,,PRE_TRADE_PROJECTED_EQUITY_BREACH
REJECTED,GBPUSD,BUY,2019-08-05 12:00:00+00:00,,PRE_TRADE_PROJECTED_EQUITY_BREACH
REJECTED,GBPUSD,SELL,2019-08-07 12:00:00+00:00,,PRE_TRADE_PROJECTED_EQUITY_BREACH
REJECTED,GBPUSD,BUY,2019-08-08 07:00:00+00:00,,PRE_TRADE_PROJECTED_EQUITY_BREACH
REJECTED,GBPUSD,SELL,2019-08-08 13:00:00+00:00,,PRE_TRADE_PROJECTED_EQUITY_BREACH
REJECTED,EURUSD,SELL,2019-08-08 22:00:00+00:00,,PRE_TRADE_PROJECTED_EQUITY_BREACH
REJECTED,EURUSD,BUY,2019-08-09 16:00:00+00:00,,PRE_TRADE_PROJECTED_EQUITY_BREACH
REJECTED,EURUSD,SELL,2019-08-12 09:00:00+00:00,,PRE_TRADE_PROJECTED_EQUITY_BREACH
REJECTED,EURUSD,BUY,2019-08-12 14:00:00+00:00,,PRE_TRADE_PROJECTED_EQUITY_BREACH
REJECTED,EURUSD,SELL,2019-08-13 07:00:00+00:00,,PRE_TRADE_PROJECTED_EQUITY_BREACH
REJECTED,EURUSD,BUY,2019-08-13 12:00:00+00:00,,PRE_TRADE_PROJECTED_EQUITY_BREACH
REJECTED,EURUSD,SELL,2019-08-13 15:00:00+00:00,,PRE_TRADE_PROJECTED_EQUITY_BREACH
REJECTED,GBPUSD,BUY,2019-08-15 10:00:00+00:00,,PRE_TRADE_PROJECTED_EQUITY_BREACH
REJECTED,GBPUSD,SELL,2019-08-20 08:00:00+00:00,,PRE_TRADE_PROJECTED_EQUITY_BREACH
REJECTED,GBPUSD,BUY,2019-08-20 18:00:00+00:00,,PRE_TRADE_PROJECTED_EQUITY_BREACH
REJECTED,EURUSD,BUY,2019-08-21 06:00:00+00:00,,PRE_TRADE_PROJECTED_EQUITY_BREACH
REJECTED,EURUSD,SELL,2019-08-21 07:00:00+00:00,,PRE_TRADE_PROJECTED_EQUITY_BREACH
REJECTED,EURUSD,BUY,2019-08-21 09:00:00+00:00,,PRE_TRADE_PROJECTED_EQUITY_BREACH
REJECTED,EURUSD,SELL,2019-08-21 21:00:00+00:00,,PRE_TRADE_PROJECTED_EQUITY_BREACH
REJECTED,GBPUSD,SELL,2019-08-21 21:00:00+00:00,,PRE_TRADE_PROJECTED_EQUITY_BREACH
REJECTED,GBPUSD,BUY,2019-08-22 13:00:00+00:00,,PRE_TRADE_PROJECTED_EQUITY_BREACH
REJECTED,EURUSD,BUY,2019-08-23 17:00:00+00:00,,PRE_TRADE_PROJECTED_EQUITY_BREACH
REJECTED,GBPUSD,SELL,2019-08-27 02:00:00+00:00,,PRE_TRADE_PROJECTED_EQUITY_BREACH
REJECTED,EURUSD,SELL,2019-08-27 04:00:00+00:00,,PRE_TRADE_PROJECTED_EQUITY_BREACH
REJECTED,GBPUSD,BUY,2019-08-27 09:00:00+00:00,,PRE_TRADE_PROJECTED_EQUITY_BREACH
REJECTED,GBPUSD,SELL,2019-08-28 12:00:00+00:00,,PRE_TRADE_PROJECTED_EQUITY_BREACH
REJECTED,GBPUSD,BUY,2019-09-04 08:00:00+00:00,,PRE_TRADE_PROJECTED_EQUITY_BREACH
REJECTED,EURUSD,BUY,2019-09-04 10:00:00+00:00,,PRE_TRADE_PROJECTED_EQUITY_BREACH
REJECTED,EURUSD,SELL,2019-09-11 10:00:00+00:00,,PRE_TRADE_PROJECTED_EQUITY_BREACH
REJECTED,GBPUSD,SELL,2019-09-11 21:00:00+00:00,,PRE_TRADE_PROJECTED_EQUITY_BREACH
REJECTED,EURUSD,BUY,2019-09-12 18:00:00+00:00,,PRE_TRADE_PROJECTED_EQUITY_BREACH
REJECTED,GBPUSD,BUY,2019-09-12 19:00:00+00:00,,PRE_TRADE_PROJECTED_EQUITY_BREACH
REJECTED,GBPUSD,SELL,2019-09-12 21:00:00+00:00,,PRE_TRADE_PROJECTED_EQUITY_BREACH
REJECTED,GBPUSD,BUY,2019-09-12 22:00:00+00:00,,PRE_TRADE_PROJECTED_EQUITY_BREACH
REJECTED,GBPUSD,SELL,2019-09-13 00:00:00+00:00,,PRE_TRADE_PROJECTED_EQUITY_BREACH
REJECTED,GBPUSD,BUY,2019-09-13 05:00:00+00:00,,PRE_TRADE_PROJECTED_EQUITY_BREACH
REJECTED,EURUSD,SELL,2019-09-16 14:00:00+00:00,,PRE_TRADE_PROJECTED_EQUITY_BREACH
REJECTED,GBPUSD,SELL,2019-09-17 09:00:00+00:00,,PRE_TRADE_PROJECTED_EQUITY_BREACH
REJECTED,GBPUSD,BUY,2019-09-17 15:00:00+00:00,,PRE_TRADE_PROJECTED_EQUITY_BREACH
REJECTED,EURUSD,BUY,2019-09-17 19:00:00+00:00,,PRE_TRADE_PROJECTED_EQUITY_BREACH
REJECTED,EURUSD,SELL,2019-09-18 23:00:00+00:00,,PRE_TRADE_PROJECTED_EQUITY_BREACH
REJECTED,EURUSD,BUY,2019-09-19 11:00:00+00:00,,PRE_TRADE_PROJECTED_EQUITY_BREACH
REJECTED,EURUSD,SELL,2019-09-20 13:00:00+00:00,,PRE_TRADE_PROJECTED_EQUITY_BREACH
REJECTED,GBPUSD,SELL,2019-09-22 22:00:00+00:00,,PRE_TRADE_PROJECTED_EQUITY_BREACH
REJECTED,GBPUSD,BUY,2019-09-24 18:00:00+00:00,,PRE_TRADE_PROJECTED_EQUITY_BREACH
REJECTED,EURUSD,BUY,2019-09-25 00:00:00+00:00,,PRE_TRADE_PROJECTED_EQUITY_BREACH
REJECTED,EURUSD,SELL,2019-09-25 03:00:00+00:00,,PRE_TRADE_PROJECTED_EQUITY_BREACH
REJECTED,GBPUSD,SELL,2019-09-25 10:00:00+00:00,,PRE_TRADE_PROJECTED_EQUITY_BREACH
REJECTED,EURUSD,BUY,2019-10-01 22:00:00+00:00,,PRE_TRADE_PROJECTED_EQUITY_BREACH
REJECTED,GBPUSD,BUY,2019-10-02 20:00:00+00:00,,PRE_TRADE_PROJECTED_EQUITY_BREACH
REJECTED,GBPUSD,SELL,2019-10-07 09:00:00+00:00,,PRE_TRADE_PROJECTED_EQUITY_BREACH
REJECTED,EURUSD,SELL,2019-10-08 16:00:00+00:00,,PRE_TRADE_PROJECTED_EQUITY_BREACH
REJECTED,EURUSD,BUY,2019-10-09 13:00:00+00:00,,PRE_TRADE_PROJECTED_EQUITY_BREACH
REJECTED,GBPUSD,BUY,2019-10-10 16:00:00+00:00,,PRE_TRADE_PROJECTED_EQUITY_BREACH
REJECTED,EURUSD,SELL,2019-10-15 13:00:00+00:00,,PRE_TRADE_PROJECTED_EQUITY_BREACH
REJECTED,EURUSD,BUY,2019-10-15 19:00:00+00:00,,PRE_TRADE_PROJECTED_EQUITY_BREACH
REJECTED,EURUSD,SELL,2019-10-22 19:00:00+00:00,,PRE_TRADE_PROJECTED_EQUITY_BREACH
REJECTED,GBPUSD,SELL,2019-10-22 22:00:00+00:00,,PRE_TRADE_PROJECTED_EQUITY_BREACH
REJECTED,GBPUSD,BUY,2019-10-24 05:00:00+00:00,,PRE_TRADE_PROJECTED_EQUITY_BREACH
REJECTED,EURUSD,BUY,2019-10-24 08:00:00+00:00,,PRE_TRADE_PROJECTED_EQUITY_BREACH
REJECTED,GBPUSD,SELL,2019-10-24 10:00:00+00:00,,PRE_TRADE_PROJECTED_EQUITY_BREACH
REJECTED,EURUSD,SELL,2019-10-24 12:00:00+00:00,,PRE_TRADE_PROJECTED_EQUITY_BREACH
REJECTED,EURUSD,BUY,2019-10-24 13:00:00+00:00,,PRE_TRADE_PROJECTED_EQUITY_BREACH
REJECTED,EURUSD,SELL,2019-10-24 14:00:00+00:00,,PRE_TRADE_PROJECTED_EQUITY_BREACH
REJECTED,GBPUSD,BUY,2019-10-28 21:00:00+00:00,,PRE_TRADE_PROJECTED_EQUITY_BREACH
REJECTED,GBPUSD,SELL,2019-10-29 09:00:00+00:00,,PRE_TRADE_PROJECTED_EQUITY_BREACH
REJECTED,GBPUSD,BUY,2019-10-29 10:00:00+00:00,,PRE_TRADE_PROJECTED_EQUITY_BREACH
REJECTED,EURUSD,BUY,2019-10-29 16:00:00+00:00,,PRE_TRADE_PROJECTED_EQUITY_BREACH
REJECTED,GBPUSD,SELL,2019-11-04 12:00:00+00:00,,PRE_TRADE_PROJECTED_EQUITY_BREACH
REJECTED,EURUSD,SELL,2019-11-04 19:00:00+00:00,,PRE_TRADE_PROJECTED_EQUITY_BREACH
REJECTED,GBPUSD,BUY,2019-11-11 14:00:00+00:00,,PRE_TRADE_PROJECTED_EQUITY_BREACH
REJECTED,GBPUSD,SELL,2019-11-13 19:00:00+00:00,,PRE_TRADE_PROJECTED_EQUITY_BREACH
REJECTED,GBPUSD,BUY,2019-11-13 20:00:00+00:00,,PRE_TRADE_PROJECTED_EQUITY_BREACH
REJECTED,GBPUSD,SELL,2019-11-14 05:00:00+00:00,,PRE_TRADE_PROJECTED_EQUITY_BREACH
REJECTED,GBPUSD,BUY,2019-11-14 10:00:00+00:00,,PRE_TRADE_PROJECTED_EQUITY_BREACH
REJECTED,GBPUSD,SELL,2019-11-14 12:00:00+00:00,,PRE_TRADE_PROJECTED_EQUITY_BREACH
REJECTED,GBPUSD,BUY,2019-11-14 15:00:00+00:00,,PRE_TRADE_PROJECTED_EQUITY_BREACH
REJECTED,EURUSD,BUY,2019-11-14 22:00:00+00:00,,PRE_TRADE_PROJECTED_EQUITY_BREACH
REJECTED,GBPUSD,SELL,2019-11-20 01:00:00+00:00,,PRE_TRADE_PROJECTED_EQUITY_BREACH
REJECTED,GBPUSD,BUY,2019-11-21 05:00:00+00:00,,PRE_TRADE_PROJECTED_EQUITY_BREACH
REJECTED,GBPUSD,SELL,2019-11-21 19:00:00+00:00,,PRE_TRADE_PROJECTED_EQUITY_BREACH
REJECTED,EURUSD,SELL,2019-11-21 20:00:00+00:00,,PRE_TRADE_PROJECTED_EQUITY_BREACH
REJECTED,GBPUSD,BUY,2019-11-25 21:00:00+00:00,,PRE_TRADE_PROJECTED_EQUITY_BREACH
REJECTED,GBPUSD,SELL,2019-11-26 10:00:00+00:00,,PRE_TRADE_PROJECTED_EQUITY_BREACH
REJECTED,GBPUSD,BUY,2019-11-27 18:00:00+00:00,,PRE_TRADE_PROJECTED_EQUITY_BREACH
REJECTED,EURUSD,BUY,2019-11-29 18:00:00+00:00,,PRE_TRADE_PROJECTED_EQUITY_BREACH
REJECTED,EURUSD,SELL,2019-12-06 16:00:00+00:00,,PRE_TRADE_PROJECTED_EQUITY_BREACH
REJECTED,EURUSD,BUY,2019-12-10 13:00:00+00:00,,PRE_TRADE_PROJECTED_EQUITY_BREACH
REJECTED,GBPUSD,SELL,2019-12-11 05:00:00+00:00,,PRE_TRADE_PROJECTED_EQUITY_BREACH
REJECTED,GBPUSD,BUY,2019-12-11 14:00:00+00:00,,PRE_TRADE_PROJECTED_EQUITY_BREACH
REJECTED,GBPUSD,SELL,2019-12-12 17:00:00+00:00,,PRE_TRADE_PROJECTED_EQUITY_BREACH
REJECTED,GBPUSD,BUY,2019-12-12 22:00:00+00:00,,PRE_TRADE_PROJECTED_EQUITY_BREACH
REJECTED,GBPUSD,SELL,2019-12-17 01:00:00+00:00,,PRE_TRADE_PROJECTED_EQUITY_BREACH
REJECTED,EURUSD,SELL,2019-12-18 05:00:00+00:00,,PRE_TRADE_PROJECTED_EQUITY_BREACH
REJECTED,GBPUSD,BUY,2019-12-26 05:00:00+00:00,,PRE_TRADE_PROJECTED_EQUITY_BREACH
REJECTED,EURUSD,BUY,2019-12-26 08:00:00+00:00,,PRE_TRADE_PROJECTED_EQUITY_BREACH
REJECTED,EURUSD,SELL,2019-12-26 11:00:00+00:00,,PRE_TRADE_PROJECTED_EQUITY_BREACH
REJECTED,EURUSD,BUY,2019-12-26 12:00:00+00:00,,PRE_TRADE_PROJECTED_EQUITY_BREACH
REJECTED,EURUSD,SELL,2020-01-02 16:00:00+00:00,,PRE_TRADE_PROJECTED_EQUITY_BREACH
REJECTED,GBPUSD,SELL,2020-01-02 22:00:00+00:00,,PRE_TRADE_PROJECTED_EQUITY_BREACH
REJECTED,EURUSD,BUY,2020-01-06 12:00:00+00:00,,PRE_TRADE_PROJECTED_EQUITY_BREACH
REJECTED,GBPUSD,BUY,2020-01-06 16:00:00+00:00,,PRE_TRADE_PROJECTED_EQUITY_BREACH
REJECTED,EURUSD,SELL,2020-01-07 14:00:00+00:00,,PRE_TRADE_PROJECTED_EQUITY_BREACH
REJECTED,GBPUSD,SELL,2020-01-07 20:00:00+00:00,,PRE_TRADE_PROJECTED_EQUITY_BREACH
REJECTED,EURUSD,BUY,2020-01-13 03:00:00+00:00,,PRE_TRADE_PROJECTED_EQUITY_BREACH
REJECTED,GBPUSD,BUY,2020-01-15 05:00:00+00:00,,PRE_TRADE_PROJECTED_EQUITY_BREACH
REJECTED,GBPUSD,SELL,2020-01-15 10:00:00+00:00,,PRE_TRADE_PROJECTED_EQUITY_BREACH
REJECTED,GBPUSD,BUY,2020-01-15 14:00:00+00:00,,PRE_TRADE_PROJECTED_EQUITY_BREACH
REJECTED,EURUSD,SELL,2020-01-17 00:00:00+00:00,,PRE_TRADE_PROJECTED_EQUITY_BREACH
REJECTED,GBPUSD,SELL,2020-01-17 18:00:00+00:00,,PRE_TRADE_PROJECTED_EQUITY_BREACH
REJECTED,GBPUSD,BUY,2020-01-21 11:00:00+00:00,,PRE_TRADE_PROJECTED_EQUITY_BREACH
REJECTED,GBPUSD,SELL,2020-01-24 16:00:00+00:00,,PRE_TRADE_PROJECTED_EQUITY_BREACH
REJECTED,EURUSD,BUY,2020-01-30 12:00:00+00:00,,PRE_TRADE_PROJECTED_EQUITY_BREACH
REJECTED,GBPUSD,BUY,2020-01-30 13:00:00+00:00,,PRE_TRADE_PROJECTED_EQUITY_BREACH
REJECTED,GBPUSD,SELL,2020-02-03 14:00:00+00:00,,PRE_TRADE_PROJECTED_EQUITY_BREACH
REJECTED,EURUSD,SELL,2020-02-04 13:00:00+00:00,,PRE_TRADE_PROJECTED_EQUITY_BREACH
REJECTED,GBPUSD,BUY,2020-02-11 14:00:00+00:00,,PRE_TRADE_PROJECTED_EQUITY_BREACH
REJECTED,GBPUSD,SELL,2020-02-17 19:00:00+00:00,,PRE_TRADE_PROJECTED_EQUITY_BREACH
REJECTED,EURUSD,BUY,2020-02-21 14:00:00+00:00,,PRE_TRADE_PROJECTED_EQUITY_BREACH
REJECTED,GBPUSD,BUY,2020-02-21 17:00:00+00:00,,PRE_TRADE_PROJECTED_EQUITY_BREACH
REJECTED,GBPUSD,SELL,2020-02-24 11:00:00+00:00,,PRE_TRADE_PROJECTED_EQUITY_BREACH
REJECTED,GBPUSD,BUY,2020-02-25 03:00:00+00:00,,PRE_TRADE_PROJECTED_EQUITY_BREACH
REJECTED,GBPUSD,SELL,2020-02-26 15:00:00+00:00,,PRE_TRADE_PROJECTED_EQUITY_BREACH
REJECTED,GBPUSD,BUY,2020-03-04 02:00:00+00:00,,PRE_TRADE_PROJECTED_EQUITY_BREACH
REJECTED,GBPUSD,SELL,2020-03-04 08:00:00+00:00,,PRE_TRADE_PROJECTED_EQUITY_BREACH
REJECTED,GBPUSD,BUY,2020-03-04 15:00:00+00:00,,PRE_TRADE_PROJECTED_EQUITY_BREACH
REJECTED,GBPUSD,SELL,2020-03-10 15:00:00+00:00,,PRE_TRADE_PROJECTED_EQUITY_BREACH
REJECTED,EURUSD,SELL,2020-03-10 19:00:00+00:00,,PRE_TRADE_PROJECTED_EQUITY_BREACH
REJECTED,EURUSD,BUY,2020-03-24 02:00:00+00:00,,PRE_TRADE_PROJECTED_EQUITY_BREACH
REJECTED,GBPUSD,BUY,2020-03-24 10:00:00+00:00,,PRE_TRADE_PROJECTED_EQUITY_BREACH
REJECTED,EURUSD,SELL,2020-03-31 08:00:00+00:00,,PRE_TRADE_PROJECTED_EQUITY_BREACH
REJECTED,GBPUSD,SELL,2020-04-03 08:00:00+00:00,,PRE_TRADE_PROJECTED_EQUITY_BREACH
REJECTED,EURUSD,BUY,2020-04-07 10:00:00+00:00,,PRE_TRADE_PROJECTED_EQUITY_BREACH
REJECTED,GBPUSD,BUY,2020-04-07 13:00:00+00:00,,PRE_TRADE_PROJECTED_EQUITY_BREACH
REJECTED,EURUSD,SELL,2020-04-13 22:00:00+00:00,,PRE_TRADE_PROJECTED_EQUITY_BREACH
REJECTED,EURUSD,BUY,2020-04-14 02:00:00+00:00,,PRE_TRADE_PROJECTED_EQUITY_BREACH
REJECTED,EURUSD,SELL,2020-04-15 13:00:00+00:00,,PRE_TRADE_PROJECTED_EQUITY_BREACH
REJECTED,GBPUSD,SELL,2020-04-15 14:00:00+00:00,,PRE_TRADE_PROJECTED_EQUITY_BREACH
REJECTED,EURUSD,BUY,2020-04-22 12:00:00+00:00,,PRE_TRADE_PROJECTED_EQUITY_BREACH
REJECTED,EURUSD,SELL,2020-04-22 15:00:00+00:00,,PRE_TRADE_PROJECTED_EQUITY_BREACH
REJECTED,GBPUSD,BUY,2020-04-23 19:00:00+00:00,,PRE_TRADE_PROJECTED_EQUITY_BREACH
REJECTED,GBPUSD,SELL,2020-04-24 07:00:00+00:00,,PRE_TRADE_PROJECTED_EQUITY_BREACH
REJECTED,GBPUSD,BUY,2020-04-24 21:00:00+00:00,,PRE_TRADE_PROJECTED_EQUITY_BREACH
REJECTED,EURUSD,BUY,2020-04-27 01:00:00+00:00,,PRE_TRADE_PROJECTED_EQUITY_BREACH
REJECTED,GBPUSD,SELL,2020-05-04 00:00:00+00:00,,PRE_TRADE_PROJECTED_EQUITY_BREACH
REJECTED,EURUSD,SELL,2020-05-04 17:00:00+00:00,,PRE_TRADE_PROJECTED_EQUITY_BREACH
REJECTED,EURUSD,BUY,2020-05-08 03:00:00+00:00,,PRE_TRADE_PROJECTED_EQUITY_BREACH
REJECTED,GBPUSD,BUY,2020-05-08 12:00:00+00:00,,PRE_TRADE_PROJECTED_EQUITY_BREACH
REJECTED,GBPUSD,SELL,2020-05-08 13:00:00+00:00,,PRE_TRADE_PROJECTED_EQUITY_BREACH
REJECTED,GBPUSD,BUY,2020-05-08 15:00:00+00:00,,PRE_TRADE_PROJECTED_EQUITY_BREACH
REJECTED,EURUSD,SELL,2020-05-11 12:00:00+00:00,,PRE_TRADE_PROJECTED_EQUITY_BREACH
REJECTED,GBPUSD,SELL,2020-05-11 12:00:00+00:00,,PRE_TRADE_PROJECTED_EQUITY_BREACH
REJECTED,EURUSD,BUY,2020-05-12 14:00:00+00:00,,PRE_TRADE_PROJECTED_EQUITY_BREACH
REJECTED,EURUSD,SELL,2020-05-13 21:00:00+00:00,,PRE_TRADE_PROJECTED_EQUITY_BREACH
REJECTED,EURUSD,BUY,2020-05-18 00:00:00+00:00,,PRE_TRADE_PROJECTED_EQUITY_BREACH
REJECTED,GBPUSD,BUY,2020-05-18 23:00:00+00:00,,PRE_TRADE_PROJECTED_EQUITY_BREACH
REJECTED,GBPUSD,SELL,2020-05-21 04:00:00+00:00,,PRE_TRADE_PROJECTED_EQUITY_BREACH
REJECTED,EURUSD,SELL,2020-05-22 06:00:00+00:00,,PRE_TRADE_PROJECTED_EQUITY_BREACH
REJECTED,GBPUSD,BUY,2020-05-26 03:00:00+00:00,,PRE_TRADE_PROJECTED_EQUITY_BREACH
REJECTED,EURUSD,BUY,2020-05-26 09:00:00+00:00,,PRE_TRADE_PROJECTED_EQUITY_BREACH
REJECTED,GBPUSD,SELL,2020-05-28 01:00:00+00:00,,PRE_TRADE_PROJECTED_EQUITY_BREACH
REJECTED,GBPUSD,BUY,2020-05-28 15:00:00+00:00,,PRE_TRADE_PROJECTED_EQUITY_BREACH
REJECTED,EURUSD,SELL,2020-06-09 08:00:00+00:00,,PRE_TRADE_PROJECTED_EQUITY_BREACH
REJECTED,EURUSD,BUY,2020-06-09 14:00:00+00:00,,PRE_TRADE_PROJECTED_EQUITY_BREACH
REJECTED,GBPUSD,SELL,2020-06-11 07:00:00+00:00,,PRE_TRADE_PROJECTED_EQUITY_BREACH
REJECTED,EURUSD,SELL,2020-06-11 21:00:00+00:00,,PRE_TRADE_PROJECTED_EQUITY_BREACH
REJECTED,EURUSD,BUY,2020-06-15 23:00:00+00:00,,PRE_TRADE_PROJECTED_EQUITY_BREACH
REJECTED,GBPUSD,BUY,2020-06-16 01:00:00+00:00,,PRE_TRADE_PROJECTED_EQUITY_BREACH
REJECTED,EURUSD,SELL,2020-06-16 17:00:00+00:00,,PRE_TRADE_PROJECTED_EQUITY_BREACH
REJECTED,GBPUSD,SELL,2020-06-16 23:00:00+00:00,,PRE_TRADE_PROJECTED_EQUITY_BREACH
REJECTED,EURUSD,BUY,2020-06-22 16:00:00+00:00,,PRE_TRADE_PROJECTED_EQUITY_BREACH
REJECTED,GBPUSD,BUY,2020-06-22 20:00:00+00:00,,PRE_TRADE_PROJECTED_EQUITY_BREACH
REJECTED,GBPUSD,SELL,2020-06-24 19:00:00+00:00,,PRE_TRADE_PROJECTED_EQUITY_BREACH
REJECTED,EURUSD,SELL,2020-06-24 22:00:00+00:00,,PRE_TRADE_PROJECTED_EQUITY_BREACH
REJECTED,EURUSD,BUY,2020-06-29 08:00:00+00:00,,PRE_TRADE_PROJECTED_EQUITY_BREACH
REJECTED,EURUSD,SELL,2020-06-30 07:00:00+00:00,,PRE_TRADE_PROJECTED_EQUITY_BREACH
REJECTED,GBPUSD,BUY,2020-06-30 21:00:00+00:00,,PRE_TRADE_PROJECTED_EQUITY_BREACH
REJECTED,EURUSD,BUY,2020-07-01 17:00:00+00:00,,PRE_TRADE_PROJECTED_EQUITY_BREACH
REJECTED,EURUSD,SELL,2020-07-03 02:00:00+00:00,,PRE_TRADE_PROJECTED_EQUITY_BREACH
REJECTED,EURUSD,BUY,2020-07-06 01:00:00+00:00,,PRE_TRADE_PROJECTED_EQUITY_BREACH
REJECTED,EURUSD,SELL,2020-07-08 01:00:00+00:00,,PRE_TRADE_PROJECTED_EQUITY_BREACH
REJECTED,EURUSD,BUY,2020-07-08 14:00:00+00:00,,PRE_TRADE_PROJECTED_EQUITY_BREACH
REJECTED,EURUSD,SELL,2020-07-09 22:00:00+00:00,,PRE_TRADE_PROJECTED_EQUITY_BREACH
REJECTED,EURUSD,BUY,2020-07-13 01:00:00+00:00,,PRE_TRADE_PROJECTED_EQUITY_BREACH
REJECTED,GBPUSD,SELL,2020-07-13 19:00:00+00:00,,PRE_TRADE_PROJECTED_EQUITY_BREACH
REJECTED,GBPUSD,BUY,2020-07-15 10:00:00+00:00,,PRE_TRADE_PROJECTED_EQUITY_BREACH
REJECTED,GBPUSD,SELL,2020-07-16 05:00:00+00:00,,PRE_TRADE_PROJECTED_EQUITY_BREACH
REJECTED,EURUSD,SELL,2020-07-17 01:00:00+00:00,,PRE_TRADE_PROJECTED_EQUITY_BREACH
REJECTED,EURUSD,BUY,2020-07-17 11:00:00+00:00,,PRE_TRADE_PROJECTED_EQUITY_BREACH
REJECTED,GBPUSD,BUY,2020-07-20 11:00:00+00:00,,PRE_TRADE_PROJECTED_EQUITY_BREACH
REJECTED,EURUSD,SELL,2020-08-03 01:00:00+00:00,,PRE_TRADE_PROJECTED_EQUITY_BREACH
REJECTED,GBPUSD,SELL,2020-08-03 14:00:00+00:00,,PRE_TRADE_PROJECTED_EQUITY_BREACH
REJECTED,GBPUSD,BUY,2020-08-03 23:00:00+00:00,,PRE_TRADE_PROJECTED_EQUITY_BREACH
REJECTED,GBPUSD,SELL,2020-08-04 11:00:00+00:00,,PRE_TRADE_PROJECTED_EQUITY_BREACH
REJECTED,EURUSD,BUY,2020-08-04 21:00:00+00:00,,PRE_TRADE_PROJECTED_EQUITY_BREACH
REJECTED,GBPUSD,BUY,2020-08-05 01:00:00+00:00,,PRE_TRADE_PROJECTED_EQUITY_BREACH
REJECTED,EURUSD,SELL,2020-08-07 11:00:00+00:00,,PRE_TRADE_PROJECTED_EQUITY_BREACH
REJECTED,GBPUSD,SELL,2020-08-07 11:00:00+00:00,,PRE_TRADE_PROJECTED_EQUITY_BREACH
REJECTED,GBPUSD,BUY,2020-08-11 12:00:00+00:00,,PRE_TRADE_PROJECTED_EQUITY_BREACH
REJECTED,GBPUSD,SELL,2020-08-11 20:00:00+00:00,,PRE_TRADE_PROJECTED_EQUITY_BREACH
REJECTED,EURUSD,BUY,2020-08-12 16:00:00+00:00,,PRE_TRADE_PROJECTED_EQUITY_BREACH
REJECTED,GBPUSD,BUY,2020-08-13 10:00:00+00:00,,PRE_TRADE_PROJECTED_EQUITY_BREACH
REJECTED,EURUSD,SELL,2020-08-19 21:00:00+00:00,,PRE_TRADE_PROJECTED_EQUITY_BREACH
REJECTED,GBPUSD,SELL,2020-08-19 22:00:00+00:00,,PRE_TRADE_PROJECTED_EQUITY_BREACH
REJECTED,GBPUSD,BUY,2020-08-20 20:00:00+00:00,,PRE_TRADE_PROJECTED_EQUITY_BREACH
REJECTED,GBPUSD,SELL,2020-08-21 15:00:00+00:00,,PRE_TRADE_PROJECTED_EQUITY_BREACH
REJECTED,GBPUSD,BUY,2020-08-25 16:00:00+00:00,,PRE_TRADE_PROJECTED_EQUITY_BREACH
REJECTED,EURUSD,BUY,2020-08-25 19:00:00+00:00,,PRE_TRADE_PROJECTED_EQUITY_BREACH
REJECTED,EURUSD,SELL,2020-08-26 11:00:00+00:00,,PRE_TRADE_PROJECTED_EQUITY_BREACH
REJECTED,EURUSD,BUY,2020-08-26 21:00:00+00:00,,PRE_TRADE_PROJECTED_EQUITY_BREACH
REJECTED,EURUSD,SELL,2020-08-27 15:00:00+00:00,,PRE_TRADE_PROJECTED_EQUITY_BREACH
REJECTED,EURUSD,BUY,2020-08-28 03:00:00+00:00,,PRE_TRADE_PROJECTED_EQUITY_BREACH
REJECTED,EURUSD,SELL,2020-09-02 04:00:00+00:00,,PRE_TRADE_PROJECTED_EQUITY_BREACH
REJECTED,GBPUSD,SELL,2020-09-02 14:00:00+00:00,,PRE_TRADE_PROJECTED_EQUITY_BREACH
REJECTED,EURUSD,BUY,2020-09-10 02:00:00+00:00,,PRE_TRADE_PROJECTED_EQUITY_BREACH
REJECTED,GBPUSD,BUY,2020-09-15 09:00:00+00:00,,PRE_TRADE_PROJECTED_EQUITY_BREACH
REJECTED,EURUSD,SELL,2020-09-16 00:00:00+00:00,,PRE_TRADE_PROJECTED_EQUITY_BREACH
REJECTED,EURUSD,BUY,2020-09-16 12:00:00+00:00,,PRE_TRADE_PROJECTED_EQUITY_BREACH
REJECTED,EURUSD,SELL,2020-09-16 14:00:00+00:00,,PRE_TRADE_PROJECTED_EQUITY_BREACH
REJECTED,EURUSD,BUY,2020-09-18 01:00:00+00:00,,PRE_TRADE_PROJECTED_EQUITY_BREACH
REJECTED,GBPUSD,SELL,2020-09-21 00:00:00+00:00,,PRE_TRADE_PROJECTED_EQUITY_BREACH
REJECTED,GBPUSD,BUY,2020-09-21 02:00:00+00:00,,PRE_TRADE_PROJECTED_EQUITY_BREACH
REJECTED,GBPUSD,SELL,2020-09-21 08:00:00+00:00,,PRE_TRADE_PROJECTED_EQUITY_BREACH
REJECTED,EURUSD,SELL,2020-09-21 11:00:00+00:00,,PRE_TRADE_PROJECTED_EQUITY_BREACH
REJECTED,GBPUSD,BUY,2020-09-25 07:00:00+00:00,,PRE_TRADE_PROJECTED_EQUITY_BREACH
REJECTED,GBPUSD,SELL,2020-09-25 11:00:00+00:00,,PRE_TRADE_PROJECTED_EQUITY_BREACH
REJECTED,GBPUSD,BUY,2020-09-28 03:00:00+00:00,,PRE_TRADE_PROJECTED_EQUITY_BREACH
REJECTED,EURUSD,BUY,2020-09-28 20:00:00+00:00,,PRE_TRADE_PROJECTED_EQUITY_BREACH
REJECTED,GBPUSD,SELL,2020-10-02 06:00:00+00:00,,PRE_TRADE_PROJECTED_EQUITY_BREACH
REJECTED,GBPUSD,BUY,2020-10-02 08:00:00+00:00,,PRE_TRADE_PROJECTED_EQUITY_BREACH
REJECTED,EURUSD,SELL,2020-10-02 12:00:00+00:00,,PRE_TRADE_PROJECTED_EQUITY_BREACH
REJECTED,EURUSD,BUY,2020-10-05 08:00:00+00:00,,PRE_TRADE_PROJECTED_EQUITY_BREACH
REJECTED,GBPUSD,SELL,2020-10-06 21:00:00+00:00,,PRE_TRADE_PROJECTED_EQUITY_BREACH
REJECTED,EURUSD,SELL,2020-10-07 01:00:00+00:00,,PRE_TRADE_PROJECTED_EQUITY_BREACH
REJECTED,EURUSD,BUY,2020-10-07 15:00:00+00:00,,PRE_TRADE_PROJECTED_EQUITY_BREACH
REJECTED,GBPUSD,BUY,2020-10-08 07:00:00+00:00,,PRE_TRADE_PROJECTED_EQUITY_BREACH
REJECTED,GBPUSD,SELL,2020-10-08 13:00:00+00:00,,PRE_TRADE_PROJECTED_EQUITY_BREACH
REJECTED,GBPUSD,BUY,2020-10-08 14:00:00+00:00,,PRE_TRADE_PROJECTED_EQUITY_BREACH
REJECTED,EURUSD,SELL,2020-10-08 15:00:00+00:00,,PRE_TRADE_PROJECTED_EQUITY_BREACH
REJECTED,EURUSD,BUY,2020-10-09 02:00:00+00:00,,PRE_TRADE_PROJECTED_EQUITY_BREACH
REJECTED,EURUSD,SELL,2020-10-13 10:00:00+00:00,,PRE_TRADE_PROJECTED_EQUITY_BREACH
REJECTED,GBPUSD,SELL,2020-10-13 18:00:00+00:00,,PRE_TRADE_PROJECTED_EQUITY_BREACH
REJECTED,GBPUSD,BUY,2020-10-14 19:00:00+00:00,,PRE_TRADE_PROJECTED_EQUITY_BREACH
REJECTED,GBPUSD,SELL,2020-10-15 12:00:00+00:00,,PRE_TRADE_PROJECTED_EQUITY_BREACH
REJECTED,GBPUSD,BUY,2020-10-19 09:00:00+00:00,,PRE_TRADE_PROJECTED_EQUITY_BREACH
REJECTED,EURUSD,BUY,2020-10-19 11:00:00+00:00,,PRE_TRADE_PROJECTED_EQUITY_BREACH
REJECTED,GBPUSD,SELL,2020-10-20 13:00:00+00:00,,PRE_TRADE_PROJECTED_EQUITY_BREACH
REJECTED,GBPUSD,BUY,2020-10-20 14:00:00+00:00,,PRE_TRADE_PROJECTED_EQUITY_BREACH
REJECTED,GBPUSD,SELL,2020-10-20 18:00:00+00:00,,PRE_TRADE_PROJECTED_EQUITY_BREACH
REJECTED,GBPUSD,BUY,2020-10-21 01:00:00+00:00,,PRE_TRADE_PROJECTED_EQUITY_BREACH
REJECTED,EURUSD,SELL,2020-10-22 22:00:00+00:00,,PRE_TRADE_PROJECTED_EQUITY_BREACH
REJECTED,EURUSD,BUY,2020-10-23 13:00:00+00:00,,PRE_TRADE_PROJECTED_EQUITY_BREACH
REJECTED,GBPUSD,SELL,2020-10-23 16:00:00+00:00,,PRE_TRADE_PROJECTED_EQUITY_BREACH
REJECTED,EURUSD,SELL,2020-10-26 10:00:00+00:00,,PRE_TRADE_PROJECTED_EQUITY_BREACH
REJECTED,GBPUSD,BUY,2020-10-27 17:00:00+00:00,,PRE_TRADE_PROJECTED_EQUITY_BREACH
REJECTED,GBPUSD,SELL,2020-10-28 00:00:00+00:00,,PRE_TRADE_PROJECTED_EQUITY_BREACH
REJECTED,GBPUSD,BUY,2020-10-28 06:00:00+00:00,,PRE_TRADE_PROJECTED_EQUITY_BREACH
REJECTED,GBPUSD,SELL,2020-10-28 07:00:00+00:00,,PRE_TRADE_PROJECTED_EQUITY_BREACH
REJECTED,GBPUSD,BUY,2020-11-03 09:00:00+00:00,,PRE_TRADE_PROJECTED_EQUITY_BREACH
REJECTED,EURUSD,BUY,2020-11-03 11:00:00+00:00,,PRE_TRADE_PROJECTED_EQUITY_BREACH
REJECTED,GBPUSD,SELL,2020-11-05 03:00:00+00:00,,PRE_TRADE_PROJECTED_EQUITY_BREACH
REJECTED,GBPUSD,BUY,2020-11-05 08:00:00+00:00,,PRE_TRADE_PROJECTED_EQUITY_BREACH
REJECTED,EURUSD,SELL,2020-11-10 01:00:00+00:00,,PRE_TRADE_PROJECTED_EQUITY_BREACH
REJECTED,GBPUSD,SELL,2020-11-12 07:00:00+00:00,,PRE_TRADE_PROJECTED_EQUITY_BREACH
REJECTED,EURUSD,BUY,2020-11-12 20:00:00+00:00,,PRE_TRADE_PROJECTED_EQUITY_BREACH
REJECTED,GBPUSD,BUY,2020-11-15 23:00:00+00:00,,PRE_TRADE_PROJECTED_EQUITY_BREACH
REJECTED,EURUSD,SELL,2020-11-19 01:00:00+00:00,,PRE_TRADE_PROJECTED_EQUITY_BREACH
REJECTED,GBPUSD,SELL,2020-11-19 09:00:00+00:00,,PRE_TRADE_PROJECTED_EQUITY_BREACH
REJECTED,EURUSD,BUY,2020-11-19 22:00:00+00:00,,PRE_TRADE_PROJECTED_EQUITY_BREACH
REJECTED,GBPUSD,BUY,2020-11-19 22:00:00+00:00,,PRE_TRADE_PROJECTED_EQUITY_BREACH
REJECTED,EURUSD,SELL,2020-11-23 18:00:00+00:00,,PRE_TRADE_PROJECTED_EQUITY_BREACH
REJECTED,EURUSD,BUY,2020-11-24 12:00:00+00:00,,PRE_TRADE_PROJECTED_EQUITY_BREACH
REJECTED,EURUSD,SELL,2020-11-24 13:00:00+00:00,,PRE_TRADE_PROJECTED_EQUITY_BREACH
REJECTED,EURUSD,BUY,2020-11-24 14:00:00+00:00,,PRE_TRADE_PROJECTED_EQUITY_BREACH
REJECTED,GBPUSD,SELL,2020-11-27 11:00:00+00:00,,PRE_TRADE_PROJECTED_EQUITY_BREACH
REJECTED,GBPUSD,BUY,2020-12-01 07:00:00+00:00,,PRE_TRADE_PROJECTED_EQUITY_BREACH
REJECTED,GBPUSD,SELL,2020-12-02 14:00:00+00:00,,PRE_TRADE_PROJECTED_EQUITY_BREACH
REJECTED,GBPUSD,BUY,2020-12-03 04:00:00+00:00,,PRE_TRADE_PROJECTED_EQUITY_BREACH
REJECTED,GBPUSD,SELL,2020-12-07 07:00:00+00:00,,PRE_TRADE_PROJECTED_EQUITY_BREACH
REJECTED,EURUSD,SELL,2020-12-07 11:00:00+00:00,,PRE_TRADE_PROJECTED_EQUITY_BREACH
REJECTED,EURUSD,BUY,2020-12-07 14:00:00+00:00,,PRE_TRADE_PROJECTED_EQUITY_BREACH
REJECTED,EURUSD,SELL,2020-12-07 21:00:00+00:00,,PRE_TRADE_PROJECTED_EQUITY_BREACH
REJECTED,EURUSD,BUY,2020-12-09 07:00:00+00:00,,PRE_TRADE_PROJECTED_EQUITY_BREACH
REJECTED,GBPUSD,BUY,2020-12-09 08:00:00+00:00,,PRE_TRADE_PROJECTED_EQUITY_BREACH
REJECTED,EURUSD,SELL,2020-12-09 14:00:00+00:00,,PRE_TRADE_PROJECTED_EQUITY_BREACH
REJECTED,GBPUSD,SELL,2020-12-10 05:00:00+00:00,,PRE_TRADE_PROJECTED_EQUITY_BREACH
REJECTED,EURUSD,BUY,2020-12-10 15:00:00+00:00,,PRE_TRADE_PROJECTED_EQUITY_BREACH
REJECTED,GBPUSD,BUY,2020-12-14 07:00:00+00:00,,PRE_TRADE_PROJECTED_EQUITY_BREACH
REJECTED,GBPUSD,SELL,2020-12-18 19:00:00+00:00,,PRE_TRADE_PROJECTED_EQUITY_BREACH
REJECTED,EURUSD,SELL,2020-12-21 03:00:00+00:00,,PRE_TRADE_PROJECTED_EQUITY_BREACH
REJECTED,EURUSD,BUY,2020-12-21 22:00:00+00:00,,PRE_TRADE_PROJECTED_EQUITY_BREACH
REJECTED,EURUSD,SELL,2020-12-22 15:00:00+00:00,,PRE_TRADE_PROJECTED_EQUITY_BREACH
REJECTED,GBPUSD,BUY,2020-12-23 11:00:00+00:00,,PRE_TRADE_PROJECTED_EQUITY_BREACH
REJECTED,EURUSD,BUY,2020-12-24 06:00:00+00:00,,PRE_TRADE_PROJECTED_EQUITY_BREACH
REJECTED,EURUSD,SELL,2020-12-24 12:00:00+00:00,,PRE_TRADE_PROJECTED_EQUITY_BREACH
REJECTED,EURUSD,BUY,2020-12-28 02:00:00+00:00,,PRE_TRADE_PROJECTED_EQUITY_BREACH
REJECTED,GBPUSD,SELL,2020-12-28 16:00:00+00:00,,PRE_TRADE_PROJECTED_EQUITY_BREACH
REJECTED,GBPUSD,BUY,2020-12-30 02:00:00+00:00,,PRE_TRADE_PROJECTED_EQUITY_BREACH
REJECTED,EURUSD,SELL,2020-12-31 18:00:00+00:00,,PRE_TRADE_PROJECTED_EQUITY_BREACH
REJECTED,EURUSD,BUY,2021-01-04 10:00:00+00:00,,PRE_TRADE_PROJECTED_EQUITY_BREACH
REJECTED,GBPUSD,SELL,2021-01-04 19:00:00+00:00,,PRE_TRADE_PROJECTED_EQUITY_BREACH
REJECTED,EURUSD,SELL,2021-01-04 21:00:00+00:00,,PRE_TRADE_PROJECTED_EQUITY_BREACH
REJECTED,EURUSD,BUY,2021-01-05 05:00:00+00:00,,PRE_TRADE_PROJECTED_EQUITY_BREACH
REJECTED,GBPUSD,BUY,2021-01-05 23:00:00+00:00,,PRE_TRADE_PROJECTED_EQUITY_BREACH
REJECTED,GBPUSD,SELL,2021-01-06 15:00:00+00:00,,PRE_TRADE_PROJECTED_EQUITY_BREACH
REJECTED,GBPUSD,BUY,2021-01-07 01:00:00+00:00,,PRE_TRADE_PROJECTED_EQUITY_BREACH
REJECTED,GBPUSD,SELL,2021-01-07 02:00:00+00:00,,PRE_TRADE_PROJECTED_EQUITY_BREACH
REJECTED,EURUSD,SELL,2021-01-07 12:00:00+00:00,,PRE_TRADE_PROJECTED_EQUITY_BREACH
REJECTED,GBPUSD,BUY,2021-01-12 10:00:00+00:00,,PRE_TRADE_PROJECTED_EQUITY_BREACH
REJECTED,EURUSD,BUY,2021-01-13 01:00:00+00:00,,PRE_TRADE_PROJECTED_EQUITY_BREACH
REJECTED,EURUSD,SELL,2021-01-13 13:00:00+00:00,,PRE_TRADE_PROJECTED_EQUITY_BREACH
REJECTED,GBPUSD,SELL,2021-01-15 14:00:00+00:00,,PRE_TRADE_PROJECTED_EQUITY_BREACH
REJECTED,EURUSD,BUY,2021-01-19 11:00:00+00:00,,PRE_TRADE_PROJECTED_EQUITY_BREACH
REJECTED,GBPUSD,BUY,2021-01-19 12:00:00+00:00,,PRE_TRADE_PROJECTED_EQUITY_BREACH
REJECTED,EURUSD,SELL,2021-01-20 20:00:00+00:00,,PRE_TRADE_PROJECTED_EQUITY_BREACH
REJECTED,EURUSD,BUY,2021-01-21 02:00:00+00:00,,PRE_TRADE_PROJECTED_EQUITY_BREACH
REJECTED,GBPUSD,SELL,2021-01-22 15:00:00+00:00,,PRE_TRADE_PROJECTED_EQUITY_BREACH
REJECTED,GBPUSD,BUY,2021-01-25 02:00:00+00:00,,PRE_TRADE_PROJECTED_EQUITY_BREACH
REJECTED,EURUSD,SELL,2021-01-25 15:00:00+00:00,,PRE_TRADE_PROJECTED_EQUITY_BREACH
REJECTED,GBPUSD,SELL,2021-01-25 15:00:00+00:00,,PRE_TRADE_PROJECTED_EQUITY_BREACH
REJECTED,GBPUSD,BUY,2021-01-26 15:00:00+00:00,,PRE_TRADE_PROJECTED_EQUITY_BREACH
REJECTED,EURUSD,BUY,2021-01-26 19:00:00+00:00,,PRE_TRADE_PROJECTED_EQUITY_BREACH
REJECTED,EURUSD,SELL,2021-01-27 10:00:00+00:00,,PRE_TRADE_PROJECTED_EQUITY_BREACH
REJECTED,GBPUSD,SELL,2021-01-27 23:00:00+00:00,,PRE_TRADE_PROJECTED_EQUITY_BREACH
REJECTED,GBPUSD,BUY,2021-01-28 18:00:00+00:00,,PRE_TRADE_PROJECTED_EQUITY_BREACH
REJECTED,EURUSD,BUY,2021-01-29 13:00:00+00:00,,PRE_TRADE_PROJECTED_EQUITY_BREACH
REJECTED,EURUSD,SELL,2021-02-01 09:00:00+00:00,,PRE_TRADE_PROJECTED_EQUITY_BREACH
REJECTED,GBPUSD,SELL,2021-02-01 15:00:00+00:00,,PRE_TRADE_PROJECTED_EQUITY_BREACH
REJECTED,GBPUSD,BUY,2021-02-04 21:00:00+00:00,,PRE_TRADE_PROJECTED_EQUITY_BREACH
REJECTED,EURUSD,BUY,2021-02-05 19:00:00+00:00,,PRE_TRADE_PROJECTED_EQUITY_BREACH
REJECTED,GBPUSD,SELL,2021-02-12 03:00:00+00:00,,PRE_TRADE_PROJECTED_EQUITY_BREACH
REJECTED,EURUSD,SELL,2021-02-12 13:00:00+00:00,,PRE_TRADE_PROJECTED_EQUITY_BREACH
REJECTED,GBPUSD,BUY,2021-02-12 16:00:00+00:00,,PRE_TRADE_PROJECTED_EQUITY_BREACH
REJECTED,EURUSD,BUY,2021-02-14 23:00:00+00:00,,PRE_TRADE_PROJECTED_EQUITY_BREACH
REJECTED,EURUSD,SELL,2021-02-16 17:00:00+00:00,,PRE_TRADE_PROJECTED_EQUITY_BREACH
REJECTED,GBPUSD,SELL,2021-02-17 09:00:00+00:00,,PRE_TRADE_PROJECTED_EQUITY_BREACH
REJECTED,GBPUSD,BUY,2021-02-18 11:00:00+00:00,,PRE_TRADE_PROJECTED_EQUITY_BREACH
REJECTED,EURUSD,BUY,2021-02-19 00:00:00+00:00,,PRE_TRADE_PROJECTED_EQUITY_BREACH
REJECTED,GBPUSD,SELL,2021-02-25 19:00:00+00:00,,PRE_TRADE_PROJECTED_EQUITY_BREACH
REJECTED,EURUSD,SELL,2021-02-26 07:00:00+00:00,,PRE_TRADE_PROJECTED_EQUITY_BREACH
REJECTED,EURUSD,BUY,2021-03-03 02:00:00+00:00,,PRE_TRADE_PROJECTED_EQUITY_BREACH
REJECTED,GBPUSD,BUY,2021-03-03 03:00:00+00:00,,PRE_TRADE_PROJECTED_EQUITY_BREACH
REJECTED,EURUSD,SELL,2021-03-03 20:00:00+00:00,,PRE_TRADE_PROJECTED_EQUITY_BREACH
REJECTED,GBPUSD,SELL,2021-03-04 02:00:00+00:00,,PRE_TRADE_PROJECTED_EQUITY_BREACH
REJECTED,GBPUSD,BUY,2021-03-04 14:00:00+00:00,,PRE_TRADE_PROJECTED_EQUITY_BREACH
REJECTED,GBPUSD,SELL,2021-03-04 18:00:00+00:00,,PRE_TRADE_PROJECTED_EQUITY_BREACH
REJECTED,GBPUSD,BUY,2021-03-09 11:00:00+00:00,,PRE_TRADE_PROJECTED_EQUITY_BREACH
REJECTED,EURUSD,BUY,2021-03-10 17:00:00+00:00,,PRE_TRADE_PROJECTED_EQUITY_BREACH
REJECTED,GBPUSD,SELL,2021-03-12 14:00:00+00:00,,PRE_TRADE_PROJECTED_EQUITY_BREACH
REJECTED,EURUSD,SELL,2021-03-15 09:00:00+00:00,,PRE_TRADE_PROJECTED_EQUITY_BREACH
REJECTED,GBPUSD,BUY,2021-03-17 10:00:00+00:00,,PRE_TRADE_PROJECTED_EQUITY_BREACH
REJECTED,GBPUSD,SELL,2021-03-17 15:00:00+00:00,,PRE_TRADE_PROJECTED_EQUITY_BREACH
REJECTED,GBPUSD,BUY,2021-03-17 18:00:00+00:00,,PRE_TRADE_PROJECTED_EQUITY_BREACH
REJECTED,EURUSD,BUY,2021-03-17 19:00:00+00:00,,PRE_TRADE_PROJECTED_EQUITY_BREACH
REJECTED,EURUSD,SELL,2021-03-18 19:00:00+00:00,,PRE_TRADE_PROJECTED_EQUITY_BREACH
REJECTED,GBPUSD,SELL,2021-03-19 12:00:00+00:00,,PRE_TRADE_PROJECTED_EQUITY_BREACH
REJECTED,EURUSD,BUY,2021-03-22 16:00:00+00:00,,PRE_TRADE_PROJECTED_EQUITY_BREACH
REJECTED,EURUSD,SELL,2021-03-23 10:00:00+00:00,,PRE_TRADE_PROJECTED_EQUITY_BREACH
REJECTED,GBPUSD,BUY,2021-03-26 03:00:00+00:00,,PRE_TRADE_PROJECTED_EQUITY_BREACH
REJECTED,GBPUSD,SELL,2021-03-30 08:00:00+00:00,,PRE_TRADE_PROJECTED_EQUITY_BREACH
REJECTED,GBPUSD,BUY,2021-03-31 15:00:00+00:00,,PRE_TRADE_PROJECTED_EQUITY_BREACH
REJECTED,EURUSD,BUY,2021-04-01 16:00:00+00:00,,PRE_TRADE_PROJECTED_EQUITY_BREACH
REJECTED,EURUSD,SELL,2021-04-05 09:00:00+00:00,,PRE_TRADE_PROJECTED_EQUITY_BREACH
REJECTED,EURUSD,BUY,2021-04-05 14:00:00+00:00,,PRE_TRADE_PROJECTED_EQUITY_BREACH
REJECTED,GBPUSD,SELL,2021-04-06 18:00:00+00:00,,PRE_TRADE_PROJECTED_EQUITY_BREACH
REJECTED,GBPUSD,BUY,2021-04-12 19:00:00+00:00,,PRE_TRADE_PROJECTED_EQUITY_BREACH
REJECTED,GBPUSD,SELL,2021-04-16 07:00:00+00:00,,PRE_TRADE_PROJECTED_EQUITY_BREACH
REJECTED,GBPUSD,BUY,2021-04-16 12:00:00+00:00,,PRE_TRADE_PROJECTED_EQUITY_BREACH
REJECTED,EURUSD,SELL,2021-04-19 05:00:00+00:00,,PRE_TRADE_PROJECTED_EQUITY_BREACH
REJECTED,EURUSD,BUY,2021-04-19 07:00:00+00:00,,PRE_TRADE_PROJECTED_EQUITY_BREACH
REJECTED,EURUSD,SELL,2021-04-21 12:00:00+00:00,,PRE_TRADE_PROJECTED_EQUITY_BREACH
REJECTED,EURUSD,BUY,2021-04-21 19:00:00+00:00,,PRE_TRADE_PROJECTED_EQUITY_BREACH
REJECTED,GBPUSD,SELL,2021-04-22 10:00:00+00:00,,PRE_TRADE_PROJECTED_EQUITY_BREACH
REJECTED,EURUSD,SELL,2021-04-22 19:00:00+00:00,,PRE_TRADE_PROJECTED_EQUITY_BREACH
REJECTED,EURUSD,BUY,2021-04-23 09:00:00+00:00,,PRE_TRADE_PROJECTED_EQUITY_BREACH
REJECTED,GBPUSD,BUY,2021-04-26 07:00:00+00:00,,PRE_TRADE_PROJECTED_EQUITY_BREACH
REJECTED,GBPUSD,SELL,2021-04-27 09:00:00+00:00,,PRE_TRADE_PROJECTED_EQUITY_BREACH
REJECTED,GBPUSD,BUY,2021-04-27 11:00:00+00:00,,PRE_TRADE_PROJECTED_EQUITY_BREACH
REJECTED,GBPUSD,SELL,2021-04-28 05:00:00+00:00,,PRE_TRADE_PROJECTED_EQUITY_BREACH
REJECTED,EURUSD,SELL,2021-04-28 10:00:00+00:00,,PRE_TRADE_PROJECTED_EQUITY_BREACH
REJECTED,EURUSD,BUY,2021-04-28 16:00:00+00:00,,PRE_TRADE_PROJECTED_EQUITY_BREACH
REJECTED,GBPUSD,BUY,2021-04-28 17:00:00+00:00,,PRE_TRADE_PROJECTED_EQUITY_BREACH
REJECTED,EURUSD,SELL,2021-04-30 12:00:00+00:00,,PRE_TRADE_PROJECTED_EQUITY_BREACH
REJECTED,GBPUSD,SELL,2021-04-30 13:00:00+00:00,,PRE_TRADE_PROJECTED_EQUITY_BREACH
REJECTED,GBPUSD,BUY,2021-05-03 21:00:00+00:00,,PRE_TRADE_PROJECTED_EQUITY_BREACH
REJECTED,GBPUSD,SELL,2021-05-04 09:00:00+00:00,,PRE_TRADE_PROJECTED_EQUITY_BREACH
REJECTED,GBPUSD,BUY,2021-05-04 23:00:00+00:00,,PRE_TRADE_PROJECTED_EQUITY_BREACH
REJECTED,EURUSD,BUY,2021-05-06 12:00:00+00:00,,PRE_TRADE_PROJECTED_EQUITY_BREACH
REJECTED,GBPUSD,SELL,2021-05-06 18:00:00+00:00,,PRE_TRADE_PROJECTED_EQUITY_BREACH
REJECTED,GBPUSD,BUY,2021-05-07 03:00:00+00:00,,PRE_TRADE_PROJECTED_EQUITY_BREACH
REJECTED,EURUSD,SELL,2021-05-12 08:00:00+00:00,,PRE_TRADE_PROJECTED_EQUITY_BREACH
REJECTED,GBPUSD,SELL,2021-05-12 20:00:00+00:00,,PRE_TRADE_PROJECTED_EQUITY_BREACH
REJECTED,EURUSD,BUY,2021-05-14 12:00:00+00:00,,PRE_TRADE_PROJECTED_EQUITY_BREACH
REJECTED,GBPUSD,BUY,2021-05-14 15:00:00+00:00,,PRE_TRADE_PROJECTED_EQUITY_BREACH
REJECTED,GBPUSD,SELL,2021-05-19 20:00:00+00:00,,PRE_TRADE_PROJECTED_EQUITY_BREACH
REJECTED,EURUSD,SELL,2021-05-20 03:00:00+00:00,,PRE_TRADE_PROJECTED_EQUITY_BREACH
REJECTED,EURUSD,BUY,2021-05-20 14:00:00+00:00,,PRE_TRADE_PROJECTED_EQUITY_BREACH
REJECTED,GBPUSD,BUY,2021-05-20 19:00:00+00:00,,PRE_TRADE_PROJECTED_EQUITY_BREACH
REJECTED,EURUSD,SELL,2021-05-21 17:00:00+00:00,,PRE_TRADE_PROJECTED_EQUITY_BREACH
REJECTED,GBPUSD,SELL,2021-05-24 00:00:00+00:00,,PRE_TRADE_PROJECTED_EQUITY_BREACH
REJECTED,EURUSD,BUY,2021-05-24 14:00:00+00:00,,PRE_TRADE_PROJECTED_EQUITY_BREACH
REJECTED,GBPUSD,BUY,2021-05-25 03:00:00+00:00,,PRE_TRADE_PROJECTED_EQUITY_BREACH
REJECTED,GBPUSD,SELL,2021-05-25 16:00:00+00:00,,PRE_TRADE_PROJECTED_EQUITY_BREACH
REJECTED,GBPUSD,BUY,2021-05-26 11:00:00+00:00,,PRE_TRADE_PROJECTED_EQUITY_BREACH
REJECTED,GBPUSD,SELL,2021-05-26 12:00:00+00:00,,PRE_TRADE_PROJECTED_EQUITY_BREACH
REJECTED,EURUSD,SELL,2021-05-26 18:00:00+00:00,,PRE_TRADE_PROJECTED_EQUITY_BREACH
REJECTED,GBPUSD,BUY,2021-05-27 16:00:00+00:00,,PRE_TRADE_PROJECTED_EQUITY_BREACH
REJECTED,EURUSD,BUY,2021-06-01 01:00:00+00:00,,PRE_TRADE_PROJECTED_EQUITY_BREACH
REJECTED,GBPUSD,SELL,2021-06-01 19:00:00+00:00,,PRE_TRADE_PROJECTED_EQUITY_BREACH
REJECTED,EURUSD,SELL,2021-06-02 10:00:00+00:00,,PRE_TRADE_PROJECTED_EQUITY_BREACH
REJECTED,GBPUSD,BUY,2021-06-03 12:00:00+00:00,,PRE_TRADE_PROJECTED_EQUITY_BREACH
REJECTED,GBPUSD,SELL,2021-06-03 13:00:00+00:00,,PRE_TRADE_PROJECTED_EQUITY_BREACH
REJECTED,GBPUSD,BUY,2021-06-04 18:00:00+00:00,,PRE_TRADE_PROJECTED_EQUITY_BREACH
REJECTED,EURUSD,BUY,2021-06-07 12:00:00+00:00,,PRE_TRADE_PROJECTED_EQUITY_BREACH
REJECTED,GBPUSD,SELL,2021-06-08 13:00:00+00:00,,PRE_TRADE_PROJECTED_EQUITY_BREACH
REJECTED,GBPUSD,BUY,2021-06-09 03:00:00+00:00,,PRE_TRADE_PROJECTED_EQUITY_BREACH
REJECTED,GBPUSD,SELL,2021-06-09 16:00:00+00:00,,PRE_TRADE_PROJECTED_EQUITY_BREACH
REJECTED,EURUSD,SELL,2021-06-10 03:00:00+00:00,,PRE_TRADE_PROJECTED_EQUITY_BREACH
REJECTED,GBPUSD,BUY,2021-06-10 19:00:00+00:00,,PRE_TRADE_PROJECTED_EQUITY_BREACH
REJECTED,EURUSD,BUY,2021-06-11 03:00:00+00:00,,PRE_TRADE_PROJECTED_EQUITY_BREACH
REJECTED,EURUSD,SELL,2021-06-11 10:00:00+00:00,,PRE_TRADE_PROJECTED_EQUITY_BREACH
REJECTED,GBPUSD,SELL,2021-06-11 17:00:00+00:00,,PRE_TRADE_PROJECTED_EQUITY_BREACH
REJECTED,GBPUSD,BUY,2021-06-16 14:00:00+00:00,,PRE_TRADE_PROJECTED_EQUITY_BREACH
REJECTED,GBPUSD,SELL,2021-06-16 19:00:00+00:00,,PRE_TRADE_PROJECTED_EQUITY_BREACH
REJECTED,GBPUSD,BUY,2021-06-21 22:00:00+00:00,,PRE_TRADE_PROJECTED_EQUITY_BREACH
REJECTED,GBPUSD,SELL,2021-06-22 11:00:00+00:00,,PRE_TRADE_PROJECTED_EQUITY_BREACH
REJECTED,GBPUSD,BUY,2021-06-22 15:00:00+00:00,,PRE_TRADE_PROJECTED_EQUITY_BREACH
REJECTED,EURUSD,BUY,2021-06-22 19:00:00+00:00,,PRE_TRADE_PROJECTED_EQUITY_BREACH
REJECTED,GBPUSD,SELL,2021-06-24 16:00:00+00:00,,PRE_TRADE_PROJECTED_EQUITY_BREACH
REJECTED,EURUSD,SELL,2021-06-28 05:00:00+00:00,,PRE_TRADE_PROJECTED_EQUITY_BREACH
REJECTED,GBPUSD,BUY,2021-07-04 23:00:00+00:00,,PRE_TRADE_PROJECTED_EQUITY_BREACH
REJECTED,EURUSD,BUY,2021-07-05 09:00:00+00:00,,PRE_TRADE_PROJECTED_EQUITY_BREACH
REJECTED,EURUSD,SELL,2021-07-06 12:00:00+00:00,,PRE_TRADE_PROJECTED_EQUITY_BREACH
REJECTED,GBPUSD,SELL,2021-07-06 19:00:00+00:00,,PRE_TRADE_PROJECTED_EQUITY_BREACH
REJECTED,EURUSD,BUY,2021-07-08 15:00:00+00:00,,PRE_TRADE_PROJECTED_EQUITY_BREACH
REJECTED,GBPUSD,BUY,2021-07-09 14:00:00+00:00,,PRE_TRADE_PROJECTED_EQUITY_BREACH
REJECTED,EURUSD,SELL,2021-07-13 12:00:00+00:00,,PRE_TRADE_PROJECTED_EQUITY_BREACH
REJECTED,GBPUSD,SELL,2021-07-13 17:00:00+00:00,,PRE_TRADE_PROJECTED_EQUITY_BREACH
REJECTED,GBPUSD,BUY,2021-07-14 14:00:00+00:00,,PRE_TRADE_PROJECTED_EQUITY_BREACH
REJECTED,EURUSD,BUY,2021-07-15 01:00:00+00:00,,PRE_TRADE_PROJECTED_EQUITY_BREACH
REJECTED,GBPUSD,SELL,2021-07-15 03:00:00+00:00,,PRE_TRADE_PROJECTED_EQUITY_BREACH
REJECTED,GBPUSD,BUY,2021-07-15 12:00:00+00:00,,PRE_TRADE_PROJECTED_EQUITY_BREACH
REJECTED,EURUSD,SELL,2021-07-15 16:00:00+00:00,,PRE_TRADE_PROJECTED_EQUITY_BREACH
REJECTED,GBPUSD,SELL,2021-07-15 17:00:00+00:00,,PRE_TRADE_PROJECTED_EQUITY_BREACH
REJECTED,EURUSD,BUY,2021-07-21 21:00:00+00:00,,PRE_TRADE_PROJECTED_EQUITY_BREACH
REJECTED,GBPUSD,BUY,2021-07-21 21:00:00+00:00,,PRE_TRADE_PROJECTED_EQUITY_BREACH
REJECTED,EURUSD,SELL,2021-07-22 18:00:00+00:00,,PRE_TRADE_PROJECTED_EQUITY_BREACH
REJECTED,EURUSD,BUY,2021-07-26 10:00:00+00:00,,PRE_TRADE_PROJECTED_EQUITY_BREACH
REJECTED,GBPUSD,SELL,2021-08-01 22:00:00+00:00,,PRE_TRADE_PROJECTED_EQUITY_BREACH
REJECTED,GBPUSD,BUY,2021-08-03 13:00:00+00:00,,PRE_TRADE_PROJECTED_EQUITY_BREACH
REJECTED,GBPUSD,SELL,2021-08-03 14:00:00+00:00,,PRE_TRADE_PROJECTED_EQUITY_BREACH
REJECTED,EURUSD,SELL,2021-08-03 19:00:00+00:00,,PRE_TRADE_PROJECTED_EQUITY_BREACH
REJECTED,GBPUSD,BUY,2021-08-03 20:00:00+00:00,,PRE_TRADE_PROJECTED_EQUITY_BREACH
REJECTED,EURUSD,BUY,2021-08-04 14:00:00+00:00,,PRE_TRADE_PROJECTED_EQUITY_BREACH
REJECTED,EURUSD,SELL,2021-08-04 15:00:00+00:00,,PRE_TRADE_PROJECTED_EQUITY_BREACH
REJECTED,GBPUSD,SELL,2021-08-04 20:00:00+00:00,,PRE_TRADE_PROJECTED_EQUITY_BREACH
REJECTED,GBPUSD,BUY,2021-08-05 15:00:00+00:00,,PRE_TRADE_PROJECTED_EQUITY_BREACH
REJECTED,GBPUSD,SELL,2021-08-06 14:00:00+00:00,,PRE_TRADE_PROJECTED_EQUITY_BREACH
REJECTED,GBPUSD,BUY,2021-08-11 20:00:00+00:00,,PRE_TRADE_PROJECTED_EQUITY_BREACH
REJECTED,EURUSD,BUY,2021-08-12 04:00:00+00:00,,PRE_TRADE_PROJECTED_EQUITY_BREACH
REJECTED,GBPUSD,SELL,2021-08-12 16:00:00+00:00,,PRE_TRADE_PROJECTED_EQUITY_BREACH
REJECTED,EURUSD,SELL,2021-08-12 19:00:00+00:00,,PRE_TRADE_PROJECTED_EQUITY_BREACH
REJECTED,EURUSD,BUY,2021-08-13 04:00:00+00:00,,PRE_TRADE_PROJECTED_EQUITY_BREACH
REJECTED,EURUSD,SELL,2021-08-13 08:00:00+00:00,,PRE_TRADE_PROJECTED_EQUITY_BREACH
REJECTED,EURUSD,BUY,2021-08-13 09:00:00+00:00,,PRE_TRADE_PROJECTED_EQUITY_BREACH
REJECTED,GBPUSD,BUY,2021-08-13 19:00:00+00:00,,PRE_TRADE_PROJECTED_EQUITY_BREACH
REJECTED,GBPUSD,SELL,2021-08-17 01:00:00+00:00,,PRE_TRADE_PROJECTED_EQUITY_BREACH
REJECTED,EURUSD,SELL,2021-08-17 13:00:00+00:00,,PRE_TRADE_PROJECTED_EQUITY_BREACH
REJECTED,EURUSD,BUY,2021-08-23 03:00:00+00:00,,PRE_TRADE_PROJECTED_EQUITY_BREACH
REJECTED,GBPUSD,BUY,2021-08-23 15:00:00+00:00,,PRE_TRADE_PROJECTED_EQUITY_BREACH
REJECTED,GBPUSD,SELL,2021-08-26 19:00:00+00:00,,PRE_TRADE_PROJECTED_EQUITY_BREACH
REJECTED,GBPUSD,BUY,2021-08-27 16:00:00+00:00,,PRE_TRADE_PROJECTED_EQUITY_BREACH
REJECTED,GBPUSD,SELL,2021-09-01 02:00:00+00:00,,PRE_TRADE_PROJECTED_EQUITY_BREACH
REJECTED,GBPUSD,BUY,2021-09-01 13:00:00+00:00,,PRE_TRADE_PROJECTED_EQUITY_BREACH
REJECTED,GBPUSD,SELL,2021-09-07 10:00:00+00:00,,PRE_TRADE_PROJECTED_EQUITY_BREACH
REJECTED,EURUSD,SELL,2021-09-07 14:00:00+00:00,,PRE_TRADE_PROJECTED_EQUITY_BREACH
REJECTED,GBPUSD,BUY,2021-09-09 13:00:00+00:00,,PRE_TRADE_PROJECTED_EQUITY_BREACH
REJECTED,EURUSD,BUY,2021-09-10 14:00:00+00:00,,PRE_TRADE_PROJECTED_EQUITY_BREACH
REJECTED,EURUSD,SELL,2021-09-10 16:00:00+00:00,,PRE_TRADE_PROJECTED_EQUITY_BREACH
REJECTED,GBPUSD,SELL,2021-09-13 11:00:00+00:00,,PRE_TRADE_PROJECTED_EQUITY_BREACH
REJECTED,GBPUSD,BUY,2021-09-13 14:00:00+00:00,,PRE_TRADE_PROJECTED_EQUITY_BREACH
REJECTED,EURUSD,BUY,2021-09-14 13:00:00+00:00,,PRE_TRADE_PROJECTED_EQUITY_BREACH
REJECTED,GBPUSD,SELL,2021-09-14 22:00:00+00:00,,PRE_TRADE_PROJECTED_EQUITY_BREACH
REJECTED,EURUSD,SELL,2021-09-14 23:00:00+00:00,,PRE_TRADE_PROJECTED_EQUITY_BREACH
REJECTED,EURUSD,BUY,2021-09-15 10:00:00+00:00,,PRE_TRADE_PROJECTED_EQUITY_BREACH
REJECTED,GBPUSD,BUY,2021-09-15 22:00:00+00:00,,PRE_TRADE_PROJECTED_EQUITY_BREACH
REJECTED,EURUSD,SELL,2021-09-16 07:00:00+00:00,,PRE_TRADE_PROJECTED_EQUITY_BREACH
REJECTED,GBPUSD,SELL,2021-09-16 08:00:00+00:00,,PRE_TRADE_PROJECTED_EQUITY_BREACH
REJECTED,GBPUSD,BUY,2021-09-23 13:00:00+00:00,,PRE_TRADE_PROJECTED_EQUITY_BREACH
REJECTED,EURUSD,BUY,2021-09-23 17:00:00+00:00,,PRE_TRADE_PROJECTED_EQUITY_BREACH
REJECTED,EURUSD,SELL,2021-09-24 15:00:00+00:00,,PRE_TRADE_PROJECTED_EQUITY_BREACH
REJECTED,GBPUSD,SELL,2021-09-24 20:00:00+00:00,,PRE_TRADE_PROJECTED_EQUITY_BREACH
REJECTED,GBPUSD,BUY,2021-09-27 13:00:00+00:00,,PRE_TRADE_PROJECTED_EQUITY_BREACH
REJECTED,GBPUSD,SELL,2021-09-28 10:00:00+00:00,,PRE_TRADE_PROJECTED_EQUITY_BREACH
REJECTED,GBPUSD,BUY,2021-10-01 14:00:00+00:00,,PRE_TRADE_PROJECTED_EQUITY_BREACH
REJECTED,EURUSD,BUY,2021-10-04 11:00:00+00:00,,PRE_TRADE_PROJECTED_EQUITY_BREACH
REJECTED,EURUSD,SELL,2021-10-05 08:00:00+00:00,,PRE_TRADE_PROJECTED_EQUITY_BREACH
REJECTED,GBPUSD,SELL,2021-10-06 14:00:00+00:00,,PRE_TRADE_PROJECTED_EQUITY_BREACH
REJECTED,GBPUSD,BUY,2021-10-07 12:00:00+00:00,,PRE_TRADE_PROJECTED_EQUITY_BREACH
REJECTED,EURUSD,BUY,2021-10-08 19:00:00+00:00,,PRE_TRADE_PROJECTED_EQUITY_BREACH
REJECTED,EURUSD,SELL,2021-10-11 20:00:00+00:00,,PRE_TRADE_PROJECTED_EQUITY_BREACH
REJECTED,GBPUSD,SELL,2021-10-11 22:00:00+00:00,,PRE_TRADE_PROJECTED_EQUITY_BREACH
REJECTED,GBPUSD,BUY,2021-10-13 09:00:00+00:00,,PRE_TRADE_PROJECTED_EQUITY_BREACH
REJECTED,EURUSD,BUY,2021-10-13 15:00:00+00:00,,PRE_TRADE_PROJECTED_EQUITY_BREACH
REJECTED,EURUSD,SELL,2021-10-18 06:00:00+00:00,,PRE_TRADE_PROJECTED_EQUITY_BREACH
REJECTED,EURUSD,BUY,2021-10-18 14:00:00+00:00,,PRE_TRADE_PROJECTED_EQUITY_BREACH
REJECTED,EURUSD,SELL,2021-10-21 20:00:00+00:00,,PRE_TRADE_PROJECTED_EQUITY_BREACH
REJECTED,GBPUSD,SELL,2021-10-22 08:00:00+00:00,,PRE_TRADE_PROJECTED_EQUITY_BREACH
REJECTED,GBPUSD,BUY,2021-10-22 10:00:00+00:00,,PRE_TRADE_PROJECTED_EQUITY_BREACH
REJECTED,GBPUSD,SELL,2021-10-22 11:00:00+00:00,,PRE_TRADE_PROJECTED_EQUITY_BREACH
REJECTED,EURUSD,BUY,2021-10-24 22:00:00+00:00,,PRE_TRADE_PROJECTED_EQUITY_BREACH
REJECTED,EURUSD,SELL,2021-10-25 13:00:00+00:00,,PRE_TRADE_PROJECTED_EQUITY_BREACH
REJECTED,GBPUSD,BUY,2021-10-26 11:00:00+00:00,,PRE_TRADE_PROJECTED_EQUITY_BREACH
REJECTED,GBPUSD,SELL,2021-10-26 21:00:00+00:00,,PRE_TRADE_PROJECTED_EQUITY_BREACH
REJECTED,EURUSD,BUY,2021-10-28 14:00:00+00:00,,PRE_TRADE_PROJECTED_EQUITY_BREACH
REJECTED,GBPUSD,BUY,2021-10-28 15:00:00+00:00,,PRE_TRADE_PROJECTED_EQUITY_BREACH
REJECTED,EURUSD,SELL,2021-10-29 16:00:00+00:00,,PRE_TRADE_PROJECTED_EQUITY_BREACH
REJECTED,GBPUSD,SELL,2021-10-29 16:00:00+00:00,,PRE_TRADE_PROJECTED_EQUITY_BREACH
REJECTED,EURUSD,BUY,2021-11-02 07:00:00+00:00,,PRE_TRADE_PROJECTED_EQUITY_BREACH
REJECTED,EURUSD,SELL,2021-11-02 08:00:00+00:00,,PRE_TRADE_PROJECTED_EQUITY_BREACH
REJECTED,EURUSD,BUY,2021-11-02 10:00:00+00:00,,PRE_TRADE_PROJECTED_EQUITY_BREACH
REJECTED,EURUSD,SELL,2021-11-02 15:00:00+00:00,,PRE_TRADE_PROJECTED_EQUITY_BREACH
REJECTED,EURUSD,BUY,2021-11-03 20:00:00+00:00,,PRE_TRADE_PROJECTED_EQUITY_BREACH
REJECTED,GBPUSD,BUY,2021-11-03 20:00:00+00:00,,PRE_TRADE_PROJECTED_EQUITY_BREACH
REJECTED,EURUSD,SELL,2021-11-04 08:00:00+00:00,,PRE_TRADE_PROJECTED_EQUITY_BREACH
REJECTED,GBPUSD,SELL,2021-11-04 10:00:00+00:00,,PRE_TRADE_PROJECTED_EQUITY_BREACH
REJECTED,EURUSD,BUY,2021-11-08 12:00:00+00:00,,PRE_TRADE_PROJECTED_EQUITY_BREACH
REJECTED,GBPUSD,BUY,2021-11-08 19:00:00+00:00,,PRE_TRADE_PROJECTED_EQUITY_BREACH
REJECTED,EURUSD,SELL,2021-11-10 11:00:00+00:00,,PRE_TRADE_PROJECTED_EQUITY_BREACH
REJECTED,GBPUSD,SELL,2021-11-10 11:00:00+00:00,,PRE_TRADE_PROJECTED_EQUITY_BREACH
REJECTED,GBPUSD,BUY,2021-11-15 06:00:00+00:00,,PRE_TRADE_PROJECTED_EQUITY_BREACH
REJECTED,EURUSD,BUY,2021-11-18 18:00:00+00:00,,PRE_TRADE_PROJECTED_EQUITY_BREACH
REJECTED,EURUSD,SELL,2021-11-19 10:00:00+00:00,,PRE_TRADE_PROJECTED_EQUITY_BREACH
REJECTED,GBPUSD,SELL,2021-11-19 11:00:00+00:00,,PRE_TRADE_PROJECTED_EQUITY_BREACH
REJECTED,EURUSD,BUY,2021-11-26 09:00:00+00:00,,PRE_TRADE_PROJECTED_EQUITY_BREACH
REJECTED,GBPUSD,BUY,2021-11-29 09:00:00+00:00,,PRE_TRADE_PROJECTED_EQUITY_BREACH
REJECTED,GBPUSD,SELL,2021-11-29 14:00:00+00:00,,PRE_TRADE_PROJECTED_EQUITY_BREACH
REJECTED,GBPUSD,BUY,2021-11-30 09:00:00+00:00,,PRE_TRADE_PROJECTED_EQUITY_BREACH
REJECTED,GBPUSD,SELL,2021-11-30 15:00:00+00:00,,PRE_TRADE_PROJECTED_EQUITY_BREACH
REJECTED,GBPUSD,BUY,2021-12-01 14:00:00+00:00,,PRE_TRADE_PROJECTED_EQUITY_BREACH
REJECTED,GBPUSD,SELL,2021-12-01 17:00:00+00:00,,PRE_TRADE_PROJECTED_EQUITY_BREACH
REJECTED,GBPUSD,BUY,2021-12-02 14:00:00+00:00,,PRE_TRADE_PROJECTED_EQUITY_BREACH
REJECTED,GBPUSD,SELL,2021-12-02 17:00:00+00:00,,PRE_TRADE_PROJECTED_EQUITY_BREACH
REJECTED,EURUSD,SELL,2021-12-02 19:00:00+00:00,,PRE_TRADE_PROJECTED_EQUITY_BREACH
REJECTED,GBPUSD,BUY,2021-12-07 05:00:00+00:00,,PRE_TRADE_PROJECTED_EQUITY_BREACH
REJECTED,GBPUSD,SELL,2021-12-07 11:00:00+00:00,,PRE_TRADE_PROJECTED_EQUITY_BREACH
REJECTED,EURUSD,BUY,2021-12-08 12:00:00+00:00,,PRE_TRADE_PROJECTED_EQUITY_BREACH
REJECTED,EURUSD,SELL,2021-12-09 21:00:00+00:00,,PRE_TRADE_PROJECTED_EQUITY_BREACH
REJECTED,GBPUSD,BUY,2021-12-10 17:00:00+00:00,,PRE_TRADE_PROJECTED_EQUITY_BREACH
REJECTED,EURUSD,BUY,2021-12-10 20:00:00+00:00,,PRE_TRADE_PROJECTED_EQUITY_BREACH
REJECTED,EURUSD,SELL,2021-12-13 06:00:00+00:00,,PRE_TRADE_PROJECTED_EQUITY_BREACH
REJECTED,GBPUSD,SELL,2021-12-13 21:00:00+00:00,,PRE_TRADE_PROJECTED_EQUITY_BREACH
REJECTED,EURUSD,BUY,2021-12-14 12:00:00+00:00,,PRE_TRADE_PROJECTED_EQUITY_BREACH
REJECTED,EURUSD,SELL,2021-12-14 16:00:00+00:00,,PRE_TRADE_PROJECTED_EQUITY_BREACH
REJECTED,GBPUSD,BUY,2021-12-15 00:00:00+00:00,,PRE_TRADE_PROJECTED_EQUITY_BREACH
REJECTED,EURUSD,BUY,2021-12-16 02:00:00+00:00,,PRE_TRADE_PROJECTED_EQUITY_BREACH
REJECTED,EURUSD,SELL,2021-12-17 18:00:00+00:00,,PRE_TRADE_PROJECTED_EQUITY_BREACH
REJECTED,GBPUSD,SELL,2021-12-17 20:00:00+00:00,,PRE_TRADE_PROJECTED_EQUITY_BREACH
REJECTED,EURUSD,BUY,2021-12-21 09:00:00+00:00,,PRE_TRADE_PROJECTED_EQUITY_BREACH
REJECTED,EURUSD,SELL,2021-12-21 16:00:00+00:00,,PRE_TRADE_PROJECTED_EQUITY_BREACH
REJECTED,GBPUSD,BUY,2021-12-21 19:00:00+00:00,,PRE_TRADE_PROJECTED_EQUITY_BREACH
REJECTED,EURUSD,BUY,2021-12-22 11:00:00+00:00,,PRE_TRADE_PROJECTED_EQUITY_BREACH
REJECTED,EURUSD,SELL,2021-12-27 09:00:00+00:00,,PRE_TRADE_PROJECTED_EQUITY_BREACH
REJECTED,EURUSD,BUY,2021-12-27 16:00:00+00:00,,PRE_TRADE_PROJECTED_EQUITY_BREACH
REJECTED,EURUSD,SELL,2021-12-28 15:00:00+00:00,,PRE_TRADE_PROJECTED_EQUITY_BREACH
REJECTED,EURUSD,BUY,2021-12-29 17:00:00+00:00,,PRE_TRADE_PROJECTED_EQUITY_BREACH
REJECTED,EURUSD,SELL,2021-12-30 18:00:00+00:00,,PRE_TRADE_PROJECTED_EQUITY_BREACH
REJECTED,EURUSD,BUY,2021-12-30 19:00:00+00:00,,PRE_TRADE_PROJECTED_EQUITY_BREACH
REJECTED,EURUSD,SELL,2021-12-30 20:00:00+00:00,,PRE_TRADE_PROJECTED_EQUITY_BREACH
REJECTED,EURUSD,BUY,2021-12-30 21:00:00+00:00,,PRE_TRADE_PROJECTED_EQUITY_BREACH
REJECTED,EURUSD,SELL,2021-12-31 02:00:00+00:00,,PRE_TRADE_PROJECTED_EQUITY_BREACH
REJECTED,EURUSD,BUY,2021-12-31 13:00:00+00:00,,PRE_TRADE_PROJECTED_EQUITY_BREACH
REJECTED,GBPUSD,SELL,2022-01-03 15:00:00+00:00,,PRE_TRADE_PROJECTED_EQUITY_BREACH
REJECTED,EURUSD,SELL,2022-01-03 16:00:00+00:00,,PRE_TRADE_PROJECTED_EQUITY_BREACH
REJECTED,GBPUSD,BUY,2022-01-04 14:00:00+00:00,,PRE_TRADE_PROJECTED_EQUITY_BREACH
REJECTED,EURUSD,BUY,2022-01-05 15:00:00+00:00,,PRE_TRADE_PROJECTED_EQUITY_BREACH
REJECTED,EURUSD,SELL,2022-01-06 08:00:00+00:00,,PRE_TRADE_PROJECTED_EQUITY_BREACH
REJECTED,EURUSD,BUY,2022-01-06 11:00:00+00:00,,PRE_TRADE_PROJECTED_EQUITY_BREACH
REJECTED,EURUSD,SELL,2022-01-06 17:00:00+00:00,,PRE_TRADE_PROJECTED_EQUITY_BREACH
REJECTED,EURUSD,BUY,2022-01-07 14:00:00+00:00,,PRE_TRADE_PROJECTED_EQUITY_BREACH
REJECTED,EURUSD,SELL,2022-01-14 21:00:00+00:00,,PRE_TRADE_PROJECTED_EQUITY_BREACH
REJECTED,GBPUSD,SELL,2022-01-14 21:00:00+00:00,,PRE_TRADE_PROJECTED_EQUITY_BREACH
REJECTED,GBPUSD,BUY,2022-01-20 14:00:00+00:00,,PRE_TRADE_PROJECTED_EQUITY_BREACH
REJECTED,GBPUSD,SELL,2022-01-20 20:00:00+00:00,,PRE_TRADE_PROJECTED_EQUITY_BREACH
REJECTED,GBPUSD,BUY,2022-01-26 17:00:00+00:00,,PRE_TRADE_PROJECTED_EQUITY_BREACH
REJECTED,GBPUSD,SELL,2022-01-26 19:00:00+00:00,,PRE_TRADE_PROJECTED_EQUITY_BREACH
REJECTED,GBPUSD,BUY,2022-01-31 13:00:00+00:00,,PRE_TRADE_PROJECTED_EQUITY_BREACH
REJECTED,EURUSD,BUY,2022-01-31 17:00:00+00:00,,PRE_TRADE_PROJECTED_EQUITY_BREACH
REJECTED,GBPUSD,SELL,2022-02-04 17:00:00+00:00,,PRE_TRADE_PROJECTED_EQUITY_BREACH
REJECTED,EURUSD,SELL,2022-02-08 14:00:00+00:00,,PRE_TRADE_PROJECTED_EQUITY_BREACH
REJECTED,GBPUSD,BUY,2022-02-08 16:00:00+00:00,,PRE_TRADE_PROJECTED_EQUITY_BREACH
REJECTED,EURUSD,BUY,2022-02-09 04:00:00+00:00,,PRE_TRADE_PROJECTED_EQUITY_BREACH
REJECTED,EURUSD,SELL,2022-02-09 06:00:00+00:00,,PRE_TRADE_PROJECTED_EQUITY_BREACH
REJECTED,EURUSD,BUY,2022-02-09 10:00:00+00:00,,PRE_TRADE_PROJECTED_EQUITY_BREACH
REJECTED,GBPUSD,SELL,2022-02-09 23:00:00+00:00,,PRE_TRADE_PROJECTED_EQUITY_BREACH
REJECTED,GBPUSD,BUY,2022-02-10 10:00:00+00:00,,PRE_TRADE_PROJECTED_EQUITY_BREACH
REJECTED,EURUSD,SELL,2022-02-11 02:00:00+00:00,,PRE_TRADE_PROJECTED_EQUITY_BREACH
REJECTED,GBPUSD,SELL,2022-02-11 05:00:00+00:00,,PRE_TRADE_PROJECTED_EQUITY_BREACH
REJECTED,GBPUSD,BUY,2022-02-11 12:00:00+00:00,,PRE_TRADE_PROJECTED_EQUITY_BREACH
REJECTED,GBPUSD,SELL,2022-02-14 04:00:00+00:00,,PRE_TRADE_PROJECTED_EQUITY_BREACH
REJECTED,EURUSD,BUY,2022-02-15 22:00:00+00:00,,PRE_TRADE_PROJECTED_EQUITY_BREACH
REJECTED,GBPUSD,BUY,2022-02-16 05:00:00+00:00,,PRE_TRADE_PROJECTED_EQUITY_BREACH
REJECTED,EURUSD,SELL,2022-02-18 14:00:00+00:00,,PRE_TRADE_PROJECTED_EQUITY_BREACH
REJECTED,GBPUSD,SELL,2022-02-22 01:00:00+00:00,,PRE_TRADE_PROJECTED_EQUITY_BREACH
REJECTED,GBPUSD,BUY,2022-02-23 09:00:00+00:00,,PRE_TRADE_PROJECTED_EQUITY_BREACH
REJECTED,EURUSD,BUY,2022-02-23 10:00:00+00:00,,PRE_TRADE_PROJECTED_EQUITY_BREACH
REJECTED,GBPUSD,SELL,2022-02-23 12:00:00+00:00,,PRE_TRADE_PROJECTED_EQUITY_BREACH
REJECTED,GBPUSD,BUY,2022-02-23 13:00:00+00:00,,PRE_TRADE_PROJECTED_EQUITY_BREACH
REJECTED,GBPUSD,SELL,2022-02-23 14:00:00+00:00,,PRE_TRADE_PROJECTED_EQUITY_BREACH
REJECTED,EURUSD,SELL,2022-02-23 16:00:00+00:00,,PRE_TRADE_PROJECTED_EQUITY_BREACH
REJECTED,GBPUSD,BUY,2022-03-01 06:00:00+00:00,,PRE_TRADE_PROJECTED_EQUITY_BREACH
REJECTED,GBPUSD,SELL,2022-03-01 12:00:00+00:00,,PRE_TRADE_PROJECTED_EQUITY_BREACH
REJECTED,GBPUSD,BUY,2022-03-03 00:00:00+00:00,,PRE_TRADE_PROJECTED_EQUITY_BREACH
REJECTED,GBPUSD,SELL,2022-03-03 17:00:00+00:00,,PRE_TRADE_PROJECTED_EQUITY_BREACH
REJECTED,EURUSD,BUY,2022-03-09 08:00:00+00:00,,PRE_TRADE_PROJECTED_EQUITY_BREACH
REJECTED,GBPUSD,BUY,2022-03-09 19:00:00+00:00,,PRE_TRADE_PROJECTED_EQUITY_BREACH
REJECTED,GBPUSD,SELL,2022-03-10 17:00:00+00:00,,PRE_TRADE_PROJECTED_EQUITY_BREACH
REJECTED,EURUSD,SELL,2022-03-11 09:00:00+00:00,,PRE_TRADE_PROJECTED_EQUITY_BREACH
REJECTED,EURUSD,BUY,2022-03-15 06:00:00+00:00,,PRE_TRADE_PROJECTED_EQUITY_BREACH
REJECTED,EURUSD,SELL,2022-03-15 21:00:00+00:00,,PRE_TRADE_PROJECTED_EQUITY_BREACH
REJECTED,EURUSD,BUY,2022-03-16 02:00:00+00:00,,PRE_TRADE_PROJECTED_EQUITY_BREACH
REJECTED,GBPUSD,BUY,2022-03-16 06:00:00+00:00,,PRE_TRADE_PROJECTED_EQUITY_BREACH
REJECTED,GBPUSD,SELL,2022-03-16 07:00:00+00:00,,PRE_TRADE_PROJECTED_EQUITY_BREACH
REJECTED,GBPUSD,BUY,2022-03-16 08:00:00+00:00,,PRE_TRADE_PROJECTED_EQUITY_BREACH
REJECTED,EURUSD,SELL,2022-03-21 06:00:00+00:00,,PRE_TRADE_PROJECTED_EQUITY_BREACH
REJECTED,EURUSD,BUY,2022-03-21 07:00:00+00:00,,PRE_TRADE_PROJECTED_EQUITY_BREACH
REJECTED,EURUSD,SELL,2022-03-21 11:00:00+00:00,,PRE_TRADE_PROJECTED_EQUITY_BREACH
REJECTED,GBPUSD,SELL,2022-03-22 06:00:00+00:00,,PRE_TRADE_PROJECTED_EQUITY_BREACH
REJECTED,GBPUSD,BUY,2022-03-22 09:00:00+00:00,,PRE_TRADE_PROJECTED_EQUITY_BREACH
REJECTED,EURUSD,BUY,2022-03-23 06:00:00+00:00,,PRE_TRADE_PROJECTED_EQUITY_BREACH
REJECTED,EURUSD,SELL,2022-03-23 07:00:00+00:00,,PRE_TRADE_PROJECTED_EQUITY_BREACH
REJECTED,GBPUSD,SELL,2022-03-24 02:00:00+00:00,,PRE_TRADE_PROJECTED_EQUITY_BREACH
REJECTED,EURUSD,BUY,2022-03-25 02:00:00+00:00,,PRE_TRADE_PROJECTED_EQUITY_BREACH
REJECTED,GBPUSD,BUY,2022-03-25 06:00:00+00:00,,PRE_TRADE_PROJECTED_EQUITY_BREACH
REJECTED,GBPUSD,SELL,2022-03-25 07:00:00+00:00,,PRE_TRADE_PROJECTED_EQUITY_BREACH
REJECTED,EURUSD,SELL,2022-03-25 17:00:00+00:00,,PRE_TRADE_PROJECTED_EQUITY_BREACH
REJECTED,EURUSD,BUY,2022-03-29 10:00:00+00:00,,PRE_TRADE_PROJECTED_EQUITY_BREACH
REJECTED,GBPUSD,BUY,2022-03-30 12:00:00+00:00,,PRE_TRADE_PROJECTED_EQUITY_BREACH
REJECTED,EURUSD,SELL,2022-03-31 21:00:00+00:00,,PRE_TRADE_PROJECTED_EQUITY_BREACH
REJECTED,GBPUSD,SELL,2022-04-01 13:00:00+00:00,,PRE_TRADE_PROJECTED_EQUITY_BREACH
REJECTED,GBPUSD,BUY,2022-04-05 08:00:00+00:00,,PRE_TRADE_PROJECTED_EQUITY_BREACH
REJECTED,GBPUSD,SELL,2022-04-05 18:00:00+00:00,,PRE_TRADE_PROJECTED_EQUITY_BREACH
REJECTED,EURUSD,BUY,2022-04-11 10:00:00+00:00,,PRE_TRADE_PROJECTED_EQUITY_BREACH
REJECTED,EURUSD,SELL,2022-04-11 20:00:00+00:00,,PRE_TRADE_PROJECTED_EQUITY_BREACH
REJECTED,GBPUSD,BUY,2022-04-13 17:00:00+00:00,,PRE_TRADE_PROJECTED_EQUITY_BREACH
REJECTED,EURUSD,BUY,2022-04-13 22:00:00+00:00,,PRE_TRADE_PROJECTED_EQUITY_BREACH
REJECTED,EURUSD,SELL,2022-04-14 15:00:00+00:00,,PRE_TRADE_PROJECTED_EQUITY_BREACH
REJECTED,GBPUSD,SELL,2022-04-15 12:00:00+00:00,,PRE_TRADE_PROJECTED_EQUITY_BREACH
REJECTED,EURUSD,BUY,2022-04-20 05:00:00+00:00,,PRE_TRADE_PROJECTED_EQUITY_BREACH
REJECTED,GBPUSD,BUY,2022-04-20 11:00:00+00:00,,PRE_TRADE_PROJECTED_EQUITY_BREACH
REJECTED,GBPUSD,SELL,2022-04-22 00:00:00+00:00,,PRE_TRADE_PROJECTED_EQUITY_BREACH
REJECTED,EURUSD,SELL,2022-04-22 09:00:00+00:00,,PRE_TRADE_PROJECTED_EQUITY_BREACH
REJECTED,GBPUSD,BUY,2022-04-29 18:00:00+00:00,,PRE_TRADE_PROJECTED_EQUITY_BREACH
REJECTED,GBPUSD,SELL,2022-05-02 17:00:00+00:00,,PRE_TRADE_PROJECTED_EQUITY_BREACH
REJECTED,EURUSD,BUY,2022-05-04 13:00:00+00:00,,PRE_TRADE_PROJECTED_EQUITY_BREACH
REJECTED,GBPUSD,BUY,2022-05-04 20:00:00+00:00,,PRE_TRADE_PROJECTED_EQUITY_BREACH
REJECTED,GBPUSD,SELL,2022-05-05 13:00:00+00:00,,PRE_TRADE_PROJECTED_EQUITY_BREACH
REJECTED,EURUSD,SELL,2022-05-05 19:00:00+00:00,,PRE_TRADE_PROJECTED_EQUITY_BREACH
REJECTED,EURUSD,BUY,2022-05-06 15:00:00+00:00,,PRE_TRADE_PROJECTED_EQUITY_BREACH
REJECTED,EURUSD,SELL,2022-05-08 22:00:00+00:00,,PRE_TRADE_PROJECTED_EQUITY_BREACH
REJECTED,EURUSD,BUY,2022-05-09 19:00:00+00:00,,PRE_TRADE_PROJECTED_EQUITY_BREACH
REJECTED,EURUSD,SELL,2022-05-10 18:00:00+00:00,,PRE_TRADE_PROJECTED_EQUITY_BREACH
REJECTED,GBPUSD,BUY,2022-05-11 12:00:00+00:00,,PRE_TRADE_PROJECTED_EQUITY_BREACH
REJECTED,GBPUSD,SELL,2022-05-11 13:00:00+00:00,,PRE_TRADE_PROJECTED_EQUITY_BREACH
REJECTED,GBPUSD,BUY,2022-05-11 14:00:00+00:00,,PRE_TRADE_PROJECTED_EQUITY_BREACH
REJECTED,GBPUSD,SELL,2022-05-11 16:00:00+00:00,,PRE_TRADE_PROJECTED_EQUITY_BREACH
REJECTED,GBPUSD,BUY,2022-05-16 02:00:00+00:00,,PRE_TRADE_PROJECTED_EQUITY_BREACH
REJECTED,GBPUSD,SELL,2022-05-16 10:00:00+00:00,,PRE_TRADE_PROJECTED_EQUITY_BREACH
REJECTED,GBPUSD,BUY,2022-05-16 11:00:00+00:00,,PRE_TRADE_PROJECTED_EQUITY_BREACH
REJECTED,EURUSD,BUY,2022-05-16 23:00:00+00:00,,PRE_TRADE_PROJECTED_EQUITY_BREACH
REJECTED,GBPUSD,SELL,2022-05-18 23:00:00+00:00,,PRE_TRADE_PROJECTED_EQUITY_BREACH
REJECTED,EURUSD,SELL,2022-05-19 02:00:00+00:00,,PRE_TRADE_PROJECTED_EQUITY_BREACH
REJECTED,EURUSD,BUY,2022-05-19 03:00:00+00:00,,PRE_TRADE_PROJECTED_EQUITY_BREACH
REJECTED,EURUSD,SELL,2022-05-19 07:00:00+00:00,,PRE_TRADE_PROJECTED_EQUITY_BREACH
REJECTED,EURUSD,BUY,2022-05-19 09:00:00+00:00,,PRE_TRADE_PROJECTED_EQUITY_BREACH
REJECTED,GBPUSD,BUY,2022-05-19 12:00:00+00:00,,PRE_TRADE_PROJECTED_EQUITY_BREACH
REJECTED,GBPUSD,SELL,2022-05-25 11:00:00+00:00,,PRE_TRADE_PROJECTED_EQUITY_BREACH
REJECTED,GBPUSD,BUY,2022-05-25 18:00:00+00:00,,PRE_TRADE_PROJECTED_EQUITY_BREACH
REJECTED,GBPUSD,SELL,2022-05-31 10:00:00+00:00,,PRE_TRADE_PROJECTED_EQUITY_BREACH
REJECTED,EURUSD,SELL,2022-05-31 12:00:00+00:00,,PRE_TRADE_PROJECTED_EQUITY_BREACH
REJECTED,EURUSD,BUY,2022-06-02 18:00:00+00:00,,PRE_TRADE_PROJECTED_EQUITY_BREACH
REJECTED,GBPUSD,BUY,2022-06-02 23:00:00+00:00,,PRE_TRADE_PROJECTED_EQUITY_BREACH
REJECTED,GBPUSD,SELL,2022-06-03 16:00:00+00:00,,PRE_TRADE_PROJECTED_EQUITY_BREACH
REJECTED,GBPUSD,BUY,2022-06-06 16:00:00+00:00,,PRE_TRADE_PROJECTED_EQUITY_BREACH
REJECTED,EURUSD,SELL,2022-06-06 17:00:00+00:00,,PRE_TRADE_PROJECTED_EQUITY_BREACH
REJECTED,GBPUSD,SELL,2022-06-06 20:00:00+00:00,,PRE_TRADE_PROJECTED_EQUITY_BREACH
REJECTED,GBPUSD,BUY,2022-06-07 17:00:00+00:00,,PRE_TRADE_PROJECTED_EQUITY_BREACH
REJECTED,EURUSD,BUY,2022-06-08 13:00:00+00:00,,PRE_TRADE_PROJECTED_EQUITY_BREACH
REJECTED,GBPUSD,SELL,2022-06-09 01:00:00+00:00,,PRE_TRADE_PROJECTED_EQUITY_BREACH
REJECTED,EURUSD,SELL,2022-06-09 16:00:00+00:00,,PRE_TRADE_PROJECTED_EQUITY_BREACH
REJECTED,GBPUSD,BUY,2022-06-16 02:00:00+00:00,,PRE_TRADE_PROJECTED_EQUITY_BREACH
REJECTED,EURUSD,BUY,2022-06-16 17:00:00+00:00,,PRE_TRADE_PROJECTED_EQUITY_BREACH
REJECTED,EURUSD,SELL,2022-06-22 06:00:00+00:00,,PRE_TRADE_PROJECTED_EQUITY_BREACH
REJECTED,GBPUSD,SELL,2022-06-22 07:00:00+00:00,,PRE_TRADE_PROJECTED_EQUITY_BREACH
REJECTED,EURUSD,BUY,2022-06-22 15:00:00+00:00,,PRE_TRADE_PROJECTED_EQUITY_BREACH
REJECTED,GBPUSD,BUY,2022-06-22 15:00:00+00:00,,PRE_TRADE_PROJECTED_EQUITY_BREACH
REJECTED,GBPUSD,SELL,2022-06-23 07:00:00+00:00,,PRE_TRADE_PROJECTED_EQUITY_BREACH
REJECTED,EURUSD,SELL,2022-06-23 13:00:00+00:00,,PRE_TRADE_PROJECTED_EQUITY_BREACH
REJECTED,GBPUSD,BUY,2022-06-24 02:00:00+00:00,,PRE_TRADE_PROJECTED_EQUITY_BREACH
REJECTED,EURUSD,BUY,2022-06-24 11:00:00+00:00,,PRE_TRADE_PROJECTED_EQUITY_BREACH
REJECTED,EURUSD,SELL,2022-06-24 12:00:00+00:00,,PRE_TRADE_PROJECTED_EQUITY_BREACH
REJECTED,EURUSD,BUY,2022-06-24 16:00:00+00:00,,PRE_TRADE_PROJECTED_EQUITY_BREACH
REJECTED,GBPUSD,SELL,2022-06-28 11:00:00+00:00,,PRE_TRADE_PROJECTED_EQUITY_BREACH
REJECTED,EURUSD,SELL,2022-06-28 16:00:00+00:00,,PRE_TRADE_PROJECTED_EQUITY_BREACH
REJECTED,GBPUSD,BUY,2022-07-07 18:00:00+00:00,,PRE_TRADE_PROJECTED_EQUITY_BREACH
REJECTED,GBPUSD,SELL,2022-07-11 08:00:00+00:00,,PRE_TRADE_PROJECTED_EQUITY_BREACH
REJECTED,EURUSD,BUY,2022-07-15 13:00:00+00:00,,PRE_TRADE_PROJECTED_EQUITY_BREACH
REJECTED,GBPUSD,BUY,2022-07-18 00:00:00+00:00,,PRE_TRADE_PROJECTED_EQUITY_BREACH
REJECTED,GBPUSD,SELL,2022-07-21 09:00:00+00:00,,PRE_TRADE_PROJECTED_EQUITY_BREACH
REJECTED,GBPUSD,BUY,2022-07-22 00:00:00+00:00,,PRE_TRADE_PROJECTED_EQUITY_BREACH
REJECTED,GBPUSD,SELL,2022-07-22 05:00:00+00:00,,PRE_TRADE_PROJECTED_EQUITY_BREACH
REJECTED,EURUSD,SELL,2022-07-22 08:00:00+00:00,,PRE_TRADE_PROJECTED_EQUITY_BREACH
REJECTED,GBPUSD,BUY,2022-07-22 15:00:00+00:00,,PRE_TRADE_PROJECTED_EQUITY_BREACH
REJECTED,EURUSD,BUY,2022-07-22 16:00:00+00:00,,PRE_TRADE_PROJECTED_EQUITY_BREACH
REJECTED,EURUSD,SELL,2022-07-26 11:00:00+00:00,,PRE_TRADE_PROJECTED_EQUITY_BREACH
REJECTED,EURUSD,BUY,2022-07-28 01:00:00+00:00,,PRE_TRADE_PROJECTED_EQUITY_BREACH
REJECTED,EURUSD,SELL,2022-07-28 15:00:00+00:00,,PRE_TRADE_PROJECTED_EQUITY_BREACH
REJECTED,EURUSD,BUY,2022-07-28 21:00:00+00:00,,PRE_TRADE_PROJECTED_EQUITY_BREACH
REJECTED,EURUSD,SELL,2022-08-02 17:00:00+00:00,,PRE_TRADE_PROJECTED_EQUITY_BREACH
REJECTED,GBPUSD,SELL,2022-08-02 21:00:00+00:00,,PRE_TRADE_PROJECTED_EQUITY_BREACH
REJECTED,EURUSD,BUY,2022-08-04 17:00:00+00:00,,PRE_TRADE_PROJECTED_EQUITY_BREACH
REJECTED,EURUSD,SELL,2022-08-05 18:00:00+00:00,,PRE_TRADE_PROJECTED_EQUITY_BREACH
REJECTED,EURUSD,BUY,2022-08-09 07:00:00+00:00,,PRE_TRADE_PROJECTED_EQUITY_BREACH
REJECTED,GBPUSD,BUY,2022-08-10 13:00:00+00:00,,PRE_TRADE_PROJECTED_EQUITY_BREACH
REJECTED,GBPUSD,SELL,2022-08-12 12:00:00+00:00,,PRE_TRADE_PROJECTED_EQUITY_BREACH
REJECTED,EURUSD,SELL,2022-08-12 16:00:00+00:00,,PRE_TRADE_PROJECTED_EQUITY_BREACH
REJECTED,GBPUSD,BUY,2022-08-17 05:00:00+00:00,,PRE_TRADE_PROJECTED_EQUITY_BREACH
REJECTED,GBPUSD,SELL,2022-08-17 14:00:00+00:00,,PRE_TRADE_PROJECTED_EQUITY_BREACH
REJECTED,EURUSD,BUY,2022-08-25 04:00:00+00:00,,PRE_TRADE_PROJECTED_EQUITY_BREACH
REJECTED,GBPUSD,BUY,2022-08-25 07:00:00+00:00,,PRE_TRADE_PROJECTED_EQUITY_BREACH
REJECTED,EURUSD,SELL,2022-08-26 04:00:00+00:00,,PRE_TRADE_PROJECTED_EQUITY_BREACH
REJECTED,GBPUSD,SELL,2022-08-26 08:00:00+00:00,,PRE_TRADE_PROJECTED_EQUITY_BREACH
REJECTED,EURUSD,BUY,2022-08-26 10:00:00+00:00,,PRE_TRADE_PROJECTED_EQUITY_BREACH
REJECTED,GBPUSD,BUY,2022-08-26 11:00:00+00:00,,PRE_TRADE_PROJECTED_EQUITY_BREACH
REJECTED,GBPUSD,SELL,2022-08-26 17:00:00+00:00,,PRE_TRADE_PROJECTED_EQUITY_BREACH
REJECTED,EURUSD,SELL,2022-08-29 00:00:00+00:00,,PRE_TRADE_PROJECTED_EQUITY_BREACH
REJECTED,EURUSD,BUY,2022-08-29 16:00:00+00:00,,PRE_TRADE_PROJECTED_EQUITY_BREACH
REJECTED,EURUSD,SELL,2022-09-01 15:00:00+00:00,,PRE_TRADE_PROJECTED_EQUITY_BREACH
REJECTED,GBPUSD,BUY,2022-09-06 03:00:00+00:00,,PRE_TRADE_PROJECTED_EQUITY_BREACH
REJECTED,GBPUSD,SELL,2022-09-06 21:00:00+00:00,,PRE_TRADE_PROJECTED_EQUITY_BREACH
REJECTED,EURUSD,BUY,2022-09-07 19:00:00+00:00,,PRE_TRADE_PROJECTED_EQUITY_BREACH
REJECTED,GBPUSD,BUY,2022-09-08 12:00:00+00:00,,PRE_TRADE_PROJECTED_EQUITY_BREACH
REJECTED,GBPUSD,SELL,2022-09-08 13:00:00+00:00,,PRE_TRADE_PROJECTED_EQUITY_BREACH
REJECTED,GBPUSD,BUY,2022-09-09 01:00:00+00:00,,PRE_TRADE_PROJECTED_EQUITY_BREACH
REJECTED,EURUSD,SELL,2022-09-13 17:00:00+00:00,,PRE_TRADE_PROJECTED_EQUITY_BREACH
REJECTED,GBPUSD,SELL,2022-09-13 17:00:00+00:00,,PRE_TRADE_PROJECTED_EQUITY_BREACH
REJECTED,EURUSD,BUY,2022-09-18 22:00:00+00:00,,PRE_TRADE_PROJECTED_EQUITY_BREACH
REJECTED,EURUSD,SELL,2022-09-19 07:00:00+00:00,,PRE_TRADE_PROJECTED_EQUITY_BREACH
REJECTED,EURUSD,BUY,2022-09-19 18:00:00+00:00,,PRE_TRADE_PROJECTED_EQUITY_BREACH
REJECTED,EURUSD,SELL,2022-09-20 16:00:00+00:00,,PRE_TRADE_PROJECTED_EQUITY_BREACH
REJECTED,EURUSD,BUY,2022-09-28 19:00:00+00:00,,PRE_TRADE_PROJECTED_EQUITY_BREACH
REJECTED,GBPUSD,BUY,2022-09-28 20:00:00+00:00,,PRE_TRADE_PROJECTED_EQUITY_BREACH
REJECTED,GBPUSD,SELL,2022-10-06 10:00:00+00:00,,PRE_TRADE_PROJECTED_EQUITY_BREACH
REJECTED,EURUSD,SELL,2022-10-06 13:00:00+00:00,,PRE_TRADE_PROJECTED_EQUITY_BREACH
REJECTED,GBPUSD,BUY,2022-10-12 21:00:00+00:00,,PRE_TRADE_PROJECTED_EQUITY_BREACH
REJECTED,EURUSD,BUY,2022-10-13 16:00:00+00:00,,PRE_TRADE_PROJECTED_EQUITY_BREACH
REJECTED,EURUSD,SELL,2022-10-16 23:00:00+00:00,,PRE_TRADE_PROJECTED_EQUITY_BREACH
REJECTED,EURUSD,BUY,2022-10-17 01:00:00+00:00,,PRE_TRADE_PROJECTED_EQUITY_BREACH
REJECTED,GBPUSD,SELL,2022-10-19 11:00:00+00:00,,PRE_TRADE_PROJECTED_EQUITY_BREACH
REJECTED,EURUSD,SELL,2022-10-19 15:00:00+00:00,,PRE_TRADE_PROJECTED_EQUITY_BREACH
REJECTED,EURUSD,BUY,2022-10-21 18:00:00+00:00,,PRE_TRADE_PROJECTED_EQUITY_BREACH
REJECTED,GBPUSD,BUY,2022-10-23 22:00:00+00:00,,PRE_TRADE_PROJECTED_EQUITY_BREACH
REJECTED,EURUSD,SELL,2022-10-28 00:00:00+00:00,,PRE_TRADE_PROJECTED_EQUITY_BREACH
REJECTED,GBPUSD,SELL,2022-10-31 13:00:00+00:00,,PRE_TRADE_PROJECTED_EQUITY_BREACH
REJECTED,EURUSD,BUY,2022-11-04 15:00:00+00:00,,PRE_TRADE_PROJECTED_EQUITY_BREACH
REJECTED,GBPUSD,BUY,2022-11-07 03:00:00+00:00,,PRE_TRADE_PROJECTED_EQUITY_BREACH
REJECTED,GBPUSD,SELL,2022-11-09 16:00:00+00:00,,PRE_TRADE_PROJECTED_EQUITY_BREACH
REJECTED,EURUSD,SELL,2022-11-10 09:00:00+00:00,,PRE_TRADE_PROJECTED_EQUITY_BREACH
REJECTED,EURUSD,BUY,2022-11-10 14:00:00+00:00,,PRE_TRADE_PROJECTED_EQUITY_BREACH
REJECTED,GBPUSD,BUY,2022-11-10 14:00:00+00:00,,PRE_TRADE_PROJECTED_EQUITY_BREACH
REJECTED,EURUSD,SELL,2022-11-17 13:00:00+00:00,,PRE_TRADE_PROJECTED_EQUITY_BREACH
REJECTED,GBPUSD,SELL,2022-11-17 15:00:00+00:00,,PRE_TRADE_PROJECTED_EQUITY_BREACH
REJECTED,GBPUSD,BUY,2022-11-18 01:00:00+00:00,,PRE_TRADE_PROJECTED_EQUITY_BREACH
REJECTED,EURUSD,BUY,2022-11-18 03:00:00+00:00,,PRE_TRADE_PROJECTED_EQUITY_BREACH
REJECTED,EURUSD,SELL,2022-11-18 14:00:00+00:00,,PRE_TRADE_PROJECTED_EQUITY_BREACH
REJECTED,GBPUSD,SELL,2022-11-21 04:00:00+00:00,,PRE_TRADE_PROJECTED_EQUITY_BREACH
REJECTED,GBPUSD,BUY,2022-11-22 12:00:00+00:00,,PRE_TRADE_PROJECTED_EQUITY_BREACH
REJECTED,EURUSD,BUY,2022-11-23 00:00:00+00:00,,PRE_TRADE_PROJECTED_EQUITY_BREACH
REJECTED,EURUSD,SELL,2022-11-28 02:00:00+00:00,,PRE_TRADE_PROJECTED_EQUITY_BREACH
REJECTED,EURUSD,BUY,2022-11-28 09:00:00+00:00,,PRE_TRADE_PROJECTED_EQUITY_BREACH
REJECTED,GBPUSD,SELL,2022-11-28 16:00:00+00:00,,PRE_TRADE_PROJECTED_EQUITY_BREACH
REJECTED,EURUSD,SELL,2022-11-28 20:00:00+00:00,,PRE_TRADE_PROJECTED_EQUITY_BREACH
REJECTED,EURUSD,BUY,2022-11-30 21:00:00+00:00,,PRE_TRADE_PROJECTED_EQUITY_BREACH
REJECTED,GBPUSD,BUY,2022-11-30 22:00:00+00:00,,PRE_TRADE_PROJECTED_EQUITY_BREACH
REJECTED,GBPUSD,SELL,2022-12-05 22:00:00+00:00,,PRE_TRADE_PROJECTED_EQUITY_BREACH
REJECTED,EURUSD,SELL,2022-12-06 04:00:00+00:00,,PRE_TRADE_PROJECTED_EQUITY_BREACH
REJECTED,EURUSD,BUY,2022-12-07 17:00:00+00:00,,PRE_TRADE_PROJECTED_EQUITY_BREACH
REJECTED,GBPUSD,BUY,2022-12-07 20:00:00+00:00,,PRE_TRADE_PROJECTED_EQUITY_BREACH
REJECTED,GBPUSD,SELL,2022-12-08 11:00:00+00:00,,PRE_TRADE_PROJECTED_EQUITY_BREACH
REJECTED,GBPUSD,BUY,2022-12-08 13:00:00+00:00,,PRE_TRADE_PROJECTED_EQUITY_BREACH
REJECTED,EURUSD,SELL,2022-12-12 03:00:00+00:00,,PRE_TRADE_PROJECTED_EQUITY_BREACH
REJECTED,EURUSD,BUY,2022-12-12 10:00:00+00:00,,PRE_TRADE_PROJECTED_EQUITY_BREACH
REJECTED,GBPUSD,SELL,2022-12-15 15:00:00+00:00,,PRE_TRADE_PROJECTED_EQUITY_BREACH
REJECTED,EURUSD,SELL,2022-12-16 16:00:00+00:00,,PRE_TRADE_PROJECTED_EQUITY_BREACH
REJECTED,EURUSD,BUY,2022-12-20 11:00:00+00:00,,PRE_TRADE_PROJECTED_EQUITY_BREACH
REJECTED,EURUSD,SELL,2022-12-21 16:00:00+00:00,,PRE_TRADE_PROJECTED_EQUITY_BREACH
REJECTED,EURUSD,BUY,2022-12-22 03:00:00+00:00,,PRE_TRADE_PROJECTED_EQUITY_BREACH
REJECTED,EURUSD,SELL,2022-12-22 16:00:00+00:00,,PRE_TRADE_PROJECTED_EQUITY_BREACH
REJECTED,EURUSD,BUY,2022-12-23 20:00:00+00:00,,PRE_TRADE_PROJECTED_EQUITY_BREACH
REJECTED,GBPUSD,BUY,2022-12-27 01:00:00+00:00,,PRE_TRADE_PROJECTED_EQUITY_BREACH
REJECTED,GBPUSD,SELL,2022-12-27 12:00:00+00:00,,PRE_TRADE_PROJECTED_EQUITY_BREACH
REJECTED,GBPUSD,BUY,2022-12-28 14:00:00+00:00,,PRE_TRADE_PROJECTED_EQUITY_BREACH
REJECTED,GBPUSD,SELL,2022-12-28 16:00:00+00:00,,PRE_TRADE_PROJECTED_EQUITY_BREACH
REJECTED,EURUSD,SELL,2022-12-28 18:00:00+00:00,,PRE_TRADE_PROJECTED_EQUITY_BREACH
REJECTED,EURUSD,BUY,2022-12-29 12:00:00+00:00,,PRE_TRADE_PROJECTED_EQUITY_BREACH
REJECTED,GBPUSD,BUY,2022-12-29 17:00:00+00:00,,PRE_TRADE_PROJECTED_EQUITY_BREACH
ACCEPTED,GBPUSD,BUY,2015-01-09 17:00:00+00:00,1.51532,CLOSED_SL
ACCEPTED,EURUSD,SELL,2015-01-12 13:00:00+00:00,1.17895,CLOSED_SL
ACCEPTED,EURUSD,BUY,2015-01-12 20:00:00+00:00,1.18420,CLOSED_SL
ACCEPTED,EURUSD,SELL,2015-01-13 11:00:00+00:00,1.18017,CLOSED_SL
ACCEPTED,GBPUSD,SELL,2015-01-15 23:00:00+00:00,1.51794,CLOSED_SL
ACCEPTED,GBPUSD,BUY,2015-01-16 11:00:00+00:00,1.52020,CLOSED_OPPOSITE_SIGNAL_EXIT
ACCEPTED,GBPUSD,BUY,2015-01-20 17:00:00+00:00,1.51638,CLOSED_SL
ACCEPTED,GBPUSD,SELL,2015-01-21 12:00:00+00:00,1.51153,CLOSED_SL
ACCEPTED,EURUSD,BUY,2015-01-21 22:00:00+00:00,1.16120,CLOSED_SL
ACCEPTED,EURUSD,SELL,2015-01-22 15:00:00+00:00,1.14619,CLOSED_TP
ACCEPTED,GBPUSD,BUY,2015-01-26 19:00:00+00:00,1.51033,CLOSED_SL
ACCEPTED,EURUSD,BUY,2015-01-27 16:00:00+00:00,1.14040,CLOSED_SL
ACCEPTED,EURUSD,SELL,2015-01-29 00:00:00+00:00,1.12823,CLOSED_SL
ACCEPTED,GBPUSD,SELL,2015-01-29 14:00:00+00:00,1.51263,CLOSED_TP
ACCEPTED,EURUSD,BUY,2015-01-29 23:00:00+00:00,1.13309,CLOSED_SL
ACCEPTED,EURUSD,SELL,2015-01-30 17:00:00+00:00,1.12892,CLOSED_SL
ACCEPTED,EURUSD,BUY,2015-02-02 10:00:00+00:00,1.13543,CLOSED_SL
ACCEPTED,GBPUSD,BUY,2015-02-03 16:00:00+00:00,1.51164,CLOSED_TP
ACCEPTED,EURUSD,SELL,2015-02-05 01:00:00+00:00,1.13255,CLOSED_SL
ACCEPTED,EURUSD,BUY,2015-02-05 15:00:00+00:00,1.14233,CLOSED_SL
ACCEPTED,GBPUSD,SELL,2015-02-09 11:00:00+00:00,1.52170,CLOSED_SL
ACCEPTED,GBPUSD,BUY,2015-02-10 21:00:00+00:00,1.52600,CLOSED_SL
ACCEPTED,EURUSD,SELL,2015-02-06 17:00:00+00:00,1.13295,CLOSED_OPPOSITE_SIGNAL_EXIT
ACCEPTED,GBPUSD,BUY,2015-02-12 12:00:00+00:00,1.53413,CLOSED_OPPOSITE_SIGNAL_EXIT
ACCEPTED,GBPUSD,BUY,2015-02-17 05:00:00+00:00,1.53803,CLOSED_SL
ACCEPTED,EURUSD,SELL,2015-02-16 20:00:00+00:00,1.13432,CLOSED_SL
ACCEPTED,GBPUSD,SELL,2015-02-17 08:00:00+00:00,1.53588,CLOSED_SL
ACCEPTED,GBPUSD,BUY,2015-02-17 12:00:00+00:00,1.53938,CLOSED_SL
ACCEPTED,EURUSD,BUY,2015-02-17 14:00:00+00:00,1.14173,CLOSED_SL
ACCEPTED,GBPUSD,SELL,2015-02-17 13:00:00+00:00,1.53591,CLOSED_SL_GAP
ACCEPTED,EURUSD,SELL,2015-02-18 15:00:00+00:00,1.13565,CLOSED_SL
ACCEPTED,GBPUSD,BUY,2015-02-18 11:00:00+00:00,1.54271,CLOSED_SL
ACCEPTED,EURUSD,SELL,2015-02-19 18:00:00+00:00,1.13726,CLOSED_SL
ACCEPTED,EURUSD,BUY,2015-02-23 05:00:00+00:00,1.13845,CLOSED_SL
ACCEPTED,GBPUSD,BUY,2015-02-23 18:00:00+00:00,1.54563,CLOSED_SL
ACCEPTED,EURUSD,SELL,2015-02-23 08:00:00+00:00,1.13569,CLOSED_SL
ACCEPTED,EURUSD,BUY,2015-02-25 08:00:00+00:00,1.13760,CLOSED_SL
ACCEPTED,EURUSD,SELL,2015-02-26 14:00:00+00:00,1.12553,CLOSED_TP
ACCEPTED,EURUSD,BUY,2015-03-17 09:00:00+00:00,1.06144,CLOSED_SL
ACCEPTED,GBPUSD,BUY,2015-03-18 23:00:00+00:00,1.49602,CLOSED_SL
ACCEPTED,GBPUSD,SELL,2015-03-19 20:00:00+00:00,1.47194,CLOSED_SL
ACCEPTED,GBPUSD,BUY,2015-03-20 17:00:00+00:00,1.49246,CLOSED_SL
ACCEPTED,GBPUSD,SELL,2015-03-24 21:00:00+00:00,1.48462,CLOSED_SL
ACCEPTED,GBPUSD,BUY,2015-03-26 09:00:00+00:00,1.49312,CLOSED_SL
ACCEPTED,GBPUSD,SELL,2015-03-26 17:00:00+00:00,1.48414,CLOSED_SL
ACCEPTED,EURUSD,SELL,2015-03-26 21:00:00+00:00,1.08855,CLOSED_SL
ACCEPTED,GBPUSD,BUY,2015-03-27 18:00:00+00:00,1.49017,CLOSED_OPPOSITE_SIGNAL_EXIT
ACCEPTED,GBPUSD,BUY,2015-04-01 03:00:00+00:00,1.48641,CLOSED_SL
ACCEPTED,GBPUSD,SELL,2015-04-01 11:00:00+00:00,1.47580,CLOSED_SL
ACCEPTED,GBPUSD,BUY,2015-04-02 04:00:00+00:00,1.48332,CLOSED_SL
ACCEPTED,EURUSD,BUY,2015-04-02 10:00:00+00:00,1.08299,CLOSED_TP
ACCEPTED,GBPUSD,SELL,2015-04-07 16:00:00+00:00,1.48672,CLOSED_SL
ACCEPTED,GBPUSD,BUY,2015-04-08 13:00:00+00:00,1.49378,CLOSED_SL
ACCEPTED,EURUSD,SELL,2015-04-07 11:00:00+00:00,1.08560,CLOSED_TP
ACCEPTED,EURUSD,BUY,2015-04-14 18:00:00+00:00,1.06613,CLOSED_SL
ACCEPTED,GBPUSD,BUY,2015-04-14 15:00:00+00:00,1.47853,CLOSED_SL
ACCEPTED,EURUSD,SELL,2015-04-15 13:00:00+00:00,1.05824,CLOSED_SL
ACCEPTED,EURUSD,BUY,2015-04-15 19:00:00+00:00,1.06730,CLOSED_TP
ACCEPTED,GBPUSD,SELL,2015-04-20 23:00:00+00:00,1.49016,CLOSED_SL
ACCEPTED,EURUSD,SELL,2015-04-20 22:00:00+00:00,1.07362,CLOSED_SL
ACCEPTED,GBPUSD,BUY,2015-04-21 21:00:00+00:00,1.49312,CLOSED_TP
ACCEPTED,EURUSD,SELL,2015-04-22 22:00:00+00:00,1.07240,CLOSED_SL
ACCEPTED,EURUSD,BUY,2015-04-23 16:00:00+00:00,1.08046,CLOSED_TP
ACCEPTED,GBPUSD,SELL,2015-05-01 05:00:00+00:00,1.53428,CLOSED_SL
ACCEPTED,EURUSD,SELL,2015-05-04 17:00:00+00:00,1.11440,CLOSED_SL
ACCEPTED,EURUSD,BUY,2015-05-05 20:00:00+00:00,1.11966,CLOSED_TP
ACCEPTED,EURUSD,SELL,2015-05-08 04:00:00+00:00,1.12110,CLOSED_SL
ACCEPTED,EURUSD,BUY,2015-05-12 12:00:00+00:00,1.12558,CLOSED_SL
ACCEPTED,GBPUSD,SELL,2015-05-18 05:00:00+00:00,1.57173,CLOSED_TP
ACCEPTED,GBPUSD,BUY,2015-05-21 11:00:00+00:00,1.56654,CLOSED_SL
ACCEPTED,EURUSD,BUY,2015-05-22 12:00:00+00:00,1.11879,CLOSED_SL_GAP
ACCEPTED,EURUSD,SELL,2015-05-22 14:00:00+00:00,1.10789,CLOSED_TP
ACCEPTED,EURUSD,BUY,2015-05-28 20:00:00+00:00,1.09562,CLOSED_SL
ACCEPTED,EURUSD,SELL,2015-06-01 11:00:00+00:00,1.09201,CLOSED_SL
ACCEPTED,EURUSD,BUY,2015-06-02 11:00:00+00:00,1.09846,CLOSED_TP
ACCEPTED,GBPUSD,BUY,2015-06-02 18:00:00+00:00,1.53620,CLOSED_SL_GAP
ACCEPTED,GBPUSD,SELL,2015-06-05 14:00:00+00:00,1.52373,CLOSED_SL
ACCEPTED,EURUSD,BUY,2015-06-08 19:00:00+00:00,1.12669,CLOSED_SL_GAP
ACCEPTED,EURUSD,SELL,2015-06-11 15:00:00+00:00,1.12271,CLOSED_SL
ACCEPTED,EURUSD,BUY,2015-06-15 20:00:00+00:00,1.12854,CLOSED_SL
ACCEPTED,EURUSD,SELL,2015-06-16 19:00:00+00:00,1.12345,CLOSED_SL
ACCEPTED,EURUSD,BUY,2015-06-17 09:00:00+00:00,1.12721,CLOSED_SL
ACCEPTED,GBPUSD,SELL,2015-06-22 19:00:00+00:00,1.58195,CLOSED_TP
ACCEPTED,GBPUSD,BUY,2015-06-26 09:00:00+00:00,1.57556,CLOSED_SL
ACCEPTED,GBPUSD,SELL,2015-06-26 14:00:00+00:00,1.57191,CLOSED_SL
ACCEPTED,GBPUSD,BUY,2015-06-26 15:00:00+00:00,1.57409,CLOSED_OPPOSITE_SIGNAL_EXIT
ACCEPTED,GBPUSD,SELL,2015-06-28 23:00:00+00:00,1.56829,CLOSED_SL
ACCEPTED,EURUSD,BUY,2015-06-29 21:00:00+00:00,1.12463,CLOSED_SL
