status,symbol,direction,time_utc,price_or_na,reason_or_outcome
REJECTED,EURUSD,SELL,2015-03-16 02:30:00+00:00,,PRE_TRADE_PROJECTED_EQUITY_BREACH
REJECTED,EURUSD,SELL,2015-03-16 14:00:00+00:00,,PRE_TRADE_PROJECTED_EQUITY_BREACH
REJECTED,GBPUSD,SELL,2015-03-16 14:00:00+00:00,,PRE_TRADE_PROJECTED_EQUITY_BREACH
REJECTED,EURUSD,SELL,2015-03-16 17:30:00+00:00,,PRE_TRADE_PROJECTED_EQUITY_BREACH
REJECTED,GBPUSD,SELL,2015-03-16 17:30:00+00:00,,PRE_TRADE_PROJECTED_EQUITY_BREACH
REJECTED,EURUSD,SELL,2015-03-17 00:00:00+00:00,,PRE_TRADE_PROJECTED_EQUITY_BREACH
REJECTED,EURUSD,SELL,2015-03-17 08:00:00+00:00,,PRE_TRADE_PROJECTED_EQUITY_BREACH
REJECTED,EURUSD,SELL,2015-03-18 01:30:00+00:00,,PRE_TRADE_PROJECTED_EQUITY_BREACH
REJECTED,GBPUSD,SELL,2015-03-18 02:00:00+00:00,,PRE_TRADE_PROJECTED_EQUITY_BREACH
REJECTED,EURUSD,SELL,2015-03-18 16:30:00+00:00,,PRE_TRADE_PROJECTED_EQUITY_BREACH
REJECTED,GBPUSD,SELL,2015-03-18 17:30:00+00:00,,PRE_TRADE_PROJECTED_EQUITY_BREACH
REJECTED,EURUSD,SELL,2015-03-18 19:00:00+00:00,,PRE_TRADE_PROJECTED_EQUITY_BREACH
REJECTED,EURUSD,BUY,2015-03-19 09:00:00+00:00,,PRE_TRADE_PROJECTED_EQUITY_BREACH
REJECTED,GBPUSD,SELL,2015-03-20 00:00:00+00:00,,PRE_TRADE_PROJECTED_EQUITY_BREACH
REJECTED,EURUSD,SELL,2015-03-20 02:30:00+00:00,,PRE_TRADE_PROJECTED_EQUITY_BREACH
REJECTED,GBPUSD,SELL,2015-03-20 13:00:00+00:00,,PRE_TRADE_PROJECTED_EQUITY_BREACH
REJECTED,EURUSD,BUY,2015-03-23 01:00:00+00:00,,PRE_TRADE_PROJECTED_EQUITY_BREACH
REJECTED,GBPUSD,BUY,2015-03-23 01:00:00+00:00,,PRE_TRADE_PROJECTED_EQUITY_BREACH
REJECTED,GBPUSD,BUY,2015-03-23 07:30:00+00:00,,PRE_TRADE_PROJECTED_EQUITY_BREACH
REJECTED,EURUSD,BUY,2015-03-23 08:30:00+00:00,,PRE_TRADE_PROJECTED_EQUITY_BREACH
REJECTED,EURUSD,BUY,2015-03-24 02:00:00+00:00,,PRE_TRADE_PROJECTED_EQUITY_BREACH
REJECTED,GBPUSD,BUY,2015-03-24 02:00:00+00:00,,PRE_TRADE_PROJECTED_EQUITY_BREACH
REJECTED,EURUSD,BUY,2015-03-24 04:30:00+00:00,,PRE_TRADE_PROJECTED_EQUITY_BREACH
REJECTED,GBPUSD,BUY,2015-03-24 11:30:00+00:00,,PRE_TRADE_PROJECTED_EQUITY_BREACH
REJECTED,EURUSD,BUY,2015-03-24 15:00:00+00:00,,PRE_TRADE_PROJECTED_EQUITY_BREACH
REJECTED,EURUSD,BUY,2015-03-25 00:30:00+00:00,,PRE_TRADE_PROJECTED_EQUITY_BREACH
REJECTED,EURUSD,BUY,2015-03-25 07:30:00+00:00,,PRE_TRADE_PROJECTED_EQUITY_BREACH
REJECTED,GBPUSD,SELL,2015-03-26 08:00:00+00:00,,PRE_TRADE_PROJECTED_EQUITY_BREACH
REJECTED,EURUSD,BUY,2015-03-26 12:00:00+00:00,,PRE_TRADE_PROJECTED_EQUITY_BREACH
REJECTED,EURUSD,BUY,2015-03-26 15:00:00+00:00,,PRE_TRADE_PROJECTED_EQUITY_BREACH
REJECTED,EURUSD,SELL,2015-03-27 12:00:00+00:00,,PRE_TRADE_PROJECTED_EQUITY_BREACH
REJECTED,GBPUSD,SELL,2015-03-27 12:00:00+00:00,,PRE_TRADE_PROJECTED_EQUITY_BREACH
REJECTED,EURUSD,BUY,2015-03-27 21:30:00+00:00,,PRE_TRADE_PROJECTED_EQUITY_BREACH
REJECTED,EURUSD,BUY,2015-03-30 01:00:00+00:00,,PRE_TRADE_PROJECTED_EQUITY_BREACH
REJECTED,EURUSD,BUY,2015-03-30 05:00:00+00:00,,PRE_TRADE_PROJECTED_EQUITY_BREACH
REJECTED,EURUSD,BUY,2015-03-30 08:00:00+00:00,,PRE_TRADE_PROJECTED_EQUITY_BREACH
REJECTED,GBPUSD,SELL,2015-03-31 16:00:00+00:00,,PRE_TRADE_PROJECTED_EQUITY_BREACH
REJECTED,EURUSD,SELL,2015-03-31 20:00:00+00:00,,PRE_TRADE_PROJECTED_EQUITY_BREACH
REJECTED,EURUSD,SELL,2015-04-01 02:00:00+00:00,,PRE_TRADE_PROJECTED_EQUITY_BREACH
REJECTED,EURUSD,SELL,2015-04-01 23:00:00+00:00,,PRE_TRADE_PROJECTED_EQUITY_BREACH
REJECTED,EURUSD,SELL,2015-04-02 06:00:00+00:00,,PRE_TRADE_PROJECTED_EQUITY_BREACH
REJECTED,GBPUSD,SELL,2015-04-02 07:00:00+00:00,,PRE_TRADE_PROJECTED_EQUITY_BREACH
REJECTED,GBPUSD,SELL,2015-04-02 17:00:00+00:00,,PRE_TRADE_PROJECTED_EQUITY_BREACH
REJECTED,EURUSD,BUY,2015-04-03 00:00:00+00:00,,PRE_TRADE_PROJECTED_EQUITY_BREACH
REJECTED,GBPUSD,SELL,2015-04-03 06:30:00+00:00,,PRE_TRADE_PROJECTED_EQUITY_BREACH
REJECTED,EURUSD,BUY,2015-04-03 17:30:00+00:00,,PRE_TRADE_PROJECTED_EQUITY_BREACH
REJECTED,GBPUSD,BUY,2015-04-06 02:30:00+00:00,,PRE_TRADE_PROJECTED_EQUITY_BREACH
REJECTED,EURUSD,BUY,2015-04-06 17:00:00+00:00,,PRE_TRADE_PROJECTED_EQUITY_BREACH
REJECTED,GBPUSD,BUY,2015-04-06 18:00:00+00:00,,PRE_TRADE_PROJECTED_EQUITY_BREACH
REJECTED,EURUSD,BUY,2015-04-06 19:00:00+00:00,,PRE_TRADE_PROJECTED_EQUITY_BREACH
REJECTED,EURUSD,SELL,2015-04-08 02:00:00+00:00,,PRE_TRADE_PROJECTED_EQUITY_BREACH
REJECTED,EURUSD,SELL,2015-04-08 05:00:00+00:00,,PRE_TRADE_PROJECTED_EQUITY_BREACH
REJECTED,GBPUSD,SELL,2015-04-08 05:30:00+00:00,,PRE_TRADE_PROJECTED_EQUITY_BREACH
REJECTED,GBPUSD,SELL,2015-04-08 07:00:00+00:00,,PRE_TRADE_PROJECTED_EQUITY_BREACH
REJECTED,GBPUSD,BUY,2015-04-08 15:30:00+00:00,,PRE_TRADE_PROJECTED_EQUITY_BREACH
REJECTED,EURUSD,SELL,2015-04-09 12:00:00+00:00,,PRE_TRADE_PROJECTED_EQUITY_BREACH
REJECTED,GBPUSD,SELL,2015-04-09 12:00:00+00:00,,PRE_TRADE_PROJECTED_EQUITY_BREACH
REJECTED,EURUSD,SELL,2015-04-10 01:30:00+00:00,,PRE_TRADE_PROJECTED_EQUITY_BREACH
REJECTED,GBPUSD,SELL,2015-04-10 02:30:00+00:00,,PRE_TRADE_PROJECTED_EQUITY_BREACH
REJECTED,EURUSD,SELL,2015-04-13 07:30:00+00:00,,PRE_TRADE_PROJECTED_EQUITY_BREACH
REJECTED,GBPUSD,SELL,2015-04-13 13:00:00+00:00,,PRE_TRADE_PROJECTED_EQUITY_BREACH
REJECTED,GBPUSD,SELL,2015-04-13 17:00:00+00:00,,PRE_TRADE_PROJECTED_EQUITY_BREACH
REJECTED,EURUSD,SELL,2015-04-14 01:30:00+00:00,,PRE_TRADE_PROJECTED_EQUITY_BREACH
REJECTED,GBPUSD,SELL,2015-04-14 07:30:00+00:00,,PRE_TRADE_PROJECTED_EQUITY_BREACH
REJECTED,GBPUSD,SELL,2015-04-14 12:30:00+00:00,,PRE_TRADE_PROJECTED_EQUITY_BREACH
REJECTED,EURUSD,SELL,2015-04-14 13:30:00+00:00,,PRE_TRADE_PROJECTED_EQUITY_BREACH
REJECTED,GBPUSD,BUY,2015-04-15 01:00:00+00:00,,PRE_TRADE_PROJECTED_EQUITY_BREACH
REJECTED,EURUSD,SELL,2015-04-15 07:00:00+00:00,,PRE_TRADE_PROJECTED_EQUITY_BREACH
REJECTED,EURUSD,SELL,2015-04-15 14:00:00+00:00,,PRE_TRADE_PROJECTED_EQUITY_BREACH
REJECTED,EURUSD,SELL,2015-04-15 18:00:00+00:00,,PRE_TRADE_PROJECTED_EQUITY_BREACH
REJECTED,EURUSD,SELL,2015-04-16 01:00:00+00:00,,PRE_TRADE_PROJECTED_EQUITY_BREACH
REJECTED,GBPUSD,BUY,2015-04-16 06:30:00+00:00,,PRE_TRADE_PROJECTED_EQUITY_BREACH
REJECTED,EURUSD,SELL,2015-04-16 11:00:00+00:00,,PRE_TRADE_PROJECTED_EQUITY_BREACH
REJECTED,GBPUSD,BUY,2015-04-17 16:00:00+00:00,,PRE_TRADE_PROJECTED_EQUITY_BREACH
REJECTED,GBPUSD,BUY,2015-04-20 08:00:00+00:00,,PRE_TRADE_PROJECTED_EQUITY_BREACH
REJECTED,EURUSD,BUY,2015-04-20 09:30:00+00:00,,PRE_TRADE_PROJECTED_EQUITY_BREACH
REJECTED,EURUSD,BUY,2015-04-20 18:30:00+00:00,,PRE_TRADE_PROJECTED_EQUITY_BREACH
REJECTED,GBPUSD,BUY,2015-04-20 18:30:00+00:00,,PRE_TRADE_PROJECTED_EQUITY_BREACH
REJECTED,GBPUSD,BUY,2015-04-21 07:30:00+00:00,,PRE_TRADE_PROJECTED_EQUITY_BREACH
REJECTED,EURUSD,SELL,2015-04-21 13:30:00+00:00,,PRE_TRADE_PROJECTED_EQUITY_BREACH
REJECTED,EURUSD,BUY,2015-04-22 13:00:00+00:00,,PRE_TRADE_PROJECTED_EQUITY_BREACH
REJECTED,GBPUSD,BUY,2015-04-22 22:30:00+00:00,,PRE_TRADE_PROJECTED_EQUITY_BREACH
REJECTED,GBPUSD,BUY,2015-04-23 02:00:00+00:00,,PRE_TRADE_PROJECTED_EQUITY_BREACH
REJECTED,GBPUSD,BUY,2015-04-23 07:30:00+00:00,,PRE_TRADE_PROJECTED_EQUITY_BREACH
REJECTED,GBPUSD,BUY,2015-04-24 00:00:00+00:00,,PRE_TRADE_PROJECTED_EQUITY_BREACH
REJECTED,EURUSD,BUY,2015-04-24 01:00:00+00:00,,PRE_TRADE_PROJECTED_EQUITY_BREACH
REJECTED,EURUSD,BUY,2015-04-24 04:00:00+00:00,,PRE_TRADE_PROJECTED_EQUITY_BREACH
REJECTED,EURUSD,BUY,2015-04-24 11:00:00+00:00,,PRE_TRADE_PROJECTED_EQUITY_BREACH
REJECTED,GBPUSD,BUY,2015-04-27 07:30:00+00:00,,PRE_TRADE_PROJECTED_EQUITY_BREACH
REJECTED,GBPUSD,BUY,2015-04-27 12:30:00+00:00,,PRE_TRADE_PROJECTED_EQUITY_BREACH
REJECTED,EURUSD,BUY,2015-04-27 23:00:00+00:00,,PRE_TRADE_PROJECTED_EQUITY_BREACH
REJECTED,GBPUSD,BUY,2015-04-29 19:00:00+00:00,,PRE_TRADE_PROJECTED_EQUITY_BREACH
REJECTED,EURUSD,BUY,2015-04-30 05:00:00+00:00,,PRE_TRADE_PROJECTED_EQUITY_BREACH
REJECTED,GBPUSD,BUY,2015-04-30 05:00:00+00:00,,PRE_TRADE_PROJECTED_EQUITY_BREACH
REJECTED,GBPUSD,BUY,2015-04-30 07:00:00+00:00,,PRE_TRADE_PROJECTED_EQUITY_BREACH
REJECTED,GBPUSD,BUY,2015-04-30 16:30:00+00:00,,PRE_TRADE_PROJECTED_EQUITY_BREACH
REJECTED,GBPUSD,BUY,2015-05-01 03:00:00+00:00,,PRE_TRADE_PROJECTED_EQUITY_BREACH
REJECTED,EURUSD,BUY,2015-05-01 16:30:00+00:00,,PRE_TRADE_PROJECTED_EQUITY_BREACH
REJECTED,EURUSD,BUY,2015-05-04 08:30:00+00:00,,PRE_TRADE_PROJECTED_EQUITY_BREACH
REJECTED,GBPUSD,SELL,2015-05-05 02:00:00+00:00,,PRE_TRADE_PROJECTED_EQUITY_BREACH
REJECTED,EURUSD,BUY,2015-05-05 04:00:00+00:00,,PRE_TRADE_PROJECTED_EQUITY_BREACH
REJECTED,GBPUSD,SELL,2015-05-05 06:00:00+00:00,,PRE_TRADE_PROJECTED_EQUITY_BREACH
REJECTED,EURUSD,BUY,2015-05-05 07:30:00+00:00,,PRE_TRADE_PROJECTED_EQUITY_BREACH
REJECTED,EURUSD,BUY,2015-05-06 10:00:00+00:00,,PRE_TRADE_PROJECTED_EQUITY_BREACH
REJECTED,EURUSD,BUY,2015-05-06 23:00:00+00:00,,PRE_TRADE_PROJECTED_EQUITY_BREACH
REJECTED,GBPUSD,BUY,2015-05-07 02:00:00+00:00,,PRE_TRADE_PROJECTED_EQUITY_BREACH
REJECTED,EURUSD,BUY,2015-05-07 02:30:00+00:00,,PRE_TRADE_PROJECTED_EQUITY_BREACH
REJECTED,GBPUSD,BUY,2015-05-07 07:30:00+00:00,,PRE_TRADE_PROJECTED_EQUITY_BREACH
REJECTED,EURUSD,BUY,2015-05-07 12:30:00+00:00,,PRE_TRADE_PROJECTED_EQUITY_BREACH
REJECTED,EURUSD,BUY,2015-05-07 15:30:00+00:00,,PRE_TRADE_PROJECTED_EQUITY_BREACH
REJECTED,EURUSD,BUY,2015-05-07 22:30:00+00:00,,PRE_TRADE_PROJECTED_EQUITY_BREACH
REJECTED,EURUSD,BUY,2015-05-08 03:00:00+00:00,,PRE_TRADE_PROJECTED_EQUITY_BREACH
REJECTED,GBPUSD,BUY,2015-05-08 11:30:00+00:00,,PRE_TRADE_PROJECTED_EQUITY_BREACH
REJECTED,GBPUSD,BUY,2015-05-08 15:00:00+00:00,,PRE_TRADE_PROJECTED_EQUITY_BREACH
REJECTED,GBPUSD,BUY,2015-05-10 23:30:00+00:00,,PRE_TRADE_PROJECTED_EQUITY_BREACH
REJECTED,EURUSD,BUY,2015-05-11 00:00:00+00:00,,PRE_TRADE_PROJECTED_EQUITY_BREACH
REJECTED,GBPUSD,BUY,2015-05-11 23:30:00+00:00,,PRE_TRADE_PROJECTED_EQUITY_BREACH
REJECTED,EURUSD,BUY,2015-05-12 12:30:00+00:00,,PRE_TRADE_PROJECTED_EQUITY_BREACH
REJECTED,EURUSD,BUY,2015-05-12 20:00:00+00:00,,PRE_TRADE_PROJECTED_EQUITY_BREACH
REJECTED,GBPUSD,BUY,2015-05-12 21:00:00+00:00,,PRE_TRADE_PROJECTED_EQUITY_BREACH
REJECTED,GBPUSD,BUY,2015-05-13 07:30:00+00:00,,PRE_TRADE_PROJECTED_EQUITY_BREACH
REJECTED,EURUSD,BUY,2015-05-14 14:30:00+00:00,,PRE_TRADE_PROJECTED_EQUITY_BREACH
REJECTED,GBPUSD,BUY,2015-05-14 15:00:00+00:00,,PRE_TRADE_PROJECTED_EQUITY_BREACH
REJECTED,EURUSD,BUY,2015-05-15 00:00:00+00:00,,PRE_TRADE_PROJECTED_EQUITY_BREACH
REJECTED,EURUSD,BUY,2015-05-15 06:30:00+00:00,,PRE_TRADE_PROJECTED_EQUITY_BREACH
REJECTED,GBPUSD,BUY,2015-05-15 12:00:00+00:00,,PRE_TRADE_PROJECTED_EQUITY_BREACH
REJECTED,GBPUSD,BUY,2015-05-15 19:00:00+00:00,,PRE_TRADE_PROJECTED_EQUITY_BREACH
REJECTED,EURUSD,BUY,2015-05-18 02:30:00+00:00,,PRE_TRADE_PROJECTED_EQUITY_BREACH
REJECTED,GBPUSD,BUY,2015-05-18 02:30:00+00:00,,PRE_TRADE_PROJECTED_EQUITY_BREACH
REJECTED,GBPUSD,BUY,2015-05-18 07:30:00+00:00,,PRE_TRADE_PROJECTED_EQUITY_BREACH
REJECTED,EURUSD,BUY,2015-05-18 08:00:00+00:00,,PRE_TRADE_PROJECTED_EQUITY_BREACH
REJECTED,EURUSD,BUY,2015-05-18 19:30:00+00:00,,PRE_TRADE_PROJECTED_EQUITY_BREACH
REJECTED,GBPUSD,BUY,2015-05-19 02:30:00+00:00,,PRE_TRADE_PROJECTED_EQUITY_BREACH
REJECTED,GBPUSD,SELL,2015-05-20 10:30:00+00:00,,PRE_TRADE_PROJECTED_EQUITY_BREACH
REJECTED,EURUSD,SELL,2015-05-20 19:00:00+00:00,,PRE_TRADE_PROJECTED_EQUITY_BREACH
REJECTED,EURUSD,SELL,2015-05-21 01:30:00+00:00,,PRE_TRADE_PROJECTED_EQUITY_BREACH
REJECTED,EURUSD,SELL,2015-05-21 09:00:00+00:00,,PRE_TRADE_PROJECTED_EQUITY_BREACH
REJECTED,GBPUSD,SELL,2015-05-21 09:00:00+00:00,,PRE_TRADE_PROJECTED_EQUITY_BREACH
REJECTED,EURUSD,SELL,2015-05-22 01:00:00+00:00,,PRE_TRADE_PROJECTED_EQUITY_BREACH
REJECTED,EURUSD,SELL,2015-05-22 04:30:00+00:00,,PRE_TRADE_PROJECTED_EQUITY_BREACH
REJECTED,EURUSD,SELL,2015-05-22 10:30:00+00:00,,PRE_TRADE_PROJECTED_EQUITY_BREACH
REJECTED,GBPUSD,BUY,2015-05-22 12:00:00+00:00,,PRE_TRADE_PROJECTED_EQUITY_BREACH
REJECTED,GBPUSD,SELL,2015-05-25 07:00:00+00:00,,PRE_TRADE_PROJECTED_EQUITY_BREACH
REJECTED,EURUSD,SELL,2015-05-25 07:30:00+00:00,,PRE_TRADE_PROJECTED_EQUITY_BREACH
REJECTED,GBPUSD,SELL,2015-05-25 23:00:00+00:00,,PRE_TRADE_PROJECTED_EQUITY_BREACH
REJECTED,GBPUSD,SELL,2015-05-27 06:00:00+00:00,,PRE_TRADE_PROJECTED_EQUITY_BREACH
REJECTED,EURUSD,SELL,2015-05-27 07:00:00+00:00,,PRE_TRADE_PROJECTED_EQUITY_BREACH
REJECTED,GBPUSD,SELL,2015-05-28 06:30:00+00:00,,PRE_TRADE_PROJECTED_EQUITY_BREACH
REJECTED,EURUSD,SELL,2015-05-28 07:00:00+00:00,,PRE_TRADE_PROJECTED_EQUITY_BREACH
REJECTED,EURUSD,SELL,2015-05-28 18:00:00+00:00,,PRE_TRADE_PROJECTED_EQUITY_BREACH
REJECTED,GBPUSD,SELL,2015-05-28 18:00:00+00:00,,PRE_TRADE_PROJECTED_EQUITY_BREACH
REJECTED,GBPUSD,SELL,2015-05-28 23:30:00+00:00,,PRE_TRADE_PROJECTED_EQUITY_BREACH
REJECTED,GBPUSD,SELL,2015-05-29 05:00:00+00:00,,PRE_TRADE_PROJECTED_EQUITY_BREACH
REJECTED,EURUSD,SELL,2015-05-29 10:30:00+00:00,,PRE_TRADE_PROJECTED_EQUITY_BREACH
REJECTED,GBPUSD,SELL,2015-05-29 14:30:00+00:00,,PRE_TRADE_PROJECTED_EQUITY_BREACH
REJECTED,GBPUSD,SELL,2015-06-01 13:30:00+00:00,,PRE_TRADE_PROJECTED_EQUITY_BREACH
REJECTED,EURUSD,SELL,2015-06-01 14:00:00+00:00,,PRE_TRADE_PROJECTED_EQUITY_BREACH
REJECTED,EURUSD,SELL,2015-06-01 19:00:00+00:00,,PRE_TRADE_PROJECTED_EQUITY_BREACH
REJECTED,EURUSD,SELL,2015-06-02 05:30:00+00:00,,PRE_TRADE_PROJECTED_EQUITY_BREACH
REJECTED,GBPUSD,SELL,2015-06-02 06:00:00+00:00,,PRE_TRADE_PROJECTED_EQUITY_BREACH
REJECTED,EURUSD,SELL,2015-06-02 08:00:00+00:00,,PRE_TRADE_PROJECTED_EQUITY_BREACH
REJECTED,EURUSD,SELL,2015-06-02 11:00:00+00:00,,PRE_TRADE_PROJECTED_EQUITY_BREACH
REJECTED,GBPUSD,SELL,2015-06-02 14:30:00+00:00,,PRE_TRADE_PROJECTED_EQUITY_BREACH
REJECTED,GBPUSD,SELL,2015-06-02 17:30:00+00:00,,PRE_TRADE_PROJECTED_EQUITY_BREACH
REJECTED,EURUSD,BUY,2015-06-03 01:00:00+00:00,,PRE_TRADE_PROJECTED_EQUITY_BREACH
REJECTED,GBPUSD,SELL,2015-06-03 16:30:00+00:00,,PRE_TRADE_PROJECTED_EQUITY_BREACH
REJECTED,EURUSD,BUY,2015-06-04 07:30:00+00:00,,PRE_TRADE_PROJECTED_EQUITY_BREACH
REJECTED,GBPUSD,SELL,2015-06-04 09:00:00+00:00,,PRE_TRADE_PROJECTED_EQUITY_BREACH
REJECTED,EURUSD,BUY,2015-06-04 13:30:00+00:00,,PRE_TRADE_PROJECTED_EQUITY_BREACH
REJECTED,EURUSD,BUY,2015-06-04 22:30:00+00:00,,PRE_TRADE_PROJECTED_EQUITY_BREACH
REJECTED,EURUSD,BUY,2015-06-04 23:30:00+00:00,,PRE_TRADE_PROJECTED_EQUITY_BREACH
REJECTED,GBPUSD,BUY,2015-06-05 07:00:00+00:00,,PRE_TRADE_PROJECTED_EQUITY_BREACH
REJECTED,EURUSD,BUY,2015-06-05 11:30:00+00:00,,PRE_TRADE_PROJECTED_EQUITY_BREACH
REJECTED,GBPUSD,SELL,2015-06-08 13:00:00+00:00,,PRE_TRADE_PROJECTED_EQUITY_BREACH
REJECTED,GBPUSD,SELL,2015-06-08 17:30:00+00:00,,PRE_TRADE_PROJECTED_EQUITY_BREACH
REJECTED,GBPUSD,BUY,2015-06-09 01:00:00+00:00,,PRE_TRADE_PROJECTED_EQUITY_BREACH
REJECTED,GBPUSD,BUY,2015-06-09 08:00:00+00:00,,PRE_TRADE_PROJECTED_EQUITY_BREACH
REJECTED,GBPUSD,BUY,2015-06-10 04:00:00+00:00,,PRE_TRADE_PROJECTED_EQUITY_BREACH
REJECTED,EURUSD,BUY,2015-06-10 04:30:00+00:00,,PRE_TRADE_PROJECTED_EQUITY_BREACH
REJECTED,EURUSD,BUY,2015-06-10 12:00:00+00:00,,PRE_TRADE_PROJECTED_EQUITY_BREACH
REJECTED,GBPUSD,BUY,2015-06-10 22:30:00+00:00,,PRE_TRADE_PROJECTED_EQUITY_BREACH
REJECTED,EURUSD,BUY,2015-06-11 01:00:00+00:00,,PRE_TRADE_PROJECTED_EQUITY_BREACH
REJECTED,EURUSD,BUY,2015-06-11 02:00:00+00:00,,PRE_TRADE_PROJECTED_EQUITY_BREACH
REJECTED,GBPUSD,BUY,2015-06-11 07:30:00+00:00,,PRE_TRADE_PROJECTED_EQUITY_BREACH
REJECTED,EURUSD,BUY,2015-06-11 09:00:00+00:00,,PRE_TRADE_PROJECTED_EQUITY_BREACH
REJECTED,EURUSD,BUY,2015-06-11 12:30:00+00:00,,PRE_TRADE_PROJECTED_EQUITY_BREACH
REJECTED,EURUSD,BUY,2015-06-12 05:30:00+00:00,,PRE_TRADE_PROJECTED_EQUITY_BREACH
REJECTED,GBPUSD,BUY,2015-06-12 09:30:00+00:00,,PRE_TRADE_PROJECTED_EQUITY_BREACH
REJECTED,EURUSD,SELL,2015-06-12 13:00:00+00:00,,PRE_TRADE_PROJECTED_EQUITY_BREACH
REJECTED,EURUSD,BUY,2015-06-14 22:30:00+00:00,,PRE_TRADE_PROJECTED_EQUITY_BREACH
REJECTED,GBPUSD,BUY,2015-06-15 06:30:00+00:00,,PRE_TRADE_PROJECTED_EQUITY_BREACH
REJECTED,GBPUSD,BUY,2015-06-15 10:00:00+00:00,,PRE_TRADE_PROJECTED_EQUITY_BREACH
REJECTED,GBPUSD,BUY,2015-06-16 01:00:00+00:00,,PRE_TRADE_PROJECTED_EQUITY_BREACH
REJECTED,GBPUSD,BUY,2015-06-16 07:00:00+00:00,,PRE_TRADE_PROJECTED_EQUITY_BREACH
REJECTED,GBPUSD,BUY,2015-06-16 09:30:00+00:00,,PRE_TRADE_PROJECTED_EQUITY_BREACH
REJECTED,GBPUSD,BUY,2015-06-17 00:30:00+00:00,,PRE_TRADE_PROJECTED_EQUITY_BREACH
REJECTED,EURUSD,BUY,2015-06-17 07:00:00+00:00,,PRE_TRADE_PROJECTED_EQUITY_BREACH
REJECTED,EURUSD,BUY,2015-06-17 15:30:00+00:00,,PRE_TRADE_PROJECTED_EQUITY_BREACH
REJECTED,GBPUSD,BUY,2015-06-18 05:30:00+00:00,,PRE_TRADE_PROJECTED_EQUITY_BREACH
REJECTED,GBPUSD,BUY,2015-06-18 15:00:00+00:00,,PRE_TRADE_PROJECTED_EQUITY_BREACH
REJECTED,GBPUSD,BUY,2015-06-18 18:00:00+00:00,,PRE_TRADE_PROJECTED_EQUITY_BREACH
REJECTED,EURUSD,BUY,2015-06-19 05:00:00+00:00,,PRE_TRADE_PROJECTED_EQUITY_BREACH
REJECTED,GBPUSD,BUY,2015-06-19 06:00:00+00:00,,PRE_TRADE_PROJECTED_EQUITY_BREACH
REJECTED,EURUSD,BUY,2015-06-19 07:00:00+00:00,,PRE_TRADE_PROJECTED_EQUITY_BREACH
REJECTED,EURUSD,BUY,2015-06-19 08:30:00+00:00,,PRE_TRADE_PROJECTED_EQUITY_BREACH
REJECTED,GBPUSD,BUY,2015-06-19 08:30:00+00:00,,PRE_TRADE_PROJECTED_EQUITY_BREACH
REJECTED,EURUSD,BUY,2015-06-19 11:00:00+00:00,,PRE_TRADE_PROJECTED_EQUITY_BREACH
REJECTED,EURUSD,BUY,2015-06-22 08:30:00+00:00,,PRE_TRADE_PROJECTED_EQUITY_BREACH
REJECTED,GBPUSD,BUY,2015-06-22 11:30:00+00:00,,PRE_TRADE_PROJECTED_EQUITY_BREACH
REJECTED,EURUSD,BUY,2015-06-23 02:00:00+00:00,,PRE_TRADE_PROJECTED_EQUITY_BREACH
REJECTED,GBPUSD,BUY,2015-06-23 02:00:00+00:00,,PRE_TRADE_PROJECTED_EQUITY_BREACH
REJECTED,GBPUSD,BUY,2015-06-23 13:30:00+00:00,,PRE_TRADE_PROJECTED_EQUITY_BREACH
REJECTED,GBPUSD,BUY,2015-06-24 11:30:00+00:00,,PRE_TRADE_PROJECTED_EQUITY_BREACH
REJECTED,EURUSD,SELL,2015-06-24 18:30:00+00:00,,PRE_TRADE_PROJECTED_EQUITY_BREACH
REJECTED,EURUSD,SELL,2015-06-26 07:00:00+00:00,,PRE_TRADE_PROJECTED_EQUITY_BREACH
REJECTED,EURUSD,SELL,2015-06-26 08:00:00+00:00,,PRE_TRADE_PROJECTED_EQUITY_BREACH
REJECTED,GBPUSD,BUY,2015-06-26 11:00:00+00:00,,PRE_TRADE_PROJECTED_EQUITY_BREACH
REJECTED,GBPUSD,BUY,2015-06-28 22:00:00+00:00,,PRE_TRADE_PROJECTED_EQUITY_BREACH
REJECTED,EURUSD,SELL,2015-06-29 07:00:00+00:00,,PRE_TRADE_PROJECTED_EQUITY_BREACH
REJECTED,EURUSD,BUY,2015-06-29 23:30:00+00:00,,PRE_TRADE_PROJECTED_EQUITY_BREACH
REJECTED,GBPUSD,SELL,2015-07-01 05:30:00+00:00,,PRE_TRADE_PROJECTED_EQUITY_BREACH
REJECTED,GBPUSD,SELL,2015-07-01 09:00:00+00:00,,PRE_TRADE_PROJECTED_EQUITY_BREACH
REJECTED,EURUSD,SELL,2015-07-02 03:30:00+00:00,,PRE_TRADE_PROJECTED_EQUITY_BREACH
REJECTED,GBPUSD,SELL,2015-07-02 05:30:00+00:00,,PRE_TRADE_PROJECTED_EQUITY_BREACH
REJECTED,EURUSD,SELL,2015-07-02 23:30:00+00:00,,PRE_TRADE_PROJECTED_EQUITY_BREACH
REJECTED,GBPUSD,SELL,2015-07-03 01:00:00+00:00,,PRE_TRADE_PROJECTED_EQUITY_BREACH
REJECTED,GBPUSD,SELL,2015-07-03 11:00:00+00:00,,PRE_TRADE_PROJECTED_EQUITY_BREACH
REJECTED,GBPUSD,SELL,2015-07-06 06:30:00+00:00,,PRE_TRADE_PROJECTED_EQUITY_BREACH
REJECTED,EURUSD,SELL,2015-07-06 15:30:00+00:00,,PRE_TRADE_PROJECTED_EQUITY_BREACH
REJECTED,GBPUSD,SELL,2015-07-06 15:30:00+00:00,,PRE_TRADE_PROJECTED_EQUITY_BREACH
REJECTED,EURUSD,SELL,2015-07-07 20:00:00+00:00,,PRE_TRADE_PROJECTED_EQUITY_BREACH
REJECTED,EURUSD,SELL,2015-07-08 14:00:00+00:00,,PRE_TRADE_PROJECTED_EQUITY_BREACH
REJECTED,EURUSD,SELL,2015-07-09 04:00:00+00:00,,PRE_TRADE_PROJECTED_EQUITY_BREACH
REJECTED,EURUSD,SELL,2015-07-09 05:00:00+00:00,,PRE_TRADE_PROJECTED_EQUITY_BREACH
REJECTED,GBPUSD,SELL,2015-07-09 06:30:00+00:00,,PRE_TRADE_PROJECTED_EQUITY_BREACH
REJECTED,GBPUSD,SELL,2015-07-09 20:00:00+00:00,,PRE_TRADE_PROJECTED_EQUITY_BREACH
REJECTED,EURUSD,SELL,2015-07-09 21:00:00+00:00,,PRE_TRADE_PROJECTED_EQUITY_BREACH
REJECTED,EURUSD,SELL,2015-07-09 22:30:00+00:00,,PRE_TRADE_PROJECTED_EQUITY_BREACH
REJECTED,GBPUSD,SELL,2015-07-10 04:00:00+00:00,,PRE_TRADE_PROJECTED_EQUITY_BREACH
REJECTED,GBPUSD,SELL,2015-07-10 09:30:00+00:00,,PRE_TRADE_PROJECTED_EQUITY_BREACH
REJECTED,GBPUSD,SELL,2015-07-10 11:00:00+00:00,,PRE_TRADE_PROJECTED_EQUITY_BREACH
REJECTED,EURUSD,SELL,2015-07-14 09:00:00+00:00,,PRE_TRADE_PROJECTED_EQUITY_BREACH
REJECTED,EURUSD,SELL,2015-07-14 13:30:00+00:00,,PRE_TRADE_PROJECTED_EQUITY_BREACH
REJECTED,EURUSD,SELL,2015-07-14 23:00:00+00:00,,PRE_TRADE_PROJECTED_EQUITY_BREACH
REJECTED,GBPUSD,BUY,2015-07-15 10:00:00+00:00,,PRE_TRADE_PROJECTED_EQUITY_BREACH
REJECTED,GBPUSD,BUY,2015-07-15 13:30:00+00:00,,PRE_TRADE_PROJECTED_EQUITY_BREACH
REJECTED,GBPUSD,BUY,2015-07-16 06:00:00+00:00,,PRE_TRADE_PROJECTED_EQUITY_BREACH
REJECTED,GBPUSD,BUY,2015-07-16 12:30:00+00:00,,PRE_TRADE_PROJECTED_EQUITY_BREACH
REJECTED,EURUSD,SELL,2015-07-17 03:30:00+00:00,,PRE_TRADE_PROJECTED_EQUITY_BREACH
REJECTED,GBPUSD,BUY,2015-07-17 10:30:00+00:00,,PRE_TRADE_PROJECTED_EQUITY_BREACH
REJECTED,GBPUSD,BUY,2015-07-17 14:30:00+00:00,,PRE_TRADE_PROJECTED_EQUITY_BREACH
REJECTED,GBPUSD,BUY,2015-07-19 22:00:00+00:00,,PRE_TRADE_PROJECTED_EQUITY_BREACH
REJECTED,EURUSD,SELL,2015-07-20 07:30:00+00:00,,PRE_TRADE_PROJECTED_EQUITY_BREACH
REJECTED,EURUSD,SELL,2015-07-21 09:00:00+00:00,,PRE_TRADE_PROJECTED_EQUITY_BREACH
REJECTED,EURUSD,SELL,2015-07-21 15:00:00+00:00,,PRE_TRADE_PROJECTED_EQUITY_BREACH
REJECTED,EURUSD,SELL,2015-07-22 01:00:00+00:00,,PRE_TRADE_PROJECTED_EQUITY_BREACH
REJECTED,GBPUSD,BUY,2015-07-22 17:00:00+00:00,,PRE_TRADE_PROJECTED_EQUITY_BREACH
REJECTED,EURUSD,SELL,2015-07-22 20:30:00+00:00,,PRE_TRADE_PROJECTED_EQUITY_BREACH
REJECTED,EURUSD,BUY,2015-07-23 21:30:00+00:00,,PRE_TRADE_PROJECTED_EQUITY_BREACH
REJECTED,EURUSD,BUY,2015-07-24 04:00:00+00:00,,PRE_TRADE_PROJECTED_EQUITY_BREACH
REJECTED,GBPUSD,SELL,2015-07-24 16:00:00+00:00,,PRE_TRADE_PROJECTED_EQUITY_BREACH
REJECTED,GBPUSD,SELL,2015-07-27 00:00:00+00:00,,PRE_TRADE_PROJECTED_EQUITY_BREACH
REJECTED,GBPUSD,SELL,2015-07-27 01:30:00+00:00,,PRE_TRADE_PROJECTED_EQUITY_BREACH
REJECTED,GBPUSD,SELL,2015-07-27 14:00:00+00:00,,PRE_TRADE_PROJECTED_EQUITY_BREACH
REJECTED,GBPUSD,SELL,2015-07-27 15:00:00+00:00,,PRE_TRADE_PROJECTED_EQUITY_BREACH
REJECTED,GBPUSD,BUY,2015-07-27 20:00:00+00:00,,PRE_TRADE_PROJECTED_EQUITY_BREACH
REJECTED,EURUSD,BUY,2015-07-27 21:00:00+00:00,,PRE_TRADE_PROJECTED_EQUITY_BREACH
REJECTED,EURUSD,BUY,2015-07-28 04:30:00+00:00,,PRE_TRADE_PROJECTED_EQUITY_BREACH
REJECTED,EURUSD,BUY,2015-07-28 07:30:00+00:00,,PRE_TRADE_PROJECTED_EQUITY_BREACH
REJECTED,GBPUSD,BUY,2015-07-28 08:00:00+00:00,,PRE_TRADE_PROJECTED_EQUITY_BREACH
REJECTED,EURUSD,BUY,2015-07-28 11:00:00+00:00,,PRE_TRADE_PROJECTED_EQUITY_BREACH
REJECTED,EURUSD,BUY,2015-07-29 05:00:00+00:00,,PRE_TRADE_PROJECTED_EQUITY_BREACH
REJECTED,GBPUSD,BUY,2015-07-29 05:30:00+00:00,,PRE_TRADE_PROJECTED_EQUITY_BREACH
REJECTED,EURUSD,BUY,2015-07-29 07:00:00+00:00,,PRE_TRADE_PROJECTED_EQUITY_BREACH
REJECTED,EURUSD,BUY,2015-07-29 12:30:00+00:00,,PRE_TRADE_PROJECTED_EQUITY_BREACH
REJECTED,EURUSD,BUY,2015-07-29 16:00:00+00:00,,PRE_TRADE_PROJECTED_EQUITY_BREACH
REJECTED,EURUSD,BUY,2015-07-29 20:00:00+00:00,,PRE_TRADE_PROJECTED_EQUITY_BREACH
REJECTED,GBPUSD,BUY,2015-07-29 21:30:00+00:00,,PRE_TRADE_PROJECTED_EQUITY_BREACH
REJECTED,GBPUSD,BUY,2015-07-30 16:30:00+00:00,,PRE_TRADE_PROJECTED_EQUITY_BREACH
REJECTED,EURUSD,SELL,2015-07-31 00:30:00+00:00,,PRE_TRADE_PROJECTED_EQUITY_BREACH
REJECTED,EURUSD,SELL,2015-07-31 04:00:00+00:00,,PRE_TRADE_PROJECTED_EQUITY_BREACH
REJECTED,GBPUSD,BUY,2015-07-31 08:00:00+00:00,,PRE_TRADE_PROJECTED_EQUITY_BREACH
REJECTED,EURUSD,SELL,2015-07-31 10:30:00+00:00,,PRE_TRADE_PROJECTED_EQUITY_BREACH
REJECTED,GBPUSD,SELL,2015-08-03 23:00:00+00:00,,PRE_TRADE_PROJECTED_EQUITY_BREACH
REJECTED,EURUSD,SELL,2015-08-04 06:30:00+00:00,,PRE_TRADE_PROJECTED_EQUITY_BREACH
REJECTED,GBPUSD,BUY,2015-08-04 15:00:00+00:00,,PRE_TRADE_PROJECTED_EQUITY_BREACH
REJECTED,GBPUSD,SELL,2015-08-05 08:30:00+00:00,,PRE_TRADE_PROJECTED_EQUITY_BREACH
REJECTED,EURUSD,SELL,2015-08-05 13:00:00+00:00,,PRE_TRADE_PROJECTED_EQUITY_BREACH
REJECTED,GBPUSD,BUY,2015-08-05 15:30:00+00:00,,PRE_TRADE_PROJECTED_EQUITY_BREACH
REJECTED,EURUSD,SELL,2015-08-05 18:30:00+00:00,,PRE_TRADE_PROJECTED_EQUITY_BREACH
REJECTED,EURUSD,SELL,2015-08-06 01:00:00+00:00,,PRE_TRADE_PROJECTED_EQUITY_BREACH
REJECTED,EURUSD,SELL,2015-08-06 06:30:00+00:00,,PRE_TRADE_PROJECTED_EQUITY_BREACH
REJECTED,EURUSD,SELL,2015-08-06 17:00:00+00:00,,PRE_TRADE_PROJECTED_EQUITY_BREACH
REJECTED,GBPUSD,SELL,2015-08-07 09:30:00+00:00,,PRE_TRADE_PROJECTED_EQUITY_BREACH
REJECTED,EURUSD,SELL,2015-08-07 13:00:00+00:00,,PRE_TRADE_PROJECTED_EQUITY_BREACH
REJECTED,GBPUSD,SELL,2015-08-07 18:30:00+00:00,,PRE_TRADE_PROJECTED_EQUITY_BREACH
REJECTED,EURUSD,BUY,2015-08-10 01:00:00+00:00,,PRE_TRADE_PROJECTED_EQUITY_BREACH
REJECTED,GBPUSD,SELL,2015-08-10 07:30:00+00:00,,PRE_TRADE_PROJECTED_EQUITY_BREACH
REJECTED,GBPUSD,SELL,2015-08-10 12:00:00+00:00,,PRE_TRADE_PROJECTED_EQUITY_BREACH
REJECTED,GBPUSD,SELL,2015-08-10 13:30:00+00:00,,PRE_TRADE_PROJECTED_EQUITY_BREACH
REJECTED,GBPUSD,SELL,2015-08-10 15:30:00+00:00,,PRE_TRADE_PROJECTED_EQUITY_BREACH
REJECTED,EURUSD,BUY,2015-08-11 03:30:00+00:00,,PRE_TRADE_PROJECTED_EQUITY_BREACH
REJECTED,GBPUSD,BUY,2015-08-12 19:30:00+00:00,,PRE_TRADE_PROJECTED_EQUITY_BREACH
REJECTED,EURUSD,BUY,2015-08-13 08:30:00+00:00,,PRE_TRADE_PROJECTED_EQUITY_BREACH
REJECTED,GBPUSD,BUY,2015-08-13 14:00:00+00:00,,PRE_TRADE_PROJECTED_EQUITY_BREACH
REJECTED,GBPUSD,BUY,2015-08-14 07:00:00+00:00,,PRE_TRADE_PROJECTED_EQUITY_BREACH
REJECTED,EURUSD,BUY,2015-08-14 14:00:00+00:00,,PRE_TRADE_PROJECTED_EQUITY_BREACH
REJECTED,EURUSD,BUY,2015-08-17 01:00:00+00:00,,PRE_TRADE_PROJECTED_EQUITY_BREACH
REJECTED,EURUSD,BUY,2015-08-17 05:00:00+00:00,,PRE_TRADE_PROJECTED_EQUITY_BREACH
REJECTED,GBPUSD,BUY,2015-08-17 10:00:00+00:00,,PRE_TRADE_PROJECTED_EQUITY_BREACH
REJECTED,GBPUSD,BUY,2015-08-17 15:30:00+00:00,,PRE_TRADE_PROJECTED_EQUITY_BREACH
REJECTED,GBPUSD,SELL,2015-08-18 02:30:00+00:00,,PRE_TRADE_PROJECTED_EQUITY_BREACH
REJECTED,EURUSD,BUY,2015-08-18 05:00:00+00:00,,PRE_TRADE_PROJECTED_EQUITY_BREACH
REJECTED,EURUSD,SELL,2015-08-19 01:30:00+00:00,,PRE_TRADE_PROJECTED_EQUITY_BREACH
REJECTED,EURUSD,BUY,2015-08-20 06:30:00+00:00,,PRE_TRADE_PROJECTED_EQUITY_BREACH
REJECTED,GBPUSD,BUY,2015-08-20 08:00:00+00:00,,PRE_TRADE_PROJECTED_EQUITY_BREACH
REJECTED,EURUSD,BUY,2015-08-21 08:00:00+00:00,,PRE_TRADE_PROJECTED_EQUITY_BREACH
REJECTED,GBPUSD,BUY,2015-08-21 12:30:00+00:00,,PRE_TRADE_PROJECTED_EQUITY_BREACH
REJECTED,GBPUSD,BUY,2015-08-24 01:30:00+00:00,,PRE_TRADE_PROJECTED_EQUITY_BREACH
REJECTED,GBPUSD,BUY,2015-08-24 06:30:00+00:00,,PRE_TRADE_PROJECTED_EQUITY_BREACH
REJECTED,EURUSD,BUY,2015-08-25 11:30:00+00:00,,PRE_TRADE_PROJECTED_EQUITY_BREACH
REJECTED,EURUSD,BUY,2015-08-25 13:30:00+00:00,,PRE_TRADE_PROJECTED_EQUITY_BREACH
REJECTED,GBPUSD,BUY,2015-08-25 15:00:00+00:00,,PRE_TRADE_PROJECTED_EQUITY_BREACH
REJECTED,GBPUSD,BUY,2015-08-25 17:30:00+00:00,,PRE_TRADE_PROJECTED_EQUITY_BREACH
REJECTED,EURUSD,BUY,2015-08-26 06:30:00+00:00,,PRE_TRADE_PROJECTED_EQUITY_BREACH
REJECTED,EURUSD,BUY,2015-08-26 13:00:00+00:00,,PRE_TRADE_PROJECTED_EQUITY_BREACH
REJECTED,EURUSD,BUY,2015-08-26 20:00:00+00:00,,PRE_TRADE_PROJECTED_EQUITY_BREACH
REJECTED,GBPUSD,SELL,2015-08-27 00:00:00+00:00,,PRE_TRADE_PROJECTED_EQUITY_BREACH
REJECTED,GBPUSD,SELL,2015-08-27 02:00:00+00:00,,PRE_TRADE_PROJECTED_EQUITY_BREACH
REJECTED,GBPUSD,SELL,2015-08-28 01:30:00+00:00,,PRE_TRADE_PROJECTED_EQUITY_BREACH
REJECTED,EURUSD,SELL,2015-08-28 03:30:00+00:00,,PRE_TRADE_PROJECTED_EQUITY_BREACH
REJECTED,EURUSD,SELL,2015-08-28 08:30:00+00:00,,PRE_TRADE_PROJECTED_EQUITY_BREACH
REJECTED,EURUSD,SELL,2015-08-31 00:00:00+00:00,,PRE_TRADE_PROJECTED_EQUITY_BREACH
REJECTED,GBPUSD,SELL,2015-08-31 01:00:00+00:00,,PRE_TRADE_PROJECTED_EQUITY_BREACH
REJECTED,EURUSD,SELL,2015-08-31 13:30:00+00:00,,PRE_TRADE_PROJECTED_EQUITY_BREACH
REJECTED,GBPUSD,SELL,2015-09-01 00:00:00+00:00,,PRE_TRADE_PROJECTED_EQUITY_BREACH
REJECTED,EURUSD,SELL,2015-09-01 00:30:00+00:00,,PRE_TRADE_PROJECTED_EQUITY_BREACH
REJECTED,EURUSD,SELL,2015-09-01 02:00:00+00:00,,PRE_TRADE_PROJECTED_EQUITY_BREACH
REJECTED,GBPUSD,SELL,2015-09-01 03:30:00+00:00,,PRE_TRADE_PROJECTED_EQUITY_BREACH
REJECTED,EURUSD,BUY,2015-09-02 00:30:00+00:00,,PRE_TRADE_PROJECTED_EQUITY_BREACH
REJECTED,GBPUSD,SELL,2015-09-02 03:30:00+00:00,,PRE_TRADE_PROJECTED_EQUITY_BREACH
REJECTED,GBPUSD,SELL,2015-09-02 14:00:00+00:00,,PRE_TRADE_PROJECTED_EQUITY_BREACH
REJECTED,EURUSD,SELL,2015-09-04 01:00:00+00:00,,PRE_TRADE_PROJECTED_EQUITY_BREACH
REJECTED,GBPUSD,SELL,2015-09-04 07:00:00+00:00,,PRE_TRADE_PROJECTED_EQUITY_BREACH
REJECTED,EURUSD,SELL,2015-09-04 13:00:00+00:00,,PRE_TRADE_PROJECTED_EQUITY_BREACH
REJECTED,EURUSD,SELL,2015-09-04 18:00:00+00:00,,PRE_TRADE_PROJECTED_EQUITY_BREACH
REJECTED,GBPUSD,SELL,2015-09-07 00:00:00+00:00,,PRE_TRADE_PROJECTED_EQUITY_BREACH
REJECTED,GBPUSD,SELL,2015-09-07 08:00:00+00:00,,PRE_TRADE_PROJECTED_EQUITY_BREACH
REJECTED,EURUSD,SELL,2015-09-07 17:00:00+00:00,,PRE_TRADE_PROJECTED_EQUITY_BREACH
REJECTED,GBPUSD,SELL,2015-09-08 02:30:00+00:00,,PRE_TRADE_PROJECTED_EQUITY_BREACH
REJECTED,EURUSD,SELL,2015-09-08 04:30:00+00:00,,PRE_TRADE_PROJECTED_EQUITY_BREACH
REJECTED,GBPUSD,BUY,2015-09-08 15:30:00+00:00,,PRE_TRADE_PROJECTED_EQUITY_BREACH
REJECTED,GBPUSD,BUY,2015-09-09 06:30:00+00:00,,PRE_TRADE_PROJECTED_EQUITY_BREACH
REJECTED,EURUSD,SELL,2015-09-09 10:00:00+00:00,,PRE_TRADE_PROJECTED_EQUITY_BREACH
REJECTED,EURUSD,SELL,2015-09-09 19:00:00+00:00,,PRE_TRADE_PROJECTED_EQUITY_BREACH
REJECTED,GBPUSD,BUY,2015-09-09 23:30:00+00:00,,PRE_TRADE_PROJECTED_EQUITY_BREACH
REJECTED,EURUSD,BUY,2015-09-11 12:00:00+00:00,,PRE_TRADE_PROJECTED_EQUITY_BREACH
REJECTED,GBPUSD,BUY,2015-09-11 12:00:00+00:00,,PRE_TRADE_PROJECTED_EQUITY_BREACH
REJECTED,GBPUSD,BUY,2015-09-11 15:30:00+00:00,,PRE_TRADE_PROJECTED_EQUITY_BREACH
REJECTED,GBPUSD,BUY,2015-09-14 05:00:00+00:00,,PRE_TRADE_PROJECTED_EQUITY_BREACH
REJECTED,GBPUSD,BUY,2015-09-14 12:00:00+00:00,,PRE_TRADE_PROJECTED_EQUITY_BREACH
REJECTED,GBPUSD,BUY,2015-09-14 13:30:00+00:00,,PRE_TRADE_PROJECTED_EQUITY_BREACH
REJECTED,EURUSD,BUY,2015-09-15 00:00:00+00:00,,PRE_TRADE_PROJECTED_EQUITY_BREACH
REJECTED,GBPUSD,BUY,2015-09-15 07:30:00+00:00,,PRE_TRADE_PROJECTED_EQUITY_BREACH
REJECTED,GBPUSD,BUY,2015-09-15 13:30:00+00:00,,PRE_TRADE_PROJECTED_EQUITY_BREACH
REJECTED,EURUSD,BUY,2015-09-15 15:30:00+00:00,,PRE_TRADE_PROJECTED_EQUITY_BREACH
REJECTED,EURUSD,BUY,2015-09-16 07:00:00+00:00,,PRE_TRADE_PROJECTED_EQUITY_BREACH
REJECTED,EURUSD,BUY,2015-09-16 19:30:00+00:00,,PRE_TRADE_PROJECTED_EQUITY_BREACH
REJECTED,GBPUSD,BUY,2015-09-18 00:30:00+00:00,,PRE_TRADE_PROJECTED_EQUITY_BREACH
REJECTED,EURUSD,BUY,2015-09-18 15:00:00+00:00,,PRE_TRADE_PROJECTED_EQUITY_BREACH
REJECTED,GBPUSD,BUY,2015-09-18 15:00:00+00:00,,PRE_TRADE_PROJECTED_EQUITY_BREACH
REJECTED,GBPUSD,BUY,2015-09-18 19:00:00+00:00,,PRE_TRADE_PROJECTED_EQUITY_BREACH
REJECTED,EURUSD,BUY,2015-09-18 20:00:00+00:00,,PRE_TRADE_PROJECTED_EQUITY_BREACH
REJECTED,GBPUSD,BUY,2015-09-21 15:30:00+00:00,,PRE_TRADE_PROJECTED_EQUITY_BREACH
REJECTED,EURUSD,SELL,2015-09-22 01:30:00+00:00,,PRE_TRADE_PROJECTED_EQUITY_BREACH
REJECTED,GBPUSD,BUY,2015-09-22 08:00:00+00:00,,PRE_TRADE_PROJECTED_EQUITY_BREACH
REJECTED,EURUSD,SELL,2015-09-23 04:00:00+00:00,,PRE_TRADE_PROJECTED_EQUITY_BREACH
REJECTED,EURUSD,SELL,2015-09-23 11:30:00+00:00,,PRE_TRADE_PROJECTED_EQUITY_BREACH
REJECTED,EURUSD,SELL,2015-09-23 18:00:00+00:00,,PRE_TRADE_PROJECTED_EQUITY_BREACH
REJECTED,GBPUSD,SELL,2015-09-24 03:00:00+00:00,,PRE_TRADE_PROJECTED_EQUITY_BREACH
REJECTED,EURUSD,SELL,2015-09-24 08:30:00+00:00,,PRE_TRADE_PROJECTED_EQUITY_BREACH
REJECTED,EURUSD,SELL,2015-09-24 12:00:00+00:00,,PRE_TRADE_PROJECTED_EQUITY_BREACH
REJECTED,EURUSD,SELL,2015-09-25 11:30:00+00:00,,PRE_TRADE_PROJECTED_EQUITY_BREACH
REJECTED,EURUSD,SELL,2015-09-25 15:00:00+00:00,,PRE_TRADE_PROJECTED_EQUITY_BREACH
REJECTED,EURUSD,SELL,2015-09-25 20:00:00+00:00,,PRE_TRADE_PROJECTED_EQUITY_BREACH
REJECTED,EURUSD,SELL,2015-09-28 01:00:00+00:00,,PRE_TRADE_PROJECTED_EQUITY_BREACH
REJECTED,GBPUSD,SELL,2015-09-28 09:00:00+00:00,,PRE_TRADE_PROJECTED_EQUITY_BREACH
REJECTED,EURUSD,SELL,2015-09-28 15:30:00+00:00,,PRE_TRADE_PROJECTED_EQUITY_BREACH
REJECTED,EURUSD,BUY,2015-09-29 00:30:00+00:00,,PRE_TRADE_PROJECTED_EQUITY_BREACH
REJECTED,GBPUSD,SELL,2015-09-29 06:30:00+00:00,,PRE_TRADE_PROJECTED_EQUITY_BREACH
REJECTED,GBPUSD,SELL,2015-09-30 04:30:00+00:00,,PRE_TRADE_PROJECTED_EQUITY_BREACH
REJECTED,EURUSD,BUY,2015-09-30 07:00:00+00:00,,PRE_TRADE_PROJECTED_EQUITY_BREACH
REJECTED,GBPUSD,SELL,2015-09-30 10:00:00+00:00,,PRE_TRADE_PROJECTED_EQUITY_BREACH
REJECTED,GBPUSD,SELL,2015-10-01 09:30:00+00:00,,PRE_TRADE_PROJECTED_EQUITY_BREACH
REJECTED,EURUSD,SELL,2015-10-01 14:00:00+00:00,,PRE_TRADE_PROJECTED_EQUITY_BREACH
REJECTED,GBPUSD,SELL,2015-10-02 01:30:00+00:00,,PRE_TRADE_PROJECTED_EQUITY_BREACH
REJECTED,EURUSD,BUY,2015-10-02 18:00:00+00:00,,PRE_TRADE_PROJECTED_EQUITY_BREACH
REJECTED,GBPUSD,SELL,2015-10-05 01:00:00+00:00,,PRE_TRADE_PROJECTED_EQUITY_BREACH
REJECTED,GBPUSD,SELL,2015-10-05 08:00:00+00:00,,PRE_TRADE_PROJECTED_EQUITY_BREACH
REJECTED,EURUSD,SELL,2015-10-06 08:00:00+00:00,,PRE_TRADE_PROJECTED_EQUITY_BREACH
REJECTED,GBPUSD,SELL,2015-10-06 14:00:00+00:00,,PRE_TRADE_PROJECTED_EQUITY_BREACH
REJECTED,EURUSD,BUY,2015-10-07 07:30:00+00:00,,PRE_TRADE_PROJECTED_EQUITY_BREACH
REJECTED,GBPUSD,BUY,2015-10-08 05:00:00+00:00,,PRE_TRADE_PROJECTED_EQUITY_BREACH
REJECTED,EURUSD,BUY,2015-10-08 12:30:00+00:00,,PRE_TRADE_PROJECTED_EQUITY_BREACH
REJECTED,GBPUSD,BUY,2015-10-08 13:30:00+00:00,,PRE_TRADE_PROJECTED_EQUITY_BREACH
REJECTED,EURUSD,BUY,2015-10-09 02:00:00+00:00,,PRE_TRADE_PROJECTED_EQUITY_BREACH
REJECTED,GBPUSD,BUY,2015-10-09 15:30:00+00:00,,PRE_TRADE_PROJECTED_EQUITY_BREACH
REJECTED,EURUSD,BUY,2015-10-09 20:00:00+00:00,,PRE_TRADE_PROJECTED_EQUITY_BREACH
REJECTED,GBPUSD,BUY,2015-10-13 01:00:00+00:00,,PRE_TRADE_PROJECTED_EQUITY_BREACH
REJECTED,EURUSD,BUY,2015-10-14 12:00:00+00:00,,PRE_TRADE_PROJECTED_EQUITY_BREACH
REJECTED,EURUSD,BUY,2015-10-15 08:30:00+00:00,,PRE_TRADE_PROJECTED_EQUITY_BREACH
REJECTED,GBPUSD,BUY,2015-10-15 13:30:00+00:00,,PRE_TRADE_PROJECTED_EQUITY_BREACH
REJECTED,EURUSD,BUY,2015-10-15 14:30:00+00:00,,PRE_TRADE_PROJECTED_EQUITY_BREACH
REJECTED,EURUSD,BUY,2015-10-16 00:00:00+00:00,,PRE_TRADE_PROJECTED_EQUITY_BREACH
REJECTED,EURUSD,BUY,2015-10-16 09:00:00+00:00,,PRE_TRADE_PROJECTED_EQUITY_BREACH
REJECTED,GBPUSD,BUY,2015-10-16 09:00:00+00:00,,PRE_TRADE_PROJECTED_EQUITY_BREACH
REJECTED,EURUSD,BUY,2015-10-16 20:30:00+00:00,,PRE_TRADE_PROJECTED_EQUITY_BREACH
REJECTED,GBPUSD,BUY,2015-10-19 16:30:00+00:00,,PRE_TRADE_PROJECTED_EQUITY_BREACH
REJECTED,GBPUSD,BUY,2015-10-20 07:00:00+00:00,,PRE_TRADE_PROJECTED_EQUITY_BREACH
REJECTED,EURUSD,SELL,2015-10-20 09:00:00+00:00,,PRE_TRADE_PROJECTED_EQUITY_BREACH
REJECTED,EURUSD,BUY,2015-10-20 14:30:00+00:00,,PRE_TRADE_PROJECTED_EQUITY_BREACH
REJECTED,GBPUSD,BUY,2015-10-20 15:30:00+00:00,,PRE_TRADE_PROJECTED_EQUITY_BREACH
REJECTED,GBPUSD,BUY,2015-10-21 06:30:00+00:00,,PRE_TRADE_PROJECTED_EQUITY_BREACH
REJECTED,GBPUSD,BUY,2015-10-22 06:00:00+00:00,,PRE_TRADE_PROJECTED_EQUITY_BREACH
REJECTED,GBPUSD,BUY,2015-10-22 13:00:00+00:00,,PRE_TRADE_PROJECTED_EQUITY_BREACH
REJECTED,GBPUSD,SELL,2015-10-23 02:00:00+00:00,,PRE_TRADE_PROJECTED_EQUITY_BREACH
REJECTED,EURUSD,SELL,2015-10-26 09:00:00+00:00,,PRE_TRADE_PROJECTED_EQUITY_BREACH
REJECTED,EURUSD,SELL,2015-10-27 13:00:00+00:00,,PRE_TRADE_PROJECTED_EQUITY_BREACH
REJECTED,GBPUSD,SELL,2015-10-28 00:00:00+00:00,,PRE_TRADE_PROJECTED_EQUITY_BREACH
REJECTED,EURUSD,SELL,2015-10-28 08:30:00+00:00,,PRE_TRADE_PROJECTED_EQUITY_BREACH
REJECTED,EURUSD,SELL,2015-10-28 11:00:00+00:00,,PRE_TRADE_PROJECTED_EQUITY_BREACH
REJECTED,EURUSD,SELL,2015-10-28 13:30:00+00:00,,PRE_TRADE_PROJECTED_EQUITY_BREACH
REJECTED,GBPUSD,SELL,2015-10-28 15:30:00+00:00,,PRE_TRADE_PROJECTED_EQUITY_BREACH
REJECTED,EURUSD,SELL,2015-10-29 10:30:00+00:00,,PRE_TRADE_PROJECTED_EQUITY_BREACH
REJECTED,GBPUSD,SELL,2015-10-29 15:00:00+00:00,,PRE_TRADE_PROJECTED_EQUITY_BREACH
REJECTED,EURUSD,SELL,2015-10-29 23:00:00+00:00,,PRE_TRADE_PROJECTED_EQUITY_BREACH
REJECTED,GBPUSD,SELL,2015-10-30 00:00:00+00:00,,PRE_TRADE_PROJECTED_EQUITY_BREACH
REJECTED,EURUSD,SELL,2015-10-30 09:30:00+00:00,,PRE_TRADE_PROJECTED_EQUITY_BREACH
REJECTED,EURUSD,SELL,2015-10-30 16:00:00+00:00,,PRE_TRADE_PROJECTED_EQUITY_BREACH
REJECTED,GBPUSD,BUY,2015-10-30 20:00:00+00:00,,PRE_TRADE_PROJECTED_EQUITY_BREACH
REJECTED,EURUSD,SELL,2015-11-01 22:00:00+00:00,,PRE_TRADE_PROJECTED_EQUITY_BREACH
REJECTED,EURUSD,SELL,2015-11-02 13:30:00+00:00,,PRE_TRADE_PROJECTED_EQUITY_BREACH
REJECTED,GBPUSD,BUY,2015-11-02 17:30:00+00:00,,PRE_TRADE_PROJECTED_EQUITY_BREACH
REJECTED,GBPUSD,BUY,2015-11-04 13:00:00+00:00,,PRE_TRADE_PROJECTED_EQUITY_BREACH
REJECTED,GBPUSD,BUY,2015-11-04 14:00:00+00:00,,PRE_TRADE_PROJECTED_EQUITY_BREACH
REJECTED,EURUSD,SELL,2015-11-04 21:00:00+00:00,,PRE_TRADE_PROJECTED_EQUITY_BREACH
REJECTED,GBPUSD,SELL,2015-11-05 08:00:00+00:00,,PRE_TRADE_PROJECTED_EQUITY_BREACH
REJECTED,GBPUSD,BUY,2015-11-05 12:00:00+00:00,,PRE_TRADE_PROJECTED_EQUITY_BREACH
REJECTED,EURUSD,SELL,2015-11-05 13:00:00+00:00,,PRE_TRADE_PROJECTED_EQUITY_BREACH
REJECTED,EURUSD,SELL,2015-11-05 19:00:00+00:00,,PRE_TRADE_PROJECTED_EQUITY_BREACH
REJECTED,GBPUSD,SELL,2015-11-09 02:00:00+00:00,,PRE_TRADE_PROJECTED_EQUITY_BREACH
REJECTED,EURUSD,SELL,2015-11-09 02:30:00+00:00,,PRE_TRADE_PROJECTED_EQUITY_BREACH
REJECTED,EURUSD,SELL,2015-11-09 04:30:00+00:00,,PRE_TRADE_PROJECTED_EQUITY_BREACH
REJECTED,GBPUSD,SELL,2015-11-09 05:30:00+00:00,,PRE_TRADE_PROJECTED_EQUITY_BREACH
REJECTED,GBPUSD,SELL,2015-11-09 11:30:00+00:00,,PRE_TRADE_PROJECTED_EQUITY_BREACH
REJECTED,GBPUSD,SELL,2015-11-09 16:00:00+00:00,,PRE_TRADE_PROJECTED_EQUITY_BREACH
REJECTED,GBPUSD,SELL,2015-11-10 01:00:00+00:00,,PRE_TRADE_PROJECTED_EQUITY_BREACH
REJECTED,EURUSD,SELL,2015-11-10 18:30:00+00:00,,PRE_TRADE_PROJECTED_EQUITY_BREACH
REJECTED,EURUSD,SELL,2015-11-10 23:30:00+00:00,,PRE_TRADE_PROJECTED_EQUITY_BREACH
REJECTED,GBPUSD,SELL,2015-11-10 23:30:00+00:00,,PRE_TRADE_PROJECTED_EQUITY_BREACH
REJECTED,GBPUSD,SELL,2015-11-11 01:30:00+00:00,,PRE_TRADE_PROJECTED_EQUITY_BREACH
REJECTED,EURUSD,SELL,2015-11-11 02:00:00+00:00,,PRE_TRADE_PROJECTED_EQUITY_BREACH
REJECTED,GBPUSD,SELL,2015-11-11 12:00:00+00:00,,PRE_TRADE_PROJECTED_EQUITY_BREACH
REJECTED,EURUSD,SELL,2015-11-11 14:00:00+00:00,,PRE_TRADE_PROJECTED_EQUITY_BREACH
REJECTED,GBPUSD,SELL,2015-11-11 16:00:00+00:00,,PRE_TRADE_PROJECTED_EQUITY_BREACH
REJECTED,EURUSD,SELL,2015-11-11 22:30:00+00:00,,PRE_TRADE_PROJECTED_EQUITY_BREACH
REJECTED,GBPUSD,BUY,2015-11-12 05:00:00+00:00,,PRE_TRADE_PROJECTED_EQUITY_BREACH
REJECTED,GBPUSD,SELL,2015-11-12 11:00:00+00:00,,PRE_TRADE_PROJECTED_EQUITY_BREACH
REJECTED,EURUSD,SELL,2015-11-12 14:00:00+00:00,,PRE_TRADE_PROJECTED_EQUITY_BREACH
REJECTED,EURUSD,SELL,2015-11-12 17:00:00+00:00,,PRE_TRADE_PROJECTED_EQUITY_BREACH
REJECTED,EURUSD,SELL,2015-11-12 21:00:00+00:00,,PRE_TRADE_PROJECTED_EQUITY_BREACH
REJECTED,EURUSD,SELL,2015-11-13 11:00:00+00:00,,PRE_TRADE_PROJECTED_EQUITY_BREACH
REJECTED,GBPUSD,SELL,2015-11-13 19:00:00+00:00,,PRE_TRADE_PROJECTED_EQUITY_BREACH
REJECTED,EURUSD,SELL,2015-11-13 20:00:00+00:00,,PRE_TRADE_PROJECTED_EQUITY_BREACH
REJECTED,EURUSD,SELL,2015-11-13 21:30:00+00:00,,PRE_TRADE_PROJECTED_EQUITY_BREACH
REJECTED,EURUSD,SELL,2015-11-16 07:00:00+00:00,,PRE_TRADE_PROJECTED_EQUITY_BREACH
REJECTED,GBPUSD,SELL,2015-11-16 17:00:00+00:00,,PRE_TRADE_PROJECTED_EQUITY_BREACH
REJECTED,EURUSD,SELL,2015-11-18 05:00:00+00:00,,PRE_TRADE_PROJECTED_EQUITY_BREACH
REJECTED,EURUSD,SELL,2015-11-18 08:00:00+00:00,,PRE_TRADE_PROJECTED_EQUITY_BREACH
REJECTED,EURUSD,SELL,2015-11-18 23:00:00+00:00,,PRE_TRADE_PROJECTED_EQUITY_BREACH
REJECTED,EURUSD,SELL,2015-11-19 00:30:00+00:00,,PRE_TRADE_PROJECTED_EQUITY_BREACH
REJECTED,EURUSD,SELL,2015-11-19 11:00:00+00:00,,PRE_TRADE_PROJECTED_EQUITY_BREACH
REJECTED,GBPUSD,BUY,2015-11-20 00:00:00+00:00,,PRE_TRADE_PROJECTED_EQUITY_BREACH
REJECTED,GBPUSD,BUY,2015-11-20 07:30:00+00:00,,PRE_TRADE_PROJECTED_EQUITY_BREACH
REJECTED,GBPUSD,BUY,2015-11-20 12:00:00+00:00,,PRE_TRADE_PROJECTED_EQUITY_BREACH
REJECTED,EURUSD,SELL,2015-11-23 08:00:00+00:00,,PRE_TRADE_PROJECTED_EQUITY_BREACH
REJECTED,EURUSD,SELL,2015-11-23 21:00:00+00:00,,PRE_TRADE_PROJECTED_EQUITY_BREACH
REJECTED,EURUSD,SELL,2015-11-24 08:30:00+00:00,,PRE_TRADE_PROJECTED_EQUITY_BREACH
REJECTED,EURUSD,SELL,2015-11-24 13:30:00+00:00,,PRE_TRADE_PROJECTED_EQUITY_BREACH
REJECTED,GBPUSD,SELL,2015-11-24 19:00:00+00:00,,PRE_TRADE_PROJECTED_EQUITY_BREACH
REJECTED,EURUSD,SELL,2015-11-25 02:30:00+00:00,,PRE_TRADE_PROJECTED_EQUITY_BREACH
REJECTED,GBPUSD,SELL,2015-11-25 02:30:00+00:00,,PRE_TRADE_PROJECTED_EQUITY_BREACH
REJECTED,EURUSD,SELL,2015-11-25 07:00:00+00:00,,PRE_TRADE_PROJECTED_EQUITY_BREACH
REJECTED,EURUSD,SELL,2015-11-25 17:00:00+00:00,,PRE_TRADE_PROJECTED_EQUITY_BREACH
REJECTED,EURUSD,SELL,2015-11-26 00:30:00+00:00,,PRE_TRADE_PROJECTED_EQUITY_BREACH
REJECTED,GBPUSD,SELL,2015-11-26 13:00:00+00:00,,PRE_TRADE_PROJECTED_EQUITY_BREACH
REJECTED,EURUSD,SELL,2015-11-27 06:30:00+00:00,,PRE_TRADE_PROJECTED_EQUITY_BREACH
REJECTED,EURUSD,SELL,2015-11-27 15:30:00+00:00,,PRE_TRADE_PROJECTED_EQUITY_BREACH
REJECTED,EURUSD,SELL,2015-11-27 17:00:00+00:00,,PRE_TRADE_PROJECTED_EQUITY_BREACH
REJECTED,EURUSD,SELL,2015-11-30 05:00:00+00:00,,PRE_TRADE_PROJECTED_EQUITY_BREACH
REJECTED,GBPUSD,SELL,2015-11-30 07:30:00+00:00,,PRE_TRADE_PROJECTED_EQUITY_BREACH
REJECTED,GBPUSD,SELL,2015-12-01 01:00:00+00:00,,PRE_TRADE_PROJECTED_EQUITY_BREACH
REJECTED,EURUSD,SELL,2015-12-01 02:00:00+00:00,,PRE_TRADE_PROJECTED_EQUITY_BREACH
REJECTED,EURUSD,SELL,2015-12-01 08:30:00+00:00,,PRE_TRADE_PROJECTED_EQUITY_BREACH
REJECTED,EURUSD,SELL,2015-12-01 13:00:00+00:00,,PRE_TRADE_PROJECTED_EQUITY_BREACH
REJECTED,GBPUSD,SELL,2015-12-01 18:30:00+00:00,,PRE_TRADE_PROJECTED_EQUITY_BREACH
REJECTED,GBPUSD,SELL,2015-12-02 07:30:00+00:00,,PRE_TRADE_PROJECTED_EQUITY_BREACH
REJECTED,EURUSD,SELL,2015-12-02 19:00:00+00:00,,PRE_TRADE_PROJECTED_EQUITY_BREACH
REJECTED,EURUSD,BUY,2015-12-03 23:30:00+00:00,,PRE_TRADE_PROJECTED_EQUITY_BREACH
REJECTED,EURUSD,BUY,2015-12-04 07:00:00+00:00,,PRE_TRADE_PROJECTED_EQUITY_BREACH
REJECTED,GBPUSD,BUY,2015-12-04 07:00:00+00:00,,PRE_TRADE_PROJECTED_EQUITY_BREACH
REJECTED,EURUSD,BUY,2015-12-04 17:00:00+00:00,,PRE_TRADE_PROJECTED_EQUITY_BREACH
REJECTED,EURUSD,BUY,2015-12-07 02:00:00+00:00,,PRE_TRADE_PROJECTED_EQUITY_BREACH
REJECTED,GBPUSD,BUY,2015-12-07 02:00:00+00:00,,PRE_TRADE_PROJECTED_EQUITY_BREACH
REJECTED,EURUSD,BUY,2015-12-07 08:00:00+00:00,,PRE_TRADE_PROJECTED_EQUITY_BREACH
REJECTED,GBPUSD,BUY,2015-12-07 08:00:00+00:00,,PRE_TRADE_PROJECTED_EQUITY_BREACH
REJECTED,EURUSD,BUY,2015-12-08 10:00:00+00:00,,PRE_TRADE_PROJECTED_EQUITY_BREACH
REJECTED,EURUSD,BUY,2015-12-09 00:00:00+00:00,,PRE_TRADE_PROJECTED_EQUITY_BREACH
REJECTED,GBPUSD,SELL,2015-12-09 06:00:00+00:00,,PRE_TRADE_PROJECTED_EQUITY_BREACH
REJECTED,GBPUSD,SELL,2015-12-09 10:00:00+00:00,,PRE_TRADE_PROJECTED_EQUITY_BREACH
REJECTED,EURUSD,BUY,2015-12-10 06:00:00+00:00,,PRE_TRADE_PROJECTED_EQUITY_BREACH
REJECTED,EURUSD,BUY,2015-12-10 09:00:00+00:00,,PRE_TRADE_PROJECTED_EQUITY_BREACH
REJECTED,EURUSD,BUY,2015-12-10 10:30:00+00:00,,PRE_TRADE_PROJECTED_EQUITY_BREACH
REJECTED,EURUSD,BUY,2015-12-13 22:00:00+00:00,,PRE_TRADE_PROJECTED_EQUITY_BREACH
REJECTED,GBPUSD,BUY,2015-12-13 22:30:00+00:00,,PRE_TRADE_PROJECTED_EQUITY_BREACH
REJECTED,EURUSD,BUY,2015-12-14 03:00:00+00:00,,PRE_TRADE_PROJECTED_EQUITY_BREACH
REJECTED,GBPUSD,BUY,2015-12-14 04:00:00+00:00,,PRE_TRADE_PROJECTED_EQUITY_BREACH
REJECTED,GBPUSD,BUY,2015-12-14 08:30:00+00:00,,PRE_TRADE_PROJECTED_EQUITY_BREACH
REJECTED,GBPUSD,BUY,2015-12-14 11:30:00+00:00,,PRE_TRADE_PROJECTED_EQUITY_BREACH
REJECTED,EURUSD,BUY,2015-12-14 20:00:00+00:00,,PRE_TRADE_PROJECTED_EQUITY_BREACH
REJECTED,EURUSD,BUY,2015-12-15 13:30:00+00:00,,PRE_TRADE_PROJECTED_EQUITY_BREACH
REJECTED,GBPUSD,SELL,2015-12-16 03:00:00+00:00,,PRE_TRADE_PROJECTED_EQUITY_BREACH
REJECTED,EURUSD,BUY,2015-12-16 09:30:00+00:00,,PRE_TRADE_PROJECTED_EQUITY_BREACH
REJECTED,EURUSD,SELL,2015-12-17 06:30:00+00:00,,PRE_TRADE_PROJECTED_EQUITY_BREACH
REJECTED,EURUSD,SELL,2015-12-17 22:00:00+00:00,,PRE_TRADE_PROJECTED_EQUITY_BREACH
REJECTED,GBPUSD,SELL,2015-12-17 23:30:00+00:00,,PRE_TRADE_PROJECTED_EQUITY_BREACH
REJECTED,EURUSD,SELL,2015-12-18 06:30:00+00:00,,PRE_TRADE_PROJECTED_EQUITY_BREACH
REJECTED,GBPUSD,SELL,2015-12-18 06:30:00+00:00,,PRE_TRADE_PROJECTED_EQUITY_BREACH
REJECTED,EURUSD,SELL,2015-12-18 20:00:00+00:00,,PRE_TRADE_PROJECTED_EQUITY_BREACH
REJECTED,EURUSD,SELL,2015-12-21 05:30:00+00:00,,PRE_TRADE_PROJECTED_EQUITY_BREACH
REJECTED,EURUSD,BUY,2015-12-21 22:30:00+00:00,,PRE_TRADE_PROJECTED_EQUITY_BREACH
REJECTED,GBPUSD,SELL,2015-12-21 23:30:00+00:00,,PRE_TRADE_PROJECTED_EQUITY_BREACH
REJECTED,GBPUSD,SELL,2015-12-22 07:00:00+00:00,,PRE_TRADE_PROJECTED_EQUITY_BREACH
REJECTED,EURUSD,BUY,2015-12-22 19:30:00+00:00,,PRE_TRADE_PROJECTED_EQUITY_BREACH
REJECTED,GBPUSD,SELL,2015-12-22 21:30:00+00:00,,PRE_TRADE_PROJECTED_EQUITY_BREACH
REJECTED,EURUSD,BUY,2015-12-23 01:30:00+00:00,,PRE_TRADE_PROJECTED_EQUITY_BREACH
REJECTED,GBPUSD,SELL,2015-12-23 05:30:00+00:00,,PRE_TRADE_PROJECTED_EQUITY_BREACH
REJECTED,GBPUSD,SELL,2015-12-23 07:00:00+00:00,,PRE_TRADE_PROJECTED_EQUITY_BREACH
REJECTED,GBPUSD,SELL,2015-12-23 10:30:00+00:00,,PRE_TRADE_PROJECTED_EQUITY_BREACH
REJECTED,GBPUSD,SELL,2015-12-24 00:00:00+00:00,,PRE_TRADE_PROJECTED_EQUITY_BREACH
REJECTED,GBPUSD,SELL,2015-12-24 07:30:00+00:00,,PRE_TRADE_PROJECTED_EQUITY_BREACH
REJECTED,EURUSD,BUY,2015-12-24 11:30:00+00:00,,PRE_TRADE_PROJECTED_EQUITY_BREACH
REJECTED,GBPUSD,SELL,2015-12-24 12:00:00+00:00,,PRE_TRADE_PROJECTED_EQUITY_BREACH
REJECTED,EURUSD,BUY,2015-12-28 13:00:00+00:00,,PRE_TRADE_PROJECTED_EQUITY_BREACH
REJECTED,GBPUSD,SELL,2015-12-28 23:30:00+00:00,,PRE_TRADE_PROJECTED_EQUITY_BREACH
REJECTED,GBPUSD,SELL,2015-12-29 01:00:00+00:00,,PRE_TRADE_PROJECTED_EQUITY_BREACH
REJECTED,EURUSD,BUY,2015-12-29 13:00:00+00:00,,PRE_TRADE_PROJECTED_EQUITY_BREACH
REJECTED,GBPUSD,SELL,2015-12-29 19:30:00+00:00,,PRE_TRADE_PROJECTED_EQUITY_BREACH
REJECTED,GBPUSD,SELL,2015-12-30 02:30:00+00:00,,PRE_TRADE_PROJECTED_EQUITY_BREACH
REJECTED,GBPUSD,SELL,2015-12-30 05:00:00+00:00,,PRE_TRADE_PROJECTED_EQUITY_BREACH
REJECTED,EURUSD,SELL,2015-12-30 19:30:00+00:00,,PRE_TRADE_PROJECTED_EQUITY_BREACH
REJECTED,GBPUSD,SELL,2015-12-31 00:30:00+00:00,,PRE_TRADE_PROJECTED_EQUITY_BREACH
REJECTED,GBPUSD,SELL,2015-12-31 07:30:00+00:00,,PRE_TRADE_PROJECTED_EQUITY_BREACH
REJECTED,GBPUSD,SELL,2016-01-04 04:30:00+00:00,,PRE_TRADE_PROJECTED_EQUITY_BREACH
REJECTED,EURUSD,SELL,2016-01-04 05:00:00+00:00,,PRE_TRADE_PROJECTED_EQUITY_BREACH
REJECTED,EURUSD,SELL,2016-01-04 08:00:00+00:00,,PRE_TRADE_PROJECTED_EQUITY_BREACH
REJECTED,GBPUSD,SELL,2016-01-04 08:30:00+00:00,,PRE_TRADE_PROJECTED_EQUITY_BREACH
REJECTED,GBPUSD,SELL,2016-01-04 19:30:00+00:00,,PRE_TRADE_PROJECTED_EQUITY_BREACH
REJECTED,GBPUSD,SELL,2016-01-05 01:30:00+00:00,,PRE_TRADE_PROJECTED_EQUITY_BREACH
REJECTED,EURUSD,SELL,2016-01-05 05:00:00+00:00,,PRE_TRADE_PROJECTED_EQUITY_BREACH
REJECTED,GBPUSD,SELL,2016-01-05 22:00:00+00:00,,PRE_TRADE_PROJECTED_EQUITY_BREACH
REJECTED,EURUSD,SELL,2016-01-06 12:00:00+00:00,,PRE_TRADE_PROJECTED_EQUITY_BREACH
REJECTED,EURUSD,SELL,2016-01-07 01:00:00+00:00,,PRE_TRADE_PROJECTED_EQUITY_BREACH
REJECTED,EURUSD,SELL,2016-01-07 02:30:00+00:00,,PRE_TRADE_PROJECTED_EQUITY_BREACH
REJECTED,EURUSD,BUY,2016-01-08 01:00:00+00:00,,PRE_TRADE_PROJECTED_EQUITY_BREACH
REJECTED,GBPUSD,SELL,2016-01-08 02:30:00+00:00,,PRE_TRADE_PROJECTED_EQUITY_BREACH
REJECTED,EURUSD,BUY,2016-01-08 07:00:00+00:00,,PRE_TRADE_PROJECTED_EQUITY_BREACH
REJECTED,EURUSD,BUY,2016-01-11 02:00:00+00:00,,PRE_TRADE_PROJECTED_EQUITY_BREACH
REJECTED,GBPUSD,SELL,2016-01-11 08:30:00+00:00,,PRE_TRADE_PROJECTED_EQUITY_BREACH
REJECTED,EURUSD,BUY,2016-01-11 13:00:00+00:00,,PRE_TRADE_PROJECTED_EQUITY_BREACH
REJECTED,GBPUSD,SELL,2016-01-11 13:00:00+00:00,,PRE_TRADE_PROJECTED_EQUITY_BREACH
REJECTED,GBPUSD,SELL,2016-01-12 19:00:00+00:00,,PRE_TRADE_PROJECTED_EQUITY_BREACH
REJECTED,GBPUSD,SELL,2016-01-13 01:00:00+00:00,,PRE_TRADE_PROJECTED_EQUITY_BREACH
REJECTED,EURUSD,SELL,2016-01-13 15:00:00+00:00,,PRE_TRADE_PROJECTED_EQUITY_BREACH
REJECTED,GBPUSD,SELL,2016-01-13 16:00:00+00:00,,PRE_TRADE_PROJECTED_EQUITY_BREACH
REJECTED,GBPUSD,SELL,2016-01-14 06:00:00+00:00,,PRE_TRADE_PROJECTED_EQUITY_BREACH
REJECTED,EURUSD,BUY,2016-01-14 06:30:00+00:00,,PRE_TRADE_PROJECTED_EQUITY_BREACH
REJECTED,GBPUSD,SELL,2016-01-14 23:00:00+00:00,,PRE_TRADE_PROJECTED_EQUITY_BREACH
REJECTED,EURUSD,SELL,2016-01-15 01:00:00+00:00,,PRE_TRADE_PROJECTED_EQUITY_BREACH
REJECTED,EURUSD,BUY,2016-01-15 19:30:00+00:00,,PRE_TRADE_PROJECTED_EQUITY_BREACH
REJECTED,GBPUSD,SELL,2016-01-17 23:30:00+00:00,,PRE_TRADE_PROJECTED_EQUITY_BREACH
REJECTED,EURUSD,BUY,2016-01-19 05:00:00+00:00,,PRE_TRADE_PROJECTED_EQUITY_BREACH
REJECTED,GBPUSD,SELL,2016-01-19 05:00:00+00:00,,PRE_TRADE_PROJECTED_EQUITY_BREACH
REJECTED,GBPUSD,SELL,2016-01-19 09:00:00+00:00,,PRE_TRADE_PROJECTED_EQUITY_BREACH
REJECTED,GBPUSD,SELL,2016-01-19 18:00:00+00:00,,PRE_TRADE_PROJECTED_EQUITY_BREACH
REJECTED,GBPUSD,SELL,2016-01-20 14:00:00+00:00,,PRE_TRADE_PROJECTED_EQUITY_BREACH
REJECTED,EURUSD,BUY,2016-01-20 20:00:00+00:00,,PRE_TRADE_PROJECTED_EQUITY_BREACH
REJECTED,EURUSD,SELL,2016-01-21 03:30:00+00:00,,PRE_TRADE_PROJECTED_EQUITY_BREACH
REJECTED,GBPUSD,SELL,2016-01-21 16:00:00+00:00,,PRE_TRADE_PROJECTED_EQUITY_BREACH
REJECTED,EURUSD,SELL,2016-01-21 18:30:00+00:00,,PRE_TRADE_PROJECTED_EQUITY_BREACH
REJECTED,GBPUSD,SELL,2016-01-21 20:30:00+00:00,,PRE_TRADE_PROJECTED_EQUITY_BREACH
REJECTED,GBPUSD,SELL,2016-01-22 06:00:00+00:00,,PRE_TRADE_PROJECTED_EQUITY_BREACH
REJECTED,GBPUSD,SELL,2016-01-22 08:00:00+00:00,,PRE_TRADE_PROJECTED_EQUITY_BREACH
REJECTED,GBPUSD,SELL,2016-01-22 09:00:00+00:00,,PRE_TRADE_PROJECTED_EQUITY_BREACH
REJECTED,GBPUSD,SELL,2016-01-22 12:00:00+00:00,,PRE_TRADE_PROJECTED_EQUITY_BREACH
REJECTED,GBPUSD,SELL,2016-01-25 02:00:00+00:00,,PRE_TRADE_PROJECTED_EQUITY_BREACH
REJECTED,EURUSD,SELL,2016-01-25 03:30:00+00:00,,PRE_TRADE_PROJECTED_EQUITY_BREACH
REJECTED,GBPUSD,SELL,2016-01-25 19:00:00+00:00,,PRE_TRADE_PROJECTED_EQUITY_BREACH
REJECTED,EURUSD,SELL,2016-01-26 07:00:00+00:00,,PRE_TRADE_PROJECTED_EQUITY_BREACH
REJECTED,GBPUSD,SELL,2016-01-26 12:30:00+00:00,,PRE_TRADE_PROJECTED_EQUITY_BREACH
REJECTED,GBPUSD,SELL,2016-01-26 14:00:00+00:00,,PRE_TRADE_PROJECTED_EQUITY_BREACH
REJECTED,EURUSD,SELL,2016-01-26 16:00:00+00:00,,PRE_TRADE_PROJECTED_EQUITY_BREACH
REJECTED,GBPUSD,BUY,2016-01-27 08:30:00+00:00,,PRE_TRADE_PROJECTED_EQUITY_BREACH
REJECTED,EURUSD,BUY,2016-01-28 01:00:00+00:00,,PRE_TRADE_PROJECTED_EQUITY_BREACH
REJECTED,GBPUSD,SELL,2016-01-28 02:00:00+00:00,,PRE_TRADE_PROJECTED_EQUITY_BREACH
REJECTED,GBPUSD,SELL,2016-01-28 07:00:00+00:00,,PRE_TRADE_PROJECTED_EQUITY_BREACH
REJECTED,EURUSD,BUY,2016-01-28 20:30:00+00:00,,PRE_TRADE_PROJECTED_EQUITY_BREACH
REJECTED,EURUSD,BUY,2016-01-29 06:30:00+00:00,,PRE_TRADE_PROJECTED_EQUITY_BREACH
REJECTED,GBPUSD,BUY,2016-01-29 09:00:00+00:00,,PRE_TRADE_PROJECTED_EQUITY_BREACH
REJECTED,GBPUSD,SELL,2016-01-29 20:00:00+00:00,,PRE_TRADE_PROJECTED_EQUITY_BREACH
REJECTED,GBPUSD,SELL,2016-02-01 09:00:00+00:00,,PRE_TRADE_PROJECTED_EQUITY_BREACH
REJECTED,EURUSD,SELL,2016-02-01 09:30:00+00:00,,PRE_TRADE_PROJECTED_EQUITY_BREACH
REJECTED,GBPUSD,BUY,2016-02-02 04:30:00+00:00,,PRE_TRADE_PROJECTED_EQUITY_BREACH
REJECTED,GBPUSD,BUY,2016-02-03 00:30:00+00:00,,PRE_TRADE_PROJECTED_EQUITY_BREACH
REJECTED,EURUSD,BUY,2016-02-03 03:30:00+00:00,,PRE_TRADE_PROJECTED_EQUITY_BREACH
REJECTED,GBPUSD,BUY,2016-02-04 05:30:00+00:00,,PRE_TRADE_PROJECTED_EQUITY_BREACH
REJECTED,EURUSD,BUY,2016-02-04 07:00:00+00:00,,PRE_TRADE_PROJECTED_EQUITY_BREACH
REJECTED,GBPUSD,BUY,2016-02-04 12:00:00+00:00,,PRE_TRADE_PROJECTED_EQUITY_BREACH
REJECTED,GBPUSD,BUY,2016-02-05 02:00:00+00:00,,PRE_TRADE_PROJECTED_EQUITY_BREACH
REJECTED,GBPUSD,BUY,2016-02-05 05:30:00+00:00,,PRE_TRADE_PROJECTED_EQUITY_BREACH
REJECTED,GBPUSD,BUY,2016-02-05 07:30:00+00:00,,PRE_TRADE_PROJECTED_EQUITY_BREACH
REJECTED,EURUSD,BUY,2016-02-08 03:30:00+00:00,,PRE_TRADE_PROJECTED_EQUITY_BREACH
REJECTED,EURUSD,BUY,2016-02-08 11:00:00+00:00,,PRE_TRADE_PROJECTED_EQUITY_BREACH
REJECTED,GBPUSD,BUY,2016-02-08 11:00:00+00:00,,PRE_TRADE_PROJECTED_EQUITY_BREACH
REJECTED,EURUSD,BUY,2016-02-08 13:00:00+00:00,,PRE_TRADE_PROJECTED_EQUITY_BREACH
REJECTED,EURUSD,BUY,2016-02-09 07:00:00+00:00,,PRE_TRADE_PROJECTED_EQUITY_BREACH
REJECTED,EURUSD,BUY,2016-02-10 08:00:00+00:00,,PRE_TRADE_PROJECTED_EQUITY_BREACH
REJECTED,EURUSD,BUY,2016-02-10 15:00:00+00:00,,PRE_TRADE_PROJECTED_EQUITY_BREACH
REJECTED,GBPUSD,BUY,2016-02-10 15:00:00+00:00,,PRE_TRADE_PROJECTED_EQUITY_BREACH
REJECTED,GBPUSD,BUY,2016-02-11 06:00:00+00:00,,PRE_TRADE_PROJECTED_EQUITY_BREACH
REJECTED,GBPUSD,BUY,2016-02-12 00:30:00+00:00,,PRE_TRADE_PROJECTED_EQUITY_BREACH
REJECTED,GBPUSD,BUY,2016-02-12 13:00:00+00:00,,PRE_TRADE_PROJECTED_EQUITY_BREACH
REJECTED,EURUSD,BUY,2016-02-12 13:30:00+00:00,,PRE_TRADE_PROJECTED_EQUITY_BREACH
REJECTED,EURUSD,BUY,2016-02-14 22:30:00+00:00,,PRE_TRADE_PROJECTED_EQUITY_BREACH
REJECTED,GBPUSD,BUY,2016-02-15 07:00:00+00:00,,PRE_TRADE_PROJECTED_EQUITY_BREACH
REJECTED,GBPUSD,BUY,2016-02-15 08:30:00+00:00,,PRE_TRADE_PROJECTED_EQUITY_BREACH
REJECTED,EURUSD,SELL,2016-02-15 23:00:00+00:00,,PRE_TRADE_PROJECTED_EQUITY_BREACH
REJECTED,GBPUSD,SELL,2016-02-15 23:30:00+00:00,,PRE_TRADE_PROJECTED_EQUITY_BREACH
REJECTED,GBPUSD,SELL,2016-02-16 08:00:00+00:00,,PRE_TRADE_PROJECTED_EQUITY_BREACH
REJECTED,EURUSD,SELL,2016-02-16 10:00:00+00:00,,PRE_TRADE_PROJECTED_EQUITY_BREACH
REJECTED,GBPUSD,SELL,2016-02-16 23:00:00+00:00,,PRE_TRADE_PROJECTED_EQUITY_BREACH
REJECTED,EURUSD,SELL,2016-02-17 04:00:00+00:00,,PRE_TRADE_PROJECTED_EQUITY_BREACH
REJECTED,GBPUSD,SELL,2016-02-17 09:30:00+00:00,,PRE_TRADE_PROJECTED_EQUITY_BREACH
REJECTED,EURUSD,SELL,2016-02-17 17:30:00+00:00,,PRE_TRADE_PROJECTED_EQUITY_BREACH
REJECTED,EURUSD,SELL,2016-02-18 02:00:00+00:00,,PRE_TRADE_PROJECTED_EQUITY_BREACH
REJECTED,GBPUSD,SELL,2016-02-18 02:00:00+00:00,,PRE_TRADE_PROJECTED_EQUITY_BREACH
REJECTED,GBPUSD,SELL,2016-02-18 03:00:00+00:00,,PRE_TRADE_PROJECTED_EQUITY_BREACH
REJECTED,GBPUSD,SELL,2016-02-18 11:00:00+00:00,,PRE_TRADE_PROJECTED_EQUITY_BREACH
REJECTED,EURUSD,SELL,2016-02-19 00:30:00+00:00,,PRE_TRADE_PROJECTED_EQUITY_BREACH
REJECTED,GBPUSD,SELL,2016-02-19 16:00:00+00:00,,PRE_TRADE_PROJECTED_EQUITY_BREACH
REJECTED,GBPUSD,SELL,2016-02-19 19:30:00+00:00,,PRE_TRADE_PROJECTED_EQUITY_BREACH
REJECTED,GBPUSD,SELL,2016-02-19 21:00:00+00:00,,PRE_TRADE_PROJECTED_EQUITY_BREACH
REJECTED,EURUSD,SELL,2016-02-22 06:30:00+00:00,,PRE_TRADE_PROJECTED_EQUITY_BREACH
REJECTED,EURUSD,SELL,2016-02-23 01:00:00+00:00,,PRE_TRADE_PROJECTED_EQUITY_BREACH
REJECTED,GBPUSD,SELL,2016-02-24 13:30:00+00:00,,PRE_TRADE_PROJECTED_EQUITY_BREACH
REJECTED,GBPUSD,SELL,2016-02-24 21:00:00+00:00,,PRE_TRADE_PROJECTED_EQUITY_BREACH
REJECTED,EURUSD,SELL,2016-02-25 04:30:00+00:00,,PRE_TRADE_PROJECTED_EQUITY_BREACH
REJECTED,GBPUSD,SELL,2016-02-25 04:30:00+00:00,,PRE_TRADE_PROJECTED_EQUITY_BREACH
REJECTED,EURUSD,SELL,2016-02-25 11:30:00+00:00,,PRE_TRADE_PROJECTED_EQUITY_BREACH
REJECTED,GBPUSD,SELL,2016-02-25 12:00:00+00:00,,PRE_TRADE_PROJECTED_EQUITY_BREACH
REJECTED,GBPUSD,SELL,2016-02-26 00:00:00+00:00,,PRE_TRADE_PROJECTED_EQUITY_BREACH
REJECTED,EURUSD,SELL,2016-02-26 00:30:00+00:00,,PRE_TRADE_PROJECTED_EQUITY_BREACH
REJECTED,GBPUSD,SELL,2016-02-26 03:00:00+00:00,,PRE_TRADE_PROJECTED_EQUITY_BREACH
REJECTED,GBPUSD,SELL,2016-02-26 09:00:00+00:00,,PRE_TRADE_PROJECTED_EQUITY_BREACH
REJECTED,EURUSD,SELL,2016-02-29 02:00:00+00:00,,PRE_TRADE_PROJECTED_EQUITY_BREACH
REJECTED,GBPUSD,SELL,2016-02-29 05:00:00+00:00,,PRE_TRADE_PROJECTED_EQUITY_BREACH
REJECTED,EURUSD,SELL,2016-02-29 07:30:00+00:00,,PRE_TRADE_PROJECTED_EQUITY_BREACH
REJECTED,GBPUSD,SELL,2016-02-29 07:30:00+00:00,,PRE_TRADE_PROJECTED_EQUITY_BREACH
REJECTED,GBPUSD,SELL,2016-02-29 14:30:00+00:00,,PRE_TRADE_PROJECTED_EQUITY_BREACH
REJECTED,EURUSD,SELL,2016-02-29 19:00:00+00:00,,PRE_TRADE_PROJECTED_EQUITY_BREACH
REJECTED,GBPUSD,SELL,2016-03-01 18:00:00+00:00,,PRE_TRADE_PROJECTED_EQUITY_BREACH
REJECTED,EURUSD,SELL,2016-03-01 23:30:00+00:00,,PRE_TRADE_PROJECTED_EQUITY_BREACH
REJECTED,GBPUSD,SELL,2016-03-02 05:30:00+00:00,,PRE_TRADE_PROJECTED_EQUITY_BREACH
REJECTED,EURUSD,SELL,2016-03-02 06:00:00+00:00,,PRE_TRADE_PROJECTED_EQUITY_BREACH
REJECTED,GBPUSD,SELL,2016-03-02 11:30:00+00:00,,PRE_TRADE_PROJECTED_EQUITY_BREACH
REJECTED,GBPUSD,SELL,2016-03-02 15:00:00+00:00,,PRE_TRADE_PROJECTED_EQUITY_BREACH
REJECTED,EURUSD,SELL,2016-03-02 18:00:00+00:00,,PRE_TRADE_PROJECTED_EQUITY_BREACH
REJECTED,EURUSD,SELL,2016-03-03 01:00:00+00:00,,PRE_TRADE_PROJECTED_EQUITY_BREACH
REJECTED,EURUSD,SELL,2016-03-03 08:00:00+00:00,,PRE_TRADE_PROJECTED_EQUITY_BREACH
REJECTED,EURUSD,SELL,2016-03-03 12:30:00+00:00,,PRE_TRADE_PROJECTED_EQUITY_BREACH
REJECTED,EURUSD,SELL,2016-03-03 16:00:00+00:00,,PRE_TRADE_PROJECTED_EQUITY_BREACH
REJECTED,GBPUSD,BUY,2016-03-04 08:00:00+00:00,,PRE_TRADE_PROJECTED_EQUITY_BREACH
REJECTED,GBPUSD,BUY,2016-03-07 00:00:00+00:00,,PRE_TRADE_PROJECTED_EQUITY_BREACH
REJECTED,EURUSD,BUY,2016-03-07 07:00:00+00:00,,PRE_TRADE_PROJECTED_EQUITY_BREACH
REJECTED,GBPUSD,BUY,2016-03-07 08:30:00+00:00,,PRE_TRADE_PROJECTED_EQUITY_BREACH
REJECTED,GBPUSD,BUY,2016-03-07 11:00:00+00:00,,PRE_TRADE_PROJECTED_EQUITY_BREACH
REJECTED,GBPUSD,BUY,2016-03-07 23:30:00+00:00,,PRE_TRADE_PROJECTED_EQUITY_BREACH
REJECTED,GBPUSD,BUY,2016-03-08 01:30:00+00:00,,PRE_TRADE_PROJECTED_EQUITY_BREACH
REJECTED,GBPUSD,BUY,2016-03-08 23:30:00+00:00,,PRE_TRADE_PROJECTED_EQUITY_BREACH
REJECTED,EURUSD,BUY,2016-03-09 00:00:00+00:00,,PRE_TRADE_PROJECTED_EQUITY_BREACH
REJECTED,GBPUSD,BUY,2016-03-09 13:30:00+00:00,,PRE_TRADE_PROJECTED_EQUITY_BREACH
REJECTED,EURUSD,BUY,2016-03-09 19:30:00+00:00,,PRE_TRADE_PROJECTED_EQUITY_BREACH
REJECTED,GBPUSD,BUY,2016-03-09 23:00:00+00:00,,PRE_TRADE_PROJECTED_EQUITY_BREACH
REJECTED,EURUSD,BUY,2016-03-09 23:30:00+00:00,,PRE_TRADE_PROJECTED_EQUITY_BREACH
REJECTED,GBPUSD,BUY,2016-03-10 07:00:00+00:00,,PRE_TRADE_PROJECTED_EQUITY_BREACH
REJECTED,GBPUSD,BUY,2016-03-10 12:30:00+00:00,,PRE_TRADE_PROJECTED_EQUITY_BREACH
REJECTED,EURUSD,BUY,2016-03-11 04:00:00+00:00,,PRE_TRADE_PROJECTED_EQUITY_BREACH
REJECTED,EURUSD,BUY,2016-03-11 07:30:00+00:00,,PRE_TRADE_PROJECTED_EQUITY_BREACH
REJECTED,GBPUSD,BUY,2016-03-14 07:30:00+00:00,,PRE_TRADE_PROJECTED_EQUITY_BREACH
REJECTED,EURUSD,BUY,2016-03-14 09:00:00+00:00,,PRE_TRADE_PROJECTED_EQUITY_BREACH
REJECTED,GBPUSD,BUY,2016-03-14 18:30:00+00:00,,PRE_TRADE_PROJECTED_EQUITY_BREACH
REJECTED,EURUSD,BUY,2016-03-15 01:00:00+00:00,,PRE_TRADE_PROJECTED_EQUITY_BREACH
REJECTED,GBPUSD,BUY,2016-03-15 01:00:00+00:00,,PRE_TRADE_PROJECTED_EQUITY_BREACH
REJECTED,GBPUSD,BUY,2016-03-15 06:00:00+00:00,,PRE_TRADE_PROJECTED_EQUITY_BREACH
REJECTED,EURUSD,BUY,2016-03-16 08:30:00+00:00,,PRE_TRADE_PROJECTED_EQUITY_BREACH
REJECTED,GBPUSD,SELL,2016-03-16 17:00:00+00:00,,PRE_TRADE_PROJECTED_EQUITY_BREACH
REJECTED,GBPUSD,SELL,2016-03-16 19:00:00+00:00,,PRE_TRADE_PROJECTED_EQUITY_BREACH
REJECTED,GBPUSD,BUY,2016-03-17 05:30:00+00:00,,PRE_TRADE_PROJECTED_EQUITY_BREACH
REJECTED,GBPUSD,BUY,2016-03-18 04:30:00+00:00,,PRE_TRADE_PROJECTED_EQUITY_BREACH
REJECTED,EURUSD,BUY,2016-03-18 07:30:00+00:00,,PRE_TRADE_PROJECTED_EQUITY_BREACH
REJECTED,GBPUSD,BUY,2016-03-18 09:30:00+00:00,,PRE_TRADE_PROJECTED_EQUITY_BREACH
REJECTED,EURUSD,BUY,2016-03-18 20:00:00+00:00,,PRE_TRADE_PROJECTED_EQUITY_BREACH
REJECTED,GBPUSD,BUY,2016-03-18 20:30:00+00:00,,PRE_TRADE_PROJECTED_EQUITY_BREACH
REJECTED,GBPUSD,BUY,2016-03-21 02:00:00+00:00,,PRE_TRADE_PROJECTED_EQUITY_BREACH
REJECTED,EURUSD,BUY,2016-03-21 05:00:00+00:00,,PRE_TRADE_PROJECTED_EQUITY_BREACH
REJECTED,EURUSD,BUY,2016-03-21 06:30:00+00:00,,PRE_TRADE_PROJECTED_EQUITY_BREACH
REJECTED,GBPUSD,BUY,2016-03-21 06:30:00+00:00,,PRE_TRADE_PROJECTED_EQUITY_BREACH
REJECTED,EURUSD,BUY,2016-03-21 08:30:00+00:00,,PRE_TRADE_PROJECTED_EQUITY_BREACH
REJECTED,GBPUSD,BUY,2016-03-21 08:30:00+00:00,,PRE_TRADE_PROJECTED_EQUITY_BREACH
REJECTED,GBPUSD,BUY,2016-03-21 20:30:00+00:00,,PRE_TRADE_PROJECTED_EQUITY_BREACH
REJECTED,EURUSD,BUY,2016-03-21 22:00:00+00:00,,PRE_TRADE_PROJECTED_EQUITY_BREACH
REJECTED,EURUSD,BUY,2016-03-22 09:00:00+00:00,,PRE_TRADE_PROJECTED_EQUITY_BREACH
REJECTED,GBPUSD,BUY,2016-03-22 09:00:00+00:00,,PRE_TRADE_PROJECTED_EQUITY_BREACH
REJECTED,EURUSD,BUY,2016-03-22 17:00:00+00:00,,PRE_TRADE_PROJECTED_EQUITY_BREACH
REJECTED,GBPUSD,SELL,2016-03-23 00:00:00+00:00,,PRE_TRADE_PROJECTED_EQUITY_BREACH
REJECTED,EURUSD,BUY,2016-03-23 05:00:00+00:00,,PRE_TRADE_PROJECTED_EQUITY_BREACH
REJECTED,GBPUSD,SELL,2016-03-24 11:30:00+00:00,,PRE_TRADE_PROJECTED_EQUITY_BREACH
REJECTED,GBPUSD,SELL,2016-03-24 17:00:00+00:00,,PRE_TRADE_PROJECTED_EQUITY_BREACH
REJECTED,EURUSD,SELL,2016-03-25 06:30:00+00:00,,PRE_TRADE_PROJECTED_EQUITY_BREACH
REJECTED,GBPUSD,SELL,2016-03-25 06:30:00+00:00,,PRE_TRADE_PROJECTED_EQUITY_BREACH
REJECTED,GBPUSD,SELL,2016-03-25 10:00:00+00:00,,PRE_TRADE_PROJECTED_EQUITY_BREACH
REJECTED,EURUSD,SELL,2016-03-25 11:30:00+00:00,,PRE_TRADE_PROJECTED_EQUITY_BREACH
REJECTED,EURUSD,SELL,2016-03-25 20:30:00+00:00,,PRE_TRADE_PROJECTED_EQUITY_BREACH
REJECTED,GBPUSD,SELL,2016-03-28 04:30:00+00:00,,PRE_TRADE_PROJECTED_EQUITY_BREACH
REJECTED,GBPUSD,SELL,2016-03-28 08:00:00+00:00,,PRE_TRADE_PROJECTED_EQUITY_BREACH
REJECTED,GBPUSD,SELL,2016-03-28 09:30:00+00:00,,PRE_TRADE_PROJECTED_EQUITY_BREACH
REJECTED,EURUSD,BUY,2016-03-29 02:00:00+00:00,,PRE_TRADE_PROJECTED_EQUITY_BREACH
REJECTED,GBPUSD,BUY,2016-03-29 02:00:00+00:00,,PRE_TRADE_PROJECTED_EQUITY_BREACH
REJECTED,GBPUSD,BUY,2016-03-29 05:00:00+00:00,,PRE_TRADE_PROJECTED_EQUITY_BREACH
REJECTED,GBPUSD,BUY,2016-03-29 06:30:00+00:00,,PRE_TRADE_PROJECTED_EQUITY_BREACH
REJECTED,EURUSD,BUY,2016-03-31 03:30:00+00:00,,PRE_TRADE_PROJECTED_EQUITY_BREACH
REJECTED,GBPUSD,BUY,2016-03-31 20:30:00+00:00,,PRE_TRADE_PROJECTED_EQUITY_BREACH
REJECTED,GBPUSD,BUY,2016-04-01 02:30:00+00:00,,PRE_TRADE_PROJECTED_EQUITY_BREACH
REJECTED,GBPUSD,SELL,2016-04-04 01:30:00+00:00,,PRE_TRADE_PROJECTED_EQUITY_BREACH
REJECTED,EURUSD,BUY,2016-04-04 04:00:00+00:00,,PRE_TRADE_PROJECTED_EQUITY_BREACH
REJECTED,EURUSD,BUY,2016-04-04 11:00:00+00:00,,PRE_TRADE_PROJECTED_EQUITY_BREACH
REJECTED,GBPUSD,SELL,2016-04-04 12:30:00+00:00,,PRE_TRADE_PROJECTED_EQUITY_BREACH
REJECTED,GBPUSD,SELL,2016-04-05 01:30:00+00:00,,PRE_TRADE_PROJECTED_EQUITY_BREACH
REJECTED,EURUSD,BUY,2016-04-05 08:00:00+00:00,,PRE_TRADE_PROJECTED_EQUITY_BREACH
REJECTED,EURUSD,BUY,2016-04-06 02:30:00+00:00,,PRE_TRADE_PROJECTED_EQUITY_BREACH
REJECTED,EURUSD,BUY,2016-04-06 07:00:00+00:00,,PRE_TRADE_PROJECTED_EQUITY_BREACH
REJECTED,EURUSD,BUY,2016-04-06 09:00:00+00:00,,PRE_TRADE_PROJECTED_EQUITY_BREACH
REJECTED,GBPUSD,SELL,2016-04-06 15:30:00+00:00,,PRE_TRADE_PROJECTED_EQUITY_BREACH
REJECTED,EURUSD,BUY,2016-04-06 20:30:00+00:00,,PRE_TRADE_PROJECTED_EQUITY_BREACH
REJECTED,GBPUSD,SELL,2016-04-07 00:30:00+00:00,,PRE_TRADE_PROJECTED_EQUITY_BREACH
REJECTED,GBPUSD,SELL,2016-04-07 06:00:00+00:00,,PRE_TRADE_PROJECTED_EQUITY_BREACH
REJECTED,GBPUSD,SELL,2016-04-08 02:00:00+00:00,,PRE_TRADE_PROJECTED_EQUITY_BREACH
REJECTED,GBPUSD,SELL,2016-04-08 05:30:00+00:00,,PRE_TRADE_PROJECTED_EQUITY_BREACH
REJECTED,GBPUSD,SELL,2016-04-11 00:30:00+00:00,,PRE_TRADE_PROJECTED_EQUITY_BREACH
REJECTED,EURUSD,BUY,2016-04-11 01:30:00+00:00,,PRE_TRADE_PROJECTED_EQUITY_BREACH
REJECTED,GBPUSD,BUY,2016-04-11 22:30:00+00:00,,PRE_TRADE_PROJECTED_EQUITY_BREACH
REJECTED,EURUSD,BUY,2016-04-12 13:00:00+00:00,,PRE_TRADE_PROJECTED_EQUITY_BREACH
REJECTED,GBPUSD,BUY,2016-04-12 13:00:00+00:00,,PRE_TRADE_PROJECTED_EQUITY_BREACH
REJECTED,GBPUSD,BUY,2016-04-12 15:00:00+00:00,,PRE_TRADE_PROJECTED_EQUITY_BREACH
REJECTED,GBPUSD,BUY,2016-04-13 06:00:00+00:00,,PRE_TRADE_PROJECTED_EQUITY_BREACH
REJECTED,GBPUSD,BUY,2016-04-13 07:30:00+00:00,,PRE_TRADE_PROJECTED_EQUITY_BREACH
REJECTED,GBPUSD,SELL,2016-04-15 11:00:00+00:00,,PRE_TRADE_PROJECTED_EQUITY_BREACH
REJECTED,EURUSD,SELL,2016-04-15 12:00:00+00:00,,PRE_TRADE_PROJECTED_EQUITY_BREACH
REJECTED,GBPUSD,BUY,2016-04-15 20:30:00+00:00,,PRE_TRADE_PROJECTED_EQUITY_BREACH
REJECTED,EURUSD,SELL,2016-04-18 01:00:00+00:00,,PRE_TRADE_PROJECTED_EQUITY_BREACH
REJECTED,EURUSD,SELL,2016-04-18 08:00:00+00:00,,PRE_TRADE_PROJECTED_EQUITY_BREACH
REJECTED,EURUSD,BUY,2016-04-19 20:30:00+00:00,,PRE_TRADE_PROJECTED_EQUITY_BREACH
REJECTED,GBPUSD,BUY,2016-04-19 23:00:00+00:00,,PRE_TRADE_PROJECTED_EQUITY_BREACH
REJECTED,GBPUSD,BUY,2016-04-20 06:00:00+00:00,,PRE_TRADE_PROJECTED_EQUITY_BREACH
REJECTED,EURUSD,BUY,2016-04-20 14:30:00+00:00,,PRE_TRADE_PROJECTED_EQUITY_BREACH
REJECTED,GBPUSD,BUY,2016-04-20 20:00:00+00:00,,PRE_TRADE_PROJECTED_EQUITY_BREACH
REJECTED,GBPUSD,BUY,2016-04-21 01:30:00+00:00,,PRE_TRADE_PROJECTED_EQUITY_BREACH
REJECTED,EURUSD,SELL,2016-04-21 08:00:00+00:00,,PRE_TRADE_PROJECTED_EQUITY_BREACH
REJECTED,GBPUSD,BUY,2016-04-21 09:00:00+00:00,,PRE_TRADE_PROJECTED_EQUITY_BREACH
REJECTED,GBPUSD,BUY,2016-04-21 22:30:00+00:00,,PRE_TRADE_PROJECTED_EQUITY_BREACH
REJECTED,EURUSD,SELL,2016-04-22 02:00:00+00:00,,PRE_TRADE_PROJECTED_EQUITY_BREACH
REJECTED,EURUSD,SELL,2016-04-25 09:00:00+00:00,,PRE_TRADE_PROJECTED_EQUITY_BREACH
REJECTED,EURUSD,SELL,2016-04-25 15:30:00+00:00,,PRE_TRADE_PROJECTED_EQUITY_BREACH
REJECTED,EURUSD,SELL,2016-04-26 09:30:00+00:00,,PRE_TRADE_PROJECTED_EQUITY_BREACH
REJECTED,GBPUSD,BUY,2016-04-27 06:30:00+00:00,,PRE_TRADE_PROJECTED_EQUITY_BREACH
REJECTED,EURUSD,BUY,2016-04-28 01:30:00+00:00,,PRE_TRADE_PROJECTED_EQUITY_BREACH
REJECTED,GBPUSD,BUY,2016-04-28 11:30:00+00:00,,PRE_TRADE_PROJECTED_EQUITY_BREACH
REJECTED,EURUSD,BUY,2016-04-28 14:00:00+00:00,,PRE_TRADE_PROJECTED_EQUITY_BREACH
REJECTED,GBPUSD,BUY,2016-04-29 09:30:00+00:00,,PRE_TRADE_PROJECTED_EQUITY_BREACH
REJECTED,GBPUSD,BUY,2016-04-29 18:30:00+00:00,,PRE_TRADE_PROJECTED_EQUITY_BREACH
REJECTED,GBPUSD,BUY,2016-05-01 22:00:00+00:00,,PRE_TRADE_PROJECTED_EQUITY_BREACH
REJECTED,GBPUSD,BUY,2016-05-03 11:30:00+00:00,,PRE_TRADE_PROJECTED_EQUITY_BREACH
REJECTED,EURUSD,BUY,2016-05-03 12:30:00+00:00,,PRE_TRADE_PROJECTED_EQUITY_BREACH
REJECTED,GBPUSD,BUY,2016-05-03 14:30:00+00:00,,PRE_TRADE_PROJECTED_EQUITY_BREACH
REJECTED,EURUSD,BUY,2016-05-03 15:00:00+00:00,,PRE_TRADE_PROJECTED_EQUITY_BREACH
REJECTED,EURUSD,BUY,2016-05-03 21:30:00+00:00,,PRE_TRADE_PROJECTED_EQUITY_BREACH
REJECTED,EURUSD,BUY,2016-05-04 03:00:00+00:00,,PRE_TRADE_PROJECTED_EQUITY_BREACH
REJECTED,GBPUSD,SELL,2016-05-04 13:00:00+00:00,,PRE_TRADE_PROJECTED_EQUITY_BREACH
REJECTED,GBPUSD,SELL,2016-05-05 03:00:00+00:00,,PRE_TRADE_PROJECTED_EQUITY_BREACH
REJECTED,EURUSD,BUY,2016-05-05 08:30:00+00:00,,PRE_TRADE_PROJECTED_EQUITY_BREACH
REJECTED,GBPUSD,SELL,2016-05-06 00:00:00+00:00,,PRE_TRADE_PROJECTED_EQUITY_BREACH
REJECTED,EURUSD,SELL,2016-05-09 05:30:00+00:00,,PRE_TRADE_PROJECTED_EQUITY_BREACH
REJECTED,GBPUSD,SELL,2016-05-09 05:30:00+00:00,,PRE_TRADE_PROJECTED_EQUITY_BREACH
REJECTED,GBPUSD,SELL,2016-05-09 10:30:00+00:00,,PRE_TRADE_PROJECTED_EQUITY_BREACH
REJECTED,EURUSD,SELL,2016-05-10 08:00:00+00:00,,PRE_TRADE_PROJECTED_EQUITY_BREACH
REJECTED,GBPUSD,SELL,2016-05-10 08:00:00+00:00,,PRE_TRADE_PROJECTED_EQUITY_BREACH
REJECTED,GBPUSD,SELL,2016-05-11 00:00:00+00:00,,PRE_TRADE_PROJECTED_EQUITY_BREACH
REJECTED,GBPUSD,SELL,2016-05-11 06:30:00+00:00,,PRE_TRADE_PROJECTED_EQUITY_BREACH
REJECTED,EURUSD,SELL,2016-05-11 07:30:00+00:00,,PRE_TRADE_PROJECTED_EQUITY_BREACH
REJECTED,EURUSD,SELL,2016-05-11 13:00:00+00:00,,PRE_TRADE_PROJECTED_EQUITY_BREACH
REJECTED,GBPUSD,SELL,2016-05-12 02:00:00+00:00,,PRE_TRADE_PROJECTED_EQUITY_BREACH
REJECTED,GBPUSD,SELL,2016-05-12 10:30:00+00:00,,PRE_TRADE_PROJECTED_EQUITY_BREACH
REJECTED,EURUSD,SELL,2016-05-12 23:30:00+00:00,,PRE_TRADE_PROJECTED_EQUITY_BREACH
REJECTED,GBPUSD,SELL,2016-05-13 05:00:00+00:00,,PRE_TRADE_PROJECTED_EQUITY_BREACH
REJECTED,EURUSD,SELL,2016-05-13 19:30:00+00:00,,PRE_TRADE_PROJECTED_EQUITY_BREACH
REJECTED,EURUSD,SELL,2016-05-16 08:00:00+00:00,,PRE_TRADE_PROJECTED_EQUITY_BREACH
REJECTED,EURUSD,SELL,2016-05-16 13:30:00+00:00,,PRE_TRADE_PROJECTED_EQUITY_BREACH
REJECTED,GBPUSD,SELL,2016-05-16 15:30:00+00:00,,PRE_TRADE_PROJECTED_EQUITY_BREACH
REJECTED,EURUSD,SELL,2016-05-17 07:30:00+00:00,,PRE_TRADE_PROJECTED_EQUITY_BREACH
REJECTED,GBPUSD,BUY,2016-05-17 14:30:00+00:00,,PRE_TRADE_PROJECTED_EQUITY_BREACH
REJECTED,GBPUSD,BUY,2016-05-18 01:30:00+00:00,,PRE_TRADE_PROJECTED_EQUITY_BREACH
REJECTED,GBPUSD,BUY,2016-05-19 01:00:00+00:00,,PRE_TRADE_PROJECTED_EQUITY_BREACH
REJECTED,GBPUSD,BUY,2016-05-19 13:30:00+00:00,,PRE_TRADE_PROJECTED_EQUITY_BREACH
REJECTED,GBPUSD,BUY,2016-05-19 20:30:00+00:00,,PRE_TRADE_PROJECTED_EQUITY_BREACH
REJECTED,GBPUSD,BUY,2016-05-20 01:00:00+00:00,,PRE_TRADE_PROJECTED_EQUITY_BREACH
REJECTED,GBPUSD,BUY,2016-05-20 09:00:00+00:00,,PRE_TRADE_PROJECTED_EQUITY_BREACH
REJECTED,EURUSD,SELL,2016-05-20 14:00:00+00:00,,PRE_TRADE_PROJECTED_EQUITY_BREACH
REJECTED,GBPUSD,BUY,2016-05-20 14:30:00+00:00,,PRE_TRADE_PROJECTED_EQUITY_BREACH
REJECTED,EURUSD,SELL,2016-05-20 18:30:00+00:00,,PRE_TRADE_PROJECTED_EQUITY_BREACH
REJECTED,GBPUSD,BUY,2016-05-20 20:00:00+00:00,,PRE_TRADE_PROJECTED_EQUITY_BREACH
REJECTED,EURUSD,SELL,2016-05-23 01:00:00+00:00,,PRE_TRADE_PROJECTED_EQUITY_BREACH
REJECTED,GBPUSD,BUY,2016-05-25 00:30:00+00:00,,PRE_TRADE_PROJECTED_EQUITY_BREACH
REJECTED,EURUSD,SELL,2016-05-25 04:00:00+00:00,,PRE_TRADE_PROJECTED_EQUITY_BREACH
REJECTED,GBPUSD,BUY,2016-05-25 21:30:00+00:00,,PRE_TRADE_PROJECTED_EQUITY_BREACH
REJECTED,EURUSD,SELL,2016-05-26 02:00:00+00:00,,PRE_TRADE_PROJECTED_EQUITY_BREACH
REJECTED,GBPUSD,BUY,2016-05-26 09:30:00+00:00,,PRE_TRADE_PROJECTED_EQUITY_BREACH
REJECTED,EURUSD,SELL,2016-05-26 10:30:00+00:00,,PRE_TRADE_PROJECTED_EQUITY_BREACH
REJECTED,GBPUSD,BUY,2016-05-26 17:00:00+00:00,,PRE_TRADE_PROJECTED_EQUITY_BREACH
REJECTED,GBPUSD,BUY,2016-05-27 08:00:00+00:00,,PRE_TRADE_PROJECTED_EQUITY_BREACH
REJECTED,EURUSD,SELL,2016-05-30 07:30:00+00:00,,PRE_TRADE_PROJECTED_EQUITY_BREACH
REJECTED,EURUSD,SELL,2016-05-30 09:00:00+00:00,,PRE_TRADE_PROJECTED_EQUITY_BREACH
REJECTED,EURUSD,SELL,2016-05-31 00:30:00+00:00,,PRE_TRADE_PROJECTED_EQUITY_BREACH
REJECTED,EURUSD,SELL,2016-05-31 04:30:00+00:00,,PRE_TRADE_PROJECTED_EQUITY_BREACH
REJECTED,EURUSD,SELL,2016-06-01 08:30:00+00:00,,PRE_TRADE_PROJECTED_EQUITY_BREACH
REJECTED,GBPUSD,SELL,2016-06-02 00:30:00+00:00,,PRE_TRADE_PROJECTED_EQUITY_BREACH
REJECTED,GBPUSD,SELL,2016-06-02 05:30:00+00:00,,PRE_TRADE_PROJECTED_EQUITY_BREACH
REJECTED,EURUSD,BUY,2016-06-02 06:30:00+00:00,,PRE_TRADE_PROJECTED_EQUITY_BREACH
REJECTED,EURUSD,BUY,2016-06-02 12:30:00+00:00,,PRE_TRADE_PROJECTED_EQUITY_BREACH
REJECTED,EURUSD,SELL,2016-06-03 04:30:00+00:00,,PRE_TRADE_PROJECTED_EQUITY_BREACH
REJECTED,GBPUSD,SELL,2016-06-03 08:00:00+00:00,,PRE_TRADE_PROJECTED_EQUITY_BREACH
REJECTED,EURUSD,SELL,2016-06-03 13:00:00+00:00,,PRE_TRADE_PROJECTED_EQUITY_BREACH
REJECTED,EURUSD,BUY,2016-06-06 00:00:00+00:00,,PRE_TRADE_PROJECTED_EQUITY_BREACH
REJECTED,GBPUSD,SELL,2016-06-06 09:00:00+00:00,,PRE_TRADE_PROJECTED_EQUITY_BREACH
REJECTED,EURUSD,BUY,2016-06-06 11:30:00+00:00,,PRE_TRADE_PROJECTED_EQUITY_BREACH
REJECTED,GBPUSD,SELL,2016-06-06 15:00:00+00:00,,PRE_TRADE_PROJECTED_EQUITY_BREACH
REJECTED,GBPUSD,SELL,2016-06-07 04:30:00+00:00,,PRE_TRADE_PROJECTED_EQUITY_BREACH
REJECTED,EURUSD,BUY,2016-06-07 12:00:00+00:00,,PRE_TRADE_PROJECTED_EQUITY_BREACH
REJECTED,GBPUSD,BUY,2016-06-07 13:30:00+00:00,,PRE_TRADE_PROJECTED_EQUITY_BREACH
REJECTED,GBPUSD,BUY,2016-06-08 08:30:00+00:00,,PRE_TRADE_PROJECTED_EQUITY_BREACH
REJECTED,EURUSD,BUY,2016-06-09 07:00:00+00:00,,PRE_TRADE_PROJECTED_EQUITY_BREACH
REJECTED,EURUSD,BUY,2016-06-09 09:00:00+00:00,,PRE_TRADE_PROJECTED_EQUITY_BREACH
REJECTED,EURUSD,BUY,2016-06-09 11:30:00+00:00,,PRE_TRADE_PROJECTED_EQUITY_BREACH
REJECTED,EURUSD,BUY,2016-06-09 15:00:00+00:00,,PRE_TRADE_PROJECTED_EQUITY_BREACH
REJECTED,EURUSD,BUY,2016-06-10 01:00:00+00:00,,PRE_TRADE_PROJECTED_EQUITY_BREACH
REJECTED,GBPUSD,SELL,2016-06-10 07:00:00+00:00,,PRE_TRADE_PROJECTED_EQUITY_BREACH
REJECTED,GBPUSD,SELL,2016-06-13 14:30:00+00:00,,PRE_TRADE_PROJECTED_EQUITY_BREACH
REJECTED,GBPUSD,SELL,2016-06-15 04:00:00+00:00,,PRE_TRADE_PROJECTED_EQUITY_BREACH
REJECTED,GBPUSD,SELL,2016-06-15 07:00:00+00:00,,PRE_TRADE_PROJECTED_EQUITY_BREACH
REJECTED,EURUSD,SELL,2016-06-15 07:30:00+00:00,,PRE_TRADE_PROJECTED_EQUITY_BREACH
REJECTED,GBPUSD,SELL,2016-06-15 09:30:00+00:00,,PRE_TRADE_PROJECTED_EQUITY_BREACH
REJECTED,EURUSD,SELL,2016-06-16 17:00:00+00:00,,PRE_TRADE_PROJECTED_EQUITY_BREACH
REJECTED,GBPUSD,SELL,2016-06-16 18:00:00+00:00,,PRE_TRADE_PROJECTED_EQUITY_BREACH
REJECTED,GBPUSD,BUY,2016-06-20 06:30:00+00:00,,PRE_TRADE_PROJECTED_EQUITY_BREACH
REJECTED,EURUSD,BUY,2016-06-20 07:00:00+00:00,,PRE_TRADE_PROJECTED_EQUITY_BREACH
REJECTED,EURUSD,BUY,2016-06-20 16:00:00+00:00,,PRE_TRADE_PROJECTED_EQUITY_BREACH
REJECTED,GBPUSD,BUY,2016-06-21 01:30:00+00:00,,PRE_TRADE_PROJECTED_EQUITY_BREACH
REJECTED,EURUSD,BUY,2016-06-21 12:30:00+00:00,,PRE_TRADE_PROJECTED_EQUITY_BREACH
REJECTED,GBPUSD,BUY,2016-06-21 20:30:00+00:00,,PRE_TRADE_PROJECTED_EQUITY_BREACH
REJECTED,EURUSD,SELL,2016-06-22 03:30:00+00:00,,PRE_TRADE_PROJECTED_EQUITY_BREACH
REJECTED,GBPUSD,BUY,2016-06-22 06:00:00+00:00,,PRE_TRADE_PROJECTED_EQUITY_BREACH
REJECTED,GBPUSD,BUY,2016-06-23 07:00:00+00:00,,PRE_TRADE_PROJECTED_EQUITY_BREACH
REJECTED,EURUSD,BUY,2016-06-23 08:30:00+00:00,,PRE_TRADE_PROJECTED_EQUITY_BREACH
REJECTED,EURUSD,BUY,2016-06-23 15:00:00+00:00,,PRE_TRADE_PROJECTED_EQUITY_BREACH
REJECTED,GBPUSD,BUY,2016-06-23 15:00:00+00:00,,PRE_TRADE_PROJECTED_EQUITY_BREACH
REJECTED,GBPUSD,BUY,2016-06-24 00:00:00+00:00,,PRE_TRADE_PROJECTED_EQUITY_BREACH
REJECTED,EURUSD,BUY,2016-06-24 01:00:00+00:00,,PRE_TRADE_PROJECTED_EQUITY_BREACH
REJECTED,EURUSD,SELL,2016-06-24 08:30:00+00:00,,PRE_TRADE_PROJECTED_EQUITY_BREACH
REJECTED,GBPUSD,SELL,2016-06-24 09:30:00+00:00,,MIN_LOT_EXCEEDS_RISK_BUDGET
REJECTED,EURUSD,SELL,2016-06-24 17:30:00+00:00,,PRE_TRADE_PROJECTED_EQUITY_BREACH
REJECTED,GBPUSD,SELL,2016-06-27 07:00:00+00:00,,PRE_TRADE_PROJECTED_EQUITY_BREACH
REJECTED,GBPUSD,SELL,2016-06-28 02:30:00+00:00,,PRE_TRADE_PROJECTED_EQUITY_BREACH
REJECTED,EURUSD,SELL,2016-06-28 03:00:00+00:00,,PRE_TRADE_PROJECTED_EQUITY_BREACH
REJECTED,EURUSD,SELL,2016-06-28 05:00:00+00:00,,PRE_TRADE_PROJECTED_EQUITY_BREACH
REJECTED,EURUSD,SELL,2016-06-28 20:30:00+00:00,,PRE_TRADE_PROJECTED_EQUITY_BREACH
REJECTED,GBPUSD,SELL,2016-06-29 06:00:00+00:00,,PRE_TRADE_PROJECTED_EQUITY_BREACH
REJECTED,EURUSD,SELL,2016-06-29 08:00:00+00:00,,PRE_TRADE_PROJECTED_EQUITY_BREACH
REJECTED,GBPUSD,SELL,2016-06-29 12:00:00+00:00,,PRE_TRADE_PROJECTED_EQUITY_BREACH
REJECTED,GBPUSD,SELL,2016-06-29 13:30:00+00:00,,PRE_TRADE_PROJECTED_EQUITY_BREACH
REJECTED,EURUSD,SELL,2016-06-30 10:30:00+00:00,,PRE_TRADE_PROJECTED_EQUITY_BREACH
REJECTED,GBPUSD,SELL,2016-06-30 20:30:00+00:00,,PRE_TRADE_PROJECTED_EQUITY_BREACH
REJECTED,EURUSD,SELL,2016-06-30 21:00:00+00:00,,PRE_TRADE_PROJECTED_EQUITY_BREACH
REJECTED,GBPUSD,SELL,2016-07-01 00:00:00+00:00,,PRE_TRADE_PROJECTED_EQUITY_BREACH
REJECTED,EURUSD,SELL,2016-07-01 08:30:00+00:00,,PRE_TRADE_PROJECTED_EQUITY_BREACH
REJECTED,EURUSD,SELL,2016-07-01 11:30:00+00:00,,PRE_TRADE_PROJECTED_EQUITY_BREACH
REJECTED,GBPUSD,SELL,2016-07-04 00:00:00+00:00,,PRE_TRADE_PROJECTED_EQUITY_BREACH
REJECTED,EURUSD,SELL,2016-07-04 03:00:00+00:00,,PRE_TRADE_PROJECTED_EQUITY_BREACH
REJECTED,GBPUSD,SELL,2016-07-04 16:00:00+00:00,,PRE_TRADE_PROJECTED_EQUITY_BREACH
REJECTED,EURUSD,BUY,2016-07-04 23:00:00+00:00,,PRE_TRADE_PROJECTED_EQUITY_BREACH
REJECTED,EURUSD,SELL,2016-07-05 08:00:00+00:00,,PRE_TRADE_PROJECTED_EQUITY_BREACH
REJECTED,EURUSD,SELL,2016-07-06 07:30:00+00:00,,PRE_TRADE_PROJECTED_EQUITY_BREACH
REJECTED,GBPUSD,SELL,2016-07-06 08:00:00+00:00,,PRE_TRADE_PROJECTED_EQUITY_BREACH
REJECTED,EURUSD,SELL,2016-07-06 19:00:00+00:00,,PRE_TRADE_PROJECTED_EQUITY_BREACH
REJECTED,GBPUSD,SELL,2016-07-07 03:00:00+00:00,,PRE_TRADE_PROJECTED_EQUITY_BREACH
REJECTED,EURUSD,SELL,2016-07-07 04:30:00+00:00,,PRE_TRADE_PROJECTED_EQUITY_BREACH
REJECTED,GBPUSD,SELL,2016-07-07 05:00:00+00:00,,PRE_TRADE_PROJECTED_EQUITY_BREACH
REJECTED,GBPUSD,SELL,2016-07-07 11:00:00+00:00,,PRE_TRADE_PROJECTED_EQUITY_BREACH
REJECTED,EURUSD,SELL,2016-07-08 02:00:00+00:00,,PRE_TRADE_PROJECTED_EQUITY_BREACH
REJECTED,GBPUSD,SELL,2016-07-08 11:00:00+00:00,,PRE_TRADE_PROJECTED_EQUITY_BREACH
REJECTED,EURUSD,SELL,2016-07-11 11:30:00+00:00,,PRE_TRADE_PROJECTED_EQUITY_BREACH
REJECTED,EURUSD,SELL,2016-07-11 19:00:00+00:00,,PRE_TRADE_PROJECTED_EQUITY_BREACH
REJECTED,GBPUSD,SELL,2016-07-12 02:30:00+00:00,,PRE_TRADE_PROJECTED_EQUITY_BREACH
REJECTED,GBPUSD,SELL,2016-07-12 07:30:00+00:00,,PRE_TRADE_PROJECTED_EQUITY_BREACH
REJECTED,GBPUSD,BUY,2016-07-13 08:30:00+00:00,,PRE_TRADE_PROJECTED_EQUITY_BREACH
REJECTED,EURUSD,SELL,2016-07-13 10:30:00+00:00,,PRE_TRADE_PROJECTED_EQUITY_BREACH
REJECTED,EURUSD,BUY,2016-07-13 20:30:00+00:00,,PRE_TRADE_PROJECTED_EQUITY_BREACH
REJECTED,GBPUSD,SELL,2016-07-14 02:30:00+00:00,,PRE_TRADE_PROJECTED_EQUITY_BREACH
REJECTED,GBPUSD,BUY,2016-07-15 14:00:00+00:00,,PRE_TRADE_PROJECTED_EQUITY_BREACH
REJECTED,EURUSD,SELL,2016-07-18 02:00:00+00:00,,PRE_TRADE_PROJECTED_EQUITY_BREACH
REJECTED,GBPUSD,BUY,2016-07-19 02:00:00+00:00,,PRE_TRADE_PROJECTED_EQUITY_BREACH
REJECTED,EURUSD,SELL,2016-07-19 03:00:00+00:00,,PRE_TRADE_PROJECTED_EQUITY_BREACH
REJECTED,GBPUSD,SELL,2016-07-20 09:30:00+00:00,,PRE_TRADE_PROJECTED_EQUITY_BREACH
REJECTED,EURUSD,SELL,2016-07-20 12:00:00+00:00,,PRE_TRADE_PROJECTED_EQUITY_BREACH
REJECTED,GBPUSD,SELL,2016-07-20 17:30:00+00:00,,PRE_TRADE_PROJECTED_EQUITY_BREACH
REJECTED,EURUSD,SELL,2016-07-20 20:30:00+00:00,,PRE_TRADE_PROJECTED_EQUITY_BREACH
REJECTED,EURUSD,SELL,2016-07-21 04:30:00+00:00,,PRE_TRADE_PROJECTED_EQUITY_BREACH
REJECTED,EURUSD,SELL,2016-07-21 13:30:00+00:00,,PRE_TRADE_PROJECTED_EQUITY_BREACH
REJECTED,EURUSD,SELL,2016-07-21 21:30:00+00:00,,PRE_TRADE_PROJECTED_EQUITY_BREACH
REJECTED,GBPUSD,SELL,2016-07-24 23:30:00+00:00,,PRE_TRADE_PROJECTED_EQUITY_BREACH
REJECTED,EURUSD,SELL,2016-07-25 05:30:00+00:00,,PRE_TRADE_PROJECTED_EQUITY_BREACH
REJECTED,EURUSD,SELL,2016-07-25 10:00:00+00:00,,PRE_TRADE_PROJECTED_EQUITY_BREACH
REJECTED,EURUSD,SELL,2016-07-26 05:30:00+00:00,,PRE_TRADE_PROJECTED_EQUITY_BREACH
REJECTED,EURUSD,SELL,2016-07-27 05:30:00+00:00,,PRE_TRADE_PROJECTED_EQUITY_BREACH
REJECTED,GBPUSD,SELL,2016-07-27 14:00:00+00:00,,PRE_TRADE_PROJECTED_EQUITY_BREACH
REJECTED,GBPUSD,BUY,2016-07-28 05:30:00+00:00,,PRE_TRADE_PROJECTED_EQUITY_BREACH
REJECTED,EURUSD,BUY,2016-07-28 11:30:00+00:00,,PRE_TRADE_PROJECTED_EQUITY_BREACH
REJECTED,EURUSD,BUY,2016-08-03 00:30:00+00:00,,PRE_TRADE_PROJECTED_EQUITY_BREACH
REJECTED,GBPUSD,BUY,2016-08-03 01:30:00+00:00,,PRE_TRADE_PROJECTED_EQUITY_BREACH
REJECTED,EURUSD,BUY,2016-08-03 03:00:00+00:00,,PRE_TRADE_PROJECTED_EQUITY_BREACH
REJECTED,EURUSD,BUY,2016-08-03 07:00:00+00:00,,PRE_TRADE_PROJECTED_EQUITY_BREACH
REJECTED,EURUSD,BUY,2016-08-03 10:30:00+00:00,,PRE_TRADE_PROJECTED_EQUITY_BREACH
REJECTED,EURUSD,BUY,2016-08-03 14:00:00+00:00,,PRE_TRADE_PROJECTED_EQUITY_BREACH
REJECTED,GBPUSD,BUY,2016-08-03 15:00:00+00:00,,PRE_TRADE_PROJECTED_EQUITY_BREACH
REJECTED,EURUSD,BUY,2016-08-03 18:30:00+00:00,,PRE_TRADE_PROJECTED_EQUITY_BREACH
REJECTED,GBPUSD,BUY,2016-08-03 21:00:00+00:00,,PRE_TRADE_PROJECTED_EQUITY_BREACH
REJECTED,GBPUSD,BUY,2016-08-04 06:30:00+00:00,,PRE_TRADE_PROJECTED_EQUITY_BREACH
REJECTED,EURUSD,BUY,2016-08-04 10:30:00+00:00,,PRE_TRADE_PROJECTED_EQUITY_BREACH
REJECTED,GBPUSD,SELL,2016-08-04 20:30:00+00:00,,PRE_TRADE_PROJECTED_EQUITY_BREACH
REJECTED,EURUSD,SELL,2016-08-05 18:00:00+00:00,,PRE_TRADE_PROJECTED_EQUITY_BREACH
REJECTED,EURUSD,SELL,2016-08-08 04:00:00+00:00,,PRE_TRADE_PROJECTED_EQUITY_BREACH
REJECTED,EURUSD,SELL,2016-08-08 19:00:00+00:00,,PRE_TRADE_PROJECTED_EQUITY_BREACH
REJECTED,EURUSD,SELL,2016-08-09 01:00:00+00:00,,PRE_TRADE_PROJECTED_EQUITY_BREACH
REJECTED,EURUSD,SELL,2016-08-09 09:30:00+00:00,,PRE_TRADE_PROJECTED_EQUITY_BREACH
REJECTED,EURUSD,SELL,2016-08-09 14:30:00+00:00,,PRE_TRADE_PROJECTED_EQUITY_BREACH
REJECTED,GBPUSD,SELL,2016-08-10 01:00:00+00:00,,PRE_TRADE_PROJECTED_EQUITY_BREACH
REJECTED,GBPUSD,SELL,2016-08-10 12:00:00+00:00,,PRE_TRADE_PROJECTED_EQUITY_BREACH
REJECTED,EURUSD,BUY,2016-08-11 04:30:00+00:00,,PRE_TRADE_PROJECTED_EQUITY_BREACH
REJECTED,EURUSD,BUY,2016-08-11 18:00:00+00:00,,PRE_TRADE_PROJECTED_EQUITY_BREACH
REJECTED,GBPUSD,SELL,2016-08-12 02:00:00+00:00,,PRE_TRADE_PROJECTED_EQUITY_BREACH
REJECTED,GBPUSD,SELL,2016-08-12 13:30:00+00:00,,PRE_TRADE_PROJECTED_EQUITY_BREACH
REJECTED,GBPUSD,SELL,2016-08-15 02:00:00+00:00,,PRE_TRADE_PROJECTED_EQUITY_BREACH
REJECTED,GBPUSD,SELL,2016-08-15 18:30:00+00:00,,PRE_TRADE_PROJECTED_EQUITY_BREACH
REJECTED,GBPUSD,SELL,2016-08-15 23:30:00+00:00,,PRE_TRADE_PROJECTED_EQUITY_BREACH
REJECTED,GBPUSD,SELL,2016-08-16 04:30:00+00:00,,PRE_TRADE_PROJECTED_EQUITY_BREACH
REJECTED,GBPUSD,SELL,2016-08-16 09:30:00+00:00,,PRE_TRADE_PROJECTED_EQUITY_BREACH
REJECTED,EURUSD,BUY,2016-08-16 14:00:00+00:00,,PRE_TRADE_PROJECTED_EQUITY_BREACH
REJECTED,EURUSD,BUY,2016-08-16 22:30:00+00:00,,PRE_TRADE_PROJECTED_EQUITY_BREACH
REJECTED,GBPUSD,BUY,2016-08-17 00:00:00+00:00,,PRE_TRADE_PROJECTED_EQUITY_BREACH
REJECTED,EURUSD,BUY,2016-08-17 06:00:00+00:00,,PRE_TRADE_PROJECTED_EQUITY_BREACH
REJECTED,GBPUSD,BUY,2016-08-19 02:00:00+00:00,,PRE_TRADE_PROJECTED_EQUITY_BREACH
REJECTED,EURUSD,BUY,2016-08-19 03:30:00+00:00,,PRE_TRADE_PROJECTED_EQUITY_BREACH
REJECTED,GBPUSD,BUY,2016-08-19 13:00:00+00:00,,PRE_TRADE_PROJECTED_EQUITY_BREACH
REJECTED,EURUSD,BUY,2016-08-21 22:00:00+00:00,,PRE_TRADE_PROJECTED_EQUITY_BREACH
REJECTED,EURUSD,BUY,2016-08-22 00:30:00+00:00,,PRE_TRADE_PROJECTED_EQUITY_BREACH
REJECTED,GBPUSD,BUY,2016-08-22 01:00:00+00:00,,PRE_TRADE_PROJECTED_EQUITY_BREACH
REJECTED,EURUSD,BUY,2016-08-22 04:30:00+00:00,,PRE_TRADE_PROJECTED_EQUITY_BREACH
REJECTED,EURUSD,BUY,2016-08-23 16:30:00+00:00,,PRE_TRADE_PROJECTED_EQUITY_BREACH
REJECTED,EURUSD,BUY,2016-08-24 01:30:00+00:00,,PRE_TRADE_PROJECTED_EQUITY_BREACH
REJECTED,EURUSD,BUY,2016-08-24 06:30:00+00:00,,PRE_TRADE_PROJECTED_EQUITY_BREACH
REJECTED,EURUSD,BUY,2016-08-24 12:00:00+00:00,,PRE_TRADE_PROJECTED_EQUITY_BREACH
REJECTED,EURUSD,BUY,2016-08-25 15:30:00+00:00,,PRE_TRADE_PROJECTED_EQUITY_BREACH
REJECTED,EURUSD,BUY,2016-08-26 05:30:00+00:00,,PRE_TRADE_PROJECTED_EQUITY_BREACH
REJECTED,GBPUSD,BUY,2016-08-26 11:00:00+00:00,,PRE_TRADE_PROJECTED_EQUITY_BREACH
REJECTED,GBPUSD,BUY,2016-08-26 19:00:00+00:00,,PRE_TRADE_PROJECTED_EQUITY_BREACH
REJECTED,EURUSD,SELL,2016-08-29 06:00:00+00:00,,PRE_TRADE_PROJECTED_EQUITY_BREACH
REJECTED,GBPUSD,SELL,2016-08-29 18:30:00+00:00,,PRE_TRADE_PROJECTED_EQUITY_BREACH
REJECTED,GBPUSD,SELL,2016-08-30 12:00:00+00:00,,PRE_TRADE_PROJECTED_EQUITY_BREACH
REJECTED,EURUSD,SELL,2016-08-31 00:00:00+00:00,,PRE_TRADE_PROJECTED_EQUITY_BREACH
REJECTED,GBPUSD,SELL,2016-08-31 00:30:00+00:00,,PRE_TRADE_PROJECTED_EQUITY_BREACH
REJECTED,EURUSD,SELL,2016-08-31 03:30:00+00:00,,PRE_TRADE_PROJECTED_EQUITY_BREACH
REJECTED,GBPUSD,SELL,2016-08-31 03:30:00+00:00,,PRE_TRADE_PROJECTED_EQUITY_BREACH
REJECTED,GBPUSD,BUY,2016-08-31 13:00:00+00:00,,PRE_TRADE_PROJECTED_EQUITY_BREACH
REJECTED,EURUSD,SELL,2016-09-01 15:00:00+00:00,,PRE_TRADE_PROJECTED_EQUITY_BREACH
REJECTED,EURUSD,SELL,2016-09-05 01:00:00+00:00,,PRE_TRADE_PROJECTED_EQUITY_BREACH
REJECTED,EURUSD,SELL,2016-09-05 05:30:00+00:00,,PRE_TRADE_PROJECTED_EQUITY_BREACH
REJECTED,GBPUSD,BUY,2016-09-05 08:00:00+00:00,,PRE_TRADE_PROJECTED_EQUITY_BREACH
REJECTED,GBPUSD,BUY,2016-09-05 15:00:00+00:00,,PRE_TRADE_PROJECTED_EQUITY_BREACH
REJECTED,GBPUSD,BUY,2016-09-05 20:00:00+00:00,,PRE_TRADE_PROJECTED_EQUITY_BREACH
REJECTED,EURUSD,SELL,2016-09-06 08:00:00+00:00,,PRE_TRADE_PROJECTED_EQUITY_BREACH
REJECTED,EURUSD,SELL,2016-09-06 15:00:00+00:00,,PRE_TRADE_PROJECTED_EQUITY_BREACH
REJECTED,GBPUSD,BUY,2016-09-07 00:30:00+00:00,,PRE_TRADE_PROJECTED_EQUITY_BREACH
REJECTED,EURUSD,BUY,2016-09-07 02:00:00+00:00,,PRE_TRADE_PROJECTED_EQUITY_BREACH
REJECTED,EURUSD,BUY,2016-09-07 08:30:00+00:00,,PRE_TRADE_PROJECTED_EQUITY_BREACH
REJECTED,GBPUSD,BUY,2016-09-07 09:00:00+00:00,,PRE_TRADE_PROJECTED_EQUITY_BREACH
REJECTED,GBPUSD,BUY,2016-09-08 13:30:00+00:00,,PRE_TRADE_PROJECTED_EQUITY_BREACH
REJECTED,EURUSD,BUY,2016-09-08 16:30:00+00:00,,PRE_TRADE_PROJECTED_EQUITY_BREACH
REJECTED,GBPUSD,BUY,2016-09-09 08:00:00+00:00,,PRE_TRADE_PROJECTED_EQUITY_BREACH
REJECTED,EURUSD,BUY,2016-09-09 14:00:00+00:00,,PRE_TRADE_PROJECTED_EQUITY_BREACH
REJECTED,GBPUSD,BUY,2016-09-09 14:00:00+00:00,,PRE_TRADE_PROJECTED_EQUITY_BREACH
REJECTED,EURUSD,BUY,2016-09-12 10:00:00+00:00,,PRE_TRADE_PROJECTED_EQUITY_BREACH
REJECTED,GBPUSD,BUY,2016-09-13 01:30:00+00:00,,PRE_TRADE_PROJECTED_EQUITY_BREACH
REJECTED,EURUSD,SELL,2016-09-14 04:00:00+00:00,,PRE_TRADE_PROJECTED_EQUITY_BREACH
REJECTED,GBPUSD,SELL,2016-09-14 04:30:00+00:00,,PRE_TRADE_PROJECTED_EQUITY_BREACH
REJECTED,GBPUSD,SELL,2016-09-14 05:30:00+00:00,,PRE_TRADE_PROJECTED_EQUITY_BREACH
REJECTED,GBPUSD,SELL,2016-09-14 07:30:00+00:00,,PRE_TRADE_PROJECTED_EQUITY_BREACH
REJECTED,GBPUSD,SELL,2016-09-14 23:00:00+00:00,,PRE_TRADE_PROJECTED_EQUITY_BREACH
REJECTED,GBPUSD,SELL,2016-09-15 19:30:00+00:00,,PRE_TRADE_PROJECTED_EQUITY_BREACH
REJECTED,EURUSD,BUY,2016-09-16 07:30:00+00:00,,PRE_TRADE_PROJECTED_EQUITY_BREACH
REJECTED,GBPUSD,SELL,2016-09-19 02:00:00+00:00,,PRE_TRADE_PROJECTED_EQUITY_BREACH
REJECTED,EURUSD,SELL,2016-09-19 03:00:00+00:00,,PRE_TRADE_PROJECTED_EQUITY_BREACH
REJECTED,GBPUSD,SELL,2016-09-19 03:30:00+00:00,,PRE_TRADE_PROJECTED_EQUITY_BREACH
REJECTED,EURUSD,SELL,2016-09-19 14:00:00+00:00,,PRE_TRADE_PROJECTED_EQUITY_BREACH
REJECTED,GBPUSD,SELL,2016-09-19 14:00:00+00:00,,PRE_TRADE_PROJECTED_EQUITY_BREACH
REJECTED,EURUSD,SELL,2016-09-19 15:00:00+00:00,,PRE_TRADE_PROJECTED_EQUITY_BREACH
REJECTED,EURUSD,SELL,2016-09-20 07:30:00+00:00,,PRE_TRADE_PROJECTED_EQUITY_BREACH
REJECTED,GBPUSD,SELL,2016-09-21 08:00:00+00:00,,PRE_TRADE_PROJECTED_EQUITY_BREACH
REJECTED,EURUSD,SELL,2016-09-21 08:30:00+00:00,,PRE_TRADE_PROJECTED_EQUITY_BREACH
REJECTED,EURUSD,SELL,2016-09-21 19:30:00+00:00,,PRE_TRADE_PROJECTED_EQUITY_BREACH
REJECTED,GBPUSD,SELL,2016-09-21 19:30:00+00:00,,PRE_TRADE_PROJECTED_EQUITY_BREACH
REJECTED,EURUSD,SELL,2016-09-21 23:00:00+00:00,,PRE_TRADE_PROJECTED_EQUITY_BREACH
REJECTED,GBPUSD,SELL,2016-09-22 05:00:00+00:00,,PRE_TRADE_PROJECTED_EQUITY_BREACH
REJECTED,EURUSD,BUY,2016-09-22 17:00:00+00:00,,PRE_TRADE_PROJECTED_EQUITY_BREACH
REJECTED,EURUSD,BUY,2016-09-22 19:00:00+00:00,,PRE_TRADE_PROJECTED_EQUITY_BREACH
REJECTED,GBPUSD,SELL,2016-09-22 23:30:00+00:00,,PRE_TRADE_PROJECTED_EQUITY_BREACH
REJECTED,EURUSD,BUY,2016-09-23 01:00:00+00:00,,PRE_TRADE_PROJECTED_EQUITY_BREACH
REJECTED,GBPUSD,SELL,2016-09-26 00:00:00+00:00,,PRE_TRADE_PROJECTED_EQUITY_BREACH
REJECTED,GBPUSD,SELL,2016-09-26 02:00:00+00:00,,PRE_TRADE_PROJECTED_EQUITY_BREACH
REJECTED,GBPUSD,SELL,2016-09-27 07:00:00+00:00,,PRE_TRADE_PROJECTED_EQUITY_BREACH
REJECTED,GBPUSD,SELL,2016-09-27 12:30:00+00:00,,PRE_TRADE_PROJECTED_EQUITY_BREACH
REJECTED,EURUSD,BUY,2016-09-27 13:00:00+00:00,,PRE_TRADE_PROJECTED_EQUITY_BREACH
REJECTED,GBPUSD,SELL,2016-09-27 17:30:00+00:00,,PRE_TRADE_PROJECTED_EQUITY_BREACH
REJECTED,GBPUSD,SELL,2016-09-28 07:00:00+00:00,,PRE_TRADE_PROJECTED_EQUITY_BREACH
REJECTED,GBPUSD,SELL,2016-09-29 00:00:00+00:00,,PRE_TRADE_PROJECTED_EQUITY_BREACH
REJECTED,EURUSD,BUY,2016-09-29 07:00:00+00:00,,PRE_TRADE_PROJECTED_EQUITY_BREACH
REJECTED,GBPUSD,SELL,2016-09-30 04:30:00+00:00,,PRE_TRADE_PROJECTED_EQUITY_BREACH
REJECTED,EURUSD,BUY,2016-10-03 06:30:00+00:00,,PRE_TRADE_PROJECTED_EQUITY_BREACH
REJECTED,EURUSD,BUY,2016-10-03 14:00:00+00:00,,PRE_TRADE_PROJECTED_EQUITY_BREACH
REJECTED,GBPUSD,SELL,2016-10-03 18:00:00+00:00,,PRE_TRADE_PROJECTED_EQUITY_BREACH
REJECTED,GBPUSD,SELL,2016-10-04 00:30:00+00:00,,PRE_TRADE_PROJECTED_EQUITY_BREACH
REJECTED,EURUSD,SELL,2016-10-05 01:00:00+00:00,,PRE_TRADE_PROJECTED_EQUITY_BREACH
REJECTED,GBPUSD,SELL,2016-10-06 00:00:00+00:00,,PRE_TRADE_PROJECTED_EQUITY_BREACH
REJECTED,GBPUSD,SELL,2016-10-07 06:00:00+00:00,,PRE_TRADE_PROJECTED_EQUITY_BREACH
REJECTED,EURUSD,SELL,2016-10-07 11:30:00+00:00,,PRE_TRADE_PROJECTED_EQUITY_BREACH
REJECTED,EURUSD,SELL,2016-10-07 14:00:00+00:00,,PRE_TRADE_PROJECTED_EQUITY_BREACH
REJECTED,GBPUSD,SELL,2016-10-07 15:30:00+00:00,,PRE_TRADE_PROJECTED_EQUITY_BREACH
REJECTED,EURUSD,SELL,2016-10-07 19:30:00+00:00,,PRE_TRADE_PROJECTED_EQUITY_BREACH
REJECTED,GBPUSD,SELL,2016-10-10 01:30:00+00:00,,PRE_TRADE_PROJECTED_EQUITY_BREACH
REJECTED,EURUSD,SELL,2016-10-11 00:00:00+00:00,,PRE_TRADE_PROJECTED_EQUITY_BREACH
REJECTED,GBPUSD,SELL,2016-10-11 23:30:00+00:00,,PRE_TRADE_PROJECTED_EQUITY_BREACH
REJECTED,EURUSD,SELL,2016-10-12 00:00:00+00:00,,PRE_TRADE_PROJECTED_EQUITY_BREACH
REJECTED,GBPUSD,SELL,2016-10-12 03:30:00+00:00,,PRE_TRADE_PROJECTED_EQUITY_BREACH
REJECTED,EURUSD,SELL,2016-10-13 03:30:00+00:00,,PRE_TRADE_PROJECTED_EQUITY_BREACH
REJECTED,GBPUSD,SELL,2016-10-13 17:30:00+00:00,,PRE_TRADE_PROJECTED_EQUITY_BREACH
REJECTED,EURUSD,SELL,2016-10-13 18:30:00+00:00,,PRE_TRADE_PROJECTED_EQUITY_BREACH
REJECTED,GBPUSD,SELL,2016-10-14 12:30:00+00:00,,PRE_TRADE_PROJECTED_EQUITY_BREACH
REJECTED,EURUSD,SELL,2016-10-17 03:30:00+00:00,,PRE_TRADE_PROJECTED_EQUITY_BREACH
REJECTED,EURUSD,SELL,2016-10-17 13:30:00+00:00,,PRE_TRADE_PROJECTED_EQUITY_BREACH
REJECTED,EURUSD,SELL,2016-10-18 00:30:00+00:00,,PRE_TRADE_PROJECTED_EQUITY_BREACH
REJECTED,GBPUSD,SELL,2016-10-18 00:30:00+00:00,,PRE_TRADE_PROJECTED_EQUITY_BREACH
REJECTED,GBPUSD,SELL,2016-10-18 07:30:00+00:00,,PRE_TRADE_PROJECTED_EQUITY_BREACH
REJECTED,GBPUSD,SELL,2016-10-19 01:00:00+00:00,,PRE_TRADE_PROJECTED_EQUITY_BREACH
REJECTED,EURUSD,SELL,2016-10-19 02:30:00+00:00,,PRE_TRADE_PROJECTED_EQUITY_BREACH
REJECTED,EURUSD,SELL,2016-10-19 09:00:00+00:00,,PRE_TRADE_PROJECTED_EQUITY_BREACH
REJECTED,GBPUSD,SELL,2016-10-19 09:00:00+00:00,,PRE_TRADE_PROJECTED_EQUITY_BREACH
REJECTED,EURUSD,SELL,2016-10-19 22:00:00+00:00,,PRE_TRADE_PROJECTED_EQUITY_BREACH
REJECTED,GBPUSD,SELL,2016-10-19 22:00:00+00:00,,PRE_TRADE_PROJECTED_EQUITY_BREACH
REJECTED,EURUSD,SELL,2016-10-20 08:30:00+00:00,,PRE_TRADE_PROJECTED_EQUITY_BREACH
REJECTED,EURUSD,SELL,2016-10-20 12:00:00+00:00,,PRE_TRADE_PROJECTED_EQUITY_BREACH
REJECTED,GBPUSD,SELL,2016-10-20 17:30:00+00:00,,PRE_TRADE_PROJECTED_EQUITY_BREACH
REJECTED,GBPUSD,SELL,2016-10-21 17:30:00+00:00,,PRE_TRADE_PROJECTED_EQUITY_BREACH
REJECTED,EURUSD,SELL,2016-10-21 20:30:00+00:00,,PRE_TRADE_PROJECTED_EQUITY_BREACH
REJECTED,EURUSD,SELL,2016-10-24 06:30:00+00:00,,PRE_TRADE_PROJECTED_EQUITY_BREACH
REJECTED,GBPUSD,SELL,2016-10-24 06:30:00+00:00,,PRE_TRADE_PROJECTED_EQUITY_BREACH
REJECTED,EURUSD,SELL,2016-10-25 16:00:00+00:00,,PRE_TRADE_PROJECTED_EQUITY_BREACH
REJECTED,GBPUSD,SELL,2016-10-25 17:30:00+00:00,,PRE_TRADE_PROJECTED_EQUITY_BREACH
REJECTED,EURUSD,SELL,2016-10-25 19:00:00+00:00,,PRE_TRADE_PROJECTED_EQUITY_BREACH
REJECTED,GBPUSD,SELL,2016-10-26 07:00:00+00:00,,PRE_TRADE_PROJECTED_EQUITY_BREACH
REJECTED,EURUSD,SELL,2016-10-26 07:30:00+00:00,,PRE_TRADE_PROJECTED_EQUITY_BREACH
REJECTED,GBPUSD,SELL,2016-10-26 08:00:00+00:00,,PRE_TRADE_PROJECTED_EQUITY_BREACH
REJECTED,GBPUSD,SELL,2016-10-26 09:00:00+00:00,,PRE_TRADE_PROJECTED_EQUITY_BREACH
REJECTED,EURUSD,SELL,2016-10-28 01:30:00+00:00,,PRE_TRADE_PROJECTED_EQUITY_BREACH
REJECTED,GBPUSD,SELL,2016-10-28 04:00:00+00:00,,PRE_TRADE_PROJECTED_EQUITY_BREACH
REJECTED,EURUSD,SELL,2016-10-28 12:30:00+00:00,,PRE_TRADE_PROJECTED_EQUITY_BREACH
REJECTED,GBPUSD,SELL,2016-10-28 18:00:00+00:00,,PRE_TRADE_PROJECTED_EQUITY_BREACH
REJECTED,GBPUSD,SELL,2016-10-31 00:00:00+00:00,,PRE_TRADE_PROJECTED_EQUITY_BREACH
REJECTED,EURUSD,BUY,2016-10-31 03:00:00+00:00,,PRE_TRADE_PROJECTED_EQUITY_BREACH
REJECTED,GBPUSD,SELL,2016-10-31 06:00:00+00:00,,PRE_TRADE_PROJECTED_EQUITY_BREACH
REJECTED,EURUSD,BUY,2016-10-31 07:30:00+00:00,,PRE_TRADE_PROJECTED_EQUITY_BREACH
REJECTED,GBPUSD,SELL,2016-10-31 16:30:00+00:00,,PRE_TRADE_PROJECTED_EQUITY_BREACH
REJECTED,GBPUSD,BUY,2016-11-01 01:00:00+00:00,,PRE_TRADE_PROJECTED_EQUITY_BREACH
REJECTED,EURUSD,BUY,2016-11-01 01:30:00+00:00,,PRE_TRADE_PROJECTED_EQUITY_BREACH
REJECTED,GBPUSD,BUY,2016-11-01 07:30:00+00:00,,PRE_TRADE_PROJECTED_EQUITY_BREACH
REJECTED,GBPUSD,BUY,2016-11-01 13:00:00+00:00,,PRE_TRADE_PROJECTED_EQUITY_BREACH
REJECTED,GBPUSD,BUY,2016-11-02 01:00:00+00:00,,PRE_TRADE_PROJECTED_EQUITY_BREACH
REJECTED,EURUSD,BUY,2016-11-02 02:00:00+00:00,,PRE_TRADE_PROJECTED_EQUITY_BREACH
REJECTED,EURUSD,BUY,2016-11-02 19:30:00+00:00,,PRE_TRADE_PROJECTED_EQUITY_BREACH
REJECTED,EURUSD,BUY,2016-11-03 11:30:00+00:00,,PRE_TRADE_PROJECTED_EQUITY_BREACH
REJECTED,EURUSD,BUY,2016-11-04 00:00:00+00:00,,PRE_TRADE_PROJECTED_EQUITY_BREACH
REJECTED,EURUSD,BUY,2016-11-04 06:30:00+00:00,,PRE_TRADE_PROJECTED_EQUITY_BREACH
REJECTED,GBPUSD,BUY,2016-11-04 06:30:00+00:00,,PRE_TRADE_PROJECTED_EQUITY_BREACH
REJECTED,GBPUSD,BUY,2016-11-06 22:00:00+00:00,,PRE_TRADE_PROJECTED_EQUITY_BREACH
REJECTED,GBPUSD,BUY,2016-11-07 02:30:00+00:00,,PRE_TRADE_PROJECTED_EQUITY_BREACH
REJECTED,GBPUSD,BUY,2016-11-07 05:00:00+00:00,,PRE_TRADE_PROJECTED_EQUITY_BREACH
REJECTED,GBPUSD,BUY,2016-11-07 07:30:00+00:00,,PRE_TRADE_PROJECTED_EQUITY_BREACH
REJECTED,GBPUSD,BUY,2016-11-07 14:30:00+00:00,,PRE_TRADE_PROJECTED_EQUITY_BREACH
REJECTED,EURUSD,BUY,2016-11-07 15:00:00+00:00,,PRE_TRADE_PROJECTED_EQUITY_BREACH
REJECTED,GBPUSD,BUY,2016-11-08 04:30:00+00:00,,PRE_TRADE_PROJECTED_EQUITY_BREACH
REJECTED,GBPUSD,BUY,2016-11-08 14:00:00+00:00,,PRE_TRADE_PROJECTED_EQUITY_BREACH
REJECTED,EURUSD,BUY,2016-11-09 07:30:00+00:00,,PRE_TRADE_PROJECTED_EQUITY_BREACH
REJECTED,GBPUSD,BUY,2016-11-09 13:00:00+00:00,,PRE_TRADE_PROJECTED_EQUITY_BREACH
REJECTED,GBPUSD,BUY,2016-11-10 09:30:00+00:00,,PRE_TRADE_PROJECTED_EQUITY_BREACH
REJECTED,EURUSD,SELL,2016-11-11 13:00:00+00:00,,PRE_TRADE_PROJECTED_EQUITY_BREACH
REJECTED,GBPUSD,BUY,2016-11-14 01:00:00+00:00,,PRE_TRADE_PROJECTED_EQUITY_BREACH
REJECTED,GBPUSD,BUY,2016-11-14 06:00:00+00:00,,PRE_TRADE_PROJECTED_EQUITY_BREACH
REJECTED,GBPUSD,BUY,2016-11-14 07:30:00+00:00,,PRE_TRADE_PROJECTED_EQUITY_BREACH
REJECTED,GBPUSD,BUY,2016-11-14 08:30:00+00:00,,PRE_TRADE_PROJECTED_EQUITY_BREACH
REJECTED,EURUSD,SELL,2016-11-14 11:30:00+00:00,,PRE_TRADE_PROJECTED_EQUITY_BREACH
REJECTED,GBPUSD,BUY,2016-11-14 15:00:00+00:00,,PRE_TRADE_PROJECTED_EQUITY_BREACH
REJECTED,GBPUSD,BUY,2016-11-14 16:00:00+00:00,,PRE_TRADE_PROJECTED_EQUITY_BREACH
REJECTED,EURUSD,SELL,2016-11-14 18:00:00+00:00,,PRE_TRADE_PROJECTED_EQUITY_BREACH
REJECTED,EURUSD,SELL,2016-11-15 00:00:00+00:00,,PRE_TRADE_PROJECTED_EQUITY_BREACH
REJECTED,GBPUSD,BUY,2016-11-15 01:30:00+00:00,,PRE_TRADE_PROJECTED_EQUITY_BREACH
REJECTED,GBPUSD,BUY,2016-11-15 05:30:00+00:00,,PRE_TRADE_PROJECTED_EQUITY_BREACH
REJECTED,EURUSD,SELL,2016-11-15 07:00:00+00:00,,PRE_TRADE_PROJECTED_EQUITY_BREACH
REJECTED,EURUSD,SELL,2016-11-16 01:00:00+00:00,,PRE_TRADE_PROJECTED_EQUITY_BREACH
REJECTED,GBPUSD,BUY,2016-11-16 04:30:00+00:00,,PRE_TRADE_PROJECTED_EQUITY_BREACH
REJECTED,GBPUSD,SELL,2016-11-16 14:00:00+00:00,,PRE_TRADE_PROJECTED_EQUITY_BREACH
REJECTED,EURUSD,SELL,2016-11-16 22:30:00+00:00,,PRE_TRADE_PROJECTED_EQUITY_BREACH
REJECTED,GBPUSD,SELL,2016-11-16 23:00:00+00:00,,PRE_TRADE_PROJECTED_EQUITY_BREACH
REJECTED,EURUSD,SELL,2016-11-17 08:00:00+00:00,,PRE_TRADE_PROJECTED_EQUITY_BREACH
REJECTED,GBPUSD,SELL,2016-11-18 18:30:00+00:00,,PRE_TRADE_PROJECTED_EQUITY_BREACH
REJECTED,EURUSD,SELL,2016-11-21 06:30:00+00:00,,PRE_TRADE_PROJECTED_EQUITY_BREACH
REJECTED,GBPUSD,SELL,2016-11-21 07:00:00+00:00,,PRE_TRADE_PROJECTED_EQUITY_BREACH
REJECTED,GBPUSD,SELL,2016-11-21 11:30:00+00:00,,PRE_TRADE_PROJECTED_EQUITY_BREACH
REJECTED,GBPUSD,SELL,2016-11-21 13:00:00+00:00,,PRE_TRADE_PROJECTED_EQUITY_BREACH
REJECTED,EURUSD,SELL,2016-11-21 20:30:00+00:00,,PRE_TRADE_PROJECTED_EQUITY_BREACH
REJECTED,GBPUSD,BUY,2016-11-22 03:30:00+00:00,,PRE_TRADE_PROJECTED_EQUITY_BREACH
REJECTED,EURUSD,SELL,2016-11-22 09:00:00+00:00,,PRE_TRADE_PROJECTED_EQUITY_BREACH
REJECTED,EURUSD,SELL,2016-11-22 23:00:00+00:00,,PRE_TRADE_PROJECTED_EQUITY_BREACH
REJECTED,EURUSD,SELL,2016-11-23 06:00:00+00:00,,PRE_TRADE_PROJECTED_EQUITY_BREACH
REJECTED,GBPUSD,BUY,2016-11-24 20:30:00+00:00,,PRE_TRADE_PROJECTED_EQUITY_BREACH
REJECTED,EURUSD,SELL,2016-11-25 07:00:00+00:00,,PRE_TRADE_PROJECTED_EQUITY_BREACH
REJECTED,EURUSD,SELL,2016-11-25 14:00:00+00:00,,PRE_TRADE_PROJECTED_EQUITY_BREACH
REJECTED,EURUSD,SELL,2016-11-28 00:30:00+00:00,,PRE_TRADE_PROJECTED_EQUITY_BREACH
REJECTED,GBPUSD,SELL,2016-11-29 09:00:00+00:00,,PRE_TRADE_PROJECTED_EQUITY_BREACH
REJECTED,EURUSD,SELL,2016-11-29 15:00:00+00:00,,PRE_TRADE_PROJECTED_EQUITY_BREACH
REJECTED,GBPUSD,BUY,2016-11-30 02:00:00+00:00,,PRE_TRADE_PROJECTED_EQUITY_BREACH
REJECTED,EURUSD,SELL,2016-12-01 05:30:00+00:00,,PRE_TRADE_PROJECTED_EQUITY_BREACH
REJECTED,EURUSD,BUY,2016-12-02 07:30:00+00:00,,PRE_TRADE_PROJECTED_EQUITY_BREACH
REJECTED,EURUSD,BUY,2016-12-04 22:00:00+00:00,,PRE_TRADE_PROJECTED_EQUITY_BREACH
REJECTED,GBPUSD,BUY,2016-12-04 22:30:00+00:00,,PRE_TRADE_PROJECTED_EQUITY_BREACH
REJECTED,EURUSD,SELL,2016-12-05 07:30:00+00:00,,PRE_TRADE_PROJECTED_EQUITY_BREACH
REJECTED,EURUSD,BUY,2016-12-06 06:30:00+00:00,,PRE_TRADE_PROJECTED_EQUITY_BREACH
REJECTED,EURUSD,BUY,2016-12-06 11:30:00+00:00,,PRE_TRADE_PROJECTED_EQUITY_BREACH
REJECTED,EURUSD,BUY,2016-12-06 17:00:00+00:00,,PRE_TRADE_PROJECTED_EQUITY_BREACH
REJECTED,GBPUSD,BUY,2016-12-06 17:00:00+00:00,,PRE_TRADE_PROJECTED_EQUITY_BREACH
REJECTED,GBPUSD,BUY,2016-12-07 00:00:00+00:00,,PRE_TRADE_PROJECTED_EQUITY_BREACH
REJECTED,GBPUSD,BUY,2016-12-07 07:30:00+00:00,,PRE_TRADE_PROJECTED_EQUITY_BREACH
REJECTED,EURUSD,BUY,2016-12-08 06:30:00+00:00,,PRE_TRADE_PROJECTED_EQUITY_BREACH
REJECTED,GBPUSD,BUY,2016-12-08 08:00:00+00:00,,PRE_TRADE_PROJECTED_EQUITY_BREACH
REJECTED,GBPUSD,BUY,2016-12-08 13:30:00+00:00,,PRE_TRADE_PROJECTED_EQUITY_BREACH
REJECTED,EURUSD,SELL,2016-12-09 05:30:00+00:00,,PRE_TRADE_PROJECTED_EQUITY_BREACH
REJECTED,EURUSD,SELL,2016-12-09 19:30:00+00:00,,PRE_TRADE_PROJECTED_EQUITY_BREACH
REJECTED,EURUSD,SELL,2016-12-09 20:30:00+00:00,,PRE_TRADE_PROJECTED_EQUITY_BREACH
REJECTED,EURUSD,SELL,2016-12-12 02:30:00+00:00,,PRE_TRADE_PROJECTED_EQUITY_BREACH
REJECTED,EURUSD,SELL,2016-12-12 07:00:00+00:00,,PRE_TRADE_PROJECTED_EQUITY_BREACH
REJECTED,GBPUSD,SELL,2016-12-12 07:30:00+00:00,,PRE_TRADE_PROJECTED_EQUITY_BREACH
REJECTED,EURUSD,SELL,2016-12-12 08:00:00+00:00,,PRE_TRADE_PROJECTED_EQUITY_BREACH
REJECTED,EURUSD,SELL,2016-12-12 10:30:00+00:00,,PRE_TRADE_PROJECTED_EQUITY_BREACH
REJECTED,EURUSD,SELL,2016-12-12 23:00:00+00:00,,PRE_TRADE_PROJECTED_EQUITY_BREACH
REJECTED,GBPUSD,BUY,2016-12-13 05:30:00+00:00,,PRE_TRADE_PROJECTED_EQUITY_BREACH
REJECTED,EURUSD,SELL,2016-12-13 06:30:00+00:00,,PRE_TRADE_PROJECTED_EQUITY_BREACH
REJECTED,EURUSD,SELL,2016-12-14 00:00:00+00:00,,PRE_TRADE_PROJECTED_EQUITY_BREACH
REJECTED,GBPUSD,BUY,2016-12-14 01:00:00+00:00,,PRE_TRADE_PROJECTED_EQUITY_BREACH
REJECTED,EURUSD,BUY,2016-12-14 19:00:00+00:00,,PRE_TRADE_PROJECTED_EQUITY_BREACH
REJECTED,GBPUSD,SELL,2016-12-16 05:30:00+00:00,,PRE_TRADE_PROJECTED_EQUITY_BREACH
REJECTED,GBPUSD,SELL,2016-12-16 16:00:00+00:00,,PRE_TRADE_PROJECTED_EQUITY_BREACH
REJECTED,GBPUSD,SELL,2016-12-20 03:30:00+00:00,,PRE_TRADE_PROJECTED_EQUITY_BREACH
REJECTED,EURUSD,SELL,2016-12-20 17:30:00+00:00,,PRE_TRADE_PROJECTED_EQUITY_BREACH
REJECTED,EURUSD,SELL,2016-12-21 01:30:00+00:00,,PRE_TRADE_PROJECTED_EQUITY_BREACH
REJECTED,GBPUSD,SELL,2016-12-21 02:30:00+00:00,,PRE_TRADE_PROJECTED_EQUITY_BREACH
REJECTED,EURUSD,SELL,2016-12-21 12:00:00+00:00,,PRE_TRADE_PROJECTED_EQUITY_BREACH
REJECTED,GBPUSD,SELL,2016-12-21 12:00:00+00:00,,PRE_TRADE_PROJECTED_EQUITY_BREACH
REJECTED,EURUSD,SELL,2016-12-22 01:00:00+00:00,,PRE_TRADE_PROJECTED_EQUITY_BREACH
REJECTED,GBPUSD,SELL,2016-12-22 01:00:00+00:00,,PRE_TRADE_PROJECTED_EQUITY_BREACH
REJECTED,EURUSD,SELL,2016-12-22 15:00:00+00:00,,PRE_TRADE_PROJECTED_EQUITY_BREACH
REJECTED,GBPUSD,SELL,2016-12-23 05:30:00+00:00,,PRE_TRADE_PROJECTED_EQUITY_BREACH
REJECTED,EURUSD,SELL,2016-12-26 06:30:00+00:00,,PRE_TRADE_PROJECTED_EQUITY_BREACH
REJECTED,GBPUSD,SELL,2016-12-27 05:30:00+00:00,,PRE_TRADE_PROJECTED_EQUITY_BREACH
REJECTED,GBPUSD,SELL,2016-12-27 14:30:00+00:00,,PRE_TRADE_PROJECTED_EQUITY_BREACH
REJECTED,EURUSD,SELL,2016-12-27 15:30:00+00:00,,PRE_TRADE_PROJECTED_EQUITY_BREACH
REJECTED,GBPUSD,SELL,2016-12-27 18:30:00+00:00,,PRE_TRADE_PROJECTED_EQUITY_BREACH
REJECTED,EURUSD,SELL,2016-12-28 00:30:00+00:00,,PRE_TRADE_PROJECTED_EQUITY_BREACH
REJECTED,GBPUSD,SELL,2016-12-28 00:30:00+00:00,,PRE_TRADE_PROJECTED_EQUITY_BREACH
REJECTED,EURUSD,BUY,2016-12-28 08:00:00+00:00,,PRE_TRADE_PROJECTED_EQUITY_BREACH
REJECTED,EURUSD,SELL,2016-12-28 20:00:00+00:00,,PRE_TRADE_PROJECTED_EQUITY_BREACH
REJECTED,EURUSD,SELL,2016-12-29 04:00:00+00:00,,PRE_TRADE_PROJECTED_EQUITY_BREACH
REJECTED,GBPUSD,SELL,2016-12-29 04:00:00+00:00,,PRE_TRADE_PROJECTED_EQUITY_BREACH
REJECTED,GBPUSD,SELL,2016-12-29 19:30:00+00:00,,PRE_TRADE_PROJECTED_EQUITY_BREACH
REJECTED,GBPUSD,SELL,2016-12-30 00:00:00+00:00,,PRE_TRADE_PROJECTED_EQUITY_BREACH
REJECTED,EURUSD,BUY,2016-12-30 03:00:00+00:00,,PRE_TRADE_PROJECTED_EQUITY_BREACH
REJECTED,EURUSD,BUY,2016-12-30 07:30:00+00:00,,PRE_TRADE_PROJECTED_EQUITY_BREACH
REJECTED,GBPUSD,BUY,2016-12-30 19:00:00+00:00,,PRE_TRADE_PROJECTED_EQUITY_BREACH
REJECTED,EURUSD,BUY,2017-01-02 08:30:00+00:00,,PRE_TRADE_PROJECTED_EQUITY_BREACH
REJECTED,GBPUSD,BUY,2017-01-02 10:00:00+00:00,,PRE_TRADE_PROJECTED_EQUITY_BREACH
REJECTED,EURUSD,BUY,2017-01-02 12:00:00+00:00,,PRE_TRADE_PROJECTED_EQUITY_BREACH
REJECTED,GBPUSD,SELL,2017-01-03 00:00:00+00:00,,PRE_TRADE_PROJECTED_EQUITY_BREACH
REJECTED,EURUSD,SELL,2017-01-03 23:00:00+00:00,,PRE_TRADE_PROJECTED_EQUITY_BREACH
REJECTED,GBPUSD,SELL,2017-01-04 05:00:00+00:00,,PRE_TRADE_PROJECTED_EQUITY_BREACH
REJECTED,GBPUSD,SELL,2017-01-04 07:00:00+00:00,,PRE_TRADE_PROJECTED_EQUITY_BREACH
REJECTED,EURUSD,SELL,2017-01-04 08:00:00+00:00,,PRE_TRADE_PROJECTED_EQUITY_BREACH
REJECTED,GBPUSD,SELL,2017-01-04 08:00:00+00:00,,PRE_TRADE_PROJECTED_EQUITY_BREACH
REJECTED,EURUSD,SELL,2017-01-04 14:00:00+00:00,,PRE_TRADE_PROJECTED_EQUITY_BREACH
REJECTED,GBPUSD,SELL,2017-01-04 17:00:00+00:00,,PRE_TRADE_PROJECTED_EQUITY_BREACH
REJECTED,EURUSD,BUY,2017-01-06 00:30:00+00:00,,PRE_TRADE_PROJECTED_EQUITY_BREACH
REJECTED,GBPUSD,BUY,2017-01-06 01:00:00+00:00,,PRE_TRADE_PROJECTED_EQUITY_BREACH
REJECTED,GBPUSD,BUY,2017-01-06 12:00:00+00:00,,PRE_TRADE_PROJECTED_EQUITY_BREACH
REJECTED,GBPUSD,SELL,2017-01-09 01:30:00+00:00,,PRE_TRADE_PROJECTED_EQUITY_BREACH
REJECTED,EURUSD,BUY,2017-01-09 04:00:00+00:00,,PRE_TRADE_PROJECTED_EQUITY_BREACH
REJECTED,GBPUSD,SELL,2017-01-10 21:30:00+00:00,,PRE_TRADE_PROJECTED_EQUITY_BREACH
REJECTED,GBPUSD,SELL,2017-01-11 00:00:00+00:00,,PRE_TRADE_PROJECTED_EQUITY_BREACH
REJECTED,EURUSD,BUY,2017-01-11 09:30:00+00:00,,PRE_TRADE_PROJECTED_EQUITY_BREACH
REJECTED,GBPUSD,SELL,2017-01-11 18:00:00+00:00,,PRE_TRADE_PROJECTED_EQUITY_BREACH
REJECTED,GBPUSD,SELL,2017-01-12 04:00:00+00:00,,PRE_TRADE_PROJECTED_EQUITY_BREACH
REJECTED,EURUSD,BUY,2017-01-12 19:30:00+00:00,,PRE_TRADE_PROJECTED_EQUITY_BREACH
REJECTED,GBPUSD,SELL,2017-01-13 08:00:00+00:00,,PRE_TRADE_PROJECTED_EQUITY_BREACH
REJECTED,EURUSD,BUY,2017-01-13 14:30:00+00:00,,PRE_TRADE_PROJECTED_EQUITY_BREACH
REJECTED,GBPUSD,SELL,2017-01-13 17:00:00+00:00,,PRE_TRADE_PROJECTED_EQUITY_BREACH
REJECTED,EURUSD,BUY,2017-01-16 03:30:00+00:00,,PRE_TRADE_PROJECTED_EQUITY_BREACH
REJECTED,EURUSD,BUY,2017-01-16 07:00:00+00:00,,PRE_TRADE_PROJECTED_EQUITY_BREACH
REJECTED,GBPUSD,SELL,2017-01-17 02:30:00+00:00,,PRE_TRADE_PROJECTED_EQUITY_BREACH
REJECTED,EURUSD,BUY,2017-01-17 23:30:00+00:00,,PRE_TRADE_PROJECTED_EQUITY_BREACH
REJECTED,GBPUSD,BUY,2017-01-18 02:00:00+00:00,,PRE_TRADE_PROJECTED_EQUITY_BREACH
REJECTED,GBPUSD,BUY,2017-01-18 11:30:00+00:00,,PRE_TRADE_PROJECTED_EQUITY_BREACH
REJECTED,EURUSD,BUY,2017-01-18 12:30:00+00:00,,PRE_TRADE_PROJECTED_EQUITY_BREACH
REJECTED,EURUSD,BUY,2017-01-18 18:30:00+00:00,,PRE_TRADE_PROJECTED_EQUITY_BREACH
REJECTED,GBPUSD,BUY,2017-01-18 19:00:00+00:00,,PRE_TRADE_PROJECTED_EQUITY_BREACH
REJECTED,EURUSD,BUY,2017-01-19 13:30:00+00:00,,PRE_TRADE_PROJECTED_EQUITY_BREACH
REJECTED,EURUSD,BUY,2017-01-20 09:00:00+00:00,,PRE_TRADE_PROJECTED_EQUITY_BREACH
REJECTED,GBPUSD,BUY,2017-01-20 09:30:00+00:00,,PRE_TRADE_PROJECTED_EQUITY_BREACH
REJECTED,GBPUSD,BUY,2017-01-20 11:00:00+00:00,,PRE_TRADE_PROJECTED_EQUITY_BREACH
REJECTED,EURUSD,BUY,2017-01-23 09:30:00+00:00,,PRE_TRADE_PROJECTED_EQUITY_BREACH
REJECTED,GBPUSD,BUY,2017-01-24 06:30:00+00:00,,PRE_TRADE_PROJECTED_EQUITY_BREACH
REJECTED,EURUSD,BUY,2017-01-24 19:30:00+00:00,,PRE_TRADE_PROJECTED_EQUITY_BREACH
REJECTED,EURUSD,BUY,2017-01-25 06:30:00+00:00,,PRE_TRADE_PROJECTED_EQUITY_BREACH
REJECTED,EURUSD,BUY,2017-01-26 06:00:00+00:00,,PRE_TRADE_PROJECTED_EQUITY_BREACH
REJECTED,GBPUSD,BUY,2017-01-26 07:00:00+00:00,,PRE_TRADE_PROJECTED_EQUITY_BREACH
REJECTED,EURUSD,BUY,2017-01-26 10:00:00+00:00,,PRE_TRADE_PROJECTED_EQUITY_BREACH
REJECTED,GBPUSD,BUY,2017-01-26 10:00:00+00:00,,PRE_TRADE_PROJECTED_EQUITY_BREACH
REJECTED,GBPUSD,BUY,2017-01-26 12:30:00+00:00,,PRE_TRADE_PROJECTED_EQUITY_BREACH
REJECTED,EURUSD,BUY,2017-01-26 13:00:00+00:00,,PRE_TRADE_PROJECTED_EQUITY_BREACH
REJECTED,GBPUSD,BUY,2017-01-27 04:00:00+00:00,,PRE_TRADE_PROJECTED_EQUITY_BREACH
REJECTED,EURUSD,SELL,2017-01-27 08:30:00+00:00,,PRE_TRADE_PROJECTED_EQUITY_BREACH
REJECTED,EURUSD,BUY,2017-01-30 05:30:00+00:00,,PRE_TRADE_PROJECTED_EQUITY_BREACH
REJECTED,GBPUSD,BUY,2017-01-30 05:30:00+00:00,,PRE_TRADE_PROJECTED_EQUITY_BREACH
REJECTED,EURUSD,SELL,2017-01-30 15:30:00+00:00,,PRE_TRADE_PROJECTED_EQUITY_BREACH
REJECTED,GBPUSD,BUY,2017-01-31 06:30:00+00:00,,PRE_TRADE_PROJECTED_EQUITY_BREACH
REJECTED,EURUSD,BUY,2017-02-01 06:00:00+00:00,,PRE_TRADE_PROJECTED_EQUITY_BREACH
REJECTED,EURUSD,BUY,2017-02-01 13:00:00+00:00,,PRE_TRADE_PROJECTED_EQUITY_BREACH
REJECTED,GBPUSD,BUY,2017-02-01 18:30:00+00:00,,PRE_TRADE_PROJECTED_EQUITY_BREACH
REJECTED,EURUSD,BUY,2017-02-02 17:30:00+00:00,,PRE_TRADE_PROJECTED_EQUITY_BREACH
REJECTED,EURUSD,BUY,2017-02-02 20:00:00+00:00,,PRE_TRADE_PROJECTED_EQUITY_BREACH
REJECTED,EURUSD,BUY,2017-02-03 08:30:00+00:00,,PRE_TRADE_PROJECTED_EQUITY_BREACH
REJECTED,EURUSD,BUY,2017-02-03 19:00:00+00:00,,PRE_TRADE_PROJECTED_EQUITY_BREACH
REJECTED,EURUSD,BUY,2017-02-06 07:00:00+00:00,,PRE_TRADE_PROJECTED_EQUITY_BREACH
REJECTED,EURUSD,BUY,2017-02-06 10:00:00+00:00,,PRE_TRADE_PROJECTED_EQUITY_BREACH
REJECTED,GBPUSD,SELL,2017-02-07 16:00:00+00:00,,PRE_TRADE_PROJECTED_EQUITY_BREACH
REJECTED,EURUSD,SELL,2017-02-07 17:00:00+00:00,,PRE_TRADE_PROJECTED_EQUITY_BREACH
REJECTED,EURUSD,SELL,2017-02-08 13:00:00+00:00,,PRE_TRADE_PROJECTED_EQUITY_BREACH
REJECTED,EURUSD,SELL,2017-02-08 21:30:00+00:00,,PRE_TRADE_PROJECTED_EQUITY_BREACH
REJECTED,GBPUSD,BUY,2017-02-09 01:00:00+00:00,,PRE_TRADE_PROJECTED_EQUITY_BREACH
REJECTED,EURUSD,SELL,2017-02-09 08:30:00+00:00,,PRE_TRADE_PROJECTED_EQUITY_BREACH
REJECTED,GBPUSD,BUY,2017-02-09 15:00:00+00:00,,PRE_TRADE_PROJECTED_EQUITY_BREACH
REJECTED,GBPUSD,SELL,2017-02-10 16:30:00+00:00,,PRE_TRADE_PROJECTED_EQUITY_BREACH
REJECTED,GBPUSD,SELL,2017-02-13 04:30:00+00:00,,PRE_TRADE_PROJECTED_EQUITY_BREACH
REJECTED,EURUSD,SELL,2017-02-13 05:30:00+00:00,,PRE_TRADE_PROJECTED_EQUITY_BREACH
REJECTED,GBPUSD,SELL,2017-02-13 06:00:00+00:00,,PRE_TRADE_PROJECTED_EQUITY_BREACH
REJECTED,EURUSD,SELL,2017-02-13 07:00:00+00:00,,PRE_TRADE_PROJECTED_EQUITY_BREACH
REJECTED,EURUSD,SELL,2017-02-14 00:00:00+00:00,,PRE_TRADE_PROJECTED_EQUITY_BREACH
REJECTED,EURUSD,SELL,2017-02-14 04:00:00+00:00,,PRE_TRADE_PROJECTED_EQUITY_BREACH
REJECTED,GBPUSD,BUY,2017-02-14 08:00:00+00:00,,PRE_TRADE_PROJECTED_EQUITY_BREACH
REJECTED,EURUSD,SELL,2017-02-14 21:00:00+00:00,,PRE_TRADE_PROJECTED_EQUITY_BREACH
REJECTED,EURUSD,SELL,2017-02-15 16:00:00+00:00,,PRE_TRADE_PROJECTED_EQUITY_BREACH
REJECTED,GBPUSD,SELL,2017-02-15 21:00:00+00:00,,PRE_TRADE_PROJECTED_EQUITY_BREACH
REJECTED,GBPUSD,SELL,2017-02-15 22:00:00+00:00,,PRE_TRADE_PROJECTED_EQUITY_BREACH
REJECTED,GBPUSD,SELL,2017-02-15 23:00:00+00:00,,PRE_TRADE_PROJECTED_EQUITY_BREACH
REJECTED,EURUSD,SELL,2017-02-16 00:00:00+00:00,,PRE_TRADE_PROJECTED_EQUITY_BREACH
REJECTED,GBPUSD,SELL,2017-02-16 05:00:00+00:00,,PRE_TRADE_PROJECTED_EQUITY_BREACH
REJECTED,EURUSD,SELL,2017-02-16 09:00:00+00:00,,PRE_TRADE_PROJECTED_EQUITY_BREACH
REJECTED,EURUSD,BUY,2017-02-17 06:00:00+00:00,,PRE_TRADE_PROJECTED_EQUITY_BREACH
REJECTED,GBPUSD,BUY,2017-02-17 07:00:00+00:00,,PRE_TRADE_PROJECTED_EQUITY_BREACH
REJECTED,EURUSD,BUY,2017-02-17 07:30:00+00:00,,PRE_TRADE_PROJECTED_EQUITY_BREACH
REJECTED,EURUSD,SELL,2017-02-19 23:00:00+00:00,,PRE_TRADE_PROJECTED_EQUITY_BREACH
REJECTED,EURUSD,SELL,2017-02-20 04:30:00+00:00,,PRE_TRADE_PROJECTED_EQUITY_BREACH
REJECTED,GBPUSD,SELL,2017-02-20 06:30:00+00:00,,PRE_TRADE_PROJECTED_EQUITY_BREACH
REJECTED,GBPUSD,SELL,2017-02-20 08:30:00+00:00,,PRE_TRADE_PROJECTED_EQUITY_BREACH
REJECTED,EURUSD,SELL,2017-02-21 06:30:00+00:00,,PRE_TRADE_PROJECTED_EQUITY_BREACH
REJECTED,GBPUSD,SELL,2017-02-21 06:30:00+00:00,,PRE_TRADE_PROJECTED_EQUITY_BREACH
REJECTED,GBPUSD,SELL,2017-02-21 14:30:00+00:00,,PRE_TRADE_PROJECTED_EQUITY_BREACH
REJECTED,GBPUSD,SELL,2017-02-22 14:30:00+00:00,,PRE_TRADE_PROJECTED_EQUITY_BREACH
REJECTED,EURUSD,SELL,2017-02-23 03:00:00+00:00,,PRE_TRADE_PROJECTED_EQUITY_BREACH
REJECTED,GBPUSD,SELL,2017-02-23 08:00:00+00:00,,PRE_TRADE_PROJECTED_EQUITY_BREACH
REJECTED,EURUSD,SELL,2017-02-23 12:00:00+00:00,,PRE_TRADE_PROJECTED_EQUITY_BREACH
REJECTED,GBPUSD,BUY,2017-02-24 01:30:00+00:00,,PRE_TRADE_PROJECTED_EQUITY_BREACH
REJECTED,EURUSD,SELL,2017-02-24 04:00:00+00:00,,PRE_TRADE_PROJECTED_EQUITY_BREACH
REJECTED,EURUSD,SELL,2017-02-24 07:00:00+00:00,,PRE_TRADE_PROJECTED_EQUITY_BREACH
REJECTED,GBPUSD,BUY,2017-02-24 08:30:00+00:00,,PRE_TRADE_PROJECTED_EQUITY_BREACH
REJECTED,GBPUSD,BUY,2017-02-24 14:00:00+00:00,,PRE_TRADE_PROJECTED_EQUITY_BREACH
REJECTED,GBPUSD,SELL,2017-02-27 15:30:00+00:00,,PRE_TRADE_PROJECTED_EQUITY_BREACH
REJECTED,EURUSD,BUY,2017-02-27 19:00:00+00:00,,PRE_TRADE_PROJECTED_EQUITY_BREACH
REJECTED,EURUSD,SELL,2017-02-28 04:00:00+00:00,,PRE_TRADE_PROJECTED_EQUITY_BREACH
REJECTED,GBPUSD,SELL,2017-02-28 06:00:00+00:00,,PRE_TRADE_PROJECTED_EQUITY_BREACH
REJECTED,GBPUSD,SELL,2017-02-28 15:00:00+00:00,,PRE_TRADE_PROJECTED_EQUITY_BREACH
REJECTED,EURUSD,BUY,2017-02-28 19:30:00+00:00,,PRE_TRADE_PROJECTED_EQUITY_BREACH
REJECTED,EURUSD,SELL,2017-03-01 15:00:00+00:00,,PRE_TRADE_PROJECTED_EQUITY_BREACH
REJECTED,GBPUSD,SELL,2017-03-01 17:30:00+00:00,,PRE_TRADE_PROJECTED_EQUITY_BREACH
REJECTED,GBPUSD,SELL,2017-03-03 00:00:00+00:00,,PRE_TRADE_PROJECTED_EQUITY_BREACH
REJECTED,EURUSD,SELL,2017-03-03 01:30:00+00:00,,PRE_TRADE_PROJECTED_EQUITY_BREACH
REJECTED,EURUSD,SELL,2017-03-03 12:30:00+00:00,,PRE_TRADE_PROJECTED_EQUITY_BREACH
REJECTED,GBPUSD,SELL,2017-03-03 20:30:00+00:00,,PRE_TRADE_PROJECTED_EQUITY_BREACH
REJECTED,EURUSD,BUY,2017-03-06 04:30:00+00:00,,PRE_TRADE_PROJECTED_EQUITY_BREACH
REJECTED,EURUSD,BUY,2017-03-06 22:00:00+00:00,,PRE_TRADE_PROJECTED_EQUITY_BREACH
REJECTED,GBPUSD,SELL,2017-03-07 03:00:00+00:00,,PRE_TRADE_PROJECTED_EQUITY_BREACH
REJECTED,EURUSD,SELL,2017-03-08 07:00:00+00:00,,PRE_TRADE_PROJECTED_EQUITY_BREACH
REJECTED,GBPUSD,SELL,2017-03-08 12:30:00+00:00,,PRE_TRADE_PROJECTED_EQUITY_BREACH
REJECTED,GBPUSD,SELL,2017-03-09 12:30:00+00:00,,PRE_TRADE_PROJECTED_EQUITY_BREACH
REJECTED,GBPUSD,SELL,2017-03-09 14:00:00+00:00,,PRE_TRADE_PROJECTED_EQUITY_BREACH
REJECTED,GBPUSD,SELL,2017-03-09 18:00:00+00:00,,PRE_TRADE_PROJECTED_EQUITY_BREACH
REJECTED,GBPUSD,SELL,2017-03-10 09:30:00+00:00,,PRE_TRADE_PROJECTED_EQUITY_BREACH
REJECTED,GBPUSD,SELL,2017-03-13 04:00:00+00:00,,PRE_TRADE_PROJECTED_EQUITY_BREACH
REJECTED,GBPUSD,SELL,2017-03-13 07:30:00+00:00,,PRE_TRADE_PROJECTED_EQUITY_BREACH
REJECTED,EURUSD,BUY,2017-03-13 10:00:00+00:00,,PRE_TRADE_PROJECTED_EQUITY_BREACH
REJECTED,EURUSD,BUY,2017-03-14 00:00:00+00:00,,PRE_TRADE_PROJECTED_EQUITY_BREACH
REJECTED,EURUSD,BUY,2017-03-14 08:30:00+00:00,,PRE_TRADE_PROJECTED_EQUITY_BREACH
REJECTED,EURUSD,BUY,2017-03-14 13:00:00+00:00,,PRE_TRADE_PROJECTED_EQUITY_BREACH
REJECTED,GBPUSD,SELL,2017-03-14 15:00:00+00:00,,PRE_TRADE_PROJECTED_EQUITY_BREACH
REJECTED,EURUSD,BUY,2017-03-14 18:30:00+00:00,,PRE_TRADE_PROJECTED_EQUITY_BREACH
REJECTED,GBPUSD,SELL,2017-03-15 06:00:00+00:00,,PRE_TRADE_PROJECTED_EQUITY_BREACH
REJECTED,GBPUSD,SELL,2017-03-15 16:00:00+00:00,,PRE_TRADE_PROJECTED_EQUITY_BREACH
REJECTED,EURUSD,BUY,2017-03-16 18:30:00+00:00,,PRE_TRADE_PROJECTED_EQUITY_BREACH
REJECTED,EURUSD,BUY,2017-03-17 12:00:00+00:00,,PRE_TRADE_PROJECTED_EQUITY_BREACH
REJECTED,GBPUSD,BUY,2017-03-17 12:00:00+00:00,,PRE_TRADE_PROJECTED_EQUITY_BREACH
REJECTED,EURUSD,BUY,2017-03-20 10:30:00+00:00,,PRE_TRADE_PROJECTED_EQUITY_BREACH
REJECTED,GBPUSD,BUY,2017-03-20 17:00:00+00:00,,PRE_TRADE_PROJECTED_EQUITY_BREACH
REJECTED,EURUSD,BUY,2017-03-20 17:30:00+00:00,,PRE_TRADE_PROJECTED_EQUITY_BREACH
REJECTED,EURUSD,BUY,2017-03-21 00:00:00+00:00,,PRE_TRADE_PROJECTED_EQUITY_BREACH
REJECTED,GBPUSD,BUY,2017-03-21 06:30:00+00:00,,PRE_TRADE_PROJECTED_EQUITY_BREACH
REJECTED,EURUSD,BUY,2017-03-22 03:00:00+00:00,,PRE_TRADE_PROJECTED_EQUITY_BREACH
REJECTED,EURUSD,BUY,2017-03-22 04:00:00+00:00,,PRE_TRADE_PROJECTED_EQUITY_BREACH
REJECTED,GBPUSD,BUY,2017-03-22 04:00:00+00:00,,PRE_TRADE_PROJECTED_EQUITY_BREACH
REJECTED,EURUSD,BUY,2017-03-22 10:00:00+00:00,,PRE_TRADE_PROJECTED_EQUITY_BREACH
REJECTED,EURUSD,BUY,2017-03-23 09:30:00+00:00,,PRE_TRADE_PROJECTED_EQUITY_BREACH
REJECTED,EURUSD,BUY,2017-03-24 01:00:00+00:00,,PRE_TRADE_PROJECTED_EQUITY_BREACH
REJECTED,GBPUSD,BUY,2017-03-24 01:00:00+00:00,,PRE_TRADE_PROJECTED_EQUITY_BREACH
REJECTED,GBPUSD,BUY,2017-03-24 05:30:00+00:00,,PRE_TRADE_PROJECTED_EQUITY_BREACH
REJECTED,GBPUSD,BUY,2017-03-24 14:30:00+00:00,,PRE_TRADE_PROJECTED_EQUITY_BREACH
REJECTED,EURUSD,BUY,2017-03-27 17:30:00+00:00,,PRE_TRADE_PROJECTED_EQUITY_BREACH
REJECTED,GBPUSD,BUY,2017-03-28 07:00:00+00:00,,PRE_TRADE_PROJECTED_EQUITY_BREACH
REJECTED,GBPUSD,BUY,2017-03-28 12:00:00+00:00,,PRE_TRADE_PROJECTED_EQUITY_BREACH
REJECTED,EURUSD,BUY,2017-03-28 17:00:00+00:00,,PRE_TRADE_PROJECTED_EQUITY_BREACH
REJECTED,GBPUSD,BUY,2017-03-28 17:00:00+00:00,,PRE_TRADE_PROJECTED_EQUITY_BREACH
REJECTED,EURUSD,BUY,2017-03-29 06:00:00+00:00,,PRE_TRADE_PROJECTED_EQUITY_BREACH
REJECTED,EURUSD,BUY,2017-03-29 08:00:00+00:00,,PRE_TRADE_PROJECTED_EQUITY_BREACH
REJECTED,GBPUSD,SELL,2017-03-29 09:00:00+00:00,,PRE_TRADE_PROJECTED_EQUITY_BREACH
REJECTED,EURUSD,SELL,2017-03-30 07:00:00+00:00,,PRE_TRADE_PROJECTED_EQUITY_BREACH
REJECTED,EURUSD,SELL,2017-03-31 00:30:00+00:00,,PRE_TRADE_PROJECTED_EQUITY_BREACH
REJECTED,GBPUSD,BUY,2017-03-31 05:00:00+00:00,,PRE_TRADE_PROJECTED_EQUITY_BREACH
REJECTED,EURUSD,SELL,2017-03-31 07:00:00+00:00,,PRE_TRADE_PROJECTED_EQUITY_BREACH
REJECTED,GBPUSD,BUY,2017-03-31 08:00:00+00:00,,PRE_TRADE_PROJECTED_EQUITY_BREACH
REJECTED,EURUSD,SELL,2017-03-31 09:00:00+00:00,,PRE_TRADE_PROJECTED_EQUITY_BREACH
REJECTED,GBPUSD,BUY,2017-04-03 09:30:00+00:00,,PRE_TRADE_PROJECTED_EQUITY_BREACH
REJECTED,GBPUSD,BUY,2017-04-03 14:00:00+00:00,,PRE_TRADE_PROJECTED_EQUITY_BREACH
REJECTED,EURUSD,SELL,2017-04-04 01:00:00+00:00,,PRE_TRADE_PROJECTED_EQUITY_BREACH
REJECTED,GBPUSD,BUY,2017-04-04 05:00:00+00:00,,PRE_TRADE_PROJECTED_EQUITY_BREACH
REJECTED,GBPUSD,BUY,2017-04-04 06:00:00+00:00,,PRE_TRADE_PROJECTED_EQUITY_BREACH
REJECTED,GBPUSD,SELL,2017-04-04 10:30:00+00:00,,PRE_TRADE_PROJECTED_EQUITY_BREACH
REJECTED,GBPUSD,SELL,2017-04-04 19:30:00+00:00,,PRE_TRADE_PROJECTED_EQUITY_BREACH
REJECTED,EURUSD,SELL,2017-04-04 23:00:00+00:00,,PRE_TRADE_PROJECTED_EQUITY_BREACH
REJECTED,EURUSD,SELL,2017-04-05 12:30:00+00:00,,PRE_TRADE_PROJECTED_EQUITY_BREACH
REJECTED,EURUSD,SELL,2017-04-05 19:30:00+00:00,,PRE_TRADE_PROJECTED_EQUITY_BREACH
REJECTED,EURUSD,SELL,2017-04-06 01:00:00+00:00,,PRE_TRADE_PROJECTED_EQUITY_BREACH
REJECTED,GBPUSD,BUY,2017-04-06 09:00:00+00:00,,PRE_TRADE_PROJECTED_EQUITY_BREACH
REJECTED,GBPUSD,BUY,2017-04-06 18:00:00+00:00,,PRE_TRADE_PROJECTED_EQUITY_BREACH
REJECTED,EURUSD,SELL,2017-04-10 05:30:00+00:00,,PRE_TRADE_PROJECTED_EQUITY_BREACH
REJECTED,GBPUSD,SELL,2017-04-10 05:30:00+00:00,,PRE_TRADE_PROJECTED_EQUITY_BREACH
REJECTED,EURUSD,SELL,2017-04-10 14:30:00+00:00,,PRE_TRADE_PROJECTED_EQUITY_BREACH
REJECTED,GBPUSD,SELL,2017-04-11 00:00:00+00:00,,PRE_TRADE_PROJECTED_EQUITY_BREACH
REJECTED,EURUSD,SELL,2017-04-11 10:00:00+00:00,,PRE_TRADE_PROJECTED_EQUITY_BREACH
REJECTED,GBPUSD,SELL,2017-04-11 13:00:00+00:00,,PRE_TRADE_PROJECTED_EQUITY_BREACH
REJECTED,EURUSD,SELL,2017-04-11 15:30:00+00:00,,PRE_TRADE_PROJECTED_EQUITY_BREACH
REJECTED,EURUSD,SELL,2017-04-12 06:30:00+00:00,,PRE_TRADE_PROJECTED_EQUITY_BREACH
REJECTED,EURUSD,SELL,2017-04-12 15:00:00+00:00,,PRE_TRADE_PROJECTED_EQUITY_BREACH
REJECTED,EURUSD,BUY,2017-04-13 07:30:00+00:00,,PRE_TRADE_PROJECTED_EQUITY_BREACH
REJECTED,GBPUSD,BUY,2017-04-13 07:30:00+00:00,,PRE_TRADE_PROJECTED_EQUITY_BREACH
REJECTED,GBPUSD,BUY,2017-04-13 12:30:00+00:00,,PRE_TRADE_PROJECTED_EQUITY_BREACH
REJECTED,GBPUSD,BUY,2017-04-13 20:00:00+00:00,,PRE_TRADE_PROJECTED_EQUITY_BREACH
REJECTED,EURUSD,SELL,2017-04-17 01:30:00+00:00,,PRE_TRADE_PROJECTED_EQUITY_BREACH
REJECTED,GBPUSD,BUY,2017-04-17 06:30:00+00:00,,PRE_TRADE_PROJECTED_EQUITY_BREACH
REJECTED,EURUSD,SELL,2017-04-17 08:00:00+00:00,,PRE_TRADE_PROJECTED_EQUITY_BREACH
REJECTED,GBPUSD,BUY,2017-04-17 19:30:00+00:00,,PRE_TRADE_PROJECTED_EQUITY_BREACH
REJECTED,EURUSD,BUY,2017-04-17 20:00:00+00:00,,PRE_TRADE_PROJECTED_EQUITY_BREACH
REJECTED,GBPUSD,BUY,2017-04-18 10:00:00+00:00,,PRE_TRADE_PROJECTED_EQUITY_BREACH
REJECTED,EURUSD,BUY,2017-04-19 14:30:00+00:00,,PRE_TRADE_PROJECTED_EQUITY_BREACH
REJECTED,GBPUSD,BUY,2017-04-19 14:30:00+00:00,,PRE_TRADE_PROJECTED_EQUITY_BREACH
REJECTED,GBPUSD,BUY,2017-04-20 03:00:00+00:00,,PRE_TRADE_PROJECTED_EQUITY_BREACH
REJECTED,EURUSD,BUY,2017-04-20 12:00:00+00:00,,PRE_TRADE_PROJECTED_EQUITY_BREACH
REJECTED,GBPUSD,BUY,2017-04-20 12:00:00+00:00,,PRE_TRADE_PROJECTED_EQUITY_BREACH
REJECTED,EURUSD,BUY,2017-04-20 18:00:00+00:00,,PRE_TRADE_PROJECTED_EQUITY_BREACH
REJECTED,EURUSD,BUY,2017-04-20 23:00:00+00:00,,PRE_TRADE_PROJECTED_EQUITY_BREACH
REJECTED,GBPUSD,BUY,2017-04-20 23:00:00+00:00,,PRE_TRADE_PROJECTED_EQUITY_BREACH
REJECTED,EURUSD,BUY,2017-04-21 07:00:00+00:00,,PRE_TRADE_PROJECTED_EQUITY_BREACH
REJECTED,GBPUSD,BUY,2017-04-24 02:00:00+00:00,,PRE_TRADE_PROJECTED_EQUITY_BREACH
REJECTED,EURUSD,BUY,2017-04-24 12:30:00+00:00,,PRE_TRADE_PROJECTED_EQUITY_BREACH
REJECTED,GBPUSD,BUY,2017-04-24 13:00:00+00:00,,PRE_TRADE_PROJECTED_EQUITY_BREACH
REJECTED,EURUSD,BUY,2017-04-24 16:30:00+00:00,,PRE_TRADE_PROJECTED_EQUITY_BREACH
REJECTED,GBPUSD,BUY,2017-04-25 00:00:00+00:00,,PRE_TRADE_PROJECTED_EQUITY_BREACH
REJECTED,EURUSD,BUY,2017-04-25 02:30:00+00:00,,PRE_TRADE_PROJECTED_EQUITY_BREACH
REJECTED,GBPUSD,BUY,2017-04-26 07:30:00+00:00,,PRE_TRADE_PROJECTED_EQUITY_BREACH
REJECTED,EURUSD,BUY,2017-04-26 08:00:00+00:00,,PRE_TRADE_PROJECTED_EQUITY_BREACH
REJECTED,EURUSD,BUY,2017-04-26 11:00:00+00:00,,PRE_TRADE_PROJECTED_EQUITY_BREACH
REJECTED,EURUSD,BUY,2017-04-26 14:00:00+00:00,,PRE_TRADE_PROJECTED_EQUITY_BREACH
REJECTED,GBPUSD,BUY,2017-04-26 14:00:00+00:00,,PRE_TRADE_PROJECTED_EQUITY_BREACH
REJECTED,EURUSD,BUY,2017-04-27 06:30:00+00:00,,PRE_TRADE_PROJECTED_EQUITY_BREACH
REJECTED,EURUSD,BUY,2017-04-28 00:00:00+00:00,,PRE_TRADE_PROJECTED_EQUITY_BREACH
REJECTED,GBPUSD,BUY,2017-04-28 00:00:00+00:00,,PRE_TRADE_PROJECTED_EQUITY_BREACH
REJECTED,EURUSD,BUY,2017-04-28 06:00:00+00:00,,PRE_TRADE_PROJECTED_EQUITY_BREACH
REJECTED,GBPUSD,BUY,2017-04-28 07:00:00+00:00,,PRE_TRADE_PROJECTED_EQUITY_BREACH
REJECTED,EURUSD,BUY,2017-04-28 13:30:00+00:00,,PRE_TRADE_PROJECTED_EQUITY_BREACH
REJECTED,GBPUSD,BUY,2017-04-28 13:30:00+00:00,,PRE_TRADE_PROJECTED_EQUITY_BREACH
REJECTED,GBPUSD,BUY,2017-04-30 22:00:00+00:00,,PRE_TRADE_PROJECTED_EQUITY_BREACH
REJECTED,GBPUSD,BUY,2017-05-01 02:00:00+00:00,,PRE_TRADE_PROJECTED_EQUITY_BREACH
REJECTED,EURUSD,BUY,2017-05-01 02:30:00+00:00,,PRE_TRADE_PROJECTED_EQUITY_BREACH
REJECTED,GBPUSD,BUY,2017-05-01 17:00:00+00:00,,PRE_TRADE_PROJECTED_EQUITY_BREACH
REJECTED,EURUSD,BUY,2017-05-01 18:00:00+00:00,,PRE_TRADE_PROJECTED_EQUITY_BREACH
REJECTED,GBPUSD,BUY,2017-05-01 20:00:00+00:00,,PRE_TRADE_PROJECTED_EQUITY_BREACH
REJECTED,EURUSD,BUY,2017-05-01 21:30:00+00:00,,PRE_TRADE_PROJECTED_EQUITY_BREACH
REJECTED,GBPUSD,BUY,2017-05-01 21:30:00+00:00,,PRE_TRADE_PROJECTED_EQUITY_BREACH
REJECTED,EURUSD,BUY,2017-05-03 04:30:00+00:00,,PRE_TRADE_PROJECTED_EQUITY_BREACH
REJECTED,GBPUSD,BUY,2017-05-03 05:00:00+00:00,,PRE_TRADE_PROJECTED_EQUITY_BREACH
REJECTED,EURUSD,BUY,2017-05-03 08:00:00+00:00,,PRE_TRADE_PROJECTED_EQUITY_BREACH
REJECTED,GBPUSD,BUY,2017-05-03 15:30:00+00:00,,PRE_TRADE_PROJECTED_EQUITY_BREACH
REJECTED,EURUSD,BUY,2017-05-03 19:00:00+00:00,,PRE_TRADE_PROJECTED_EQUITY_BREACH
REJECTED,GBPUSD,BUY,2017-05-03 19:00:00+00:00,,PRE_TRADE_PROJECTED_EQUITY_BREACH
REJECTED,GBPUSD,BUY,2017-05-04 07:00:00+00:00,,PRE_TRADE_PROJECTED_EQUITY_BREACH
REJECTED,EURUSD,BUY,2017-05-04 07:30:00+00:00,,PRE_TRADE_PROJECTED_EQUITY_BREACH
REJECTED,EURUSD,BUY,2017-05-05 02:30:00+00:00,,PRE_TRADE_PROJECTED_EQUITY_BREACH
REJECTED,EURUSD,BUY,2017-05-05 07:30:00+00:00,,PRE_TRADE_PROJECTED_EQUITY_BREACH
REJECTED,EURUSD,BUY,2017-05-08 10:30:00+00:00,,PRE_TRADE_PROJECTED_EQUITY_BREACH
REJECTED,GBPUSD,BUY,2017-05-08 12:30:00+00:00,,PRE_TRADE_PROJECTED_EQUITY_BREACH
REJECTED,EURUSD,BUY,2017-05-08 16:00:00+00:00,,PRE_TRADE_PROJECTED_EQUITY_BREACH
REJECTED,EURUSD,BUY,2017-05-08 21:30:00+00:00,,PRE_TRADE_PROJECTED_EQUITY_BREACH
REJECTED,EURUSD,BUY,2017-05-09 07:00:00+00:00,,PRE_TRADE_PROJECTED_EQUITY_BREACH
REJECTED,EURUSD,SELL,2017-05-10 00:00:00+00:00,,PRE_TRADE_PROJECTED_EQUITY_BREACH
REJECTED,GBPUSD,BUY,2017-05-10 03:30:00+00:00,,PRE_TRADE_PROJECTED_EQUITY_BREACH
REJECTED,GBPUSD,BUY,2017-05-10 15:00:00+00:00,,PRE_TRADE_PROJECTED_EQUITY_BREACH
REJECTED,GBPUSD,BUY,2017-05-10 23:30:00+00:00,,PRE_TRADE_PROJECTED_EQUITY_BREACH
REJECTED,EURUSD,SELL,2017-05-11 08:30:00+00:00,,PRE_TRADE_PROJECTED_EQUITY_BREACH
REJECTED,GBPUSD,SELL,2017-05-11 19:30:00+00:00,,PRE_TRADE_PROJECTED_EQUITY_BREACH
REJECTED,EURUSD,SELL,2017-05-12 00:00:00+00:00,,PRE_TRADE_PROJECTED_EQUITY_BREACH
REJECTED,EURUSD,SELL,2017-05-12 03:00:00+00:00,,PRE_TRADE_PROJECTED_EQUITY_BREACH
REJECTED,EURUSD,SELL,2017-05-12 10:30:00+00:00,,PRE_TRADE_PROJECTED_EQUITY_BREACH
REJECTED,GBPUSD,SELL,2017-05-15 04:00:00+00:00,,PRE_TRADE_PROJECTED_EQUITY_BREACH
REJECTED,EURUSD,BUY,2017-05-18 06:30:00+00:00,,PRE_TRADE_PROJECTED_EQUITY_BREACH
REJECTED,GBPUSD,BUY,2017-05-18 07:00:00+00:00,,PRE_TRADE_PROJECTED_EQUITY_BREACH
REJECTED,EURUSD,BUY,2017-05-18 18:30:00+00:00,,PRE_TRADE_PROJECTED_EQUITY_BREACH
REJECTED,GBPUSD,BUY,2017-05-18 18:30:00+00:00,,PRE_TRADE_PROJECTED_EQUITY_BREACH
REJECTED,GBPUSD,BUY,2017-05-21 22:00:00+00:00,,PRE_TRADE_PROJECTED_EQUITY_BREACH
REJECTED,GBPUSD,BUY,2017-05-22 01:00:00+00:00,,PRE_TRADE_PROJECTED_EQUITY_BREACH
REJECTED,EURUSD,BUY,2017-05-22 01:30:00+00:00,,PRE_TRADE_PROJECTED_EQUITY_BREACH
REJECTED,GBPUSD,BUY,2017-05-22 19:30:00+00:00,,PRE_TRADE_PROJECTED_EQUITY_BREACH
REJECTED,GBPUSD,BUY,2017-05-23 01:30:00+00:00,,PRE_TRADE_PROJECTED_EQUITY_BREACH
REJECTED,EURUSD,BUY,2017-05-23 07:00:00+00:00,,PRE_TRADE_PROJECTED_EQUITY_BREACH
REJECTED,GBPUSD,BUY,2017-05-23 07:30:00+00:00,,PRE_TRADE_PROJECTED_EQUITY_BREACH
REJECTED,EURUSD,BUY,2017-05-23 12:30:00+00:00,,PRE_TRADE_PROJECTED_EQUITY_BREACH
REJECTED,EURUSD,BUY,2017-05-23 20:00:00+00:00,,PRE_TRADE_PROJECTED_EQUITY_BREACH
REJECTED,GBPUSD,BUY,2017-05-24 14:00:00+00:00,,PRE_TRADE_PROJECTED_EQUITY_BREACH
REJECTED,GBPUSD,SELL,2017-05-24 19:00:00+00:00,,PRE_TRADE_PROJECTED_EQUITY_BREACH
REJECTED,GBPUSD,SELL,2017-05-24 21:00:00+00:00,,PRE_TRADE_PROJECTED_EQUITY_BREACH
REJECTED,EURUSD,BUY,2017-05-25 11:00:00+00:00,,PRE_TRADE_PROJECTED_EQUITY_BREACH
REJECTED,EURUSD,BUY,2017-05-25 13:30:00+00:00,,PRE_TRADE_PROJECTED_EQUITY_BREACH
REJECTED,EURUSD,BUY,2017-05-25 18:00:00+00:00,,PRE_TRADE_PROJECTED_EQUITY_BREACH
REJECTED,EURUSD,BUY,2017-05-26 01:00:00+00:00,,PRE_TRADE_PROJECTED_EQUITY_BREACH
REJECTED,EURUSD,BUY,2017-05-26 12:30:00+00:00,,PRE_TRADE_PROJECTED_EQUITY_BREACH
REJECTED,EURUSD,BUY,2017-05-26 14:00:00+00:00,,PRE_TRADE_PROJECTED_EQUITY_BREACH
REJECTED,GBPUSD,SELL,2017-05-29 01:30:00+00:00,,PRE_TRADE_PROJECTED_EQUITY_BREACH
REJECTED,GBPUSD,SELL,2017-05-29 05:30:00+00:00,,PRE_TRADE_PROJECTED_EQUITY_BREACH
REJECTED,EURUSD,BUY,2017-05-29 14:00:00+00:00,,PRE_TRADE_PROJECTED_EQUITY_BREACH
REJECTED,GBPUSD,SELL,2017-05-29 17:00:00+00:00,,PRE_TRADE_PROJECTED_EQUITY_BREACH
REJECTED,EURUSD,BUY,2017-05-29 21:30:00+00:00,,PRE_TRADE_PROJECTED_EQUITY_BREACH
REJECTED,GBPUSD,SELL,2017-05-30 07:30:00+00:00,,PRE_TRADE_PROJECTED_EQUITY_BREACH
REJECTED,GBPUSD,SELL,2017-05-30 12:00:00+00:00,,PRE_TRADE_PROJECTED_EQUITY_BREACH
REJECTED,EURUSD,BUY,2017-05-31 06:00:00+00:00,,PRE_TRADE_PROJECTED_EQUITY_BREACH
REJECTED,GBPUSD,SELL,2017-05-31 14:30:00+00:00,,PRE_TRADE_PROJECTED_EQUITY_BREACH
REJECTED,EURUSD,BUY,2017-06-01 07:00:00+00:00,,PRE_TRADE_PROJECTED_EQUITY_BREACH
REJECTED,EURUSD,BUY,2017-06-01 13:00:00+00:00,,PRE_TRADE_PROJECTED_EQUITY_BREACH
REJECTED,GBPUSD,SELL,2017-06-01 14:00:00+00:00,,PRE_TRADE_PROJECTED_EQUITY_BREACH
REJECTED,EURUSD,BUY,2017-06-02 12:30:00+00:00,,PRE_TRADE_PROJECTED_EQUITY_BREACH
REJECTED,GBPUSD,BUY,2017-06-05 19:30:00+00:00,,PRE_TRADE_PROJECTED_EQUITY_BREACH
REJECTED,EURUSD,BUY,2017-06-06 08:00:00+00:00,,PRE_TRADE_PROJECTED_EQUITY_BREACH
REJECTED,EURUSD,BUY,2017-06-07 00:30:00+00:00,,PRE_TRADE_PROJECTED_EQUITY_BREACH
REJECTED,EURUSD,BUY,2017-06-07 04:00:00+00:00,,PRE_TRADE_PROJECTED_EQUITY_BREACH
REJECTED,EURUSD,BUY,2017-06-08 01:00:00+00:00,,PRE_TRADE_PROJECTED_EQUITY_BREACH
REJECTED,GBPUSD,BUY,2017-06-08 05:30:00+00:00,,PRE_TRADE_PROJECTED_EQUITY_BREACH
REJECTED,GBPUSD,BUY,2017-06-08 10:00:00+00:00,,PRE_TRADE_PROJECTED_EQUITY_BREACH
REJECTED,EURUSD,BUY,2017-06-08 10:30:00+00:00,,PRE_TRADE_PROJECTED_EQUITY_BREACH
REJECTED,GBPUSD,BUY,2017-06-08 13:30:00+00:00,,PRE_TRADE_PROJECTED_EQUITY_BREACH
REJECTED,GBPUSD,BUY,2017-06-08 22:00:00+00:00,,PRE_TRADE_PROJECTED_EQUITY_BREACH
REJECTED,EURUSD,SELL,2017-06-09 05:00:00+00:00,,PRE_TRADE_PROJECTED_EQUITY_BREACH
REJECTED,GBPUSD,SELL,2017-06-09 11:00:00+00:00,,PRE_TRADE_PROJECTED_EQUITY_BREACH
REJECTED,GBPUSD,SELL,2017-06-09 12:00:00+00:00,,PRE_TRADE_PROJECTED_EQUITY_BREACH
REJECTED,EURUSD,SELL,2017-06-09 16:00:00+00:00,,PRE_TRADE_PROJECTED_EQUITY_BREACH
REJECTED,EURUSD,SELL,2017-06-09 17:30:00+00:00,,PRE_TRADE_PROJECTED_EQUITY_BREACH
REJECTED,GBPUSD,SELL,2017-06-12 03:30:00+00:00,,PRE_TRADE_PROJECTED_EQUITY_BREACH
REJECTED,GBPUSD,SELL,2017-06-12 22:00:00+00:00,,PRE_TRADE_PROJECTED_EQUITY_BREACH
REJECTED,GBPUSD,SELL,2017-06-13 07:00:00+00:00,,PRE_TRADE_PROJECTED_EQUITY_BREACH
REJECTED,EURUSD,SELL,2017-06-13 08:00:00+00:00,,PRE_TRADE_PROJECTED_EQUITY_BREACH
REJECTED,GBPUSD,SELL,2017-06-13 09:00:00+00:00,,PRE_TRADE_PROJECTED_EQUITY_BREACH
REJECTED,GBPUSD,SELL,2017-06-13 16:30:00+00:00,,PRE_TRADE_PROJECTED_EQUITY_BREACH
REJECTED,EURUSD,SELL,2017-06-14 01:00:00+00:00,,PRE_TRADE_PROJECTED_EQUITY_BREACH
REJECTED,GBPUSD,SELL,2017-06-14 07:00:00+00:00,,PRE_TRADE_PROJECTED_EQUITY_BREACH
REJECTED,GBPUSD,SELL,2017-06-14 14:00:00+00:00,,PRE_TRADE_PROJECTED_EQUITY_BREACH
REJECTED,EURUSD,BUY,2017-06-14 18:00:00+00:00,,PRE_TRADE_PROJECTED_EQUITY_BREACH
REJECTED,GBPUSD,SELL,2017-06-15 12:00:00+00:00,,PRE_TRADE_PROJECTED_EQUITY_BREACH
REJECTED,GBPUSD,SELL,2017-06-15 16:30:00+00:00,,PRE_TRADE_PROJECTED_EQUITY_BREACH
REJECTED,EURUSD,SELL,2017-06-16 01:00:00+00:00,,PRE_TRADE_PROJECTED_EQUITY_BREACH
REJECTED,GBPUSD,SELL,2017-06-16 01:00:00+00:00,,PRE_TRADE_PROJECTED_EQUITY_BREACH
REJECTED,EURUSD,SELL,2017-06-16 09:00:00+00:00,,PRE_TRADE_PROJECTED_EQUITY_BREACH
REJECTED,EURUSD,SELL,2017-06-16 15:30:00+00:00,,PRE_TRADE_PROJECTED_EQUITY_BREACH
REJECTED,GBPUSD,SELL,2017-06-19 08:00:00+00:00,,PRE_TRADE_PROJECTED_EQUITY_BREACH
REJECTED,EURUSD,SELL,2017-06-20 02:30:00+00:00,,PRE_TRADE_PROJECTED_EQUITY_BREACH
REJECTED,EURUSD,SELL,2017-06-20 07:00:00+00:00,,PRE_TRADE_PROJECTED_EQUITY_BREACH
REJECTED,GBPUSD,SELL,2017-06-20 07:00:00+00:00,,PRE_TRADE_PROJECTED_EQUITY_BREACH
REJECTED,EURUSD,SELL,2017-06-20 20:00:00+00:00,,PRE_TRADE_PROJECTED_EQUITY_BREACH
REJECTED,GBPUSD,SELL,2017-06-21 11:00:00+00:00,,PRE_TRADE_PROJECTED_EQUITY_BREACH
REJECTED,EURUSD,SELL,2017-06-21 17:30:00+00:00,,PRE_TRADE_PROJECTED_EQUITY_BREACH
REJECTED,EURUSD,SELL,2017-06-21 18:30:00+00:00,,PRE_TRADE_PROJECTED_EQUITY_BREACH
REJECTED,GBPUSD,SELL,2017-06-23 01:30:00+00:00,,PRE_TRADE_PROJECTED_EQUITY_BREACH
REJECTED,EURUSD,SELL,2017-06-23 02:30:00+00:00,,PRE_TRADE_PROJECTED_EQUITY_BREACH
REJECTED,GBPUSD,SELL,2017-06-23 02:30:00+00:00,,PRE_TRADE_PROJECTED_EQUITY_BREACH
REJECTED,GBPUSD,SELL,2017-06-23 03:30:00+00:00,,PRE_TRADE_PROJECTED_EQUITY_BREACH
REJECTED,EURUSD,SELL,2017-06-23 07:00:00+00:00,,PRE_TRADE_PROJECTED_EQUITY_BREACH
REJECTED,GBPUSD,BUY,2017-06-23 14:00:00+00:00,,PRE_TRADE_PROJECTED_EQUITY_BREACH
REJECTED,EURUSD,BUY,2017-06-26 02:30:00+00:00,,PRE_TRADE_PROJECTED_EQUITY_BREACH
REJECTED,EURUSD,BUY,2017-06-26 10:30:00+00:00,,PRE_TRADE_PROJECTED_EQUITY_BREACH
REJECTED,EURUSD,BUY,2017-06-26 17:00:00+00:00,,PRE_TRADE_PROJECTED_EQUITY_BREACH
REJECTED,EURUSD,BUY,2017-06-29 06:00:00+00:00,,PRE_TRADE_PROJECTED_EQUITY_BREACH
REJECTED,EURUSD,BUY,2017-06-29 11:30:00+00:00,,PRE_TRADE_PROJECTED_EQUITY_BREACH
REJECTED,EURUSD,BUY,2017-06-30 01:00:00+00:00,,PRE_TRADE_PROJECTED_EQUITY_BREACH
REJECTED,EURUSD,BUY,2017-06-30 06:30:00+00:00,,PRE_TRADE_PROJECTED_EQUITY_BREACH
REJECTED,EURUSD,BUY,2017-06-30 09:30:00+00:00,,PRE_TRADE_PROJECTED_EQUITY_BREACH
REJECTED,GBPUSD,BUY,2017-07-03 01:30:00+00:00,,PRE_TRADE_PROJECTED_EQUITY_BREACH
REJECTED,EURUSD,BUY,2017-07-03 03:00:00+00:00,,PRE_TRADE_PROJECTED_EQUITY_BREACH
REJECTED,GBPUSD,BUY,2017-07-03 06:00:00+00:00,,PRE_TRADE_PROJECTED_EQUITY_BREACH
REJECTED,EURUSD,BUY,2017-07-03 09:00:00+00:00,,PRE_TRADE_PROJECTED_EQUITY_BREACH
REJECTED,GBPUSD,BUY,2017-07-03 09:30:00+00:00,,PRE_TRADE_PROJECTED_EQUITY_BREACH
REJECTED,GBPUSD,BUY,2017-07-04 03:30:00+00:00,,PRE_TRADE_PROJECTED_EQUITY_BREACH
REJECTED,EURUSD,BUY,2017-07-04 06:30:00+00:00,,PRE_TRADE_PROJECTED_EQUITY_BREACH
REJECTED,EURUSD,BUY,2017-07-04 21:30:00+00:00,,PRE_TRADE_PROJECTED_EQUITY_BREACH
REJECTED,EURUSD,BUY,2017-07-05 05:00:00+00:00,,PRE_TRADE_PROJECTED_EQUITY_BREACH
REJECTED,GBPUSD,BUY,2017-07-05 06:30:00+00:00,,PRE_TRADE_PROJECTED_EQUITY_BREACH
REJECTED,EURUSD,BUY,2017-07-05 10:00:00+00:00,,PRE_TRADE_PROJECTED_EQUITY_BREACH
REJECTED,EURUSD,BUY,2017-07-06 01:00:00+00:00,,PRE_TRADE_PROJECTED_EQUITY_BREACH
REJECTED,GBPUSD,BUY,2017-07-06 08:30:00+00:00,,PRE_TRADE_PROJECTED_EQUITY_BREACH
REJECTED,GBPUSD,BUY,2017-07-07 06:30:00+00:00,,PRE_TRADE_PROJECTED_EQUITY_BREACH
REJECTED,GBPUSD,BUY,2017-07-07 09:30:00+00:00,,PRE_TRADE_PROJECTED_EQUITY_BREACH
REJECTED,EURUSD,BUY,2017-07-07 15:00:00+00:00,,PRE_TRADE_PROJECTED_EQUITY_BREACH
REJECTED,GBPUSD,SELL,2017-07-10 02:30:00+00:00,,PRE_TRADE_PROJECTED_EQUITY_BREACH
REJECTED,GBPUSD,SELL,2017-07-10 06:30:00+00:00,,PRE_TRADE_PROJECTED_EQUITY_BREACH
REJECTED,EURUSD,BUY,2017-07-10 23:00:00+00:00,,PRE_TRADE_PROJECTED_EQUITY_BREACH
REJECTED,EURUSD,BUY,2017-07-11 06:00:00+00:00,,PRE_TRADE_PROJECTED_EQUITY_BREACH
REJECTED,GBPUSD,SELL,2017-07-11 08:30:00+00:00,,PRE_TRADE_PROJECTED_EQUITY_BREACH
REJECTED,GBPUSD,SELL,2017-07-12 00:00:00+00:00,,PRE_TRADE_PROJECTED_EQUITY_BREACH
REJECTED,EURUSD,BUY,2017-07-12 07:30:00+00:00,,PRE_TRADE_PROJECTED_EQUITY_BREACH
REJECTED,EURUSD,BUY,2017-07-13 08:30:00+00:00,,PRE_TRADE_PROJECTED_EQUITY_BREACH
REJECTED,GBPUSD,BUY,2017-07-17 06:00:00+00:00,,PRE_TRADE_PROJECTED_EQUITY_BREACH
REJECTED,GBPUSD,BUY,2017-07-17 07:00:00+00:00,,PRE_TRADE_PROJECTED_EQUITY_BREACH
REJECTED,GBPUSD,BUY,2017-07-17 12:30:00+00:00,,PRE_TRADE_PROJECTED_EQUITY_BREACH
REJECTED,GBPUSD,BUY,2017-07-17 19:00:00+00:00,,PRE_TRADE_PROJECTED_EQUITY_BREACH
REJECTED,EURUSD,BUY,2017-07-18 00:30:00+00:00,,PRE_TRADE_PROJECTED_EQUITY_BREACH
REJECTED,EURUSD,BUY,2017-07-18 07:00:00+00:00,,PRE_TRADE_PROJECTED_EQUITY_BREACH
REJECTED,GBPUSD,BUY,2017-07-18 21:30:00+00:00,,PRE_TRADE_PROJECTED_EQUITY_BREACH
REJECTED,EURUSD,BUY,2017-07-19 00:00:00+00:00,,PRE_TRADE_PROJECTED_EQUITY_BREACH
REJECTED,EURUSD,BUY,2017-07-19 03:30:00+00:00,,PRE_TRADE_PROJECTED_EQUITY_BREACH
REJECTED,EURUSD,BUY,2017-07-19 06:30:00+00:00,,PRE_TRADE_PROJECTED_EQUITY_BREACH
REJECTED,EURUSD,BUY,2017-07-19 21:00:00+00:00,,PRE_TRADE_PROJECTED_EQUITY_BREACH
REJECTED,EURUSD,BUY,2017-07-20 02:30:00+00:00,,PRE_TRADE_PROJECTED_EQUITY_BREACH
REJECTED,GBPUSD,BUY,2017-07-20 03:00:00+00:00,,PRE_TRADE_PROJECTED_EQUITY_BREACH
REJECTED,GBPUSD,BUY,2017-07-20 08:00:00+00:00,,PRE_TRADE_PROJECTED_EQUITY_BREACH
REJECTED,EURUSD,BUY,2017-07-20 12:30:00+00:00,,PRE_TRADE_PROJECTED_EQUITY_BREACH
REJECTED,GBPUSD,SELL,2017-07-20 15:00:00+00:00,,PRE_TRADE_PROJECTED_EQUITY_BREACH
REJECTED,GBPUSD,SELL,2017-07-21 06:00:00+00:00,,PRE_TRADE_PROJECTED_EQUITY_BREACH
REJECTED,EURUSD,BUY,2017-07-21 21:30:00+00:00,,PRE_TRADE_PROJECTED_EQUITY_BREACH
REJECTED,EURUSD,BUY,2017-07-24 07:00:00+00:00,,PRE_TRADE_PROJECTED_EQUITY_BREACH
REJECTED,GBPUSD,BUY,2017-07-24 07:00:00+00:00,,PRE_TRADE_PROJECTED_EQUITY_BREACH
REJECTED,GBPUSD,BUY,2017-07-25 21:30:00+00:00,,PRE_TRADE_PROJECTED_EQUITY_BREACH
REJECTED,EURUSD,BUY,2017-07-26 01:00:00+00:00,,PRE_TRADE_PROJECTED_EQUITY_BREACH
REJECTED,GBPUSD,BUY,2017-07-26 01:30:00+00:00,,PRE_TRADE_PROJECTED_EQUITY_BREACH
REJECTED,EURUSD,BUY,2017-07-26 02:00:00+00:00,,PRE_TRADE_PROJECTED_EQUITY_BREACH
REJECTED,EURUSD,BUY,2017-07-26 09:00:00+00:00,,PRE_TRADE_PROJECTED_EQUITY_BREACH
REJECTED,EURUSD,BUY,2017-07-26 15:00:00+00:00,,PRE_TRADE_PROJECTED_EQUITY_BREACH
REJECTED,EURUSD,BUY,2017-07-27 07:30:00+00:00,,PRE_TRADE_PROJECTED_EQUITY_BREACH
REJECTED,EURUSD,BUY,2017-07-27 11:30:00+00:00,,PRE_TRADE_PROJECTED_EQUITY_BREACH
REJECTED,EURUSD,BUY,2017-07-27 12:30:00+00:00,,PRE_TRADE_PROJECTED_EQUITY_BREACH
REJECTED,GBPUSD,BUY,2017-07-27 15:00:00+00:00,,PRE_TRADE_PROJECTED_EQUITY_BREACH
REJECTED,EURUSD,BUY,2017-07-27 16:30:00+00:00,,PRE_TRADE_PROJECTED_EQUITY_BREACH
REJECTED,GBPUSD,BUY,2017-07-31 03:30:00+00:00,,PRE_TRADE_PROJECTED_EQUITY_BREACH
REJECTED,EURUSD,BUY,2017-07-31 04:30:00+00:00,,PRE_TRADE_PROJECTED_EQUITY_BREACH
REJECTED,EURUSD,BUY,2017-08-01 00:00:00+00:00,,PRE_TRADE_PROJECTED_EQUITY_BREACH
REJECTED,GBPUSD,BUY,2017-08-01 00:00:00+00:00,,PRE_TRADE_PROJECTED_EQUITY_BREACH
REJECTED,EURUSD,BUY,2017-08-01 07:00:00+00:00,,PRE_TRADE_PROJECTED_EQUITY_BREACH
REJECTED,GBPUSD,BUY,2017-08-01 12:30:00+00:00,,PRE_TRADE_PROJECTED_EQUITY_BREACH
REJECTED,EURUSD,BUY,2017-08-02 12:30:00+00:00,,PRE_TRADE_PROJECTED_EQUITY_BREACH
REJECTED,GBPUSD,BUY,2017-08-02 20:00:00+00:00,,PRE_TRADE_PROJECTED_EQUITY_BREACH
REJECTED,GBPUSD,BUY,2017-08-03 02:30:00+00:00,,PRE_TRADE_PROJECTED_EQUITY_BREACH
REJECTED,GBPUSD,BUY,2017-08-03 12:00:00+00:00,,PRE_TRADE_PROJECTED_EQUITY_BREACH
REJECTED,EURUSD,BUY,2017-08-04 13:30:00+00:00,,PRE_TRADE_PROJECTED_EQUITY_BREACH
REJECTED,EURUSD,BUY,2017-08-04 15:00:00+00:00,,PRE_TRADE_PROJECTED_EQUITY_BREACH
REJECTED,GBPUSD,SELL,2017-08-07 04:00:00+00:00,,PRE_TRADE_PROJECTED_EQUITY_BREACH
REJECTED,EURUSD,BUY,2017-08-07 06:30:00+00:00,,PRE_TRADE_PROJECTED_EQUITY_BREACH
REJECTED,GBPUSD,SELL,2017-08-07 19:30:00+00:00,,PRE_TRADE_PROJECTED_EQUITY_BREACH
REJECTED,GBPUSD,SELL,2017-08-08 02:00:00+00:00,,PRE_TRADE_PROJECTED_EQUITY_BREACH
REJECTED,EURUSD,BUY,2017-08-08 15:00:00+00:00,,PRE_TRADE_PROJECTED_EQUITY_BREACH
REJECTED,EURUSD,SELL,2017-08-09 07:00:00+00:00,,PRE_TRADE_PROJECTED_EQUITY_BREACH
REJECTED,GBPUSD,SELL,2017-08-09 07:00:00+00:00,,PRE_TRADE_PROJECTED_EQUITY_BREACH
REJECTED,GBPUSD,SELL,2017-08-11 01:00:00+00:00,,PRE_TRADE_PROJECTED_EQUITY_BREACH
REJECTED,EURUSD,BUY,2017-08-11 03:00:00+00:00,,PRE_TRADE_PROJECTED_EQUITY_BREACH
REJECTED,GBPUSD,SELL,2017-08-11 17:30:00+00:00,,PRE_TRADE_PROJECTED_EQUITY_BREACH
REJECTED,EURUSD,BUY,2017-08-14 05:00:00+00:00,,PRE_TRADE_PROJECTED_EQUITY_BREACH
REJECTED,GBPUSD,SELL,2017-08-15 18:00:00+00:00,,PRE_TRADE_PROJECTED_EQUITY_BREACH
REJECTED,EURUSD,SELL,2017-08-16 18:00:00+00:00,,PRE_TRADE_PROJECTED_EQUITY_BREACH
REJECTED,GBPUSD,SELL,2017-08-16 19:00:00+00:00,,PRE_TRADE_PROJECTED_EQUITY_BREACH
REJECTED,GBPUSD,SELL,2017-08-17 14:30:00+00:00,,PRE_TRADE_PROJECTED_EQUITY_BREACH
REJECTED,EURUSD,SELL,2017-08-17 15:00:00+00:00,,PRE_TRADE_PROJECTED_EQUITY_BREACH
REJECTED,GBPUSD,SELL,2017-08-18 05:00:00+00:00,,PRE_TRADE_PROJECTED_EQUITY_BREACH
REJECTED,GBPUSD,SELL,2017-08-18 19:30:00+00:00,,PRE_TRADE_PROJECTED_EQUITY_BREACH
REJECTED,GBPUSD,SELL,2017-08-18 21:00:00+00:00,,PRE_TRADE_PROJECTED_EQUITY_BREACH
REJECTED,GBPUSD,SELL,2017-08-21 11:30:00+00:00,,PRE_TRADE_PROJECTED_EQUITY_BREACH
REJECTED,GBPUSD,SELL,2017-08-22 02:00:00+00:00,,PRE_TRADE_PROJECTED_EQUITY_BREACH
REJECTED,EURUSD,BUY,2017-08-22 04:00:00+00:00,,PRE_TRADE_PROJECTED_EQUITY_BREACH
REJECTED,EURUSD,BUY,2017-08-24 02:30:00+00:00,,PRE_TRADE_PROJECTED_EQUITY_BREACH
REJECTED,GBPUSD,SELL,2017-08-24 09:00:00+00:00,,PRE_TRADE_PROJECTED_EQUITY_BREACH
REJECTED,GBPUSD,SELL,2017-08-25 06:00:00+00:00,,PRE_TRADE_PROJECTED_EQUITY_BREACH
REJECTED,EURUSD,BUY,2017-08-25 07:30:00+00:00,,PRE_TRADE_PROJECTED_EQUITY_BREACH
REJECTED,GBPUSD,SELL,2017-08-25 10:00:00+00:00,,PRE_TRADE_PROJECTED_EQUITY_BREACH
REJECTED,GBPUSD,BUY,2017-08-28 01:30:00+00:00,,PRE_TRADE_PROJECTED_EQUITY_BREACH
REJECTED,EURUSD,BUY,2017-08-28 02:00:00+00:00,,PRE_TRADE_PROJECTED_EQUITY_BREACH
REJECTED,EURUSD,BUY,2017-08-28 04:30:00+00:00,,PRE_TRADE_PROJECTED_EQUITY_BREACH
REJECTED,GBPUSD,BUY,2017-08-28 04:30:00+00:00,,PRE_TRADE_PROJECTED_EQUITY_BREACH
REJECTED,EURUSD,BUY,2017-08-28 23:30:00+00:00,,PRE_TRADE_PROJECTED_EQUITY_BREACH
REJECTED,EURUSD,BUY,2017-08-29 18:00:00+00:00,,PRE_TRADE_PROJECTED_EQUITY_BREACH
REJECTED,GBPUSD,BUY,2017-08-29 18:00:00+00:00,,PRE_TRADE_PROJECTED_EQUITY_BREACH
REJECTED,GBPUSD,BUY,2017-08-29 21:30:00+00:00,,PRE_TRADE_PROJECTED_EQUITY_BREACH
REJECTED,EURUSD,BUY,2017-08-30 06:30:00+00:00,,PRE_TRADE_PROJECTED_EQUITY_BREACH
REJECTED,GBPUSD,BUY,2017-08-30 07:00:00+00:00,,PRE_TRADE_PROJECTED_EQUITY_BREACH
REJECTED,EURUSD,BUY,2017-08-30 13:00:00+00:00,,PRE_TRADE_PROJECTED_EQUITY_BREACH
REJECTED,GBPUSD,BUY,2017-08-31 00:30:00+00:00,,PRE_TRADE_PROJECTED_EQUITY_BREACH
REJECTED,EURUSD,BUY,2017-08-31 03:00:00+00:00,,PRE_TRADE_PROJECTED_EQUITY_BREACH
REJECTED,GBPUSD,BUY,2017-08-31 08:00:00+00:00,,PRE_TRADE_PROJECTED_EQUITY_BREACH
REJECTED,EURUSD,BUY,2017-08-31 11:00:00+00:00,,PRE_TRADE_PROJECTED_EQUITY_BREACH
REJECTED,GBPUSD,BUY,2017-09-01 04:30:00+00:00,,PRE_TRADE_PROJECTED_EQUITY_BREACH
REJECTED,EURUSD,BUY,2017-09-01 06:00:00+00:00,,PRE_TRADE_PROJECTED_EQUITY_BREACH
REJECTED,GBPUSD,BUY,2017-09-04 03:00:00+00:00,,PRE_TRADE_PROJECTED_EQUITY_BREACH
REJECTED,EURUSD,BUY,2017-09-04 17:30:00+00:00,,PRE_TRADE_PROJECTED_EQUITY_BREACH
REJECTED,GBPUSD,BUY,2017-09-04 17:30:00+00:00,,PRE_TRADE_PROJECTED_EQUITY_BREACH
REJECTED,GBPUSD,BUY,2017-09-05 07:00:00+00:00,,PRE_TRADE_PROJECTED_EQUITY_BREACH
REJECTED,GBPUSD,BUY,2017-09-06 05:00:00+00:00,,PRE_TRADE_PROJECTED_EQUITY_BREACH
REJECTED,EURUSD,BUY,2017-09-06 18:30:00+00:00,,PRE_TRADE_PROJECTED_EQUITY_BREACH
REJECTED,GBPUSD,BUY,2017-09-06 19:00:00+00:00,,PRE_TRADE_PROJECTED_EQUITY_BREACH
REJECTED,EURUSD,BUY,2017-09-08 15:30:00+00:00,,PRE_TRADE_PROJECTED_EQUITY_BREACH
REJECTED,EURUSD,BUY,2017-09-11 02:00:00+00:00,,PRE_TRADE_PROJECTED_EQUITY_BREACH
REJECTED,GBPUSD,BUY,2017-09-11 02:30:00+00:00,,PRE_TRADE_PROJECTED_EQUITY_BREACH
REJECTED,EURUSD,BUY,2017-09-11 12:30:00+00:00,,PRE_TRADE_PROJECTED_EQUITY_BREACH
REJECTED,EURUSD,BUY,2017-09-11 16:30:00+00:00,,PRE_TRADE_PROJECTED_EQUITY_BREACH
REJECTED,GBPUSD,BUY,2017-09-11 16:30:00+00:00,,PRE_TRADE_PROJECTED_EQUITY_BREACH
REJECTED,EURUSD,BUY,2017-09-12 10:00:00+00:00,,PRE_TRADE_PROJECTED_EQUITY_BREACH
REJECTED,GBPUSD,BUY,2017-09-13 10:30:00+00:00,,PRE_TRADE_PROJECTED_EQUITY_BREACH
REJECTED,EURUSD,BUY,2017-09-13 14:00:00+00:00,,PRE_TRADE_PROJECTED_EQUITY_BREACH
REJECTED,GBPUSD,BUY,2017-09-13 14:30:00+00:00,,PRE_TRADE_PROJECTED_EQUITY_BREACH
REJECTED,EURUSD,SELL,2017-09-14 08:00:00+00:00,,PRE_TRADE_PROJECTED_EQUITY_BREACH
REJECTED,EURUSD,SELL,2017-09-14 18:30:00+00:00,,PRE_TRADE_PROJECTED_EQUITY_BREACH
REJECTED,EURUSD,SELL,2017-09-15 10:00:00+00:00,,PRE_TRADE_PROJECTED_EQUITY_BREACH
REJECTED,EURUSD,BUY,2017-09-15 18:00:00+00:00,,PRE_TRADE_PROJECTED_EQUITY_BREACH
REJECTED,GBPUSD,BUY,2017-09-18 16:00:00+00:00,,PRE_TRADE_PROJECTED_EQUITY_BREACH
REJECTED,EURUSD,BUY,2017-09-18 17:00:00+00:00,,PRE_TRADE_PROJECTED_EQUITY_BREACH
REJECTED,GBPUSD,BUY,2017-09-19 09:00:00+00:00,,PRE_TRADE_PROJECTED_EQUITY_BREACH
REJECTED,EURUSD,BUY,2017-09-19 16:00:00+00:00,,PRE_TRADE_PROJECTED_EQUITY_BREACH
REJECTED,EURUSD,BUY,2017-09-20 13:30:00+00:00,,PRE_TRADE_PROJECTED_EQUITY_BREACH
REJECTED,GBPUSD,BUY,2017-09-21 06:00:00+00:00,,PRE_TRADE_PROJECTED_EQUITY_BREACH
REJECTED,EURUSD,SELL,2017-09-21 16:30:00+00:00,,PRE_TRADE_PROJECTED_EQUITY_BREACH
REJECTED,GBPUSD,BUY,2017-09-22 11:00:00+00:00,,PRE_TRADE_PROJECTED_EQUITY_BREACH
REJECTED,GBPUSD,BUY,2017-09-22 21:30:00+00:00,,PRE_TRADE_PROJECTED_EQUITY_BREACH
REJECTED,GBPUSD,BUY,2017-09-25 11:30:00+00:00,,PRE_TRADE_PROJECTED_EQUITY_BREACH
REJECTED,EURUSD,SELL,2017-09-25 15:00:00+00:00,,PRE_TRADE_PROJECTED_EQUITY_BREACH
REJECTED,EURUSD,SELL,2017-09-25 23:30:00+00:00,,PRE_TRADE_PROJECTED_EQUITY_BREACH
REJECTED,GBPUSD,BUY,2017-09-26 11:00:00+00:00,,PRE_TRADE_PROJECTED_EQUITY_BREACH
REJECTED,EURUSD,SELL,2017-09-26 18:00:00+00:00,,PRE_TRADE_PROJECTED_EQUITY_BREACH
REJECTED,GBPUSD,SELL,2017-09-26 18:30:00+00:00,,PRE_TRADE_PROJECTED_EQUITY_BREACH
REJECTED,GBPUSD,SELL,2017-09-27 11:00:00+00:00,,PRE_TRADE_PROJECTED_EQUITY_BREACH
REJECTED,EURUSD,SELL,2017-09-27 16:00:00+00:00,,PRE_TRADE_PROJECTED_EQUITY_BREACH
REJECTED,EURUSD,SELL,2017-09-27 17:00:00+00:00,,PRE_TRADE_PROJECTED_EQUITY_BREACH
REJECTED,GBPUSD,SELL,2017-09-28 01:00:00+00:00,,PRE_TRADE_PROJECTED_EQUITY_BREACH
REJECTED,EURUSD,SELL,2017-09-28 08:30:00+00:00,,PRE_TRADE_PROJECTED_EQUITY_BREACH
REJECTED,EURUSD,SELL,2017-09-28 11:30:00+00:00,,PRE_TRADE_PROJECTED_EQUITY_BREACH
REJECTED,GBPUSD,SELL,2017-09-28 11:30:00+00:00,,PRE_TRADE_PROJECTED_EQUITY_BREACH
REJECTED,GBPUSD,SELL,2017-09-29 13:30:00+00:00,,PRE_TRADE_PROJECTED_EQUITY_BREACH
REJECTED,GBPUSD,SELL,2017-09-29 20:00:00+00:00,,PRE_TRADE_PROJECTED_EQUITY_BREACH
REJECTED,GBPUSD,SELL,2017-10-02 19:30:00+00:00,,PRE_TRADE_PROJECTED_EQUITY_BREACH
REJECTED,EURUSD,SELL,2017-10-03 08:00:00+00:00,,PRE_TRADE_PROJECTED_EQUITY_BREACH
REJECTED,GBPUSD,SELL,2017-10-03 08:00:00+00:00,,PRE_TRADE_PROJECTED_EQUITY_BREACH
REJECTED,GBPUSD,SELL,2017-10-04 00:30:00+00:00,,PRE_TRADE_PROJECTED_EQUITY_BREACH
REJECTED,EURUSD,SELL,2017-10-04 01:00:00+00:00,,PRE_TRADE_PROJECTED_EQUITY_BREACH
REJECTED,EURUSD,SELL,2017-10-04 07:00:00+00:00,,PRE_TRADE_PROJECTED_EQUITY_BREACH
REJECTED,GBPUSD,SELL,2017-10-04 07:00:00+00:00,,PRE_TRADE_PROJECTED_EQUITY_BREACH
REJECTED,GBPUSD,SELL,2017-10-05 05:30:00+00:00,,PRE_TRADE_PROJECTED_EQUITY_BREACH
REJECTED,EURUSD,SELL,2017-10-05 21:30:00+00:00,,PRE_TRADE_PROJECTED_EQUITY_BREACH
REJECTED,EURUSD,SELL,2017-10-06 10:30:00+00:00,,PRE_TRADE_PROJECTED_EQUITY_BREACH
REJECTED,EURUSD,SELL,2017-10-06 15:30:00+00:00,,PRE_TRADE_PROJECTED_EQUITY_BREACH
REJECTED,GBPUSD,SELL,2017-10-09 08:00:00+00:00,,PRE_TRADE_PROJECTED_EQUITY_BREACH
REJECTED,EURUSD,SELL,2017-10-09 10:00:00+00:00,,PRE_TRADE_PROJECTED_EQUITY_BREACH
REJECTED,GBPUSD,SELL,2017-10-09 11:30:00+00:00,,PRE_TRADE_PROJECTED_EQUITY_BREACH
REJECTED,EURUSD,SELL,2017-10-09 17:00:00+00:00,,PRE_TRADE_PROJECTED_EQUITY_BREACH
REJECTED,GBPUSD,SELL,2017-10-09 18:00:00+00:00,,PRE_TRADE_PROJECTED_EQUITY_BREACH
REJECTED,GBPUSD,SELL,2017-10-10 01:30:00+00:00,,PRE_TRADE_PROJECTED_EQUITY_BREACH
REJECTED,EURUSD,SELL,2017-10-10 02:00:00+00:00,,PRE_TRADE_PROJECTED_EQUITY_BREACH
REJECTED,GBPUSD,SELL,2017-10-10 07:00:00+00:00,,PRE_TRADE_PROJECTED_EQUITY_BREACH
REJECTED,GBPUSD,SELL,2017-10-10 10:30:00+00:00,,PRE_TRADE_PROJECTED_EQUITY_BREACH
REJECTED,GBPUSD,SELL,2017-10-10 15:30:00+00:00,,PRE_TRADE_PROJECTED_EQUITY_BREACH
REJECTED,GBPUSD,SELL,2017-10-11 01:00:00+00:00,,PRE_TRADE_PROJECTED_EQUITY_BREACH
REJECTED,EURUSD,BUY,2017-10-11 03:00:00+00:00,,PRE_TRADE_PROJECTED_EQUITY_BREACH
REJECTED,GBPUSD,SELL,2017-10-11 20:00:00+00:00,,PRE_TRADE_PROJECTED_EQUITY_BREACH
REJECTED,GBPUSD,BUY,2017-10-12 08:00:00+00:00,,PRE_TRADE_PROJECTED_EQUITY_BREACH
REJECTED,EURUSD,BUY,2017-10-12 10:30:00+00:00,,PRE_TRADE_PROJECTED_EQUITY_BREACH
REJECTED,EURUSD,BUY,2017-10-12 14:30:00+00:00,,PRE_TRADE_PROJECTED_EQUITY_BREACH
REJECTED,GBPUSD,SELL,2017-10-12 17:00:00+00:00,,PRE_TRADE_PROJECTED_EQUITY_BREACH
REJECTED,EURUSD,BUY,2017-10-13 08:00:00+00:00,,PRE_TRADE_PROJECTED_EQUITY_BREACH
REJECTED,GBPUSD,BUY,2017-10-13 10:30:00+00:00,,PRE_TRADE_PROJECTED_EQUITY_BREACH
REJECTED,EURUSD,BUY,2017-10-13 12:30:00+00:00,,PRE_TRADE_PROJECTED_EQUITY_BREACH
REJECTED,GBPUSD,BUY,2017-10-16 07:00:00+00:00,,PRE_TRADE_PROJECTED_EQUITY_BREACH
REJECTED,EURUSD,SELL,2017-10-16 11:30:00+00:00,,PRE_TRADE_PROJECTED_EQUITY_BREACH
REJECTED,GBPUSD,BUY,2017-10-16 13:30:00+00:00,,PRE_TRADE_PROJECTED_EQUITY_BREACH
REJECTED,GBPUSD,BUY,2017-10-16 18:30:00+00:00,,PRE_TRADE_PROJECTED_EQUITY_BREACH
REJECTED,GBPUSD,BUY,2017-10-17 07:00:00+00:00,,PRE_TRADE_PROJECTED_EQUITY_BREACH
REJECTED,EURUSD,SELL,2017-10-17 19:00:00+00:00,,PRE_TRADE_PROJECTED_EQUITY_BREACH
REJECTED,EURUSD,SELL,2017-10-18 00:30:00+00:00,,PRE_TRADE_PROJECTED_EQUITY_BREACH
REJECTED,EURUSD,SELL,2017-10-18 15:30:00+00:00,,PRE_TRADE_PROJECTED_EQUITY_BREACH
REJECTED,GBPUSD,SELL,2017-10-18 17:00:00+00:00,,PRE_TRADE_PROJECTED_EQUITY_BREACH
REJECTED,EURUSD,SELL,2017-10-18 19:00:00+00:00,,PRE_TRADE_PROJECTED_EQUITY_BREACH
REJECTED,GBPUSD,SELL,2017-10-18 19:00:00+00:00,,PRE_TRADE_PROJECTED_EQUITY_BREACH
REJECTED,GBPUSD,SELL,2017-10-19 00:00:00+00:00,,PRE_TRADE_PROJECTED_EQUITY_BREACH
REJECTED,EURUSD,BUY,2017-10-20 02:30:00+00:00,,PRE_TRADE_PROJECTED_EQUITY_BREACH
REJECTED,GBPUSD,SELL,2017-10-20 11:00:00+00:00,,PRE_TRADE_PROJECTED_EQUITY_BREACH
REJECTED,EURUSD,SELL,2017-10-23 03:00:00+00:00,,PRE_TRADE_PROJECTED_EQUITY_BREACH
REJECTED,EURUSD,SELL,2017-10-24 00:00:00+00:00,,PRE_TRADE_PROJECTED_EQUITY_BREACH
REJECTED,EURUSD,SELL,2017-10-24 01:30:00+00:00,,PRE_TRADE_PROJECTED_EQUITY_BREACH
REJECTED,EURUSD,SELL,2017-10-24 04:00:00+00:00,,PRE_TRADE_PROJECTED_EQUITY_BREACH
REJECTED,GBPUSD,BUY,2017-10-24 08:00:00+00:00,,PRE_TRADE_PROJECTED_EQUITY_BREACH
REJECTED,EURUSD,SELL,2017-10-25 06:30:00+00:00,,PRE_TRADE_PROJECTED_EQUITY_BREACH
REJECTED,GBPUSD,SELL,2017-10-25 09:30:00+00:00,,PRE_TRADE_PROJECTED_EQUITY_BREACH
REJECTED,EURUSD,SELL,2017-10-25 11:30:00+00:00,,PRE_TRADE_PROJECTED_EQUITY_BREACH
REJECTED,GBPUSD,BUY,2017-10-26 08:00:00+00:00,,PRE_TRADE_PROJECTED_EQUITY_BREACH
REJECTED,EURUSD,BUY,2017-10-26 09:00:00+00:00,,PRE_TRADE_PROJECTED_EQUITY_BREACH
REJECTED,GBPUSD,BUY,2017-10-26 10:00:00+00:00,,PRE_TRADE_PROJECTED_EQUITY_BREACH
REJECTED,GBPUSD,SELL,2017-10-27 04:30:00+00:00,,PRE_TRADE_PROJECTED_EQUITY_BREACH
REJECTED,GBPUSD,SELL,2017-10-30 05:00:00+00:00,,PRE_TRADE_PROJECTED_EQUITY_BREACH
REJECTED,EURUSD,SELL,2017-10-30 10:30:00+00:00,,PRE_TRADE_PROJECTED_EQUITY_BREACH
REJECTED,GBPUSD,SELL,2017-10-30 12:00:00+00:00,,PRE_TRADE_PROJECTED_EQUITY_BREACH
REJECTED,EURUSD,SELL,2017-10-30 20:30:00+00:00,,PRE_TRADE_PROJECTED_EQUITY_BREACH
REJECTED,EURUSD,SELL,2017-10-31 16:00:00+00:00,,PRE_TRADE_PROJECTED_EQUITY_BREACH
REJECTED,GBPUSD,BUY,2017-11-01 03:00:00+00:00,,PRE_TRADE_PROJECTED_EQUITY_BREACH
REJECTED,EURUSD,SELL,2017-11-01 08:00:00+00:00,,PRE_TRADE_PROJECTED_EQUITY_BREACH
REJECTED,GBPUSD,BUY,2017-11-01 14:00:00+00:00,,PRE_TRADE_PROJECTED_EQUITY_BREACH
REJECTED,GBPUSD,BUY,2017-11-01 15:00:00+00:00,,PRE_TRADE_PROJECTED_EQUITY_BREACH
REJECTED,GBPUSD,BUY,2017-11-01 21:30:00+00:00,,PRE_TRADE_PROJECTED_EQUITY_BREACH
REJECTED,EURUSD,SELL,2017-11-02 01:30:00+00:00,,PRE_TRADE_PROJECTED_EQUITY_BREACH
REJECTED,GBPUSD,BUY,2017-11-02 10:00:00+00:00,,PRE_TRADE_PROJECTED_EQUITY_BREACH
REJECTED,EURUSD,SELL,2017-11-02 12:30:00+00:00,,PRE_TRADE_PROJECTED_EQUITY_BREACH
REJECTED,GBPUSD,SELL,2017-11-03 03:30:00+00:00,,PRE_TRADE_PROJECTED_EQUITY_BREACH
REJECTED,GBPUSD,SELL,2017-11-03 12:30:00+00:00,,PRE_TRADE_PROJECTED_EQUITY_BREACH
REJECTED,GBPUSD,SELL,2017-11-05 23:30:00+00:00,,PRE_TRADE_PROJECTED_EQUITY_BREACH
REJECTED,GBPUSD,SELL,2017-11-06 08:00:00+00:00,,PRE_TRADE_PROJECTED_EQUITY_BREACH
REJECTED,GBPUSD,SELL,2017-11-06 10:30:00+00:00,,PRE_TRADE_PROJECTED_EQUITY_BREACH
REJECTED,EURUSD,SELL,2017-11-06 16:30:00+00:00,,PRE_TRADE_PROJECTED_EQUITY_BREACH
REJECTED,GBPUSD,SELL,2017-11-06 16:30:00+00:00,,PRE_TRADE_PROJECTED_EQUITY_BREACH
REJECTED,EURUSD,SELL,2017-11-07 23:00:00+00:00,,PRE_TRADE_PROJECTED_EQUITY_BREACH
REJECTED,GBPUSD,BUY,2017-11-08 06:00:00+00:00,,PRE_TRADE_PROJECTED_EQUITY_BREACH
REJECTED,GBPUSD,SELL,2017-11-08 16:30:00+00:00,,PRE_TRADE_PROJECTED_EQUITY_BREACH
REJECTED,GBPUSD,SELL,2017-11-09 03:30:00+00:00,,PRE_TRADE_PROJECTED_EQUITY_BREACH
REJECTED,EURUSD,SELL,2017-11-09 05:00:00+00:00,,PRE_TRADE_PROJECTED_EQUITY_BREACH
REJECTED,GBPUSD,SELL,2017-11-09 05:30:00+00:00,,PRE_TRADE_PROJECTED_EQUITY_BREACH
REJECTED,EURUSD,SELL,2017-11-09 10:30:00+00:00,,PRE_TRADE_PROJECTED_EQUITY_BREACH
REJECTED,GBPUSD,SELL,2017-11-09 16:00:00+00:00,,PRE_TRADE_PROJECTED_EQUITY_BREACH
REJECTED,EURUSD,BUY,2017-11-12 22:00:00+00:00,,PRE_TRADE_PROJECTED_EQUITY_BREACH
REJECTED,GBPUSD,SELL,2017-11-13 05:00:00+00:00,,PRE_TRADE_PROJECTED_EQUITY_BREACH
REJECTED,EURUSD,BUY,2017-11-13 07:30:00+00:00,,PRE_TRADE_PROJECTED_EQUITY_BREACH
REJECTED,EURUSD,BUY,2017-11-13 22:30:00+00:00,,PRE_TRADE_PROJECTED_EQUITY_BREACH
REJECTED,GBPUSD,SELL,2017-11-14 15:00:00+00:00,,PRE_TRADE_PROJECTED_EQUITY_BREACH
REJECTED,GBPUSD,SELL,2017-11-14 17:00:00+00:00,,PRE_TRADE_PROJECTED_EQUITY_BREACH
REJECTED,GBPUSD,BUY,2017-11-15 02:00:00+00:00,,PRE_TRADE_PROJECTED_EQUITY_BREACH
REJECTED,EURUSD,BUY,2017-11-15 05:30:00+00:00,,PRE_TRADE_PROJECTED_EQUITY_BREACH
REJECTED,EURUSD,BUY,2017-11-15 16:30:00+00:00,,PRE_TRADE_PROJECTED_EQUITY_BREACH
REJECTED,EURUSD,BUY,2017-11-15 21:00:00+00:00,,PRE_TRADE_PROJECTED_EQUITY_BREACH
REJECTED,EURUSD,BUY,2017-11-16 19:00:00+00:00,,PRE_TRADE_PROJECTED_EQUITY_BREACH
REJECTED,GBPUSD,BUY,2017-11-17 10:30:00+00:00,,PRE_TRADE_PROJECTED_EQUITY_BREACH
REJECTED,GBPUSD,BUY,2017-11-17 13:30:00+00:00,,PRE_TRADE_PROJECTED_EQUITY_BREACH
REJECTED,EURUSD,BUY,2017-11-19 23:00:00+00:00,,PRE_TRADE_PROJECTED_EQUITY_BREACH
REJECTED,GBPUSD,BUY,2017-11-20 02:00:00+00:00,,PRE_TRADE_PROJECTED_EQUITY_BREACH
REJECTED,EURUSD,BUY,2017-11-20 14:30:00+00:00,,PRE_TRADE_PROJECTED_EQUITY_BREACH
REJECTED,GBPUSD,BUY,2017-11-20 18:30:00+00:00,,PRE_TRADE_PROJECTED_EQUITY_BREACH
REJECTED,GBPUSD,BUY,2017-11-23 08:30:00+00:00,,PRE_TRADE_PROJECTED_EQUITY_BREACH
REJECTED,GBPUSD,BUY,2017-11-23 15:30:00+00:00,,PRE_TRADE_PROJECTED_EQUITY_BREACH
REJECTED,GBPUSD,BUY,2017-11-24 04:30:00+00:00,,PRE_TRADE_PROJECTED_EQUITY_BREACH
REJECTED,EURUSD,BUY,2017-11-24 07:00:00+00:00,,PRE_TRADE_PROJECTED_EQUITY_BREACH
REJECTED,GBPUSD,BUY,2017-11-27 15:30:00+00:00,,PRE_TRADE_PROJECTED_EQUITY_BREACH
REJECTED,GBPUSD,BUY,2017-11-27 19:00:00+00:00,,PRE_TRADE_PROJECTED_EQUITY_BREACH
REJECTED,EURUSD,BUY,2017-11-27 20:00:00+00:00,,PRE_TRADE_PROJECTED_EQUITY_BREACH
REJECTED,GBPUSD,BUY,2017-11-27 21:30:00+00:00,,PRE_TRADE_PROJECTED_EQUITY_BREACH
REJECTED,GBPUSD,BUY,2017-11-28 10:30:00+00:00,,PRE_TRADE_PROJECTED_EQUITY_BREACH
REJECTED,EURUSD,BUY,2017-11-28 19:00:00+00:00,,PRE_TRADE_PROJECTED_EQUITY_BREACH
REJECTED,EURUSD,BUY,2017-11-29 10:30:00+00:00,,PRE_TRADE_PROJECTED_EQUITY_BREACH
REJECTED,EURUSD,BUY,2017-11-30 09:00:00+00:00,,PRE_TRADE_PROJECTED_EQUITY_BREACH
REJECTED,GBPUSD,BUY,2017-12-01 09:00:00+00:00,,PRE_TRADE_PROJECTED_EQUITY_BREACH
REJECTED,GBPUSD,BUY,2017-12-01 13:00:00+00:00,,PRE_TRADE_PROJECTED_EQUITY_BREACH
REJECTED,EURUSD,BUY,2017-12-01 13:30:00+00:00,,PRE_TRADE_PROJECTED_EQUITY_BREACH
REJECTED,GBPUSD,BUY,2017-12-01 19:00:00+00:00,,PRE_TRADE_PROJECTED_EQUITY_BREACH
REJECTED,GBPUSD,BUY,2017-12-04 05:30:00+00:00,,PRE_TRADE_PROJECTED_EQUITY_BREACH
REJECTED,EURUSD,BUY,2017-12-04 06:30:00+00:00,,PRE_TRADE_PROJECTED_EQUITY_BREACH
REJECTED,GBPUSD,BUY,2017-12-04 16:00:00+00:00,,PRE_TRADE_PROJECTED_EQUITY_BREACH
REJECTED,GBPUSD,BUY,2017-12-05 00:00:00+00:00,,PRE_TRADE_PROJECTED_EQUITY_BREACH
REJECTED,GBPUSD,BUY,2017-12-05 06:30:00+00:00,,PRE_TRADE_PROJECTED_EQUITY_BREACH
REJECTED,EURUSD,BUY,2017-12-05 07:00:00+00:00,,PRE_TRADE_PROJECTED_EQUITY_BREACH
REJECTED,GBPUSD,BUY,2017-12-05 19:00:00+00:00,,PRE_TRADE_PROJECTED_EQUITY_BREACH
REJECTED,EURUSD,SELL,2017-12-05 21:00:00+00:00,,PRE_TRADE_PROJECTED_EQUITY_BREACH
REJECTED,EURUSD,SELL,2017-12-05 22:00:00+00:00,,PRE_TRADE_PROJECTED_EQUITY_BREACH
REJECTED,GBPUSD,BUY,2017-12-05 22:30:00+00:00,,PRE_TRADE_PROJECTED_EQUITY_BREACH
REJECTED,EURUSD,SELL,2017-12-06 03:30:00+00:00,,PRE_TRADE_PROJECTED_EQUITY_BREACH
REJECTED,EURUSD,SELL,2017-12-06 23:00:00+00:00,,PRE_TRADE_PROJECTED_EQUITY_BREACH
REJECTED,GBPUSD,SELL,2017-12-07 10:00:00+00:00,,PRE_TRADE_PROJECTED_EQUITY_BREACH
REJECTED,GBPUSD,BUY,2017-12-08 12:00:00+00:00,,PRE_TRADE_PROJECTED_EQUITY_BREACH
REJECTED,EURUSD,SELL,2017-12-11 01:00:00+00:00,,PRE_TRADE_PROJECTED_EQUITY_BREACH
REJECTED,EURUSD,SELL,2017-12-11 03:00:00+00:00,,PRE_TRADE_PROJECTED_EQUITY_BREACH
REJECTED,GBPUSD,SELL,2017-12-12 06:00:00+00:00,,PRE_TRADE_PROJECTED_EQUITY_BREACH
REJECTED,EURUSD,SELL,2017-12-12 07:00:00+00:00,,PRE_TRADE_PROJECTED_EQUITY_BREACH
REJECTED,EURUSD,SELL,2017-12-12 20:30:00+00:00,,PRE_TRADE_PROJECTED_EQUITY_BREACH
REJECTED,EURUSD,SELL,2017-12-13 00:30:00+00:00,,PRE_TRADE_PROJECTED_EQUITY_BREACH
REJECTED,EURUSD,SELL,2017-12-13 19:00:00+00:00,,PRE_TRADE_PROJECTED_EQUITY_BREACH
REJECTED,EURUSD,BUY,2017-12-14 05:30:00+00:00,,PRE_TRADE_PROJECTED_EQUITY_BREACH
REJECTED,EURUSD,BUY,2017-12-14 15:00:00+00:00,,PRE_TRADE_PROJECTED_EQUITY_BREACH
REJECTED,EURUSD,SELL,2017-12-15 07:30:00+00:00,,PRE_TRADE_PROJECTED_EQUITY_BREACH
REJECTED,GBPUSD,BUY,2017-12-15 11:30:00+00:00,,PRE_TRADE_PROJECTED_EQUITY_BREACH
REJECTED,GBPUSD,SELL,2017-12-18 01:30:00+00:00,,PRE_TRADE_PROJECTED_EQUITY_BREACH
REJECTED,EURUSD,SELL,2017-12-18 02:00:00+00:00,,PRE_TRADE_PROJECTED_EQUITY_BREACH
REJECTED,EURUSD,SELL,2017-12-18 07:30:00+00:00,,PRE_TRADE_PROJECTED_EQUITY_BREACH
REJECTED,GBPUSD,SELL,2017-12-18 07:30:00+00:00,,PRE_TRADE_PROJECTED_EQUITY_BREACH
REJECTED,GBPUSD,SELL,2017-12-18 13:00:00+00:00,,PRE_TRADE_PROJECTED_EQUITY_BREACH
REJECTED,EURUSD,BUY,2017-12-18 17:30:00+00:00,,PRE_TRADE_PROJECTED_EQUITY_BREACH
REJECTED,GBPUSD,BUY,2017-12-18 19:00:00+00:00,,PRE_TRADE_PROJECTED_EQUITY_BREACH
REJECTED,GBPUSD,BUY,2017-12-20 06:00:00+00:00,,PRE_TRADE_PROJECTED_EQUITY_BREACH
REJECTED,EURUSD,BUY,2017-12-21 23:00:00+00:00,,PRE_TRADE_PROJECTED_EQUITY_BREACH
REJECTED,EURUSD,BUY,2017-12-22 15:00:00+00:00,,PRE_TRADE_PROJECTED_EQUITY_BREACH
REJECTED,EURUSD,BUY,2017-12-26 09:30:00+00:00,,PRE_TRADE_PROJECTED_EQUITY_BREACH
REJECTED,GBPUSD,SELL,2017-12-26 15:30:00+00:00,,PRE_TRADE_PROJECTED_EQUITY_BREACH
REJECTED,EURUSD,BUY,2017-12-26 21:30:00+00:00,,PRE_TRADE_PROJECTED_EQUITY_BREACH
REJECTED,GBPUSD,BUY,2017-12-27 15:30:00+00:00,,PRE_TRADE_PROJECTED_EQUITY_BREACH
REJECTED,EURUSD,BUY,2017-12-27 21:30:00+00:00,,PRE_TRADE_PROJECTED_EQUITY_BREACH
REJECTED,EURUSD,BUY,2017-12-28 20:30:00+00:00,,PRE_TRADE_PROJECTED_EQUITY_BREACH
REJECTED,GBPUSD,BUY,2017-12-28 21:00:00+00:00,,PRE_TRADE_PROJECTED_EQUITY_BREACH
REJECTED,EURUSD,BUY,2017-12-29 20:00:00+00:00,,PRE_TRADE_PROJECTED_EQUITY_BREACH
REJECTED,GBPUSD,BUY,2017-12-29 20:30:00+00:00,,PRE_TRADE_PROJECTED_EQUITY_BREACH
REJECTED,EURUSD,BUY,2018-01-02 14:00:00+00:00,,PRE_TRADE_PROJECTED_EQUITY_BREACH
REJECTED,EURUSD,BUY,2018-01-03 07:30:00+00:00,,PRE_TRADE_PROJECTED_EQUITY_BREACH
REJECTED,GBPUSD,BUY,2018-01-03 09:30:00+00:00,,PRE_TRADE_PROJECTED_EQUITY_BREACH
REJECTED,EURUSD,BUY,2018-01-03 10:30:00+00:00,,PRE_TRADE_PROJECTED_EQUITY_BREACH
REJECTED,GBPUSD,BUY,2018-01-03 15:00:00+00:00,,PRE_TRADE_PROJECTED_EQUITY_BREACH
REJECTED,EURUSD,BUY,2018-01-05 06:30:00+00:00,,PRE_TRADE_PROJECTED_EQUITY_BREACH
REJECTED,EURUSD,BUY,2018-01-05 09:30:00+00:00,,PRE_TRADE_PROJECTED_EQUITY_BREACH
REJECTED,EURUSD,BUY,2018-01-05 21:00:00+00:00,,PRE_TRADE_PROJECTED_EQUITY_BREACH
REJECTED,EURUSD,BUY,2018-01-08 04:00:00+00:00,,PRE_TRADE_PROJECTED_EQUITY_BREACH
REJECTED,GBPUSD,BUY,2018-01-08 04:00:00+00:00,,PRE_TRADE_PROJECTED_EQUITY_BREACH
REJECTED,EURUSD,BUY,2018-01-08 05:30:00+00:00,,PRE_TRADE_PROJECTED_EQUITY_BREACH
REJECTED,EURUSD,BUY,2018-01-08 07:30:00+00:00,,PRE_TRADE_PROJECTED_EQUITY_BREACH
REJECTED,GBPUSD,BUY,2018-01-08 07:30:00+00:00,,PRE_TRADE_PROJECTED_EQUITY_BREACH
REJECTED,GBPUSD,BUY,2018-01-09 07:00:00+00:00,,PRE_TRADE_PROJECTED_EQUITY_BREACH
REJECTED,GBPUSD,BUY,2018-01-09 13:00:00+00:00,,PRE_TRADE_PROJECTED_EQUITY_BREACH
REJECTED,EURUSD,SELL,2018-01-10 08:00:00+00:00,,PRE_TRADE_PROJECTED_EQUITY_BREACH
REJECTED,EURUSD,BUY,2018-01-10 16:00:00+00:00,,PRE_TRADE_PROJECTED_EQUITY_BREACH
REJECTED,GBPUSD,BUY,2018-01-15 19:30:00+00:00,,PRE_TRADE_PROJECTED_EQUITY_BREACH
REJECTED,EURUSD,BUY,2018-01-16 07:00:00+00:00,,PRE_TRADE_PROJECTED_EQUITY_BREACH
REJECTED,GBPUSD,BUY,2018-01-17 03:30:00+00:00,,PRE_TRADE_PROJECTED_EQUITY_BREACH
REJECTED,EURUSD,BUY,2018-01-17 04:30:00+00:00,,PRE_TRADE_PROJECTED_EQUITY_BREACH
REJECTED,GBPUSD,BUY,2018-01-17 04:30:00+00:00,,PRE_TRADE_PROJECTED_EQUITY_BREACH
REJECTED,EURUSD,BUY,2018-01-17 21:00:00+00:00,,PRE_TRADE_PROJECTED_EQUITY_BREACH
REJECTED,GBPUSD,BUY,2018-01-17 21:30:00+00:00,,PRE_TRADE_PROJECTED_EQUITY_BREACH
REJECTED,EURUSD,BUY,2018-01-17 22:30:00+00:00,,PRE_TRADE_PROJECTED_EQUITY_BREACH
REJECTED,EURUSD,BUY,2018-01-18 03:30:00+00:00,,PRE_TRADE_PROJECTED_EQUITY_BREACH
REJECTED,GBPUSD,BUY,2018-01-19 11:00:00+00:00,,PRE_TRADE_PROJECTED_EQUITY_BREACH
REJECTED,EURUSD,BUY,2018-01-19 14:00:00+00:00,,PRE_TRADE_PROJECTED_EQUITY_BREACH
REJECTED,EURUSD,BUY,2018-01-19 20:30:00+00:00,,PRE_TRADE_PROJECTED_EQUITY_BREACH
REJECTED,GBPUSD,BUY,2018-01-23 10:00:00+00:00,,PRE_TRADE_PROJECTED_EQUITY_BREACH
REJECTED,EURUSD,BUY,2018-01-25 00:00:00+00:00,,PRE_TRADE_PROJECTED_EQUITY_BREACH
REJECTED,EURUSD,BUY,2018-01-25 08:00:00+00:00,,PRE_TRADE_PROJECTED_EQUITY_BREACH
REJECTED,GBPUSD,BUY,2018-01-25 16:30:00+00:00,,PRE_TRADE_PROJECTED_EQUITY_BREACH
REJECTED,EURUSD,BUY,2018-01-25 19:00:00+00:00,,PRE_TRADE_PROJECTED_EQUITY_BREACH
REJECTED,GBPUSD,BUY,2018-01-25 19:00:00+00:00,,PRE_TRADE_PROJECTED_EQUITY_BREACH
REJECTED,EURUSD,BUY,2018-01-26 14:00:00+00:00,,PRE_TRADE_PROJECTED_EQUITY_BREACH
REJECTED,GBPUSD,BUY,2018-01-26 14:00:00+00:00,,PRE_TRADE_PROJECTED_EQUITY_BREACH
REJECTED,GBPUSD,BUY,2018-01-26 15:00:00+00:00,,PRE_TRADE_PROJECTED_EQUITY_BREACH
REJECTED,EURUSD,BUY,2018-01-29 02:00:00+00:00,,PRE_TRADE_PROJECTED_EQUITY_BREACH
REJECTED,GBPUSD,BUY,2018-01-29 02:00:00+00:00,,PRE_TRADE_PROJECTED_EQUITY_BREACH
REJECTED,GBPUSD,BUY,2018-01-29 07:00:00+00:00,,PRE_TRADE_PROJECTED_EQUITY_BREACH
REJECTED,EURUSD,BUY,2018-01-29 13:00:00+00:00,,PRE_TRADE_PROJECTED_EQUITY_BREACH
REJECTED,GBPUSD,BUY,2018-01-29 16:00:00+00:00,,PRE_TRADE_PROJECTED_EQUITY_BREACH
REJECTED,GBPUSD,BUY,2018-01-30 01:00:00+00:00,,PRE_TRADE_PROJECTED_EQUITY_BREACH
REJECTED,EURUSD,BUY,2018-01-30 06:00:00+00:00,,PRE_TRADE_PROJECTED_EQUITY_BREACH
REJECTED,EURUSD,BUY,2018-01-30 16:00:00+00:00,,PRE_TRADE_PROJECTED_EQUITY_BREACH
REJECTED,GBPUSD,BUY,2018-01-31 09:30:00+00:00,,PRE_TRADE_PROJECTED_EQUITY_BREACH
REJECTED,EURUSD,BUY,2018-01-31 16:30:00+00:00,,PRE_TRADE_PROJECTED_EQUITY_BREACH
REJECTED,GBPUSD,BUY,2018-02-01 06:00:00+00:00,,PRE_TRADE_PROJECTED_EQUITY_BREACH
REJECTED,EURUSD,BUY,2018-02-01 06:30:00+00:00,,PRE_TRADE_PROJECTED_EQUITY_BREACH
REJECTED,GBPUSD,BUY,2018-02-02 07:30:00+00:00,,PRE_TRADE_PROJECTED_EQUITY_BREACH
REJECTED,EURUSD,BUY,2018-02-02 13:30:00+00:00,,PRE_TRADE_PROJECTED_EQUITY_BREACH
REJECTED,GBPUSD,BUY,2018-02-02 13:30:00+00:00,,PRE_TRADE_PROJECTED_EQUITY_BREACH
REJECTED,EURUSD,BUY,2018-02-04 22:00:00+00:00,,PRE_TRADE_PROJECTED_EQUITY_BREACH
REJECTED,EURUSD,BUY,2018-02-05 07:30:00+00:00,,PRE_TRADE_PROJECTED_EQUITY_BREACH
REJECTED,EURUSD,BUY,2018-02-05 12:30:00+00:00,,PRE_TRADE_PROJECTED_EQUITY_BREACH
REJECTED,EURUSD,BUY,2018-02-05 14:00:00+00:00,,PRE_TRADE_PROJECTED_EQUITY_BREACH
REJECTED,EURUSD,SELL,2018-02-06 07:30:00+00:00,,PRE_TRADE_PROJECTED_EQUITY_BREACH
REJECTED,GBPUSD,SELL,2018-02-06 17:00:00+00:00,,PRE_TRADE_PROJECTED_EQUITY_BREACH
REJECTED,EURUSD,SELL,2018-02-06 17:30:00+00:00,,PRE_TRADE_PROJECTED_EQUITY_BREACH
REJECTED,GBPUSD,SELL,2018-02-07 14:30:00+00:00,,PRE_TRADE_PROJECTED_EQUITY_BREACH
REJECTED,EURUSD,SELL,2018-02-08 01:00:00+00:00,,PRE_TRADE_PROJECTED_EQUITY_BREACH
REJECTED,GBPUSD,SELL,2018-02-08 11:00:00+00:00,,PRE_TRADE_PROJECTED_EQUITY_BREACH
REJECTED,GBPUSD,SELL,2018-02-08 13:00:00+00:00,,PRE_TRADE_PROJECTED_EQUITY_BREACH
REJECTED,EURUSD,SELL,2018-02-08 14:00:00+00:00,,PRE_TRADE_PROJECTED_EQUITY_BREACH
REJECTED,GBPUSD,SELL,2018-02-08 23:00:00+00:00,,PRE_TRADE_PROJECTED_EQUITY_BREACH
REJECTED,GBPUSD,SELL,2018-02-09 06:30:00+00:00,,PRE_TRADE_PROJECTED_EQUITY_BREACH
REJECTED,EURUSD,SELL,2018-02-09 07:30:00+00:00,,PRE_TRADE_PROJECTED_EQUITY_BREACH
REJECTED,EURUSD,SELL,2018-02-09 13:30:00+00:00,,PRE_TRADE_PROJECTED_EQUITY_BREACH
REJECTED,EURUSD,SELL,2018-02-09 21:00:00+00:00,,PRE_TRADE_PROJECTED_EQUITY_BREACH
REJECTED,GBPUSD,SELL,2018-02-09 21:00:00+00:00,,PRE_TRADE_PROJECTED_EQUITY_BREACH
REJECTED,EURUSD,SELL,2018-02-12 00:30:00+00:00,,PRE_TRADE_PROJECTED_EQUITY_BREACH
REJECTED,GBPUSD,SELL,2018-02-12 02:30:00+00:00,,PRE_TRADE_PROJECTED_EQUITY_BREACH
REJECTED,GBPUSD,SELL,2018-02-12 03:30:00+00:00,,PRE_TRADE_PROJECTED_EQUITY_BREACH
REJECTED,GBPUSD,SELL,2018-02-12 23:00:00+00:00,,PRE_TRADE_PROJECTED_EQUITY_BREACH
REJECTED,EURUSD,SELL,2018-02-12 23:30:00+00:00,,PRE_TRADE_PROJECTED_EQUITY_BREACH
REJECTED,EURUSD,SELL,2018-02-13 04:30:00+00:00,,PRE_TRADE_PROJECTED_EQUITY_BREACH
REJECTED,GBPUSD,SELL,2018-02-13 04:30:00+00:00,,PRE_TRADE_PROJECTED_EQUITY_BREACH
REJECTED,GBPUSD,SELL,2018-02-13 10:00:00+00:00,,PRE_TRADE_PROJECTED_EQUITY_BREACH
REJECTED,GBPUSD,SELL,2018-02-14 02:30:00+00:00,,PRE_TRADE_PROJECTED_EQUITY_BREACH
REJECTED,EURUSD,BUY,2018-02-14 08:00:00+00:00,,PRE_TRADE_PROJECTED_EQUITY_BREACH
REJECTED,EURUSD,BUY,2018-02-14 09:30:00+00:00,,PRE_TRADE_PROJECTED_EQUITY_BREACH
REJECTED,EURUSD,BUY,2018-02-15 11:00:00+00:00,,PRE_TRADE_PROJECTED_EQUITY_BREACH
REJECTED,EURUSD,BUY,2018-02-16 07:30:00+00:00,,PRE_TRADE_PROJECTED_EQUITY_BREACH
REJECTED,EURUSD,BUY,2018-02-16 10:00:00+00:00,,PRE_TRADE_PROJECTED_EQUITY_BREACH
REJECTED,GBPUSD,BUY,2018-02-16 10:00:00+00:00,,PRE_TRADE_PROJECTED_EQUITY_BREACH
REJECTED,EURUSD,BUY,2018-02-16 14:00:00+00:00,,PRE_TRADE_PROJECTED_EQUITY_BREACH
REJECTED,GBPUSD,BUY,2018-02-16 14:00:00+00:00,,PRE_TRADE_PROJECTED_EQUITY_BREACH
REJECTED,EURUSD,BUY,2018-02-16 18:30:00+00:00,,PRE_TRADE_PROJECTED_EQUITY_BREACH
REJECTED,GBPUSD,BUY,2018-02-16 18:30:00+00:00,,PRE_TRADE_PROJECTED_EQUITY_BREACH
REJECTED,EURUSD,BUY,2018-02-19 04:30:00+00:00,,PRE_TRADE_PROJECTED_EQUITY_BREACH
REJECTED,GBPUSD,BUY,2018-02-19 04:30:00+00:00,,PRE_TRADE_PROJECTED_EQUITY_BREACH
REJECTED,GBPUSD,BUY,2018-02-19 13:00:00+00:00,,PRE_TRADE_PROJECTED_EQUITY_BREACH
REJECTED,EURUSD,SELL,2018-02-22 08:30:00+00:00,,PRE_TRADE_PROJECTED_EQUITY_BREACH
REJECTED,GBPUSD,SELL,2018-02-22 14:00:00+00:00,,PRE_TRADE_PROJECTED_EQUITY_BREACH
REJECTED,EURUSD,SELL,2018-02-22 15:00:00+00:00,,PRE_TRADE_PROJECTED_EQUITY_BREACH
REJECTED,GBPUSD,SELL,2018-02-22 18:00:00+00:00,,PRE_TRADE_PROJECTED_EQUITY_BREACH
REJECTED,EURUSD,SELL,2018-02-26 02:00:00+00:00,,PRE_TRADE_PROJECTED_EQUITY_BREACH
REJECTED,EURUSD,SELL,2018-02-26 05:30:00+00:00,,PRE_TRADE_PROJECTED_EQUITY_BREACH
REJECTED,GBPUSD,BUY,2018-02-26 14:00:00+00:00,,PRE_TRADE_PROJECTED_EQUITY_BREACH
REJECTED,EURUSD,SELL,2018-02-26 21:00:00+00:00,,PRE_TRADE_PROJECTED_EQUITY_BREACH
REJECTED,EURUSD,SELL,2018-02-27 00:30:00+00:00,,PRE_TRADE_PROJECTED_EQUITY_BREACH
REJECTED,EURUSD,SELL,2018-02-27 06:00:00+00:00,,PRE_TRADE_PROJECTED_EQUITY_BREACH
REJECTED,GBPUSD,SELL,2018-02-27 06:00:00+00:00,,PRE_TRADE_PROJECTED_EQUITY_BREACH
REJECTED,GBPUSD,SELL,2018-02-27 18:00:00+00:00,,PRE_TRADE_PROJECTED_EQUITY_BREACH
REJECTED,EURUSD,SELL,2018-03-01 06:30:00+00:00,,PRE_TRADE_PROJECTED_EQUITY_BREACH
REJECTED,GBPUSD,SELL,2018-03-01 06:30:00+00:00,,PRE_TRADE_PROJECTED_EQUITY_BREACH
REJECTED,GBPUSD,SELL,2018-03-01 13:30:00+00:00,,PRE_TRADE_PROJECTED_EQUITY_BREACH
REJECTED,EURUSD,SELL,2018-03-01 16:30:00+00:00,,PRE_TRADE_PROJECTED_EQUITY_BREACH
REJECTED,EURUSD,SELL,2018-03-01 20:00:00+00:00,,PRE_TRADE_PROJECTED_EQUITY_BREACH
REJECTED,GBPUSD,SELL,2018-03-01 20:00:00+00:00,,PRE_TRADE_PROJECTED_EQUITY_BREACH
REJECTED,GBPUSD,SELL,2018-03-02 01:30:00+00:00,,PRE_TRADE_PROJECTED_EQUITY_BREACH
REJECTED,GBPUSD,SELL,2018-03-02 19:30:00+00:00,,PRE_TRADE_PROJECTED_EQUITY_BREACH
REJECTED,GBPUSD,SELL,2018-03-04 22:00:00+00:00,,PRE_TRADE_PROJECTED_EQUITY_BREACH
REJECTED,EURUSD,BUY,2018-03-05 06:00:00+00:00,,PRE_TRADE_PROJECTED_EQUITY_BREACH
REJECTED,EURUSD,BUY,2018-03-05 12:00:00+00:00,,PRE_TRADE_PROJECTED_EQUITY_BREACH
REJECTED,GBPUSD,SELL,2018-03-05 16:00:00+00:00,,PRE_TRADE_PROJECTED_EQUITY_BREACH
REJECTED,EURUSD,BUY,2018-03-06 07:30:00+00:00,,PRE_TRADE_PROJECTED_EQUITY_BREACH
REJECTED,GBPUSD,SELL,2018-03-06 11:00:00+00:00,,PRE_TRADE_PROJECTED_EQUITY_BREACH
REJECTED,GBPUSD,BUY,2018-03-07 02:00:00+00:00,,PRE_TRADE_PROJECTED_EQUITY_BREACH
REJECTED,GBPUSD,BUY,2018-03-07 09:00:00+00:00,,PRE_TRADE_PROJECTED_EQUITY_BREACH
REJECTED,EURUSD,BUY,2018-03-07 15:00:00+00:00,,PRE_TRADE_PROJECTED_EQUITY_BREACH
REJECTED,GBPUSD,BUY,2018-03-08 06:00:00+00:00,,PRE_TRADE_PROJECTED_EQUITY_BREACH
REJECTED,EURUSD,BUY,2018-03-08 11:00:00+00:00,,PRE_TRADE_PROJECTED_EQUITY_BREACH
REJECTED,GBPUSD,SELL,2018-03-09 04:00:00+00:00,,PRE_TRADE_PROJECTED_EQUITY_BREACH
REJECTED,EURUSD,SELL,2018-03-09 05:00:00+00:00,,PRE_TRADE_PROJECTED_EQUITY_BREACH
REJECTED,GBPUSD,SELL,2018-03-09 11:00:00+00:00,,PRE_TRADE_PROJECTED_EQUITY_BREACH
REJECTED,EURUSD,SELL,2018-03-09 15:00:00+00:00,,PRE_TRADE_PROJECTED_EQUITY_BREACH
REJECTED,EURUSD,SELL,2018-03-12 03:30:00+00:00,,PRE_TRADE_PROJECTED_EQUITY_BREACH
REJECTED,EURUSD,SELL,2018-03-12 16:00:00+00:00,,PRE_TRADE_PROJECTED_EQUITY_BREACH
REJECTED,EURUSD,BUY,2018-03-13 04:30:00+00:00,,PRE_TRADE_PROJECTED_EQUITY_BREACH
REJECTED,GBPUSD,BUY,2018-03-13 05:00:00+00:00,,PRE_TRADE_PROJECTED_EQUITY_BREACH
REJECTED,EURUSD,BUY,2018-03-14 09:00:00+00:00,,PRE_TRADE_PROJECTED_EQUITY_BREACH
REJECTED,GBPUSD,BUY,2018-03-14 09:00:00+00:00,,PRE_TRADE_PROJECTED_EQUITY_BREACH
REJECTED,GBPUSD,BUY,2018-03-14 21:30:00+00:00,,PRE_TRADE_PROJECTED_EQUITY_BREACH
REJECTED,EURUSD,BUY,2018-03-15 07:00:00+00:00,,PRE_TRADE_PROJECTED_EQUITY_BREACH
REJECTED,GBPUSD,BUY,2018-03-15 10:30:00+00:00,,PRE_TRADE_PROJECTED_EQUITY_BREACH
REJECTED,GBPUSD,BUY,2018-03-15 12:00:00+00:00,,PRE_TRADE_PROJECTED_EQUITY_BREACH
REJECTED,GBPUSD,BUY,2018-03-16 02:00:00+00:00,,PRE_TRADE_PROJECTED_EQUITY_BREACH
REJECTED,EURUSD,SELL,2018-03-16 06:30:00+00:00,,PRE_TRADE_PROJECTED_EQUITY_BREACH
REJECTED,EURUSD,SELL,2018-03-16 10:00:00+00:00,,PRE_TRADE_PROJECTED_EQUITY_BREACH
REJECTED,GBPUSD,BUY,2018-03-16 14:30:00+00:00,,PRE_TRADE_PROJECTED_EQUITY_BREACH
REJECTED,GBPUSD,BUY,2018-03-19 02:00:00+00:00,,PRE_TRADE_PROJECTED_EQUITY_BREACH
REJECTED,EURUSD,SELL,2018-03-19 09:00:00+00:00,,PRE_TRADE_PROJECTED_EQUITY_BREACH
REJECTED,GBPUSD,BUY,2018-03-19 16:30:00+00:00,,PRE_TRADE_PROJECTED_EQUITY_BREACH
REJECTED,EURUSD,BUY,2018-03-20 05:30:00+00:00,,PRE_TRADE_PROJECTED_EQUITY_BREACH
REJECTED,GBPUSD,BUY,2018-03-20 12:30:00+00:00,,PRE_TRADE_PROJECTED_EQUITY_BREACH
REJECTED,EURUSD,SELL,2018-03-21 01:30:00+00:00,,PRE_TRADE_PROJECTED_EQUITY_BREACH
REJECTED,GBPUSD,BUY,2018-03-21 07:00:00+00:00,,PRE_TRADE_PROJECTED_EQUITY_BREACH
REJECTED,EURUSD,SELL,2018-03-21 08:30:00+00:00,,PRE_TRADE_PROJECTED_EQUITY_BREACH
REJECTED,EURUSD,SELL,2018-03-21 19:00:00+00:00,,PRE_TRADE_PROJECTED_EQUITY_BREACH
REJECTED,EURUSD,BUY,2018-03-22 06:30:00+00:00,,PRE_TRADE_PROJECTED_EQUITY_BREACH
REJECTED,EURUSD,BUY,2018-03-22 10:30:00+00:00,,PRE_TRADE_PROJECTED_EQUITY_BREACH
REJECTED,GBPUSD,BUY,2018-03-22 14:00:00+00:00,,PRE_TRADE_PROJECTED_EQUITY_BREACH
REJECTED,GBPUSD,BUY,2018-03-22 15:30:00+00:00,,PRE_TRADE_PROJECTED_EQUITY_BREACH
REJECTED,GBPUSD,BUY,2018-03-22 21:30:00+00:00,,PRE_TRADE_PROJECTED_EQUITY_BREACH
REJECTED,GBPUSD,BUY,2018-03-23 20:00:00+00:00,,PRE_TRADE_PROJECTED_EQUITY_BREACH
REJECTED,EURUSD,BUY,2018-03-26 06:30:00+00:00,,PRE_TRADE_PROJECTED_EQUITY_BREACH
REJECTED,GBPUSD,BUY,2018-03-26 06:30:00+00:00,,PRE_TRADE_PROJECTED_EQUITY_BREACH
REJECTED,EURUSD,BUY,2018-03-26 21:30:00+00:00,,PRE_TRADE_PROJECTED_EQUITY_BREACH
REJECTED,GBPUSD,BUY,2018-03-27 02:30:00+00:00,,PRE_TRADE_PROJECTED_EQUITY_BREACH
REJECTED,GBPUSD,BUY,2018-03-27 08:30:00+00:00,,PRE_TRADE_PROJECTED_EQUITY_BREACH
REJECTED,EURUSD,BUY,2018-03-27 09:30:00+00:00,,PRE_TRADE_PROJECTED_EQUITY_BREACH
REJECTED,EURUSD,BUY,2018-03-27 12:00:00+00:00,,PRE_TRADE_PROJECTED_EQUITY_BREACH
REJECTED,EURUSD,BUY,2018-03-28 07:00:00+00:00,,PRE_TRADE_PROJECTED_EQUITY_BREACH
REJECTED,GBPUSD,BUY,2018-03-28 08:00:00+00:00,,PRE_TRADE_PROJECTED_EQUITY_BREACH
REJECTED,EURUSD,BUY,2018-03-28 14:00:00+00:00,,PRE_TRADE_PROJECTED_EQUITY_BREACH
REJECTED,GBPUSD,BUY,2018-03-28 14:00:00+00:00,,PRE_TRADE_PROJECTED_EQUITY_BREACH
REJECTED,EURUSD,SELL,2018-03-30 03:00:00+00:00,,PRE_TRADE_PROJECTED_EQUITY_BREACH
REJECTED,GBPUSD,SELL,2018-04-02 01:00:00+00:00,,PRE_TRADE_PROJECTED_EQUITY_BREACH
REJECTED,EURUSD,SELL,2018-04-02 08:30:00+00:00,,PRE_TRADE_PROJECTED_EQUITY_BREACH
REJECTED,GBPUSD,SELL,2018-04-02 08:30:00+00:00,,PRE_TRADE_PROJECTED_EQUITY_BREACH
REJECTED,EURUSD,SELL,2018-04-03 04:00:00+00:00,,PRE_TRADE_PROJECTED_EQUITY_BREACH
REJECTED,EURUSD,SELL,2018-04-03 07:30:00+00:00,,PRE_TRADE_PROJECTED_EQUITY_BREACH
REJECTED,GBPUSD,BUY,2018-04-04 07:00:00+00:00,,PRE_TRADE_PROJECTED_EQUITY_BREACH
REJECTED,EURUSD,SELL,2018-04-05 00:30:00+00:00,,PRE_TRADE_PROJECTED_EQUITY_BREACH
REJECTED,EURUSD,SELL,2018-04-05 10:00:00+00:00,,PRE_TRADE_PROJECTED_EQUITY_BREACH
REJECTED,EURUSD,SELL,2018-04-05 23:30:00+00:00,,PRE_TRADE_PROJECTED_EQUITY_BREACH
REJECTED,GBPUSD,SELL,2018-04-06 01:00:00+00:00,,PRE_TRADE_PROJECTED_EQUITY_BREACH
REJECTED,EURUSD,SELL,2018-04-06 02:30:00+00:00,,PRE_TRADE_PROJECTED_EQUITY_BREACH
REJECTED,GBPUSD,SELL,2018-04-06 10:30:00+00:00,,PRE_TRADE_PROJECTED_EQUITY_BREACH
REJECTED,EURUSD,SELL,2018-04-06 11:00:00+00:00,,PRE_TRADE_PROJECTED_EQUITY_BREACH
REJECTED,EURUSD,SELL,2018-04-06 14:00:00+00:00,,PRE_TRADE_PROJECTED_EQUITY_BREACH
REJECTED,GBPUSD,SELL,2018-04-06 14:00:00+00:00,,PRE_TRADE_PROJECTED_EQUITY_BREACH
REJECTED,EURUSD,SELL,2018-04-09 13:00:00+00:00,,PRE_TRADE_PROJECTED_EQUITY_BREACH
REJECTED,EURUSD,BUY,2018-04-10 03:00:00+00:00,,PRE_TRADE_PROJECTED_EQUITY_BREACH
REJECTED,GBPUSD,BUY,2018-04-10 03:00:00+00:00,,PRE_TRADE_PROJECTED_EQUITY_BREACH
REJECTED,EURUSD,BUY,2018-04-11 02:30:00+00:00,,PRE_TRADE_PROJECTED_EQUITY_BREACH
REJECTED,GBPUSD,BUY,2018-04-11 12:30:00+00:00,,PRE_TRADE_PROJECTED_EQUITY_BREACH
REJECTED,EURUSD,BUY,2018-04-11 19:00:00+00:00,,PRE_TRADE_PROJECTED_EQUITY_BREACH
REJECTED,EURUSD,BUY,2018-04-12 03:30:00+00:00,,PRE_TRADE_PROJECTED_EQUITY_BREACH
REJECTED,GBPUSD,BUY,2018-04-12 09:30:00+00:00,,PRE_TRADE_PROJECTED_EQUITY_BREACH
REJECTED,GBPUSD,BUY,2018-04-13 12:00:00+00:00,,PRE_TRADE_PROJECTED_EQUITY_BREACH
REJECTED,GBPUSD,BUY,2018-04-13 19:30:00+00:00,,PRE_TRADE_PROJECTED_EQUITY_BREACH
REJECTED,EURUSD,BUY,2018-04-16 05:30:00+00:00,,PRE_TRADE_PROJECTED_EQUITY_BREACH
REJECTED,GBPUSD,BUY,2018-04-16 06:30:00+00:00,,PRE_TRADE_PROJECTED_EQUITY_BREACH
REJECTED,EURUSD,BUY,2018-04-17 10:30:00+00:00,,PRE_TRADE_PROJECTED_EQUITY_BREACH
REJECTED,EURUSD,BUY,2018-04-17 13:30:00+00:00,,PRE_TRADE_PROJECTED_EQUITY_BREACH
REJECTED,GBPUSD,BUY,2018-04-17 14:30:00+00:00,,PRE_TRADE_PROJECTED_EQUITY_BREACH
REJECTED,EURUSD,BUY,2018-04-18 08:00:00+00:00,,PRE_TRADE_PROJECTED_EQUITY_BREACH
REJECTED,GBPUSD,BUY,2018-04-18 09:00:00+00:00,,PRE_TRADE_PROJECTED_EQUITY_BREACH
REJECTED,EURUSD,BUY,2018-04-19 01:30:00+00:00,,PRE_TRADE_PROJECTED_EQUITY_BREACH
REJECTED,EURUSD,SELL,2018-04-20 17:30:00+00:00,,PRE_TRADE_PROJECTED_EQUITY_BREACH
REJECTED,GBPUSD,SELL,2018-04-23 07:00:00+00:00,,PRE_TRADE_PROJECTED_EQUITY_BREACH
REJECTED,GBPUSD,SELL,2018-04-25 00:00:00+00:00,,PRE_TRADE_PROJECTED_EQUITY_BREACH
REJECTED,GBPUSD,SELL,2018-04-26 11:30:00+00:00,,PRE_TRADE_PROJECTED_EQUITY_BREACH
REJECTED,GBPUSD,SELL,2018-04-26 14:00:00+00:00,,PRE_TRADE_PROJECTED_EQUITY_BREACH
REJECTED,GBPUSD,SELL,2018-04-27 04:00:00+00:00,,PRE_TRADE_PROJECTED_EQUITY_BREACH
REJECTED,EURUSD,SELL,2018-04-27 15:30:00+00:00,,PRE_TRADE_PROJECTED_EQUITY_BREACH
REJECTED,EURUSD,SELL,2018-04-27 20:00:00+00:00,,PRE_TRADE_PROJECTED_EQUITY_BREACH
REJECTED,GBPUSD,SELL,2018-04-30 06:00:00+00:00,,PRE_TRADE_PROJECTED_EQUITY_BREACH
REJECTED,EURUSD,SELL,2018-04-30 06:30:00+00:00,,PRE_TRADE_PROJECTED_EQUITY_BREACH
REJECTED,EURUSD,SELL,2018-05-02 08:00:00+00:00,,PRE_TRADE_PROJECTED_EQUITY_BREACH
REJECTED,GBPUSD,SELL,2018-05-02 10:30:00+00:00,,PRE_TRADE_PROJECTED_EQUITY_BREACH
REJECTED,EURUSD,SELL,2018-05-03 02:00:00+00:00,,PRE_TRADE_PROJECTED_EQUITY_BREACH
REJECTED,GBPUSD,SELL,2018-05-03 02:00:00+00:00,,PRE_TRADE_PROJECTED_EQUITY_BREACH
REJECTED,EURUSD,SELL,2018-05-03 04:00:00+00:00,,PRE_TRADE_PROJECTED_EQUITY_BREACH
REJECTED,GBPUSD,SELL,2018-05-03 06:00:00+00:00,,PRE_TRADE_PROJECTED_EQUITY_BREACH
REJECTED,GBPUSD,SELL,2018-05-04 02:00:00+00:00,,PRE_TRADE_PROJECTED_EQUITY_BREACH
REJECTED,GBPUSD,SELL,2018-05-04 17:30:00+00:00,,PRE_TRADE_PROJECTED_EQUITY_BREACH
REJECTED,GBPUSD,SELL,2018-05-07 04:00:00+00:00,,PRE_TRADE_PROJECTED_EQUITY_BREACH
REJECTED,GBPUSD,SELL,2018-05-08 00:30:00+00:00,,PRE_TRADE_PROJECTED_EQUITY_BREACH
REJECTED,EURUSD,SELL,2018-05-08 01:00:00+00:00,,PRE_TRADE_PROJECTED_EQUITY_BREACH
REJECTED,GBPUSD,SELL,2018-05-08 07:00:00+00:00,,PRE_TRADE_PROJECTED_EQUITY_BREACH
REJECTED,EURUSD,SELL,2018-05-08 17:00:00+00:00,,PRE_TRADE_PROJECTED_EQUITY_BREACH
REJECTED,GBPUSD,SELL,2018-05-08 17:00:00+00:00,,PRE_TRADE_PROJECTED_EQUITY_BREACH
REJECTED,EURUSD,SELL,2018-05-09 10:00:00+00:00,,PRE_TRADE_PROJECTED_EQUITY_BREACH
REJECTED,EURUSD,SELL,2018-05-09 12:00:00+00:00,,PRE_TRADE_PROJECTED_EQUITY_BREACH
REJECTED,EURUSD,SELL,2018-05-10 02:30:00+00:00,,PRE_TRADE_PROJECTED_EQUITY_BREACH
REJECTED,GBPUSD,SELL,2018-05-10 03:00:00+00:00,,PRE_TRADE_PROJECTED_EQUITY_BREACH
REJECTED,GBPUSD,SELL,2018-05-10 11:00:00+00:00,,PRE_TRADE_PROJECTED_EQUITY_BREACH
REJECTED,EURUSD,SELL,2018-05-10 13:30:00+00:00,,PRE_TRADE_PROJECTED_EQUITY_BREACH
REJECTED,GBPUSD,SELL,2018-05-11 00:30:00+00:00,,PRE_TRADE_PROJECTED_EQUITY_BREACH
REJECTED,EURUSD,SELL,2018-05-11 11:00:00+00:00,,PRE_TRADE_PROJECTED_EQUITY_BREACH
REJECTED,GBPUSD,SELL,2018-05-11 11:00:00+00:00,,PRE_TRADE_PROJECTED_EQUITY_BREACH
REJECTED,EURUSD,SELL,2018-05-11 14:00:00+00:00,,PRE_TRADE_PROJECTED_EQUITY_BREACH
REJECTED,GBPUSD,SELL,2018-05-14 01:00:00+00:00,,PRE_TRADE_PROJECTED_EQUITY_BREACH
REJECTED,GBPUSD,SELL,2018-05-15 02:30:00+00:00,,PRE_TRADE_PROJECTED_EQUITY_BREACH
REJECTED,GBPUSD,SELL,2018-05-15 17:00:00+00:00,,PRE_TRADE_PROJECTED_EQUITY_BREACH
REJECTED,EURUSD,SELL,2018-05-16 06:30:00+00:00,,PRE_TRADE_PROJECTED_EQUITY_BREACH
REJECTED,GBPUSD,SELL,2018-05-16 06:30:00+00:00,,PRE_TRADE_PROJECTED_EQUITY_BREACH
REJECTED,EURUSD,SELL,2018-05-16 17:30:00+00:00,,PRE_TRADE_PROJECTED_EQUITY_BREACH
REJECTED,GBPUSD,SELL,2018-05-16 23:30:00+00:00,,PRE_TRADE_PROJECTED_EQUITY_BREACH
REJECTED,EURUSD,SELL,2018-05-17 03:00:00+00:00,,PRE_TRADE_PROJECTED_EQUITY_BREACH
REJECTED,GBPUSD,SELL,2018-05-17 03:00:00+00:00,,PRE_TRADE_PROJECTED_EQUITY_BREACH
REJECTED,EURUSD,SELL,2018-05-18 06:00:00+00:00,,PRE_TRADE_PROJECTED_EQUITY_BREACH
REJECTED,EURUSD,SELL,2018-05-18 07:30:00+00:00,,PRE_TRADE_PROJECTED_EQUITY_BREACH
REJECTED,EURUSD,SELL,2018-05-18 17:00:00+00:00,,PRE_TRADE_PROJECTED_EQUITY_BREACH
REJECTED,EURUSD,SELL,2018-05-21 12:30:00+00:00,,PRE_TRADE_PROJECTED_EQUITY_BREACH
REJECTED,EURUSD,SELL,2018-05-21 14:00:00+00:00,,PRE_TRADE_PROJECTED_EQUITY_BREACH
REJECTED,EURUSD,SELL,2018-05-21 20:30:00+00:00,,PRE_TRADE_PROJECTED_EQUITY_BREACH
REJECTED,GBPUSD,SELL,2018-05-21 21:00:00+00:00,,PRE_TRADE_PROJECTED_EQUITY_BREACH
REJECTED,GBPUSD,SELL,2018-05-22 09:00:00+00:00,,PRE_TRADE_PROJECTED_EQUITY_BREACH
REJECTED,GBPUSD,SELL,2018-05-23 00:30:00+00:00,,PRE_TRADE_PROJECTED_EQUITY_BREACH
REJECTED,GBPUSD,SELL,2018-05-23 15:00:00+00:00,,PRE_TRADE_PROJECTED_EQUITY_BREACH
REJECTED,EURUSD,SELL,2018-05-24 00:00:00+00:00,,PRE_TRADE_PROJECTED_EQUITY_BREACH
REJECTED,GBPUSD,SELL,2018-05-24 00:00:00+00:00,,PRE_TRADE_PROJECTED_EQUITY_BREACH
REJECTED,GBPUSD,SELL,2018-05-24 04:30:00+00:00,,PRE_TRADE_PROJECTED_EQUITY_BREACH
REJECTED,EURUSD,SELL,2018-05-24 08:00:00+00:00,,PRE_TRADE_PROJECTED_EQUITY_BREACH
REJECTED,GBPUSD,SELL,2018-05-24 09:30:00+00:00,,PRE_TRADE_PROJECTED_EQUITY_BREACH
REJECTED,EURUSD,SELL,2018-05-24 18:30:00+00:00,,PRE_TRADE_PROJECTED_EQUITY_BREACH
REJECTED,GBPUSD,SELL,2018-05-24 18:30:00+00:00,,PRE_TRADE_PROJECTED_EQUITY_BREACH
REJECTED,GBPUSD,SELL,2018-05-28 04:00:00+00:00,,PRE_TRADE_PROJECTED_EQUITY_BREACH
REJECTED,EURUSD,SELL,2018-05-28 06:00:00+00:00,,PRE_TRADE_PROJECTED_EQUITY_BREACH
REJECTED,GBPUSD,SELL,2018-05-29 01:00:00+00:00,,PRE_TRADE_PROJECTED_EQUITY_BREACH
REJECTED,GBPUSD,SELL,2018-05-29 13:30:00+00:00,,PRE_TRADE_PROJECTED_EQUITY_BREACH
REJECTED,EURUSD,SELL,2018-05-30 07:00:00+00:00,,PRE_TRADE_PROJECTED_EQUITY_BREACH
REJECTED,GBPUSD,SELL,2018-05-30 07:00:00+00:00,,PRE_TRADE_PROJECTED_EQUITY_BREACH
REJECTED,GBPUSD,SELL,2018-05-30 14:00:00+00:00,,PRE_TRADE_PROJECTED_EQUITY_BREACH
REJECTED,EURUSD,SELL,2018-05-30 16:30:00+00:00,,PRE_TRADE_PROJECTED_EQUITY_BREACH
REJECTED,EURUSD,SELL,2018-05-30 21:00:00+00:00,,PRE_TRADE_PROJECTED_EQUITY_BREACH
REJECTED,GBPUSD,SELL,2018-05-31 01:30:00+00:00,,PRE_TRADE_PROJECTED_EQUITY_BREACH
REJECTED,EURUSD,SELL,2018-05-31 06:30:00+00:00,,PRE_TRADE_PROJECTED_EQUITY_BREACH
REJECTED,GBPUSD,SELL,2018-05-31 06:30:00+00:00,,PRE_TRADE_PROJECTED_EQUITY_BREACH
REJECTED,GBPUSD,SELL,2018-05-31 09:30:00+00:00,,PRE_TRADE_PROJECTED_EQUITY_BREACH
REJECTED,GBPUSD,SELL,2018-06-01 07:00:00+00:00,,PRE_TRADE_PROJECTED_EQUITY_BREACH
REJECTED,EURUSD,SELL,2018-06-01 08:00:00+00:00,,PRE_TRADE_PROJECTED_EQUITY_BREACH
REJECTED,GBPUSD,SELL,2018-06-01 11:00:00+00:00,,PRE_TRADE_PROJECTED_EQUITY_BREACH
REJECTED,GBPUSD,SELL,2018-06-01 15:30:00+00:00,,PRE_TRADE_PROJECTED_EQUITY_BREACH
REJECTED,EURUSD,SELL,2018-06-04 01:00:00+00:00,,PRE_TRADE_PROJECTED_EQUITY_BREACH
REJECTED,GBPUSD,BUY,2018-06-04 14:00:00+00:00,,PRE_TRADE_PROJECTED_EQUITY_BREACH
REJECTED,EURUSD,BUY,2018-06-04 16:00:00+00:00,,PRE_TRADE_PROJECTED_EQUITY_BREACH
REJECTED,EURUSD,BUY,2018-06-05 03:30:00+00:00,,PRE_TRADE_PROJECTED_EQUITY_BREACH
REJECTED,GBPUSD,SELL,2018-06-05 07:30:00+00:00,,PRE_TRADE_PROJECTED_EQUITY_BREACH
REJECTED,GBPUSD,BUY,2018-06-07 12:30:00+00:00,,PRE_TRADE_PROJECTED_EQUITY_BREACH
REJECTED,EURUSD,BUY,2018-06-08 00:30:00+00:00,,PRE_TRADE_PROJECTED_EQUITY_BREACH
REJECTED,EURUSD,BUY,2018-06-08 11:00:00+00:00,,PRE_TRADE_PROJECTED_EQUITY_BREACH
REJECTED,EURUSD,BUY,2018-06-11 17:30:00+00:00,,PRE_TRADE_PROJECTED_EQUITY_BREACH
REJECTED,EURUSD,BUY,2018-06-11 23:00:00+00:00,,PRE_TRADE_PROJECTED_EQUITY_BREACH
REJECTED,EURUSD,BUY,2018-06-12 12:00:00+00:00,,PRE_TRADE_PROJECTED_EQUITY_BREACH
REJECTED,EURUSD,BUY,2018-06-12 18:00:00+00:00,,PRE_TRADE_PROJECTED_EQUITY_BREACH
REJECTED,EURUSD,SELL,2018-06-13 06:30:00+00:00,,PRE_TRADE_PROJECTED_EQUITY_BREACH
REJECTED,GBPUSD,SELL,2018-06-13 13:30:00+00:00,,PRE_TRADE_PROJECTED_EQUITY_BREACH
REJECTED,GBPUSD,SELL,2018-06-13 15:00:00+00:00,,PRE_TRADE_PROJECTED_EQUITY_BREACH
REJECTED,EURUSD,BUY,2018-06-13 19:00:00+00:00,,PRE_TRADE_PROJECTED_EQUITY_BREACH
REJECTED,GBPUSD,BUY,2018-06-14 13:00:00+00:00,,PRE_TRADE_PROJECTED_EQUITY_BREACH
REJECTED,EURUSD,SELL,2018-06-15 06:00:00+00:00,,PRE_TRADE_PROJECTED_EQUITY_BREACH
REJECTED,GBPUSD,SELL,2018-06-15 10:00:00+00:00,,PRE_TRADE_PROJECTED_EQUITY_BREACH
REJECTED,EURUSD,SELL,2018-06-15 14:00:00+00:00,,PRE_TRADE_PROJECTED_EQUITY_BREACH
REJECTED,EURUSD,SELL,2018-06-18 06:00:00+00:00,,PRE_TRADE_PROJECTED_EQUITY_BREACH
REJECTED,EURUSD,SELL,2018-06-18 10:00:00+00:00,,PRE_TRADE_PROJECTED_EQUITY_BREACH
REJECTED,GBPUSD,SELL,2018-06-18 16:00:00+00:00,,PRE_TRADE_PROJECTED_EQUITY_BREACH
REJECTED,EURUSD,SELL,2018-06-18 21:30:00+00:00,,PRE_TRADE_PROJECTED_EQUITY_BREACH
REJECTED,GBPUSD,SELL,2018-06-19 00:30:00+00:00,,PRE_TRADE_PROJECTED_EQUITY_BREACH
REJECTED,GBPUSD,SELL,2018-06-19 02:30:00+00:00,,PRE_TRADE_PROJECTED_EQUITY_BREACH
REJECTED,EURUSD,SELL,2018-06-19 16:00:00+00:00,,PRE_TRADE_PROJECTED_EQUITY_BREACH
REJECTED,EURUSD,SELL,2018-06-20 00:00:00+00:00,,PRE_TRADE_PROJECTED_EQUITY_BREACH
REJECTED,EURUSD,SELL,2018-06-20 13:00:00+00:00,,PRE_TRADE_PROJECTED_EQUITY_BREACH
REJECTED,GBPUSD,SELL,2018-06-20 13:00:00+00:00,,PRE_TRADE_PROJECTED_EQUITY_BREACH
REJECTED,GBPUSD,SELL,2018-06-21 12:00:00+00:00,,PRE_TRADE_PROJECTED_EQUITY_BREACH
REJECTED,EURUSD,SELL,2018-06-21 13:30:00+00:00,,PRE_TRADE_PROJECTED_EQUITY_BREACH
REJECTED,GBPUSD,SELL,2018-06-21 13:30:00+00:00,,PRE_TRADE_PROJECTED_EQUITY_BREACH
REJECTED,EURUSD,SELL,2018-06-21 19:30:00+00:00,,PRE_TRADE_PROJECTED_EQUITY_BREACH
REJECTED,EURUSD,SELL,2018-06-22 06:00:00+00:00,,PRE_TRADE_PROJECTED_EQUITY_BREACH
REJECTED,EURUSD,BUY,2018-06-25 07:00:00+00:00,,PRE_TRADE_PROJECTED_EQUITY_BREACH
REJECTED,EURUSD,BUY,2018-06-26 07:00:00+00:00,,PRE_TRADE_PROJECTED_EQUITY_BREACH
REJECTED,GBPUSD,BUY,2018-06-26 07:00:00+00:00,,PRE_TRADE_PROJECTED_EQUITY_BREACH
REJECTED,EURUSD,BUY,2018-06-26 10:00:00+00:00,,PRE_TRADE_PROJECTED_EQUITY_BREACH
REJECTED,EURUSD,BUY,2018-06-26 15:00:00+00:00,,PRE_TRADE_PROJECTED_EQUITY_BREACH
REJECTED,EURUSD,SELL,2018-06-28 11:30:00+00:00,,PRE_TRADE_PROJECTED_EQUITY_BREACH
REJECTED,GBPUSD,SELL,2018-06-29 03:30:00+00:00,,PRE_TRADE_PROJECTED_EQUITY_BREACH
REJECTED,GBPUSD,SELL,2018-06-29 05:00:00+00:00,,PRE_TRADE_PROJECTED_EQUITY_BREACH
REJECTED,GBPUSD,SELL,2018-06-29 09:30:00+00:00,,PRE_TRADE_PROJECTED_EQUITY_BREACH
REJECTED,GBPUSD,SELL,2018-06-29 15:00:00+00:00,,PRE_TRADE_PROJECTED_EQUITY_BREACH
REJECTED,EURUSD,BUY,2018-07-02 06:30:00+00:00,,PRE_TRADE_PROJECTED_EQUITY_BREACH
REJECTED,GBPUSD,SELL,2018-07-02 21:30:00+00:00,,PRE_TRADE_PROJECTED_EQUITY_BREACH
REJECTED,EURUSD,BUY,2018-07-03 02:00:00+00:00,,PRE_TRADE_PROJECTED_EQUITY_BREACH
REJECTED,GBPUSD,SELL,2018-07-03 06:30:00+00:00,,PRE_TRADE_PROJECTED_EQUITY_BREACH
REJECTED,GBPUSD,SELL,2018-07-03 08:30:00+00:00,,PRE_TRADE_PROJECTED_EQUITY_BREACH
REJECTED,EURUSD,BUY,2018-07-04 10:00:00+00:00,,PRE_TRADE_PROJECTED_EQUITY_BREACH
REJECTED,EURUSD,BUY,2018-07-04 20:30:00+00:00,,PRE_TRADE_PROJECTED_EQUITY_BREACH
REJECTED,GBPUSD,BUY,2018-07-04 21:30:00+00:00,,PRE_TRADE_PROJECTED_EQUITY_BREACH
REJECTED,GBPUSD,BUY,2018-07-05 19:00:00+00:00,,PRE_TRADE_PROJECTED_EQUITY_BREACH
REJECTED,EURUSD,BUY,2018-07-05 19:30:00+00:00,,PRE_TRADE_PROJECTED_EQUITY_BREACH
REJECTED,GBPUSD,BUY,2018-07-06 02:00:00+00:00,,PRE_TRADE_PROJECTED_EQUITY_BREACH
REJECTED,EURUSD,BUY,2018-07-06 02:30:00+00:00,,PRE_TRADE_PROJECTED_EQUITY_BREACH
REJECTED,EURUSD,BUY,2018-07-09 14:30:00+00:00,,PRE_TRADE_PROJECTED_EQUITY_BREACH
REJECTED,GBPUSD,BUY,2018-07-09 15:00:00+00:00,,PRE_TRADE_PROJECTED_EQUITY_BREACH
REJECTED,EURUSD,BUY,2018-07-10 09:30:00+00:00,,PRE_TRADE_PROJECTED_EQUITY_BREACH
REJECTED,EURUSD,BUY,2018-07-10 11:30:00+00:00,,PRE_TRADE_PROJECTED_EQUITY_BREACH
REJECTED,EURUSD,BUY,2018-07-10 22:00:00+00:00,,PRE_TRADE_PROJECTED_EQUITY_BREACH
REJECTED,EURUSD,BUY,2018-07-11 00:00:00+00:00,,PRE_TRADE_PROJECTED_EQUITY_BREACH
REJECTED,GBPUSD,BUY,2018-07-11 01:30:00+00:00,,PRE_TRADE_PROJECTED_EQUITY_BREACH
REJECTED,EURUSD,BUY,2018-07-11 10:00:00+00:00,,PRE_TRADE_PROJECTED_EQUITY_BREACH
REJECTED,GBPUSD,BUY,2018-07-11 10:00:00+00:00,,PRE_TRADE_PROJECTED_EQUITY_BREACH
REJECTED,GBPUSD,BUY,2018-07-11 11:00:00+00:00,,PRE_TRADE_PROJECTED_EQUITY_BREACH
REJECTED,EURUSD,SELL,2018-07-12 05:00:00+00:00,,PRE_TRADE_PROJECTED_EQUITY_BREACH
REJECTED,EURUSD,SELL,2018-07-12 16:30:00+00:00,,PRE_TRADE_PROJECTED_EQUITY_BREACH
REJECTED,EURUSD,SELL,2018-07-13 02:00:00+00:00,,PRE_TRADE_PROJECTED_EQUITY_BREACH
REJECTED,GBPUSD,SELL,2018-07-13 15:00:00+00:00,,PRE_TRADE_PROJECTED_EQUITY_BREACH
REJECTED,EURUSD,SELL,2018-07-13 15:30:00+00:00,,PRE_TRADE_PROJECTED_EQUITY_BREACH
REJECTED,GBPUSD,BUY,2018-07-17 02:00:00+00:00,,PRE_TRADE_PROJECTED_EQUITY_BREACH
REJECTED,EURUSD,BUY,2018-07-17 12:00:00+00:00,,PRE_TRADE_PROJECTED_EQUITY_BREACH
REJECTED,GBPUSD,BUY,2018-07-17 12:00:00+00:00,,PRE_TRADE_PROJECTED_EQUITY_BREACH
REJECTED,EURUSD,SELL,2018-07-18 15:00:00+00:00,,PRE_TRADE_PROJECTED_EQUITY_BREACH
REJECTED,GBPUSD,SELL,2018-07-18 16:00:00+00:00,,PRE_TRADE_PROJECTED_EQUITY_BREACH
REJECTED,EURUSD,SELL,2018-07-19 01:00:00+00:00,,PRE_TRADE_PROJECTED_EQUITY_BREACH
REJECTED,EURUSD,SELL,2018-07-19 15:30:00+00:00,,PRE_TRADE_PROJECTED_EQUITY_BREACH
REJECTED,EURUSD,SELL,2018-07-19 18:00:00+00:00,,PRE_TRADE_PROJECTED_EQUITY_BREACH
REJECTED,GBPUSD,SELL,2018-07-19 18:00:00+00:00,,PRE_TRADE_PROJECTED_EQUITY_BREACH
REJECTED,EURUSD,SELL,2018-07-20 05:30:00+00:00,,PRE_TRADE_PROJECTED_EQUITY_BREACH
REJECTED,GBPUSD,SELL,2018-07-20 11:30:00+00:00,,PRE_TRADE_PROJECTED_EQUITY_BREACH
REJECTED,EURUSD,SELL,2018-07-20 13:00:00+00:00,,PRE_TRADE_PROJECTED_EQUITY_BREACH
REJECTED,GBPUSD,SELL,2018-07-20 17:30:00+00:00,,PRE_TRADE_PROJECTED_EQUITY_BREACH
REJECTED,EURUSD,BUY,2018-07-23 03:30:00+00:00,,PRE_TRADE_PROJECTED_EQUITY_BREACH
REJECTED,GBPUSD,BUY,2018-07-23 03:30:00+00:00,,PRE_TRADE_PROJECTED_EQUITY_BREACH
REJECTED,EURUSD,BUY,2018-07-23 10:00:00+00:00,,PRE_TRADE_PROJECTED_EQUITY_BREACH
REJECTED,EURUSD,BUY,2018-07-23 17:00:00+00:00,,PRE_TRADE_PROJECTED_EQUITY_BREACH
REJECTED,GBPUSD,BUY,2018-07-26 08:30:00+00:00,,PRE_TRADE_PROJECTED_EQUITY_BREACH
REJECTED,EURUSD,BUY,2018-07-26 10:00:00+00:00,,PRE_TRADE_PROJECTED_EQUITY_BREACH
REJECTED,EURUSD,BUY,2018-07-26 13:30:00+00:00,,PRE_TRADE_PROJECTED_EQUITY_BREACH
REJECTED,GBPUSD,BUY,2018-07-26 13:30:00+00:00,,PRE_TRADE_PROJECTED_EQUITY_BREACH
REJECTED,EURUSD,SELL,2018-07-27 14:00:00+00:00,,PRE_TRADE_PROJECTED_EQUITY_BREACH
REJECTED,GBPUSD,SELL,2018-07-27 15:30:00+00:00,,PRE_TRADE_PROJECTED_EQUITY_BREACH
REJECTED,GBPUSD,SELL,2018-07-30 01:00:00+00:00,,PRE_TRADE_PROJECTED_EQUITY_BREACH
REJECTED,EURUSD,SELL,2018-07-30 06:00:00+00:00,,PRE_TRADE_PROJECTED_EQUITY_BREACH
REJECTED,GBPUSD,SELL,2018-07-30 06:00:00+00:00,,PRE_TRADE_PROJECTED_EQUITY_BREACH
REJECTED,GBPUSD,BUY,2018-07-31 13:30:00+00:00,,PRE_TRADE_PROJECTED_EQUITY_BREACH
REJECTED,EURUSD,BUY,2018-07-31 14:00:00+00:00,,PRE_TRADE_PROJECTED_EQUITY_BREACH
REJECTED,GBPUSD,SELL,2018-08-01 08:00:00+00:00,,PRE_TRADE_PROJECTED_EQUITY_BREACH
REJECTED,EURUSD,SELL,2018-08-02 00:00:00+00:00,,PRE_TRADE_PROJECTED_EQUITY_BREACH
REJECTED,GBPUSD,SELL,2018-08-02 12:00:00+00:00,,PRE_TRADE_PROJECTED_EQUITY_BREACH
REJECTED,GBPUSD,SELL,2018-08-03 06:30:00+00:00,,PRE_TRADE_PROJECTED_EQUITY_BREACH
REJECTED,EURUSD,SELL,2018-08-03 12:00:00+00:00,,PRE_TRADE_PROJECTED_EQUITY_BREACH
REJECTED,EURUSD,SELL,2018-08-07 00:30:00+00:00,,PRE_TRADE_PROJECTED_EQUITY_BREACH
REJECTED,EURUSD,SELL,2018-08-07 07:00:00+00:00,,PRE_TRADE_PROJECTED_EQUITY_BREACH
REJECTED,GBPUSD,SELL,2018-08-07 07:00:00+00:00,,PRE_TRADE_PROJECTED_EQUITY_BREACH
REJECTED,EURUSD,SELL,2018-08-07 10:30:00+00:00,,PRE_TRADE_PROJECTED_EQUITY_BREACH
REJECTED,EURUSD,SELL,2018-08-08 04:00:00+00:00,,PRE_TRADE_PROJECTED_EQUITY_BREACH
REJECTED,GBPUSD,SELL,2018-08-08 04:30:00+00:00,,PRE_TRADE_PROJECTED_EQUITY_BREACH
REJECTED,EURUSD,SELL,2018-08-08 19:00:00+00:00,,PRE_TRADE_PROJECTED_EQUITY_BREACH
REJECTED,EURUSD,SELL,2018-08-09 03:30:00+00:00,,PRE_TRADE_PROJECTED_EQUITY_BREACH
REJECTED,EURUSD,SELL,2018-08-13 14:00:00+00:00,,PRE_TRADE_PROJECTED_EQUITY_BREACH
REJECTED,GBPUSD,SELL,2018-08-13 15:00:00+00:00,,PRE_TRADE_PROJECTED_EQUITY_BREACH
REJECTED,EURUSD,SELL,2018-08-13 21:00:00+00:00,,PRE_TRADE_PROJECTED_EQUITY_BREACH
REJECTED,GBPUSD,SELL,2018-08-13 21:30:00+00:00,,PRE_TRADE_PROJECTED_EQUITY_BREACH
REJECTED,EURUSD,SELL,2018-08-14 03:00:00+00:00,,PRE_TRADE_PROJECTED_EQUITY_BREACH
REJECTED,GBPUSD,SELL,2018-08-14 03:30:00+00:00,,PRE_TRADE_PROJECTED_EQUITY_BREACH
REJECTED,GBPUSD,SELL,2018-08-14 07:00:00+00:00,,PRE_TRADE_PROJECTED_EQUITY_BREACH
REJECTED,GBPUSD,SELL,2018-08-14 08:00:00+00:00,,PRE_TRADE_PROJECTED_EQUITY_BREACH
REJECTED,EURUSD,SELL,2018-08-15 07:00:00+00:00,,PRE_TRADE_PROJECTED_EQUITY_BREACH
REJECTED,GBPUSD,SELL,2018-08-15 07:00:00+00:00,,PRE_TRADE_PROJECTED_EQUITY_BREACH
REJECTED,EURUSD,SELL,2018-08-16 02:30:00+00:00,,PRE_TRADE_PROJECTED_EQUITY_BREACH
REJECTED,GBPUSD,SELL,2018-08-16 03:00:00+00:00,,PRE_TRADE_PROJECTED_EQUITY_BREACH
REJECTED,GBPUSD,SELL,2018-08-16 14:30:00+00:00,,PRE_TRADE_PROJECTED_EQUITY_BREACH
REJECTED,EURUSD,SELL,2018-08-16 21:00:00+00:00,,PRE_TRADE_PROJECTED_EQUITY_BREACH
REJECTED,EURUSD,SELL,2018-08-17 02:00:00+00:00,,PRE_TRADE_PROJECTED_EQUITY_BREACH
REJECTED,GBPUSD,SELL,2018-08-17 02:00:00+00:00,,PRE_TRADE_PROJECTED_EQUITY_BREACH
REJECTED,GBPUSD,SELL,2018-08-17 07:00:00+00:00,,PRE_TRADE_PROJECTED_EQUITY_BREACH
REJECTED,EURUSD,SELL,2018-08-17 09:00:00+00:00,,PRE_TRADE_PROJECTED_EQUITY_BREACH
REJECTED,GBPUSD,SELL,2018-08-17 15:30:00+00:00,,PRE_TRADE_PROJECTED_EQUITY_BREACH
REJECTED,EURUSD,SELL,2018-08-17 19:00:00+00:00,,PRE_TRADE_PROJECTED_EQUITY_BREACH
REJECTED,GBPUSD,SELL,2018-08-20 00:00:00+00:00,,PRE_TRADE_PROJECTED_EQUITY_BREACH
REJECTED,EURUSD,SELL,2018-08-20 14:00:00+00:00,,PRE_TRADE_PROJECTED_EQUITY_BREACH
REJECTED,GBPUSD,BUY,2018-08-22 08:00:00+00:00,,PRE_TRADE_PROJECTED_EQUITY_BREACH
REJECTED,EURUSD,BUY,2018-08-22 15:00:00+00:00,,PRE_TRADE_PROJECTED_EQUITY_BREACH
REJECTED,EURUSD,BUY,2018-08-23 01:00:00+00:00,,PRE_TRADE_PROJECTED_EQUITY_BREACH
REJECTED,GBPUSD,BUY,2018-08-23 01:00:00+00:00,,PRE_TRADE_PROJECTED_EQUITY_BREACH
REJECTED,EURUSD,BUY,2018-08-23 03:00:00+00:00,,PRE_TRADE_PROJECTED_EQUITY_BREACH
REJECTED,GBPUSD,BUY,2018-08-23 15:00:00+00:00,,PRE_TRADE_PROJECTED_EQUITY_BREACH
REJECTED,EURUSD,BUY,2018-08-23 18:00:00+00:00,,PRE_TRADE_PROJECTED_EQUITY_BREACH
REJECTED,EURUSD,BUY,2018-08-27 07:00:00+00:00,,PRE_TRADE_PROJECTED_EQUITY_BREACH
REJECTED,GBPUSD,BUY,2018-08-27 07:00:00+00:00,,PRE_TRADE_PROJECTED_EQUITY_BREACH
REJECTED,EURUSD,BUY,2018-08-28 06:00:00+00:00,,PRE_TRADE_PROJECTED_EQUITY_BREACH
REJECTED,EURUSD,BUY,2018-08-28 19:30:00+00:00,,PRE_TRADE_PROJECTED_EQUITY_BREACH
REJECTED,GBPUSD,BUY,2018-08-28 19:30:00+00:00,,PRE_TRADE_PROJECTED_EQUITY_BREACH
REJECTED,EURUSD,BUY,2018-08-28 20:30:00+00:00,,PRE_TRADE_PROJECTED_EQUITY_BREACH
REJECTED,GBPUSD,BUY,2018-08-29 01:00:00+00:00,,PRE_TRADE_PROJECTED_EQUITY_BREACH
REJECTED,EURUSD,BUY,2018-08-30 03:00:00+00:00,,PRE_TRADE_PROJECTED_EQUITY_BREACH
REJECTED,EURUSD,BUY,2018-08-30 06:00:00+00:00,,PRE_TRADE_PROJECTED_EQUITY_BREACH
REJECTED,GBPUSD,BUY,2018-08-30 06:00:00+00:00,,PRE_TRADE_PROJECTED_EQUITY_BREACH
REJECTED,GBPUSD,BUY,2018-08-30 09:00:00+00:00,,PRE_TRADE_PROJECTED_EQUITY_BREACH
REJECTED,EURUSD,BUY,2018-08-30 14:00:00+00:00,,PRE_TRADE_PROJECTED_EQUITY_BREACH
REJECTED,EURUSD,BUY,2018-08-30 16:00:00+00:00,,PRE_TRADE_PROJECTED_EQUITY_BREACH
REJECTED,EURUSD,BUY,2018-08-31 14:00:00+00:00,,PRE_TRADE_PROJECTED_EQUITY_BREACH
REJECTED,GBPUSD,BUY,2018-09-02 22:00:00+00:00,,PRE_TRADE_PROJECTED_EQUITY_BREACH
REJECTED,EURUSD,SELL,2018-09-03 05:30:00+00:00,,PRE_TRADE_PROJECTED_EQUITY_BREACH
REJECTED,GBPUSD,BUY,2018-09-03 07:00:00+00:00,,PRE_TRADE_PROJECTED_EQUITY_BREACH
REJECTED,EURUSD,SELL,2018-09-04 06:00:00+00:00,,PRE_TRADE_PROJECTED_EQUITY_BREACH
REJECTED,GBPUSD,SELL,2018-09-04 06:00:00+00:00,,PRE_TRADE_PROJECTED_EQUITY_BREACH
REJECTED,GBPUSD,SELL,2018-09-04 13:30:00+00:00,,PRE_TRADE_PROJECTED_EQUITY_BREACH
REJECTED,EURUSD,SELL,2018-09-04 17:00:00+00:00,,PRE_TRADE_PROJECTED_EQUITY_BREACH
REJECTED,EURUSD,SELL,2018-09-05 00:30:00+00:00,,PRE_TRADE_PROJECTED_EQUITY_BREACH
REJECTED,EURUSD,SELL,2018-09-05 02:00:00+00:00,,PRE_TRADE_PROJECTED_EQUITY_BREACH
REJECTED,EURUSD,SELL,2018-09-05 14:00:00+00:00,,PRE_TRADE_PROJECTED_EQUITY_BREACH
REJECTED,GBPUSD,SELL,2018-09-05 14:00:00+00:00,,PRE_TRADE_PROJECTED_EQUITY_BREACH
REJECTED,EURUSD,BUY,2018-09-06 05:00:00+00:00,,PRE_TRADE_PROJECTED_EQUITY_BREACH
REJECTED,EURUSD,BUY,2018-09-06 06:00:00+00:00,,PRE_TRADE_PROJECTED_EQUITY_BREACH
REJECTED,GBPUSD,BUY,2018-09-07 02:00:00+00:00,,PRE_TRADE_PROJECTED_EQUITY_BREACH
REJECTED,EURUSD,BUY,2018-09-07 11:00:00+00:00,,PRE_TRADE_PROJECTED_EQUITY_BREACH
REJECTED,GBPUSD,BUY,2018-09-07 16:30:00+00:00,,PRE_TRADE_PROJECTED_EQUITY_BREACH
REJECTED,GBPUSD,BUY,2018-09-10 04:30:00+00:00,,PRE_TRADE_PROJECTED_EQUITY_BREACH
REJECTED,EURUSD,SELL,2018-09-10 10:00:00+00:00,,PRE_TRADE_PROJECTED_EQUITY_BREACH
REJECTED,EURUSD,SELL,2018-09-10 13:30:00+00:00,,PRE_TRADE_PROJECTED_EQUITY_BREACH
REJECTED,GBPUSD,BUY,2018-09-10 22:00:00+00:00,,PRE_TRADE_PROJECTED_EQUITY_BREACH
REJECTED,EURUSD,SELL,2018-09-11 05:00:00+00:00,,PRE_TRADE_PROJECTED_EQUITY_BREACH
REJECTED,GBPUSD,BUY,2018-09-11 11:00:00+00:00,,PRE_TRADE_PROJECTED_EQUITY_BREACH
REJECTED,GBPUSD,BUY,2018-09-11 13:30:00+00:00,,PRE_TRADE_PROJECTED_EQUITY_BREACH
REJECTED,GBPUSD,BUY,2018-09-12 03:30:00+00:00,,PRE_TRADE_PROJECTED_EQUITY_BREACH
REJECTED,EURUSD,SELL,2018-09-12 14:30:00+00:00,,PRE_TRADE_PROJECTED_EQUITY_BREACH
REJECTED,EURUSD,BUY,2018-09-13 05:30:00+00:00,,PRE_TRADE_PROJECTED_EQUITY_BREACH
REJECTED,GBPUSD,BUY,2018-09-13 06:30:00+00:00,,PRE_TRADE_PROJECTED_EQUITY_BREACH
REJECTED,GBPUSD,BUY,2018-09-14 12:30:00+00:00,,PRE_TRADE_PROJECTED_EQUITY_BREACH
REJECTED,EURUSD,BUY,2018-09-14 17:00:00+00:00,,PRE_TRADE_PROJECTED_EQUITY_BREACH
REJECTED,EURUSD,BUY,2018-09-14 19:00:00+00:00,,PRE_TRADE_PROJECTED_EQUITY_BREACH
REJECTED,EURUSD,BUY,2018-09-17 20:30:00+00:00,,PRE_TRADE_PROJECTED_EQUITY_BREACH
REJECTED,GBPUSD,BUY,2018-09-17 21:30:00+00:00,,PRE_TRADE_PROJECTED_EQUITY_BREACH
REJECTED,EURUSD,BUY,2018-09-18 00:00:00+00:00,,PRE_TRADE_PROJECTED_EQUITY_BREACH
REJECTED,EURUSD,BUY,2018-09-19 02:00:00+00:00,,PRE_TRADE_PROJECTED_EQUITY_BREACH
REJECTED,EURUSD,BUY,2018-09-19 12:00:00+00:00,,PRE_TRADE_PROJECTED_EQUITY_BREACH
REJECTED,GBPUSD,BUY,2018-09-19 12:00:00+00:00,,PRE_TRADE_PROJECTED_EQUITY_BREACH
REJECTED,GBPUSD,BUY,2018-09-20 16:00:00+00:00,,PRE_TRADE_PROJECTED_EQUITY_BREACH
REJECTED,EURUSD,BUY,2018-09-20 16:30:00+00:00,,PRE_TRADE_PROJECTED_EQUITY_BREACH
REJECTED,GBPUSD,BUY,2018-09-21 07:00:00+00:00,,PRE_TRADE_PROJECTED_EQUITY_BREACH
REJECTED,GBPUSD,BUY,2018-09-21 14:00:00+00:00,,PRE_TRADE_PROJECTED_EQUITY_BREACH
REJECTED,EURUSD,BUY,2018-09-24 02:30:00+00:00,,PRE_TRADE_PROJECTED_EQUITY_BREACH
REJECTED,EURUSD,BUY,2018-09-24 07:00:00+00:00,,PRE_TRADE_PROJECTED_EQUITY_BREACH
REJECTED,GBPUSD,SELL,2018-09-24 08:00:00+00:00,,PRE_TRADE_PROJECTED_EQUITY_BREACH
REJECTED,EURUSD,BUY,2018-09-24 18:00:00+00:00,,PRE_TRADE_PROJECTED_EQUITY_BREACH
REJECTED,GBPUSD,BUY,2018-09-24 18:00:00+00:00,,PRE_TRADE_PROJECTED_EQUITY_BREACH
REJECTED,EURUSD,BUY,2018-09-24 20:30:00+00:00,,PRE_TRADE_PROJECTED_EQUITY_BREACH
REJECTED,EURUSD,BUY,2018-09-25 03:00:00+00:00,,PRE_TRADE_PROJECTED_EQUITY_BREACH
REJECTED,EURUSD,BUY,2018-09-25 16:30:00+00:00,,PRE_TRADE_PROJECTED_EQUITY_BREACH
REJECTED,EURUSD,BUY,2018-09-26 11:30:00+00:00,,PRE_TRADE_PROJECTED_EQUITY_BREACH
REJECTED,GBPUSD,BUY,2018-09-26 12:00:00+00:00,,PRE_TRADE_PROJECTED_EQUITY_BREACH
REJECTED,EURUSD,BUY,2018-09-26 21:30:00+00:00,,PRE_TRADE_PROJECTED_EQUITY_BREACH
REJECTED,GBPUSD,BUY,2018-09-27 02:30:00+00:00,,PRE_TRADE_PROJECTED_EQUITY_BREACH
REJECTED,EURUSD,BUY,2018-09-27 06:00:00+00:00,,PRE_TRADE_PROJECTED_EQUITY_BREACH
REJECTED,EURUSD,SELL,2018-09-28 02:30:00+00:00,,PRE_TRADE_PROJECTED_EQUITY_BREACH
REJECTED,EURUSD,SELL,2018-09-28 15:30:00+00:00,,PRE_TRADE_PROJECTED_EQUITY_BREACH
REJECTED,GBPUSD,SELL,2018-10-01 00:00:00+00:00,,PRE_TRADE_PROJECTED_EQUITY_BREACH
REJECTED,GBPUSD,SELL,2018-10-01 01:00:00+00:00,,PRE_TRADE_PROJECTED_EQUITY_BREACH
REJECTED,GBPUSD,SELL,2018-10-01 08:30:00+00:00,,PRE_TRADE_PROJECTED_EQUITY_BREACH
REJECTED,EURUSD,SELL,2018-10-01 10:00:00+00:00,,PRE_TRADE_PROJECTED_EQUITY_BREACH
REJECTED,EURUSD,SELL,2018-10-02 13:00:00+00:00,,PRE_TRADE_PROJECTED_EQUITY_BREACH
REJECTED,EURUSD,SELL,2018-10-02 15:30:00+00:00,,PRE_TRADE_PROJECTED_EQUITY_BREACH
REJECTED,EURUSD,SELL,2018-10-03 00:00:00+00:00,,PRE_TRADE_PROJECTED_EQUITY_BREACH
REJECTED,GBPUSD,SELL,2018-10-03 03:00:00+00:00,,PRE_TRADE_PROJECTED_EQUITY_BREACH
REJECTED,GBPUSD,SELL,2018-10-03 15:00:00+00:00,,PRE_TRADE_PROJECTED_EQUITY_BREACH
REJECTED,GBPUSD,SELL,2018-10-04 07:00:00+00:00,,PRE_TRADE_PROJECTED_EQUITY_BREACH
REJECTED,EURUSD,SELL,2018-10-04 08:30:00+00:00,,PRE_TRADE_PROJECTED_EQUITY_BREACH
REJECTED,EURUSD,SELL,2018-10-04 12:00:00+00:00,,PRE_TRADE_PROJECTED_EQUITY_BREACH
REJECTED,GBPUSD,SELL,2018-10-04 12:30:00+00:00,,PRE_TRADE_PROJECTED_EQUITY_BREACH
REJECTED,GBPUSD,SELL,2018-10-04 13:30:00+00:00,,PRE_TRADE_PROJECTED_EQUITY_BREACH
REJECTED,EURUSD,SELL,2018-10-05 13:30:00+00:00,,PRE_TRADE_PROJECTED_EQUITY_BREACH
REJECTED,EURUSD,SELL,2018-10-05 20:00:00+00:00,,PRE_TRADE_PROJECTED_EQUITY_BREACH
REJECTED,GBPUSD,BUY,2018-10-08 03:00:00+00:00,,PRE_TRADE_PROJECTED_EQUITY_BREACH
REJECTED,GBPUSD,BUY,2018-10-08 07:00:00+00:00,,PRE_TRADE_PROJECTED_EQUITY_BREACH
REJECTED,EURUSD,SELL,2018-10-08 18:30:00+00:00,,PRE_TRADE_PROJECTED_EQUITY_BREACH
REJECTED,GBPUSD,BUY,2018-10-09 07:00:00+00:00,,PRE_TRADE_PROJECTED_EQUITY_BREACH
REJECTED,GBPUSD,BUY,2018-10-09 08:30:00+00:00,,PRE_TRADE_PROJECTED_EQUITY_BREACH
REJECTED,EURUSD,SELL,2018-10-10 00:30:00+00:00,,PRE_TRADE_PROJECTED_EQUITY_BREACH
REJECTED,GBPUSD,BUY,2018-10-10 09:30:00+00:00,,PRE_TRADE_PROJECTED_EQUITY_BREACH
REJECTED,EURUSD,SELL,2018-10-10 12:00:00+00:00,,PRE_TRADE_PROJECTED_EQUITY_BREACH
REJECTED,EURUSD,SELL,2018-10-10 15:00:00+00:00,,PRE_TRADE_PROJECTED_EQUITY_BREACH
REJECTED,EURUSD,BUY,2018-10-11 07:00:00+00:00,,PRE_TRADE_PROJECTED_EQUITY_BREACH
REJECTED,GBPUSD,BUY,2018-10-11 07:00:00+00:00,,PRE_TRADE_PROJECTED_EQUITY_BREACH
REJECTED,EURUSD,BUY,2018-10-12 06:30:00+00:00,,PRE_TRADE_PROJECTED_EQUITY_BREACH
REJECTED,GBPUSD,BUY,2018-10-12 10:30:00+00:00,,PRE_TRADE_PROJECTED_EQUITY_BREACH
REJECTED,EURUSD,BUY,2018-10-12 13:00:00+00:00,,PRE_TRADE_PROJECTED_EQUITY_BREACH
REJECTED,GBPUSD,BUY,2018-10-12 13:30:00+00:00,,PRE_TRADE_PROJECTED_EQUITY_BREACH
REJECTED,GBPUSD,BUY,2018-10-14 22:00:00+00:00,,PRE_TRADE_PROJECTED_EQUITY_BREACH
REJECTED,GBPUSD,SELL,2018-10-15 06:30:00+00:00,,PRE_TRADE_PROJECTED_EQUITY_BREACH
REJECTED,GBPUSD,BUY,2018-10-15 15:00:00+00:00,,PRE_TRADE_PROJECTED_EQUITY_BREACH
REJECTED,EURUSD,BUY,2018-10-17 03:00:00+00:00,,PRE_TRADE_PROJECTED_EQUITY_BREACH
REJECTED,GBPUSD,BUY,2018-10-17 04:00:00+00:00,,PRE_TRADE_PROJECTED_EQUITY_BREACH
REJECTED,EURUSD,SELL,2018-10-18 08:30:00+00:00,,PRE_TRADE_PROJECTED_EQUITY_BREACH
REJECTED,GBPUSD,SELL,2018-10-18 08:30:00+00:00,,PRE_TRADE_PROJECTED_EQUITY_BREACH
REJECTED,EURUSD,SELL,2018-10-19 14:30:00+00:00,,PRE_TRADE_PROJECTED_EQUITY_BREACH
REJECTED,GBPUSD,SELL,2018-10-19 14:30:00+00:00,,PRE_TRADE_PROJECTED_EQUITY_BREACH
REJECTED,GBPUSD,SELL,2018-10-22 04:00:00+00:00,,PRE_TRADE_PROJECTED_EQUITY_BREACH
REJECTED,EURUSD,SELL,2018-10-22 07:00:00+00:00,,PRE_TRADE_PROJECTED_EQUITY_BREACH
REJECTED,GBPUSD,SELL,2018-10-23 10:00:00+00:00,,PRE_TRADE_PROJECTED_EQUITY_BREACH
REJECTED,EURUSD,SELL,2018-10-25 02:00:00+00:00,,PRE_TRADE_PROJECTED_EQUITY_BREACH
REJECTED,EURUSD,SELL,2018-10-25 03:00:00+00:00,,PRE_TRADE_PROJECTED_EQUITY_BREACH
REJECTED,EURUSD,SELL,2018-10-25 13:30:00+00:00,,PRE_TRADE_PROJECTED_EQUITY_BREACH
REJECTED,EURUSD,SELL,2018-10-26 00:30:00+00:00,,PRE_TRADE_PROJECTED_EQUITY_BREACH
REJECTED,EURUSD,SELL,2018-10-26 15:00:00+00:00,,PRE_TRADE_PROJECTED_EQUITY_BREACH
REJECTED,GBPUSD,SELL,2018-10-26 15:00:00+00:00,,PRE_TRADE_PROJECTED_EQUITY_BREACH
REJECTED,EURUSD,SELL,2018-10-26 17:00:00+00:00,,PRE_TRADE_PROJECTED_EQUITY_BREACH
REJECTED,GBPUSD,SELL,2018-10-29 04:30:00+00:00,,PRE_TRADE_PROJECTED_EQUITY_BREACH
REJECTED,EURUSD,SELL,2018-10-30 01:00:00+00:00,,PRE_TRADE_PROJECTED_EQUITY_BREACH
REJECTED,EURUSD,SELL,2018-10-31 09:00:00+00:00,,PRE_TRADE_PROJECTED_EQUITY_BREACH
REJECTED,GBPUSD,SELL,2018-10-31 09:30:00+00:00,,PRE_TRADE_PROJECTED_EQUITY_BREACH
REJECTED,GBPUSD,SELL,2018-10-31 12:00:00+00:00,,PRE_TRADE_PROJECTED_EQUITY_BREACH
REJECTED,GBPUSD,SELL,2018-11-01 01:00:00+00:00,,PRE_TRADE_PROJECTED_EQUITY_BREACH
REJECTED,EURUSD,SELL,2018-11-01 02:00:00+00:00,,PRE_TRADE_PROJECTED_EQUITY_BREACH
REJECTED,EURUSD,SELL,2018-11-01 08:00:00+00:00,,PRE_TRADE_PROJECTED_EQUITY_BREACH
REJECTED,EURUSD,SELL,2018-11-01 09:30:00+00:00,,PRE_TRADE_PROJECTED_EQUITY_BREACH
REJECTED,EURUSD,SELL,2018-11-01 13:00:00+00:00,,PRE_TRADE_PROJECTED_EQUITY_BREACH
REJECTED,EURUSD,BUY,2018-11-01 22:30:00+00:00,,PRE_TRADE_PROJECTED_EQUITY_BREACH
REJECTED,EURUSD,BUY,2018-11-02 02:00:00+00:00,,PRE_TRADE_PROJECTED_EQUITY_BREACH
REJECTED,GBPUSD,BUY,2018-11-02 02:30:00+00:00,,PRE_TRADE_PROJECTED_EQUITY_BREACH
REJECTED,GBPUSD,BUY,2018-11-02 13:00:00+00:00,,PRE_TRADE_PROJECTED_EQUITY_BREACH
REJECTED,EURUSD,BUY,2018-11-02 13:30:00+00:00,,PRE_TRADE_PROJECTED_EQUITY_BREACH
REJECTED,GBPUSD,BUY,2018-11-02 16:30:00+00:00,,PRE_TRADE_PROJECTED_EQUITY_BREACH
REJECTED,GBPUSD,BUY,2018-11-02 18:00:00+00:00,,PRE_TRADE_PROJECTED_EQUITY_BREACH
REJECTED,GBPUSD,BUY,2018-11-05 09:00:00+00:00,,PRE_TRADE_PROJECTED_EQUITY_BREACH
REJECTED,EURUSD,BUY,2018-11-06 04:00:00+00:00,,PRE_TRADE_PROJECTED_EQUITY_BREACH
REJECTED,GBPUSD,BUY,2018-11-06 04:00:00+00:00,,PRE_TRADE_PROJECTED_EQUITY_BREACH
REJECTED,GBPUSD,BUY,2018-11-06 10:00:00+00:00,,PRE_TRADE_PROJECTED_EQUITY_BREACH
REJECTED,EURUSD,BUY,2018-11-07 06:30:00+00:00,,PRE_TRADE_PROJECTED_EQUITY_BREACH
REJECTED,EURUSD,BUY,2018-11-07 12:00:00+00:00,,PRE_TRADE_PROJECTED_EQUITY_BREACH
REJECTED,GBPUSD,BUY,2018-11-07 13:30:00+00:00,,PRE_TRADE_PROJECTED_EQUITY_BREACH
REJECTED,EURUSD,BUY,2018-11-07 21:00:00+00:00,,PRE_TRADE_PROJECTED_EQUITY_BREACH
REJECTED,GBPUSD,BUY,2018-11-07 21:30:00+00:00,,PRE_TRADE_PROJECTED_EQUITY_BREACH
REJECTED,EURUSD,BUY,2018-11-08 02:00:00+00:00,,PRE_TRADE_PROJECTED_EQUITY_BREACH
REJECTED,EURUSD,BUY,2018-11-08 16:30:00+00:00,,PRE_TRADE_PROJECTED_EQUITY_BREACH
REJECTED,GBPUSD,BUY,2018-11-08 19:30:00+00:00,,PRE_TRADE_PROJECTED_EQUITY_BREACH
REJECTED,GBPUSD,BUY,2018-11-09 01:30:00+00:00,,PRE_TRADE_PROJECTED_EQUITY_BREACH
REJECTED,GBPUSD,BUY,2018-11-09 06:30:00+00:00,,PRE_TRADE_PROJECTED_EQUITY_BREACH
REJECTED,GBPUSD,BUY,2018-11-09 16:00:00+00:00,,PRE_TRADE_PROJECTED_EQUITY_BREACH
REJECTED,GBPUSD,SELL,2018-11-12 13:30:00+00:00,,PRE_TRADE_PROJECTED_EQUITY_BREACH
REJECTED,GBPUSD,SELL,2018-11-13 00:30:00+00:00,,PRE_TRADE_PROJECTED_EQUITY_BREACH
REJECTED,EURUSD,SELL,2018-11-13 01:00:00+00:00,,PRE_TRADE_PROJECTED_EQUITY_BREACH
REJECTED,GBPUSD,SELL,2018-11-13 03:00:00+00:00,,PRE_TRADE_PROJECTED_EQUITY_BREACH
REJECTED,EURUSD,SELL,2018-11-13 03:30:00+00:00,,PRE_TRADE_PROJECTED_EQUITY_BREACH
REJECTED,EURUSD,SELL,2018-11-13 12:00:00+00:00,,PRE_TRADE_PROJECTED_EQUITY_BREACH
REJECTED,GBPUSD,SELL,2018-11-13 12:00:00+00:00,,PRE_TRADE_PROJECTED_EQUITY_BREACH
REJECTED,EURUSD,SELL,2018-11-13 21:00:00+00:00,,PRE_TRADE_PROJECTED_EQUITY_BREACH
REJECTED,EURUSD,SELL,2018-11-13 22:30:00+00:00,,PRE_TRADE_PROJECTED_EQUITY_BREACH
REJECTED,GBPUSD,BUY,2018-11-14 04:30:00+00:00,,PRE_TRADE_PROJECTED_EQUITY_BREACH
REJECTED,EURUSD,SELL,2018-11-15 04:00:00+00:00,,PRE_TRADE_PROJECTED_EQUITY_BREACH
REJECTED,GBPUSD,BUY,2018-11-15 07:30:00+00:00,,PRE_TRADE_PROJECTED_EQUITY_BREACH
REJECTED,GBPUSD,SELL,2018-11-16 06:00:00+00:00,,PRE_TRADE_PROJECTED_EQUITY_BREACH
REJECTED,GBPUSD,SELL,2018-11-16 12:30:00+00:00,,PRE_TRADE_PROJECTED_EQUITY_BREACH
REJECTED,EURUSD,BUY,2018-11-19 04:00:00+00:00,,PRE_TRADE_PROJECTED_EQUITY_BREACH
REJECTED,GBPUSD,SELL,2018-11-19 07:30:00+00:00,,PRE_TRADE_PROJECTED_EQUITY_BREACH
REJECTED,EURUSD,BUY,2018-11-20 01:00:00+00:00,,PRE_TRADE_PROJECTED_EQUITY_BREACH
REJECTED,EURUSD,BUY,2018-11-20 12:30:00+00:00,,PRE_TRADE_PROJECTED_EQUITY_BREACH
REJECTED,EURUSD,BUY,2018-11-20 13:30:00+00:00,,PRE_TRADE_PROJECTED_EQUITY_BREACH
REJECTED,EURUSD,BUY,2018-11-20 17:30:00+00:00,,PRE_TRADE_PROJECTED_EQUITY_BREACH
REJECTED,GBPUSD,SELL,2018-11-21 05:30:00+00:00,,PRE_TRADE_PROJECTED_EQUITY_BREACH
REJECTED,EURUSD,BUY,2018-11-21 20:30:00+00:00,,PRE_TRADE_PROJECTED_EQUITY_BREACH
REJECTED,EURUSD,BUY,2018-11-21 21:30:00+00:00,,PRE_TRADE_PROJECTED_EQUITY_BREACH
REJECTED,GBPUSD,SELL,2018-11-22 07:00:00+00:00,,PRE_TRADE_PROJECTED_EQUITY_BREACH
REJECTED,GBPUSD,SELL,2018-11-22 10:00:00+00:00,,PRE_TRADE_PROJECTED_EQUITY_BREACH
REJECTED,GBPUSD,BUY,2018-11-23 06:00:00+00:00,,PRE_TRADE_PROJECTED_EQUITY_BREACH
REJECTED,EURUSD,SELL,2018-11-26 04:30:00+00:00,,PRE_TRADE_PROJECTED_EQUITY_BREACH
REJECTED,EURUSD,SELL,2018-11-26 06:30:00+00:00,,PRE_TRADE_PROJECTED_EQUITY_BREACH
REJECTED,EURUSD,SELL,2018-11-27 00:00:00+00:00,,PRE_TRADE_PROJECTED_EQUITY_BREACH
REJECTED,GBPUSD,SELL,2018-11-27 14:00:00+00:00,,PRE_TRADE_PROJECTED_EQUITY_BREACH
REJECTED,EURUSD,SELL,2018-11-28 17:00:00+00:00,,PRE_TRADE_PROJECTED_EQUITY_BREACH
REJECTED,GBPUSD,SELL,2018-11-28 18:00:00+00:00,,PRE_TRADE_PROJECTED_EQUITY_BREACH
REJECTED,GBPUSD,BUY,2018-11-29 08:00:00+00:00,,PRE_TRADE_PROJECTED_EQUITY_BREACH
REJECTED,EURUSD,BUY,2018-11-29 10:00:00+00:00,,PRE_TRADE_PROJECTED_EQUITY_BREACH
REJECTED,EURUSD,BUY,2018-11-30 07:30:00+00:00,,PRE_TRADE_PROJECTED_EQUITY_BREACH
REJECTED,GBPUSD,SELL,2018-12-03 00:30:00+00:00,,PRE_TRADE_PROJECTED_EQUITY_BREACH
REJECTED,GBPUSD,SELL,2018-12-03 07:00:00+00:00,,PRE_TRADE_PROJECTED_EQUITY_BREACH
REJECTED,GBPUSD,SELL,2018-12-03 16:00:00+00:00,,PRE_TRADE_PROJECTED_EQUITY_BREACH
REJECTED,EURUSD,SELL,2018-12-03 22:30:00+00:00,,PRE_TRADE_PROJECTED_EQUITY_BREACH
REJECTED,GBPUSD,SELL,2018-12-04 08:30:00+00:00,,PRE_TRADE_PROJECTED_EQUITY_BREACH
REJECTED,GBPUSD,SELL,2018-12-05 10:30:00+00:00,,PRE_TRADE_PROJECTED_EQUITY_BREACH
REJECTED,EURUSD,SELL,2018-12-05 11:00:00+00:00,,PRE_TRADE_PROJECTED_EQUITY_BREACH
REJECTED,GBPUSD,SELL,2018-12-06 09:30:00+00:00,,PRE_TRADE_PROJECTED_EQUITY_BREACH
REJECTED,EURUSD,SELL,2018-12-06 12:30:00+00:00,,PRE_TRADE_PROJECTED_EQUITY_BREACH
REJECTED,GBPUSD,SELL,2018-12-06 12:30:00+00:00,,PRE_TRADE_PROJECTED_EQUITY_BREACH
REJECTED,GBPUSD,BUY,2018-12-07 02:00:00+00:00,,PRE_TRADE_PROJECTED_EQUITY_BREACH
REJECTED,EURUSD,BUY,2018-12-07 05:30:00+00:00,,PRE_TRADE_PROJECTED_EQUITY_BREACH
REJECTED,EURUSD,BUY,2018-12-07 21:30:00+00:00,,PRE_TRADE_PROJECTED_EQUITY_BREACH
REJECTED,GBPUSD,SELL,2018-12-10 01:00:00+00:00,,PRE_TRADE_PROJECTED_EQUITY_BREACH
REJECTED,EURUSD,BUY,2018-12-10 08:30:00+00:00,,PRE_TRADE_PROJECTED_EQUITY_BREACH
REJECTED,EURUSD,SELL,2018-12-11 01:00:00+00:00,,PRE_TRADE_PROJECTED_EQUITY_BREACH
REJECTED,EURUSD,SELL,2018-12-11 02:00:00+00:00,,PRE_TRADE_PROJECTED_EQUITY_BREACH
REJECTED,GBPUSD,SELL,2018-12-11 08:00:00+00:00,,PRE_TRADE_PROJECTED_EQUITY_BREACH
REJECTED,EURUSD,BUY,2018-12-11 13:30:00+00:00,,PRE_TRADE_PROJECTED_EQUITY_BREACH
REJECTED,EURUSD,SELL,2018-12-12 00:00:00+00:00,,PRE_TRADE_PROJECTED_EQUITY_BREACH
REJECTED,GBPUSD,SELL,2018-12-12 12:00:00+00:00,,PRE_TRADE_PROJECTED_EQUITY_BREACH
REJECTED,EURUSD,SELL,2018-12-12 13:30:00+00:00,,PRE_TRADE_PROJECTED_EQUITY_BREACH
REJECTED,GBPUSD,SELL,2018-12-12 15:00:00+00:00,,PRE_TRADE_PROJECTED_EQUITY_BREACH
REJECTED,GBPUSD,SELL,2018-12-12 20:30:00+00:00,,PRE_TRADE_PROJECTED_EQUITY_BREACH
REJECTED,GBPUSD,SELL,2018-12-13 07:30:00+00:00,,PRE_TRADE_PROJECTED_EQUITY_BREACH
REJECTED,GBPUSD,SELL,2018-12-14 16:30:00+00:00,,PRE_TRADE_PROJECTED_EQUITY_BREACH
REJECTED,GBPUSD,SELL,2018-12-17 08:30:00+00:00,,PRE_TRADE_PROJECTED_EQUITY_BREACH
REJECTED,EURUSD,SELL,2018-12-17 10:00:00+00:00,,PRE_TRADE_PROJECTED_EQUITY_BREACH
REJECTED,GBPUSD,SELL,2018-12-17 11:00:00+00:00,,PRE_TRADE_PROJECTED_EQUITY_BREACH
REJECTED,GBPUSD,SELL,2018-12-17 18:30:00+00:00,,PRE_TRADE_PROJECTED_EQUITY_BREACH
REJECTED,GBPUSD,SELL,2018-12-18 01:30:00+00:00,,PRE_TRADE_PROJECTED_EQUITY_BREACH
REJECTED,EURUSD,BUY,2018-12-18 14:30:00+00:00,,PRE_TRADE_PROJECTED_EQUITY_BREACH
REJECTED,GBPUSD,BUY,2018-12-18 14:30:00+00:00,,PRE_TRADE_PROJECTED_EQUITY_BREACH
REJECTED,GBPUSD,BUY,2018-12-19 04:30:00+00:00,,PRE_TRADE_PROJECTED_EQUITY_BREACH
REJECTED,EURUSD,BUY,2018-12-19 19:30:00+00:00,,PRE_TRADE_PROJECTED_EQUITY_BREACH
REJECTED,GBPUSD,SELL,2018-12-20 04:00:00+00:00,,PRE_TRADE_PROJECTED_EQUITY_BREACH
REJECTED,GBPUSD,BUY,2018-12-20 12:30:00+00:00,,PRE_TRADE_PROJECTED_EQUITY_BREACH
REJECTED,GBPUSD,BUY,2018-12-20 15:00:00+00:00,,PRE_TRADE_PROJECTED_EQUITY_BREACH
REJECTED,EURUSD,BUY,2018-12-20 15:30:00+00:00,,PRE_TRADE_PROJECTED_EQUITY_BREACH
REJECTED,EURUSD,BUY,2018-12-20 21:30:00+00:00,,PRE_TRADE_PROJECTED_EQUITY_BREACH
REJECTED,GBPUSD,BUY,2018-12-20 21:30:00+00:00,,PRE_TRADE_PROJECTED_EQUITY_BREACH
REJECTED,GBPUSD,BUY,2018-12-21 03:30:00+00:00,,PRE_TRADE_PROJECTED_EQUITY_BREACH
REJECTED,EURUSD,BUY,2018-12-21 09:00:00+00:00,,PRE_TRADE_PROJECTED_EQUITY_BREACH
REJECTED,GBPUSD,BUY,2018-12-21 13:00:00+00:00,,PRE_TRADE_PROJECTED_EQUITY_BREACH
REJECTED,EURUSD,BUY,2018-12-21 18:00:00+00:00,,PRE_TRADE_PROJECTED_EQUITY_BREACH
REJECTED,EURUSD,SELL,2018-12-24 01:00:00+00:00,,PRE_TRADE_PROJECTED_EQUITY_BREACH
REJECTED,GBPUSD,BUY,2018-12-24 09:30:00+00:00,,PRE_TRADE_PROJECTED_EQUITY_BREACH
REJECTED,GBPUSD,BUY,2018-12-24 18:30:00+00:00,,PRE_TRADE_PROJECTED_EQUITY_BREACH
REJECTED,GBPUSD,BUY,2018-12-25 04:00:00+00:00,,PRE_TRADE_PROJECTED_EQUITY_BREACH
REJECTED,GBPUSD,BUY,2018-12-25 07:00:00+00:00,,PRE_TRADE_PROJECTED_EQUITY_BREACH
REJECTED,EURUSD,BUY,2018-12-25 07:30:00+00:00,,PRE_TRADE_PROJECTED_EQUITY_BREACH
REJECTED,EURUSD,BUY,2018-12-26 08:00:00+00:00,,PRE_TRADE_PROJECTED_EQUITY_BREACH
REJECTED,EURUSD,BUY,2018-12-26 09:00:00+00:00,,PRE_TRADE_PROJECTED_EQUITY_BREACH
REJECTED,EURUSD,SELL,2018-12-26 23:30:00+00:00,,PRE_TRADE_PROJECTED_EQUITY_BREACH
REJECTED,GBPUSD,SELL,2018-12-26 23:30:00+00:00,,PRE_TRADE_PROJECTED_EQUITY_BREACH
REJECTED,EURUSD,SELL,2018-12-27 02:00:00+00:00,,PRE_TRADE_PROJECTED_EQUITY_BREACH
REJECTED,EURUSD,SELL,2018-12-27 04:00:00+00:00,,PRE_TRADE_PROJECTED_EQUITY_BREACH
REJECTED,GBPUSD,SELL,2018-12-27 15:00:00+00:00,,PRE_TRADE_PROJECTED_EQUITY_BREACH
REJECTED,GBPUSD,SELL,2018-12-28 01:30:00+00:00,,PRE_TRADE_PROJECTED_EQUITY_BREACH
REJECTED,EURUSD,BUY,2018-12-31 04:30:00+00:00,,PRE_TRADE_PROJECTED_EQUITY_BREACH
REJECTED,GBPUSD,BUY,2018-12-31 19:00:00+00:00,,PRE_TRADE_PROJECTED_EQUITY_BREACH
REJECTED,EURUSD,BUY,2019-01-02 02:00:00+00:00,,PRE_TRADE_PROJECTED_EQUITY_BREACH
REJECTED,GBPUSD,BUY,2019-01-02 02:30:00+00:00,,PRE_TRADE_PROJECTED_EQUITY_BREACH
REJECTED,GBPUSD,BUY,2019-01-02 08:00:00+00:00,,PRE_TRADE_PROJECTED_EQUITY_BREACH
REJECTED,EURUSD,BUY,2019-01-02 08:30:00+00:00,,PRE_TRADE_PROJECTED_EQUITY_BREACH
REJECTED,EURUSD,BUY,2019-01-02 12:00:00+00:00,,PRE_TRADE_PROJECTED_EQUITY_BREACH
REJECTED,GBPUSD,SELL,2019-01-02 20:00:00+00:00,,PRE_TRADE_PROJECTED_EQUITY_BREACH
REJECTED,EURUSD,SELL,2019-01-03 03:00:00+00:00,,PRE_TRADE_PROJECTED_EQUITY_BREACH
REJECTED,GBPUSD,SELL,2019-01-03 07:00:00+00:00,,PRE_TRADE_PROJECTED_EQUITY_BREACH
REJECTED,GBPUSD,SELL,2019-01-03 09:00:00+00:00,,PRE_TRADE_PROJECTED_EQUITY_BREACH
REJECTED,GBPUSD,SELL,2019-01-03 13:30:00+00:00,,PRE_TRADE_PROJECTED_EQUITY_BREACH
REJECTED,EURUSD,SELL,2019-01-03 15:00:00+00:00,,PRE_TRADE_PROJECTED_EQUITY_BREACH
REJECTED,GBPUSD,SELL,2019-01-03 16:00:00+00:00,,PRE_TRADE_PROJECTED_EQUITY_BREACH
REJECTED,GBPUSD,SELL,2019-01-04 08:00:00+00:00,,PRE_TRADE_PROJECTED_EQUITY_BREACH
REJECTED,EURUSD,BUY,2019-01-08 01:00:00+00:00,,PRE_TRADE_PROJECTED_EQUITY_BREACH
REJECTED,GBPUSD,BUY,2019-01-08 01:30:00+00:00,,PRE_TRADE_PROJECTED_EQUITY_BREACH
REJECTED,EURUSD,BUY,2019-01-08 03:30:00+00:00,,PRE_TRADE_PROJECTED_EQUITY_BREACH
REJECTED,GBPUSD,BUY,2019-01-08 14:30:00+00:00,,PRE_TRADE_PROJECTED_EQUITY_BREACH
REJECTED,EURUSD,BUY,2019-01-09 11:00:00+00:00,,PRE_TRADE_PROJECTED_EQUITY_BREACH
REJECTED,GBPUSD,BUY,2019-01-10 02:00:00+00:00,,PRE_TRADE_PROJECTED_EQUITY_BREACH
REJECTED,GBPUSD,BUY,2019-01-10 07:00:00+00:00,,PRE_TRADE_PROJECTED_EQUITY_BREACH
REJECTED,EURUSD,BUY,2019-01-10 07:30:00+00:00,,PRE_TRADE_PROJECTED_EQUITY_BREACH
REJECTED,EURUSD,BUY,2019-01-10 10:00:00+00:00,,PRE_TRADE_PROJECTED_EQUITY_BREACH
REJECTED,GBPUSD,BUY,2019-01-10 12:00:00+00:00,,PRE_TRADE_PROJECTED_EQUITY_BREACH
REJECTED,EURUSD,BUY,2019-01-10 18:00:00+00:00,,PRE_TRADE_PROJECTED_EQUITY_BREACH
REJECTED,GBPUSD,BUY,2019-01-11 07:30:00+00:00,,PRE_TRADE_PROJECTED_EQUITY_BREACH
REJECTED,EURUSD,BUY,2019-01-11 14:00:00+00:00,,PRE_TRADE_PROJECTED_EQUITY_BREACH
REJECTED,EURUSD,BUY,2019-01-11 19:30:00+00:00,,PRE_TRADE_PROJECTED_EQUITY_BREACH
REJECTED,GBPUSD,BUY,2019-01-11 20:00:00+00:00,,PRE_TRADE_PROJECTED_EQUITY_BREACH
REJECTED,EURUSD,BUY,2019-01-14 07:00:00+00:00,,PRE_TRADE_PROJECTED_EQUITY_BREACH
REJECTED,EURUSD,BUY,2019-01-14 19:30:00+00:00,,PRE_TRADE_PROJECTED_EQUITY_BREACH
REJECTED,GBPUSD,BUY,2019-01-14 20:00:00+00:00,,PRE_TRADE_PROJECTED_EQUITY_BREACH
REJECTED,GBPUSD,BUY,2019-01-15 08:00:00+00:00,,PRE_TRADE_PROJECTED_EQUITY_BREACH
REJECTED,GBPUSD,BUY,2019-01-15 15:30:00+00:00,,PRE_TRADE_PROJECTED_EQUITY_BREACH
REJECTED,EURUSD,SELL,2019-01-15 20:00:00+00:00,,PRE_TRADE_PROJECTED_EQUITY_BREACH
REJECTED,EURUSD,SELL,2019-01-16 05:00:00+00:00,,PRE_TRADE_PROJECTED_EQUITY_BREACH
REJECTED,GBPUSD,BUY,2019-01-17 03:00:00+00:00,,PRE_TRADE_PROJECTED_EQUITY_BREACH
REJECTED,GBPUSD,BUY,2019-01-17 07:30:00+00:00,,PRE_TRADE_PROJECTED_EQUITY_BREACH
REJECTED,GBPUSD,BUY,2019-01-18 08:00:00+00:00,,PRE_TRADE_PROJECTED_EQUITY_BREACH
REJECTED,EURUSD,SELL,2019-01-18 10:30:00+00:00,,PRE_TRADE_PROJECTED_EQUITY_BREACH
REJECTED,GBPUSD,BUY,2019-01-18 14:30:00+00:00,,PRE_TRADE_PROJECTED_EQUITY_BREACH
REJECTED,GBPUSD,BUY,2019-01-18 20:00:00+00:00,,PRE_TRADE_PROJECTED_EQUITY_BREACH
REJECTED,EURUSD,SELL,2019-01-21 07:00:00+00:00,,PRE_TRADE_PROJECTED_EQUITY_BREACH
REJECTED,GBPUSD,BUY,2019-01-21 08:30:00+00:00,,PRE_TRADE_PROJECTED_EQUITY_BREACH
REJECTED,GBPUSD,BUY,2019-01-22 05:30:00+00:00,,PRE_TRADE_PROJECTED_EQUITY_BREACH
REJECTED,EURUSD,SELL,2019-01-23 06:30:00+00:00,,PRE_TRADE_PROJECTED_EQUITY_BREACH
REJECTED,EURUSD,SELL,2019-01-23 15:30:00+00:00,,PRE_TRADE_PROJECTED_EQUITY_BREACH
REJECTED,GBPUSD,BUY,2019-01-24 02:00:00+00:00,,PRE_TRADE_PROJECTED_EQUITY_BREACH
REJECTED,GBPUSD,BUY,2019-01-24 07:00:00+00:00,,PRE_TRADE_PROJECTED_EQUITY_BREACH
REJECTED,GBPUSD,BUY,2019-01-24 17:00:00+00:00,,PRE_TRADE_PROJECTED_EQUITY_BREACH
REJECTED,GBPUSD,BUY,2019-01-25 08:00:00+00:00,,PRE_TRADE_PROJECTED_EQUITY_BREACH
REJECTED,EURUSD,SELL,2019-01-25 10:00:00+00:00,,PRE_TRADE_PROJECTED_EQUITY_BREACH
REJECTED,EURUSD,SELL,2019-01-25 14:00:00+00:00,,PRE_TRADE_PROJECTED_EQUITY_BREACH
REJECTED,EURUSD,BUY,2019-01-25 21:30:00+00:00,,PRE_TRADE_PROJECTED_EQUITY_BREACH
REJECTED,GBPUSD,BUY,2019-01-28 06:30:00+00:00,,PRE_TRADE_PROJECTED_EQUITY_BREACH
REJECTED,EURUSD,BUY,2019-01-28 20:00:00+00:00,,PRE_TRADE_PROJECTED_EQUITY_BREACH
REJECTED,GBPUSD,BUY,2019-01-28 22:30:00+00:00,,PRE_TRADE_PROJECTED_EQUITY_BREACH
REJECTED,GBPUSD,BUY,2019-01-29 21:00:00+00:00,,PRE_TRADE_PROJECTED_EQUITY_BREACH
REJECTED,GBPUSD,BUY,2019-01-30 13:00:00+00:00,,PRE_TRADE_PROJECTED_EQUITY_BREACH
REJECTED,GBPUSD,BUY,2019-01-30 15:00:00+00:00,,PRE_TRADE_PROJECTED_EQUITY_BREACH
REJECTED,EURUSD,BUY,2019-01-31 10:30:00+00:00,,PRE_TRADE_PROJECTED_EQUITY_BREACH
REJECTED,EURUSD,BUY,2019-01-31 17:00:00+00:00,,PRE_TRADE_PROJECTED_EQUITY_BREACH
REJECTED,GBPUSD,BUY,2019-01-31 18:30:00+00:00,,PRE_TRADE_PROJECTED_EQUITY_BREACH
REJECTED,EURUSD,BUY,2019-02-01 02:00:00+00:00,,PRE_TRADE_PROJECTED_EQUITY_BREACH
REJECTED,GBPUSD,BUY,2019-02-01 02:00:00+00:00,,PRE_TRADE_PROJECTED_EQUITY_BREACH
REJECTED,EURUSD,BUY,2019-02-03 22:00:00+00:00,,PRE_TRADE_PROJECTED_EQUITY_BREACH
REJECTED,GBPUSD,BUY,2019-02-03 22:00:00+00:00,,PRE_TRADE_PROJECTED_EQUITY_BREACH
REJECTED,EURUSD,BUY,2019-02-04 03:30:00+00:00,,PRE_TRADE_PROJECTED_EQUITY_BREACH
REJECTED,EURUSD,BUY,2019-02-05 04:30:00+00:00,,PRE_TRADE_PROJECTED_EQUITY_BREACH
REJECTED,GBPUSD,SELL,2019-02-05 06:30:00+00:00,,PRE_TRADE_PROJECTED_EQUITY_BREACH
REJECTED,GBPUSD,SELL,2019-02-06 14:00:00+00:00,,PRE_TRADE_PROJECTED_EQUITY_BREACH
REJECTED,GBPUSD,SELL,2019-02-07 06:00:00+00:00,,PRE_TRADE_PROJECTED_EQUITY_BREACH
REJECTED,GBPUSD,SELL,2019-02-07 13:30:00+00:00,,PRE_TRADE_PROJECTED_EQUITY_BREACH
REJECTED,EURUSD,SELL,2019-02-11 06:00:00+00:00,,PRE_TRADE_PROJECTED_EQUITY_BREACH
REJECTED,GBPUSD,SELL,2019-02-11 06:30:00+00:00,,PRE_TRADE_PROJECTED_EQUITY_BREACH
REJECTED,EURUSD,SELL,2019-02-11 23:30:00+00:00,,PRE_TRADE_PROJECTED_EQUITY_BREACH
REJECTED,EURUSD,SELL,2019-02-12 06:30:00+00:00,,PRE_TRADE_PROJECTED_EQUITY_BREACH
REJECTED,GBPUSD,SELL,2019-02-12 07:00:00+00:00,,PRE_TRADE_PROJECTED_EQUITY_BREACH
REJECTED,GBPUSD,SELL,2019-02-12 13:00:00+00:00,,PRE_TRADE_PROJECTED_EQUITY_BREACH
REJECTED,EURUSD,SELL,2019-02-12 14:00:00+00:00,,PRE_TRADE_PROJECTED_EQUITY_BREACH
REJECTED,EURUSD,SELL,2019-02-12 17:00:00+00:00,,PRE_TRADE_PROJECTED_EQUITY_BREACH
REJECTED,EURUSD,SELL,2019-02-13 03:30:00+00:00,,PRE_TRADE_PROJECTED_EQUITY_BREACH
REJECTED,GBPUSD,SELL,2019-02-13 05:30:00+00:00,,PRE_TRADE_PROJECTED_EQUITY_BREACH
REJECTED,GBPUSD,SELL,2019-02-13 11:30:00+00:00,,PRE_TRADE_PROJECTED_EQUITY_BREACH
REJECTED,EURUSD,SELL,2019-02-14 02:30:00+00:00,,PRE_TRADE_PROJECTED_EQUITY_BREACH
REJECTED,GBPUSD,SELL,2019-02-14 03:30:00+00:00,,PRE_TRADE_PROJECTED_EQUITY_BREACH
REJECTED,EURUSD,SELL,2019-02-14 13:30:00+00:00,,PRE_TRADE_PROJECTED_EQUITY_BREACH
REJECTED,GBPUSD,SELL,2019-02-15 04:30:00+00:00,,PRE_TRADE_PROJECTED_EQUITY_BREACH
REJECTED,GBPUSD,SELL,2019-02-15 06:30:00+00:00,,PRE_TRADE_PROJECTED_EQUITY_BREACH
REJECTED,GBPUSD,SELL,2019-02-15 17:00:00+00:00,,PRE_TRADE_PROJECTED_EQUITY_BREACH
REJECTED,EURUSD,SELL,2019-02-15 18:30:00+00:00,,PRE_TRADE_PROJECTED_EQUITY_BREACH
REJECTED,GBPUSD,SELL,2019-02-15 18:30:00+00:00,,PRE_TRADE_PROJECTED_EQUITY_BREACH
REJECTED,EURUSD,SELL,2019-02-18 00:00:00+00:00,,PRE_TRADE_PROJECTED_EQUITY_BREACH
REJECTED,GBPUSD,BUY,2019-02-18 05:30:00+00:00,,PRE_TRADE_PROJECTED_EQUITY_BREACH
REJECTED,GBPUSD,BUY,2019-02-18 08:00:00+00:00,,PRE_TRADE_PROJECTED_EQUITY_BREACH
REJECTED,EURUSD,BUY,2019-02-18 15:00:00+00:00,,PRE_TRADE_PROJECTED_EQUITY_BREACH
REJECTED,GBPUSD,BUY,2019-02-18 21:30:00+00:00,,PRE_TRADE_PROJECTED_EQUITY_BREACH
REJECTED,GBPUSD,BUY,2019-02-19 01:00:00+00:00,,PRE_TRADE_PROJECTED_EQUITY_BREACH
REJECTED,EURUSD,SELL,2019-02-19 14:00:00+00:00,,PRE_TRADE_PROJECTED_EQUITY_BREACH
REJECTED,EURUSD,BUY,2019-02-20 04:00:00+00:00,,PRE_TRADE_PROJECTED_EQUITY_BREACH
REJECTED,GBPUSD,BUY,2019-02-20 05:00:00+00:00,,PRE_TRADE_PROJECTED_EQUITY_BREACH
REJECTED,EURUSD,BUY,2019-02-20 05:30:00+00:00,,PRE_TRADE_PROJECTED_EQUITY_BREACH
REJECTED,GBPUSD,BUY,2019-02-20 21:00:00+00:00,,PRE_TRADE_PROJECTED_EQUITY_BREACH
REJECTED,EURUSD,BUY,2019-02-21 01:00:00+00:00,,PRE_TRADE_PROJECTED_EQUITY_BREACH
REJECTED,GBPUSD,BUY,2019-02-21 01:00:00+00:00,,PRE_TRADE_PROJECTED_EQUITY_BREACH
REJECTED,EURUSD,BUY,2019-02-21 06:00:00+00:00,,PRE_TRADE_PROJECTED_EQUITY_BREACH
REJECTED,GBPUSD,BUY,2019-02-22 04:30:00+00:00,,PRE_TRADE_PROJECTED_EQUITY_BREACH
REJECTED,GBPUSD,BUY,2019-02-22 10:00:00+00:00,,PRE_TRADE_PROJECTED_EQUITY_BREACH
REJECTED,GBPUSD,BUY,2019-02-22 12:00:00+00:00,,PRE_TRADE_PROJECTED_EQUITY_BREACH
REJECTED,GBPUSD,BUY,2019-02-22 20:00:00+00:00,,PRE_TRADE_PROJECTED_EQUITY_BREACH
REJECTED,EURUSD,BUY,2019-02-22 20:30:00+00:00,,PRE_TRADE_PROJECTED_EQUITY_BREACH
REJECTED,EURUSD,BUY,2019-02-26 06:30:00+00:00,,PRE_TRADE_PROJECTED_EQUITY_BREACH
REJECTED,EURUSD,BUY,2019-02-27 01:00:00+00:00,,PRE_TRADE_PROJECTED_EQUITY_BREACH
REJECTED,GBPUSD,BUY,2019-02-27 01:30:00+00:00,,PRE_TRADE_PROJECTED_EQUITY_BREACH
REJECTED,EURUSD,BUY,2019-02-27 03:00:00+00:00,,PRE_TRADE_PROJECTED_EQUITY_BREACH
REJECTED,EURUSD,BUY,2019-02-27 04:30:00+00:00,,PRE_TRADE_PROJECTED_EQUITY_BREACH
REJECTED,EURUSD,BUY,2019-02-27 16:00:00+00:00,,PRE_TRADE_PROJECTED_EQUITY_BREACH
REJECTED,GBPUSD,BUY,2019-02-28 04:00:00+00:00,,PRE_TRADE_PROJECTED_EQUITY_BREACH
REJECTED,EURUSD,BUY,2019-02-28 13:30:00+00:00,,PRE_TRADE_PROJECTED_EQUITY_BREACH
REJECTED,EURUSD,BUY,2019-02-28 21:00:00+00:00,,PRE_TRADE_PROJECTED_EQUITY_BREACH
REJECTED,GBPUSD,BUY,2019-03-01 06:30:00+00:00,,PRE_TRADE_PROJECTED_EQUITY_BREACH
REJECTED,EURUSD,BUY,2019-03-01 17:30:00+00:00,,PRE_TRADE_PROJECTED_EQUITY_BREACH
REJECTED,GBPUSD,BUY,2019-03-01 17:30:00+00:00,,PRE_TRADE_PROJECTED_EQUITY_BREACH
REJECTED,GBPUSD,BUY,2019-03-01 19:30:00+00:00,,PRE_TRADE_PROJECTED_EQUITY_BREACH
REJECTED,EURUSD,BUY,2019-03-04 03:00:00+00:00,,PRE_TRADE_PROJECTED_EQUITY_BREACH
REJECTED,GBPUSD,BUY,2019-03-04 11:00:00+00:00,,PRE_TRADE_PROJECTED_EQUITY_BREACH
REJECTED,GBPUSD,BUY,2019-03-04 15:30:00+00:00,,PRE_TRADE_PROJECTED_EQUITY_BREACH
REJECTED,EURUSD,SELL,2019-03-04 20:30:00+00:00,,PRE_TRADE_PROJECTED_EQUITY_BREACH
REJECTED,GBPUSD,BUY,2019-03-05 01:30:00+00:00,,PRE_TRADE_PROJECTED_EQUITY_BREACH
REJECTED,EURUSD,SELL,2019-03-08 06:30:00+00:00,,PRE_TRADE_PROJECTED_EQUITY_BREACH
REJECTED,EURUSD,SELL,2019-03-08 10:30:00+00:00,,PRE_TRADE_PROJECTED_EQUITY_BREACH
REJECTED,EURUSD,SELL,2019-03-08 14:00:00+00:00,,PRE_TRADE_PROJECTED_EQUITY_BREACH
REJECTED,GBPUSD,SELL,2019-03-11 04:30:00+00:00,,PRE_TRADE_PROJECTED_EQUITY_BREACH
REJECTED,GBPUSD,SELL,2019-03-11 06:00:00+00:00,,PRE_TRADE_PROJECTED_EQUITY_BREACH
REJECTED,GBPUSD,SELL,2019-03-11 07:00:00+00:00,,PRE_TRADE_PROJECTED_EQUITY_BREACH
REJECTED,GBPUSD,SELL,2019-03-11 11:30:00+00:00,,PRE_TRADE_PROJECTED_EQUITY_BREACH
REJECTED,GBPUSD,SELL,2019-03-11 16:00:00+00:00,,PRE_TRADE_PROJECTED_EQUITY_BREACH
REJECTED,EURUSD,SELL,2019-03-11 22:00:00+00:00,,PRE_TRADE_PROJECTED_EQUITY_BREACH
REJECTED,GBPUSD,BUY,2019-03-12 04:00:00+00:00,,PRE_TRADE_PROJECTED_EQUITY_BREACH
REJECTED,EURUSD,SELL,2019-03-12 08:00:00+00:00,,PRE_TRADE_PROJECTED_EQUITY_BREACH
REJECTED,GBPUSD,BUY,2019-03-12 10:00:00+00:00,,PRE_TRADE_PROJECTED_EQUITY_BREACH
REJECTED,GBPUSD,BUY,2019-03-12 11:00:00+00:00,,PRE_TRADE_PROJECTED_EQUITY_BREACH
REJECTED,GBPUSD,SELL,2019-03-13 02:30:00+00:00,,PRE_TRADE_PROJECTED_EQUITY_BREACH
REJECTED,GBPUSD,BUY,2019-03-14 01:00:00+00:00,,PRE_TRADE_PROJECTED_EQUITY_BREACH
REJECTED,EURUSD,BUY,2019-03-14 04:30:00+00:00,,PRE_TRADE_PROJECTED_EQUITY_BREACH
REJECTED,GBPUSD,BUY,2019-03-14 04:30:00+00:00,,PRE_TRADE_PROJECTED_EQUITY_BREACH
REJECTED,EURUSD,BUY,2019-03-14 10:00:00+00:00,,PRE_TRADE_PROJECTED_EQUITY_BREACH
REJECTED,GBPUSD,BUY,2019-03-14 19:00:00+00:00,,PRE_TRADE_PROJECTED_EQUITY_BREACH
REJECTED,EURUSD,BUY,2019-03-15 12:00:00+00:00,,PRE_TRADE_PROJECTED_EQUITY_BREACH
REJECTED,GBPUSD,BUY,2019-03-18 05:30:00+00:00,,PRE_TRADE_PROJECTED_EQUITY_BREACH
REJECTED,EURUSD,BUY,2019-03-18 16:30:00+00:00,,PRE_TRADE_PROJECTED_EQUITY_BREACH
REJECTED,EURUSD,BUY,2019-03-19 13:30:00+00:00,,PRE_TRADE_PROJECTED_EQUITY_BREACH
REJECTED,GBPUSD,BUY,2019-03-19 14:00:00+00:00,,PRE_TRADE_PROJECTED_EQUITY_BREACH
REJECTED,GBPUSD,BUY,2019-03-20 07:30:00+00:00,,PRE_TRADE_PROJECTED_EQUITY_BREACH
REJECTED,EURUSD,BUY,2019-03-20 08:30:00+00:00,,PRE_TRADE_PROJECTED_EQUITY_BREACH
REJECTED,EURUSD,BUY,2019-03-21 03:30:00+00:00,,PRE_TRADE_PROJECTED_EQUITY_BREACH
REJECTED,EURUSD,BUY,2019-03-21 15:30:00+00:00,,PRE_TRADE_PROJECTED_EQUITY_BREACH
REJECTED,GBPUSD,SELL,2019-03-21 21:00:00+00:00,,PRE_TRADE_PROJECTED_EQUITY_BREACH
REJECTED,EURUSD,BUY,2019-03-22 00:00:00+00:00,,PRE_TRADE_PROJECTED_EQUITY_BREACH
REJECTED,GBPUSD,SELL,2019-03-22 02:30:00+00:00,,PRE_TRADE_PROJECTED_EQUITY_BREACH
REJECTED,GBPUSD,SELL,2019-03-22 13:30:00+00:00,,PRE_TRADE_PROJECTED_EQUITY_BREACH
REJECTED,GBPUSD,SELL,2019-03-25 12:00:00+00:00,,PRE_TRADE_PROJECTED_EQUITY_BREACH
REJECTED,EURUSD,SELL,2019-03-25 15:00:00+00:00,,PRE_TRADE_PROJECTED_EQUITY_BREACH
REJECTED,EURUSD,SELL,2019-03-26 10:30:00+00:00,,PRE_TRADE_PROJECTED_EQUITY_BREACH
REJECTED,GBPUSD,BUY,2019-03-26 19:30:00+00:00,,PRE_TRADE_PROJECTED_EQUITY_BREACH
REJECTED,EURUSD,SELL,2019-03-27 06:30:00+00:00,,PRE_TRADE_PROJECTED_EQUITY_BREACH
REJECTED,EURUSD,SELL,2019-03-27 10:00:00+00:00,,PRE_TRADE_PROJECTED_EQUITY_BREACH
REJECTED,GBPUSD,SELL,2019-03-28 04:30:00+00:00,,PRE_TRADE_PROJECTED_EQUITY_BREACH
REJECTED,EURUSD,SELL,2019-03-28 06:00:00+00:00,,PRE_TRADE_PROJECTED_EQUITY_BREACH
REJECTED,EURUSD,SELL,2019-03-29 00:00:00+00:00,,PRE_TRADE_PROJECTED_EQUITY_BREACH
REJECTED,GBPUSD,SELL,2019-03-29 07:00:00+00:00,,PRE_TRADE_PROJECTED_EQUITY_BREACH
REJECTED,GBPUSD,SELL,2019-03-29 10:30:00+00:00,,PRE_TRADE_PROJECTED_EQUITY_BREACH
REJECTED,EURUSD,SELL,2019-03-29 14:00:00+00:00,,PRE_TRADE_PROJECTED_EQUITY_BREACH
REJECTED,EURUSD,SELL,2019-03-31 22:00:00+00:00,,PRE_TRADE_PROJECTED_EQUITY_BREACH
REJECTED,EURUSD,SELL,2019-04-01 05:30:00+00:00,,PRE_TRADE_PROJECTED_EQUITY_BREACH
REJECTED,GBPUSD,SELL,2019-04-01 05:30:00+00:00,,PRE_TRADE_PROJECTED_EQUITY_BREACH
REJECTED,GBPUSD,SELL,2019-04-01 07:30:00+00:00,,PRE_TRADE_PROJECTED_EQUITY_BREACH
REJECTED,EURUSD,SELL,2019-04-01 09:00:00+00:00,,PRE_TRADE_PROJECTED_EQUITY_BREACH
REJECTED,GBPUSD,SELL,2019-04-01 09:30:00+00:00,,PRE_TRADE_PROJECTED_EQUITY_BREACH
REJECTED,GBPUSD,SELL,2019-04-02 17:30:00+00:00,,PRE_TRADE_PROJECTED_EQUITY_BREACH
REJECTED,EURUSD,SELL,2019-04-03 01:30:00+00:00,,PRE_TRADE_PROJECTED_EQUITY_BREACH
REJECTED,EURUSD,SELL,2019-04-03 08:30:00+00:00,,PRE_TRADE_PROJECTED_EQUITY_BREACH
REJECTED,EURUSD,SELL,2019-04-03 10:30:00+00:00,,PRE_TRADE_PROJECTED_EQUITY_BREACH
REJECTED,EURUSD,SELL,2019-04-03 17:00:00+00:00,,PRE_TRADE_PROJECTED_EQUITY_BREACH
REJECTED,EURUSD,SELL,2019-04-04 00:00:00+00:00,,PRE_TRADE_PROJECTED_EQUITY_BREACH
REJECTED,GBPUSD,BUY,2019-04-04 10:00:00+00:00,,PRE_TRADE_PROJECTED_EQUITY_BREACH
REJECTED,GBPUSD,BUY,2019-04-04 12:00:00+00:00,,PRE_TRADE_PROJECTED_EQUITY_BREACH
REJECTED,GBPUSD,SELL,2019-04-05 04:00:00+00:00,,PRE_TRADE_PROJECTED_EQUITY_BREACH
REJECTED,EURUSD,SELL,2019-04-05 06:00:00+00:00,,PRE_TRADE_PROJECTED_EQUITY_BREACH
REJECTED,GBPUSD,SELL,2019-04-05 18:30:00+00:00,,PRE_TRADE_PROJECTED_EQUITY_BREACH
REJECTED,EURUSD,SELL,2019-04-08 03:30:00+00:00,,PRE_TRADE_PROJECTED_EQUITY_BREACH
REJECTED,GBPUSD,SELL,2019-04-08 04:00:00+00:00,,PRE_TRADE_PROJECTED_EQUITY_BREACH
REJECTED,EURUSD,SELL,2019-04-08 10:00:00+00:00,,PRE_TRADE_PROJECTED_EQUITY_BREACH
REJECTED,GBPUSD,SELL,2019-04-08 18:00:00+00:00,,PRE_TRADE_PROJECTED_EQUITY_BREACH
REJECTED,GBPUSD,SELL,2019-04-09 02:00:00+00:00,,PRE_TRADE_PROJECTED_EQUITY_BREACH
REJECTED,EURUSD,BUY,2019-04-09 16:00:00+00:00,,PRE_TRADE_PROJECTED_EQUITY_BREACH
REJECTED,EURUSD,BUY,2019-04-10 01:30:00+00:00,,PRE_TRADE_PROJECTED_EQUITY_BREACH
REJECTED,EURUSD,BUY,2019-04-10 14:00:00+00:00,,PRE_TRADE_PROJECTED_EQUITY_BREACH
REJECTED,GBPUSD,SELL,2019-04-11 15:30:00+00:00,,PRE_TRADE_PROJECTED_EQUITY_BREACH
REJECTED,EURUSD,BUY,2019-04-11 18:00:00+00:00,,PRE_TRADE_PROJECTED_EQUITY_BREACH
REJECTED,GBPUSD,SELL,2019-04-12 03:00:00+00:00,,PRE_TRADE_PROJECTED_EQUITY_BREACH
REJECTED,EURUSD,BUY,2019-04-12 07:00:00+00:00,,PRE_TRADE_PROJECTED_EQUITY_BREACH
REJECTED,GBPUSD,SELL,2019-04-12 09:30:00+00:00,,PRE_TRADE_PROJECTED_EQUITY_BREACH
REJECTED,GBPUSD,SELL,2019-04-12 11:00:00+00:00,,PRE_TRADE_PROJECTED_EQUITY_BREACH
REJECTED,GBPUSD,SELL,2019-04-15 00:30:00+00:00,,PRE_TRADE_PROJECTED_EQUITY_BREACH
REJECTED,EURUSD,BUY,2019-04-15 11:00:00+00:00,,PRE_TRADE_PROJECTED_EQUITY_BREACH
REJECTED,EURUSD,BUY,2019-04-16 02:30:00+00:00,,PRE_TRADE_PROJECTED_EQUITY_BREACH
REJECTED,EURUSD,BUY,2019-04-16 10:00:00+00:00,,PRE_TRADE_PROJECTED_EQUITY_BREACH
REJECTED,EURUSD,BUY,2019-04-16 21:30:00+00:00,,PRE_TRADE_PROJECTED_EQUITY_BREACH
REJECTED,GBPUSD,SELL,2019-04-17 04:00:00+00:00,,PRE_TRADE_PROJECTED_EQUITY_BREACH
REJECTED,GBPUSD,SELL,2019-04-17 06:30:00+00:00,,PRE_TRADE_PROJECTED_EQUITY_BREACH
REJECTED,GBPUSD,SELL,2019-04-18 06:00:00+00:00,,PRE_TRADE_PROJECTED_EQUITY_BREACH
REJECTED,EURUSD,SELL,2019-04-19 00:00:00+00:00,,PRE_TRADE_PROJECTED_EQUITY_BREACH
REJECTED,GBPUSD,SELL,2019-04-19 05:30:00+00:00,,PRE_TRADE_PROJECTED_EQUITY_BREACH
REJECTED,EURUSD,SELL,2019-04-19 06:30:00+00:00,,PRE_TRADE_PROJECTED_EQUITY_BREACH
REJECTED,EURUSD,SELL,2019-04-22 08:30:00+00:00,,PRE_TRADE_PROJECTED_EQUITY_BREACH
REJECTED,EURUSD,SELL,2019-04-22 16:00:00+00:00,,PRE_TRADE_PROJECTED_EQUITY_BREACH
REJECTED,EURUSD,SELL,2019-04-23 20:30:00+00:00,,PRE_TRADE_PROJECTED_EQUITY_BREACH
REJECTED,GBPUSD,SELL,2019-04-24 11:00:00+00:00,,PRE_TRADE_PROJECTED_EQUITY_BREACH
REJECTED,GBPUSD,SELL,2019-04-25 14:30:00+00:00,,PRE_TRADE_PROJECTED_EQUITY_BREACH
REJECTED,EURUSD,SELL,2019-04-25 15:00:00+00:00,,PRE_TRADE_PROJECTED_EQUITY_BREACH
REJECTED,EURUSD,SELL,2019-04-26 00:00:00+00:00,,PRE_TRADE_PROJECTED_EQUITY_BREACH
REJECTED,GBPUSD,SELL,2019-04-26 07:00:00+00:00,,PRE_TRADE_PROJECTED_EQUITY_BREACH
REJECTED,EURUSD,SELL,2019-04-26 07:30:00+00:00,,PRE_TRADE_PROJECTED_EQUITY_BREACH
REJECTED,EURUSD,SELL,2019-04-26 14:30:00+00:00,,PRE_TRADE_PROJECTED_EQUITY_BREACH
REJECTED,GBPUSD,SELL,2019-04-29 05:30:00+00:00,,PRE_TRADE_PROJECTED_EQUITY_BREACH
REJECTED,EURUSD,SELL,2019-04-29 08:00:00+00:00,,PRE_TRADE_PROJECTED_EQUITY_BREACH
REJECTED,EURUSD,SELL,2019-04-30 01:30:00+00:00,,PRE_TRADE_PROJECTED_EQUITY_BREACH
REJECTED,GBPUSD,SELL,2019-04-30 01:30:00+00:00,,PRE_TRADE_PROJECTED_EQUITY_BREACH
REJECTED,EURUSD,SELL,2019-04-30 09:00:00+00:00,,PRE_TRADE_PROJECTED_EQUITY_BREACH
REJECTED,GBPUSD,SELL,2019-04-30 09:00:00+00:00,,PRE_TRADE_PROJECTED_EQUITY_BREACH
REJECTED,EURUSD,BUY,2019-04-30 16:30:00+00:00,,PRE_TRADE_PROJECTED_EQUITY_BREACH
REJECTED,GBPUSD,BUY,2019-05-02 06:30:00+00:00,,PRE_TRADE_PROJECTED_EQUITY_BREACH
REJECTED,EURUSD,BUY,2019-05-02 07:00:00+00:00,,PRE_TRADE_PROJECTED_EQUITY_BREACH
REJECTED,GBPUSD,BUY,2019-05-03 05:30:00+00:00,,PRE_TRADE_PROJECTED_EQUITY_BREACH
REJECTED,GBPUSD,BUY,2019-05-03 07:30:00+00:00,,PRE_TRADE_PROJECTED_EQUITY_BREACH
REJECTED,GBPUSD,BUY,2019-05-03 10:00:00+00:00,,PRE_TRADE_PROJECTED_EQUITY_BREACH
REJECTED,EURUSD,SELL,2019-05-03 14:30:00+00:00,,PRE_TRADE_PROJECTED_EQUITY_BREACH
REJECTED,EURUSD,SELL,2019-05-03 20:00:00+00:00,,PRE_TRADE_PROJECTED_EQUITY_BREACH
REJECTED,GBPUSD,BUY,2019-05-06 01:00:00+00:00,,PRE_TRADE_PROJECTED_EQUITY_BREACH
REJECTED,GBPUSD,BUY,2019-05-06 04:00:00+00:00,,PRE_TRADE_PROJECTED_EQUITY_BREACH
REJECTED,GBPUSD,BUY,2019-05-06 13:30:00+00:00,,PRE_TRADE_PROJECTED_EQUITY_BREACH
REJECTED,EURUSD,BUY,2019-05-06 21:30:00+00:00,,PRE_TRADE_PROJECTED_EQUITY_BREACH
REJECTED,GBPUSD,BUY,2019-05-07 08:30:00+00:00,,PRE_TRADE_PROJECTED_EQUITY_BREACH
REJECTED,GBPUSD,BUY,2019-05-07 12:30:00+00:00,,PRE_TRADE_PROJECTED_EQUITY_BREACH
REJECTED,EURUSD,SELL,2019-05-07 21:00:00+00:00,,PRE_TRADE_PROJECTED_EQUITY_BREACH
REJECTED,GBPUSD,BUY,2019-05-08 00:30:00+00:00,,PRE_TRADE_PROJECTED_EQUITY_BREACH
REJECTED,GBPUSD,BUY,2019-05-08 07:30:00+00:00,,PRE_TRADE_PROJECTED_EQUITY_BREACH
REJECTED,EURUSD,BUY,2019-05-08 17:00:00+00:00,,PRE_TRADE_PROJECTED_EQUITY_BREACH
REJECTED,EURUSD,SELL,2019-05-09 05:30:00+00:00,,PRE_TRADE_PROJECTED_EQUITY_BREACH
REJECTED,GBPUSD,SELL,2019-05-09 06:00:00+00:00,,PRE_TRADE_PROJECTED_EQUITY_BREACH
REJECTED,GBPUSD,SELL,2019-05-09 18:30:00+00:00,,PRE_TRADE_PROJECTED_EQUITY_BREACH
REJECTED,EURUSD,BUY,2019-05-09 21:30:00+00:00,,PRE_TRADE_PROJECTED_EQUITY_BREACH
REJECTED,EURUSD,BUY,2019-05-10 18:00:00+00:00,,PRE_TRADE_PROJECTED_EQUITY_BREACH
REJECTED,GBPUSD,SELL,2019-05-13 02:30:00+00:00,,PRE_TRADE_PROJECTED_EQUITY_BREACH
REJECTED,GBPUSD,SELL,2019-05-13 11:30:00+00:00,,PRE_TRADE_PROJECTED_EQUITY_BREACH
REJECTED,EURUSD,BUY,2019-05-13 16:00:00+00:00,,PRE_TRADE_PROJECTED_EQUITY_BREACH
REJECTED,EURUSD,BUY,2019-05-13 21:30:00+00:00,,PRE_TRADE_PROJECTED_EQUITY_BREACH
REJECTED,EURUSD,BUY,2019-05-14 07:30:00+00:00,,PRE_TRADE_PROJECTED_EQUITY_BREACH
REJECTED,EURUSD,BUY,2019-05-14 11:00:00+00:00,,PRE_TRADE_PROJECTED_EQUITY_BREACH
REJECTED,EURUSD,BUY,2019-05-14 13:00:00+00:00,,PRE_TRADE_PROJECTED_EQUITY_BREACH
REJECTED,EURUSD,SELL,2019-05-15 15:00:00+00:00,,PRE_TRADE_PROJECTED_EQUITY_BREACH
REJECTED,EURUSD,SELL,2019-05-16 00:30:00+00:00,,PRE_TRADE_PROJECTED_EQUITY_BREACH
REJECTED,GBPUSD,SELL,2019-05-16 01:00:00+00:00,,PRE_TRADE_PROJECTED_EQUITY_BREACH
REJECTED,GBPUSD,SELL,2019-05-16 02:00:00+00:00,,PRE_TRADE_PROJECTED_EQUITY_BREACH
REJECTED,EURUSD,SELL,2019-05-16 09:00:00+00:00,,PRE_TRADE_PROJECTED_EQUITY_BREACH
REJECTED,EURUSD,SELL,2019-05-17 02:30:00+00:00,,PRE_TRADE_PROJECTED_EQUITY_BREACH
REJECTED,GBPUSD,SELL,2019-05-20 01:30:00+00:00,,PRE_TRADE_PROJECTED_EQUITY_BREACH
REJECTED,EURUSD,SELL,2019-05-20 08:00:00+00:00,,PRE_TRADE_PROJECTED_EQUITY_BREACH
REJECTED,GBPUSD,SELL,2019-05-20 08:30:00+00:00,,PRE_TRADE_PROJECTED_EQUITY_BREACH
REJECTED,EURUSD,SELL,2019-05-20 14:00:00+00:00,,PRE_TRADE_PROJECTED_EQUITY_BREACH
REJECTED,EURUSD,SELL,2019-05-20 23:00:00+00:00,,PRE_TRADE_PROJECTED_EQUITY_BREACH
REJECTED,GBPUSD,SELL,2019-05-20 23:30:00+00:00,,PRE_TRADE_PROJECTED_EQUITY_BREACH
REJECTED,GBPUSD,SELL,2019-05-21 13:00:00+00:00,,PRE_TRADE_PROJECTED_EQUITY_BREACH
REJECTED,EURUSD,SELL,2019-05-21 15:30:00+00:00,,PRE_TRADE_PROJECTED_EQUITY_BREACH
REJECTED,EURUSD,SELL,2019-05-22 00:00:00+00:00,,PRE_TRADE_PROJECTED_EQUITY_BREACH
REJECTED,GBPUSD,SELL,2019-05-22 02:00:00+00:00,,PRE_TRADE_PROJECTED_EQUITY_BREACH
REJECTED,EURUSD,SELL,2019-05-22 09:00:00+00:00,,PRE_TRADE_PROJECTED_EQUITY_BREACH
REJECTED,EURUSD,SELL,2019-05-22 11:00:00+00:00,,PRE_TRADE_PROJECTED_EQUITY_BREACH
REJECTED,GBPUSD,SELL,2019-05-23 11:30:00+00:00,,PRE_TRADE_PROJECTED_EQUITY_BREACH
REJECTED,EURUSD,SELL,2019-05-23 16:00:00+00:00,,PRE_TRADE_PROJECTED_EQUITY_BREACH
REJECTED,GBPUSD,SELL,2019-05-24 06:30:00+00:00,,PRE_TRADE_PROJECTED_EQUITY_BREACH
REJECTED,GBPUSD,SELL,2019-05-24 17:30:00+00:00,,PRE_TRADE_PROJECTED_EQUITY_BREACH
REJECTED,EURUSD,BUY,2019-05-27 19:00:00+00:00,,PRE_TRADE_PROJECTED_EQUITY_BREACH
REJECTED,EURUSD,BUY,2019-05-28 02:00:00+00:00,,PRE_TRADE_PROJECTED_EQUITY_BREACH
REJECTED,EURUSD,BUY,2019-05-28 05:00:00+00:00,,PRE_TRADE_PROJECTED_EQUITY_BREACH
REJECTED,GBPUSD,SELL,2019-05-28 07:00:00+00:00,,PRE_TRADE_PROJECTED_EQUITY_BREACH
REJECTED,GBPUSD,SELL,2019-05-29 01:00:00+00:00,,PRE_TRADE_PROJECTED_EQUITY_BREACH
REJECTED,EURUSD,SELL,2019-05-29 01:30:00+00:00,,PRE_TRADE_PROJECTED_EQUITY_BREACH
REJECTED,GBPUSD,SELL,2019-05-29 13:30:00+00:00,,PRE_TRADE_PROJECTED_EQUITY_BREACH
REJECTED,EURUSD,SELL,2019-05-30 01:00:00+00:00,,PRE_TRADE_PROJECTED_EQUITY_BREACH
REJECTED,GBPUSD,SELL,2019-05-30 05:30:00+00:00,,PRE_TRADE_PROJECTED_EQUITY_BREACH
REJECTED,EURUSD,SELL,2019-05-30 16:30:00+00:00,,PRE_TRADE_PROJECTED_EQUITY_BREACH
REJECTED,EURUSD,SELL,2019-05-31 08:00:00+00:00,,PRE_TRADE_PROJECTED_EQUITY_BREACH
REJECTED,GBPUSD,SELL,2019-05-31 09:00:00+00:00,,PRE_TRADE_PROJECTED_EQUITY_BREACH
REJECTED,EURUSD,SELL,2019-05-31 15:00:00+00:00,,PRE_TRADE_PROJECTED_EQUITY_BREACH
REJECTED,GBPUSD,SELL,2019-05-31 15:00:00+00:00,,PRE_TRADE_PROJECTED_EQUITY_BREACH
REJECTED,GBPUSD,SELL,2019-05-31 20:00:00+00:00,,PRE_TRADE_PROJECTED_EQUITY_BREACH
REJECTED,GBPUSD,SELL,2019-06-03 00:30:00+00:00,,PRE_TRADE_PROJECTED_EQUITY_BREACH
REJECTED,EURUSD,BUY,2019-06-03 05:30:00+00:00,,PRE_TRADE_PROJECTED_EQUITY_BREACH
REJECTED,EURUSD,BUY,2019-06-03 07:30:00+00:00,,PRE_TRADE_PROJECTED_EQUITY_BREACH
REJECTED,GBPUSD,SELL,2019-06-03 18:30:00+00:00,,PRE_TRADE_PROJECTED_EQUITY_BREACH
REJECTED,GBPUSD,BUY,2019-06-05 12:30:00+00:00,,PRE_TRADE_PROJECTED_EQUITY_BREACH
REJECTED,EURUSD,BUY,2019-06-05 16:00:00+00:00,,PRE_TRADE_PROJECTED_EQUITY_BREACH
REJECTED,GBPUSD,BUY,2019-06-05 17:30:00+00:00,,PRE_TRADE_PROJECTED_EQUITY_BREACH
REJECTED,GBPUSD,BUY,2019-06-05 21:30:00+00:00,,PRE_TRADE_PROJECTED_EQUITY_BREACH
REJECTED,GBPUSD,BUY,2019-06-06 07:00:00+00:00,,PRE_TRADE_PROJECTED_EQUITY_BREACH
REJECTED,EURUSD,BUY,2019-06-06 19:30:00+00:00,,PRE_TRADE_PROJECTED_EQUITY_BREACH
REJECTED,GBPUSD,BUY,2019-06-06 19:30:00+00:00,,PRE_TRADE_PROJECTED_EQUITY_BREACH
REJECTED,EURUSD,BUY,2019-06-07 02:00:00+00:00,,PRE_TRADE_PROJECTED_EQUITY_BREACH
REJECTED,EURUSD,BUY,2019-06-07 06:00:00+00:00,,PRE_TRADE_PROJECTED_EQUITY_BREACH
REJECTED,GBPUSD,BUY,2019-06-09 22:00:00+00:00,,PRE_TRADE_PROJECTED_EQUITY_BREACH
REJECTED,EURUSD,BUY,2019-06-10 05:00:00+00:00,,PRE_TRADE_PROJECTED_EQUITY_BREACH
REJECTED,GBPUSD,BUY,2019-06-10 06:30:00+00:00,,PRE_TRADE_PROJECTED_EQUITY_BREACH
REJECTED,EURUSD,BUY,2019-06-12 17:30:00+00:00,,PRE_TRADE_PROJECTED_EQUITY_BREACH
REJECTED,EURUSD,BUY,2019-06-12 19:30:00+00:00,,PRE_TRADE_PROJECTED_EQUITY_BREACH
REJECTED,GBPUSD,SELL,2019-06-13 00:00:00+00:00,,PRE_TRADE_PROJECTED_EQUITY_BREACH
REJECTED,GBPUSD,SELL,2019-06-13 13:00:00+00:00,,PRE_TRADE_PROJECTED_EQUITY_BREACH
REJECTED,EURUSD,SELL,2019-06-17 01:00:00+00:00,,PRE_TRADE_PROJECTED_EQUITY_BREACH
REJECTED,EURUSD,SELL,2019-06-17 13:00:00+00:00,,PRE_TRADE_PROJECTED_EQUITY_BREACH
REJECTED,EURUSD,SELL,2019-06-17 14:00:00+00:00,,PRE_TRADE_PROJECTED_EQUITY_BREACH
REJECTED,EURUSD,SELL,2019-06-17 23:00:00+00:00,,PRE_TRADE_PROJECTED_EQUITY_BREACH
REJECTED,EURUSD,SELL,2019-06-18 02:00:00+00:00,,PRE_TRADE_PROJECTED_EQUITY_BREACH
REJECTED,EURUSD,SELL,2019-06-18 08:00:00+00:00,,PRE_TRADE_PROJECTED_EQUITY_BREACH
REJECTED,EURUSD,SELL,2019-06-19 00:30:00+00:00,,PRE_TRADE_PROJECTED_EQUITY_BREACH
REJECTED,GBPUSD,SELL,2019-06-19 10:00:00+00:00,,PRE_TRADE_PROJECTED_EQUITY_BREACH
REJECTED,GBPUSD,SELL,2019-06-19 14:00:00+00:00,,PRE_TRADE_PROJECTED_EQUITY_BREACH
REJECTED,EURUSD,SELL,2019-06-19 15:00:00+00:00,,PRE_TRADE_PROJECTED_EQUITY_BREACH
REJECTED,GBPUSD,SELL,2019-06-19 15:00:00+00:00,,PRE_TRADE_PROJECTED_EQUITY_BREACH
REJECTED,EURUSD,SELL,2019-06-19 19:00:00+00:00,,PRE_TRADE_PROJECTED_EQUITY_BREACH
REJECTED,EURUSD,SELL,2019-06-19 23:30:00+00:00,,PRE_TRADE_PROJECTED_EQUITY_BREACH
REJECTED,EURUSD,SELL,2019-06-20 01:00:00+00:00,,PRE_TRADE_PROJECTED_EQUITY_BREACH
REJECTED,GBPUSD,BUY,2019-06-20 13:00:00+00:00,,PRE_TRADE_PROJECTED_EQUITY_BREACH
REJECTED,EURUSD,BUY,2019-06-20 15:30:00+00:00,,PRE_TRADE_PROJECTED_EQUITY_BREACH
REJECTED,GBPUSD,BUY,2019-06-21 05:30:00+00:00,,PRE_TRADE_PROJECTED_EQUITY_BREACH
REJECTED,GBPUSD,BUY,2019-06-21 10:30:00+00:00,,PRE_TRADE_PROJECTED_EQUITY_BREACH
REJECTED,EURUSD,BUY,2019-06-24 14:00:00+00:00,,PRE_TRADE_PROJECTED_EQUITY_BREACH
REJECTED,GBPUSD,BUY,2019-06-24 14:00:00+00:00,,PRE_TRADE_PROJECTED_EQUITY_BREACH
REJECTED,GBPUSD,BUY,2019-06-24 22:00:00+00:00,,PRE_TRADE_PROJECTED_EQUITY_BREACH
REJECTED,EURUSD,BUY,2019-06-25 10:30:00+00:00,,PRE_TRADE_PROJECTED_EQUITY_BREACH
REJECTED,GBPUSD,BUY,2019-06-25 12:00:00+00:00,,PRE_TRADE_PROJECTED_EQUITY_BREACH
REJECTED,EURUSD,BUY,2019-06-25 17:30:00+00:00,,PRE_TRADE_PROJECTED_EQUITY_BREACH
REJECTED,GBPUSD,BUY,2019-06-25 17:30:00+00:00,,PRE_TRADE_PROJECTED_EQUITY_BREACH
REJECTED,EURUSD,BUY,2019-06-26 02:30:00+00:00,,PRE_TRADE_PROJECTED_EQUITY_BREACH
REJECTED,EURUSD,BUY,2019-06-26 19:30:00+00:00,,PRE_TRADE_PROJECTED_EQUITY_BREACH
REJECTED,EURUSD,BUY,2019-06-27 03:00:00+00:00,,PRE_TRADE_PROJECTED_EQUITY_BREACH
REJECTED,GBPUSD,BUY,2019-06-27 03:00:00+00:00,,PRE_TRADE_PROJECTED_EQUITY_BREACH
REJECTED,EURUSD,BUY,2019-06-27 06:00:00+00:00,,PRE_TRADE_PROJECTED_EQUITY_BREACH
REJECTED,EURUSD,BUY,2019-06-27 14:30:00+00:00,,PRE_TRADE_PROJECTED_EQUITY_BREACH
REJECTED,EURUSD,BUY,2019-06-28 05:30:00+00:00,,PRE_TRADE_PROJECTED_EQUITY_BREACH
REJECTED,GBPUSD,SELL,2019-06-28 08:00:00+00:00,,PRE_TRADE_PROJECTED_EQUITY_BREACH
REJECTED,EURUSD,BUY,2019-06-28 12:30:00+00:00,,PRE_TRADE_PROJECTED_EQUITY_BREACH
REJECTED,EURUSD,BUY,2019-06-28 17:30:00+00:00,,PRE_TRADE_PROJECTED_EQUITY_BREACH
REJECTED,EURUSD,BUY,2019-07-01 06:00:00+00:00,,PRE_TRADE_PROJECTED_EQUITY_BREACH
REJECTED,EURUSD,SELL,2019-07-01 12:00:00+00:00,,PRE_TRADE_PROJECTED_EQUITY_BREACH
REJECTED,GBPUSD,SELL,2019-07-01 13:00:00+00:00,,PRE_TRADE_PROJECTED_EQUITY_BREACH
REJECTED,GBPUSD,SELL,2019-07-01 23:00:00+00:00,,PRE_TRADE_PROJECTED_EQUITY_BREACH
REJECTED,EURUSD,SELL,2019-07-02 10:30:00+00:00,,PRE_TRADE_PROJECTED_EQUITY_BREACH
REJECTED,EURUSD,SELL,2019-07-02 17:00:00+00:00,,PRE_TRADE_PROJECTED_EQUITY_BREACH
REJECTED,EURUSD,SELL,2019-07-03 23:00:00+00:00,,PRE_TRADE_PROJECTED_EQUITY_BREACH
REJECTED,GBPUSD,SELL,2019-07-04 00:30:00+00:00,,PRE_TRADE_PROJECTED_EQUITY_BREACH
REJECTED,EURUSD,SELL,2019-07-04 02:30:00+00:00,,PRE_TRADE_PROJECTED_EQUITY_BREACH
REJECTED,GBPUSD,SELL,2019-07-05 00:00:00+00:00,,PRE_TRADE_PROJECTED_EQUITY_BREACH
REJECTED,GBPUSD,SELL,2019-07-05 19:30:00+00:00,,PRE_TRADE_PROJECTED_EQUITY_BREACH
REJECTED,EURUSD,SELL,2019-07-05 20:00:00+00:00,,PRE_TRADE_PROJECTED_EQUITY_BREACH
REJECTED,EURUSD,SELL,2019-07-08 23:00:00+00:00,,PRE_TRADE_PROJECTED_EQUITY_BREACH
REJECTED,EURUSD,SELL,2019-07-10 03:30:00+00:00,,PRE_TRADE_PROJECTED_EQUITY_BREACH
REJECTED,EURUSD,SELL,2019-07-10 09:00:00+00:00,,PRE_TRADE_PROJECTED_EQUITY_BREACH
REJECTED,GBPUSD,SELL,2019-07-10 09:30:00+00:00,,PRE_TRADE_PROJECTED_EQUITY_BREACH
REJECTED,EURUSD,SELL,2019-07-10 13:30:00+00:00,,PRE_TRADE_PROJECTED_EQUITY_BREACH
REJECTED,GBPUSD,SELL,2019-07-10 13:30:00+00:00,,PRE_TRADE_PROJECTED_EQUITY_BREACH
REJECTED,GBPUSD,SELL,2019-07-11 03:30:00+00:00,,PRE_TRADE_PROJECTED_EQUITY_BREACH
REJECTED,EURUSD,BUY,2019-07-11 07:00:00+00:00,,PRE_TRADE_PROJECTED_EQUITY_BREACH
REJECTED,EURUSD,BUY,2019-07-12 09:30:00+00:00,,PRE_TRADE_PROJECTED_EQUITY_BREACH
REJECTED,GBPUSD,BUY,2019-07-15 03:00:00+00:00,,PRE_TRADE_PROJECTED_EQUITY_BREACH
REJECTED,GBPUSD,BUY,2019-07-15 09:00:00+00:00,,PRE_TRADE_PROJECTED_EQUITY_BREACH
REJECTED,EURUSD,BUY,2019-07-15 12:30:00+00:00,,PRE_TRADE_PROJECTED_EQUITY_BREACH
REJECTED,EURUSD,SELL,2019-07-17 06:30:00+00:00,,PRE_TRADE_PROJECTED_EQUITY_BREACH
REJECTED,GBPUSD,SELL,2019-07-17 15:00:00+00:00,,PRE_TRADE_PROJECTED_EQUITY_BREACH
REJECTED,GBPUSD,SELL,2019-07-18 03:30:00+00:00,,PRE_TRADE_PROJECTED_EQUITY_BREACH
REJECTED,GBPUSD,SELL,2019-07-18 08:30:00+00:00,,PRE_TRADE_PROJECTED_EQUITY_BREACH
REJECTED,EURUSD,SELL,2019-07-18 19:00:00+00:00,,PRE_TRADE_PROJECTED_EQUITY_BREACH
REJECTED,EURUSD,BUY,2019-07-18 23:00:00+00:00,,PRE_TRADE_PROJECTED_EQUITY_BREACH
REJECTED,GBPUSD,BUY,2019-07-19 06:00:00+00:00,,PRE_TRADE_PROJECTED_EQUITY_BREACH
REJECTED,EURUSD,BUY,2019-07-19 06:30:00+00:00,,PRE_TRADE_PROJECTED_EQUITY_BREACH
REJECTED,GBPUSD,BUY,2019-07-22 07:00:00+00:00,,PRE_TRADE_PROJECTED_EQUITY_BREACH
REJECTED,GBPUSD,SELL,2019-07-22 14:30:00+00:00,,PRE_TRADE_PROJECTED_EQUITY_BREACH
REJECTED,GBPUSD,SELL,2019-07-23 11:30:00+00:00,,PRE_TRADE_PROJECTED_EQUITY_BREACH
REJECTED,GBPUSD,SELL,2019-07-24 06:30:00+00:00,,PRE_TRADE_PROJECTED_EQUITY_BREACH
REJECTED,GBPUSD,SELL,2019-07-24 10:00:00+00:00,,PRE_TRADE_PROJECTED_EQUITY_BREACH
REJECTED,EURUSD,SELL,2019-07-24 11:30:00+00:00,,PRE_TRADE_PROJECTED_EQUITY_BREACH
REJECTED,GBPUSD,BUY,2019-07-24 19:00:00+00:00,,PRE_TRADE_PROJECTED_EQUITY_BREACH
REJECTED,EURUSD,SELL,2019-07-25 11:00:00+00:00,,PRE_TRADE_PROJECTED_EQUITY_BREACH
REJECTED,EURUSD,SELL,2019-07-29 15:30:00+00:00,,PRE_TRADE_PROJECTED_EQUITY_BREACH
REJECTED,EURUSD,SELL,2019-07-29 19:30:00+00:00,,PRE_TRADE_PROJECTED_EQUITY_BREACH
REJECTED,EURUSD,SELL,2019-07-30 09:30:00+00:00,,PRE_TRADE_PROJECTED_EQUITY_BREACH
REJECTED,EURUSD,SELL,2019-07-30 20:00:00+00:00,,PRE_TRADE_PROJECTED_EQUITY_BREACH
REJECTED,GBPUSD,SELL,2019-07-31 05:30:00+00:00,,PRE_TRADE_PROJECTED_EQUITY_BREACH
REJECTED,EURUSD,SELL,2019-07-31 06:00:00+00:00,,PRE_TRADE_PROJECTED_EQUITY_BREACH
REJECTED,GBPUSD,SELL,2019-07-31 14:30:00+00:00,,PRE_TRADE_PROJECTED_EQUITY_BREACH
REJECTED,GBPUSD,SELL,2019-08-01 15:30:00+00:00,,PRE_TRADE_PROJECTED_EQUITY_BREACH
REJECTED,EURUSD,SELL,2019-08-01 16:00:00+00:00,,PRE_TRADE_PROJECTED_EQUITY_BREACH
REJECTED,EURUSD,SELL,2019-08-01 18:30:00+00:00,,PRE_TRADE_PROJECTED_EQUITY_BREACH
REJECTED,EURUSD,SELL,2019-08-02 08:30:00+00:00,,PRE_TRADE_PROJECTED_EQUITY_BREACH
REJECTED,GBPUSD,SELL,2019-08-02 14:30:00+00:00,,PRE_TRADE_PROJECTED_EQUITY_BREACH
REJECTED,EURUSD,SELL,2019-08-02 16:30:00+00:00,,PRE_TRADE_PROJECTED_EQUITY_BREACH
REJECTED,GBPUSD,SELL,2019-08-02 19:00:00+00:00,,PRE_TRADE_PROJECTED_EQUITY_BREACH
REJECTED,EURUSD,SELL,2019-08-05 01:00:00+00:00,,PRE_TRADE_PROJECTED_EQUITY_BREACH
REJECTED,GBPUSD,SELL,2019-08-05 10:00:00+00:00,,PRE_TRADE_PROJECTED_EQUITY_BREACH
REJECTED,GBPUSD,SELL,2019-08-05 23:30:00+00:00,,PRE_TRADE_PROJECTED_EQUITY_BREACH
REJECTED,EURUSD,BUY,2019-08-06 04:30:00+00:00,,PRE_TRADE_PROJECTED_EQUITY_BREACH
REJECTED,GBPUSD,SELL,2019-08-06 10:30:00+00:00,,PRE_TRADE_PROJECTED_EQUITY_BREACH
REJECTED,EURUSD,BUY,2019-08-06 13:30:00+00:00,,PRE_TRADE_PROJECTED_EQUITY_BREACH
REJECTED,GBPUSD,SELL,2019-08-06 21:30:00+00:00,,PRE_TRADE_PROJECTED_EQUITY_BREACH
REJECTED,GBPUSD,SELL,2019-08-07 01:00:00+00:00,,PRE_TRADE_PROJECTED_EQUITY_BREACH
REJECTED,EURUSD,BUY,2019-08-07 07:00:00+00:00,,PRE_TRADE_PROJECTED_EQUITY_BREACH
REJECTED,EURUSD,BUY,2019-08-07 20:00:00+00:00,,PRE_TRADE_PROJECTED_EQUITY_BREACH
REJECTED,EURUSD,BUY,2019-08-08 11:30:00+00:00,,PRE_TRADE_PROJECTED_EQUITY_BREACH
REJECTED,GBPUSD,SELL,2019-08-08 17:00:00+00:00,,PRE_TRADE_PROJECTED_EQUITY_BREACH
REJECTED,EURUSD,BUY,2019-08-08 19:00:00+00:00,,PRE_TRADE_PROJECTED_EQUITY_BREACH
REJECTED,EURUSD,BUY,2019-08-09 21:30:00+00:00,,PRE_TRADE_PROJECTED_EQUITY_BREACH
REJECTED,GBPUSD,SELL,2019-08-12 03:00:00+00:00,,PRE_TRADE_PROJECTED_EQUITY_BREACH
REJECTED,EURUSD,BUY,2019-08-12 08:00:00+00:00,,PRE_TRADE_PROJECTED_EQUITY_BREACH
REJECTED,GBPUSD,SELL,2019-08-12 11:00:00+00:00,,PRE_TRADE_PROJECTED_EQUITY_BREACH
REJECTED,EURUSD,BUY,2019-08-13 02:00:00+00:00,,PRE_TRADE_PROJECTED_EQUITY_BREACH
REJECTED,EURUSD,BUY,2019-08-13 04:00:00+00:00,,PRE_TRADE_PROJECTED_EQUITY_BREACH
REJECTED,GBPUSD,SELL,2019-08-14 01:00:00+00:00,,PRE_TRADE_PROJECTED_EQUITY_BREACH
REJECTED,GBPUSD,SELL,2019-08-14 10:00:00+00:00,,PRE_TRADE_PROJECTED_EQUITY_BREACH
REJECTED,EURUSD,SELL,2019-08-14 23:00:00+00:00,,PRE_TRADE_PROJECTED_EQUITY_BREACH
REJECTED,GBPUSD,SELL,2019-08-15 07:30:00+00:00,,PRE_TRADE_PROJECTED_EQUITY_BREACH
REJECTED,GBPUSD,SELL,2019-08-15 10:00:00+00:00,,PRE_TRADE_PROJECTED_EQUITY_BREACH
REJECTED,EURUSD,SELL,2019-08-15 11:30:00+00:00,,PRE_TRADE_PROJECTED_EQUITY_BREACH
REJECTED,GBPUSD,SELL,2019-08-16 05:30:00+00:00,,PRE_TRADE_PROJECTED_EQUITY_BREACH
REJECTED,EURUSD,SELL,2019-08-16 15:30:00+00:00,,PRE_TRADE_PROJECTED_EQUITY_BREACH
REJECTED,EURUSD,SELL,2019-08-19 07:30:00+00:00,,PRE_TRADE_PROJECTED_EQUITY_BREACH
REJECTED,GBPUSD,BUY,2019-08-19 09:00:00+00:00,,PRE_TRADE_PROJECTED_EQUITY_BREACH
REJECTED,EURUSD,SELL,2019-08-20 02:00:00+00:00,,PRE_TRADE_PROJECTED_EQUITY_BREACH
REJECTED,GBPUSD,BUY,2019-08-20 06:00:00+00:00,,PRE_TRADE_PROJECTED_EQUITY_BREACH
REJECTED,EURUSD,SELL,2019-08-20 15:30:00+00:00,,PRE_TRADE_PROJECTED_EQUITY_BREACH
REJECTED,GBPUSD,BUY,2019-08-21 00:30:00+00:00,,PRE_TRADE_PROJECTED_EQUITY_BREACH
REJECTED,GBPUSD,BUY,2019-08-21 04:30:00+00:00,,PRE_TRADE_PROJECTED_EQUITY_BREACH
REJECTED,GBPUSD,BUY,2019-08-21 06:30:00+00:00,,PRE_TRADE_PROJECTED_EQUITY_BREACH
REJECTED,EURUSD,SELL,2019-08-21 23:30:00+00:00,,PRE_TRADE_PROJECTED_EQUITY_BREACH
REJECTED,EURUSD,SELL,2019-08-22 08:30:00+00:00,,PRE_TRADE_PROJECTED_EQUITY_BREACH
REJECTED,GBPUSD,BUY,2019-08-22 21:30:00+00:00,,PRE_TRADE_PROJECTED_EQUITY_BREACH
REJECTED,EURUSD,SELL,2019-08-23 00:30:00+00:00,,PRE_TRADE_PROJECTED_EQUITY_BREACH
REJECTED,GBPUSD,BUY,2019-08-23 02:30:00+00:00,,PRE_TRADE_PROJECTED_EQUITY_BREACH
REJECTED,GBPUSD,BUY,2019-08-23 05:00:00+00:00,,PRE_TRADE_PROJECTED_EQUITY_BREACH
REJECTED,GBPUSD,BUY,2019-08-23 07:30:00+00:00,,PRE_TRADE_PROJECTED_EQUITY_BREACH
REJECTED,EURUSD,BUY,2019-08-26 09:00:00+00:00,,PRE_TRADE_PROJECTED_EQUITY_BREACH
REJECTED,GBPUSD,BUY,2019-08-26 09:00:00+00:00,,PRE_TRADE_PROJECTED_EQUITY_BREACH
REJECTED,GBPUSD,BUY,2019-08-26 15:00:00+00:00,,PRE_TRADE_PROJECTED_EQUITY_BREACH
REJECTED,GBPUSD,BUY,2019-08-27 01:30:00+00:00,,PRE_TRADE_PROJECTED_EQUITY_BREACH
REJECTED,GBPUSD,BUY,2019-08-27 04:00:00+00:00,,PRE_TRADE_PROJECTED_EQUITY_BREACH
REJECTED,EURUSD,SELL,2019-08-28 08:30:00+00:00,,PRE_TRADE_PROJECTED_EQUITY_BREACH
REJECTED,GBPUSD,BUY,2019-08-28 19:30:00+00:00,,PRE_TRADE_PROJECTED_EQUITY_BREACH
REJECTED,EURUSD,SELL,2019-08-28 23:30:00+00:00,,PRE_TRADE_PROJECTED_EQUITY_BREACH
REJECTED,EURUSD,SELL,2019-08-29 01:00:00+00:00,,PRE_TRADE_PROJECTED_EQUITY_BREACH
REJECTED,GBPUSD,BUY,2019-08-29 03:00:00+00:00,,PRE_TRADE_PROJECTED_EQUITY_BREACH
REJECTED,EURUSD,SELL,2019-08-30 14:30:00+00:00,,PRE_TRADE_PROJECTED_EQUITY_BREACH
REJECTED,EURUSD,SELL,2019-08-30 20:30:00+00:00,,PRE_TRADE_PROJECTED_EQUITY_BREACH
REJECTED,GBPUSD,SELL,2019-09-02 07:00:00+00:00,,PRE_TRADE_PROJECTED_EQUITY_BREACH
REJECTED,GBPUSD,SELL,2019-09-03 11:30:00+00:00,,PRE_TRADE_PROJECTED_EQUITY_BREACH
REJECTED,EURUSD,SELL,2019-09-03 15:00:00+00:00,,PRE_TRADE_PROJECTED_EQUITY_BREACH
REJECTED,GBPUSD,SELL,2019-09-03 15:00:00+00:00,,PRE_TRADE_PROJECTED_EQUITY_BREACH
REJECTED,EURUSD,SELL,2019-09-03 17:30:00+00:00,,PRE_TRADE_PROJECTED_EQUITY_BREACH
REJECTED,GBPUSD,SELL,2019-09-03 18:00:00+00:00,,PRE_TRADE_PROJECTED_EQUITY_BREACH
REJECTED,GBPUSD,SELL,2019-09-04 03:30:00+00:00,,PRE_TRADE_PROJECTED_EQUITY_BREACH
REJECTED,EURUSD,SELL,2019-09-04 07:30:00+00:00,,PRE_TRADE_PROJECTED_EQUITY_BREACH
REJECTED,GBPUSD,SELL,2019-09-04 08:00:00+00:00,,PRE_TRADE_PROJECTED_EQUITY_BREACH
REJECTED,EURUSD,SELL,2019-09-04 10:30:00+00:00,,PRE_TRADE_PROJECTED_EQUITY_BREACH
REJECTED,GBPUSD,BUY,2019-09-05 01:30:00+00:00,,PRE_TRADE_PROJECTED_EQUITY_BREACH
REJECTED,GBPUSD,BUY,2019-09-05 07:00:00+00:00,,PRE_TRADE_PROJECTED_EQUITY_BREACH
REJECTED,EURUSD,BUY,2019-09-06 01:00:00+00:00,,PRE_TRADE_PROJECTED_EQUITY_BREACH
REJECTED,GBPUSD,BUY,2019-09-06 16:30:00+00:00,,PRE_TRADE_PROJECTED_EQUITY_BREACH
REJECTED,GBPUSD,BUY,2019-09-08 22:00:00+00:00,,PRE_TRADE_PROJECTED_EQUITY_BREACH
REJECTED,GBPUSD,BUY,2019-09-09 06:30:00+00:00,,PRE_TRADE_PROJECTED_EQUITY_BREACH
REJECTED,EURUSD,SELL,2019-09-09 09:00:00+00:00,,PRE_TRADE_PROJECTED_EQUITY_BREACH
REJECTED,EURUSD,BUY,2019-09-09 20:00:00+00:00,,PRE_TRADE_PROJECTED_EQUITY_BREACH
REJECTED,EURUSD,BUY,2019-09-10 01:30:00+00:00,,PRE_TRADE_PROJECTED_EQUITY_BREACH
REJECTED,GBPUSD,BUY,2019-09-11 02:00:00+00:00,,PRE_TRADE_PROJECTED_EQUITY_BREACH
REJECTED,EURUSD,BUY,2019-09-11 07:00:00+00:00,,PRE_TRADE_PROJECTED_EQUITY_BREACH
REJECTED,GBPUSD,BUY,2019-09-11 14:00:00+00:00,,PRE_TRADE_PROJECTED_EQUITY_BREACH
REJECTED,EURUSD,SELL,2019-09-11 17:30:00+00:00,,PRE_TRADE_PROJECTED_EQUITY_BREACH
REJECTED,GBPUSD,BUY,2019-09-12 03:00:00+00:00,,PRE_TRADE_PROJECTED_EQUITY_BREACH
REJECTED,GBPUSD,BUY,2019-09-12 13:30:00+00:00,,PRE_TRADE_PROJECTED_EQUITY_BREACH
REJECTED,GBPUSD,BUY,2019-09-12 21:30:00+00:00,,PRE_TRADE_PROJECTED_EQUITY_BREACH
REJECTED,EURUSD,BUY,2019-09-13 00:30:00+00:00,,PRE_TRADE_PROJECTED_EQUITY_BREACH
REJECTED,EURUSD,BUY,2019-09-13 14:30:00+00:00,,PRE_TRADE_PROJECTED_EQUITY_BREACH
REJECTED,EURUSD,BUY,2019-09-13 19:30:00+00:00,,PRE_TRADE_PROJECTED_EQUITY_BREACH
REJECTED,EURUSD,BUY,2019-09-16 04:30:00+00:00,,PRE_TRADE_PROJECTED_EQUITY_BREACH
REJECTED,GBPUSD,BUY,2019-09-16 04:30:00+00:00,,PRE_TRADE_PROJECTED_EQUITY_BREACH
REJECTED,GBPUSD,BUY,2019-09-16 09:00:00+00:00,,PRE_TRADE_PROJECTED_EQUITY_BREACH
REJECTED,GBPUSD,BUY,2019-09-17 01:30:00+00:00,,PRE_TRADE_PROJECTED_EQUITY_BREACH
REJECTED,EURUSD,SELL,2019-09-17 15:00:00+00:00,,PRE_TRADE_PROJECTED_EQUITY_BREACH
REJECTED,GBPUSD,BUY,2019-09-18 01:30:00+00:00,,PRE_TRADE_PROJECTED_EQUITY_BREACH
REJECTED,GBPUSD,BUY,2019-09-18 04:30:00+00:00,,PRE_TRADE_PROJECTED_EQUITY_BREACH
REJECTED,EURUSD,BUY,2019-09-18 05:30:00+00:00,,PRE_TRADE_PROJECTED_EQUITY_BREACH
REJECTED,EURUSD,BUY,2019-09-18 08:30:00+00:00,,PRE_TRADE_PROJECTED_EQUITY_BREACH
REJECTED,GBPUSD,BUY,2019-09-18 09:30:00+00:00,,PRE_TRADE_PROJECTED_EQUITY_BREACH
REJECTED,EURUSD,BUY,2019-09-18 19:00:00+00:00,,PRE_TRADE_PROJECTED_EQUITY_BREACH
REJECTED,GBPUSD,BUY,2019-09-19 11:30:00+00:00,,PRE_TRADE_PROJECTED_EQUITY_BREACH
REJECTED,EURUSD,BUY,2019-09-19 15:00:00+00:00,,PRE_TRADE_PROJECTED_EQUITY_BREACH
REJECTED,EURUSD,BUY,2019-09-19 16:30:00+00:00,,PRE_TRADE_PROJECTED_EQUITY_BREACH
REJECTED,GBPUSD,BUY,2019-09-20 14:30:00+00:00,,PRE_TRADE_PROJECTED_EQUITY_BREACH
REJECTED,EURUSD,SELL,2019-09-23 03:00:00+00:00,,PRE_TRADE_PROJECTED_EQUITY_BREACH
REJECTED,GBPUSD,BUY,2019-09-23 06:00:00+00:00,,PRE_TRADE_PROJECTED_EQUITY_BREACH
REJECTED,GBPUSD,BUY,2019-09-23 07:30:00+00:00,,PRE_TRADE_PROJECTED_EQUITY_BREACH
REJECTED,EURUSD,SELL,2019-09-23 19:30:00+00:00,,PRE_TRADE_PROJECTED_EQUITY_BREACH
REJECTED,EURUSD,SELL,2019-09-24 10:30:00+00:00,,PRE_TRADE_PROJECTED_EQUITY_BREACH
REJECTED,EURUSD,SELL,2019-09-24 18:00:00+00:00,,PRE_TRADE_PROJECTED_EQUITY_BREACH
REJECTED,GBPUSD,BUY,2019-09-25 01:00:00+00:00,,PRE_TRADE_PROJECTED_EQUITY_BREACH
REJECTED,EURUSD,SELL,2019-09-25 23:30:00+00:00,,PRE_TRADE_PROJECTED_EQUITY_BREACH
REJECTED,EURUSD,SELL,2019-09-26 03:00:00+00:00,,PRE_TRADE_PROJECTED_EQUITY_BREACH
REJECTED,GBPUSD,SELL,2019-09-26 03:00:00+00:00,,PRE_TRADE_PROJECTED_EQUITY_BREACH
REJECTED,EURUSD,SELL,2019-09-26 13:00:00+00:00,,PRE_TRADE_PROJECTED_EQUITY_BREACH
REJECTED,GBPUSD,SELL,2019-09-26 13:00:00+00:00,,PRE_TRADE_PROJECTED_EQUITY_BREACH
REJECTED,EURUSD,SELL,2019-09-26 14:00:00+00:00,,PRE_TRADE_PROJECTED_EQUITY_BREACH
REJECTED,EURUSD,SELL,2019-09-27 04:30:00+00:00,,PRE_TRADE_PROJECTED_EQUITY_BREACH
REJECTED,EURUSD,SELL,2019-09-27 11:30:00+00:00,,PRE_TRADE_PROJECTED_EQUITY_BREACH
REJECTED,GBPUSD,SELL,2019-10-01 06:00:00+00:00,,PRE_TRADE_PROJECTED_EQUITY_BREACH
REJECTED,EURUSD,SELL,2019-10-01 16:30:00+00:00,,PRE_TRADE_PROJECTED_EQUITY_BREACH
REJECTED,EURUSD,SELL,2019-10-02 01:00:00+00:00,,PRE_TRADE_PROJECTED_EQUITY_BREACH
REJECTED,EURUSD,SELL,2019-10-02 12:00:00+00:00,,PRE_TRADE_PROJECTED_EQUITY_BREACH
REJECTED,GBPUSD,SELL,2019-10-03 00:30:00+00:00,,PRE_TRADE_PROJECTED_EQUITY_BREACH
REJECTED,GBPUSD,SELL,2019-10-03 04:00:00+00:00,,PRE_TRADE_PROJECTED_EQUITY_BREACH
REJECTED,EURUSD,BUY,2019-10-03 07:00:00+00:00,,PRE_TRADE_PROJECTED_EQUITY_BREACH
REJECTED,GBPUSD,SELL,2019-10-03 13:00:00+00:00,,PRE_TRADE_PROJECTED_EQUITY_BREACH
REJECTED,GBPUSD,BUY,2019-10-03 18:30:00+00:00,,PRE_TRADE_PROJECTED_EQUITY_BREACH
REJECTED,EURUSD,BUY,2019-10-03 19:00:00+00:00,,PRE_TRADE_PROJECTED_EQUITY_BREACH
REJECTED,GBPUSD,BUY,2019-10-04 05:00:00+00:00,,PRE_TRADE_PROJECTED_EQUITY_BREACH
REJECTED,EURUSD,BUY,2019-10-04 05:30:00+00:00,,PRE_TRADE_PROJECTED_EQUITY_BREACH
REJECTED,EURUSD,BUY,2019-10-04 13:30:00+00:00,,PRE_TRADE_PROJECTED_EQUITY_BREACH
REJECTED,GBPUSD,SELL,2019-10-04 17:00:00+00:00,,PRE_TRADE_PROJECTED_EQUITY_BREACH
REJECTED,EURUSD,BUY,2019-10-07 06:00:00+00:00,,PRE_TRADE_PROJECTED_EQUITY_BREACH
REJECTED,GBPUSD,SELL,2019-10-07 11:30:00+00:00,,PRE_TRADE_PROJECTED_EQUITY_BREACH
REJECTED,EURUSD,BUY,2019-10-07 18:30:00+00:00,,PRE_TRADE_PROJECTED_EQUITY_BREACH
REJECTED,GBPUSD,SELL,2019-10-08 02:30:00+00:00,,PRE_TRADE_PROJECTED_EQUITY_BREACH
REJECTED,EURUSD,BUY,2019-10-08 14:00:00+00:00,,PRE_TRADE_PROJECTED_EQUITY_BREACH
REJECTED,EURUSD,SELL,2019-10-09 03:30:00+00:00,,PRE_TRADE_PROJECTED_EQUITY_BREACH
REJECTED,EURUSD,SELL,2019-10-09 08:00:00+00:00,,PRE_TRADE_PROJECTED_EQUITY_BREACH
REJECTED,EURUSD,BUY,2019-10-09 17:00:00+00:00,,PRE_TRADE_PROJECTED_EQUITY_BREACH
REJECTED,GBPUSD,SELL,2019-10-10 00:00:00+00:00,,PRE_TRADE_PROJECTED_EQUITY_BREACH
REJECTED,GBPUSD,SELL,2019-10-10 03:00:00+00:00,,PRE_TRADE_PROJECTED_EQUITY_BREACH
REJECTED,GBPUSD,SELL,2019-10-10 15:00:00+00:00,,PRE_TRADE_PROJECTED_EQUITY_BREACH
REJECTED,EURUSD,BUY,2019-10-10 15:30:00+00:00,,PRE_TRADE_PROJECTED_EQUITY_BREACH
REJECTED,GBPUSD,SELL,2019-10-10 16:00:00+00:00,,PRE_TRADE_PROJECTED_EQUITY_BREACH
REJECTED,EURUSD,BUY,2019-10-11 09:00:00+00:00,,PRE_TRADE_PROJECTED_EQUITY_BREACH
REJECTED,GBPUSD,BUY,2019-10-13 22:00:00+00:00,,PRE_TRADE_PROJECTED_EQUITY_BREACH
REJECTED,GBPUSD,BUY,2019-10-14 01:00:00+00:00,,PRE_TRADE_PROJECTED_EQUITY_BREACH
REJECTED,GBPUSD,BUY,2019-10-14 07:00:00+00:00,,PRE_TRADE_PROJECTED_EQUITY_BREACH
REJECTED,EURUSD,BUY,2019-10-14 08:00:00+00:00,,PRE_TRADE_PROJECTED_EQUITY_BREACH
REJECTED,GBPUSD,BUY,2019-10-14 12:30:00+00:00,,PRE_TRADE_PROJECTED_EQUITY_BREACH
REJECTED,EURUSD,BUY,2019-10-16 02:00:00+00:00,,PRE_TRADE_PROJECTED_EQUITY_BREACH
REJECTED,GBPUSD,BUY,2019-10-16 02:00:00+00:00,,PRE_TRADE_PROJECTED_EQUITY_BREACH
REJECTED,GBPUSD,BUY,2019-10-17 05:30:00+00:00,,PRE_TRADE_PROJECTED_EQUITY_BREACH
REJECTED,EURUSD,BUY,2019-10-17 06:30:00+00:00,,PRE_TRADE_PROJECTED_EQUITY_BREACH
REJECTED,GBPUSD,BUY,2019-10-17 13:00:00+00:00,,PRE_TRADE_PROJECTED_EQUITY_BREACH
REJECTED,GBPUSD,BUY,2019-10-18 00:30:00+00:00,,PRE_TRADE_PROJECTED_EQUITY_BREACH
REJECTED,GBPUSD,BUY,2019-10-18 03:00:00+00:00,,PRE_TRADE_PROJECTED_EQUITY_BREACH
REJECTED,GBPUSD,BUY,2019-10-21 06:30:00+00:00,,PRE_TRADE_PROJECTED_EQUITY_BREACH
REJECTED,EURUSD,BUY,2019-10-21 14:30:00+00:00,,PRE_TRADE_PROJECTED_EQUITY_BREACH
REJECTED,EURUSD,BUY,2019-10-21 15:30:00+00:00,,PRE_TRADE_PROJECTED_EQUITY_BREACH
REJECTED,EURUSD,BUY,2019-10-22 04:30:00+00:00,,PRE_TRADE_PROJECTED_EQUITY_BREACH
REJECTED,GBPUSD,BUY,2019-10-22 08:00:00+00:00,,PRE_TRADE_PROJECTED_EQUITY_BREACH
REJECTED,EURUSD,BUY,2019-10-22 09:00:00+00:00,,PRE_TRADE_PROJECTED_EQUITY_BREACH
REJECTED,GBPUSD,BUY,2019-10-22 13:30:00+00:00,,PRE_TRADE_PROJECTED_EQUITY_BREACH
REJECTED,EURUSD,BUY,2019-10-23 02:00:00+00:00,,PRE_TRADE_PROJECTED_EQUITY_BREACH
REJECTED,GBPUSD,BUY,2019-10-23 02:30:00+00:00,,PRE_TRADE_PROJECTED_EQUITY_BREACH
REJECTED,EURUSD,BUY,2019-10-23 04:00:00+00:00,,PRE_TRADE_PROJECTED_EQUITY_BREACH
REJECTED,GBPUSD,BUY,2019-10-23 04:00:00+00:00,,PRE_TRADE_PROJECTED_EQUITY_BREACH
REJECTED,EURUSD,BUY,2019-10-24 16:00:00+00:00,,PRE_TRADE_PROJECTED_EQUITY_BREACH
REJECTED,GBPUSD,BUY,2019-10-24 16:00:00+00:00,,PRE_TRADE_PROJECTED_EQUITY_BREACH
REJECTED,GBPUSD,BUY,2019-10-24 23:30:00+00:00,,PRE_TRADE_PROJECTED_EQUITY_BREACH
REJECTED,GBPUSD,BUY,2019-10-25 12:00:00+00:00,,PRE_TRADE_PROJECTED_EQUITY_BREACH
REJECTED,EURUSD,BUY,2019-10-25 13:00:00+00:00,,PRE_TRADE_PROJECTED_EQUITY_BREACH
REJECTED,EURUSD,SELL,2019-10-27 23:30:00+00:00,,PRE_TRADE_PROJECTED_EQUITY_BREACH
REJECTED,GBPUSD,BUY,2019-10-28 02:00:00+00:00,,PRE_TRADE_PROJECTED_EQUITY_BREACH
REJECTED,EURUSD,SELL,2019-10-28 04:00:00+00:00,,PRE_TRADE_PROJECTED_EQUITY_BREACH
REJECTED,EURUSD,SELL,2019-10-28 06:30:00+00:00,,PRE_TRADE_PROJECTED_EQUITY_BREACH
REJECTED,GBPUSD,BUY,2019-10-29 01:00:00+00:00,,PRE_TRADE_PROJECTED_EQUITY_BREACH
REJECTED,GBPUSD,BUY,2019-10-29 08:30:00+00:00,,PRE_TRADE_PROJECTED_EQUITY_BREACH
REJECTED,EURUSD,SELL,2019-10-29 14:00:00+00:00,,PRE_TRADE_PROJECTED_EQUITY_BREACH
REJECTED,EURUSD,BUY,2019-10-31 06:00:00+00:00,,PRE_TRADE_PROJECTED_EQUITY_BREACH
REJECTED,EURUSD,BUY,2019-10-31 14:00:00+00:00,,PRE_TRADE_PROJECTED_EQUITY_BREACH
REJECTED,GBPUSD,BUY,2019-10-31 14:00:00+00:00,,PRE_TRADE_PROJECTED_EQUITY_BREACH
REJECTED,EURUSD,BUY,2019-11-01 10:00:00+00:00,,PRE_TRADE_PROJECTED_EQUITY_BREACH
REJECTED,EURUSD,BUY,2019-11-01 12:30:00+00:00,,PRE_TRADE_PROJECTED_EQUITY_BREACH
REJECTED,GBPUSD,BUY,2019-11-01 16:30:00+00:00,,PRE_TRADE_PROJECTED_EQUITY_BREACH
REJECTED,GBPUSD,BUY,2019-11-04 10:00:00+00:00,,PRE_TRADE_PROJECTED_EQUITY_BREACH
REJECTED,EURUSD,BUY,2019-11-04 14:00:00+00:00,,PRE_TRADE_PROJECTED_EQUITY_BREACH
REJECTED,GBPUSD,BUY,2019-11-04 15:00:00+00:00,,PRE_TRADE_PROJECTED_EQUITY_BREACH
REJECTED,EURUSD,BUY,2019-11-04 19:00:00+00:00,,PRE_TRADE_PROJECTED_EQUITY_BREACH
REJECTED,EURUSD,SELL,2019-11-05 05:30:00+00:00,,PRE_TRADE_PROJECTED_EQUITY_BREACH
REJECTED,EURUSD,SELL,2019-11-05 07:00:00+00:00,,PRE_TRADE_PROJECTED_EQUITY_BREACH
REJECTED,GBPUSD,BUY,2019-11-05 15:00:00+00:00,,PRE_TRADE_PROJECTED_EQUITY_BREACH
REJECTED,EURUSD,SELL,2019-11-05 22:30:00+00:00,,PRE_TRADE_PROJECTED_EQUITY_BREACH
REJECTED,EURUSD,SELL,2019-11-06 03:00:00+00:00,,PRE_TRADE_PROJECTED_EQUITY_BREACH
REJECTED,GBPUSD,SELL,2019-11-06 03:00:00+00:00,,PRE_TRADE_PROJECTED_EQUITY_BREACH
REJECTED,EURUSD,SELL,2019-11-06 08:30:00+00:00,,PRE_TRADE_PROJECTED_EQUITY_BREACH
REJECTED,EURUSD,SELL,2019-11-07 07:30:00+00:00,,PRE_TRADE_PROJECTED_EQUITY_BREACH
REJECTED,GBPUSD,SELL,2019-11-07 08:30:00+00:00,,PRE_TRADE_PROJECTED_EQUITY_BREACH
REJECTED,EURUSD,SELL,2019-11-08 19:00:00+00:00,,PRE_TRADE_PROJECTED_EQUITY_BREACH
REJECTED,EURUSD,SELL,2019-11-11 05:30:00+00:00,,PRE_TRADE_PROJECTED_EQUITY_BREACH
REJECTED,GBPUSD,SELL,2019-11-11 10:30:00+00:00,,PRE_TRADE_PROJECTED_EQUITY_BREACH
REJECTED,EURUSD,SELL,2019-11-12 04:30:00+00:00,,PRE_TRADE_PROJECTED_EQUITY_BREACH
REJECTED,GBPUSD,SELL,2019-11-12 14:00:00+00:00,,PRE_TRADE_PROJECTED_EQUITY_BREACH
REJECTED,GBPUSD,SELL,2019-11-14 09:00:00+00:00,,PRE_TRADE_PROJECTED_EQUITY_BREACH
REJECTED,EURUSD,SELL,2019-11-14 14:00:00+00:00,,PRE_TRADE_PROJECTED_EQUITY_BREACH
REJECTED,EURUSD,SELL,2019-11-14 17:00:00+00:00,,PRE_TRADE_PROJECTED_EQUITY_BREACH
REJECTED,EURUSD,SELL,2019-11-15 02:30:00+00:00,,PRE_TRADE_PROJECTED_EQUITY_BREACH
REJECTED,EURUSD,SELL,2019-11-15 11:00:00+00:00,,PRE_TRADE_PROJECTED_EQUITY_BREACH
REJECTED,GBPUSD,BUY,2019-11-18 19:30:00+00:00,,PRE_TRADE_PROJECTED_EQUITY_BREACH
REJECTED,GBPUSD,BUY,2019-11-19 19:00:00+00:00,,PRE_TRADE_PROJECTED_EQUITY_BREACH
REJECTED,GBPUSD,BUY,2019-11-20 01:00:00+00:00,,PRE_TRADE_PROJECTED_EQUITY_BREACH
REJECTED,EURUSD,BUY,2019-11-20 07:30:00+00:00,,PRE_TRADE_PROJECTED_EQUITY_BREACH
REJECTED,GBPUSD,BUY,2019-11-21 15:00:00+00:00,,PRE_TRADE_PROJECTED_EQUITY_BREACH
REJECTED,EURUSD,SELL,2019-11-25 05:30:00+00:00,,PRE_TRADE_PROJECTED_EQUITY_BREACH
REJECTED,GBPUSD,SELL,2019-11-27 09:30:00+00:00,,PRE_TRADE_PROJECTED_EQUITY_BREACH
REJECTED,GBPUSD,SELL,2019-11-27 18:00:00+00:00,,PRE_TRADE_PROJECTED_EQUITY_BREACH
REJECTED,GBPUSD,BUY,2019-11-28 12:00:00+00:00,,PRE_TRADE_PROJECTED_EQUITY_BREACH
REJECTED,GBPUSD,BUY,2019-12-03 00:30:00+00:00,,PRE_TRADE_PROJECTED_EQUITY_BREACH
REJECTED,EURUSD,BUY,2019-12-03 01:00:00+00:00,,PRE_TRADE_PROJECTED_EQUITY_BREACH
REJECTED,GBPUSD,BUY,2019-12-03 19:30:00+00:00,,PRE_TRADE_PROJECTED_EQUITY_BREACH
REJECTED,EURUSD,BUY,2019-12-04 01:00:00+00:00,,PRE_TRADE_PROJECTED_EQUITY_BREACH
REJECTED,GBPUSD,BUY,2019-12-04 05:00:00+00:00,,PRE_TRADE_PROJECTED_EQUITY_BREACH
REJECTED,EURUSD,BUY,2019-12-04 16:30:00+00:00,,PRE_TRADE_PROJECTED_EQUITY_BREACH
REJECTED,GBPUSD,BUY,2019-12-05 06:30:00+00:00,,PRE_TRADE_PROJECTED_EQUITY_BREACH
REJECTED,EURUSD,BUY,2019-12-06 06:00:00+00:00,,PRE_TRADE_PROJECTED_EQUITY_BREACH
REJECTED,GBPUSD,BUY,2019-12-06 08:00:00+00:00,,PRE_TRADE_PROJECTED_EQUITY_BREACH
REJECTED,GBPUSD,BUY,2019-12-06 15:30:00+00:00,,PRE_TRADE_PROJECTED_EQUITY_BREACH
REJECTED,EURUSD,SELL,2019-12-09 05:00:00+00:00,,PRE_TRADE_PROJECTED_EQUITY_BREACH
REJECTED,GBPUSD,BUY,2019-12-09 21:30:00+00:00,,PRE_TRADE_PROJECTED_EQUITY_BREACH
REJECTED,GBPUSD,BUY,2019-12-10 21:30:00+00:00,,PRE_TRADE_PROJECTED_EQUITY_BREACH
REJECTED,EURUSD,BUY,2019-12-11 04:30:00+00:00,,PRE_TRADE_PROJECTED_EQUITY_BREACH
REJECTED,EURUSD,BUY,2019-12-11 06:30:00+00:00,,PRE_TRADE_PROJECTED_EQUITY_BREACH
REJECTED,EURUSD,BUY,2019-12-11 07:30:00+00:00,,PRE_TRADE_PROJECTED_EQUITY_BREACH
REJECTED,GBPUSD,BUY,2019-12-11 07:30:00+00:00,,PRE_TRADE_PROJECTED_EQUITY_BREACH
REJECTED,EURUSD,BUY,2019-12-11 12:30:00+00:00,,PRE_TRADE_PROJECTED_EQUITY_BREACH
REJECTED,GBPUSD,BUY,2019-12-12 05:30:00+00:00,,PRE_TRADE_PROJECTED_EQUITY_BREACH
REJECTED,EURUSD,BUY,2019-12-12 06:00:00+00:00,,PRE_TRADE_PROJECTED_EQUITY_BREACH
REJECTED,EURUSD,BUY,2019-12-12 09:00:00+00:00,,PRE_TRADE_PROJECTED_EQUITY_BREACH
REJECTED,GBPUSD,BUY,2019-12-12 09:30:00+00:00,,PRE_TRADE_PROJECTED_EQUITY_BREACH
REJECTED,GBPUSD,BUY,2019-12-12 18:00:00+00:00,,PRE_TRADE_PROJECTED_EQUITY_BREACH
REJECTED,GBPUSD,BUY,2019-12-13 07:00:00+00:00,,PRE_TRADE_PROJECTED_EQUITY_BREACH
REJECTED,GBPUSD,BUY,2019-12-13 13:30:00+00:00,,PRE_TRADE_PROJECTED_EQUITY_BREACH
REJECTED,EURUSD,BUY,2019-12-13 14:00:00+00:00,,PRE_TRADE_PROJECTED_EQUITY_BREACH
REJECTED,EURUSD,BUY,2019-12-16 09:00:00+00:00,,PRE_TRADE_PROJECTED_EQUITY_BREACH
REJECTED,GBPUSD,BUY,2019-12-16 09:00:00+00:00,,PRE_TRADE_PROJECTED_EQUITY_BREACH
REJECTED,GBPUSD,BUY,2019-12-16 22:30:00+00:00,,PRE_TRADE_PROJECTED_EQUITY_BREACH
REJECTED,GBPUSD,BUY,2019-12-17 06:00:00+00:00,,PRE_TRADE_PROJECTED_EQUITY_BREACH
REJECTED,EURUSD,BUY,2019-12-17 07:00:00+00:00,,PRE_TRADE_PROJECTED_EQUITY_BREACH
REJECTED,EURUSD,BUY,2019-12-18 01:30:00+00:00,,PRE_TRADE_PROJECTED_EQUITY_BREACH
REJECTED,EURUSD,BUY,2019-12-18 05:00:00+00:00,,PRE_TRADE_PROJECTED_EQUITY_BREACH
REJECTED,GBPUSD,SELL,2019-12-18 17:30:00+00:00,,PRE_TRADE_PROJECTED_EQUITY_BREACH
REJECTED,EURUSD,SELL,2019-12-19 01:00:00+00:00,,PRE_TRADE_PROJECTED_EQUITY_BREACH
REJECTED,GBPUSD,SELL,2019-12-19 07:00:00+00:00,,PRE_TRADE_PROJECTED_EQUITY_BREACH
REJECTED,EURUSD,BUY,2019-12-19 21:00:00+00:00,,PRE_TRADE_PROJECTED_EQUITY_BREACH
REJECTED,GBPUSD,SELL,2019-12-20 04:00:00+00:00,,PRE_TRADE_PROJECTED_EQUITY_BREACH
REJECTED,EURUSD,SELL,2019-12-20 08:00:00+00:00,,PRE_TRADE_PROJECTED_EQUITY_BREACH
REJECTED,GBPUSD,SELL,2019-12-20 10:00:00+00:00,,PRE_TRADE_PROJECTED_EQUITY_BREACH
REJECTED,GBPUSD,SELL,2019-12-20 13:30:00+00:00,,PRE_TRADE_PROJECTED_EQUITY_BREACH
REJECTED,EURUSD,SELL,2019-12-22 22:00:00+00:00,,PRE_TRADE_PROJECTED_EQUITY_BREACH
REJECTED,GBPUSD,SELL,2019-12-23 20:30:00+00:00,,PRE_TRADE_PROJECTED_EQUITY_BREACH
REJECTED,GBPUSD,SELL,2019-12-24 11:30:00+00:00,,PRE_TRADE_PROJECTED_EQUITY_BREACH
REJECTED,EURUSD,SELL,2019-12-24 13:00:00+00:00,,PRE_TRADE_PROJECTED_EQUITY_BREACH
REJECTED,EURUSD,SELL,2019-12-24 15:30:00+00:00,,PRE_TRADE_PROJECTED_EQUITY_BREACH
REJECTED,GBPUSD,SELL,2019-12-25 00:30:00+00:00,,PRE_TRADE_PROJECTED_EQUITY_BREACH
REJECTED,GBPUSD,SELL,2019-12-26 01:00:00+00:00,,PRE_TRADE_PROJECTED_EQUITY_BREACH
REJECTED,GBPUSD,SELL,2019-12-26 06:30:00+00:00,,PRE_TRADE_PROJECTED_EQUITY_BREACH
REJECTED,EURUSD,SELL,2019-12-26 08:00:00+00:00,,PRE_TRADE_PROJECTED_EQUITY_BREACH
REJECTED,EURUSD,SELL,2019-12-26 12:30:00+00:00,,PRE_TRADE_PROJECTED_EQUITY_BREACH
REJECTED,GBPUSD,SELL,2019-12-26 16:00:00+00:00,,PRE_TRADE_PROJECTED_EQUITY_BREACH
REJECTED,GBPUSD,SELL,2019-12-27 04:30:00+00:00,,PRE_TRADE_PROJECTED_EQUITY_BREACH
REJECTED,EURUSD,BUY,2019-12-30 13:00:00+00:00,,PRE_TRADE_PROJECTED_EQUITY_BREACH
REJECTED,EURUSD,BUY,2019-12-30 19:00:00+00:00,,PRE_TRADE_PROJECTED_EQUITY_BREACH
REJECTED,GBPUSD,BUY,2019-12-30 20:30:00+00:00,,PRE_TRADE_PROJECTED_EQUITY_BREACH
REJECTED,GBPUSD,BUY,2019-12-31 05:00:00+00:00,,PRE_TRADE_PROJECTED_EQUITY_BREACH
REJECTED,EURUSD,BUY,2019-12-31 19:30:00+00:00,,PRE_TRADE_PROJECTED_EQUITY_BREACH
REJECTED,GBPUSD,BUY,2019-12-31 19:30:00+00:00,,PRE_TRADE_PROJECTED_EQUITY_BREACH
REJECTED,EURUSD,BUY,2019-12-31 21:30:00+00:00,,PRE_TRADE_PROJECTED_EQUITY_BREACH
REJECTED,GBPUSD,BUY,2020-01-02 03:30:00+00:00,,PRE_TRADE_PROJECTED_EQUITY_BREACH
REJECTED,EURUSD,BUY,2020-01-02 04:00:00+00:00,,PRE_TRADE_PROJECTED_EQUITY_BREACH
REJECTED,EURUSD,BUY,2020-01-02 10:00:00+00:00,,PRE_TRADE_PROJECTED_EQUITY_BREACH
REJECTED,GBPUSD,BUY,2020-01-02 14:00:00+00:00,,PRE_TRADE_PROJECTED_EQUITY_BREACH
REJECTED,EURUSD,SELL,2020-01-03 13:00:00+00:00,,PRE_TRADE_PROJECTED_EQUITY_BREACH
REJECTED,EURUSD,BUY,2020-01-03 19:00:00+00:00,,PRE_TRADE_PROJECTED_EQUITY_BREACH
REJECTED,EURUSD,BUY,2020-01-06 14:30:00+00:00,,PRE_TRADE_PROJECTED_EQUITY_BREACH
REJECTED,EURUSD,BUY,2020-01-07 00:30:00+00:00,,PRE_TRADE_PROJECTED_EQUITY_BREACH
REJECTED,EURUSD,BUY,2020-01-07 05:30:00+00:00,,PRE_TRADE_PROJECTED_EQUITY_BREACH
REJECTED,GBPUSD,BUY,2020-01-07 05:30:00+00:00,,PRE_TRADE_PROJECTED_EQUITY_BREACH
REJECTED,EURUSD,BUY,2020-01-07 07:30:00+00:00,,PRE_TRADE_PROJECTED_EQUITY_BREACH
REJECTED,GBPUSD,BUY,2020-01-07 07:30:00+00:00,,PRE_TRADE_PROJECTED_EQUITY_BREACH
REJECTED,GBPUSD,BUY,2020-01-07 12:00:00+00:00,,PRE_TRADE_PROJECTED_EQUITY_BREACH
REJECTED,EURUSD,SELL,2020-01-08 00:00:00+00:00,,PRE_TRADE_PROJECTED_EQUITY_BREACH
REJECTED,GBPUSD,SELL,2020-01-09 00:30:00+00:00,,PRE_TRADE_PROJECTED_EQUITY_BREACH
REJECTED,EURUSD,SELL,2020-01-09 01:30:00+00:00,,PRE_TRADE_PROJECTED_EQUITY_BREACH
REJECTED,GBPUSD,SELL,2020-01-09 16:30:00+00:00,,PRE_TRADE_PROJECTED_EQUITY_BREACH
REJECTED,EURUSD,SELL,2020-01-09 23:30:00+00:00,,PRE_TRADE_PROJECTED_EQUITY_BREACH
REJECTED,GBPUSD,SELL,2020-01-10 04:00:00+00:00,,PRE_TRADE_PROJECTED_EQUITY_BREACH
REJECTED,GBPUSD,SELL,2020-01-10 05:30:00+00:00,,PRE_TRADE_PROJECTED_EQUITY_BREACH
REJECTED,EURUSD,SELL,2020-01-10 15:00:00+00:00,,PRE_TRADE_PROJECTED_EQUITY_BREACH
REJECTED,EURUSD,SELL,2020-01-13 01:30:00+00:00,,PRE_TRADE_PROJECTED_EQUITY_BREACH
REJECTED,EURUSD,SELL,2020-01-13 03:00:00+00:00,,PRE_TRADE_PROJECTED_EQUITY_BREACH
REJECTED,GBPUSD,SELL,2020-01-13 14:30:00+00:00,,PRE_TRADE_PROJECTED_EQUITY_BREACH
REJECTED,EURUSD,SELL,2020-01-13 15:30:00+00:00,,PRE_TRADE_PROJECTED_EQUITY_BREACH
REJECTED,EURUSD,BUY,2020-01-13 21:00:00+00:00,,PRE_TRADE_PROJECTED_EQUITY_BREACH
REJECTED,GBPUSD,SELL,2020-01-14 10:30:00+00:00,,PRE_TRADE_PROJECTED_EQUITY_BREACH
REJECTED,GBPUSD,SELL,2020-01-14 15:00:00+00:00,,PRE_TRADE_PROJECTED_EQUITY_BREACH
REJECTED,EURUSD,SELL,2020-01-14 17:00:00+00:00,,PRE_TRADE_PROJECTED_EQUITY_BREACH
REJECTED,GBPUSD,SELL,2020-01-14 19:00:00+00:00,,PRE_TRADE_PROJECTED_EQUITY_BREACH
REJECTED,EURUSD,SELL,2020-01-15 04:00:00+00:00,,PRE_TRADE_PROJECTED_EQUITY_BREACH
REJECTED,GBPUSD,SELL,2020-01-15 04:00:00+00:00,,PRE_TRADE_PROJECTED_EQUITY_BREACH
REJECTED,GBPUSD,SELL,2020-01-15 05:00:00+00:00,,PRE_TRADE_PROJECTED_EQUITY_BREACH
REJECTED,GBPUSD,SELL,2020-01-15 14:30:00+00:00,,PRE_TRADE_PROJECTED_EQUITY_BREACH
REJECTED,GBPUSD,SELL,2020-01-15 22:00:00+00:00,,PRE_TRADE_PROJECTED_EQUITY_BREACH
REJECTED,EURUSD,BUY,2020-01-16 06:00:00+00:00,,PRE_TRADE_PROJECTED_EQUITY_BREACH
REJECTED,GBPUSD,BUY,2020-01-17 01:00:00+00:00,,PRE_TRADE_PROJECTED_EQUITY_BREACH
REJECTED,EURUSD,SELL,2020-01-19 23:30:00+00:00,,PRE_TRADE_PROJECTED_EQUITY_BREACH
REJECTED,GBPUSD,SELL,2020-01-20 11:00:00+00:00,,PRE_TRADE_PROJECTED_EQUITY_BREACH
REJECTED,EURUSD,SELL,2020-01-20 20:00:00+00:00,,PRE_TRADE_PROJECTED_EQUITY_BREACH
REJECTED,GBPUSD,SELL,2020-01-20 20:30:00+00:00,,PRE_TRADE_PROJECTED_EQUITY_BREACH
REJECTED,GBPUSD,SELL,2020-01-21 03:30:00+00:00,,PRE_TRADE_PROJECTED_EQUITY_BREACH
REJECTED,GBPUSD,BUY,2020-01-21 20:30:00+00:00,,PRE_TRADE_PROJECTED_EQUITY_BREACH
REJECTED,GBPUSD,BUY,2020-01-22 18:00:00+00:00,,PRE_TRADE_PROJECTED_EQUITY_BREACH
REJECTED,EURUSD,SELL,2020-01-22 23:00:00+00:00,,PRE_TRADE_PROJECTED_EQUITY_BREACH
REJECTED,EURUSD,SELL,2020-01-23 07:00:00+00:00,,PRE_TRADE_PROJECTED_EQUITY_BREACH
REJECTED,EURUSD,SELL,2020-01-23 20:00:00+00:00,,PRE_TRADE_PROJECTED_EQUITY_BREACH
REJECTED,GBPUSD,SELL,2020-01-27 07:00:00+00:00,,PRE_TRADE_PROJECTED_EQUITY_BREACH
REJECTED,GBPUSD,BUY,2020-01-27 12:00:00+00:00,,PRE_TRADE_PROJECTED_EQUITY_BREACH
REJECTED,EURUSD,SELL,2020-01-28 19:00:00+00:00,,PRE_TRADE_PROJECTED_EQUITY_BREACH
REJECTED,GBPUSD,SELL,2020-01-28 20:00:00+00:00,,PRE_TRADE_PROJECTED_EQUITY_BREACH
REJECTED,GBPUSD,SELL,2020-01-29 19:00:00+00:00,,PRE_TRADE_PROJECTED_EQUITY_BREACH
REJECTED,EURUSD,SELL,2020-01-29 19:30:00+00:00,,PRE_TRADE_PROJECTED_EQUITY_BREACH
REJECTED,EURUSD,SELL,2020-01-29 23:00:00+00:00,,PRE_TRADE_PROJECTED_EQUITY_BREACH
REJECTED,EURUSD,SELL,2020-01-30 04:30:00+00:00,,PRE_TRADE_PROJECTED_EQUITY_BREACH
REJECTED,EURUSD,SELL,2020-01-30 15:30:00+00:00,,PRE_TRADE_PROJECTED_EQUITY_BREACH
REJECTED,GBPUSD,BUY,2020-01-30 19:00:00+00:00,,PRE_TRADE_PROJECTED_EQUITY_BREACH
REJECTED,GBPUSD,BUY,2020-01-31 10:30:00+00:00,,PRE_TRADE_PROJECTED_EQUITY_BREACH
REJECTED,EURUSD,SELL,2020-01-31 11:30:00+00:00,,PRE_TRADE_PROJECTED_EQUITY_BREACH
REJECTED,GBPUSD,BUY,2020-02-02 22:00:00+00:00,,PRE_TRADE_PROJECTED_EQUITY_BREACH
REJECTED,GBPUSD,BUY,2020-02-03 03:00:00+00:00,,PRE_TRADE_PROJECTED_EQUITY_BREACH
REJECTED,GBPUSD,BUY,2020-02-03 06:30:00+00:00,,PRE_TRADE_PROJECTED_EQUITY_BREACH
REJECTED,EURUSD,BUY,2020-02-03 07:00:00+00:00,,PRE_TRADE_PROJECTED_EQUITY_BREACH
REJECTED,EURUSD,BUY,2020-02-04 02:00:00+00:00,,PRE_TRADE_PROJECTED_EQUITY_BREACH
REJECTED,GBPUSD,SELL,2020-02-04 04:00:00+00:00,,PRE_TRADE_PROJECTED_EQUITY_BREACH
REJECTED,GBPUSD,SELL,2020-02-04 06:00:00+00:00,,PRE_TRADE_PROJECTED_EQUITY_BREACH
REJECTED,GBPUSD,SELL,2020-02-04 17:00:00+00:00,,PRE_TRADE_PROJECTED_EQUITY_BREACH
REJECTED,EURUSD,SELL,2020-02-04 21:00:00+00:00,,PRE_TRADE_PROJECTED_EQUITY_BREACH
REJECTED,EURUSD,SELL,2020-02-05 08:00:00+00:00,,PRE_TRADE_PROJECTED_EQUITY_BREACH
REJECTED,GBPUSD,SELL,2020-02-05 08:00:00+00:00,,PRE_TRADE_PROJECTED_EQUITY_BREACH
REJECTED,EURUSD,SELL,2020-02-07 02:30:00+00:00,,PRE_TRADE_PROJECTED_EQUITY_BREACH
REJECTED,GBPUSD,SELL,2020-02-07 02:30:00+00:00,,PRE_TRADE_PROJECTED_EQUITY_BREACH
REJECTED,EURUSD,SELL,2020-02-10 00:00:00+00:00,,PRE_TRADE_PROJECTED_EQUITY_BREACH
REJECTED,GBPUSD,SELL,2020-02-10 00:00:00+00:00,,PRE_TRADE_PROJECTED_EQUITY_BREACH
REJECTED,GBPUSD,SELL,2020-02-10 02:00:00+00:00,,PRE_TRADE_PROJECTED_EQUITY_BREACH
REJECTED,GBPUSD,SELL,2020-02-10 11:00:00+00:00,,PRE_TRADE_PROJECTED_EQUITY_BREACH
REJECTED,GBPUSD,SELL,2020-02-11 09:30:00+00:00,,PRE_TRADE_PROJECTED_EQUITY_BREACH
REJECTED,EURUSD,SELL,2020-02-11 10:30:00+00:00,,PRE_TRADE_PROJECTED_EQUITY_BREACH
REJECTED,GBPUSD,SELL,2020-02-11 14:00:00+00:00,,PRE_TRADE_PROJECTED_EQUITY_BREACH
REJECTED,GBPUSD,SELL,2020-02-11 19:00:00+00:00,,PRE_TRADE_PROJECTED_EQUITY_BREACH
REJECTED,GBPUSD,SELL,2020-02-12 02:30:00+00:00,,PRE_TRADE_PROJECTED_EQUITY_BREACH
REJECTED,EURUSD,SELL,2020-02-12 08:30:00+00:00,,PRE_TRADE_PROJECTED_EQUITY_BREACH
REJECTED,EURUSD,SELL,2020-02-13 07:30:00+00:00,,PRE_TRADE_PROJECTED_EQUITY_BREACH
REJECTED,GBPUSD,BUY,2020-02-13 21:30:00+00:00,,PRE_TRADE_PROJECTED_EQUITY_BREACH
REJECTED,GBPUSD,BUY,2020-02-14 13:00:00+00:00,,PRE_TRADE_PROJECTED_EQUITY_BREACH
REJECTED,GBPUSD,BUY,2020-02-17 11:00:00+00:00,,PRE_TRADE_PROJECTED_EQUITY_BREACH
REJECTED,GBPUSD,BUY,2020-02-17 19:00:00+00:00,,PRE_TRADE_PROJECTED_EQUITY_BREACH
REJECTED,EURUSD,SELL,2020-02-19 01:00:00+00:00,,PRE_TRADE_PROJECTED_EQUITY_BREACH
REJECTED,EURUSD,SELL,2020-02-19 07:30:00+00:00,,PRE_TRADE_PROJECTED_EQUITY_BREACH
REJECTED,EURUSD,SELL,2020-02-19 20:30:00+00:00,,PRE_TRADE_PROJECTED_EQUITY_BREACH
REJECTED,GBPUSD,SELL,2020-02-20 00:30:00+00:00,,PRE_TRADE_PROJECTED_EQUITY_BREACH
REJECTED,EURUSD,SELL,2020-02-20 09:00:00+00:00,,PRE_TRADE_PROJECTED_EQUITY_BREACH
REJECTED,EURUSD,SELL,2020-02-20 14:00:00+00:00,,PRE_TRADE_PROJECTED_EQUITY_BREACH
REJECTED,EURUSD,SELL,2020-02-21 01:00:00+00:00,,PRE_TRADE_PROJECTED_EQUITY_BREACH
REJECTED,GBPUSD,SELL,2020-02-21 02:00:00+00:00,,PRE_TRADE_PROJECTED_EQUITY_BREACH
REJECTED,GBPUSD,SELL,2020-02-21 03:30:00+00:00,,PRE_TRADE_PROJECTED_EQUITY_BREACH
REJECTED,EURUSD,SELL,2020-02-21 04:30:00+00:00,,PRE_TRADE_PROJECTED_EQUITY_BREACH
REJECTED,EURUSD,SELL,2020-02-21 08:00:00+00:00,,PRE_TRADE_PROJECTED_EQUITY_BREACH
REJECTED,GBPUSD,SELL,2020-02-21 09:30:00+00:00,,PRE_TRADE_PROJECTED_EQUITY_BREACH
REJECTED,EURUSD,SELL,2020-02-21 14:30:00+00:00,,PRE_TRADE_PROJECTED_EQUITY_BREACH
REJECTED,GBPUSD,SELL,2020-02-21 15:00:00+00:00,,PRE_TRADE_PROJECTED_EQUITY_BREACH
REJECTED,EURUSD,BUY,2020-02-21 21:30:00+00:00,,PRE_TRADE_PROJECTED_EQUITY_BREACH
REJECTED,EURUSD,BUY,2020-02-24 19:30:00+00:00,,PRE_TRADE_PROJECTED_EQUITY_BREACH
REJECTED,GBPUSD,SELL,2020-02-25 01:00:00+00:00,,PRE_TRADE_PROJECTED_EQUITY_BREACH
REJECTED,EURUSD,BUY,2020-02-25 05:30:00+00:00,,PRE_TRADE_PROJECTED_EQUITY_BREACH
REJECTED,EURUSD,BUY,2020-02-25 10:00:00+00:00,,PRE_TRADE_PROJECTED_EQUITY_BREACH
REJECTED,GBPUSD,BUY,2020-02-26 04:00:00+00:00,,PRE_TRADE_PROJECTED_EQUITY_BREACH
REJECTED,GBPUSD,BUY,2020-02-26 09:00:00+00:00,,PRE_TRADE_PROJECTED_EQUITY_BREACH
REJECTED,GBPUSD,SELL,2020-02-27 00:00:00+00:00,,PRE_TRADE_PROJECTED_EQUITY_BREACH
REJECTED,EURUSD,BUY,2020-02-28 01:30:00+00:00,,PRE_TRADE_PROJECTED_EQUITY_BREACH
REJECTED,GBPUSD,SELL,2020-02-28 09:30:00+00:00,,PRE_TRADE_PROJECTED_EQUITY_BREACH
REJECTED,EURUSD,BUY,2020-02-28 12:00:00+00:00,,PRE_TRADE_PROJECTED_EQUITY_BREACH
REJECTED,EURUSD,BUY,2020-02-28 13:00:00+00:00,,PRE_TRADE_PROJECTED_EQUITY_BREACH
REJECTED,GBPUSD,SELL,2020-02-28 20:00:00+00:00,,PRE_TRADE_PROJECTED_EQUITY_BREACH
REJECTED,GBPUSD,SELL,2020-03-02 03:00:00+00:00,,PRE_TRADE_PROJECTED_EQUITY_BREACH
REJECTED,EURUSD,BUY,2020-03-02 20:00:00+00:00,,PRE_TRADE_PROJECTED_EQUITY_BREACH
REJECTED,GBPUSD,SELL,2020-03-03 06:30:00+00:00,,PRE_TRADE_PROJECTED_EQUITY_BREACH
REJECTED,EURUSD,BUY,2020-03-03 07:00:00+00:00,,PRE_TRADE_PROJECTED_EQUITY_BREACH
REJECTED,GBPUSD,SELL,2020-03-03 23:00:00+00:00,,PRE_TRADE_PROJECTED_EQUITY_BREACH
REJECTED,GBPUSD,BUY,2020-03-06 17:00:00+00:00,,PRE_TRADE_PROJECTED_EQUITY_BREACH
REJECTED,EURUSD,BUY,2020-03-06 21:30:00+00:00,,PRE_TRADE_PROJECTED_EQUITY_BREACH
REJECTED,GBPUSD,BUY,2020-03-10 00:30:00+00:00,,PRE_TRADE_PROJECTED_EQUITY_BREACH
REJECTED,EURUSD,BUY,2020-03-10 05:00:00+00:00,,PRE_TRADE_PROJECTED_EQUITY_BREACH
REJECTED,GBPUSD,BUY,2020-03-10 05:30:00+00:00,,PRE_TRADE_PROJECTED_EQUITY_BREACH
REJECTED,GBPUSD,BUY,2020-03-10 11:00:00+00:00,,PRE_TRADE_PROJECTED_EQUITY_BREACH
REJECTED,GBPUSD,BUY,2020-03-10 12:30:00+00:00,,PRE_TRADE_PROJECTED_EQUITY_BREACH
REJECTED,GBPUSD,SELL,2020-03-11 03:30:00+00:00,,PRE_TRADE_PROJECTED_EQUITY_BREACH
REJECTED,GBPUSD,SELL,2020-03-11 14:00:00+00:00,,PRE_TRADE_PROJECTED_EQUITY_BREACH
REJECTED,EURUSD,BUY,2020-03-11 15:00:00+00:00,,PRE_TRADE_PROJECTED_EQUITY_BREACH
REJECTED,GBPUSD,SELL,2020-03-12 01:00:00+00:00,,PRE_TRADE_PROJECTED_EQUITY_BREACH
REJECTED,EURUSD,BUY,2020-03-12 09:30:00+00:00,,PRE_TRADE_PROJECTED_EQUITY_BREACH
REJECTED,GBPUSD,SELL,2020-03-13 08:00:00+00:00,,PRE_TRADE_PROJECTED_EQUITY_BREACH
REJECTED,EURUSD,SELL,2020-03-15 21:00:00+00:00,,PRE_TRADE_PROJECTED_EQUITY_BREACH
REJECTED,EURUSD,SELL,2020-03-16 08:00:00+00:00,,PRE_TRADE_PROJECTED_EQUITY_BREACH
REJECTED,EURUSD,SELL,2020-03-18 03:30:00+00:00,,PRE_TRADE_PROJECTED_EQUITY_BREACH
REJECTED,EURUSD,SELL,2020-03-18 05:00:00+00:00,,PRE_TRADE_PROJECTED_EQUITY_BREACH
REJECTED,EURUSD,SELL,2020-03-18 20:00:00+00:00,,PRE_TRADE_PROJECTED_EQUITY_BREACH
REJECTED,EURUSD,SELL,2020-03-19 06:00:00+00:00,,PRE_TRADE_PROJECTED_EQUITY_BREACH
REJECTED,GBPUSD,SELL,2020-03-19 06:00:00+00:00,,PRE_TRADE_PROJECTED_EQUITY_BREACH
REJECTED,GBPUSD,SELL,2020-03-19 12:30:00+00:00,,PRE_TRADE_PROJECTED_EQUITY_BREACH
REJECTED,GBPUSD,SELL,2020-03-19 14:00:00+00:00,,PRE_TRADE_PROJECTED_EQUITY_BREACH
REJECTED,GBPUSD,SELL,2020-03-20 00:00:00+00:00,,PRE_TRADE_PROJECTED_EQUITY_BREACH
REJECTED,EURUSD,SELL,2020-03-20 01:00:00+00:00,,PRE_TRADE_PROJECTED_EQUITY_BREACH
REJECTED,GBPUSD,SELL,2020-03-20 01:30:00+00:00,,PRE_TRADE_PROJECTED_EQUITY_BREACH
REJECTED,GBPUSD,SELL,2020-03-20 06:30:00+00:00,,PRE_TRADE_PROJECTED_EQUITY_BREACH
REJECTED,EURUSD,SELL,2020-03-20 07:30:00+00:00,,PRE_TRADE_PROJECTED_EQUITY_BREACH
REJECTED,EURUSD,SELL,2020-03-23 01:30:00+00:00,,PRE_TRADE_PROJECTED_EQUITY_BREACH
REJECTED,EURUSD,SELL,2020-03-23 02:30:00+00:00,,PRE_TRADE_PROJECTED_EQUITY_BREACH
REJECTED,EURUSD,SELL,2020-03-23 06:00:00+00:00,,PRE_TRADE_PROJECTED_EQUITY_BREACH
REJECTED,GBPUSD,SELL,2020-03-23 23:00:00+00:00,,PRE_TRADE_PROJECTED_EQUITY_BREACH
REJECTED,EURUSD,SELL,2020-03-24 00:30:00+00:00,,PRE_TRADE_PROJECTED_EQUITY_BREACH
REJECTED,GBPUSD,SELL,2020-03-24 01:00:00+00:00,,PRE_TRADE_PROJECTED_EQUITY_BREACH
REJECTED,EURUSD,SELL,2020-03-24 07:00:00+00:00,,PRE_TRADE_PROJECTED_EQUITY_BREACH
REJECTED,EURUSD,SELL,2020-03-24 10:00:00+00:00,,PRE_TRADE_PROJECTED_EQUITY_BREACH
REJECTED,GBPUSD,SELL,2020-03-24 10:00:00+00:00,,PRE_TRADE_PROJECTED_EQUITY_BREACH
REJECTED,EURUSD,SELL,2020-03-24 22:00:00+00:00,,PRE_TRADE_PROJECTED_EQUITY_BREACH
REJECTED,GBPUSD,SELL,2020-03-24 22:00:00+00:00,,PRE_TRADE_PROJECTED_EQUITY_BREACH
REJECTED,GBPUSD,SELL,2020-03-24 23:30:00+00:00,,PRE_TRADE_PROJECTED_EQUITY_BREACH
REJECTED,EURUSD,SELL,2020-03-25 02:30:00+00:00,,PRE_TRADE_PROJECTED_EQUITY_BREACH
REJECTED,GBPUSD,SELL,2020-03-25 05:30:00+00:00,,PRE_TRADE_PROJECTED_EQUITY_BREACH
REJECTED,GBPUSD,SELL,2020-03-25 08:30:00+00:00,,PRE_TRADE_PROJECTED_EQUITY_BREACH
REJECTED,EURUSD,SELL,2020-03-25 17:00:00+00:00,,PRE_TRADE_PROJECTED_EQUITY_BREACH
REJECTED,EURUSD,BUY,2020-03-27 07:30:00+00:00,,PRE_TRADE_PROJECTED_EQUITY_BREACH
REJECTED,GBPUSD,BUY,2020-03-27 08:00:00+00:00,,PRE_TRADE_PROJECTED_EQUITY_BREACH
REJECTED,EURUSD,BUY,2020-03-27 13:00:00+00:00,,PRE_TRADE_PROJECTED_EQUITY_BREACH
REJECTED,GBPUSD,BUY,2020-03-29 23:00:00+00:00,,PRE_TRADE_PROJECTED_EQUITY_BREACH
REJECTED,EURUSD,BUY,2020-03-30 04:00:00+00:00,,PRE_TRADE_PROJECTED_EQUITY_BREACH
REJECTED,GBPUSD,BUY,2020-03-30 04:00:00+00:00,,PRE_TRADE_PROJECTED_EQUITY_BREACH
REJECTED,EURUSD,BUY,2020-03-31 07:30:00+00:00,,PRE_TRADE_PROJECTED_EQUITY_BREACH
REJECTED,GBPUSD,BUY,2020-03-31 07:30:00+00:00,,PRE_TRADE_PROJECTED_EQUITY_BREACH
REJECTED,EURUSD,BUY,2020-03-31 09:30:00+00:00,,PRE_TRADE_PROJECTED_EQUITY_BREACH
REJECTED,EURUSD,BUY,2020-04-01 07:30:00+00:00,,PRE_TRADE_PROJECTED_EQUITY_BREACH
REJECTED,GBPUSD,BUY,2020-04-01 08:00:00+00:00,,PRE_TRADE_PROJECTED_EQUITY_BREACH
REJECTED,EURUSD,SELL,2020-04-01 20:00:00+00:00,,PRE_TRADE_PROJECTED_EQUITY_BREACH
REJECTED,EURUSD,SELL,2020-04-02 07:00:00+00:00,,PRE_TRADE_PROJECTED_EQUITY_BREACH
REJECTED,GBPUSD,BUY,2020-04-02 14:30:00+00:00,,PRE_TRADE_PROJECTED_EQUITY_BREACH
REJECTED,GBPUSD,BUY,2020-04-03 10:00:00+00:00,,PRE_TRADE_PROJECTED_EQUITY_BREACH
REJECTED,EURUSD,SELL,2020-04-03 19:00:00+00:00,,PRE_TRADE_PROJECTED_EQUITY_BREACH
REJECTED,GBPUSD,BUY,2020-04-06 20:00:00+00:00,,PRE_TRADE_PROJECTED_EQUITY_BREACH
REJECTED,EURUSD,SELL,2020-04-07 04:00:00+00:00,,PRE_TRADE_PROJECTED_EQUITY_BREACH
REJECTED,EURUSD,SELL,2020-04-07 05:30:00+00:00,,PRE_TRADE_PROJECTED_EQUITY_BREACH
REJECTED,GBPUSD,BUY,2020-04-08 20:30:00+00:00,,PRE_TRADE_PROJECTED_EQUITY_BREACH
REJECTED,EURUSD,SELL,2020-04-09 01:00:00+00:00,,PRE_TRADE_PROJECTED_EQUITY_BREACH
REJECTED,GBPUSD,BUY,2020-04-09 06:00:00+00:00,,PRE_TRADE_PROJECTED_EQUITY_BREACH
REJECTED,EURUSD,BUY,2020-04-10 12:30:00+00:00,,PRE_TRADE_PROJECTED_EQUITY_BREACH
REJECTED,EURUSD,BUY,2020-04-10 18:30:00+00:00,,PRE_TRADE_PROJECTED_EQUITY_BREACH
REJECTED,EURUSD,BUY,2020-04-14 07:00:00+00:00,,PRE_TRADE_PROJECTED_EQUITY_BREACH
REJECTED,GBPUSD,BUY,2020-04-14 07:00:00+00:00,,PRE_TRADE_PROJECTED_EQUITY_BREACH
REJECTED,EURUSD,BUY,2020-04-15 05:00:00+00:00,,PRE_TRADE_PROJECTED_EQUITY_BREACH
REJECTED,GBPUSD,BUY,2020-04-15 06:00:00+00:00,,PRE_TRADE_PROJECTED_EQUITY_BREACH
REJECTED,EURUSD,BUY,2020-04-15 06:30:00+00:00,,PRE_TRADE_PROJECTED_EQUITY_BREACH
REJECTED,EURUSD,BUY,2020-04-15 07:30:00+00:00,,PRE_TRADE_PROJECTED_EQUITY_BREACH
REJECTED,GBPUSD,BUY,2020-04-15 12:30:00+00:00,,PRE_TRADE_PROJECTED_EQUITY_BREACH
REJECTED,EURUSD,SELL,2020-04-15 19:00:00+00:00,,PRE_TRADE_PROJECTED_EQUITY_BREACH
REJECTED,GBPUSD,BUY,2020-04-16 01:00:00+00:00,,PRE_TRADE_PROJECTED_EQUITY_BREACH
REJECTED,GBPUSD,BUY,2020-04-16 10:00:00+00:00,,PRE_TRADE_PROJECTED_EQUITY_BREACH
REJECTED,EURUSD,SELL,2020-04-17 02:00:00+00:00,,PRE_TRADE_PROJECTED_EQUITY_BREACH
REJECTED,GBPUSD,BUY,2020-04-17 07:00:00+00:00,,PRE_TRADE_PROJECTED_EQUITY_BREACH
REJECTED,EURUSD,SELL,2020-04-17 12:30:00+00:00,,PRE_TRADE_PROJECTED_EQUITY_BREACH
REJECTED,GBPUSD,BUY,2020-04-20 01:00:00+00:00,,PRE_TRADE_PROJECTED_EQUITY_BREACH
REJECTED,EURUSD,SELL,2020-04-20 15:00:00+00:00,,PRE_TRADE_PROJECTED_EQUITY_BREACH
REJECTED,GBPUSD,SELL,2020-04-21 07:00:00+00:00,,PRE_TRADE_PROJECTED_EQUITY_BREACH
REJECTED,GBPUSD,SELL,2020-04-21 19:00:00+00:00,,PRE_TRADE_PROJECTED_EQUITY_BREACH
REJECTED,EURUSD,SELL,2020-04-22 07:00:00+00:00,,PRE_TRADE_PROJECTED_EQUITY_BREACH
REJECTED,GBPUSD,SELL,2020-04-22 07:00:00+00:00,,PRE_TRADE_PROJECTED_EQUITY_BREACH
REJECTED,EURUSD,SELL,2020-04-22 12:30:00+00:00,,PRE_TRADE_PROJECTED_EQUITY_BREACH
REJECTED,GBPUSD,SELL,2020-04-22 21:00:00+00:00,,PRE_TRADE_PROJECTED_EQUITY_BREACH
REJECTED,EURUSD,SELL,2020-04-23 06:00:00+00:00,,PRE_TRADE_PROJECTED_EQUITY_BREACH
REJECTED,GBPUSD,SELL,2020-04-23 06:00:00+00:00,,PRE_TRADE_PROJECTED_EQUITY_BREACH
REJECTED,EURUSD,SELL,2020-04-23 15:00:00+00:00,,PRE_TRADE_PROJECTED_EQUITY_BREACH
REJECTED,GBPUSD,SELL,2020-04-23 15:00:00+00:00,,PRE_TRADE_PROJECTED_EQUITY_BREACH
REJECTED,EURUSD,SELL,2020-04-24 11:00:00+00:00,,PRE_TRADE_PROJECTED_EQUITY_BREACH
REJECTED,GBPUSD,SELL,2020-04-24 11:30:00+00:00,,PRE_TRADE_PROJECTED_EQUITY_BREACH
REJECTED,GBPUSD,SELL,2020-04-24 18:30:00+00:00,,PRE_TRADE_PROJECTED_EQUITY_BREACH
REJECTED,EURUSD,SELL,2020-04-24 20:00:00+00:00,,PRE_TRADE_PROJECTED_EQUITY_BREACH
REJECTED,EURUSD,SELL,2020-04-27 05:30:00+00:00,,PRE_TRADE_PROJECTED_EQUITY_BREACH
REJECTED,EURUSD,BUY,2020-04-28 14:30:00+00:00,,PRE_TRADE_PROJECTED_EQUITY_BREACH
REJECTED,GBPUSD,BUY,2020-04-28 14:30:00+00:00,,PRE_TRADE_PROJECTED_EQUITY_BREACH
REJECTED,GBPUSD,BUY,2020-04-28 21:30:00+00:00,,PRE_TRADE_PROJECTED_EQUITY_BREACH
REJECTED,EURUSD,SELL,2020-04-29 00:30:00+00:00,,PRE_TRADE_PROJECTED_EQUITY_BREACH
REJECTED,GBPUSD,BUY,2020-04-29 09:30:00+00:00,,PRE_TRADE_PROJECTED_EQUITY_BREACH
REJECTED,EURUSD,BUY,2020-04-29 12:30:00+00:00,,PRE_TRADE_PROJECTED_EQUITY_BREACH
REJECTED,GBPUSD,BUY,2020-04-30 01:00:00+00:00,,PRE_TRADE_PROJECTED_EQUITY_BREACH
REJECTED,EURUSD,BUY,2020-04-30 01:30:00+00:00,,PRE_TRADE_PROJECTED_EQUITY_BREACH
REJECTED,GBPUSD,BUY,2020-04-30 08:00:00+00:00,,PRE_TRADE_PROJECTED_EQUITY_BREACH
REJECTED,EURUSD,BUY,2020-05-01 00:00:00+00:00,,PRE_TRADE_PROJECTED_EQUITY_BREACH
REJECTED,GBPUSD,BUY,2020-05-01 13:00:00+00:00,,PRE_TRADE_PROJECTED_EQUITY_BREACH
REJECTED,EURUSD,BUY,2020-05-01 19:30:00+00:00,,PRE_TRADE_PROJECTED_EQUITY_BREACH
REJECTED,GBPUSD,BUY,2020-05-03 23:00:00+00:00,,PRE_TRADE_PROJECTED_EQUITY_BREACH
REJECTED,EURUSD,BUY,2020-05-03 23:30:00+00:00,,PRE_TRADE_PROJECTED_EQUITY_BREACH
REJECTED,EURUSD,BUY,2020-05-04 05:00:00+00:00,,PRE_TRADE_PROJECTED_EQUITY_BREACH
REJECTED,EURUSD,BUY,2020-05-04 15:00:00+00:00,,PRE_TRADE_PROJECTED_EQUITY_BREACH
REJECTED,GBPUSD,SELL,2020-05-04 18:30:00+00:00,,PRE_TRADE_PROJECTED_EQUITY_BREACH
REJECTED,GBPUSD,SELL,2020-05-05 01:00:00+00:00,,PRE_TRADE_PROJECTED_EQUITY_BREACH
REJECTED,GBPUSD,BUY,2020-05-05 08:00:00+00:00,,PRE_TRADE_PROJECTED_EQUITY_BREACH
REJECTED,EURUSD,SELL,2020-05-05 19:00:00+00:00,,PRE_TRADE_PROJECTED_EQUITY_BREACH
REJECTED,GBPUSD,SELL,2020-05-07 07:00:00+00:00,,PRE_TRADE_PROJECTED_EQUITY_BREACH
REJECTED,EURUSD,SELL,2020-05-07 18:30:00+00:00,,PRE_TRADE_PROJECTED_EQUITY_BREACH
REJECTED,GBPUSD,SELL,2020-05-07 18:30:00+00:00,,PRE_TRADE_PROJECTED_EQUITY_BREACH
REJECTED,GBPUSD,SELL,2020-05-08 01:30:00+00:00,,PRE_TRADE_PROJECTED_EQUITY_BREACH
REJECTED,GBPUSD,SELL,2020-05-08 02:30:00+00:00,,PRE_TRADE_PROJECTED_EQUITY_BREACH
REJECTED,EURUSD,SELL,2020-05-12 04:30:00+00:00,,PRE_TRADE_PROJECTED_EQUITY_BREACH
REJECTED,GBPUSD,SELL,2020-05-12 04:30:00+00:00,,PRE_TRADE_PROJECTED_EQUITY_BREACH
REJECTED,EURUSD,SELL,2020-05-12 11:00:00+00:00,,PRE_TRADE_PROJECTED_EQUITY_BREACH
REJECTED,GBPUSD,SELL,2020-05-13 07:00:00+00:00,,PRE_TRADE_PROJECTED_EQUITY_BREACH
REJECTED,GBPUSD,SELL,2020-05-13 10:30:00+00:00,,PRE_TRADE_PROJECTED_EQUITY_BREACH
REJECTED,GBPUSD,SELL,2020-05-13 12:30:00+00:00,,PRE_TRADE_PROJECTED_EQUITY_BREACH
REJECTED,GBPUSD,SELL,2020-05-14 20:00:00+00:00,,PRE_TRADE_PROJECTED_EQUITY_BREACH
REJECTED,EURUSD,SELL,2020-05-14 20:30:00+00:00,,PRE_TRADE_PROJECTED_EQUITY_BREACH
REJECTED,EURUSD,SELL,2020-05-14 21:30:00+00:00,,PRE_TRADE_PROJECTED_EQUITY_BREACH
REJECTED,EURUSD,SELL,2020-05-15 14:00:00+00:00,,PRE_TRADE_PROJECTED_EQUITY_BREACH
REJECTED,GBPUSD,SELL,2020-05-18 02:30:00+00:00,,PRE_TRADE_PROJECTED_EQUITY_BREACH
REJECTED,GBPUSD,SELL,2020-05-18 09:00:00+00:00,,PRE_TRADE_PROJECTED_EQUITY_BREACH
REJECTED,EURUSD,SELL,2020-05-18 12:30:00+00:00,,PRE_TRADE_PROJECTED_EQUITY_BREACH
REJECTED,GBPUSD,SELL,2020-05-18 13:00:00+00:00,,PRE_TRADE_PROJECTED_EQUITY_BREACH
REJECTED,EURUSD,BUY,2020-05-19 03:30:00+00:00,,PRE_TRADE_PROJECTED_EQUITY_BREACH
REJECTED,GBPUSD,SELL,2020-05-19 07:00:00+00:00,,PRE_TRADE_PROJECTED_EQUITY_BREACH
REJECTED,EURUSD,BUY,2020-05-21 01:00:00+00:00,,PRE_TRADE_PROJECTED_EQUITY_BREACH
REJECTED,EURUSD,BUY,2020-05-21 15:30:00+00:00,,PRE_TRADE_PROJECTED_EQUITY_BREACH
REJECTED,EURUSD,BUY,2020-05-22 06:00:00+00:00,,PRE_TRADE_PROJECTED_EQUITY_BREACH
REJECTED,EURUSD,BUY,2020-05-22 08:30:00+00:00,,PRE_TRADE_PROJECTED_EQUITY_BREACH
REJECTED,GBPUSD,SELL,2020-05-24 23:30:00+00:00,,PRE_TRADE_PROJECTED_EQUITY_BREACH
REJECTED,EURUSD,SELL,2020-05-25 10:00:00+00:00,,PRE_TRADE_PROJECTED_EQUITY_BREACH
REJECTED,GBPUSD,SELL,2020-05-26 05:30:00+00:00,,PRE_TRADE_PROJECTED_EQUITY_BREACH
REJECTED,GBPUSD,SELL,2020-05-26 07:00:00+00:00,,PRE_TRADE_PROJECTED_EQUITY_BREACH
REJECTED,GBPUSD,BUY,2020-05-27 01:00:00+00:00,,PRE_TRADE_PROJECTED_EQUITY_BREACH
REJECTED,EURUSD,BUY,2020-05-27 01:30:00+00:00,,PRE_TRADE_PROJECTED_EQUITY_BREACH
REJECTED,GBPUSD,BUY,2020-05-27 13:00:00+00:00,,PRE_TRADE_PROJECTED_EQUITY_BREACH
REJECTED,EURUSD,BUY,2020-05-27 14:30:00+00:00,,PRE_TRADE_PROJECTED_EQUITY_BREACH
REJECTED,GBPUSD,BUY,2020-05-28 04:30:00+00:00,,PRE_TRADE_PROJECTED_EQUITY_BREACH
REJECTED,EURUSD,BUY,2020-05-28 05:00:00+00:00,,PRE_TRADE_PROJECTED_EQUITY_BREACH
REJECTED,EURUSD,BUY,2020-05-28 09:00:00+00:00,,PRE_TRADE_PROJECTED_EQUITY_BREACH
REJECTED,GBPUSD,BUY,2020-05-29 09:00:00+00:00,,PRE_TRADE_PROJECTED_EQUITY_BREACH
REJECTED,EURUSD,BUY,2020-05-29 17:00:00+00:00,,PRE_TRADE_PROJECTED_EQUITY_BREACH
REJECTED,GBPUSD,BUY,2020-05-29 17:00:00+00:00,,PRE_TRADE_PROJECTED_EQUITY_BREACH
REJECTED,EURUSD,BUY,2020-06-01 11:30:00+00:00,,PRE_TRADE_PROJECTED_EQUITY_BREACH
REJECTED,GBPUSD,BUY,2020-06-01 12:00:00+00:00,,PRE_TRADE_PROJECTED_EQUITY_BREACH
REJECTED,EURUSD,BUY,2020-06-03 12:00:00+00:00,,PRE_TRADE_PROJECTED_EQUITY_BREACH
REJECTED,GBPUSD,BUY,2020-06-04 01:00:00+00:00,,PRE_TRADE_PROJECTED_EQUITY_BREACH
REJECTED,EURUSD,BUY,2020-06-04 02:00:00+00:00,,PRE_TRADE_PROJECTED_EQUITY_BREACH
REJECTED,GBPUSD,BUY,2020-06-04 08:00:00+00:00,,PRE_TRADE_PROJECTED_EQUITY_BREACH
REJECTED,EURUSD,BUY,2020-06-05 09:30:00+00:00,,PRE_TRADE_PROJECTED_EQUITY_BREACH
REJECTED,EURUSD,BUY,2020-06-05 13:30:00+00:00,,PRE_TRADE_PROJECTED_EQUITY_BREACH
REJECTED,GBPUSD,BUY,2020-06-05 18:30:00+00:00,,PRE_TRADE_PROJECTED_EQUITY_BREACH
REJECTED,GBPUSD,BUY,2020-06-08 08:30:00+00:00,,PRE_TRADE_PROJECTED_EQUITY_BREACH
REJECTED,EURUSD,BUY,2020-06-08 11:30:00+00:00,,PRE_TRADE_PROJECTED_EQUITY_BREACH
REJECTED,GBPUSD,BUY,2020-06-08 11:30:00+00:00,,PRE_TRADE_PROJECTED_EQUITY_BREACH
REJECTED,GBPUSD,BUY,2020-06-09 05:30:00+00:00,,PRE_TRADE_PROJECTED_EQUITY_BREACH
REJECTED,EURUSD,BUY,2020-06-09 08:00:00+00:00,,PRE_TRADE_PROJECTED_EQUITY_BREACH
REJECTED,GBPUSD,BUY,2020-06-09 08:00:00+00:00,,PRE_TRADE_PROJECTED_EQUITY_BREACH
REJECTED,EURUSD,BUY,2020-06-09 09:00:00+00:00,,PRE_TRADE_PROJECTED_EQUITY_BREACH
REJECTED,GBPUSD,BUY,2020-06-09 20:30:00+00:00,,PRE_TRADE_PROJECTED_EQUITY_BREACH
REJECTED,GBPUSD,BUY,2020-06-10 00:30:00+00:00,,PRE_TRADE_PROJECTED_EQUITY_BREACH
REJECTED,GBPUSD,BUY,2020-06-11 00:30:00+00:00,,PRE_TRADE_PROJECTED_EQUITY_BREACH
REJECTED,GBPUSD,BUY,2020-06-11 04:00:00+00:00,,PRE_TRADE_PROJECTED_EQUITY_BREACH
REJECTED,EURUSD,BUY,2020-06-11 04:30:00+00:00,,PRE_TRADE_PROJECTED_EQUITY_BREACH
REJECTED,EURUSD,BUY,2020-06-11 12:00:00+00:00,,PRE_TRADE_PROJECTED_EQUITY_BREACH
REJECTED,GBPUSD,BUY,2020-06-11 12:00:00+00:00,,PRE_TRADE_PROJECTED_EQUITY_BREACH
REJECTED,EURUSD,BUY,2020-06-11 17:30:00+00:00,,PRE_TRADE_PROJECTED_EQUITY_BREACH
REJECTED,GBPUSD,BUY,2020-06-11 18:00:00+00:00,,PRE_TRADE_PROJECTED_EQUITY_BREACH
REJECTED,EURUSD,BUY,2020-06-11 20:30:00+00:00,,PRE_TRADE_PROJECTED_EQUITY_BREACH
REJECTED,GBPUSD,SELL,2020-06-12 06:30:00+00:00,,PRE_TRADE_PROJECTED_EQUITY_BREACH
REJECTED,EURUSD,SELL,2020-06-12 20:30:00+00:00,,PRE_TRADE_PROJECTED_EQUITY_BREACH
REJECTED,GBPUSD,SELL,2020-06-12 20:30:00+00:00,,PRE_TRADE_PROJECTED_EQUITY_BREACH
REJECTED,GBPUSD,SELL,2020-06-15 09:00:00+00:00,,PRE_TRADE_PROJECTED_EQUITY_BREACH
REJECTED,EURUSD,SELL,2020-06-15 09:30:00+00:00,,PRE_TRADE_PROJECTED_EQUITY_BREACH
REJECTED,GBPUSD,SELL,2020-06-15 19:00:00+00:00,,PRE_TRADE_PROJECTED_EQUITY_BREACH
REJECTED,GBPUSD,BUY,2020-06-16 08:00:00+00:00,,PRE_TRADE_PROJECTED_EQUITY_BREACH
REJECTED,EURUSD,BUY,2020-06-16 12:30:00+00:00,,PRE_TRADE_PROJECTED_EQUITY_BREACH
REJECTED,EURUSD,BUY,2020-06-16 14:00:00+00:00,,PRE_TRADE_PROJECTED_EQUITY_BREACH
REJECTED,EURUSD,SELL,2020-06-17 07:00:00+00:00,,PRE_TRADE_PROJECTED_EQUITY_BREACH
REJECTED,EURUSD,SELL,2020-06-17 23:00:00+00:00,,PRE_TRADE_PROJECTED_EQUITY_BREACH
REJECTED,EURUSD,SELL,2020-06-19 03:30:00+00:00,,PRE_TRADE_PROJECTED_EQUITY_BREACH
REJECTED,GBPUSD,SELL,2020-06-19 03:30:00+00:00,,PRE_TRADE_PROJECTED_EQUITY_BREACH
REJECTED,EURUSD,SELL,2020-06-19 13:30:00+00:00,,PRE_TRADE_PROJECTED_EQUITY_BREACH
REJECTED,GBPUSD,SELL,2020-06-22 02:00:00+00:00,,PRE_TRADE_PROJECTED_EQUITY_BREACH
REJECTED,EURUSD,SELL,2020-06-22 03:00:00+00:00,,PRE_TRADE_PROJECTED_EQUITY_BREACH
REJECTED,GBPUSD,SELL,2020-06-22 03:00:00+00:00,,PRE_TRADE_PROJECTED_EQUITY_BREACH
REJECTED,GBPUSD,SELL,2020-06-22 06:00:00+00:00,,PRE_TRADE_PROJECTED_EQUITY_BREACH
REJECTED,GBPUSD,SELL,2020-06-22 08:30:00+00:00,,PRE_TRADE_PROJECTED_EQUITY_BREACH
REJECTED,GBPUSD,SELL,2020-06-22 14:30:00+00:00,,PRE_TRADE_PROJECTED_EQUITY_BREACH
REJECTED,GBPUSD,SELL,2020-06-22 17:30:00+00:00,,PRE_TRADE_PROJECTED_EQUITY_BREACH
REJECTED,GBPUSD,SELL,2020-06-22 23:30:00+00:00,,PRE_TRADE_PROJECTED_EQUITY_BREACH
REJECTED,EURUSD,BUY,2020-06-23 02:00:00+00:00,,PRE_TRADE_PROJECTED_EQUITY_BREACH
REJECTED,GBPUSD,SELL,2020-06-23 13:30:00+00:00,,PRE_TRADE_PROJECTED_EQUITY_BREACH
REJECTED,EURUSD,BUY,2020-06-23 20:30:00+00:00,,PRE_TRADE_PROJECTED_EQUITY_BREACH
REJECTED,GBPUSD,BUY,2020-06-24 04:30:00+00:00,,PRE_TRADE_PROJECTED_EQUITY_BREACH
REJECTED,EURUSD,BUY,2020-06-24 14:00:00+00:00,,PRE_TRADE_PROJECTED_EQUITY_BREACH
REJECTED,GBPUSD,SELL,2020-06-25 09:30:00+00:00,,PRE_TRADE_PROJECTED_EQUITY_BREACH
REJECTED,EURUSD,SELL,2020-06-25 15:00:00+00:00,,PRE_TRADE_PROJECTED_EQUITY_BREACH
REJECTED,GBPUSD,SELL,2020-06-26 00:00:00+00:00,,PRE_TRADE_PROJECTED_EQUITY_BREACH
REJECTED,GBPUSD,SELL,2020-06-26 04:30:00+00:00,,PRE_TRADE_PROJECTED_EQUITY_BREACH
REJECTED,EURUSD,SELL,2020-06-26 09:30:00+00:00,,PRE_TRADE_PROJECTED_EQUITY_BREACH
REJECTED,EURUSD,SELL,2020-06-26 18:00:00+00:00,,PRE_TRADE_PROJECTED_EQUITY_BREACH
REJECTED,EURUSD,SELL,2020-06-29 02:00:00+00:00,,PRE_TRADE_PROJECTED_EQUITY_BREACH
REJECTED,GBPUSD,SELL,2020-06-29 02:00:00+00:00,,PRE_TRADE_PROJECTED_EQUITY_BREACH
REJECTED,GBPUSD,SELL,2020-06-29 03:00:00+00:00,,PRE_TRADE_PROJECTED_EQUITY_BREACH
REJECTED,EURUSD,SELL,2020-06-29 06:00:00+00:00,,PRE_TRADE_PROJECTED_EQUITY_BREACH
REJECTED,EURUSD,BUY,2020-06-29 15:00:00+00:00,,PRE_TRADE_PROJECTED_EQUITY_BREACH
REJECTED,GBPUSD,SELL,2020-06-29 21:30:00+00:00,,PRE_TRADE_PROJECTED_EQUITY_BREACH
REJECTED,GBPUSD,SELL,2020-06-29 23:30:00+00:00,,PRE_TRADE_PROJECTED_EQUITY_BREACH
REJECTED,GBPUSD,SELL,2020-06-30 14:00:00+00:00,,PRE_TRADE_PROJECTED_EQUITY_BREACH
REJECTED,GBPUSD,SELL,2020-06-30 15:30:00+00:00,,PRE_TRADE_PROJECTED_EQUITY_BREACH
REJECTED,EURUSD,SELL,2020-07-01 14:30:00+00:00,,PRE_TRADE_PROJECTED_EQUITY_BREACH
REJECTED,GBPUSD,BUY,2020-07-02 00:30:00+00:00,,PRE_TRADE_PROJECTED_EQUITY_BREACH
REJECTED,EURUSD,BUY,2020-07-02 01:00:00+00:00,,PRE_TRADE_PROJECTED_EQUITY_BREACH
REJECTED,EURUSD,SELL,2020-07-02 21:00:00+00:00,,PRE_TRADE_PROJECTED_EQUITY_BREACH
REJECTED,EURUSD,SELL,2020-07-03 02:00:00+00:00,,PRE_TRADE_PROJECTED_EQUITY_BREACH
REJECTED,EURUSD,SELL,2020-07-03 15:00:00+00:00,,PRE_TRADE_PROJECTED_EQUITY_BREACH
REJECTED,GBPUSD,BUY,2020-07-06 15:00:00+00:00,,PRE_TRADE_PROJECTED_EQUITY_BREACH
REJECTED,EURUSD,BUY,2020-07-07 07:30:00+00:00,,PRE_TRADE_PROJECTED_EQUITY_BREACH
REJECTED,GBPUSD,BUY,2020-07-07 07:30:00+00:00,,PRE_TRADE_PROJECTED_EQUITY_BREACH
REJECTED,EURUSD,BUY,2020-07-07 20:30:00+00:00,,PRE_TRADE_PROJECTED_EQUITY_BREACH
REJECTED,GBPUSD,BUY,2020-07-07 20:30:00+00:00,,PRE_TRADE_PROJECTED_EQUITY_BREACH
REJECTED,GBPUSD,BUY,2020-07-08 10:00:00+00:00,,PRE_TRADE_PROJECTED_EQUITY_BREACH
REJECTED,EURUSD,BUY,2020-07-08 21:30:00+00:00,,PRE_TRADE_PROJECTED_EQUITY_BREACH
REJECTED,EURUSD,BUY,2020-07-09 08:00:00+00:00,,PRE_TRADE_PROJECTED_EQUITY_BREACH
REJECTED,EURUSD,BUY,2020-07-09 09:30:00+00:00,,PRE_TRADE_PROJECTED_EQUITY_BREACH
REJECTED,EURUSD,BUY,2020-07-09 15:30:00+00:00,,PRE_TRADE_PROJECTED_EQUITY_BREACH
REJECTED,GBPUSD,BUY,2020-07-09 15:30:00+00:00,,PRE_TRADE_PROJECTED_EQUITY_BREACH
REJECTED,GBPUSD,BUY,2020-07-10 01:30:00+00:00,,PRE_TRADE_PROJECTED_EQUITY_BREACH
REJECTED,EURUSD,SELL,2020-07-10 09:00:00+00:00,,PRE_TRADE_PROJECTED_EQUITY_BREACH
REJECTED,GBPUSD,BUY,2020-07-13 09:00:00+00:00,,PRE_TRADE_PROJECTED_EQUITY_BREACH
REJECTED,GBPUSD,BUY,2020-07-13 10:00:00+00:00,,PRE_TRADE_PROJECTED_EQUITY_BREACH
REJECTED,GBPUSD,BUY,2020-07-13 18:30:00+00:00,,PRE_TRADE_PROJECTED_EQUITY_BREACH
REJECTED,EURUSD,BUY,2020-07-13 20:00:00+00:00,,PRE_TRADE_PROJECTED_EQUITY_BREACH
REJECTED,EURUSD,BUY,2020-07-13 21:00:00+00:00,,PRE_TRADE_PROJECTED_EQUITY_BREACH
REJECTED,GBPUSD,SELL,2020-07-14 18:00:00+00:00,,PRE_TRADE_PROJECTED_EQUITY_BREACH
REJECTED,EURUSD,BUY,2020-07-15 04:00:00+00:00,,PRE_TRADE_PROJECTED_EQUITY_BREACH
REJECTED,GBPUSD,BUY,2020-07-16 01:30:00+00:00,,PRE_TRADE_PROJECTED_EQUITY_BREACH
REJECTED,EURUSD,BUY,2020-07-16 03:00:00+00:00,,PRE_TRADE_PROJECTED_EQUITY_BREACH
REJECTED,GBPUSD,BUY,2020-07-16 03:00:00+00:00,,PRE_TRADE_PROJECTED_EQUITY_BREACH
REJECTED,GBPUSD,SELL,2020-07-16 13:00:00+00:00,,PRE_TRADE_PROJECTED_EQUITY_BREACH
REJECTED,EURUSD,BUY,2020-07-16 18:00:00+00:00,,PRE_TRADE_PROJECTED_EQUITY_BREACH
REJECTED,GBPUSD,SELL,2020-07-17 01:00:00+00:00,,PRE_TRADE_PROJECTED_EQUITY_BREACH
REJECTED,GBPUSD,SELL,2020-07-17 17:30:00+00:00,,PRE_TRADE_PROJECTED_EQUITY_BREACH
REJECTED,EURUSD,BUY,2020-07-19 22:00:00+00:00,,PRE_TRADE_PROJECTED_EQUITY_BREACH
REJECTED,GBPUSD,SELL,2020-07-20 06:00:00+00:00,,PRE_TRADE_PROJECTED_EQUITY_BREACH
REJECTED,EURUSD,BUY,2020-07-20 13:30:00+00:00,,PRE_TRADE_PROJECTED_EQUITY_BREACH
REJECTED,GBPUSD,BUY,2020-07-21 22:00:00+00:00,,PRE_TRADE_PROJECTED_EQUITY_BREACH
REJECTED,GBPUSD,BUY,2020-07-22 05:30:00+00:00,,PRE_TRADE_PROJECTED_EQUITY_BREACH
REJECTED,EURUSD,BUY,2020-07-22 07:00:00+00:00,,PRE_TRADE_PROJECTED_EQUITY_BREACH
REJECTED,GBPUSD,BUY,2020-07-22 08:00:00+00:00,,PRE_TRADE_PROJECTED_EQUITY_BREACH
REJECTED,EURUSD,BUY,2020-07-22 18:30:00+00:00,,PRE_TRADE_PROJECTED_EQUITY_BREACH
REJECTED,EURUSD,BUY,2020-07-23 12:30:00+00:00,,PRE_TRADE_PROJECTED_EQUITY_BREACH
REJECTED,GBPUSD,BUY,2020-07-23 12:30:00+00:00,,PRE_TRADE_PROJECTED_EQUITY_BREACH
REJECTED,EURUSD,BUY,2020-07-24 05:00:00+00:00,,PRE_TRADE_PROJECTED_EQUITY_BREACH
REJECTED,GBPUSD,BUY,2020-07-24 05:00:00+00:00,,PRE_TRADE_PROJECTED_EQUITY_BREACH
REJECTED,GBPUSD,BUY,2020-07-27 07:00:00+00:00,,PRE_TRADE_PROJECTED_EQUITY_BREACH
REJECTED,EURUSD,BUY,2020-07-28 04:00:00+00:00,,PRE_TRADE_PROJECTED_EQUITY_BREACH
REJECTED,EURUSD,BUY,2020-07-28 09:00:00+00:00,,PRE_TRADE_PROJECTED_EQUITY_BREACH
REJECTED,EURUSD,BUY,2020-07-29 12:00:00+00:00,,PRE_TRADE_PROJECTED_EQUITY_BREACH
REJECTED,EURUSD,BUY,2020-07-30 00:30:00+00:00,,PRE_TRADE_PROJECTED_EQUITY_BREACH
REJECTED,GBPUSD,BUY,2020-07-30 06:00:00+00:00,,PRE_TRADE_PROJECTED_EQUITY_BREACH
REJECTED,EURUSD,BUY,2020-07-30 06:30:00+00:00,,PRE_TRADE_PROJECTED_EQUITY_BREACH
REJECTED,EURUSD,BUY,2020-07-30 09:30:00+00:00,,PRE_TRADE_PROJECTED_EQUITY_BREACH
REJECTED,EURUSD,BUY,2020-07-31 09:30:00+00:00,,PRE_TRADE_PROJECTED_EQUITY_BREACH
REJECTED,EURUSD,BUY,2020-07-31 17:00:00+00:00,,PRE_TRADE_PROJECTED_EQUITY_BREACH
REJECTED,GBPUSD,BUY,2020-07-31 21:00:00+00:00,,PRE_TRADE_PROJECTED_EQUITY_BREACH
REJECTED,EURUSD,BUY,2020-07-31 21:30:00+00:00,,PRE_TRADE_PROJECTED_EQUITY_BREACH
REJECTED,EURUSD,BUY,2020-08-03 01:00:00+00:00,,PRE_TRADE_PROJECTED_EQUITY_BREACH
REJECTED,EURUSD,BUY,2020-08-03 11:00:00+00:00,,PRE_TRADE_PROJECTED_EQUITY_BREACH
REJECTED,GBPUSD,BUY,2020-08-03 11:00:00+00:00,,PRE_TRADE_PROJECTED_EQUITY_BREACH
REJECTED,GBPUSD,BUY,2020-08-04 11:30:00+00:00,,PRE_TRADE_PROJECTED_EQUITY_BREACH
REJECTED,EURUSD,BUY,2020-08-04 12:30:00+00:00,,PRE_TRADE_PROJECTED_EQUITY_BREACH
REJECTED,GBPUSD,BUY,2020-08-05 19:00:00+00:00,,PRE_TRADE_PROJECTED_EQUITY_BREACH
REJECTED,EURUSD,BUY,2020-08-05 19:30:00+00:00,,PRE_TRADE_PROJECTED_EQUITY_BREACH
REJECTED,GBPUSD,BUY,2020-08-06 13:00:00+00:00,,PRE_TRADE_PROJECTED_EQUITY_BREACH
REJECTED,EURUSD,BUY,2020-08-07 03:00:00+00:00,,PRE_TRADE_PROJECTED_EQUITY_BREACH
REJECTED,GBPUSD,BUY,2020-08-07 09:00:00+00:00,,PRE_TRADE_PROJECTED_EQUITY_BREACH
REJECTED,GBPUSD,BUY,2020-08-07 11:30:00+00:00,,PRE_TRADE_PROJECTED_EQUITY_BREACH
REJECTED,EURUSD,BUY,2020-08-09 23:00:00+00:00,,PRE_TRADE_PROJECTED_EQUITY_BREACH
REJECTED,GBPUSD,BUY,2020-08-10 07:30:00+00:00,,PRE_TRADE_PROJECTED_EQUITY_BREACH
REJECTED,GBPUSD,BUY,2020-08-11 07:00:00+00:00,,PRE_TRADE_PROJECTED_EQUITY_BREACH
REJECTED,EURUSD,SELL,2020-08-11 09:00:00+00:00,,PRE_TRADE_PROJECTED_EQUITY_BREACH
REJECTED,GBPUSD,BUY,2020-08-11 19:30:00+00:00,,PRE_TRADE_PROJECTED_EQUITY_BREACH
REJECTED,GBPUSD,SELL,2020-08-12 07:00:00+00:00,,PRE_TRADE_PROJECTED_EQUITY_BREACH
REJECTED,EURUSD,SELL,2020-08-12 08:30:00+00:00,,PRE_TRADE_PROJECTED_EQUITY_BREACH
REJECTED,GBPUSD,SELL,2020-08-12 09:00:00+00:00,,PRE_TRADE_PROJECTED_EQUITY_BREACH
REJECTED,GBPUSD,SELL,2020-08-13 00:00:00+00:00,,PRE_TRADE_PROJECTED_EQUITY_BREACH
REJECTED,GBPUSD,BUY,2020-08-13 18:00:00+00:00,,PRE_TRADE_PROJECTED_EQUITY_BREACH
REJECTED,EURUSD,BUY,2020-08-13 19:00:00+00:00,,PRE_TRADE_PROJECTED_EQUITY_BREACH
REJECTED,EURUSD,BUY,2020-08-14 02:00:00+00:00,,PRE_TRADE_PROJECTED_EQUITY_BREACH
REJECTED,GBPUSD,BUY,2020-08-14 02:00:00+00:00,,PRE_TRADE_PROJECTED_EQUITY_BREACH
REJECTED,EURUSD,BUY,2020-08-14 08:00:00+00:00,,PRE_TRADE_PROJECTED_EQUITY_BREACH
REJECTED,GBPUSD,BUY,2020-08-14 20:30:00+00:00,,PRE_TRADE_PROJECTED_EQUITY_BREACH
REJECTED,GBPUSD,BUY,2020-08-17 05:30:00+00:00,,PRE_TRADE_PROJECTED_EQUITY_BREACH
REJECTED,EURUSD,BUY,2020-08-17 09:00:00+00:00,,PRE_TRADE_PROJECTED_EQUITY_BREACH
REJECTED,GBPUSD,BUY,2020-08-19 12:00:00+00:00,,PRE_TRADE_PROJECTED_EQUITY_BREACH
REJECTED,EURUSD,BUY,2020-08-19 15:30:00+00:00,,PRE_TRADE_PROJECTED_EQUITY_BREACH
REJECTED,EURUSD,BUY,2020-08-19 17:00:00+00:00,,PRE_TRADE_PROJECTED_EQUITY_BREACH
REJECTED,GBPUSD,BUY,2020-08-19 19:00:00+00:00,,PRE_TRADE_PROJECTED_EQUITY_BREACH
REJECTED,EURUSD,BUY,2020-08-21 08:00:00+00:00,,PRE_TRADE_PROJECTED_EQUITY_BREACH
REJECTED,GBPUSD,BUY,2020-08-21 09:00:00+00:00,,PRE_TRADE_PROJECTED_EQUITY_BREACH
REJECTED,GBPUSD,BUY,2020-08-21 10:30:00+00:00,,PRE_TRADE_PROJECTED_EQUITY_BREACH
REJECTED,EURUSD,SELL,2020-08-21 20:30:00+00:00,,PRE_TRADE_PROJECTED_EQUITY_BREACH
REJECTED,EURUSD,SELL,2020-08-23 23:00:00+00:00,,PRE_TRADE_PROJECTED_EQUITY_BREACH
REJECTED,EURUSD,SELL,2020-08-24 06:30:00+00:00,,PRE_TRADE_PROJECTED_EQUITY_BREACH
REJECTED,GBPUSD,SELL,2020-08-24 07:30:00+00:00,,PRE_TRADE_PROJECTED_EQUITY_BREACH
REJECTED,EURUSD,SELL,2020-08-24 09:30:00+00:00,,PRE_TRADE_PROJECTED_EQUITY_BREACH
REJECTED,GBPUSD,SELL,2020-08-25 02:30:00+00:00,,PRE_TRADE_PROJECTED_EQUITY_BREACH
REJECTED,GBPUSD,SELL,2020-08-25 04:30:00+00:00,,PRE_TRADE_PROJECTED_EQUITY_BREACH
REJECTED,GBPUSD,BUY,2020-08-26 03:30:00+00:00,,PRE_TRADE_PROJECTED_EQUITY_BREACH
REJECTED,GBPUSD,BUY,2020-08-26 13:30:00+00:00,,PRE_TRADE_PROJECTED_EQUITY_BREACH
REJECTED,EURUSD,SELL,2020-08-26 15:00:00+00:00,,PRE_TRADE_PROJECTED_EQUITY_BREACH
REJECTED,EURUSD,BUY,2020-08-27 02:30:00+00:00,,PRE_TRADE_PROJECTED_EQUITY_BREACH
REJECTED,GBPUSD,BUY,2020-08-27 03:00:00+00:00,,PRE_TRADE_PROJECTED_EQUITY_BREACH
REJECTED,GBPUSD,BUY,2020-08-27 11:30:00+00:00,,PRE_TRADE_PROJECTED_EQUITY_BREACH
REJECTED,EURUSD,BUY,2020-08-31 19:30:00+00:00,,PRE_TRADE_PROJECTED_EQUITY_BREACH
REJECTED,GBPUSD,BUY,2020-09-01 00:30:00+00:00,,PRE_TRADE_PROJECTED_EQUITY_BREACH
REJECTED,GBPUSD,BUY,2020-09-01 15:00:00+00:00,,PRE_TRADE_PROJECTED_EQUITY_BREACH
REJECTED,EURUSD,BUY,2020-09-01 18:00:00+00:00,,PRE_TRADE_PROJECTED_EQUITY_BREACH
REJECTED,GBPUSD,BUY,2020-09-01 18:30:00+00:00,,PRE_TRADE_PROJECTED_EQUITY_BREACH
REJECTED,EURUSD,BUY,2020-09-01 19:30:00+00:00,,PRE_TRADE_PROJECTED_EQUITY_BREACH
REJECTED,EURUSD,BUY,2020-09-02 02:30:00+00:00,,PRE_TRADE_PROJECTED_EQUITY_BREACH
REJECTED,GBPUSD,BUY,2020-09-02 07:00:00+00:00,,PRE_TRADE_PROJECTED_EQUITY_BREACH
REJECTED,GBPUSD,BUY,2020-09-02 15:00:00+00:00,,PRE_TRADE_PROJECTED_EQUITY_BREACH
REJECTED,GBPUSD,BUY,2020-09-03 01:30:00+00:00,,PRE_TRADE_PROJECTED_EQUITY_BREACH
REJECTED,GBPUSD,BUY,2020-09-03 05:30:00+00:00,,PRE_TRADE_PROJECTED_EQUITY_BREACH
REJECTED,EURUSD,SELL,2020-09-03 09:30:00+00:00,,PRE_TRADE_PROJECTED_EQUITY_BREACH
REJECTED,EURUSD,SELL,2020-09-03 14:00:00+00:00,,PRE_TRADE_PROJECTED_EQUITY_BREACH
REJECTED,GBPUSD,SELL,2020-09-03 14:00:00+00:00,,PRE_TRADE_PROJECTED_EQUITY_BREACH
REJECTED,EURUSD,SELL,2020-09-04 17:30:00+00:00,,PRE_TRADE_PROJECTED_EQUITY_BREACH
REJECTED,GBPUSD,SELL,2020-09-04 18:00:00+00:00,,PRE_TRADE_PROJECTED_EQUITY_BREACH
REJECTED,GBPUSD,BUY,2020-09-06 22:00:00+00:00,,PRE_TRADE_PROJECTED_EQUITY_BREACH
REJECTED,EURUSD,SELL,2020-09-07 23:00:00+00:00,,PRE_TRADE_PROJECTED_EQUITY_BREACH
REJECTED,EURUSD,SELL,2020-09-08 05:30:00+00:00,,PRE_TRADE_PROJECTED_EQUITY_BREACH
REJECTED,EURUSD,SELL,2020-09-09 05:00:00+00:00,,PRE_TRADE_PROJECTED_EQUITY_BREACH
REJECTED,EURUSD,SELL,2020-09-09 13:30:00+00:00,,PRE_TRADE_PROJECTED_EQUITY_BREACH
REJECTED,EURUSD,SELL,2020-09-10 02:30:00+00:00,,PRE_TRADE_PROJECTED_EQUITY_BREACH
REJECTED,GBPUSD,SELL,2020-09-10 07:00:00+00:00,,PRE_TRADE_PROJECTED_EQUITY_BREACH
REJECTED,EURUSD,BUY,2020-09-10 18:30:00+00:00,,PRE_TRADE_PROJECTED_EQUITY_BREACH
REJECTED,EURUSD,SELL,2020-09-10 23:30:00+00:00,,PRE_TRADE_PROJECTED_EQUITY_BREACH
REJECTED,GBPUSD,SELL,2020-09-14 03:30:00+00:00,,PRE_TRADE_PROJECTED_EQUITY_BREACH
REJECTED,GBPUSD,SELL,2020-09-14 11:30:00+00:00,,PRE_TRADE_PROJECTED_EQUITY_BREACH
REJECTED,GBPUSD,SELL,2020-09-15 12:00:00+00:00,,PRE_TRADE_PROJECTED_EQUITY_BREACH
REJECTED,EURUSD,BUY,2020-09-15 14:00:00+00:00,,PRE_TRADE_PROJECTED_EQUITY_BREACH
REJECTED,GBPUSD,SELL,2020-09-15 18:00:00+00:00,,PRE_TRADE_PROJECTED_EQUITY_BREACH
REJECTED,GBPUSD,SELL,2020-09-16 02:30:00+00:00,,PRE_TRADE_PROJECTED_EQUITY_BREACH
REJECTED,GBPUSD,SELL,2020-09-16 10:00:00+00:00,,PRE_TRADE_PROJECTED_EQUITY_BREACH
REJECTED,GBPUSD,SELL,2020-09-17 06:30:00+00:00,,PRE_TRADE_PROJECTED_EQUITY_BREACH
REJECTED,EURUSD,SELL,2020-09-17 08:30:00+00:00,,PRE_TRADE_PROJECTED_EQUITY_BREACH
REJECTED,GBPUSD,SELL,2020-09-17 15:30:00+00:00,,PRE_TRADE_PROJECTED_EQUITY_BREACH
REJECTED,EURUSD,SELL,2020-09-17 18:30:00+00:00,,PRE_TRADE_PROJECTED_EQUITY_BREACH
REJECTED,GBPUSD,SELL,2020-09-17 20:00:00+00:00,,PRE_TRADE_PROJECTED_EQUITY_BREACH
REJECTED,GBPUSD,BUY,2020-09-18 14:00:00+00:00,,PRE_TRADE_PROJECTED_EQUITY_BREACH
REJECTED,EURUSD,BUY,2020-09-21 07:00:00+00:00,,PRE_TRADE_PROJECTED_EQUITY_BREACH
REJECTED,EURUSD,SELL,2020-09-21 20:00:00+00:00,,PRE_TRADE_PROJECTED_EQUITY_BREACH
REJECTED,GBPUSD,SELL,2020-09-21 20:30:00+00:00,,PRE_TRADE_PROJECTED_EQUITY_BREACH
REJECTED,EURUSD,SELL,2020-09-24 02:00:00+00:00,,PRE_TRADE_PROJECTED_EQUITY_BREACH
REJECTED,GBPUSD,SELL,2020-09-24 08:30:00+00:00,,PRE_TRADE_PROJECTED_EQUITY_BREACH
REJECTED,GBPUSD,SELL,2020-09-24 18:00:00+00:00,,PRE_TRADE_PROJECTED_EQUITY_BREACH
REJECTED,EURUSD,SELL,2020-09-24 18:30:00+00:00,,PRE_TRADE_PROJECTED_EQUITY_BREACH
REJECTED,EURUSD,SELL,2020-09-25 08:00:00+00:00,,PRE_TRADE_PROJECTED_EQUITY_BREACH
REJECTED,GBPUSD,SELL,2020-09-25 08:00:00+00:00,,PRE_TRADE_PROJECTED_EQUITY_BREACH
REJECTED,EURUSD,SELL,2020-09-25 19:00:00+00:00,,PRE_TRADE_PROJECTED_EQUITY_BREACH
REJECTED,GBPUSD,SELL,2020-09-25 19:00:00+00:00,,PRE_TRADE_PROJECTED_EQUITY_BREACH
REJECTED,GBPUSD,SELL,2020-09-25 20:00:00+00:00,,PRE_TRADE_PROJECTED_EQUITY_BREACH
REJECTED,GBPUSD,SELL,2020-09-28 08:30:00+00:00,,PRE_TRADE_PROJECTED_EQUITY_BREACH
REJECTED,EURUSD,SELL,2020-09-28 10:00:00+00:00,,PRE_TRADE_PROJECTED_EQUITY_BREACH
REJECTED,EURUSD,SELL,2020-09-28 20:30:00+00:00,,PRE_TRADE_PROJECTED_EQUITY_BREACH
REJECTED,EURUSD,SELL,2020-09-29 00:00:00+00:00,,PRE_TRADE_PROJECTED_EQUITY_BREACH
REJECTED,EURUSD,SELL,2020-09-29 12:00:00+00:00,,PRE_TRADE_PROJECTED_EQUITY_BREACH
REJECTED,GBPUSD,BUY,2020-09-30 01:30:00+00:00,,PRE_TRADE_PROJECTED_EQUITY_BREACH
REJECTED,GBPUSD,BUY,2020-09-30 04:30:00+00:00,,PRE_TRADE_PROJECTED_EQUITY_BREACH
REJECTED,GBPUSD,BUY,2020-10-01 08:30:00+00:00,,PRE_TRADE_PROJECTED_EQUITY_BREACH
REJECTED,EURUSD,BUY,2020-10-01 09:30:00+00:00,,PRE_TRADE_PROJECTED_EQUITY_BREACH
REJECTED,EURUSD,BUY,2020-10-01 15:00:00+00:00,,PRE_TRADE_PROJECTED_EQUITY_BREACH
REJECTED,EURUSD,BUY,2020-10-02 01:00:00+00:00,,PRE_TRADE_PROJECTED_EQUITY_BREACH
REJECTED,GBPUSD,BUY,2020-10-02 01:30:00+00:00,,PRE_TRADE_PROJECTED_EQUITY_BREACH
REJECTED,GBPUSD,BUY,2020-10-02 03:30:00+00:00,,PRE_TRADE_PROJECTED_EQUITY_BREACH
REJECTED,EURUSD,SELL,2020-10-05 00:30:00+00:00,,PRE_TRADE_PROJECTED_EQUITY_BREACH
REJECTED,GBPUSD,BUY,2020-10-05 07:00:00+00:00,,PRE_TRADE_PROJECTED_EQUITY_BREACH
REJECTED,EURUSD,BUY,2020-10-05 19:00:00+00:00,,PRE_TRADE_PROJECTED_EQUITY_BREACH
REJECTED,EURUSD,BUY,2020-10-06 07:00:00+00:00,,PRE_TRADE_PROJECTED_EQUITY_BREACH
REJECTED,EURUSD,BUY,2020-10-06 09:00:00+00:00,,PRE_TRADE_PROJECTED_EQUITY_BREACH
REJECTED,GBPUSD,BUY,2020-10-06 09:00:00+00:00,,PRE_TRADE_PROJECTED_EQUITY_BREACH
REJECTED,GBPUSD,BUY,2020-10-06 11:30:00+00:00,,PRE_TRADE_PROJECTED_EQUITY_BREACH
REJECTED,GBPUSD,BUY,2020-10-09 07:00:00+00:00,,PRE_TRADE_PROJECTED_EQUITY_BREACH
REJECTED,EURUSD,BUY,2020-10-11 22:30:00+00:00,,PRE_TRADE_PROJECTED_EQUITY_BREACH
REJECTED,GBPUSD,BUY,2020-10-12 09:30:00+00:00,,PRE_TRADE_PROJECTED_EQUITY_BREACH
REJECTED,EURUSD,BUY,2020-10-13 01:00:00+00:00,,PRE_TRADE_PROJECTED_EQUITY_BREACH
REJECTED,GBPUSD,BUY,2020-10-13 01:00:00+00:00,,PRE_TRADE_PROJECTED_EQUITY_BREACH
REJECTED,EURUSD,BUY,2020-10-13 08:30:00+00:00,,PRE_TRADE_PROJECTED_EQUITY_BREACH
REJECTED,GBPUSD,BUY,2020-10-13 08:30:00+00:00,,PRE_TRADE_PROJECTED_EQUITY_BREACH
REJECTED,GBPUSD,BUY,2020-10-13 13:30:00+00:00,,PRE_TRADE_PROJECTED_EQUITY_BREACH
REJECTED,GBPUSD,BUY,2020-10-13 17:00:00+00:00,,PRE_TRADE_PROJECTED_EQUITY_BREACH
REJECTED,EURUSD,SELL,2020-10-13 19:30:00+00:00,,PRE_TRADE_PROJECTED_EQUITY_BREACH
REJECTED,GBPUSD,SELL,2020-10-14 01:00:00+00:00,,PRE_TRADE_PROJECTED_EQUITY_BREACH
REJECTED,GBPUSD,SELL,2020-10-14 10:00:00+00:00,,PRE_TRADE_PROJECTED_EQUITY_BREACH
REJECTED,EURUSD,SELL,2020-10-14 13:00:00+00:00,,PRE_TRADE_PROJECTED_EQUITY_BREACH
REJECTED,EURUSD,SELL,2020-10-15 02:00:00+00:00,,PRE_TRADE_PROJECTED_EQUITY_BREACH
REJECTED,GBPUSD,SELL,2020-10-16 09:00:00+00:00,,PRE_TRADE_PROJECTED_EQUITY_BREACH
REJECTED,EURUSD,SELL,2020-10-16 13:00:00+00:00,,PRE_TRADE_PROJECTED_EQUITY_BREACH
REJECTED,EURUSD,SELL,2020-10-19 01:30:00+00:00,,PRE_TRADE_PROJECTED_EQUITY_BREACH
REJECTED,GBPUSD,SELL,2020-10-19 01:30:00+00:00,,PRE_TRADE_PROJECTED_EQUITY_BREACH
REJECTED,GBPUSD,SELL,2020-10-19 07:30:00+00:00,,PRE_TRADE_PROJECTED_EQUITY_BREACH
REJECTED,EURUSD,SELL,2020-10-19 09:00:00+00:00,,PRE_TRADE_PROJECTED_EQUITY_BREACH
REJECTED,GBPUSD,BUY,2020-10-19 18:30:00+00:00,,PRE_TRADE_PROJECTED_EQUITY_BREACH
REJECTED,EURUSD,BUY,2020-10-19 19:30:00+00:00,,PRE_TRADE_PROJECTED_EQUITY_BREACH
REJECTED,EURUSD,BUY,2020-10-20 07:30:00+00:00,,PRE_TRADE_PROJECTED_EQUITY_BREACH
REJECTED,EURUSD,BUY,2020-10-20 21:30:00+00:00,,PRE_TRADE_PROJECTED_EQUITY_BREACH
REJECTED,GBPUSD,BUY,2020-10-21 21:00:00+00:00,,PRE_TRADE_PROJECTED_EQUITY_BREACH
REJECTED,EURUSD,BUY,2020-10-22 00:30:00+00:00,,PRE_TRADE_PROJECTED_EQUITY_BREACH
REJECTED,EURUSD,BUY,2020-10-22 04:00:00+00:00,,PRE_TRADE_PROJECTED_EQUITY_BREACH
REJECTED,GBPUSD,BUY,2020-10-22 09:30:00+00:00,,PRE_TRADE_PROJECTED_EQUITY_BREACH
REJECTED,EURUSD,BUY,2020-10-22 10:30:00+00:00,,PRE_TRADE_PROJECTED_EQUITY_BREACH
REJECTED,GBPUSD,BUY,2020-10-22 19:30:00+00:00,,PRE_TRADE_PROJECTED_EQUITY_BREACH
REJECTED,EURUSD,BUY,2020-10-23 01:00:00+00:00,,PRE_TRADE_PROJECTED_EQUITY_BREACH
REJECTED,GBPUSD,BUY,2020-10-23 01:00:00+00:00,,PRE_TRADE_PROJECTED_EQUITY_BREACH
REJECTED,GBPUSD,BUY,2020-10-23 05:00:00+00:00,,PRE_TRADE_PROJECTED_EQUITY_BREACH
REJECTED,EURUSD,BUY,2020-10-23 15:00:00+00:00,,PRE_TRADE_PROJECTED_EQUITY_BREACH
REJECTED,EURUSD,BUY,2020-10-25 22:30:00+00:00,,PRE_TRADE_PROJECTED_EQUITY_BREACH
REJECTED,GBPUSD,BUY,2020-10-26 01:30:00+00:00,,PRE_TRADE_PROJECTED_EQUITY_BREACH
REJECTED,GBPUSD,BUY,2020-10-26 07:00:00+00:00,,PRE_TRADE_PROJECTED_EQUITY_BREACH
REJECTED,EURUSD,BUY,2020-10-26 09:00:00+00:00,,PRE_TRADE_PROJECTED_EQUITY_BREACH
REJECTED,GBPUSD,BUY,2020-10-26 12:30:00+00:00,,PRE_TRADE_PROJECTED_EQUITY_BREACH
REJECTED,EURUSD,BUY,2020-10-26 19:30:00+00:00,,PRE_TRADE_PROJECTED_EQUITY_BREACH
REJECTED,GBPUSD,BUY,2020-10-27 07:00:00+00:00,,PRE_TRADE_PROJECTED_EQUITY_BREACH
REJECTED,GBPUSD,BUY,2020-10-27 19:00:00+00:00,,PRE_TRADE_PROJECTED_EQUITY_BREACH
REJECTED,GBPUSD,BUY,2020-10-27 20:30:00+00:00,,PRE_TRADE_PROJECTED_EQUITY_BREACH
REJECTED,GBPUSD,BUY,2020-10-28 08:00:00+00:00,,PRE_TRADE_PROJECTED_EQUITY_BREACH
REJECTED,GBPUSD,SELL,2020-10-28 14:30:00+00:00,,PRE_TRADE_PROJECTED_EQUITY_BREACH
REJECTED,EURUSD,SELL,2020-10-28 16:00:00+00:00,,PRE_TRADE_PROJECTED_EQUITY_BREACH
REJECTED,EURUSD,SELL,2020-10-29 20:00:00+00:00,,PRE_TRADE_PROJECTED_EQUITY_BREACH
REJECTED,EURUSD,SELL,2020-10-30 02:00:00+00:00,,PRE_TRADE_PROJECTED_EQUITY_BREACH
REJECTED,GBPUSD,SELL,2020-10-30 08:00:00+00:00,,PRE_TRADE_PROJECTED_EQUITY_BREACH
REJECTED,GBPUSD,SELL,2020-10-30 11:30:00+00:00,,PRE_TRADE_PROJECTED_EQUITY_BREACH
REJECTED,EURUSD,SELL,2020-10-30 12:30:00+00:00,,PRE_TRADE_PROJECTED_EQUITY_BREACH
REJECTED,EURUSD,SELL,2020-11-02 20:30:00+00:00,,PRE_TRADE_PROJECTED_EQUITY_BREACH
REJECTED,GBPUSD,SELL,2020-11-03 00:00:00+00:00,,PRE_TRADE_PROJECTED_EQUITY_BREACH
REJECTED,GBPUSD,SELL,2020-11-03 02:00:00+00:00,,PRE_TRADE_PROJECTED_EQUITY_BREACH
REJECTED,EURUSD,SELL,2020-11-03 07:30:00+00:00,,PRE_TRADE_PROJECTED_EQUITY_BREACH
REJECTED,GBPUSD,SELL,2020-11-03 07:30:00+00:00,,PRE_TRADE_PROJECTED_EQUITY_BREACH
REJECTED,EURUSD,SELL,2020-11-03 11:00:00+00:00,,PRE_TRADE_PROJECTED_EQUITY_BREACH
REJECTED,EURUSD,SELL,2020-11-04 10:30:00+00:00,,PRE_TRADE_PROJECTED_EQUITY_BREACH
REJECTED,EURUSD,BUY,2020-11-05 15:00:00+00:00,,PRE_TRADE_PROJECTED_EQUITY_BREACH
REJECTED,GBPUSD,BUY,2020-11-06 00:30:00+00:00,,PRE_TRADE_PROJECTED_EQUITY_BREACH
REJECTED,EURUSD,BUY,2020-11-06 21:00:00+00:00,,PRE_TRADE_PROJECTED_EQUITY_BREACH
REJECTED,GBPUSD,BUY,2020-11-06 21:00:00+00:00,,PRE_TRADE_PROJECTED_EQUITY_BREACH
REJECTED,EURUSD,BUY,2020-11-09 08:30:00+00:00,,PRE_TRADE_PROJECTED_EQUITY_BREACH
REJECTED,GBPUSD,BUY,2020-11-09 09:00:00+00:00,,PRE_TRADE_PROJECTED_EQUITY_BREACH
REJECTED,EURUSD,BUY,2020-11-09 16:30:00+00:00,,PRE_TRADE_PROJECTED_EQUITY_BREACH
REJECTED,GBPUSD,BUY,2020-11-11 06:00:00+00:00,,PRE_TRADE_PROJECTED_EQUITY_BREACH
REJECTED,EURUSD,BUY,2020-11-11 08:00:00+00:00,,PRE_TRADE_PROJECTED_EQUITY_BREACH
REJECTED,EURUSD,SELL,2020-11-11 17:30:00+00:00,,PRE_TRADE_PROJECTED_EQUITY_BREACH
REJECTED,GBPUSD,BUY,2020-11-12 04:30:00+00:00,,PRE_TRADE_PROJECTED_EQUITY_BREACH
REJECTED,GBPUSD,BUY,2020-11-12 06:30:00+00:00,,PRE_TRADE_PROJECTED_EQUITY_BREACH
REJECTED,EURUSD,SELL,2020-11-12 08:00:00+00:00,,PRE_TRADE_PROJECTED_EQUITY_BREACH
REJECTED,GBPUSD,BUY,2020-11-12 11:30:00+00:00,,PRE_TRADE_PROJECTED_EQUITY_BREACH
REJECTED,GBPUSD,SELL,2020-11-13 00:00:00+00:00,,PRE_TRADE_PROJECTED_EQUITY_BREACH
REJECTED,GBPUSD,SELL,2020-11-13 05:00:00+00:00,,PRE_TRADE_PROJECTED_EQUITY_BREACH
REJECTED,GBPUSD,BUY,2020-11-16 05:30:00+00:00,,PRE_TRADE_PROJECTED_EQUITY_BREACH
REJECTED,GBPUSD,BUY,2020-11-16 09:00:00+00:00,,PRE_TRADE_PROJECTED_EQUITY_BREACH
REJECTED,EURUSD,BUY,2020-11-16 11:30:00+00:00,,PRE_TRADE_PROJECTED_EQUITY_BREACH
REJECTED,EURUSD,BUY,2020-11-17 05:00:00+00:00,,PRE_TRADE_PROJECTED_EQUITY_BREACH
REJECTED,GBPUSD,BUY,2020-11-17 06:00:00+00:00,,PRE_TRADE_PROJECTED_EQUITY_BREACH
REJECTED,EURUSD,BUY,2020-11-17 07:30:00+00:00,,PRE_TRADE_PROJECTED_EQUITY_BREACH
REJECTED,EURUSD,BUY,2020-11-18 01:30:00+00:00,,PRE_TRADE_PROJECTED_EQUITY_BREACH
REJECTED,EURUSD,BUY,2020-11-18 12:00:00+00:00,,PRE_TRADE_PROJECTED_EQUITY_BREACH
REJECTED,GBPUSD,BUY,2020-11-18 13:00:00+00:00,,PRE_TRADE_PROJECTED_EQUITY_BREACH
REJECTED,EURUSD,BUY,2020-11-19 00:00:00+00:00,,PRE_TRADE_PROJECTED_EQUITY_BREACH
REJECTED,GBPUSD,BUY,2020-11-19 00:00:00+00:00,,PRE_TRADE_PROJECTED_EQUITY_BREACH
REJECTED,EURUSD,BUY,2020-11-19 08:00:00+00:00,,PRE_TRADE_PROJECTED_EQUITY_BREACH
REJECTED,GBPUSD,BUY,2020-11-19 14:00:00+00:00,,PRE_TRADE_PROJECTED_EQUITY_BREACH
REJECTED,EURUSD,BUY,2020-11-19 23:30:00+00:00,,PRE_TRADE_PROJECTED_EQUITY_BREACH
REJECTED,GBPUSD,BUY,2020-11-20 07:30:00+00:00,,PRE_TRADE_PROJECTED_EQUITY_BREACH
REJECTED,EURUSD,BUY,2020-11-20 10:00:00+00:00,,PRE_TRADE_PROJECTED_EQUITY_BREACH
REJECTED,EURUSD,BUY,2020-11-23 14:30:00+00:00,,PRE_TRADE_PROJECTED_EQUITY_BREACH
REJECTED,GBPUSD,BUY,2020-11-23 15:00:00+00:00,,PRE_TRADE_PROJECTED_EQUITY_BREACH
REJECTED,GBPUSD,BUY,2020-11-24 12:00:00+00:00,,PRE_TRADE_PROJECTED_EQUITY_BREACH
REJECTED,GBPUSD,BUY,2020-11-25 05:30:00+00:00,,PRE_TRADE_PROJECTED_EQUITY_BREACH
REJECTED,EURUSD,BUY,2020-11-25 06:00:00+00:00,,PRE_TRADE_PROJECTED_EQUITY_BREACH
REJECTED,GBPUSD,BUY,2020-11-25 10:00:00+00:00,,PRE_TRADE_PROJECTED_EQUITY_BREACH
REJECTED,GBPUSD,BUY,2020-11-26 07:30:00+00:00,,PRE_TRADE_PROJECTED_EQUITY_BREACH
REJECTED,EURUSD,BUY,2020-11-26 12:00:00+00:00,,PRE_TRADE_PROJECTED_EQUITY_BREACH
REJECTED,GBPUSD,BUY,2020-11-26 15:00:00+00:00,,PRE_TRADE_PROJECTED_EQUITY_BREACH
REJECTED,GBPUSD,BUY,2020-11-27 10:00:00+00:00,,PRE_TRADE_PROJECTED_EQUITY_BREACH
REJECTED,EURUSD,BUY,2020-12-01 00:00:00+00:00,,PRE_TRADE_PROJECTED_EQUITY_BREACH
REJECTED,GBPUSD,BUY,2020-12-01 11:30:00+00:00,,PRE_TRADE_PROJECTED_EQUITY_BREACH
REJECTED,EURUSD,BUY,2020-12-02 01:00:00+00:00,,PRE_TRADE_PROJECTED_EQUITY_BREACH
REJECTED,GBPUSD,BUY,2020-12-02 01:30:00+00:00,,PRE_TRADE_PROJECTED_EQUITY_BREACH
REJECTED,GBPUSD,BUY,2020-12-02 08:30:00+00:00,,PRE_TRADE_PROJECTED_EQUITY_BREACH
REJECTED,GBPUSD,BUY,2020-12-02 12:00:00+00:00,,PRE_TRADE_PROJECTED_EQUITY_BREACH
REJECTED,GBPUSD,BUY,2020-12-03 00:30:00+00:00,,PRE_TRADE_PROJECTED_EQUITY_BREACH
REJECTED,EURUSD,BUY,2020-12-03 18:00:00+00:00,,PRE_TRADE_PROJECTED_EQUITY_BREACH
REJECTED,GBPUSD,BUY,2020-12-03 18:30:00+00:00,,PRE_TRADE_PROJECTED_EQUITY_BREACH
REJECTED,GBPUSD,BUY,2020-12-04 04:30:00+00:00,,PRE_TRADE_PROJECTED_EQUITY_BREACH
REJECTED,EURUSD,BUY,2020-12-04 13:30:00+00:00,,PRE_TRADE_PROJECTED_EQUITY_BREACH
REJECTED,EURUSD,BUY,2020-12-04 20:30:00+00:00,,PRE_TRADE_PROJECTED_EQUITY_BREACH
REJECTED,EURUSD,BUY,2020-12-07 06:00:00+00:00,,PRE_TRADE_PROJECTED_EQUITY_BREACH
REJECTED,GBPUSD,BUY,2020-12-07 06:00:00+00:00,,PRE_TRADE_PROJECTED_EQUITY_BREACH
REJECTED,EURUSD,BUY,2020-12-07 07:00:00+00:00,,PRE_TRADE_PROJECTED_EQUITY_BREACH
REJECTED,GBPUSD,BUY,2020-12-07 07:00:00+00:00,,PRE_TRADE_PROJECTED_EQUITY_BREACH
REJECTED,EURUSD,BUY,2020-12-07 09:00:00+00:00,,PRE_TRADE_PROJECTED_EQUITY_BREACH
REJECTED,EURUSD,BUY,2020-12-07 18:00:00+00:00,,PRE_TRADE_PROJECTED_EQUITY_BREACH
REJECTED,EURUSD,BUY,2020-12-07 20:30:00+00:00,,PRE_TRADE_PROJECTED_EQUITY_BREACH
REJECTED,EURUSD,BUY,2020-12-09 12:00:00+00:00,,PRE_TRADE_PROJECTED_EQUITY_BREACH
REJECTED,EURUSD,BUY,2020-12-09 15:30:00+00:00,,PRE_TRADE_PROJECTED_EQUITY_BREACH
REJECTED,GBPUSD,BUY,2020-12-09 15:30:00+00:00,,PRE_TRADE_PROJECTED_EQUITY_BREACH
REJECTED,GBPUSD,BUY,2020-12-09 22:00:00+00:00,,PRE_TRADE_PROJECTED_EQUITY_BREACH
REJECTED,EURUSD,BUY,2020-12-10 06:30:00+00:00,,PRE_TRADE_PROJECTED_EQUITY_BREACH
REJECTED,EURUSD,BUY,2020-12-10 12:00:00+00:00,,PRE_TRADE_PROJECTED_EQUITY_BREACH
REJECTED,GBPUSD,SELL,2020-12-11 02:30:00+00:00,,PRE_TRADE_PROJECTED_EQUITY_BREACH
REJECTED,EURUSD,BUY,2020-12-11 07:30:00+00:00,,PRE_TRADE_PROJECTED_EQUITY_BREACH
REJECTED,GBPUSD,SELL,2020-12-13 22:00:00+00:00,,PRE_TRADE_PROJECTED_EQUITY_BREACH
REJECTED,GBPUSD,BUY,2020-12-14 14:00:00+00:00,,PRE_TRADE_PROJECTED_EQUITY_BREACH
REJECTED,GBPUSD,BUY,2020-12-14 15:00:00+00:00,,PRE_TRADE_PROJECTED_EQUITY_BREACH
REJECTED,GBPUSD,SELL,2020-12-15 01:00:00+00:00,,PRE_TRADE_PROJECTED_EQUITY_BREACH
REJECTED,EURUSD,BUY,2020-12-15 04:00:00+00:00,,PRE_TRADE_PROJECTED_EQUITY_BREACH
REJECTED,EURUSD,BUY,2020-12-15 12:30:00+00:00,,PRE_TRADE_PROJECTED_EQUITY_BREACH
REJECTED,GBPUSD,BUY,2020-12-16 15:30:00+00:00,,PRE_TRADE_PROJECTED_EQUITY_BREACH
REJECTED,EURUSD,BUY,2020-12-16 19:00:00+00:00,,PRE_TRADE_PROJECTED_EQUITY_BREACH
REJECTED,EURUSD,BUY,2020-12-18 00:30:00+00:00,,PRE_TRADE_PROJECTED_EQUITY_BREACH
REJECTED,GBPUSD,BUY,2020-12-18 00:30:00+00:00,,PRE_TRADE_PROJECTED_EQUITY_BREACH
REJECTED,EURUSD,BUY,2020-12-18 02:30:00+00:00,,PRE_TRADE_PROJECTED_EQUITY_BREACH
REJECTED,GBPUSD,BUY,2020-12-18 02:30:00+00:00,,PRE_TRADE_PROJECTED_EQUITY_BREACH
REJECTED,EURUSD,BUY,2020-12-18 14:30:00+00:00,,PRE_TRADE_PROJECTED_EQUITY_BREACH
REJECTED,EURUSD,BUY,2020-12-18 16:00:00+00:00,,PRE_TRADE_PROJECTED_EQUITY_BREACH
REJECTED,GBPUSD,BUY,2020-12-18 20:30:00+00:00,,PRE_TRADE_PROJECTED_EQUITY_BREACH
REJECTED,EURUSD,BUY,2020-12-20 23:00:00+00:00,,PRE_TRADE_PROJECTED_EQUITY_BREACH
REJECTED,EURUSD,BUY,2020-12-21 03:00:00+00:00,,PRE_TRADE_PROJECTED_EQUITY_BREACH
REJECTED,GBPUSD,SELL,2020-12-21 13:30:00+00:00,,PRE_TRADE_PROJECTED_EQUITY_BREACH
REJECTED,GBPUSD,SELL,2020-12-21 16:30:00+00:00,,PRE_TRADE_PROJECTED_EQUITY_BREACH
REJECTED,GBPUSD,SELL,2020-12-21 19:00:00+00:00,,PRE_TRADE_PROJECTED_EQUITY_BREACH
REJECTED,GBPUSD,BUY,2020-12-22 00:30:00+00:00,,PRE_TRADE_PROJECTED_EQUITY_BREACH
REJECTED,EURUSD,BUY,2020-12-22 05:30:00+00:00,,PRE_TRADE_PROJECTED_EQUITY_BREACH
REJECTED,EURUSD,BUY,2020-12-22 14:30:00+00:00,,PRE_TRADE_PROJECTED_EQUITY_BREACH
REJECTED,GBPUSD,SELL,2020-12-23 03:00:00+00:00,,PRE_TRADE_PROJECTED_EQUITY_BREACH
REJECTED,EURUSD,BUY,2020-12-24 08:30:00+00:00,,PRE_TRADE_PROJECTED_EQUITY_BREACH
REJECTED,GBPUSD,BUY,2020-12-24 13:00:00+00:00,,PRE_TRADE_PROJECTED_EQUITY_BREACH
REJECTED,GBPUSD,BUY,2020-12-24 15:30:00+00:00,,PRE_TRADE_PROJECTED_EQUITY_BREACH
REJECTED,GBPUSD,BUY,2020-12-28 10:00:00+00:00,,PRE_TRADE_PROJECTED_EQUITY_BREACH
REJECTED,EURUSD,BUY,2020-12-28 11:30:00+00:00,,PRE_TRADE_PROJECTED_EQUITY_BREACH
REJECTED,GBPUSD,SELL,2020-12-28 23:30:00+00:00,,PRE_TRADE_PROJECTED_EQUITY_BREACH
REJECTED,GBPUSD,SELL,2020-12-29 01:00:00+00:00,,PRE_TRADE_PROJECTED_EQUITY_BREACH
REJECTED,EURUSD,BUY,2020-12-30 09:00:00+00:00,,PRE_TRADE_PROJECTED_EQUITY_BREACH
REJECTED,EURUSD,BUY,2020-12-31 15:30:00+00:00,,PRE_TRADE_PROJECTED_EQUITY_BREACH
REJECTED,GBPUSD,BUY,2021-01-04 05:00:00+00:00,,PRE_TRADE_PROJECTED_EQUITY_BREACH
REJECTED,GBPUSD,BUY,2021-01-04 13:00:00+00:00,,PRE_TRADE_PROJECTED_EQUITY_BREACH
REJECTED,GBPUSD,BUY,2021-01-04 14:30:00+00:00,,PRE_TRADE_PROJECTED_EQUITY_BREACH
REJECTED,EURUSD,BUY,2021-01-04 16:30:00+00:00,,PRE_TRADE_PROJECTED_EQUITY_BREACH
REJECTED,GBPUSD,BUY,2021-01-06 02:30:00+00:00,,PRE_TRADE_PROJECTED_EQUITY_BREACH
REJECTED,EURUSD,BUY,2021-01-06 14:00:00+00:00,,PRE_TRADE_PROJECTED_EQUITY_BREACH
REJECTED,EURUSD,BUY,2021-01-07 02:00:00+00:00,,PRE_TRADE_PROJECTED_EQUITY_BREACH
REJECTED,GBPUSD,BUY,2021-01-07 02:00:00+00:00,,PRE_TRADE_PROJECTED_EQUITY_BREACH
REJECTED,EURUSD,BUY,2021-01-07 05:30:00+00:00,,PRE_TRADE_PROJECTED_EQUITY_BREACH
REJECTED,EURUSD,BUY,2021-01-07 08:30:00+00:00,,PRE_TRADE_PROJECTED_EQUITY_BREACH
REJECTED,EURUSD,SELL,2021-01-08 11:30:00+00:00,,PRE_TRADE_PROJECTED_EQUITY_BREACH
REJECTED,EURUSD,SELL,2021-01-11 06:30:00+00:00,,PRE_TRADE_PROJECTED_EQUITY_BREACH
REJECTED,GBPUSD,SELL,2021-01-11 06:30:00+00:00,,PRE_TRADE_PROJECTED_EQUITY_BREACH
REJECTED,GBPUSD,SELL,2021-01-11 16:30:00+00:00,,PRE_TRADE_PROJECTED_EQUITY_BREACH
REJECTED,GBPUSD,SELL,2021-01-12 05:30:00+00:00,,PRE_TRADE_PROJECTED_EQUITY_BREACH
REJECTED,EURUSD,SELL,2021-01-12 07:00:00+00:00,,PRE_TRADE_PROJECTED_EQUITY_BREACH
REJECTED,EURUSD,SELL,2021-01-12 16:30:00+00:00,,PRE_TRADE_PROJECTED_EQUITY_BREACH
REJECTED,EURUSD,SELL,2021-01-13 00:00:00+00:00,,PRE_TRADE_PROJECTED_EQUITY_BREACH
REJECTED,EURUSD,SELL,2021-01-14 00:00:00+00:00,,PRE_TRADE_PROJECTED_EQUITY_BREACH
REJECTED,GBPUSD,BUY,2021-01-14 02:00:00+00:00,,PRE_TRADE_PROJECTED_EQUITY_BREACH
REJECTED,EURUSD,SELL,2021-01-14 16:00:00+00:00,,PRE_TRADE_PROJECTED_EQUITY_BREACH
REJECTED,GBPUSD,BUY,2021-01-15 05:30:00+00:00,,PRE_TRADE_PROJECTED_EQUITY_BREACH
REJECTED,GBPUSD,BUY,2021-01-15 08:00:00+00:00,,PRE_TRADE_PROJECTED_EQUITY_BREACH
REJECTED,GBPUSD,BUY,2021-01-15 12:00:00+00:00,,PRE_TRADE_PROJECTED_EQUITY_BREACH
REJECTED,GBPUSD,SELL,2021-01-18 16:30:00+00:00,,PRE_TRADE_PROJECTED_EQUITY_BREACH
REJECTED,GBPUSD,SELL,2021-01-18 20:00:00+00:00,,PRE_TRADE_PROJECTED_EQUITY_BREACH
REJECTED,EURUSD,SELL,2021-01-19 00:30:00+00:00,,PRE_TRADE_PROJECTED_EQUITY_BREACH
REJECTED,GBPUSD,SELL,2021-01-19 00:30:00+00:00,,PRE_TRADE_PROJECTED_EQUITY_BREACH
REJECTED,EURUSD,SELL,2021-01-19 11:00:00+00:00,,PRE_TRADE_PROJECTED_EQUITY_BREACH
REJECTED,EURUSD,SELL,2021-01-19 23:30:00+00:00,,PRE_TRADE_PROJECTED_EQUITY_BREACH
REJECTED,EURUSD,SELL,2021-01-20 07:00:00+00:00,,PRE_TRADE_PROJECTED_EQUITY_BREACH
REJECTED,GBPUSD,BUY,2021-01-20 14:30:00+00:00,,PRE_TRADE_PROJECTED_EQUITY_BREACH
REJECTED,EURUSD,SELL,2021-01-20 23:00:00+00:00,,PRE_TRADE_PROJECTED_EQUITY_BREACH
REJECTED,EURUSD,SELL,2021-01-21 03:00:00+00:00,,PRE_TRADE_PROJECTED_EQUITY_BREACH
REJECTED,GBPUSD,BUY,2021-01-22 01:00:00+00:00,,PRE_TRADE_PROJECTED_EQUITY_BREACH
REJECTED,EURUSD,BUY,2021-01-22 06:00:00+00:00,,PRE_TRADE_PROJECTED_EQUITY_BREACH
REJECTED,GBPUSD,BUY,2021-01-22 06:00:00+00:00,,PRE_TRADE_PROJECTED_EQUITY_BREACH
REJECTED,EURUSD,BUY,2021-01-25 09:00:00+00:00,,PRE_TRADE_PROJECTED_EQUITY_BREACH
REJECTED,GBPUSD,BUY,2021-01-25 09:00:00+00:00,,PRE_TRADE_PROJECTED_EQUITY_BREACH
REJECTED,EURUSD,SELL,2021-01-25 17:30:00+00:00,,PRE_TRADE_PROJECTED_EQUITY_BREACH
REJECTED,EURUSD,BUY,2021-01-27 08:00:00+00:00,,PRE_TRADE_PROJECTED_EQUITY_BREACH
REJECTED,GBPUSD,BUY,2021-01-27 12:00:00+00:00,,PRE_TRADE_PROJECTED_EQUITY_BREACH
REJECTED,GBPUSD,BUY,2021-01-27 13:30:00+00:00,,PRE_TRADE_PROJECTED_EQUITY_BREACH
REJECTED,EURUSD,SELL,2021-01-27 17:30:00+00:00,,PRE_TRADE_PROJECTED_EQUITY_BREACH
REJECTED,GBPUSD,BUY,2021-01-28 21:30:00+00:00,,PRE_TRADE_PROJECTED_EQUITY_BREACH
REJECTED,EURUSD,SELL,2021-01-29 06:30:00+00:00,,PRE_TRADE_PROJECTED_EQUITY_BREACH
REJECTED,GBPUSD,BUY,2021-01-29 08:00:00+00:00,,PRE_TRADE_PROJECTED_EQUITY_BREACH
REJECTED,EURUSD,SELL,2021-01-29 08:30:00+00:00,,PRE_TRADE_PROJECTED_EQUITY_BREACH
REJECTED,EURUSD,SELL,2021-02-01 23:00:00+00:00,,PRE_TRADE_PROJECTED_EQUITY_BREACH
REJECTED,EURUSD,SELL,2021-02-02 01:30:00+00:00,,PRE_TRADE_PROJECTED_EQUITY_BREACH
REJECTED,GBPUSD,SELL,2021-02-02 19:30:00+00:00,,PRE_TRADE_PROJECTED_EQUITY_BREACH
REJECTED,EURUSD,SELL,2021-02-02 21:30:00+00:00,,PRE_TRADE_PROJECTED_EQUITY_BREACH
REJECTED,GBPUSD,SELL,2021-02-03 02:00:00+00:00,,PRE_TRADE_PROJECTED_EQUITY_BREACH
REJECTED,GBPUSD,SELL,2021-02-03 14:30:00+00:00,,PRE_TRADE_PROJECTED_EQUITY_BREACH
REJECTED,EURUSD,SELL,2021-02-03 21:00:00+00:00,,PRE_TRADE_PROJECTED_EQUITY_BREACH
REJECTED,GBPUSD,SELL,2021-02-04 13:00:00+00:00,,PRE_TRADE_PROJECTED_EQUITY_BREACH
REJECTED,EURUSD,SELL,2021-02-05 06:00:00+00:00,,PRE_TRADE_PROJECTED_EQUITY_BREACH
REJECTED,EURUSD,SELL,2021-02-05 08:30:00+00:00,,PRE_TRADE_PROJECTED_EQUITY_BREACH
REJECTED,EURUSD,SELL,2021-02-05 12:00:00+00:00,,PRE_TRADE_PROJECTED_EQUITY_BREACH
REJECTED,EURUSD,SELL,2021-02-05 14:30:00+00:00,,PRE_TRADE_PROJECTED_EQUITY_BREACH
REJECTED,EURUSD,SELL,2021-02-05 16:30:00+00:00,,PRE_TRADE_PROJECTED_EQUITY_BREACH
REJECTED,EURUSD,SELL,2021-02-05 20:30:00+00:00,,PRE_TRADE_PROJECTED_EQUITY_BREACH
REJECTED,GBPUSD,BUY,2021-02-08 09:00:00+00:00,,PRE_TRADE_PROJECTED_EQUITY_BREACH
REJECTED,EURUSD,BUY,2021-02-10 01:00:00+00:00,,PRE_TRADE_PROJECTED_EQUITY_BREACH
REJECTED,GBPUSD,BUY,2021-02-10 07:00:00+00:00,,PRE_TRADE_PROJECTED_EQUITY_BREACH
REJECTED,GBPUSD,BUY,2021-02-10 20:30:00+00:00,,PRE_TRADE_PROJECTED_EQUITY_BREACH
REJECTED,EURUSD,BUY,2021-02-11 00:30:00+00:00,,PRE_TRADE_PROJECTED_EQUITY_BREACH
REJECTED,GBPUSD,BUY,2021-02-11 00:30:00+00:00,,PRE_TRADE_PROJECTED_EQUITY_BREACH
REJECTED,GBPUSD,BUY,2021-02-11 08:30:00+00:00,,PRE_TRADE_PROJECTED_EQUITY_BREACH
REJECTED,EURUSD,BUY,2021-02-11 17:00:00+00:00,,PRE_TRADE_PROJECTED_EQUITY_BREACH
REJECTED,GBPUSD,BUY,2021-02-12 02:00:00+00:00,,PRE_TRADE_PROJECTED_EQUITY_BREACH
REJECTED,EURUSD,BUY,2021-02-12 02:30:00+00:00,,PRE_TRADE_PROJECTED_EQUITY_BREACH
REJECTED,EURUSD,BUY,2021-02-12 07:30:00+00:00,,PRE_TRADE_PROJECTED_EQUITY_BREACH
REJECTED,GBPUSD,BUY,2021-02-12 08:30:00+00:00,,PRE_TRADE_PROJECTED_EQUITY_BREACH
REJECTED,EURUSD,BUY,2021-02-12 19:30:00+00:00,,PRE_TRADE_PROJECTED_EQUITY_BREACH
REJECTED,EURUSD,BUY,2021-02-15 21:30:00+00:00,,PRE_TRADE_PROJECTED_EQUITY_BREACH
REJECTED,EURUSD,BUY,2021-02-16 05:30:00+00:00,,PRE_TRADE_PROJECTED_EQUITY_BREACH
REJECTED,GBPUSD,BUY,2021-02-16 07:00:00+00:00,,PRE_TRADE_PROJECTED_EQUITY_BREACH
REJECTED,EURUSD,BUY,2021-02-16 13:00:00+00:00,,PRE_TRADE_PROJECTED_EQUITY_BREACH
REJECTED,GBPUSD,BUY,2021-02-16 13:30:00+00:00,,PRE_TRADE_PROJECTED_EQUITY_BREACH
REJECTED,GBPUSD,BUY,2021-02-16 21:00:00+00:00,,PRE_TRADE_PROJECTED_EQUITY_BREACH
REJECTED,GBPUSD,BUY,2021-02-17 07:00:00+00:00,,PRE_TRADE_PROJECTED_EQUITY_BREACH
REJECTED,GBPUSD,BUY,2021-02-17 10:00:00+00:00,,PRE_TRADE_PROJECTED_EQUITY_BREACH
REJECTED,EURUSD,SELL,2021-02-18 00:30:00+00:00,,PRE_TRADE_PROJECTED_EQUITY_BREACH
REJECTED,GBPUSD,BUY,2021-02-18 02:00:00+00:00,,PRE_TRADE_PROJECTED_EQUITY_BREACH
REJECTED,EURUSD,SELL,2021-02-18 08:00:00+00:00,,PRE_TRADE_PROJECTED_EQUITY_BREACH
REJECTED,GBPUSD,BUY,2021-02-19 03:30:00+00:00,,PRE_TRADE_PROJECTED_EQUITY_BREACH
REJECTED,EURUSD,BUY,2021-02-19 13:00:00+00:00,,PRE_TRADE_PROJECTED_EQUITY_BREACH
REJECTED,EURUSD,BUY,2021-02-19 18:00:00+00:00,,PRE_TRADE_PROJECTED_EQUITY_BREACH
REJECTED,GBPUSD,BUY,2021-02-22 07:00:00+00:00,,PRE_TRADE_PROJECTED_EQUITY_BREACH
REJECTED,EURUSD,BUY,2021-02-22 20:30:00+00:00,,PRE_TRADE_PROJECTED_EQUITY_BREACH
REJECTED,GBPUSD,BUY,2021-02-22 20:30:00+00:00,,PRE_TRADE_PROJECTED_EQUITY_BREACH
REJECTED,EURUSD,BUY,2021-02-23 08:30:00+00:00,,PRE_TRADE_PROJECTED_EQUITY_BREACH
REJECTED,EURUSD,BUY,2021-02-24 04:30:00+00:00,,PRE_TRADE_PROJECTED_EQUITY_BREACH
REJECTED,GBPUSD,BUY,2021-02-24 10:00:00+00:00,,PRE_TRADE_PROJECTED_EQUITY_BREACH
REJECTED,EURUSD,BUY,2021-02-24 15:30:00+00:00,,PRE_TRADE_PROJECTED_EQUITY_BREACH
REJECTED,EURUSD,BUY,2021-02-25 01:30:00+00:00,,PRE_TRADE_PROJECTED_EQUITY_BREACH
REJECTED,GBPUSD,BUY,2021-02-25 01:30:00+00:00,,PRE_TRADE_PROJECTED_EQUITY_BREACH
REJECTED,GBPUSD,BUY,2021-02-25 16:30:00+00:00,,PRE_TRADE_PROJECTED_EQUITY_BREACH
REJECTED,EURUSD,BUY,2021-02-25 18:00:00+00:00,,PRE_TRADE_PROJECTED_EQUITY_BREACH
REJECTED,EURUSD,BUY,2021-02-26 00:00:00+00:00,,PRE_TRADE_PROJECTED_EQUITY_BREACH
REJECTED,EURUSD,SELL,2021-02-28 23:30:00+00:00,,PRE_TRADE_PROJECTED_EQUITY_BREACH
REJECTED,GBPUSD,SELL,2021-02-28 23:30:00+00:00,,PRE_TRADE_PROJECTED_EQUITY_BREACH
REJECTED,EURUSD,SELL,2021-03-01 06:30:00+00:00,,PRE_TRADE_PROJECTED_EQUITY_BREACH
REJECTED,EURUSD,SELL,2021-03-02 10:30:00+00:00,,PRE_TRADE_PROJECTED_EQUITY_BREACH
REJECTED,GBPUSD,SELL,2021-03-02 11:30:00+00:00,,PRE_TRADE_PROJECTED_EQUITY_BREACH
REJECTED,EURUSD,SELL,2021-03-02 16:00:00+00:00,,PRE_TRADE_PROJECTED_EQUITY_BREACH
REJECTED,EURUSD,SELL,2021-03-03 01:00:00+00:00,,PRE_TRADE_PROJECTED_EQUITY_BREACH
REJECTED,GBPUSD,SELL,2021-03-03 01:30:00+00:00,,PRE_TRADE_PROJECTED_EQUITY_BREACH
REJECTED,EURUSD,SELL,2021-03-03 16:00:00+00:00,,PRE_TRADE_PROJECTED_EQUITY_BREACH
REJECTED,EURUSD,SELL,2021-03-04 06:00:00+00:00,,PRE_TRADE_PROJECTED_EQUITY_BREACH
REJECTED,GBPUSD,SELL,2021-03-04 06:00:00+00:00,,PRE_TRADE_PROJECTED_EQUITY_BREACH
REJECTED,GBPUSD,SELL,2021-03-04 13:30:00+00:00,,PRE_TRADE_PROJECTED_EQUITY_BREACH
REJECTED,GBPUSD,SELL,2021-03-05 14:00:00+00:00,,PRE_TRADE_PROJECTED_EQUITY_BREACH
REJECTED,EURUSD,SELL,2021-03-07 23:00:00+00:00,,PRE_TRADE_PROJECTED_EQUITY_BREACH
REJECTED,EURUSD,SELL,2021-03-09 03:30:00+00:00,,PRE_TRADE_PROJECTED_EQUITY_BREACH
REJECTED,GBPUSD,SELL,2021-03-09 03:30:00+00:00,,PRE_TRADE_PROJECTED_EQUITY_BREACH
REJECTED,EURUSD,SELL,2021-03-09 08:30:00+00:00,,PRE_TRADE_PROJECTED_EQUITY_BREACH
REJECTED,EURUSD,SELL,2021-03-09 19:00:00+00:00,,PRE_TRADE_PROJECTED_EQUITY_BREACH
REJECTED,GBPUSD,SELL,2021-03-10 07:30:00+00:00,,PRE_TRADE_PROJECTED_EQUITY_BREACH
REJECTED,EURUSD,SELL,2021-03-10 14:00:00+00:00,,PRE_TRADE_PROJECTED_EQUITY_BREACH
REJECTED,EURUSD,SELL,2021-03-10 18:00:00+00:00,,PRE_TRADE_PROJECTED_EQUITY_BREACH
REJECTED,EURUSD,SELL,2021-03-10 19:00:00+00:00,,PRE_TRADE_PROJECTED_EQUITY_BREACH
REJECTED,EURUSD,SELL,2021-03-11 02:00:00+00:00,,PRE_TRADE_PROJECTED_EQUITY_BREACH
REJECTED,GBPUSD,BUY,2021-03-12 06:30:00+00:00,,PRE_TRADE_PROJECTED_EQUITY_BREACH
REJECTED,EURUSD,SELL,2021-03-15 00:00:00+00:00,,PRE_TRADE_PROJECTED_EQUITY_BREACH
REJECTED,GBPUSD,BUY,2021-03-15 05:00:00+00:00,,PRE_TRADE_PROJECTED_EQUITY_BREACH
REJECTED,GBPUSD,SELL,2021-03-16 11:00:00+00:00,,PRE_TRADE_PROJECTED_EQUITY_BREACH
REJECTED,GBPUSD,SELL,2021-03-16 23:30:00+00:00,,PRE_TRADE_PROJECTED_EQUITY_BREACH
REJECTED,EURUSD,SELL,2021-03-17 18:00:00+00:00,,PRE_TRADE_PROJECTED_EQUITY_BREACH
REJECTED,GBPUSD,BUY,2021-03-18 01:30:00+00:00,,PRE_TRADE_PROJECTED_EQUITY_BREACH
REJECTED,EURUSD,BUY,2021-03-18 03:30:00+00:00,,PRE_TRADE_PROJECTED_EQUITY_BREACH
REJECTED,GBPUSD,BUY,2021-03-18 03:30:00+00:00,,PRE_TRADE_PROJECTED_EQUITY_BREACH
REJECTED,EURUSD,SELL,2021-03-18 16:00:00+00:00,,PRE_TRADE_PROJECTED_EQUITY_BREACH
REJECTED,EURUSD,SELL,2021-03-19 04:30:00+00:00,,PRE_TRADE_PROJECTED_EQUITY_BREACH
REJECTED,EURUSD,SELL,2021-03-19 07:30:00+00:00,,PRE_TRADE_PROJECTED_EQUITY_BREACH
REJECTED,EURUSD,SELL,2021-03-19 15:30:00+00:00,,PRE_TRADE_PROJECTED_EQUITY_BREACH
REJECTED,EURUSD,SELL,2021-03-22 11:00:00+00:00,,PRE_TRADE_PROJECTED_EQUITY_BREACH
REJECTED,GBPUSD,SELL,2021-03-22 16:00:00+00:00,,PRE_TRADE_PROJECTED_EQUITY_BREACH
REJECTED,GBPUSD,SELL,2021-03-24 09:30:00+00:00,,PRE_TRADE_PROJECTED_EQUITY_BREACH
REJECTED,GBPUSD,SELL,2021-03-24 16:00:00+00:00,,PRE_TRADE_PROJECTED_EQUITY_BREACH
REJECTED,EURUSD,SELL,2021-03-25 00:30:00+00:00,,PRE_TRADE_PROJECTED_EQUITY_BREACH
REJECTED,GBPUSD,SELL,2021-03-25 00:30:00+00:00,,PRE_TRADE_PROJECTED_EQUITY_BREACH
REJECTED,GBPUSD,SELL,2021-03-25 10:00:00+00:00,,PRE_TRADE_PROJECTED_EQUITY_BREACH
REJECTED,GBPUSD,SELL,2021-03-25 17:30:00+00:00,,PRE_TRADE_PROJECTED_EQUITY_BREACH
REJECTED,GBPUSD,SELL,2021-03-25 18:30:00+00:00,,PRE_TRADE_PROJECTED_EQUITY_BREACH
REJECTED,GBPUSD,SELL,2021-03-25 23:00:00+00:00,,PRE_TRADE_PROJECTED_EQUITY_BREACH
REJECTED,EURUSD,SELL,2021-03-25 23:30:00+00:00,,PRE_TRADE_PROJECTED_EQUITY_BREACH
REJECTED,GBPUSD,SELL,2021-03-26 01:30:00+00:00,,PRE_TRADE_PROJECTED_EQUITY_BREACH
REJECTED,EURUSD,SELL,2021-03-26 14:30:00+00:00,,PRE_TRADE_PROJECTED_EQUITY_BREACH
REJECTED,GBPUSD,SELL,2021-03-29 08:30:00+00:00,,PRE_TRADE_PROJECTED_EQUITY_BREACH
REJECTED,EURUSD,SELL,2021-03-29 14:00:00+00:00,,PRE_TRADE_PROJECTED_EQUITY_BREACH
REJECTED,GBPUSD,SELL,2021-03-30 20:00:00+00:00,,PRE_TRADE_PROJECTED_EQUITY_BREACH
REJECTED,GBPUSD,SELL,2021-03-30 21:30:00+00:00,,PRE_TRADE_PROJECTED_EQUITY_BREACH
REJECTED,EURUSD,SELL,2021-03-31 01:00:00+00:00,,PRE_TRADE_PROJECTED_EQUITY_BREACH
REJECTED,EURUSD,SELL,2021-03-31 07:00:00+00:00,,PRE_TRADE_PROJECTED_EQUITY_BREACH
REJECTED,GBPUSD,SELL,2021-03-31 07:30:00+00:00,,PRE_TRADE_PROJECTED_EQUITY_BREACH
REJECTED,EURUSD,SELL,2021-03-31 15:00:00+00:00,,PRE_TRADE_PROJECTED_EQUITY_BREACH
REJECTED,GBPUSD,SELL,2021-03-31 15:00:00+00:00,,PRE_TRADE_PROJECTED_EQUITY_BREACH
REJECTED,EURUSD,SELL,2021-04-01 07:30:00+00:00,,PRE_TRADE_PROJECTED_EQUITY_BREACH
REJECTED,EURUSD,SELL,2021-04-02 10:00:00+00:00,,PRE_TRADE_PROJECTED_EQUITY_BREACH
REJECTED,EURUSD,SELL,2021-04-05 00:30:00+00:00,,PRE_TRADE_PROJECTED_EQUITY_BREACH
REJECTED,EURUSD,SELL,2021-04-05 13:00:00+00:00,,PRE_TRADE_PROJECTED_EQUITY_BREACH
REJECTED,GBPUSD,BUY,2021-04-06 02:30:00+00:00,,PRE_TRADE_PROJECTED_EQUITY_BREACH
REJECTED,EURUSD,BUY,2021-04-06 03:00:00+00:00,,PRE_TRADE_PROJECTED_EQUITY_BREACH
REJECTED,GBPUSD,BUY,2021-04-06 08:00:00+00:00,,PRE_TRADE_PROJECTED_EQUITY_BREACH
REJECTED,GBPUSD,BUY,2021-04-06 10:00:00+00:00,,PRE_TRADE_PROJECTED_EQUITY_BREACH
REJECTED,EURUSD,BUY,2021-04-07 19:30:00+00:00,,PRE_TRADE_PROJECTED_EQUITY_BREACH
REJECTED,GBPUSD,SELL,2021-04-08 03:30:00+00:00,,PRE_TRADE_PROJECTED_EQUITY_BREACH
REJECTED,GBPUSD,SELL,2021-04-08 05:00:00+00:00,,PRE_TRADE_PROJECTED_EQUITY_BREACH
REJECTED,EURUSD,BUY,2021-04-08 10:30:00+00:00,,PRE_TRADE_PROJECTED_EQUITY_BREACH
REJECTED,GBPUSD,SELL,2021-04-09 01:30:00+00:00,,PRE_TRADE_PROJECTED_EQUITY_BREACH
REJECTED,EURUSD,BUY,2021-04-09 06:00:00+00:00,,PRE_TRADE_PROJECTED_EQUITY_BREACH
REJECTED,EURUSD,BUY,2021-04-09 21:30:00+00:00,,PRE_TRADE_PROJECTED_EQUITY_BREACH
REJECTED,EURUSD,BUY,2021-04-12 08:00:00+00:00,,PRE_TRADE_PROJECTED_EQUITY_BREACH
REJECTED,GBPUSD,SELL,2021-04-12 08:30:00+00:00,,PRE_TRADE_PROJECTED_EQUITY_BREACH
REJECTED,GBPUSD,SELL,2021-04-13 00:00:00+00:00,,PRE_TRADE_PROJECTED_EQUITY_BREACH
REJECTED,EURUSD,BUY,2021-04-13 01:00:00+00:00,,PRE_TRADE_PROJECTED_EQUITY_BREACH
REJECTED,EURUSD,BUY,2021-04-13 04:00:00+00:00,,PRE_TRADE_PROJECTED_EQUITY_BREACH
REJECTED,GBPUSD,SELL,2021-04-14 00:30:00+00:00,,PRE_TRADE_PROJECTED_EQUITY_BREACH
REJECTED,EURUSD,BUY,2021-04-15 05:30:00+00:00,,PRE_TRADE_PROJECTED_EQUITY_BREACH
REJECTED,EURUSD,BUY,2021-04-15 11:30:00+00:00,,PRE_TRADE_PROJECTED_EQUITY_BREACH
REJECTED,GBPUSD,BUY,2021-04-15 22:00:00+00:00,,PRE_TRADE_PROJECTED_EQUITY_BREACH
REJECTED,EURUSD,BUY,2021-04-16 01:30:00+00:00,,PRE_TRADE_PROJECTED_EQUITY_BREACH
REJECTED,EURUSD,BUY,2021-04-18 23:00:00+00:00,,PRE_TRADE_PROJECTED_EQUITY_BREACH
REJECTED,EURUSD,BUY,2021-04-19 01:30:00+00:00,,PRE_TRADE_PROJECTED_EQUITY_BREACH
REJECTED,GBPUSD,BUY,2021-04-20 02:00:00+00:00,,PRE_TRADE_PROJECTED_EQUITY_BREACH
REJECTED,EURUSD,BUY,2021-04-20 11:30:00+00:00,,PRE_TRADE_PROJECTED_EQUITY_BREACH
REJECTED,EURUSD,BUY,2021-04-20 13:30:00+00:00,,PRE_TRADE_PROJECTED_EQUITY_BREACH
REJECTED,EURUSD,BUY,2021-04-21 05:00:00+00:00,,PRE_TRADE_PROJECTED_EQUITY_BREACH
REJECTED,GBPUSD,BUY,2021-04-21 05:00:00+00:00,,PRE_TRADE_PROJECTED_EQUITY_BREACH
REJECTED,EURUSD,BUY,2021-04-21 09:30:00+00:00,,PRE_TRADE_PROJECTED_EQUITY_BREACH
REJECTED,GBPUSD,BUY,2021-04-21 13:30:00+00:00,,PRE_TRADE_PROJECTED_EQUITY_BREACH
REJECTED,GBPUSD,BUY,2021-04-22 05:30:00+00:00,,PRE_TRADE_PROJECTED_EQUITY_BREACH
REJECTED,EURUSD,BUY,2021-04-22 06:00:00+00:00,,PRE_TRADE_PROJECTED_EQUITY_BREACH
REJECTED,GBPUSD,BUY,2021-04-22 09:00:00+00:00,,PRE_TRADE_PROJECTED_EQUITY_BREACH
REJECTED,GBPUSD,BUY,2021-04-22 14:00:00+00:00,,PRE_TRADE_PROJECTED_EQUITY_BREACH
REJECTED,GBPUSD,SELL,2021-04-23 02:00:00+00:00,,PRE_TRADE_PROJECTED_EQUITY_BREACH
REJECTED,EURUSD,BUY,2021-04-23 15:30:00+00:00,,PRE_TRADE_PROJECTED_EQUITY_BREACH
REJECTED,EURUSD,BUY,2021-04-26 12:30:00+00:00,,PRE_TRADE_PROJECTED_EQUITY_BREACH
REJECTED,EURUSD,BUY,2021-04-26 14:30:00+00:00,,PRE_TRADE_PROJECTED_EQUITY_BREACH
REJECTED,EURUSD,BUY,2021-04-26 21:30:00+00:00,,PRE_TRADE_PROJECTED_EQUITY_BREACH
REJECTED,EURUSD,BUY,2021-04-27 00:30:00+00:00,,PRE_TRADE_PROJECTED_EQUITY_BREACH
REJECTED,EURUSD,BUY,2021-04-27 02:00:00+00:00,,PRE_TRADE_PROJECTED_EQUITY_BREACH
REJECTED,EURUSD,BUY,2021-04-27 03:00:00+00:00,,PRE_TRADE_PROJECTED_EQUITY_BREACH
REJECTED,GBPUSD,BUY,2021-04-27 08:00:00+00:00,,PRE_TRADE_PROJECTED_EQUITY_BREACH
REJECTED,EURUSD,BUY,2021-04-27 09:30:00+00:00,,PRE_TRADE_PROJECTED_EQUITY_BREACH
REJECTED,GBPUSD,BUY,2021-04-27 14:00:00+00:00,,PRE_TRADE_PROJECTED_EQUITY_BREACH
REJECTED,EURUSD,BUY,2021-04-28 01:30:00+00:00,,PRE_TRADE_PROJECTED_EQUITY_BREACH
REJECTED,GBPUSD,BUY,2021-04-28 01:30:00+00:00,,PRE_TRADE_PROJECTED_EQUITY_BREACH
REJECTED,EURUSD,BUY,2021-04-28 05:30:00+00:00,,PRE_TRADE_PROJECTED_EQUITY_BREACH
REJECTED,EURUSD,BUY,2021-04-29 04:30:00+00:00,,PRE_TRADE_PROJECTED_EQUITY_BREACH
REJECTED,GBPUSD,BUY,2021-04-29 04:30:00+00:00,,PRE_TRADE_PROJECTED_EQUITY_BREACH
REJECTED,EURUSD,BUY,2021-04-29 08:30:00+00:00,,PRE_TRADE_PROJECTED_EQUITY_BREACH
REJECTED,GBPUSD,BUY,2021-04-29 09:30:00+00:00,,PRE_TRADE_PROJECTED_EQUITY_BREACH
REJECTED,EURUSD,BUY,2021-04-29 14:30:00+00:00,,PRE_TRADE_PROJECTED_EQUITY_BREACH
REJECTED,GBPUSD,BUY,2021-04-30 04:00:00+00:00,,PRE_TRADE_PROJECTED_EQUITY_BREACH
REJECTED,GBPUSD,BUY,2021-04-30 07:30:00+00:00,,PRE_TRADE_PROJECTED_EQUITY_BREACH
REJECTED,EURUSD,BUY,2021-04-30 08:00:00+00:00,,PRE_TRADE_PROJECTED_EQUITY_BREACH
REJECTED,EURUSD,BUY,2021-04-30 11:30:00+00:00,,PRE_TRADE_PROJECTED_EQUITY_BREACH
REJECTED,EURUSD,SELL,2021-05-03 01:30:00+00:00,,PRE_TRADE_PROJECTED_EQUITY_BREACH
REJECTED,GBPUSD,SELL,2021-05-03 01:30:00+00:00,,PRE_TRADE_PROJECTED_EQUITY_BREACH
REJECTED,EURUSD,SELL,2021-05-03 07:30:00+00:00,,PRE_TRADE_PROJECTED_EQUITY_BREACH
REJECTED,GBPUSD,SELL,2021-05-03 08:00:00+00:00,,PRE_TRADE_PROJECTED_EQUITY_BREACH
REJECTED,EURUSD,SELL,2021-05-03 10:00:00+00:00,,PRE_TRADE_PROJECTED_EQUITY_BREACH
REJECTED,EURUSD,SELL,2021-05-03 11:30:00+00:00,,PRE_TRADE_PROJECTED_EQUITY_BREACH
REJECTED,GBPUSD,SELL,2021-05-03 11:30:00+00:00,,PRE_TRADE_PROJECTED_EQUITY_BREACH
REJECTED,GBPUSD,SELL,2021-05-03 13:00:00+00:00,,PRE_TRADE_PROJECTED_EQUITY_BREACH
REJECTED,GBPUSD,SELL,2021-05-04 15:30:00+00:00,,PRE_TRADE_PROJECTED_EQUITY_BREACH
REJECTED,GBPUSD,BUY,2021-05-05 06:00:00+00:00,,PRE_TRADE_PROJECTED_EQUITY_BREACH
REJECTED,EURUSD,SELL,2021-05-05 11:00:00+00:00,,PRE_TRADE_PROJECTED_EQUITY_BREACH
REJECTED,EURUSD,SELL,2021-05-05 20:30:00+00:00,,PRE_TRADE_PROJECTED_EQUITY_BREACH
REJECTED,EURUSD,SELL,2021-05-05 22:30:00+00:00,,PRE_TRADE_PROJECTED_EQUITY_BREACH
REJECTED,EURUSD,SELL,2021-05-06 07:30:00+00:00,,PRE_TRADE_PROJECTED_EQUITY_BREACH
REJECTED,GBPUSD,SELL,2021-05-06 20:00:00+00:00,,PRE_TRADE_PROJECTED_EQUITY_BREACH
REJECTED,EURUSD,BUY,2021-05-07 06:30:00+00:00,,PRE_TRADE_PROJECTED_EQUITY_BREACH
REJECTED,EURUSD,BUY,2021-05-10 19:30:00+00:00,,PRE_TRADE_PROJECTED_EQUITY_BREACH
REJECTED,GBPUSD,BUY,2021-05-10 21:00:00+00:00,,PRE_TRADE_PROJECTED_EQUITY_BREACH
REJECTED,EURUSD,BUY,2021-05-11 07:30:00+00:00,,PRE_TRADE_PROJECTED_EQUITY_BREACH
REJECTED,EURUSD,BUY,2021-05-11 14:00:00+00:00,,PRE_TRADE_PROJECTED_EQUITY_BREACH
REJECTED,EURUSD,BUY,2021-05-11 19:00:00+00:00,,PRE_TRADE_PROJECTED_EQUITY_BREACH
REJECTED,EURUSD,BUY,2021-05-12 01:30:00+00:00,,PRE_TRADE_PROJECTED_EQUITY_BREACH
REJECTED,GBPUSD,BUY,2021-05-12 01:30:00+00:00,,PRE_TRADE_PROJECTED_EQUITY_BREACH
REJECTED,EURUSD,BUY,2021-05-12 12:00:00+00:00,,PRE_TRADE_PROJECTED_EQUITY_BREACH
REJECTED,GBPUSD,BUY,2021-05-12 16:30:00+00:00,,PRE_TRADE_PROJECTED_EQUITY_BREACH
REJECTED,EURUSD,SELL,2021-05-13 08:00:00+00:00,,PRE_TRADE_PROJECTED_EQUITY_BREACH
REJECTED,EURUSD,SELL,2021-05-13 14:00:00+00:00,,PRE_TRADE_PROJECTED_EQUITY_BREACH
REJECTED,EURUSD,BUY,2021-05-17 21:30:00+00:00,,PRE_TRADE_PROJECTED_EQUITY_BREACH
REJECTED,GBPUSD,BUY,2021-05-18 21:30:00+00:00,,PRE_TRADE_PROJECTED_EQUITY_BREACH
REJECTED,GBPUSD,BUY,2021-05-19 03:30:00+00:00,,PRE_TRADE_PROJECTED_EQUITY_BREACH
REJECTED,EURUSD,BUY,2021-05-19 09:00:00+00:00,,PRE_TRADE_PROJECTED_EQUITY_BREACH
REJECTED,GBPUSD,BUY,2021-05-19 12:00:00+00:00,,PRE_TRADE_PROJECTED_EQUITY_BREACH
REJECTED,EURUSD,BUY,2021-05-19 18:30:00+00:00,,PRE_TRADE_PROJECTED_EQUITY_BREACH
REJECTED,GBPUSD,BUY,2021-05-19 19:00:00+00:00,,PRE_TRADE_PROJECTED_EQUITY_BREACH
REJECTED,EURUSD,BUY,2021-05-21 12:30:00+00:00,,PRE_TRADE_PROJECTED_EQUITY_BREACH
REJECTED,GBPUSD,BUY,2021-05-25 11:30:00+00:00,,PRE_TRADE_PROJECTED_EQUITY_BREACH
REJECTED,GBPUSD,BUY,2021-05-25 13:30:00+00:00,,PRE_TRADE_PROJECTED_EQUITY_BREACH
REJECTED,GBPUSD,BUY,2021-05-26 07:30:00+00:00,,PRE_TRADE_PROJECTED_EQUITY_BREACH
REJECTED,EURUSD,BUY,2021-05-26 13:30:00+00:00,,PRE_TRADE_PROJECTED_EQUITY_BREACH
REJECTED,GBPUSD,BUY,2021-05-26 14:00:00+00:00,,PRE_TRADE_PROJECTED_EQUITY_BREACH
REJECTED,EURUSD,BUY,2021-05-26 18:00:00+00:00,,PRE_TRADE_PROJECTED_EQUITY_BREACH
REJECTED,EURUSD,SELL,2021-05-26 23:00:00+00:00,,PRE_TRADE_PROJECTED_EQUITY_BREACH
REJECTED,GBPUSD,BUY,2021-05-28 01:30:00+00:00,,PRE_TRADE_PROJECTED_EQUITY_BREACH
REJECTED,EURUSD,SELL,2021-05-28 09:00:00+00:00,,PRE_TRADE_PROJECTED_EQUITY_BREACH
REJECTED,GBPUSD,BUY,2021-05-28 12:00:00+00:00,,PRE_TRADE_PROJECTED_EQUITY_BREACH
REJECTED,EURUSD,SELL,2021-05-28 16:00:00+00:00,,PRE_TRADE_PROJECTED_EQUITY_BREACH
REJECTED,GBPUSD,BUY,2021-05-31 01:00:00+00:00,,PRE_TRADE_PROJECTED_EQUITY_BREACH
REJECTED,GBPUSD,BUY,2021-06-01 06:00:00+00:00,,PRE_TRADE_PROJECTED_EQUITY_BREACH
REJECTED,GBPUSD,BUY,2021-06-01 09:00:00+00:00,,PRE_TRADE_PROJECTED_EQUITY_BREACH
REJECTED,GBPUSD,BUY,2021-06-01 13:30:00+00:00,,PRE_TRADE_PROJECTED_EQUITY_BREACH
REJECTED,EURUSD,BUY,2021-06-01 18:00:00+00:00,,PRE_TRADE_PROJECTED_EQUITY_BREACH
REJECTED,GBPUSD,BUY,2021-06-01 18:00:00+00:00,,PRE_TRADE_PROJECTED_EQUITY_BREACH
REJECTED,EURUSD,BUY,2021-06-01 20:00:00+00:00,,PRE_TRADE_PROJECTED_EQUITY_BREACH
REJECTED,GBPUSD,SELL,2021-06-02 00:30:00+00:00,,PRE_TRADE_PROJECTED_EQUITY_BREACH
REJECTED,EURUSD,BUY,2021-06-02 06:30:00+00:00,,PRE_TRADE_PROJECTED_EQUITY_BREACH
REJECTED,EURUSD,BUY,2021-06-02 08:00:00+00:00,,PRE_TRADE_PROJECTED_EQUITY_BREACH
REJECTED,GBPUSD,BUY,2021-06-03 06:00:00+00:00,,PRE_TRADE_PROJECTED_EQUITY_BREACH
REJECTED,GBPUSD,SELL,2021-06-03 20:30:00+00:00,,PRE_TRADE_PROJECTED_EQUITY_BREACH
REJECTED,GBPUSD,SELL,2021-06-04 09:30:00+00:00,,PRE_TRADE_PROJECTED_EQUITY_BREACH
REJECTED,EURUSD,SELL,2021-06-04 13:30:00+00:00,,PRE_TRADE_PROJECTED_EQUITY_BREACH
REJECTED,GBPUSD,BUY,2021-06-07 21:00:00+00:00,,PRE_TRADE_PROJECTED_EQUITY_BREACH
REJECTED,EURUSD,BUY,2021-06-07 21:30:00+00:00,,PRE_TRADE_PROJECTED_EQUITY_BREACH
REJECTED,GBPUSD,BUY,2021-06-08 00:30:00+00:00,,PRE_TRADE_PROJECTED_EQUITY_BREACH
REJECTED,EURUSD,BUY,2021-06-08 01:30:00+00:00,,PRE_TRADE_PROJECTED_EQUITY_BREACH
REJECTED,GBPUSD,BUY,2021-06-08 01:30:00+00:00,,PRE_TRADE_PROJECTED_EQUITY_BREACH
REJECTED,EURUSD,BUY,2021-06-08 04:00:00+00:00,,PRE_TRADE_PROJECTED_EQUITY_BREACH
REJECTED,GBPUSD,BUY,2021-06-08 04:00:00+00:00,,PRE_TRADE_PROJECTED_EQUITY_BREACH
REJECTED,GBPUSD,SELL,2021-06-10 02:30:00+00:00,,PRE_TRADE_PROJECTED_EQUITY_BREACH
REJECTED,EURUSD,SELL,2021-06-11 02:00:00+00:00,,PRE_TRADE_PROJECTED_EQUITY_BREACH
REJECTED,EURUSD,BUY,2021-06-11 08:00:00+00:00,,PRE_TRADE_PROJECTED_EQUITY_BREACH
REJECTED,GBPUSD,BUY,2021-06-11 08:00:00+00:00,,PRE_TRADE_PROJECTED_EQUITY_BREACH
REJECTED,EURUSD,SELL,2021-06-11 20:30:00+00:00,,PRE_TRADE_PROJECTED_EQUITY_BREACH
REJECTED,GBPUSD,SELL,2021-06-14 00:30:00+00:00,,PRE_TRADE_PROJECTED_EQUITY_BREACH
REJECTED,GBPUSD,SELL,2021-06-14 11:30:00+00:00,,PRE_TRADE_PROJECTED_EQUITY_BREACH
REJECTED,GBPUSD,SELL,2021-06-15 01:00:00+00:00,,PRE_TRADE_PROJECTED_EQUITY_BREACH
REJECTED,GBPUSD,SELL,2021-06-15 06:30:00+00:00,,PRE_TRADE_PROJECTED_EQUITY_BREACH
REJECTED,EURUSD,SELL,2021-06-15 07:00:00+00:00,,PRE_TRADE_PROJECTED_EQUITY_BREACH
REJECTED,EURUSD,SELL,2021-06-15 08:30:00+00:00,,PRE_TRADE_PROJECTED_EQUITY_BREACH
REJECTED,GBPUSD,SELL,2021-06-16 05:30:00+00:00,,PRE_TRADE_PROJECTED_EQUITY_BREACH
REJECTED,GBPUSD,SELL,2021-06-16 08:30:00+00:00,,PRE_TRADE_PROJECTED_EQUITY_BREACH
REJECTED,GBPUSD,SELL,2021-06-16 13:00:00+00:00,,PRE_TRADE_PROJECTED_EQUITY_BREACH
REJECTED,EURUSD,SELL,2021-06-18 00:30:00+00:00,,PRE_TRADE_PROJECTED_EQUITY_BREACH
REJECTED,GBPUSD,SELL,2021-06-18 00:30:00+00:00,,PRE_TRADE_PROJECTED_EQUITY_BREACH
REJECTED,EURUSD,SELL,2021-06-18 04:00:00+00:00,,PRE_TRADE_PROJECTED_EQUITY_BREACH
REJECTED,EURUSD,SELL,2021-06-21 00:00:00+00:00,,PRE_TRADE_PROJECTED_EQUITY_BREACH
REJECTED,GBPUSD,SELL,2021-06-21 07:00:00+00:00,,PRE_TRADE_PROJECTED_EQUITY_BREACH
REJECTED,GBPUSD,SELL,2021-06-21 10:00:00+00:00,,PRE_TRADE_PROJECTED_EQUITY_BREACH
REJECTED,EURUSD,SELL,2021-06-21 15:00:00+00:00,,PRE_TRADE_PROJECTED_EQUITY_BREACH
REJECTED,GBPUSD,SELL,2021-06-21 15:00:00+00:00,,PRE_TRADE_PROJECTED_EQUITY_BREACH
REJECTED,GBPUSD,SELL,2021-06-21 19:00:00+00:00,,PRE_TRADE_PROJECTED_EQUITY_BREACH
REJECTED,GBPUSD,SELL,2021-06-22 12:30:00+00:00,,PRE_TRADE_PROJECTED_EQUITY_BREACH
REJECTED,EURUSD,SELL,2021-06-22 17:00:00+00:00,,PRE_TRADE_PROJECTED_EQUITY_BREACH
REJECTED,GBPUSD,SELL,2021-06-22 17:00:00+00:00,,PRE_TRADE_PROJECTED_EQUITY_BREACH
REJECTED,GBPUSD,SELL,2021-06-22 20:00:00+00:00,,PRE_TRADE_PROJECTED_EQUITY_BREACH
REJECTED,GBPUSD,SELL,2021-06-23 07:30:00+00:00,,PRE_TRADE_PROJECTED_EQUITY_BREACH
REJECTED,EURUSD,SELL,2021-06-23 14:30:00+00:00,,PRE_TRADE_PROJECTED_EQUITY_BREACH
REJECTED,EURUSD,SELL,2021-06-23 23:00:00+00:00,,PRE_TRADE_PROJECTED_EQUITY_BREACH
REJECTED,EURUSD,SELL,2021-06-24 07:00:00+00:00,,PRE_TRADE_PROJECTED_EQUITY_BREACH
REJECTED,GBPUSD,SELL,2021-06-24 19:00:00+00:00,,PRE_TRADE_PROJECTED_EQUITY_BREACH
REJECTED,EURUSD,SELL,2021-06-25 02:00:00+00:00,,PRE_TRADE_PROJECTED_EQUITY_BREACH
REJECTED,EURUSD,SELL,2021-06-25 14:00:00+00:00,,PRE_TRADE_PROJECTED_EQUITY_BREACH
REJECTED,GBPUSD,SELL,2021-06-25 14:30:00+00:00,,PRE_TRADE_PROJECTED_EQUITY_BREACH
REJECTED,GBPUSD,SELL,2021-06-28 00:30:00+00:00,,PRE_TRADE_PROJECTED_EQUITY_BREACH
REJECTED,GBPUSD,SELL,2021-06-28 06:00:00+00:00,,PRE_TRADE_PROJECTED_EQUITY_BREACH
REJECTED,GBPUSD,SELL,2021-06-28 07:30:00+00:00,,PRE_TRADE_PROJECTED_EQUITY_BREACH
REJECTED,EURUSD,SELL,2021-06-28 08:30:00+00:00,,PRE_TRADE_PROJECTED_EQUITY_BREACH
REJECTED,EURUSD,SELL,2021-06-28 16:30:00+00:00,,PRE_TRADE_PROJECTED_EQUITY_BREACH
REJECTED,EURUSD,SELL,2021-06-29 15:30:00+00:00,,PRE_TRADE_PROJECTED_EQUITY_BREACH
REJECTED,GBPUSD,SELL,2021-06-30 11:30:00+00:00,,PRE_TRADE_PROJECTED_EQUITY_BREACH
REJECTED,GBPUSD,SELL,2021-06-30 21:00:00+00:00,,PRE_TRADE_PROJECTED_EQUITY_BREACH
REJECTED,EURUSD,SELL,2021-07-01 11:30:00+00:00,,PRE_TRADE_PROJECTED_EQUITY_BREACH
REJECTED,GBPUSD,SELL,2021-07-01 12:30:00+00:00,,PRE_TRADE_PROJECTED_EQUITY_BREACH
REJECTED,GBPUSD,SELL,2021-07-02 03:30:00+00:00,,PRE_TRADE_PROJECTED_EQUITY_BREACH
REJECTED,EURUSD,SELL,2021-07-02 06:00:00+00:00,,PRE_TRADE_PROJECTED_EQUITY_BREACH
REJECTED,EURUSD,SELL,2021-07-02 13:30:00+00:00,,PRE_TRADE_PROJECTED_EQUITY_BREACH
REJECTED,GBPUSD,SELL,2021-07-02 17:30:00+00:00,,PRE_TRADE_PROJECTED_EQUITY_BREACH
REJECTED,EURUSD,SELL,2021-07-02 18:30:00+00:00,,PRE_TRADE_PROJECTED_EQUITY_BREACH
REJECTED,GBPUSD,SELL,2021-07-05 23:30:00+00:00,,PRE_TRADE_PROJECTED_EQUITY_BREACH
REJECTED,EURUSD,SELL,2021-07-06 03:00:00+00:00,,PRE_TRADE_PROJECTED_EQUITY_BREACH
REJECTED,EURUSD,SELL,2021-07-06 06:30:00+00:00,,PRE_TRADE_PROJECTED_EQUITY_BREACH
REJECTED,GBPUSD,BUY,2021-07-06 09:00:00+00:00,,PRE_TRADE_PROJECTED_EQUITY_BREACH
REJECTED,GBPUSD,SELL,2021-07-07 13:00:00+00:00,,PRE_TRADE_PROJECTED_EQUITY_BREACH
REJECTED,EURUSD,SELL,2021-07-08 05:30:00+00:00,,PRE_TRADE_PROJECTED_EQUITY_BREACH
REJECTED,GBPUSD,SELL,2021-07-08 06:30:00+00:00,,PRE_TRADE_PROJECTED_EQUITY_BREACH
REJECTED,EURUSD,SELL,2021-07-08 15:00:00+00:00,,PRE_TRADE_PROJECTED_EQUITY_BREACH
REJECTED,GBPUSD,SELL,2021-07-09 11:30:00+00:00,,PRE_TRADE_PROJECTED_EQUITY_BREACH
REJECTED,EURUSD,BUY,2021-07-09 16:00:00+00:00,,PRE_TRADE_PROJECTED_EQUITY_BREACH
REJECTED,GBPUSD,BUY,2021-07-12 04:30:00+00:00,,PRE_TRADE_PROJECTED_EQUITY_BREACH
REJECTED,EURUSD,BUY,2021-07-12 06:00:00+00:00,,PRE_TRADE_PROJECTED_EQUITY_BREACH
REJECTED,EURUSD,BUY,2021-07-12 07:00:00+00:00,,PRE_TRADE_PROJECTED_EQUITY_BREACH
REJECTED,GBPUSD,BUY,2021-07-12 09:30:00+00:00,,PRE_TRADE_PROJECTED_EQUITY_BREACH
REJECTED,GBPUSD,BUY,2021-07-12 19:30:00+00:00,,PRE_TRADE_PROJECTED_EQUITY_BREACH
REJECTED,GBPUSD,BUY,2021-07-13 06:30:00+00:00,,PRE_TRADE_PROJECTED_EQUITY_BREACH
REJECTED,GBPUSD,BUY,2021-07-13 09:00:00+00:00,,PRE_TRADE_PROJECTED_EQUITY_BREACH
REJECTED,GBPUSD,SELL,2021-07-14 03:30:00+00:00,,PRE_TRADE_PROJECTED_EQUITY_BREACH
REJECTED,EURUSD,SELL,2021-07-14 06:30:00+00:00,,PRE_TRADE_PROJECTED_EQUITY_BREACH
REJECTED,GBPUSD,SELL,2021-07-14 07:00:00+00:00,,PRE_TRADE_PROJECTED_EQUITY_BREACH
REJECTED,EURUSD,SELL,2021-07-14 13:00:00+00:00,,PRE_TRADE_PROJECTED_EQUITY_BREACH
REJECTED,GBPUSD,BUY,2021-07-14 16:30:00+00:00,,PRE_TRADE_PROJECTED_EQUITY_BREACH
REJECTED,EURUSD,SELL,2021-07-14 17:00:00+00:00,,PRE_TRADE_PROJECTED_EQUITY_BREACH
REJECTED,GBPUSD,BUY,2021-07-15 01:00:00+00:00,,PRE_TRADE_PROJECTED_EQUITY_BREACH
REJECTED,GBPUSD,SELL,2021-07-15 11:00:00+00:00,,PRE_TRADE_PROJECTED_EQUITY_BREACH
REJECTED,EURUSD,SELL,2021-07-15 20:30:00+00:00,,PRE_TRADE_PROJECTED_EQUITY_BREACH
REJECTED,EURUSD,SELL,2021-07-16 18:00:00+00:00,,PRE_TRADE_PROJECTED_EQUITY_BREACH
REJECTED,EURUSD,SELL,2021-07-19 14:00:00+00:00,,PRE_TRADE_PROJECTED_EQUITY_BREACH
REJECTED,GBPUSD,SELL,2021-07-20 03:00:00+00:00,,PRE_TRADE_PROJECTED_EQUITY_BREACH
REJECTED,EURUSD,SELL,2021-07-20 19:00:00+00:00,,PRE_TRADE_PROJECTED_EQUITY_BREACH
REJECTED,GBPUSD,SELL,2021-07-21 00:30:00+00:00,,PRE_TRADE_PROJECTED_EQUITY_BREACH
REJECTED,GBPUSD,SELL,2021-07-21 14:30:00+00:00,,PRE_TRADE_PROJECTED_EQUITY_BREACH
REJECTED,EURUSD,SELL,2021-07-21 16:00:00+00:00,,PRE_TRADE_PROJECTED_EQUITY_BREACH
REJECTED,GBPUSD,SELL,2021-07-21 16:30:00+00:00,,PRE_TRADE_PROJECTED_EQUITY_BREACH
REJECTED,GBPUSD,SELL,2021-07-21 18:00:00+00:00,,PRE_TRADE_PROJECTED_EQUITY_BREACH
REJECTED,GBPUSD,SELL,2021-07-22 07:30:00+00:00,,PRE_TRADE_PROJECTED_EQUITY_BREACH
REJECTED,GBPUSD,BUY,2021-07-22 17:00:00+00:00,,PRE_TRADE_PROJECTED_EQUITY_BREACH
REJECTED,GBPUSD,BUY,2021-07-23 03:00:00+00:00,,PRE_TRADE_PROJECTED_EQUITY_BREACH
REJECTED,GBPUSD,BUY,2021-07-23 08:00:00+00:00,,PRE_TRADE_PROJECTED_EQUITY_BREACH
REJECTED,EURUSD,SELL,2021-07-23 13:30:00+00:00,,PRE_TRADE_PROJECTED_EQUITY_BREACH
REJECTED,EURUSD,SELL,2021-07-26 06:30:00+00:00,,PRE_TRADE_PROJECTED_EQUITY_BREACH
REJECTED,GBPUSD,BUY,2021-07-26 19:00:00+00:00,,PRE_TRADE_PROJECTED_EQUITY_BREACH
REJECTED,EURUSD,BUY,2021-07-26 19:30:00+00:00,,PRE_TRADE_PROJECTED_EQUITY_BREACH
REJECTED,EURUSD,BUY,2021-07-27 07:00:00+00:00,,PRE_TRADE_PROJECTED_EQUITY_BREACH
REJECTED,GBPUSD,BUY,2021-07-27 07:00:00+00:00,,PRE_TRADE_PROJECTED_EQUITY_BREACH
REJECTED,GBPUSD,BUY,2021-07-27 08:00:00+00:00,,PRE_TRADE_PROJECTED_EQUITY_BREACH
REJECTED,EURUSD,BUY,2021-07-27 20:00:00+00:00,,PRE_TRADE_PROJECTED_EQUITY_BREACH
REJECTED,GBPUSD,BUY,2021-07-28 05:30:00+00:00,,PRE_TRADE_PROJECTED_EQUITY_BREACH
REJECTED,EURUSD,BUY,2021-07-28 06:00:00+00:00,,PRE_TRADE_PROJECTED_EQUITY_BREACH
REJECTED,EURUSD,BUY,2021-07-28 07:30:00+00:00,,PRE_TRADE_PROJECTED_EQUITY_BREACH
REJECTED,GBPUSD,BUY,2021-07-28 14:30:00+00:00,,PRE_TRADE_PROJECTED_EQUITY_BREACH
REJECTED,GBPUSD,BUY,2021-07-29 21:30:00+00:00,,PRE_TRADE_PROJECTED_EQUITY_BREACH
REJECTED,EURUSD,BUY,2021-07-30 01:30:00+00:00,,PRE_TRADE_PROJECTED_EQUITY_BREACH
REJECTED,GBPUSD,BUY,2021-07-30 01:30:00+00:00,,PRE_TRADE_PROJECTED_EQUITY_BREACH
REJECTED,GBPUSD,BUY,2021-07-30 12:30:00+00:00,,PRE_TRADE_PROJECTED_EQUITY_BREACH
REJECTED,EURUSD,BUY,2021-07-30 15:30:00+00:00,,PRE_TRADE_PROJECTED_EQUITY_BREACH
REJECTED,GBPUSD,BUY,2021-07-30 19:00:00+00:00,,PRE_TRADE_PROJECTED_EQUITY_BREACH
REJECTED,GBPUSD,BUY,2021-08-02 11:30:00+00:00,,PRE_TRADE_PROJECTED_EQUITY_BREACH
REJECTED,GBPUSD,BUY,2021-08-02 13:30:00+00:00,,PRE_TRADE_PROJECTED_EQUITY_BREACH
REJECTED,GBPUSD,BUY,2021-08-03 14:30:00+00:00,,PRE_TRADE_PROJECTED_EQUITY_BREACH
REJECTED,EURUSD,BUY,2021-08-03 15:30:00+00:00,,PRE_TRADE_PROJECTED_EQUITY_BREACH
REJECTED,EURUSD,SELL,2021-08-05 08:00:00+00:00,,PRE_TRADE_PROJECTED_EQUITY_BREACH
REJECTED,GBPUSD,BUY,2021-08-05 13:30:00+00:00,,PRE_TRADE_PROJECTED_EQUITY_BREACH
REJECTED,GBPUSD,BUY,2021-08-06 01:00:00+00:00,,PRE_TRADE_PROJECTED_EQUITY_BREACH
REJECTED,GBPUSD,SELL,2021-08-10 09:00:00+00:00,,PRE_TRADE_PROJECTED_EQUITY_BREACH
REJECTED,EURUSD,SELL,2021-08-11 13:30:00+00:00,,PRE_TRADE_PROJECTED_EQUITY_BREACH
REJECTED,GBPUSD,SELL,2021-08-11 13:30:00+00:00,,PRE_TRADE_PROJECTED_EQUITY_BREACH
REJECTED,EURUSD,SELL,2021-08-11 17:30:00+00:00,,PRE_TRADE_PROJECTED_EQUITY_BREACH
REJECTED,EURUSD,SELL,2021-08-12 05:00:00+00:00,,PRE_TRADE_PROJECTED_EQUITY_BREACH
REJECTED,EURUSD,SELL,2021-08-12 17:00:00+00:00,,PRE_TRADE_PROJECTED_EQUITY_BREACH
REJECTED,GBPUSD,SELL,2021-08-12 23:00:00+00:00,,PRE_TRADE_PROJECTED_EQUITY_BREACH
REJECTED,GBPUSD,SELL,2021-08-13 00:00:00+00:00,,PRE_TRADE_PROJECTED_EQUITY_BREACH
REJECTED,EURUSD,SELL,2021-08-13 03:00:00+00:00,,PRE_TRADE_PROJECTED_EQUITY_BREACH
REJECTED,EURUSD,SELL,2021-08-13 09:30:00+00:00,,PRE_TRADE_PROJECTED_EQUITY_BREACH
REJECTED,EURUSD,SELL,2021-08-13 12:00:00+00:00,,PRE_TRADE_PROJECTED_EQUITY_BREACH
REJECTED,GBPUSD,SELL,2021-08-13 13:00:00+00:00,,PRE_TRADE_PROJECTED_EQUITY_BREACH
REJECTED,GBPUSD,BUY,2021-08-13 21:30:00+00:00,,PRE_TRADE_PROJECTED_EQUITY_BREACH
REJECTED,EURUSD,BUY,2021-08-16 04:00:00+00:00,,PRE_TRADE_PROJECTED_EQUITY_BREACH
REJECTED,EURUSD,BUY,2021-08-16 12:00:00+00:00,,PRE_TRADE_PROJECTED_EQUITY_BREACH
REJECTED,EURUSD,BUY,2021-08-17 01:30:00+00:00,,PRE_TRADE_PROJECTED_EQUITY_BREACH
REJECTED,GBPUSD,SELL,2021-08-18 02:00:00+00:00,,PRE_TRADE_PROJECTED_EQUITY_BREACH
REJECTED,EURUSD,SELL,2021-08-18 02:30:00+00:00,,PRE_TRADE_PROJECTED_EQUITY_BREACH
REJECTED,EURUSD,SELL,2021-08-19 09:00:00+00:00,,PRE_TRADE_PROJECTED_EQUITY_BREACH
REJECTED,EURUSD,SELL,2021-08-20 02:00:00+00:00,,PRE_TRADE_PROJECTED_EQUITY_BREACH
REJECTED,EURUSD,SELL,2021-08-20 16:30:00+00:00,,PRE_TRADE_PROJECTED_EQUITY_BREACH
REJECTED,EURUSD,SELL,2021-08-20 21:00:00+00:00,,PRE_TRADE_PROJECTED_EQUITY_BREACH
REJECTED,GBPUSD,SELL,2021-08-23 01:00:00+00:00,,PRE_TRADE_PROJECTED_EQUITY_BREACH
REJECTED,EURUSD,SELL,2021-08-23 02:00:00+00:00,,PRE_TRADE_PROJECTED_EQUITY_BREACH
REJECTED,GBPUSD,SELL,2021-08-23 10:30:00+00:00,,PRE_TRADE_PROJECTED_EQUITY_BREACH
REJECTED,GBPUSD,SELL,2021-08-23 13:30:00+00:00,,PRE_TRADE_PROJECTED_EQUITY_BREACH
REJECTED,GBPUSD,SELL,2021-08-23 15:30:00+00:00,,PRE_TRADE_PROJECTED_EQUITY_BREACH
REJECTED,GBPUSD,SELL,2021-08-23 18:00:00+00:00,,PRE_TRADE_PROJECTED_EQUITY_BREACH
REJECTED,EURUSD,BUY,2021-08-24 01:00:00+00:00,,PRE_TRADE_PROJECTED_EQUITY_BREACH
REJECTED,GBPUSD,SELL,2021-08-24 06:00:00+00:00,,PRE_TRADE_PROJECTED_EQUITY_BREACH
REJECTED,EURUSD,BUY,2021-08-24 09:00:00+00:00,,PRE_TRADE_PROJECTED_EQUITY_BREACH
REJECTED,GBPUSD,SELL,2021-08-24 19:30:00+00:00,,PRE_TRADE_PROJECTED_EQUITY_BREACH
REJECTED,EURUSD,BUY,2021-08-25 01:30:00+00:00,,PRE_TRADE_PROJECTED_EQUITY_BREACH
REJECTED,EURUSD,BUY,2021-08-25 12:00:00+00:00,,PRE_TRADE_PROJECTED_EQUITY_BREACH
REJECTED,GBPUSD,SELL,2021-08-25 15:30:00+00:00,,PRE_TRADE_PROJECTED_EQUITY_BREACH
REJECTED,EURUSD,BUY,2021-08-26 02:00:00+00:00,,PRE_TRADE_PROJECTED_EQUITY_BREACH
REJECTED,GBPUSD,BUY,2021-08-26 02:00:00+00:00,,PRE_TRADE_PROJECTED_EQUITY_BREACH
REJECTED,GBPUSD,BUY,2021-08-26 07:00:00+00:00,,PRE_TRADE_PROJECTED_EQUITY_BREACH
REJECTED,EURUSD,BUY,2021-08-26 07:30:00+00:00,,PRE_TRADE_PROJECTED_EQUITY_BREACH
REJECTED,EURUSD,BUY,2021-08-26 13:30:00+00:00,,PRE_TRADE_PROJECTED_EQUITY_BREACH
REJECTED,GBPUSD,SELL,2021-08-26 23:30:00+00:00,,PRE_TRADE_PROJECTED_EQUITY_BREACH
REJECTED,EURUSD,BUY,2021-08-27 01:00:00+00:00,,PRE_TRADE_PROJECTED_EQUITY_BREACH
REJECTED,GBPUSD,SELL,2021-08-27 08:00:00+00:00,,PRE_TRADE_PROJECTED_EQUITY_BREACH
REJECTED,GBPUSD,SELL,2021-08-27 13:00:00+00:00,,PRE_TRADE_PROJECTED_EQUITY_BREACH
REJECTED,EURUSD,BUY,2021-08-27 14:00:00+00:00,,PRE_TRADE_PROJECTED_EQUITY_BREACH
REJECTED,GBPUSD,BUY,2021-08-27 21:30:00+00:00,,PRE_TRADE_PROJECTED_EQUITY_BREACH
REJECTED,GBPUSD,BUY,2021-08-31 09:00:00+00:00,,PRE_TRADE_PROJECTED_EQUITY_BREACH
REJECTED,GBPUSD,BUY,2021-09-01 01:00:00+00:00,,PRE_TRADE_PROJECTED_EQUITY_BREACH
REJECTED,EURUSD,BUY,2021-09-01 06:00:00+00:00,,PRE_TRADE_PROJECTED_EQUITY_BREACH
REJECTED,GBPUSD,SELL,2021-09-01 07:00:00+00:00,,PRE_TRADE_PROJECTED_EQUITY_BREACH
REJECTED,GBPUSD,BUY,2021-09-01 20:00:00+00:00,,PRE_TRADE_PROJECTED_EQUITY_BREACH
REJECTED,EURUSD,BUY,2021-09-02 05:00:00+00:00,,PRE_TRADE_PROJECTED_EQUITY_BREACH
REJECTED,GBPUSD,BUY,2021-09-03 04:00:00+00:00,,PRE_TRADE_PROJECTED_EQUITY_BREACH
REJECTED,GBPUSD,BUY,2021-09-03 08:30:00+00:00,,PRE_TRADE_PROJECTED_EQUITY_BREACH
REJECTED,EURUSD,BUY,2021-09-03 20:30:00+00:00,,PRE_TRADE_PROJECTED_EQUITY_BREACH
REJECTED,GBPUSD,BUY,2021-09-03 21:00:00+00:00,,PRE_TRADE_PROJECTED_EQUITY_BREACH
REJECTED,EURUSD,BUY,2021-09-06 04:00:00+00:00,,PRE_TRADE_PROJECTED_EQUITY_BREACH
REJECTED,GBPUSD,BUY,2021-09-06 05:00:00+00:00,,PRE_TRADE_PROJECTED_EQUITY_BREACH
REJECTED,GBPUSD,BUY,2021-09-06 15:00:00+00:00,,PRE_TRADE_PROJECTED_EQUITY_BREACH
REJECTED,EURUSD,BUY,2021-09-07 05:30:00+00:00,,PRE_TRADE_PROJECTED_EQUITY_BREACH
REJECTED,GBPUSD,BUY,2021-09-07 05:30:00+00:00,,PRE_TRADE_PROJECTED_EQUITY_BREACH
REJECTED,EURUSD,BUY,2021-09-07 14:00:00+00:00,,PRE_TRADE_PROJECTED_EQUITY_BREACH
REJECTED,EURUSD,BUY,2021-09-08 07:00:00+00:00,,PRE_TRADE_PROJECTED_EQUITY_BREACH
REJECTED,GBPUSD,SELL,2021-09-09 09:00:00+00:00,,PRE_TRADE_PROJECTED_EQUITY_BREACH
REJECTED,GBPUSD,BUY,2021-09-10 16:00:00+00:00,,PRE_TRADE_PROJECTED_EQUITY_BREACH
REJECTED,GBPUSD,BUY,2021-09-13 06:00:00+00:00,,PRE_TRADE_PROJECTED_EQUITY_BREACH
REJECTED,EURUSD,SELL,2021-09-13 14:00:00+00:00,,PRE_TRADE_PROJECTED_EQUITY_BREACH
REJECTED,EURUSD,SELL,2021-09-14 08:00:00+00:00,,PRE_TRADE_PROJECTED_EQUITY_BREACH
REJECTED,GBPUSD,BUY,2021-09-14 19:00:00+00:00,,PRE_TRADE_PROJECTED_EQUITY_BREACH
REJECTED,EURUSD,SELL,2021-09-15 02:00:00+00:00,,PRE_TRADE_PROJECTED_EQUITY_BREACH
REJECTED,EURUSD,SELL,2021-09-15 08:30:00+00:00,,PRE_TRADE_PROJECTED_EQUITY_BREACH
REJECTED,GBPUSD,SELL,2021-09-16 21:00:00+00:00,,PRE_TRADE_PROJECTED_EQUITY_BREACH
REJECTED,EURUSD,SELL,2021-09-17 05:00:00+00:00,,PRE_TRADE_PROJECTED_EQUITY_BREACH
REJECTED,GBPUSD,SELL,2021-09-17 05:00:00+00:00,,PRE_TRADE_PROJECTED_EQUITY_BREACH
REJECTED,EURUSD,SELL,2021-09-17 08:00:00+00:00,,PRE_TRADE_PROJECTED_EQUITY_BREACH
REJECTED,EURUSD,SELL,2021-09-20 15:30:00+00:00,,PRE_TRADE_PROJECTED_EQUITY_BREACH
REJECTED,EURUSD,SELL,2021-09-21 02:30:00+00:00,,PRE_TRADE_PROJECTED_EQUITY_BREACH
REJECTED,GBPUSD,SELL,2021-09-21 10:30:00+00:00,,PRE_TRADE_PROJECTED_EQUITY_BREACH
REJECTED,GBPUSD,SELL,2021-09-21 20:00:00+00:00,,PRE_TRADE_PROJECTED_EQUITY_BREACH
REJECTED,GBPUSD,SELL,2021-09-22 16:00:00+00:00,,PRE_TRADE_PROJECTED_EQUITY_BREACH
REJECTED,GBPUSD,SELL,2021-09-23 02:30:00+00:00,,PRE_TRADE_PROJECTED_EQUITY_BREACH
REJECTED,EURUSD,SELL,2021-09-23 04:00:00+00:00,,PRE_TRADE_PROJECTED_EQUITY_BREACH
REJECTED,EURUSD,SELL,2021-09-23 07:00:00+00:00,,PRE_TRADE_PROJECTED_EQUITY_BREACH
REJECTED,EURUSD,SELL,2021-09-23 08:00:00+00:00,,PRE_TRADE_PROJECTED_EQUITY_BREACH
REJECTED,GBPUSD,SELL,2021-09-23 09:00:00+00:00,,PRE_TRADE_PROJECTED_EQUITY_BREACH
REJECTED,GBPUSD,SELL,2021-09-23 12:30:00+00:00,,PRE_TRADE_PROJECTED_EQUITY_BREACH
REJECTED,EURUSD,SELL,2021-09-23 15:00:00+00:00,,PRE_TRADE_PROJECTED_EQUITY_BREACH
REJECTED,GBPUSD,BUY,2021-09-23 19:30:00+00:00,,PRE_TRADE_PROJECTED_EQUITY_BREACH
REJECTED,EURUSD,SELL,2021-09-28 05:30:00+00:00,,PRE_TRADE_PROJECTED_EQUITY_BREACH
REJECTED,GBPUSD,SELL,2021-09-29 05:30:00+00:00,,PRE_TRADE_PROJECTED_EQUITY_BREACH
REJECTED,EURUSD,SELL,2021-09-30 00:30:00+00:00,,PRE_TRADE_PROJECTED_EQUITY_BREACH
REJECTED,GBPUSD,SELL,2021-09-30 01:30:00+00:00,,PRE_TRADE_PROJECTED_EQUITY_BREACH
REJECTED,GBPUSD,SELL,2021-09-30 03:00:00+00:00,,PRE_TRADE_PROJECTED_EQUITY_BREACH
REJECTED,EURUSD,SELL,2021-09-30 03:30:00+00:00,,PRE_TRADE_PROJECTED_EQUITY_BREACH
REJECTED,GBPUSD,SELL,2021-09-30 16:00:00+00:00,,PRE_TRADE_PROJECTED_EQUITY_BREACH
REJECTED,EURUSD,SELL,2021-10-01 08:00:00+00:00,,PRE_TRADE_PROJECTED_EQUITY_BREACH
REJECTED,GBPUSD,SELL,2021-10-01 09:00:00+00:00,,PRE_TRADE_PROJECTED_EQUITY_BREACH
REJECTED,EURUSD,SELL,2021-10-01 13:00:00+00:00,,PRE_TRADE_PROJECTED_EQUITY_BREACH
REJECTED,GBPUSD,SELL,2021-10-01 14:00:00+00:00,,PRE_TRADE_PROJECTED_EQUITY_BREACH
REJECTED,EURUSD,SELL,2021-10-04 07:30:00+00:00,,PRE_TRADE_PROJECTED_EQUITY_BREACH
REJECTED,EURUSD,SELL,2021-10-04 10:00:00+00:00,,PRE_TRADE_PROJECTED_EQUITY_BREACH
REJECTED,EURUSD,SELL,2021-10-04 12:00:00+00:00,,PRE_TRADE_PROJECTED_EQUITY_BREACH
REJECTED,GBPUSD,BUY,2021-10-05 01:30:00+00:00,,PRE_TRADE_PROJECTED_EQUITY_BREACH
REJECTED,GBPUSD,BUY,2021-10-05 21:00:00+00:00,,PRE_TRADE_PROJECTED_EQUITY_BREACH
REJECTED,GBPUSD,BUY,2021-10-06 02:00:00+00:00,,PRE_TRADE_PROJECTED_EQUITY_BREACH
REJECTED,GBPUSD,BUY,2021-10-06 08:00:00+00:00,,PRE_TRADE_PROJECTED_EQUITY_BREACH
REJECTED,GBPUSD,SELL,2021-10-06 13:00:00+00:00,,PRE_TRADE_PROJECTED_EQUITY_BREACH
REJECTED,EURUSD,SELL,2021-10-06 20:30:00+00:00,,PRE_TRADE_PROJECTED_EQUITY_BREACH
REJECTED,EURUSD,SELL,2021-10-07 12:00:00+00:00,,PRE_TRADE_PROJECTED_EQUITY_BREACH
REJECTED,EURUSD,SELL,2021-10-08 09:30:00+00:00,,PRE_TRADE_PROJECTED_EQUITY_BREACH
REJECTED,GBPUSD,BUY,2021-10-08 21:30:00+00:00,,PRE_TRADE_PROJECTED_EQUITY_BREACH
REJECTED,EURUSD,SELL,2021-10-11 07:00:00+00:00,,PRE_TRADE_PROJECTED_EQUITY_BREACH
REJECTED,GBPUSD,BUY,2021-10-11 17:30:00+00:00,,PRE_TRADE_PROJECTED_EQUITY_BREACH
REJECTED,EURUSD,SELL,2021-10-12 03:30:00+00:00,,PRE_TRADE_PROJECTED_EQUITY_BREACH
REJECTED,EURUSD,SELL,2021-10-12 07:30:00+00:00,,PRE_TRADE_PROJECTED_EQUITY_BREACH
REJECTED,EURUSD,SELL,2021-10-13 02:00:00+00:00,,PRE_TRADE_PROJECTED_EQUITY_BREACH
REJECTED,EURUSD,SELL,2021-10-13 11:00:00+00:00,,PRE_TRADE_PROJECTED_EQUITY_BREACH
REJECTED,EURUSD,SELL,2021-10-13 18:00:00+00:00,,PRE_TRADE_PROJECTED_EQUITY_BREACH
REJECTED,GBPUSD,BUY,2021-10-14 02:30:00+00:00,,PRE_TRADE_PROJECTED_EQUITY_BREACH
REJECTED,EURUSD,BUY,2021-10-14 06:00:00+00:00,,PRE_TRADE_PROJECTED_EQUITY_BREACH
REJECTED,EURUSD,BUY,2021-10-14 16:00:00+00:00,,PRE_TRADE_PROJECTED_EQUITY_BREACH
REJECTED,GBPUSD,BUY,2021-10-14 16:00:00+00:00,,PRE_TRADE_PROJECTED_EQUITY_BREACH
REJECTED,EURUSD,BUY,2021-10-15 00:30:00+00:00,,PRE_TRADE_PROJECTED_EQUITY_BREACH
REJECTED,EURUSD,BUY,2021-10-15 13:00:00+00:00,,PRE_TRADE_PROJECTED_EQUITY_BREACH
REJECTED,GBPUSD,BUY,2021-10-15 19:30:00+00:00,,PRE_TRADE_PROJECTED_EQUITY_BREACH
REJECTED,EURUSD,BUY,2021-10-18 01:00:00+00:00,,PRE_TRADE_PROJECTED_EQUITY_BREACH
REJECTED,GBPUSD,BUY,2021-10-18 02:00:00+00:00,,PRE_TRADE_PROJECTED_EQUITY_BREACH
REJECTED,GBPUSD,BUY,2021-10-18 07:00:00+00:00,,PRE_TRADE_PROJECTED_EQUITY_BREACH
REJECTED,GBPUSD,BUY,2021-10-18 16:00:00+00:00,,PRE_TRADE_PROJECTED_EQUITY_BREACH
REJECTED,EURUSD,BUY,2021-10-19 13:00:00+00:00,,PRE_TRADE_PROJECTED_EQUITY_BREACH
REJECTED,GBPUSD,BUY,2021-10-19 14:00:00+00:00,,PRE_TRADE_PROJECTED_EQUITY_BREACH
REJECTED,EURUSD,BUY,2021-10-20 08:00:00+00:00,,PRE_TRADE_PROJECTED_EQUITY_BREACH
REJECTED,GBPUSD,BUY,2021-10-20 08:30:00+00:00,,PRE_TRADE_PROJECTED_EQUITY_BREACH
REJECTED,GBPUSD,BUY,2021-10-20 21:30:00+00:00,,PRE_TRADE_PROJECTED_EQUITY_BREACH
REJECTED,EURUSD,BUY,2021-10-21 05:30:00+00:00,,PRE_TRADE_PROJECTED_EQUITY_BREACH
REJECTED,GBPUSD,BUY,2021-10-21 06:00:00+00:00,,PRE_TRADE_PROJECTED_EQUITY_BREACH
REJECTED,EURUSD,BUY,2021-10-21 09:00:00+00:00,,PRE_TRADE_PROJECTED_EQUITY_BREACH
REJECTED,GBPUSD,BUY,2021-10-21 18:30:00+00:00,,PRE_TRADE_PROJECTED_EQUITY_BREACH
REJECTED,GBPUSD,BUY,2021-10-22 08:30:00+00:00,,PRE_TRADE_PROJECTED_EQUITY_BREACH
REJECTED,GBPUSD,BUY,2021-10-22 16:30:00+00:00,,PRE_TRADE_PROJECTED_EQUITY_BREACH
REJECTED,EURUSD,BUY,2021-10-25 07:30:00+00:00,,PRE_TRADE_PROJECTED_EQUITY_BREACH
REJECTED,EURUSD,BUY,2021-10-25 10:00:00+00:00,,PRE_TRADE_PROJECTED_EQUITY_BREACH
REJECTED,GBPUSD,BUY,2021-10-25 10:00:00+00:00,,PRE_TRADE_PROJECTED_EQUITY_BREACH
REJECTED,EURUSD,SELL,2021-10-26 10:30:00+00:00,,PRE_TRADE_PROJECTED_EQUITY_BREACH
REJECTED,GBPUSD,BUY,2021-10-26 16:30:00+00:00,,PRE_TRADE_PROJECTED_EQUITY_BREACH
REJECTED,EURUSD,SELL,2021-10-27 01:00:00+00:00,,PRE_TRADE_PROJECTED_EQUITY_BREACH
REJECTED,EURUSD,SELL,2021-10-27 13:00:00+00:00,,PRE_TRADE_PROJECTED_EQUITY_BREACH
REJECTED,EURUSD,SELL,2021-10-28 03:30:00+00:00,,PRE_TRADE_PROJECTED_EQUITY_BREACH
REJECTED,GBPUSD,SELL,2021-10-28 08:00:00+00:00,,PRE_TRADE_PROJECTED_EQUITY_BREACH
REJECTED,EURUSD,BUY,2021-10-29 03:00:00+00:00,,PRE_TRADE_PROJECTED_EQUITY_BREACH
REJECTED,EURUSD,BUY,2021-10-29 05:30:00+00:00,,PRE_TRADE_PROJECTED_EQUITY_BREACH
REJECTED,GBPUSD,BUY,2021-10-29 05:30:00+00:00,,PRE_TRADE_PROJECTED_EQUITY_BREACH
REJECTED,EURUSD,BUY,2021-10-29 13:30:00+00:00,,PRE_TRADE_PROJECTED_EQUITY_BREACH
REJECTED,EURUSD,SELL,2021-11-01 08:30:00+00:00,,PRE_TRADE_PROJECTED_EQUITY_BREACH
REJECTED,EURUSD,SELL,2021-11-01 18:00:00+00:00,,PRE_TRADE_PROJECTED_EQUITY_BREACH
REJECTED,EURUSD,SELL,2021-11-02 05:30:00+00:00,,PRE_TRADE_PROJECTED_EQUITY_BREACH
REJECTED,GBPUSD,SELL,2021-11-03 11:30:00+00:00,,PRE_TRADE_PROJECTED_EQUITY_BREACH
REJECTED,EURUSD,BUY,2021-11-04 01:30:00+00:00,,PRE_TRADE_PROJECTED_EQUITY_BREACH
REJECTED,EURUSD,BUY,2021-11-04 03:00:00+00:00,,PRE_TRADE_PROJECTED_EQUITY_BREACH
REJECTED,EURUSD,SELL,2021-11-04 12:30:00+00:00,,PRE_TRADE_PROJECTED_EQUITY_BREACH
REJECTED,EURUSD,SELL,2021-11-05 04:30:00+00:00,,PRE_TRADE_PROJECTED_EQUITY_BREACH
REJECTED,GBPUSD,SELL,2021-11-05 07:00:00+00:00,,PRE_TRADE_PROJECTED_EQUITY_BREACH
REJECTED,EURUSD,SELL,2021-11-05 16:00:00+00:00,,PRE_TRADE_PROJECTED_EQUITY_BREACH
REJECTED,GBPUSD,SELL,2021-11-05 16:30:00+00:00,,PRE_TRADE_PROJECTED_EQUITY_BREACH
REJECTED,GBPUSD,SELL,2021-11-08 11:30:00+00:00,,PRE_TRADE_PROJECTED_EQUITY_BREACH
REJECTED,EURUSD,SELL,2021-11-08 13:00:00+00:00,,PRE_TRADE_PROJECTED_EQUITY_BREACH
REJECTED,GBPUSD,SELL,2021-11-08 15:00:00+00:00,,PRE_TRADE_PROJECTED_EQUITY_BREACH
REJECTED,GBPUSD,SELL,2021-11-08 21:00:00+00:00,,PRE_TRADE_PROJECTED_EQUITY_BREACH
REJECTED,GBPUSD,SELL,2021-11-09 05:00:00+00:00,,PRE_TRADE_PROJECTED_EQUITY_BREACH
REJECTED,EURUSD,BUY,2021-11-09 08:00:00+00:00,,PRE_TRADE_PROJECTED_EQUITY_BREACH
REJECTED,GBPUSD,SELL,2021-11-09 09:30:00+00:00,,PRE_TRADE_PROJECTED_EQUITY_BREACH
REJECTED,EURUSD,BUY,2021-11-10 02:30:00+00:00,,PRE_TRADE_PROJECTED_EQUITY_BREACH
REJECTED,EURUSD,SELL,2021-11-10 23:30:00+00:00,,PRE_TRADE_PROJECTED_EQUITY_BREACH
REJECTED,GBPUSD,SELL,2021-11-11 00:00:00+00:00,,PRE_TRADE_PROJECTED_EQUITY_BREACH
REJECTED,GBPUSD,SELL,2021-11-11 06:00:00+00:00,,PRE_TRADE_PROJECTED_EQUITY_BREACH
REJECTED,GBPUSD,SELL,2021-11-12 06:30:00+00:00,,PRE_TRADE_PROJECTED_EQUITY_BREACH
REJECTED,EURUSD,SELL,2021-11-12 07:30:00+00:00,,PRE_TRADE_PROJECTED_EQUITY_BREACH
REJECTED,EURUSD,SELL,2021-11-15 01:30:00+00:00,,PRE_TRADE_PROJECTED_EQUITY_BREACH
REJECTED,GBPUSD,SELL,2021-11-15 01:30:00+00:00,,PRE_TRADE_PROJECTED_EQUITY_BREACH
REJECTED,GBPUSD,SELL,2021-11-16 01:30:00+00:00,,PRE_TRADE_PROJECTED_EQUITY_BREACH
REJECTED,EURUSD,SELL,2021-11-16 02:00:00+00:00,,PRE_TRADE_PROJECTED_EQUITY_BREACH
REJECTED,GBPUSD,SELL,2021-11-16 07:00:00+00:00,,PRE_TRADE_PROJECTED_EQUITY_BREACH
REJECTED,EURUSD,SELL,2021-11-17 07:00:00+00:00,,PRE_TRADE_PROJECTED_EQUITY_BREACH
REJECTED,GBPUSD,SELL,2021-11-17 07:00:00+00:00,,PRE_TRADE_PROJECTED_EQUITY_BREACH
REJECTED,GBPUSD,SELL,2021-11-17 11:30:00+00:00,,PRE_TRADE_PROJECTED_EQUITY_BREACH
REJECTED,EURUSD,SELL,2021-11-18 01:00:00+00:00,,PRE_TRADE_PROJECTED_EQUITY_BREACH
REJECTED,EURUSD,SELL,2021-11-18 07:30:00+00:00,,PRE_TRADE_PROJECTED_EQUITY_BREACH
REJECTED,GBPUSD,BUY,2021-11-18 13:00:00+00:00,,PRE_TRADE_PROJECTED_EQUITY_BREACH
REJECTED,EURUSD,SELL,2021-11-18 15:00:00+00:00,,PRE_TRADE_PROJECTED_EQUITY_BREACH
REJECTED,EURUSD,SELL,2021-11-18 17:00:00+00:00,,PRE_TRADE_PROJECTED_EQUITY_BREACH
REJECTED,GBPUSD,BUY,2021-11-19 01:00:00+00:00,,PRE_TRADE_PROJECTED_EQUITY_BREACH
REJECTED,EURUSD,SELL,2021-11-23 00:00:00+00:00,,PRE_TRADE_PROJECTED_EQUITY_BREACH
REJECTED,GBPUSD,SELL,2021-11-23 00:00:00+00:00,,PRE_TRADE_PROJECTED_EQUITY_BREACH
REJECTED,EURUSD,SELL,2021-11-23 07:00:00+00:00,,PRE_TRADE_PROJECTED_EQUITY_BREACH
REJECTED,EURUSD,SELL,2021-11-23 08:30:00+00:00,,PRE_TRADE_PROJECTED_EQUITY_BREACH
REJECTED,GBPUSD,SELL,2021-11-24 06:30:00+00:00,,PRE_TRADE_PROJECTED_EQUITY_BREACH
REJECTED,EURUSD,SELL,2021-11-24 20:30:00+00:00,,PRE_TRADE_PROJECTED_EQUITY_BREACH
REJECTED,EURUSD,SELL,2021-11-25 00:00:00+00:00,,PRE_TRADE_PROJECTED_EQUITY_BREACH
REJECTED,GBPUSD,SELL,2021-11-25 00:00:00+00:00,,PRE_TRADE_PROJECTED_EQUITY_BREACH
REJECTED,EURUSD,SELL,2021-11-25 08:00:00+00:00,,PRE_TRADE_PROJECTED_EQUITY_BREACH
REJECTED,GBPUSD,SELL,2021-11-25 16:00:00+00:00,,PRE_TRADE_PROJECTED_EQUITY_BREACH
REJECTED,EURUSD,SELL,2021-11-26 01:00:00+00:00,,PRE_TRADE_PROJECTED_EQUITY_BREACH
REJECTED,EURUSD,SELL,2021-11-26 08:00:00+00:00,,PRE_TRADE_PROJECTED_EQUITY_BREACH
REJECTED,GBPUSD,SELL,2021-11-26 09:00:00+00:00,,PRE_TRADE_PROJECTED_EQUITY_BREACH
REJECTED,GBPUSD,SELL,2021-11-29 09:00:00+00:00,,PRE_TRADE_PROJECTED_EQUITY_BREACH
REJECTED,EURUSD,SELL,2021-11-29 10:00:00+00:00,,PRE_TRADE_PROJECTED_EQUITY_BREACH
REJECTED,GBPUSD,SELL,2021-11-30 08:30:00+00:00,,PRE_TRADE_PROJECTED_EQUITY_BREACH
REJECTED,GBPUSD,SELL,2021-11-30 19:30:00+00:00,,PRE_TRADE_PROJECTED_EQUITY_BREACH
REJECTED,GBPUSD,SELL,2021-12-01 03:30:00+00:00,,PRE_TRADE_PROJECTED_EQUITY_BREACH
REJECTED,GBPUSD,SELL,2021-12-01 06:30:00+00:00,,PRE_TRADE_PROJECTED_EQUITY_BREACH
REJECTED,GBPUSD,SELL,2021-12-02 02:00:00+00:00,,PRE_TRADE_PROJECTED_EQUITY_BREACH
REJECTED,EURUSD,BUY,2021-12-02 05:00:00+00:00,,PRE_TRADE_PROJECTED_EQUITY_BREACH
REJECTED,EURUSD,BUY,2021-12-02 16:00:00+00:00,,PRE_TRADE_PROJECTED_EQUITY_BREACH
REJECTED,GBPUSD,SELL,2021-12-03 05:30:00+00:00,,PRE_TRADE_PROJECTED_EQUITY_BREACH
REJECTED,GBPUSD,SELL,2021-12-03 18:30:00+00:00,,PRE_TRADE_PROJECTED_EQUITY_BREACH
REJECTED,GBPUSD,SELL,2021-12-06 08:00:00+00:00,,PRE_TRADE_PROJECTED_EQUITY_BREACH
REJECTED,EURUSD,SELL,2021-12-06 10:00:00+00:00,,PRE_TRADE_PROJECTED_EQUITY_BREACH
REJECTED,GBPUSD,SELL,2021-12-06 11:30:00+00:00,,PRE_TRADE_PROJECTED_EQUITY_BREACH
REJECTED,GBPUSD,SELL,2021-12-07 02:00:00+00:00,,PRE_TRADE_PROJECTED_EQUITY_BREACH
REJECTED,EURUSD,SELL,2021-12-07 02:30:00+00:00,,PRE_TRADE_PROJECTED_EQUITY_BREACH
REJECTED,GBPUSD,SELL,2021-12-07 04:00:00+00:00,,PRE_TRADE_PROJECTED_EQUITY_BREACH
REJECTED,EURUSD,SELL,2021-12-07 19:30:00+00:00,,PRE_TRADE_PROJECTED_EQUITY_BREACH
REJECTED,GBPUSD,SELL,2021-12-07 20:30:00+00:00,,PRE_TRADE_PROJECTED_EQUITY_BREACH
REJECTED,EURUSD,SELL,2021-12-08 00:00:00+00:00,,PRE_TRADE_PROJECTED_EQUITY_BREACH
REJECTED,EURUSD,SELL,2021-12-08 02:00:00+00:00,,PRE_TRADE_PROJECTED_EQUITY_BREACH
REJECTED,EURUSD,SELL,2021-12-08 10:30:00+00:00,,PRE_TRADE_PROJECTED_EQUITY_BREACH
REJECTED,EURUSD,BUY,2021-12-09 01:00:00+00:00,,PRE_TRADE_PROJECTED_EQUITY_BREACH
REJECTED,EURUSD,BUY,2021-12-09 15:00:00+00:00,,PRE_TRADE_PROJECTED_EQUITY_BREACH
REJECTED,GBPUSD,SELL,2021-12-09 23:00:00+00:00,,PRE_TRADE_PROJECTED_EQUITY_BREACH
REJECTED,GBPUSD,SELL,2021-12-10 13:30:00+00:00,,PRE_TRADE_PROJECTED_EQUITY_BREACH
REJECTED,GBPUSD,SELL,2021-12-13 11:00:00+00:00,,PRE_TRADE_PROJECTED_EQUITY_BREACH
REJECTED,EURUSD,SELL,2021-12-13 14:00:00+00:00,,PRE_TRADE_PROJECTED_EQUITY_BREACH
REJECTED,GBPUSD,SELL,2021-12-14 06:00:00+00:00,,PRE_TRADE_PROJECTED_EQUITY_BREACH
REJECTED,GBPUSD,SELL,2021-12-14 10:00:00+00:00,,PRE_TRADE_PROJECTED_EQUITY_BREACH
REJECTED,EURUSD,BUY,2021-12-14 14:00:00+00:00,,PRE_TRADE_PROJECTED_EQUITY_BREACH
REJECTED,EURUSD,SELL,2021-12-15 00:30:00+00:00,,PRE_TRADE_PROJECTED_EQUITY_BREACH
REJECTED,GBPUSD,SELL,2021-12-15 05:00:00+00:00,,PRE_TRADE_PROJECTED_EQUITY_BREACH
REJECTED,EURUSD,SELL,2021-12-15 06:00:00+00:00,,PRE_TRADE_PROJECTED_EQUITY_BREACH
REJECTED,EURUSD,BUY,2021-12-16 11:00:00+00:00,,PRE_TRADE_PROJECTED_EQUITY_BREACH
REJECTED,EURUSD,BUY,2021-12-17 01:30:00+00:00,,PRE_TRADE_PROJECTED_EQUITY_BREACH
REJECTED,GBPUSD,BUY,2021-12-17 07:30:00+00:00,,PRE_TRADE_PROJECTED_EQUITY_BREACH
REJECTED,GBPUSD,BUY,2021-12-17 10:30:00+00:00,,PRE_TRADE_PROJECTED_EQUITY_BREACH
REJECTED,EURUSD,BUY,2021-12-17 15:00:00+00:00,,PRE_TRADE_PROJECTED_EQUITY_BREACH
REJECTED,EURUSD,SELL,2021-12-20 00:00:00+00:00,,PRE_TRADE_PROJECTED_EQUITY_BREACH
REJECTED,EURUSD,SELL,2021-12-20 05:30:00+00:00,,PRE_TRADE_PROJECTED_EQUITY_BREACH
REJECTED,EURUSD,SELL,2021-12-20 08:30:00+00:00,,PRE_TRADE_PROJECTED_EQUITY_BREACH
REJECTED,GBPUSD,SELL,2021-12-20 12:00:00+00:00,,PRE_TRADE_PROJECTED_EQUITY_BREACH
REJECTED,EURUSD,SELL,2021-12-21 02:00:00+00:00,,PRE_TRADE_PROJECTED_EQUITY_BREACH
REJECTED,EURUSD,SELL,2021-12-21 08:00:00+00:00,,PRE_TRADE_PROJECTED_EQUITY_BREACH
REJECTED,EURUSD,BUY,2021-12-21 11:00:00+00:00,,PRE_TRADE_PROJECTED_EQUITY_BREACH
REJECTED,EURUSD,SELL,2021-12-21 19:30:00+00:00,,PRE_TRADE_PROJECTED_EQUITY_BREACH
REJECTED,GBPUSD,BUY,2021-12-22 04:00:00+00:00,,PRE_TRADE_PROJECTED_EQUITY_BREACH
REJECTED,GBPUSD,BUY,2021-12-22 05:00:00+00:00,,PRE_TRADE_PROJECTED_EQUITY_BREACH
REJECTED,EURUSD,SELL,2021-12-22 09:30:00+00:00,,PRE_TRADE_PROJECTED_EQUITY_BREACH
REJECTED,EURUSD,BUY,2021-12-23 08:00:00+00:00,,PRE_TRADE_PROJECTED_EQUITY_BREACH
REJECTED,GBPUSD,BUY,2021-12-23 23:30:00+00:00,,PRE_TRADE_PROJECTED_EQUITY_BREACH
REJECTED,GBPUSD,BUY,2021-12-24 05:30:00+00:00,,PRE_TRADE_PROJECTED_EQUITY_BREACH
REJECTED,EURUSD,BUY,2021-12-24 12:30:00+00:00,,PRE_TRADE_PROJECTED_EQUITY_BREACH
REJECTED,GBPUSD,BUY,2021-12-24 15:00:00+00:00,,PRE_TRADE_PROJECTED_EQUITY_BREACH
REJECTED,EURUSD,BUY,2021-12-27 06:00:00+00:00,,PRE_TRADE_PROJECTED_EQUITY_BREACH
REJECTED,GBPUSD,BUY,2021-12-27 06:00:00+00:00,,PRE_TRADE_PROJECTED_EQUITY_BREACH
REJECTED,EURUSD,BUY,2021-12-28 01:30:00+00:00,,PRE_TRADE_PROJECTED_EQUITY_BREACH
REJECTED,GBPUSD,BUY,2021-12-28 01:30:00+00:00,,PRE_TRADE_PROJECTED_EQUITY_BREACH
REJECTED,EURUSD,BUY,2021-12-28 07:30:00+00:00,,PRE_TRADE_PROJECTED_EQUITY_BREACH
REJECTED,EURUSD,BUY,2021-12-28 13:30:00+00:00,,PRE_TRADE_PROJECTED_EQUITY_BREACH
REJECTED,GBPUSD,BUY,2021-12-29 06:30:00+00:00,,PRE_TRADE_PROJECTED_EQUITY_BREACH
REJECTED,EURUSD,BUY,2021-12-30 03:00:00+00:00,,PRE_TRADE_PROJECTED_EQUITY_BREACH
REJECTED,GBPUSD,BUY,2021-12-30 03:30:00+00:00,,PRE_TRADE_PROJECTED_EQUITY_BREACH
REJECTED,GBPUSD,BUY,2021-12-30 06:00:00+00:00,,PRE_TRADE_PROJECTED_EQUITY_BREACH
REJECTED,GBPUSD,BUY,2021-12-30 08:00:00+00:00,,PRE_TRADE_PROJECTED_EQUITY_BREACH
REJECTED,GBPUSD,BUY,2021-12-30 18:00:00+00:00,,PRE_TRADE_PROJECTED_EQUITY_BREACH
REJECTED,GBPUSD,BUY,2021-12-31 11:30:00+00:00,,PRE_TRADE_PROJECTED_EQUITY_BREACH
REJECTED,EURUSD,BUY,2022-01-03 00:30:00+00:00,,PRE_TRADE_PROJECTED_EQUITY_BREACH
REJECTED,GBPUSD,BUY,2022-01-03 03:30:00+00:00,,PRE_TRADE_PROJECTED_EQUITY_BREACH
REJECTED,GBPUSD,BUY,2022-01-03 13:00:00+00:00,,PRE_TRADE_PROJECTED_EQUITY_BREACH
REJECTED,GBPUSD,BUY,2022-01-03 22:30:00+00:00,,PRE_TRADE_PROJECTED_EQUITY_BREACH
REJECTED,EURUSD,SELL,2022-01-04 00:00:00+00:00,,PRE_TRADE_PROJECTED_EQUITY_BREACH
REJECTED,GBPUSD,BUY,2022-01-04 03:00:00+00:00,,PRE_TRADE_PROJECTED_EQUITY_BREACH
REJECTED,GBPUSD,BUY,2022-01-04 06:00:00+00:00,,PRE_TRADE_PROJECTED_EQUITY_BREACH
REJECTED,EURUSD,SELL,2022-01-04 15:00:00+00:00,,PRE_TRADE_PROJECTED_EQUITY_BREACH
REJECTED,GBPUSD,BUY,2022-01-04 22:30:00+00:00,,PRE_TRADE_PROJECTED_EQUITY_BREACH
REJECTED,EURUSD,SELL,2022-01-05 03:00:00+00:00,,PRE_TRADE_PROJECTED_EQUITY_BREACH
REJECTED,EURUSD,SELL,2022-01-05 08:00:00+00:00,,PRE_TRADE_PROJECTED_EQUITY_BREACH
REJECTED,EURUSD,BUY,2022-01-05 19:00:00+00:00,,PRE_TRADE_PROJECTED_EQUITY_BREACH
REJECTED,GBPUSD,BUY,2022-01-05 20:30:00+00:00,,PRE_TRADE_PROJECTED_EQUITY_BREACH
REJECTED,GBPUSD,BUY,2022-01-06 01:00:00+00:00,,PRE_TRADE_PROJECTED_EQUITY_BREACH
REJECTED,GBPUSD,BUY,2022-01-06 06:30:00+00:00,,PRE_TRADE_PROJECTED_EQUITY_BREACH
REJECTED,GBPUSD,BUY,2022-01-06 07:30:00+00:00,,PRE_TRADE_PROJECTED_EQUITY_BREACH
REJECTED,GBPUSD,BUY,2022-01-07 06:00:00+00:00,,PRE_TRADE_PROJECTED_EQUITY_BREACH
REJECTED,GBPUSD,BUY,2022-01-07 07:30:00+00:00,,PRE_TRADE_PROJECTED_EQUITY_BREACH
REJECTED,EURUSD,SELL,2022-01-07 14:00:00+00:00,,PRE_TRADE_PROJECTED_EQUITY_BREACH
REJECTED,EURUSD,BUY,2022-01-09 22:00:00+00:00,,PRE_TRADE_PROJECTED_EQUITY_BREACH
REJECTED,EURUSD,BUY,2022-01-10 02:30:00+00:00,,PRE_TRADE_PROJECTED_EQUITY_BREACH
REJECTED,EURUSD,BUY,2022-01-10 04:00:00+00:00,,PRE_TRADE_PROJECTED_EQUITY_BREACH
REJECTED,EURUSD,BUY,2022-01-10 06:00:00+00:00,,PRE_TRADE_PROJECTED_EQUITY_BREACH
REJECTED,GBPUSD,BUY,2022-01-10 12:30:00+00:00,,PRE_TRADE_PROJECTED_EQUITY_BREACH
REJECTED,GBPUSD,BUY,2022-01-11 12:30:00+00:00,,PRE_TRADE_PROJECTED_EQUITY_BREACH
REJECTED,EURUSD,BUY,2022-01-11 14:30:00+00:00,,PRE_TRADE_PROJECTED_EQUITY_BREACH
REJECTED,EURUSD,BUY,2022-01-12 07:00:00+00:00,,PRE_TRADE_PROJECTED_EQUITY_BREACH
REJECTED,GBPUSD,BUY,2022-01-13 17:30:00+00:00,,PRE_TRADE_PROJECTED_EQUITY_BREACH
REJECTED,EURUSD,BUY,2022-01-14 11:00:00+00:00,,PRE_TRADE_PROJECTED_EQUITY_BREACH
REJECTED,GBPUSD,BUY,2022-01-14 11:30:00+00:00,,PRE_TRADE_PROJECTED_EQUITY_BREACH
REJECTED,EURUSD,BUY,2022-01-14 14:00:00+00:00,,PRE_TRADE_PROJECTED_EQUITY_BREACH
REJECTED,GBPUSD,BUY,2022-01-14 14:00:00+00:00,,PRE_TRADE_PROJECTED_EQUITY_BREACH
REJECTED,EURUSD,BUY,2022-01-14 17:00:00+00:00,,PRE_TRADE_PROJECTED_EQUITY_BREACH
REJECTED,GBPUSD,BUY,2022-01-14 17:00:00+00:00,,PRE_TRADE_PROJECTED_EQUITY_BREACH
REJECTED,GBPUSD,BUY,2022-01-17 11:30:00+00:00,,PRE_TRADE_PROJECTED_EQUITY_BREACH
REJECTED,EURUSD,BUY,2022-01-17 12:30:00+00:00,,PRE_TRADE_PROJECTED_EQUITY_BREACH
REJECTED,GBPUSD,BUY,2022-01-17 19:30:00+00:00,,PRE_TRADE_PROJECTED_EQUITY_BREACH
REJECTED,EURUSD,BUY,2022-01-18 03:30:00+00:00,,PRE_TRADE_PROJECTED_EQUITY_BREACH
REJECTED,GBPUSD,SELL,2022-01-18 23:30:00+00:00,,PRE_TRADE_PROJECTED_EQUITY_BREACH
REJECTED,EURUSD,SELL,2022-01-19 06:00:00+00:00,,PRE_TRADE_PROJECTED_EQUITY_BREACH
REJECTED,GBPUSD,SELL,2022-01-19 09:30:00+00:00,,PRE_TRADE_PROJECTED_EQUITY_BREACH
REJECTED,EURUSD,SELL,2022-01-20 00:30:00+00:00,,PRE_TRADE_PROJECTED_EQUITY_BREACH
REJECTED,EURUSD,SELL,2022-01-20 07:00:00+00:00,,PRE_TRADE_PROJECTED_EQUITY_BREACH
REJECTED,EURUSD,SELL,2022-01-21 02:30:00+00:00,,PRE_TRADE_PROJECTED_EQUITY_BREACH
REJECTED,EURUSD,SELL,2022-01-21 07:00:00+00:00,,PRE_TRADE_PROJECTED_EQUITY_BREACH
REJECTED,EURUSD,SELL,2022-01-21 13:30:00+00:00,,PRE_TRADE_PROJECTED_EQUITY_BREACH
REJECTED,EURUSD,SELL,2022-01-24 17:00:00+00:00,,PRE_TRADE_PROJECTED_EQUITY_BREACH
REJECTED,GBPUSD,SELL,2022-01-24 21:00:00+00:00,,PRE_TRADE_PROJECTED_EQUITY_BREACH
REJECTED,GBPUSD,SELL,2022-01-25 16:30:00+00:00,,PRE_TRADE_PROJECTED_EQUITY_BREACH
REJECTED,EURUSD,SELL,2022-01-25 18:00:00+00:00,,PRE_TRADE_PROJECTED_EQUITY_BREACH
REJECTED,GBPUSD,SELL,2022-01-25 19:30:00+00:00,,PRE_TRADE_PROJECTED_EQUITY_BREACH
REJECTED,GBPUSD,SELL,2022-01-26 02:00:00+00:00,,PRE_TRADE_PROJECTED_EQUITY_BREACH
REJECTED,EURUSD,SELL,2022-01-26 14:00:00+00:00,,PRE_TRADE_PROJECTED_EQUITY_BREACH
REJECTED,EURUSD,SELL,2022-01-28 02:30:00+00:00,,PRE_TRADE_PROJECTED_EQUITY_BREACH
REJECTED,GBPUSD,SELL,2022-01-28 02:30:00+00:00,,PRE_TRADE_PROJECTED_EQUITY_BREACH
REJECTED,GBPUSD,SELL,2022-01-28 05:00:00+00:00,,PRE_TRADE_PROJECTED_EQUITY_BREACH
REJECTED,GBPUSD,SELL,2022-01-28 13:30:00+00:00,,PRE_TRADE_PROJECTED_EQUITY_BREACH
REJECTED,EURUSD,SELL,2022-01-30 23:30:00+00:00,,PRE_TRADE_PROJECTED_EQUITY_BREACH
REJECTED,GBPUSD,SELL,2022-01-31 00:00:00+00:00,,PRE_TRADE_PROJECTED_EQUITY_BREACH
REJECTED,EURUSD,SELL,2022-01-31 05:00:00+00:00,,PRE_TRADE_PROJECTED_EQUITY_BREACH
REJECTED,GBPUSD,SELL,2022-01-31 05:00:00+00:00,,PRE_TRADE_PROJECTED_EQUITY_BREACH
REJECTED,EURUSD,SELL,2022-01-31 13:30:00+00:00,,PRE_TRADE_PROJECTED_EQUITY_BREACH
REJECTED,EURUSD,SELL,2022-01-31 15:30:00+00:00,,PRE_TRADE_PROJECTED_EQUITY_BREACH
REJECTED,EURUSD,SELL,2022-01-31 18:00:00+00:00,,PRE_TRADE_PROJECTED_EQUITY_BREACH
REJECTED,GBPUSD,SELL,2022-01-31 19:30:00+00:00,,PRE_TRADE_PROJECTED_EQUITY_BREACH
REJECTED,EURUSD,SELL,2022-02-01 04:00:00+00:00,,PRE_TRADE_PROJECTED_EQUITY_BREACH
REJECTED,GBPUSD,BUY,2022-02-02 03:30:00+00:00,,PRE_TRADE_PROJECTED_EQUITY_BREACH
REJECTED,EURUSD,BUY,2022-02-02 23:30:00+00:00,,PRE_TRADE_PROJECTED_EQUITY_BREACH
REJECTED,GBPUSD,BUY,2022-02-02 23:30:00+00:00,,PRE_TRADE_PROJECTED_EQUITY_BREACH
REJECTED,EURUSD,BUY,2022-02-03 10:00:00+00:00,,PRE_TRADE_PROJECTED_EQUITY_BREACH
REJECTED,GBPUSD,BUY,2022-02-04 05:30:00+00:00,,PRE_TRADE_PROJECTED_EQUITY_BREACH
REJECTED,EURUSD,BUY,2022-02-04 07:00:00+00:00,,PRE_TRADE_PROJECTED_EQUITY_BREACH
REJECTED,GBPUSD,BUY,2022-02-04 08:30:00+00:00,,PRE_TRADE_PROJECTED_EQUITY_BREACH
REJECTED,EURUSD,BUY,2022-02-04 13:30:00+00:00,,PRE_TRADE_PROJECTED_EQUITY_BREACH
REJECTED,EURUSD,BUY,2022-02-04 14:30:00+00:00,,PRE_TRADE_PROJECTED_EQUITY_BREACH
REJECTED,EURUSD,BUY,2022-02-07 02:00:00+00:00,,PRE_TRADE_PROJECTED_EQUITY_BREACH
REJECTED,EURUSD,BUY,2022-02-07 17:00:00+00:00,,PRE_TRADE_PROJECTED_EQUITY_BREACH
REJECTED,EURUSD,BUY,2022-02-08 05:00:00+00:00,,PRE_TRADE_PROJECTED_EQUITY_BREACH
REJECTED,EURUSD,BUY,2022-02-08 07:00:00+00:00,,PRE_TRADE_PROJECTED_EQUITY_BREACH
REJECTED,GBPUSD,BUY,2022-02-08 12:30:00+00:00,,PRE_TRADE_PROJECTED_EQUITY_BREACH
REJECTED,EURUSD,BUY,2022-02-08 13:00:00+00:00,,PRE_TRADE_PROJECTED_EQUITY_BREACH
REJECTED,EURUSD,BUY,2022-02-09 06:30:00+00:00,,PRE_TRADE_PROJECTED_EQUITY_BREACH
REJECTED,EURUSD,BUY,2022-02-10 13:30:00+00:00,,PRE_TRADE_PROJECTED_EQUITY_BREACH
REJECTED,GBPUSD,BUY,2022-02-10 14:00:00+00:00,,PRE_TRADE_PROJECTED_EQUITY_BREACH
REJECTED,GBPUSD,BUY,2022-02-10 19:00:00+00:00,,PRE_TRADE_PROJECTED_EQUITY_BREACH
REJECTED,EURUSD,BUY,2022-02-10 19:30:00+00:00,,PRE_TRADE_PROJECTED_EQUITY_BREACH
REJECTED,GBPUSD,BUY,2022-02-11 00:00:00+00:00,,PRE_TRADE_PROJECTED_EQUITY_BREACH
REJECTED,EURUSD,BUY,2022-02-11 04:00:00+00:00,,PRE_TRADE_PROJECTED_EQUITY_BREACH
REJECTED,GBPUSD,SELL,2022-02-11 08:00:00+00:00,,PRE_TRADE_PROJECTED_EQUITY_BREACH
REJECTED,GBPUSD,BUY,2022-02-11 18:30:00+00:00,,PRE_TRADE_PROJECTED_EQUITY_BREACH
REJECTED,GBPUSD,BUY,2022-02-14 02:00:00+00:00,,PRE_TRADE_PROJECTED_EQUITY_BREACH
REJECTED,EURUSD,SELL,2022-02-15 00:00:00+00:00,,PRE_TRADE_PROJECTED_EQUITY_BREACH
REJECTED,GBPUSD,SELL,2022-02-15 00:00:00+00:00,,PRE_TRADE_PROJECTED_EQUITY_BREACH
REJECTED,EURUSD,SELL,2022-02-16 05:00:00+00:00,,PRE_TRADE_PROJECTED_EQUITY_BREACH
REJECTED,GBPUSD,BUY,2022-02-17 20:30:00+00:00,,PRE_TRADE_PROJECTED_EQUITY_BREACH
REJECTED,GBPUSD,BUY,2022-02-18 15:30:00+00:00,,PRE_TRADE_PROJECTED_EQUITY_BREACH
REJECTED,EURUSD,SELL,2022-02-21 01:30:00+00:00,,PRE_TRADE_PROJECTED_EQUITY_BREACH
REJECTED,GBPUSD,BUY,2022-02-21 13:00:00+00:00,,PRE_TRADE_PROJECTED_EQUITY_BREACH
REJECTED,EURUSD,SELL,2022-02-22 09:00:00+00:00,,PRE_TRADE_PROJECTED_EQUITY_BREACH
REJECTED,EURUSD,SELL,2022-02-24 18:30:00+00:00,,PRE_TRADE_PROJECTED_EQUITY_BREACH
REJECTED,EURUSD,SELL,2022-02-24 20:00:00+00:00,,PRE_TRADE_PROJECTED_EQUITY_BREACH
REJECTED,GBPUSD,SELL,2022-02-25 02:30:00+00:00,,PRE_TRADE_PROJECTED_EQUITY_BREACH
REJECTED,EURUSD,SELL,2022-02-25 12:30:00+00:00,,PRE_TRADE_PROJECTED_EQUITY_BREACH
REJECTED,GBPUSD,SELL,2022-02-25 12:30:00+00:00,,PRE_TRADE_PROJECTED_EQUITY_BREACH
REJECTED,EURUSD,SELL,2022-02-25 16:00:00+00:00,,PRE_TRADE_PROJECTED_EQUITY_BREACH
REJECTED,GBPUSD,SELL,2022-02-25 21:00:00+00:00,,PRE_TRADE_PROJECTED_EQUITY_BREACH
REJECTED,EURUSD,SELL,2022-02-28 06:00:00+00:00,,PRE_TRADE_PROJECTED_EQUITY_BREACH
REJECTED,GBPUSD,SELL,2022-02-28 06:30:00+00:00,,PRE_TRADE_PROJECTED_EQUITY_BREACH
REJECTED,GBPUSD,SELL,2022-02-28 10:00:00+00:00,,PRE_TRADE_PROJECTED_EQUITY_BREACH
REJECTED,EURUSD,SELL,2022-02-28 10:30:00+00:00,,PRE_TRADE_PROJECTED_EQUITY_BREACH
REJECTED,GBPUSD,SELL,2022-03-01 06:30:00+00:00,,PRE_TRADE_PROJECTED_EQUITY_BREACH
REJECTED,EURUSD,SELL,2022-03-01 07:00:00+00:00,,PRE_TRADE_PROJECTED_EQUITY_BREACH
REJECTED,GBPUSD,SELL,2022-03-01 23:30:00+00:00,,PRE_TRADE_PROJECTED_EQUITY_BREACH
REJECTED,EURUSD,SELL,2022-03-02 12:30:00+00:00,,PRE_TRADE_PROJECTED_EQUITY_BREACH
REJECTED,GBPUSD,SELL,2022-03-02 21:30:00+00:00,,PRE_TRADE_PROJECTED_EQUITY_BREACH
REJECTED,GBPUSD,SELL,2022-03-03 05:00:00+00:00,,PRE_TRADE_PROJECTED_EQUITY_BREACH
REJECTED,GBPUSD,SELL,2022-03-04 19:00:00+00:00,,PRE_TRADE_PROJECTED_EQUITY_BREACH
REJECTED,GBPUSD,SELL,2022-03-07 23:30:00+00:00,,PRE_TRADE_PROJECTED_EQUITY_BREACH
REJECTED,EURUSD,SELL,2022-03-08 17:30:00+00:00,,PRE_TRADE_PROJECTED_EQUITY_BREACH
REJECTED,EURUSD,SELL,2022-03-09 09:30:00+00:00,,PRE_TRADE_PROJECTED_EQUITY_BREACH
REJECTED,GBPUSD,SELL,2022-03-09 10:00:00+00:00,,PRE_TRADE_PROJECTED_EQUITY_BREACH
REJECTED,EURUSD,SELL,2022-03-09 13:30:00+00:00,,PRE_TRADE_PROJECTED_EQUITY_BREACH
REJECTED,GBPUSD,SELL,2022-03-09 14:00:00+00:00,,PRE_TRADE_PROJECTED_EQUITY_BREACH
REJECTED,GBPUSD,SELL,2022-03-10 07:30:00+00:00,,PRE_TRADE_PROJECTED_EQUITY_BREACH
REJECTED,EURUSD,SELL,2022-03-10 23:00:00+00:00,,PRE_TRADE_PROJECTED_EQUITY_BREACH
REJECTED,GBPUSD,SELL,2022-03-10 23:30:00+00:00,,PRE_TRADE_PROJECTED_EQUITY_BREACH
REJECTED,EURUSD,SELL,2022-03-11 12:00:00+00:00,,PRE_TRADE_PROJECTED_EQUITY_BREACH
REJECTED,GBPUSD,SELL,2022-03-13 22:00:00+00:00,,PRE_TRADE_PROJECTED_EQUITY_BREACH
REJECTED,GBPUSD,SELL,2022-03-14 07:30:00+00:00,,PRE_TRADE_PROJECTED_EQUITY_BREACH
REJECTED,EURUSD,SELL,2022-03-14 08:00:00+00:00,,PRE_TRADE_PROJECTED_EQUITY_BREACH
REJECTED,EURUSD,SELL,2022-03-14 15:30:00+00:00,,PRE_TRADE_PROJECTED_EQUITY_BREACH
REJECTED,GBPUSD,SELL,2022-03-15 00:00:00+00:00,,PRE_TRADE_PROJECTED_EQUITY_BREACH
REJECTED,EURUSD,SELL,2022-03-15 02:30:00+00:00,,PRE_TRADE_PROJECTED_EQUITY_BREACH
REJECTED,GBPUSD,SELL,2022-03-15 03:00:00+00:00,,PRE_TRADE_PROJECTED_EQUITY_BREACH
REJECTED,EURUSD,SELL,2022-03-15 04:30:00+00:00,,PRE_TRADE_PROJECTED_EQUITY_BREACH
REJECTED,GBPUSD,SELL,2022-03-15 12:00:00+00:00,,PRE_TRADE_PROJECTED_EQUITY_BREACH
REJECTED,EURUSD,SELL,2022-03-16 05:30:00+00:00,,PRE_TRADE_PROJECTED_EQUITY_BREACH
REJECTED,EURUSD,BUY,2022-03-18 03:00:00+00:00,,PRE_TRADE_PROJECTED_EQUITY_BREACH
REJECTED,GBPUSD,BUY,2022-03-18 03:00:00+00:00,,PRE_TRADE_PROJECTED_EQUITY_BREACH
REJECTED,EURUSD,BUY,2022-03-18 09:30:00+00:00,,PRE_TRADE_PROJECTED_EQUITY_BREACH
REJECTED,EURUSD,BUY,2022-03-18 11:30:00+00:00,,PRE_TRADE_PROJECTED_EQUITY_BREACH
REJECTED,GBPUSD,BUY,2022-03-20 21:00:00+00:00,,PRE_TRADE_PROJECTED_EQUITY_BREACH
REJECTED,GBPUSD,BUY,2022-03-20 23:30:00+00:00,,PRE_TRADE_PROJECTED_EQUITY_BREACH
REJECTED,EURUSD,BUY,2022-03-21 05:00:00+00:00,,PRE_TRADE_PROJECTED_EQUITY_BREACH
REJECTED,EURUSD,BUY,2022-03-21 11:00:00+00:00,,PRE_TRADE_PROJECTED_EQUITY_BREACH
REJECTED,EURUSD,BUY,2022-03-21 18:00:00+00:00,,PRE_TRADE_PROJECTED_EQUITY_BREACH
REJECTED,GBPUSD,BUY,2022-03-21 18:30:00+00:00,,PRE_TRADE_PROJECTED_EQUITY_BREACH
REJECTED,EURUSD,SELL,2022-03-21 22:00:00+00:00,,PRE_TRADE_PROJECTED_EQUITY_BREACH
REJECTED,GBPUSD,SELL,2022-03-22 08:00:00+00:00,,PRE_TRADE_PROJECTED_EQUITY_BREACH
REJECTED,EURUSD,SELL,2022-03-22 08:30:00+00:00,,PRE_TRADE_PROJECTED_EQUITY_BREACH
REJECTED,GBPUSD,BUY,2022-03-23 07:00:00+00:00,,PRE_TRADE_PROJECTED_EQUITY_BREACH
REJECTED,GBPUSD,BUY,2022-03-24 14:00:00+00:00,,PRE_TRADE_PROJECTED_EQUITY_BREACH
REJECTED,EURUSD,SELL,2022-03-24 15:30:00+00:00,,PRE_TRADE_PROJECTED_EQUITY_BREACH
REJECTED,EURUSD,SELL,2022-03-24 22:30:00+00:00,,PRE_TRADE_PROJECTED_EQUITY_BREACH
REJECTED,GBPUSD,BUY,2022-03-25 07:00:00+00:00,,PRE_TRADE_PROJECTED_EQUITY_BREACH
REJECTED,EURUSD,BUY,2022-03-25 08:00:00+00:00,,PRE_TRADE_PROJECTED_EQUITY_BREACH
REJECTED,EURUSD,SELL,2022-03-28 09:30:00+00:00,,PRE_TRADE_PROJECTED_EQUITY_BREACH
REJECTED,EURUSD,SELL,2022-03-28 17:00:00+00:00,,PRE_TRADE_PROJECTED_EQUITY_BREACH
REJECTED,GBPUSD,SELL,2022-03-29 00:00:00+00:00,,PRE_TRADE_PROJECTED_EQUITY_BREACH
REJECTED,GBPUSD,SELL,2022-03-29 08:00:00+00:00,,PRE_TRADE_PROJECTED_EQUITY_BREACH
REJECTED,EURUSD,BUY,2022-03-29 19:00:00+00:00,,PRE_TRADE_PROJECTED_EQUITY_BREACH
REJECTED,GBPUSD,SELL,2022-03-30 05:00:00+00:00,,PRE_TRADE_PROJECTED_EQUITY_BREACH
REJECTED,EURUSD,BUY,2022-03-30 18:30:00+00:00,,PRE_TRADE_PROJECTED_EQUITY_BREACH
REJECTED,GBPUSD,SELL,2022-03-31 07:30:00+00:00,,PRE_TRADE_PROJECTED_EQUITY_BREACH
REJECTED,EURUSD,BUY,2022-03-31 09:00:00+00:00,,PRE_TRADE_PROJECTED_EQUITY_BREACH
REJECTED,EURUSD,SELL,2022-04-04 01:00:00+00:00,,PRE_TRADE_PROJECTED_EQUITY_BREACH
REJECTED,GBPUSD,SELL,2022-04-04 02:30:00+00:00,,PRE_TRADE_PROJECTED_EQUITY_BREACH
REJECTED,GBPUSD,SELL,2022-04-04 04:00:00+00:00,,PRE_TRADE_PROJECTED_EQUITY_BREACH
REJECTED,GBPUSD,SELL,2022-04-04 06:30:00+00:00,,PRE_TRADE_PROJECTED_EQUITY_BREACH
REJECTED,EURUSD,SELL,2022-04-06 09:00:00+00:00,,PRE_TRADE_PROJECTED_EQUITY_BREACH
REJECTED,GBPUSD,SELL,2022-04-06 09:00:00+00:00,,PRE_TRADE_PROJECTED_EQUITY_BREACH
REJECTED,EURUSD,SELL,2022-04-07 01:30:00+00:00,,PRE_TRADE_PROJECTED_EQUITY_BREACH
REJECTED,EURUSD,SELL,2022-04-07 07:00:00+00:00,,PRE_TRADE_PROJECTED_EQUITY_BREACH
REJECTED,EURUSD,SELL,2022-04-07 12:30:00+00:00,,PRE_TRADE_PROJECTED_EQUITY_BREACH
REJECTED,EURUSD,SELL,2022-04-07 14:00:00+00:00,,PRE_TRADE_PROJECTED_EQUITY_BREACH
REJECTED,EURUSD,SELL,2022-04-08 19:30:00+00:00,,PRE_TRADE_PROJECTED_EQUITY_BREACH
REJECTED,EURUSD,SELL,2022-04-10 22:00:00+00:00,,PRE_TRADE_PROJECTED_EQUITY_BREACH
REJECTED,GBPUSD,SELL,2022-04-11 10:30:00+00:00,,PRE_TRADE_PROJECTED_EQUITY_BREACH
REJECTED,EURUSD,SELL,2022-04-12 05:00:00+00:00,,PRE_TRADE_PROJECTED_EQUITY_BREACH
REJECTED,GBPUSD,SELL,2022-04-12 12:30:00+00:00,,PRE_TRADE_PROJECTED_EQUITY_BREACH
REJECTED,GBPUSD,SELL,2022-04-13 03:30:00+00:00,,PRE_TRADE_PROJECTED_EQUITY_BREACH
REJECTED,EURUSD,SELL,2022-04-13 04:00:00+00:00,,PRE_TRADE_PROJECTED_EQUITY_BREACH
REJECTED,EURUSD,SELL,2022-04-13 15:30:00+00:00,,PRE_TRADE_PROJECTED_EQUITY_BREACH
REJECTED,GBPUSD,SELL,2022-04-13 15:30:00+00:00,,PRE_TRADE_PROJECTED_EQUITY_BREACH
REJECTED,GBPUSD,BUY,2022-04-14 13:30:00+00:00,,PRE_TRADE_PROJECTED_EQUITY_BREACH
REJECTED,EURUSD,SELL,2022-04-15 09:30:00+00:00,,PRE_TRADE_PROJECTED_EQUITY_BREACH
REJECTED,GBPUSD,SELL,2022-04-15 19:30:00+00:00,,PRE_TRADE_PROJECTED_EQUITY_BREACH
REJECTED,EURUSD,SELL,2022-04-17 23:30:00+00:00,,PRE_TRADE_PROJECTED_EQUITY_BREACH
REJECTED,EURUSD,SELL,2022-04-18 12:00:00+00:00,,PRE_TRADE_PROJECTED_EQUITY_BREACH
REJECTED,GBPUSD,SELL,2022-04-18 12:30:00+00:00,,PRE_TRADE_PROJECTED_EQUITY_BREACH
REJECTED,EURUSD,SELL,2022-04-19 07:30:00+00:00,,PRE_TRADE_PROJECTED_EQUITY_BREACH
REJECTED,GBPUSD,SELL,2022-04-19 08:30:00+00:00,,PRE_TRADE_PROJECTED_EQUITY_BREACH
REJECTED,GBPUSD,SELL,2022-04-20 01:30:00+00:00,,PRE_TRADE_PROJECTED_EQUITY_BREACH
REJECTED,EURUSD,SELL,2022-04-20 05:00:00+00:00,,PRE_TRADE_PROJECTED_EQUITY_BREACH
REJECTED,EURUSD,SELL,2022-04-20 09:30:00+00:00,,PRE_TRADE_PROJECTED_EQUITY_BREACH
REJECTED,GBPUSD,SELL,2022-04-20 11:00:00+00:00,,PRE_TRADE_PROJECTED_EQUITY_BREACH
REJECTED,EURUSD,SELL,2022-04-21 06:00:00+00:00,,PRE_TRADE_PROJECTED_EQUITY_BREACH
REJECTED,EURUSD,BUY,2022-04-21 12:00:00+00:00,,PRE_TRADE_PROJECTED_EQUITY_BREACH
REJECTED,GBPUSD,SELL,2022-04-26 04:00:00+00:00,,PRE_TRADE_PROJECTED_EQUITY_BREACH
REJECTED,EURUSD,SELL,2022-04-27 00:00:00+00:00,,PRE_TRADE_PROJECTED_EQUITY_BREACH
REJECTED,EURUSD,SELL,2022-04-27 06:00:00+00:00,,PRE_TRADE_PROJECTED_EQUITY_BREACH
REJECTED,GBPUSD,SELL,2022-04-28 08:00:00+00:00,,PRE_TRADE_PROJECTED_EQUITY_BREACH
REJECTED,EURUSD,SELL,2022-04-28 08:30:00+00:00,,PRE_TRADE_PROJECTED_EQUITY_BREACH
REJECTED,EURUSD,SELL,2022-04-28 16:00:00+00:00,,PRE_TRADE_PROJECTED_EQUITY_BREACH
REJECTED,GBPUSD,SELL,2022-04-29 00:30:00+00:00,,PRE_TRADE_PROJECTED_EQUITY_BREACH
REJECTED,EURUSD,SELL,2022-04-29 01:00:00+00:00,,PRE_TRADE_PROJECTED_EQUITY_BREACH
REJECTED,EURUSD,SELL,2022-04-29 06:00:00+00:00,,PRE_TRADE_PROJECTED_EQUITY_BREACH
REJECTED,GBPUSD,SELL,2022-04-29 06:00:00+00:00,,PRE_TRADE_PROJECTED_EQUITY_BREACH
REJECTED,EURUSD,SELL,2022-04-29 08:30:00+00:00,,PRE_TRADE_PROJECTED_EQUITY_BREACH
REJECTED,GBPUSD,SELL,2022-04-29 12:00:00+00:00,,PRE_TRADE_PROJECTED_EQUITY_BREACH
REJECTED,EURUSD,SELL,2022-04-29 18:00:00+00:00,,PRE_TRADE_PROJECTED_EQUITY_BREACH
REJECTED,GBPUSD,SELL,2022-04-29 18:00:00+00:00,,PRE_TRADE_PROJECTED_EQUITY_BREACH
REJECTED,EURUSD,SELL,2022-05-02 07:30:00+00:00,,PRE_TRADE_PROJECTED_EQUITY_BREACH
REJECTED,GBPUSD,SELL,2022-05-02 08:00:00+00:00,,PRE_TRADE_PROJECTED_EQUITY_BREACH
REJECTED,GBPUSD,SELL,2022-05-02 09:00:00+00:00,,PRE_TRADE_PROJECTED_EQUITY_BREACH
REJECTED,EURUSD,SELL,2022-05-02 23:00:00+00:00,,PRE_TRADE_PROJECTED_EQUITY_BREACH
REJECTED,EURUSD,SELL,2022-05-03 01:30:00+00:00,,PRE_TRADE_PROJECTED_EQUITY_BREACH
REJECTED,GBPUSD,SELL,2022-05-03 01:30:00+00:00,,PRE_TRADE_PROJECTED_EQUITY_BREACH
REJECTED,GBPUSD,SELL,2022-05-03 09:30:00+00:00,,PRE_TRADE_PROJECTED_EQUITY_BREACH
REJECTED,EURUSD,SELL,2022-05-03 13:00:00+00:00,,PRE_TRADE_PROJECTED_EQUITY_BREACH
REJECTED,GBPUSD,SELL,2022-05-04 08:30:00+00:00,,PRE_TRADE_PROJECTED_EQUITY_BREACH
REJECTED,EURUSD,SELL,2022-05-04 13:30:00+00:00,,PRE_TRADE_PROJECTED_EQUITY_BREACH
REJECTED,GBPUSD,SELL,2022-05-04 19:30:00+00:00,,PRE_TRADE_PROJECTED_EQUITY_BREACH
REJECTED,EURUSD,BUY,2022-05-05 12:00:00+00:00,,PRE_TRADE_PROJECTED_EQUITY_BREACH
REJECTED,EURUSD,SELL,2022-05-05 20:00:00+00:00,,PRE_TRADE_PROJECTED_EQUITY_BREACH
REJECTED,GBPUSD,SELL,2022-05-05 20:30:00+00:00,,PRE_TRADE_PROJECTED_EQUITY_BREACH
REJECTED,GBPUSD,SELL,2022-05-05 23:30:00+00:00,,PRE_TRADE_PROJECTED_EQUITY_BREACH
REJECTED,EURUSD,SELL,2022-05-06 10:30:00+00:00,,PRE_TRADE_PROJECTED_EQUITY_BREACH
REJECTED,EURUSD,SELL,2022-05-09 11:30:00+00:00,,PRE_TRADE_PROJECTED_EQUITY_BREACH
REJECTED,GBPUSD,SELL,2022-05-09 13:00:00+00:00,,PRE_TRADE_PROJECTED_EQUITY_BREACH
REJECTED,EURUSD,SELL,2022-05-09 17:00:00+00:00,,PRE_TRADE_PROJECTED_EQUITY_BREACH
REJECTED,EURUSD,SELL,2022-05-10 00:30:00+00:00,,PRE_TRADE_PROJECTED_EQUITY_BREACH
REJECTED,GBPUSD,SELL,2022-05-10 00:30:00+00:00,,PRE_TRADE_PROJECTED_EQUITY_BREACH
REJECTED,GBPUSD,SELL,2022-05-10 03:00:00+00:00,,PRE_TRADE_PROJECTED_EQUITY_BREACH
REJECTED,GBPUSD,SELL,2022-05-11 03:00:00+00:00,,PRE_TRADE_PROJECTED_EQUITY_BREACH
REJECTED,EURUSD,SELL,2022-05-11 04:00:00+00:00,,PRE_TRADE_PROJECTED_EQUITY_BREACH
REJECTED,EURUSD,SELL,2022-05-11 06:00:00+00:00,,PRE_TRADE_PROJECTED_EQUITY_BREACH
REJECTED,EURUSD,SELL,2022-05-13 04:00:00+00:00,,PRE_TRADE_PROJECTED_EQUITY_BREACH
REJECTED,EURUSD,SELL,2022-05-13 16:00:00+00:00,,PRE_TRADE_PROJECTED_EQUITY_BREACH
REJECTED,GBPUSD,SELL,2022-05-13 16:30:00+00:00,,PRE_TRADE_PROJECTED_EQUITY_BREACH
REJECTED,GBPUSD,SELL,2022-05-13 21:30:00+00:00,,PRE_TRADE_PROJECTED_EQUITY_BREACH
REJECTED,GBPUSD,SELL,2022-05-16 01:30:00+00:00,,PRE_TRADE_PROJECTED_EQUITY_BREACH
REJECTED,GBPUSD,SELL,2022-05-16 19:00:00+00:00,,PRE_TRADE_PROJECTED_EQUITY_BREACH
REJECTED,EURUSD,SELL,2022-05-16 19:30:00+00:00,,PRE_TRADE_PROJECTED_EQUITY_BREACH
REJECTED,EURUSD,SELL,2022-05-17 01:00:00+00:00,,PRE_TRADE_PROJECTED_EQUITY_BREACH
REJECTED,GBPUSD,SELL,2022-05-17 01:00:00+00:00,,PRE_TRADE_PROJECTED_EQUITY_BREACH
REJECTED,EURUSD,SELL,2022-05-17 06:30:00+00:00,,PRE_TRADE_PROJECTED_EQUITY_BREACH
REJECTED,EURUSD,BUY,2022-05-18 03:30:00+00:00,,PRE_TRADE_PROJECTED_EQUITY_BREACH
REJECTED,GBPUSD,BUY,2022-05-18 03:30:00+00:00,,PRE_TRADE_PROJECTED_EQUITY_BREACH
REJECTED,GBPUSD,BUY,2022-05-18 08:00:00+00:00,,PRE_TRADE_PROJECTED_EQUITY_BREACH
REJECTED,EURUSD,BUY,2022-05-18 09:30:00+00:00,,PRE_TRADE_PROJECTED_EQUITY_BREACH
REJECTED,GBPUSD,BUY,2022-05-18 18:00:00+00:00,,PRE_TRADE_PROJECTED_EQUITY_BREACH
REJECTED,GBPUSD,SELL,2022-05-18 23:30:00+00:00,,PRE_TRADE_PROJECTED_EQUITY_BREACH
REJECTED,EURUSD,SELL,2022-05-19 01:30:00+00:00,,PRE_TRADE_PROJECTED_EQUITY_BREACH
REJECTED,GBPUSD,BUY,2022-05-20 02:30:00+00:00,,PRE_TRADE_PROJECTED_EQUITY_BREACH
REJECTED,EURUSD,BUY,2022-05-20 03:00:00+00:00,,PRE_TRADE_PROJECTED_EQUITY_BREACH
REJECTED,EURUSD,BUY,2022-05-20 16:00:00+00:00,,PRE_TRADE_PROJECTED_EQUITY_BREACH
REJECTED,EURUSD,BUY,2022-05-20 19:00:00+00:00,,PRE_TRADE_PROJECTED_EQUITY_BREACH
REJECTED,GBPUSD,BUY,2022-05-24 00:00:00+00:00,,PRE_TRADE_PROJECTED_EQUITY_BREACH
REJECTED,EURUSD,BUY,2022-05-24 01:00:00+00:00,,PRE_TRADE_PROJECTED_EQUITY_BREACH
REJECTED,GBPUSD,BUY,2022-05-24 09:30:00+00:00,,PRE_TRADE_PROJECTED_EQUITY_BREACH
REJECTED,EURUSD,BUY,2022-05-25 02:00:00+00:00,,PRE_TRADE_PROJECTED_EQUITY_BREACH
REJECTED,GBPUSD,BUY,2022-05-25 02:00:00+00:00,,PRE_TRADE_PROJECTED_EQUITY_BREACH
REJECTED,EURUSD,BUY,2022-05-25 09:00:00+00:00,,PRE_TRADE_PROJECTED_EQUITY_BREACH
REJECTED,GBPUSD,BUY,2022-05-25 10:00:00+00:00,,PRE_TRADE_PROJECTED_EQUITY_BREACH
REJECTED,EURUSD,BUY,2022-05-25 13:00:00+00:00,,PRE_TRADE_PROJECTED_EQUITY_BREACH
REJECTED,EURUSD,BUY,2022-05-26 06:30:00+00:00,,PRE_TRADE_PROJECTED_EQUITY_BREACH
REJECTED,GBPUSD,BUY,2022-05-26 06:30:00+00:00,,PRE_TRADE_PROJECTED_EQUITY_BREACH
REJECTED,GBPUSD,BUY,2022-05-27 07:00:00+00:00,,PRE_TRADE_PROJECTED_EQUITY_BREACH
REJECTED,EURUSD,BUY,2022-05-27 07:30:00+00:00,,PRE_TRADE_PROJECTED_EQUITY_BREACH
REJECTED,EURUSD,BUY,2022-05-27 10:00:00+00:00,,PRE_TRADE_PROJECTED_EQUITY_BREACH
REJECTED,GBPUSD,BUY,2022-05-27 10:00:00+00:00,,PRE_TRADE_PROJECTED_EQUITY_BREACH
REJECTED,EURUSD,BUY,2022-05-27 11:30:00+00:00,,PRE_TRADE_PROJECTED_EQUITY_BREACH
REJECTED,GBPUSD,BUY,2022-05-27 17:30:00+00:00,,PRE_TRADE_PROJECTED_EQUITY_BREACH
REJECTED,GBPUSD,BUY,2022-05-30 08:30:00+00:00,,PRE_TRADE_PROJECTED_EQUITY_BREACH
REJECTED,EURUSD,BUY,2022-05-30 20:30:00+00:00,,PRE_TRADE_PROJECTED_EQUITY_BREACH
REJECTED,GBPUSD,BUY,2022-05-31 00:00:00+00:00,,PRE_TRADE_PROJECTED_EQUITY_BREACH
REJECTED,EURUSD,BUY,2022-05-31 01:00:00+00:00,,PRE_TRADE_PROJECTED_EQUITY_BREACH
REJECTED,GBPUSD,BUY,2022-05-31 01:30:00+00:00,,PRE_TRADE_PROJECTED_EQUITY_BREACH
REJECTED,GBPUSD,BUY,2022-05-31 07:30:00+00:00,,PRE_TRADE_PROJECTED_EQUITY_BREACH
REJECTED,GBPUSD,BUY,2022-05-31 12:00:00+00:00,,PRE_TRADE_PROJECTED_EQUITY_BREACH
REJECTED,EURUSD,BUY,2022-05-31 22:30:00+00:00,,PRE_TRADE_PROJECTED_EQUITY_BREACH
REJECTED,EURUSD,BUY,2022-06-01 02:00:00+00:00,,PRE_TRADE_PROJECTED_EQUITY_BREACH
REJECTED,GBPUSD,BUY,2022-06-01 03:00:00+00:00,,PRE_TRADE_PROJECTED_EQUITY_BREACH
REJECTED,GBPUSD,BUY,2022-06-01 05:00:00+00:00,,PRE_TRADE_PROJECTED_EQUITY_BREACH
REJECTED,EURUSD,BUY,2022-06-01 15:00:00+00:00,,PRE_TRADE_PROJECTED_EQUITY_BREACH
REJECTED,EURUSD,SELL,2022-06-02 07:30:00+00:00,,PRE_TRADE_PROJECTED_EQUITY_BREACH
REJECTED,GBPUSD,SELL,2022-06-02 07:30:00+00:00,,PRE_TRADE_PROJECTED_EQUITY_BREACH
REJECTED,EURUSD,BUY,2022-06-03 05:30:00+00:00,,PRE_TRADE_PROJECTED_EQUITY_BREACH
REJECTED,EURUSD,BUY,2022-06-03 11:30:00+00:00,,PRE_TRADE_PROJECTED_EQUITY_BREACH
REJECTED,GBPUSD,BUY,2022-06-03 12:30:00+00:00,,PRE_TRADE_PROJECTED_EQUITY_BREACH
REJECTED,GBPUSD,SELL,2022-06-06 05:30:00+00:00,,PRE_TRADE_PROJECTED_EQUITY_BREACH
REJECTED,GBPUSD,SELL,2022-06-06 07:30:00+00:00,,PRE_TRADE_PROJECTED_EQUITY_BREACH
REJECTED,EURUSD,BUY,2022-06-06 11:30:00+00:00,,PRE_TRADE_PROJECTED_EQUITY_BREACH
REJECTED,EURUSD,SELL,2022-06-07 05:00:00+00:00,,PRE_TRADE_PROJECTED_EQUITY_BREACH
REJECTED,GBPUSD,BUY,2022-06-08 01:00:00+00:00,,PRE_TRADE_PROJECTED_EQUITY_BREACH
REJECTED,EURUSD,BUY,2022-06-08 18:30:00+00:00,,PRE_TRADE_PROJECTED_EQUITY_BREACH
REJECTED,EURUSD,BUY,2022-06-09 01:30:00+00:00,,PRE_TRADE_PROJECTED_EQUITY_BREACH
REJECTED,EURUSD,BUY,2022-06-09 02:30:00+00:00,,PRE_TRADE_PROJECTED_EQUITY_BREACH
REJECTED,EURUSD,BUY,2022-06-09 07:00:00+00:00,,PRE_TRADE_PROJECTED_EQUITY_BREACH
REJECTED,EURUSD,SELL,2022-06-10 04:00:00+00:00,,PRE_TRADE_PROJECTED_EQUITY_BREACH
REJECTED,GBPUSD,SELL,2022-06-14 01:00:00+00:00,,PRE_TRADE_PROJECTED_EQUITY_BREACH
REJECTED,EURUSD,SELL,2022-06-14 01:30:00+00:00,,PRE_TRADE_PROJECTED_EQUITY_BREACH
REJECTED,GBPUSD,SELL,2022-06-14 04:30:00+00:00,,PRE_TRADE_PROJECTED_EQUITY_BREACH
REJECTED,EURUSD,SELL,2022-06-14 05:00:00+00:00,,PRE_TRADE_PROJECTED_EQUITY_BREACH
REJECTED,EURUSD,SELL,2022-06-14 08:00:00+00:00,,PRE_TRADE_PROJECTED_EQUITY_BREACH
REJECTED,EURUSD,SELL,2022-06-14 23:30:00+00:00,,PRE_TRADE_PROJECTED_EQUITY_BREACH
REJECTED,GBPUSD,SELL,2022-06-15 00:00:00+00:00,,PRE_TRADE_PROJECTED_EQUITY_BREACH
REJECTED,GBPUSD,SELL,2022-06-15 02:00:00+00:00,,PRE_TRADE_PROJECTED_EQUITY_BREACH
REJECTED,EURUSD,SELL,2022-06-15 07:00:00+00:00,,PRE_TRADE_PROJECTED_EQUITY_BREACH
REJECTED,GBPUSD,SELL,2022-06-15 09:00:00+00:00,,PRE_TRADE_PROJECTED_EQUITY_BREACH
REJECTED,GBPUSD,SELL,2022-06-15 12:00:00+00:00,,PRE_TRADE_PROJECTED_EQUITY_BREACH
REJECTED,GBPUSD,SELL,2022-06-15 18:30:00+00:00,,PRE_TRADE_PROJECTED_EQUITY_BREACH
REJECTED,GBPUSD,SELL,2022-06-16 14:00:00+00:00,,PRE_TRADE_PROJECTED_EQUITY_BREACH
REJECTED,GBPUSD,SELL,2022-06-16 16:00:00+00:00,,PRE_TRADE_PROJECTED_EQUITY_BREACH
REJECTED,EURUSD,SELL,2022-06-16 16:30:00+00:00,,PRE_TRADE_PROJECTED_EQUITY_BREACH
REJECTED,EURUSD,BUY,2022-06-17 01:00:00+00:00,,PRE_TRADE_PROJECTED_EQUITY_BREACH
REJECTED,GBPUSD,BUY,2022-06-17 03:30:00+00:00,,PRE_TRADE_PROJECTED_EQUITY_BREACH
REJECTED,EURUSD,SELL,2022-06-17 19:00:00+00:00,,PRE_TRADE_PROJECTED_EQUITY_BREACH
REJECTED,EURUSD,SELL,2022-06-20 03:30:00+00:00,,PRE_TRADE_PROJECTED_EQUITY_BREACH
REJECTED,GBPUSD,SELL,2022-06-20 04:30:00+00:00,,PRE_TRADE_PROJECTED_EQUITY_BREACH
REJECTED,GBPUSD,SELL,2022-06-20 13:00:00+00:00,,PRE_TRADE_PROJECTED_EQUITY_BREACH
REJECTED,EURUSD,SELL,2022-06-21 01:00:00+00:00,,PRE_TRADE_PROJECTED_EQUITY_BREACH
REJECTED,GBPUSD,BUY,2022-06-21 12:00:00+00:00,,PRE_TRADE_PROJECTED_EQUITY_BREACH
REJECTED,EURUSD,BUY,2022-06-21 18:00:00+00:00,,PRE_TRADE_PROJECTED_EQUITY_BREACH
REJECTED,GBPUSD,BUY,2022-06-22 00:00:00+00:00,,PRE_TRADE_PROJECTED_EQUITY_BREACH
REJECTED,GBPUSD,SELL,2022-06-22 10:30:00+00:00,,PRE_TRADE_PROJECTED_EQUITY_BREACH
REJECTED,EURUSD,SELL,2022-06-22 11:00:00+00:00,,PRE_TRADE_PROJECTED_EQUITY_BREACH
REJECTED,GBPUSD,SELL,2022-06-23 13:00:00+00:00,,PRE_TRADE_PROJECTED_EQUITY_BREACH
REJECTED,EURUSD,SELL,2022-06-23 20:00:00+00:00,,PRE_TRADE_PROJECTED_EQUITY_BREACH
REJECTED,GBPUSD,BUY,2022-06-24 07:00:00+00:00,,PRE_TRADE_PROJECTED_EQUITY_BREACH
REJECTED,EURUSD,BUY,2022-06-24 08:00:00+00:00,,PRE_TRADE_PROJECTED_EQUITY_BREACH
REJECTED,GBPUSD,SELL,2022-06-28 01:00:00+00:00,,PRE_TRADE_PROJECTED_EQUITY_BREACH
REJECTED,EURUSD,BUY,2022-06-28 06:30:00+00:00,,PRE_TRADE_PROJECTED_EQUITY_BREACH
REJECTED,GBPUSD,SELL,2022-06-29 01:00:00+00:00,,PRE_TRADE_PROJECTED_EQUITY_BREACH
REJECTED,GBPUSD,SELL,2022-06-30 06:30:00+00:00,,PRE_TRADE_PROJECTED_EQUITY_BREACH
REJECTED,EURUSD,SELL,2022-06-30 07:00:00+00:00,,PRE_TRADE_PROJECTED_EQUITY_BREACH
REJECTED,GBPUSD,SELL,2022-06-30 14:30:00+00:00,,PRE_TRADE_PROJECTED_EQUITY_BREACH
REJECTED,EURUSD,SELL,2022-06-30 15:30:00+00:00,,PRE_TRADE_PROJECTED_EQUITY_BREACH
REJECTED,GBPUSD,SELL,2022-06-30 19:30:00+00:00,,PRE_TRADE_PROJECTED_EQUITY_BREACH
REJECTED,GBPUSD,SELL,2022-07-01 19:00:00+00:00,,PRE_TRADE_PROJECTED_EQUITY_BREACH
REJECTED,EURUSD,SELL,2022-07-04 11:00:00+00:00,,PRE_TRADE_PROJECTED_EQUITY_BREACH
REJECTED,GBPUSD,SELL,2022-07-04 12:00:00+00:00,,PRE_TRADE_PROJECTED_EQUITY_BREACH
REJECTED,EURUSD,SELL,2022-07-05 00:00:00+00:00,,PRE_TRADE_PROJECTED_EQUITY_BREACH
REJECTED,GBPUSD,SELL,2022-07-05 00:00:00+00:00,,PRE_TRADE_PROJECTED_EQUITY_BREACH
REJECTED,EURUSD,SELL,2022-07-05 06:00:00+00:00,,PRE_TRADE_PROJECTED_EQUITY_BREACH
REJECTED,GBPUSD,SELL,2022-07-05 20:00:00+00:00,,PRE_TRADE_PROJECTED_EQUITY_BREACH
REJECTED,GBPUSD,SELL,2022-07-06 08:00:00+00:00,,PRE_TRADE_PROJECTED_EQUITY_BREACH
REJECTED,GBPUSD,SELL,2022-07-06 18:00:00+00:00,,PRE_TRADE_PROJECTED_EQUITY_BREACH
REJECTED,EURUSD,SELL,2022-07-07 03:30:00+00:00,,PRE_TRADE_PROJECTED_EQUITY_BREACH
REJECTED,GBPUSD,SELL,2022-07-07 03:30:00+00:00,,PRE_TRADE_PROJECTED_EQUITY_BREACH
REJECTED,EURUSD,SELL,2022-07-07 06:30:00+00:00,,PRE_TRADE_PROJECTED_EQUITY_BREACH
REJECTED,GBPUSD,SELL,2022-07-07 11:00:00+00:00,,PRE_TRADE_PROJECTED_EQUITY_BREACH
REJECTED,EURUSD,SELL,2022-07-08 01:30:00+00:00,,PRE_TRADE_PROJECTED_EQUITY_BREACH
REJECTED,GBPUSD,SELL,2022-07-08 01:30:00+00:00,,PRE_TRADE_PROJECTED_EQUITY_BREACH
REJECTED,GBPUSD,SELL,2022-07-08 11:00:00+00:00,,PRE_TRADE_PROJECTED_EQUITY_BREACH
REJECTED,EURUSD,SELL,2022-07-08 12:30:00+00:00,,PRE_TRADE_PROJECTED_EQUITY_BREACH
REJECTED,GBPUSD,SELL,2022-07-08 13:00:00+00:00,,PRE_TRADE_PROJECTED_EQUITY_BREACH
REJECTED,EURUSD,SELL,2022-07-08 21:00:00+00:00,,PRE_TRADE_PROJECTED_EQUITY_BREACH
REJECTED,GBPUSD,SELL,2022-07-08 21:00:00+00:00,,PRE_TRADE_PROJECTED_EQUITY_BREACH
REJECTED,EURUSD,SELL,2022-07-12 12:00:00+00:00,,PRE_TRADE_PROJECTED_EQUITY_BREACH
REJECTED,GBPUSD,SELL,2022-07-12 12:00:00+00:00,,PRE_TRADE_PROJECTED_EQUITY_BREACH
REJECTED,GBPUSD,SELL,2022-07-13 03:30:00+00:00,,PRE_TRADE_PROJECTED_EQUITY_BREACH
REJECTED,EURUSD,SELL,2022-07-13 11:30:00+00:00,,PRE_TRADE_PROJECTED_EQUITY_BREACH
REJECTED,GBPUSD,SELL,2022-07-13 12:30:00+00:00,,PRE_TRADE_PROJECTED_EQUITY_BREACH
REJECTED,EURUSD,SELL,2022-07-13 15:30:00+00:00,,PRE_TRADE_PROJECTED_EQUITY_BREACH
REJECTED,EURUSD,SELL,2022-07-14 16:30:00+00:00,,PRE_TRADE_PROJECTED_EQUITY_BREACH
REJECTED,GBPUSD,SELL,2022-07-15 00:00:00+00:00,,PRE_TRADE_PROJECTED_EQUITY_BREACH
REJECTED,EURUSD,SELL,2022-07-15 10:30:00+00:00,,PRE_TRADE_PROJECTED_EQUITY_BREACH
REJECTED,GBPUSD,SELL,2022-07-18 00:00:00+00:00,,PRE_TRADE_PROJECTED_EQUITY_BREACH
REJECTED,EURUSD,SELL,2022-07-18 08:00:00+00:00,,PRE_TRADE_PROJECTED_EQUITY_BREACH
REJECTED,EURUSD,BUY,2022-07-18 13:00:00+00:00,,PRE_TRADE_PROJECTED_EQUITY_BREACH
REJECTED,GBPUSD,BUY,2022-07-18 18:30:00+00:00,,PRE_TRADE_PROJECTED_EQUITY_BREACH
REJECTED,EURUSD,BUY,2022-07-18 21:30:00+00:00,,PRE_TRADE_PROJECTED_EQUITY_BREACH
REJECTED,GBPUSD,BUY,2022-07-19 17:30:00+00:00,,PRE_TRADE_PROJECTED_EQUITY_BREACH
REJECTED,EURUSD,BUY,2022-07-19 20:30:00+00:00,,PRE_TRADE_PROJECTED_EQUITY_BREACH
REJECTED,GBPUSD,BUY,2022-07-20 13:00:00+00:00,,PRE_TRADE_PROJECTED_EQUITY_BREACH
REJECTED,GBPUSD,BUY,2022-07-20 18:30:00+00:00,,PRE_TRADE_PROJECTED_EQUITY_BREACH
REJECTED,GBPUSD,BUY,2022-07-21 08:00:00+00:00,,PRE_TRADE_PROJECTED_EQUITY_BREACH
REJECTED,EURUSD,BUY,2022-07-21 08:30:00+00:00,,PRE_TRADE_PROJECTED_EQUITY_BREACH
REJECTED,EURUSD,BUY,2022-07-22 01:30:00+00:00,,PRE_TRADE_PROJECTED_EQUITY_BREACH
REJECTED,GBPUSD,BUY,2022-07-22 19:00:00+00:00,,PRE_TRADE_PROJECTED_EQUITY_BREACH
REJECTED,EURUSD,BUY,2022-07-22 19:30:00+00:00,,PRE_TRADE_PROJECTED_EQUITY_BREACH
REJECTED,EURUSD,BUY,2022-07-25 00:00:00+00:00,,PRE_TRADE_PROJECTED_EQUITY_BREACH
REJECTED,GBPUSD,BUY,2022-07-25 00:30:00+00:00,,PRE_TRADE_PROJECTED_EQUITY_BREACH
REJECTED,EURUSD,BUY,2022-07-25 07:00:00+00:00,,PRE_TRADE_PROJECTED_EQUITY_BREACH
REJECTED,GBPUSD,BUY,2022-07-25 07:00:00+00:00,,PRE_TRADE_PROJECTED_EQUITY_BREACH
REJECTED,EURUSD,BUY,2022-07-25 16:00:00+00:00,,PRE_TRADE_PROJECTED_EQUITY_BREACH
REJECTED,EURUSD,BUY,2022-07-26 05:30:00+00:00,,PRE_TRADE_PROJECTED_EQUITY_BREACH
REJECTED,EURUSD,BUY,2022-07-26 10:00:00+00:00,,PRE_TRADE_PROJECTED_EQUITY_BREACH
REJECTED,GBPUSD,BUY,2022-07-26 10:00:00+00:00,,PRE_TRADE_PROJECTED_EQUITY_BREACH
REJECTED,EURUSD,SELL,2022-07-27 00:00:00+00:00,,PRE_TRADE_PROJECTED_EQUITY_BREACH
REJECTED,EURUSD,SELL,2022-07-27 02:30:00+00:00,,PRE_TRADE_PROJECTED_EQUITY_BREACH
REJECTED,EURUSD,SELL,2022-07-27 12:00:00+00:00,,PRE_TRADE_PROJECTED_EQUITY_BREACH
REJECTED,GBPUSD,BUY,2022-07-29 10:00:00+00:00,,PRE_TRADE_PROJECTED_EQUITY_BREACH
REJECTED,GBPUSD,BUY,2022-07-29 13:30:00+00:00,,PRE_TRADE_PROJECTED_EQUITY_BREACH
REJECTED,EURUSD,BUY,2022-08-01 06:30:00+00:00,,PRE_TRADE_PROJECTED_EQUITY_BREACH
REJECTED,EURUSD,BUY,2022-08-01 12:30:00+00:00,,PRE_TRADE_PROJECTED_EQUITY_BREACH
REJECTED,GBPUSD,BUY,2022-08-02 05:30:00+00:00,,PRE_TRADE_PROJECTED_EQUITY_BREACH
REJECTED,GBPUSD,BUY,2022-08-02 07:00:00+00:00,,PRE_TRADE_PROJECTED_EQUITY_BREACH
REJECTED,EURUSD,BUY,2022-08-02 07:30:00+00:00,,PRE_TRADE_PROJECTED_EQUITY_BREACH
REJECTED,GBPUSD,BUY,2022-08-02 18:00:00+00:00,,PRE_TRADE_PROJECTED_EQUITY_BREACH
REJECTED,GBPUSD,BUY,2022-08-03 00:30:00+00:00,,PRE_TRADE_PROJECTED_EQUITY_BREACH
REJECTED,EURUSD,SELL,2022-08-03 03:30:00+00:00,,PRE_TRADE_PROJECTED_EQUITY_BREACH
REJECTED,EURUSD,SELL,2022-08-03 04:30:00+00:00,,PRE_TRADE_PROJECTED_EQUITY_BREACH
REJECTED,GBPUSD,BUY,2022-08-03 14:30:00+00:00,,PRE_TRADE_PROJECTED_EQUITY_BREACH
REJECTED,GBPUSD,BUY,2022-08-03 22:00:00+00:00,,PRE_TRADE_PROJECTED_EQUITY_BREACH
REJECTED,EURUSD,SELL,2022-08-04 06:00:00+00:00,,PRE_TRADE_PROJECTED_EQUITY_BREACH
REJECTED,GBPUSD,SELL,2022-08-04 16:00:00+00:00,,PRE_TRADE_PROJECTED_EQUITY_BREACH
REJECTED,EURUSD,BUY,2022-08-05 01:30:00+00:00,,PRE_TRADE_PROJECTED_EQUITY_BREACH
REJECTED,GBPUSD,BUY,2022-08-05 01:30:00+00:00,,PRE_TRADE_PROJECTED_EQUITY_BREACH
REJECTED,EURUSD,BUY,2022-08-05 07:00:00+00:00,,PRE_TRADE_PROJECTED_EQUITY_BREACH
REJECTED,GBPUSD,BUY,2022-08-05 10:00:00+00:00,,PRE_TRADE_PROJECTED_EQUITY_BREACH
REJECTED,GBPUSD,SELL,2022-08-08 08:00:00+00:00,,PRE_TRADE_PROJECTED_EQUITY_BREACH
REJECTED,EURUSD,BUY,2022-08-09 12:30:00+00:00,,PRE_TRADE_PROJECTED_EQUITY_BREACH
REJECTED,EURUSD,BUY,2022-08-09 18:30:00+00:00,,PRE_TRADE_PROJECTED_EQUITY_BREACH
REJECTED,GBPUSD,SELL,2022-08-10 03:00:00+00:00,,PRE_TRADE_PROJECTED_EQUITY_BREACH
REJECTED,EURUSD,BUY,2022-08-10 07:00:00+00:00,,PRE_TRADE_PROJECTED_EQUITY_BREACH
REJECTED,GBPUSD,SELL,2022-08-10 09:30:00+00:00,,PRE_TRADE_PROJECTED_EQUITY_BREACH
REJECTED,EURUSD,BUY,2022-08-10 19:00:00+00:00,,PRE_TRADE_PROJECTED_EQUITY_BREACH
REJECTED,GBPUSD,BUY,2022-08-10 20:30:00+00:00,,PRE_TRADE_PROJECTED_EQUITY_BREACH
REJECTED,GBPUSD,BUY,2022-08-11 02:00:00+00:00,,PRE_TRADE_PROJECTED_EQUITY_BREACH
REJECTED,EURUSD,BUY,2022-08-11 03:30:00+00:00,,PRE_TRADE_PROJECTED_EQUITY_BREACH
REJECTED,EURUSD,BUY,2022-08-11 06:00:00+00:00,,PRE_TRADE_PROJECTED_EQUITY_BREACH
REJECTED,EURUSD,BUY,2022-08-11 19:00:00+00:00,,PRE_TRADE_PROJECTED_EQUITY_BREACH
REJECTED,GBPUSD,BUY,2022-08-11 20:30:00+00:00,,PRE_TRADE_PROJECTED_EQUITY_BREACH
REJECTED,EURUSD,BUY,2022-08-12 08:00:00+00:00,,PRE_TRADE_PROJECTED_EQUITY_BREACH
REJECTED,EURUSD,BUY,2022-08-12 12:00:00+00:00,,PRE_TRADE_PROJECTED_EQUITY_BREACH
REJECTED,GBPUSD,SELL,2022-08-16 13:30:00+00:00,,PRE_TRADE_PROJECTED_EQUITY_BREACH
REJECTED,EURUSD,SELL,2022-08-16 14:00:00+00:00,,PRE_TRADE_PROJECTED_EQUITY_BREACH
REJECTED,EURUSD,SELL,2022-08-17 10:30:00+00:00,,PRE_TRADE_PROJECTED_EQUITY_BREACH
REJECTED,EURUSD,SELL,2022-08-17 19:00:00+00:00,,PRE_TRADE_PROJECTED_EQUITY_BREACH
REJECTED,GBPUSD,SELL,2022-08-17 19:00:00+00:00,,PRE_TRADE_PROJECTED_EQUITY_BREACH
REJECTED,EURUSD,SELL,2022-08-18 01:30:00+00:00,,PRE_TRADE_PROJECTED_EQUITY_BREACH
REJECTED,GBPUSD,SELL,2022-08-22 04:00:00+00:00,,PRE_TRADE_PROJECTED_EQUITY_BREACH
REJECTED,EURUSD,SELL,2022-08-23 14:30:00+00:00,,PRE_TRADE_PROJECTED_EQUITY_BREACH
REJECTED,GBPUSD,SELL,2022-08-23 14:30:00+00:00,,PRE_TRADE_PROJECTED_EQUITY_BREACH
REJECTED,GBPUSD,SELL,2022-08-23 16:00:00+00:00,,PRE_TRADE_PROJECTED_EQUITY_BREACH
REJECTED,EURUSD,SELL,2022-08-24 15:30:00+00:00,,PRE_TRADE_PROJECTED_EQUITY_BREACH
REJECTED,GBPUSD,SELL,2022-08-24 15:30:00+00:00,,PRE_TRADE_PROJECTED_EQUITY_BREACH
REJECTED,EURUSD,SELL,2022-08-25 02:00:00+00:00,,PRE_TRADE_PROJECTED_EQUITY_BREACH
REJECTED,GBPUSD,SELL,2022-08-25 02:00:00+00:00,,PRE_TRADE_PROJECTED_EQUITY_BREACH
REJECTED,GBPUSD,SELL,2022-08-25 08:00:00+00:00,,PRE_TRADE_PROJECTED_EQUITY_BREACH
REJECTED,EURUSD,SELL,2022-08-25 20:30:00+00:00,,PRE_TRADE_PROJECTED_EQUITY_BREACH
REJECTED,EURUSD,SELL,2022-08-26 04:00:00+00:00,,PRE_TRADE_PROJECTED_EQUITY_BREACH
REJECTED,EURUSD,SELL,2022-08-26 09:30:00+00:00,,PRE_TRADE_PROJECTED_EQUITY_BREACH
REJECTED,EURUSD,SELL,2022-08-26 11:30:00+00:00,,PRE_TRADE_PROJECTED_EQUITY_BREACH
REJECTED,EURUSD,SELL,2022-08-26 14:00:00+00:00,,PRE_TRADE_PROJECTED_EQUITY_BREACH
REJECTED,EURUSD,SELL,2022-08-29 07:30:00+00:00,,PRE_TRADE_PROJECTED_EQUITY_BREACH
REJECTED,EURUSD,SELL,2022-08-29 11:00:00+00:00,,PRE_TRADE_PROJECTED_EQUITY_BREACH
REJECTED,EURUSD,SELL,2022-08-29 23:30:00+00:00,,PRE_TRADE_PROJECTED_EQUITY_BREACH
REJECTED,EURUSD,SELL,2022-08-30 00:30:00+00:00,,PRE_TRADE_PROJECTED_EQUITY_BREACH
REJECTED,GBPUSD,SELL,2022-08-31 01:00:00+00:00,,PRE_TRADE_PROJECTED_EQUITY_BREACH
REJECTED,GBPUSD,SELL,2022-08-31 04:30:00+00:00,,PRE_TRADE_PROJECTED_EQUITY_BREACH
REJECTED,EURUSD,BUY,2022-09-01 00:30:00+00:00,,PRE_TRADE_PROJECTED_EQUITY_BREACH
REJECTED,GBPUSD,SELL,2022-09-01 08:00:00+00:00,,PRE_TRADE_PROJECTED_EQUITY_BREACH
REJECTED,EURUSD,SELL,2022-09-02 00:30:00+00:00,,PRE_TRADE_PROJECTED_EQUITY_BREACH
REJECTED,GBPUSD,SELL,2022-09-02 01:00:00+00:00,,PRE_TRADE_PROJECTED_EQUITY_BREACH
REJECTED,EURUSD,SELL,2022-09-02 04:30:00+00:00,,PRE_TRADE_PROJECTED_EQUITY_BREACH
REJECTED,EURUSD,SELL,2022-09-05 09:00:00+00:00,,PRE_TRADE_PROJECTED_EQUITY_BREACH
REJECTED,GBPUSD,SELL,2022-09-05 10:00:00+00:00,,PRE_TRADE_PROJECTED_EQUITY_BREACH
REJECTED,EURUSD,SELL,2022-09-05 23:00:00+00:00,,PRE_TRADE_PROJECTED_EQUITY_BREACH
REJECTED,GBPUSD,SELL,2022-09-05 23:00:00+00:00,,PRE_TRADE_PROJECTED_EQUITY_BREACH
REJECTED,EURUSD,SELL,2022-09-06 01:00:00+00:00,,PRE_TRADE_PROJECTED_EQUITY_BREACH
REJECTED,GBPUSD,SELL,2022-09-06 01:00:00+00:00,,PRE_TRADE_PROJECTED_EQUITY_BREACH
REJECTED,EURUSD,SELL,2022-09-06 08:30:00+00:00,,PRE_TRADE_PROJECTED_EQUITY_BREACH
REJECTED,GBPUSD,SELL,2022-09-07 07:30:00+00:00,,PRE_TRADE_PROJECTED_EQUITY_BREACH
REJECTED,EURUSD,SELL,2022-09-07 15:00:00+00:00,,PRE_TRADE_PROJECTED_EQUITY_BREACH
REJECTED,GBPUSD,SELL,2022-09-07 17:00:00+00:00,,PRE_TRADE_PROJECTED_EQUITY_BREACH
REJECTED,GBPUSD,SELL,2022-09-07 23:30:00+00:00,,PRE_TRADE_PROJECTED_EQUITY_BREACH
REJECTED,EURUSD,BUY,2022-09-08 00:00:00+00:00,,PRE_TRADE_PROJECTED_EQUITY_BREACH
REJECTED,GBPUSD,SELL,2022-09-08 11:30:00+00:00,,PRE_TRADE_PROJECTED_EQUITY_BREACH
REJECTED,EURUSD,BUY,2022-09-08 14:00:00+00:00,,PRE_TRADE_PROJECTED_EQUITY_BREACH
REJECTED,EURUSD,SELL,2022-09-08 18:00:00+00:00,,PRE_TRADE_PROJECTED_EQUITY_BREACH
REJECTED,GBPUSD,SELL,2022-09-09 00:00:00+00:00,,PRE_TRADE_PROJECTED_EQUITY_BREACH
REJECTED,EURUSD,BUY,2022-09-09 12:00:00+00:00,,PRE_TRADE_PROJECTED_EQUITY_BREACH
REJECTED,GBPUSD,BUY,2022-09-12 20:00:00+00:00,,PRE_TRADE_PROJECTED_EQUITY_BREACH
REJECTED,EURUSD,BUY,2022-09-13 13:30:00+00:00,,PRE_TRADE_PROJECTED_EQUITY_BREACH
REJECTED,EURUSD,SELL,2022-09-14 05:30:00+00:00,,PRE_TRADE_PROJECTED_EQUITY_BREACH
REJECTED,GBPUSD,SELL,2022-09-14 05:30:00+00:00,,PRE_TRADE_PROJECTED_EQUITY_BREACH
REJECTED,GBPUSD,SELL,2022-09-14 10:30:00+00:00,,PRE_TRADE_PROJECTED_EQUITY_BREACH
REJECTED,EURUSD,SELL,2022-09-14 11:00:00+00:00,,PRE_TRADE_PROJECTED_EQUITY_BREACH
REJECTED,GBPUSD,SELL,2022-09-14 23:30:00+00:00,,PRE_TRADE_PROJECTED_EQUITY_BREACH
REJECTED,EURUSD,SELL,2022-09-15 08:30:00+00:00,,PRE_TRADE_PROJECTED_EQUITY_BREACH
REJECTED,GBPUSD,SELL,2022-09-16 12:00:00+00:00,,PRE_TRADE_PROJECTED_EQUITY_BREACH
REJECTED,GBPUSD,SELL,2022-09-16 15:30:00+00:00,,PRE_TRADE_PROJECTED_EQUITY_BREACH
REJECTED,GBPUSD,SELL,2022-09-19 00:30:00+00:00,,PRE_TRADE_PROJECTED_EQUITY_BREACH
REJECTED,GBPUSD,SELL,2022-09-19 15:30:00+00:00,,PRE_TRADE_PROJECTED_EQUITY_BREACH
REJECTED,GBPUSD,SELL,2022-09-20 00:30:00+00:00,,PRE_TRADE_PROJECTED_EQUITY_BREACH
REJECTED,EURUSD,SELL,2022-09-22 09:00:00+00:00,,PRE_TRADE_PROJECTED_EQUITY_BREACH
REJECTED,GBPUSD,SELL,2022-09-22 09:00:00+00:00,,PRE_TRADE_PROJECTED_EQUITY_BREACH
REJECTED,GBPUSD,SELL,2022-09-23 00:30:00+00:00,,PRE_TRADE_PROJECTED_EQUITY_BREACH
REJECTED,GBPUSD,SELL,2022-09-26 07:30:00+00:00,,PRE_TRADE_PROJECTED_EQUITY_BREACH
REJECTED,GBPUSD,SELL,2022-09-26 13:30:00+00:00,,PRE_TRADE_PROJECTED_EQUITY_BREACH
REJECTED,EURUSD,SELL,2022-09-27 04:30:00+00:00,,PRE_TRADE_PROJECTED_EQUITY_BREACH
REJECTED,EURUSD,SELL,2022-09-27 07:00:00+00:00,,PRE_TRADE_PROJECTED_EQUITY_BREACH
REJECTED,EURUSD,SELL,2022-09-28 14:30:00+00:00,,PRE_TRADE_PROJECTED_EQUITY_BREACH
REJECTED,GBPUSD,SELL,2022-09-28 16:00:00+00:00,,PRE_TRADE_PROJECTED_EQUITY_BREACH
REJECTED,GBPUSD,SELL,2022-09-29 10:00:00+00:00,,PRE_TRADE_PROJECTED_EQUITY_BREACH
REJECTED,EURUSD,SELL,2022-09-29 12:00:00+00:00,,PRE_TRADE_PROJECTED_EQUITY_BREACH
REJECTED,GBPUSD,SELL,2022-09-29 14:00:00+00:00,,PRE_TRADE_PROJECTED_EQUITY_BREACH
REJECTED,GBPUSD,BUY,2022-09-30 03:00:00+00:00,,PRE_TRADE_PROJECTED_EQUITY_BREACH
REJECTED,EURUSD,BUY,2022-09-30 11:00:00+00:00,,PRE_TRADE_PROJECTED_EQUITY_BREACH
REJECTED,GBPUSD,BUY,2022-09-30 11:30:00+00:00,,PRE_TRADE_PROJECTED_EQUITY_BREACH
REJECTED,GBPUSD,BUY,2022-10-03 01:00:00+00:00,,PRE_TRADE_PROJECTED_EQUITY_BREACH
REJECTED,EURUSD,BUY,2022-10-03 05:00:00+00:00,,PRE_TRADE_PROJECTED_EQUITY_BREACH
REJECTED,GBPUSD,BUY,2022-10-03 05:00:00+00:00,,PRE_TRADE_PROJECTED_EQUITY_BREACH
REJECTED,GBPUSD,BUY,2022-10-05 00:00:00+00:00,,PRE_TRADE_PROJECTED_EQUITY_BREACH
REJECTED,GBPUSD,BUY,2022-10-05 01:30:00+00:00,,PRE_TRADE_PROJECTED_EQUITY_BREACH
REJECTED,EURUSD,BUY,2022-10-05 09:00:00+00:00,,PRE_TRADE_PROJECTED_EQUITY_BREACH
REJECTED,GBPUSD,BUY,2022-10-05 12:30:00+00:00,,PRE_TRADE_PROJECTED_EQUITY_BREACH
REJECTED,GBPUSD,BUY,2022-10-05 13:30:00+00:00,,PRE_TRADE_PROJECTED_EQUITY_BREACH
REJECTED,EURUSD,BUY,2022-10-05 14:30:00+00:00,,PRE_TRADE_PROJECTED_EQUITY_BREACH
REJECTED,GBPUSD,BUY,2022-10-05 15:00:00+00:00,,PRE_TRADE_PROJECTED_EQUITY_BREACH
REJECTED,GBPUSD,BUY,2022-10-06 07:00:00+00:00,,PRE_TRADE_PROJECTED_EQUITY_BREACH
REJECTED,EURUSD,BUY,2022-10-06 12:30:00+00:00,,PRE_TRADE_PROJECTED_EQUITY_BREACH
REJECTED,GBPUSD,SELL,2022-10-07 03:00:00+00:00,,PRE_TRADE_PROJECTED_EQUITY_BREACH
REJECTED,EURUSD,SELL,2022-10-07 03:30:00+00:00,,PRE_TRADE_PROJECTED_EQUITY_BREACH
REJECTED,GBPUSD,SELL,2022-10-10 02:30:00+00:00,,PRE_TRADE_PROJECTED_EQUITY_BREACH
REJECTED,GBPUSD,SELL,2022-10-11 00:00:00+00:00,,PRE_TRADE_PROJECTED_EQUITY_BREACH
REJECTED,EURUSD,SELL,2022-10-11 01:00:00+00:00,,PRE_TRADE_PROJECTED_EQUITY_BREACH
REJECTED,EURUSD,SELL,2022-10-11 08:00:00+00:00,,PRE_TRADE_PROJECTED_EQUITY_BREACH
REJECTED,EURUSD,SELL,2022-10-11 12:00:00+00:00,,PRE_TRADE_PROJECTED_EQUITY_BREACH
REJECTED,GBPUSD,SELL,2022-10-11 12:00:00+00:00,,PRE_TRADE_PROJECTED_EQUITY_BREACH
REJECTED,EURUSD,SELL,2022-10-11 16:30:00+00:00,,PRE_TRADE_PROJECTED_EQUITY_BREACH
REJECTED,GBPUSD,SELL,2022-10-12 05:00:00+00:00,,PRE_TRADE_PROJECTED_EQUITY_BREACH
REJECTED,GBPUSD,SELL,2022-10-12 16:00:00+00:00,,PRE_TRADE_PROJECTED_EQUITY_BREACH
REJECTED,GBPUSD,SELL,2022-10-13 01:30:00+00:00,,PRE_TRADE_PROJECTED_EQUITY_BREACH
REJECTED,EURUSD,SELL,2022-10-13 10:00:00+00:00,,PRE_TRADE_PROJECTED_EQUITY_BREACH
REJECTED,GBPUSD,SELL,2022-10-13 10:00:00+00:00,,PRE_TRADE_PROJECTED_EQUITY_BREACH
REJECTED,GBPUSD,BUY,2022-10-14 08:00:00+00:00,,PRE_TRADE_PROJECTED_EQUITY_BREACH
REJECTED,EURUSD,SELL,2022-10-17 00:00:00+00:00,,PRE_TRADE_PROJECTED_EQUITY_BREACH
REJECTED,EURUSD,BUY,2022-10-18 02:30:00+00:00,,PRE_TRADE_PROJECTED_EQUITY_BREACH
REJECTED,EURUSD,BUY,2022-10-19 04:30:00+00:00,,PRE_TRADE_PROJECTED_EQUITY_BREACH
REJECTED,GBPUSD,BUY,2022-10-19 07:30:00+00:00,,PRE_TRADE_PROJECTED_EQUITY_BREACH
REJECTED,EURUSD,SELL,2022-10-20 06:00:00+00:00,,PRE_TRADE_PROJECTED_EQUITY_BREACH
REJECTED,GBPUSD,BUY,2022-10-24 04:30:00+00:00,,PRE_TRADE_PROJECTED_EQUITY_BREACH
REJECTED,EURUSD,BUY,2022-10-25 06:00:00+00:00,,PRE_TRADE_PROJECTED_EQUITY_BREACH
REJECTED,GBPUSD,BUY,2022-10-25 06:00:00+00:00,,PRE_TRADE_PROJECTED_EQUITY_BREACH
REJECTED,EURUSD,BUY,2022-10-26 01:30:00+00:00,,PRE_TRADE_PROJECTED_EQUITY_BREACH
REJECTED,GBPUSD,BUY,2022-10-26 01:30:00+00:00,,PRE_TRADE_PROJECTED_EQUITY_BREACH
REJECTED,EURUSD,BUY,2022-10-27 03:00:00+00:00,,PRE_TRADE_PROJECTED_EQUITY_BREACH
REJECTED,GBPUSD,BUY,2022-10-27 07:30:00+00:00,,PRE_TRADE_PROJECTED_EQUITY_BREACH
REJECTED,EURUSD,BUY,2022-10-27 10:30:00+00:00,,PRE_TRADE_PROJECTED_EQUITY_BREACH
REJECTED,GBPUSD,BUY,2022-10-27 10:30:00+00:00,,PRE_TRADE_PROJECTED_EQUITY_BREACH
REJECTED,GBPUSD,BUY,2022-10-28 01:30:00+00:00,,PRE_TRADE_PROJECTED_EQUITY_BREACH
REJECTED,GBPUSD,BUY,2022-10-28 06:30:00+00:00,,PRE_TRADE_PROJECTED_EQUITY_BREACH
REJECTED,EURUSD,BUY,2022-10-28 07:00:00+00:00,,PRE_TRADE_PROJECTED_EQUITY_BREACH
REJECTED,EURUSD,BUY,2022-10-28 16:30:00+00:00,,PRE_TRADE_PROJECTED_EQUITY_BREACH
REJECTED,GBPUSD,BUY,2022-10-30 21:00:00+00:00,,PRE_TRADE_PROJECTED_EQUITY_BREACH
REJECTED,EURUSD,BUY,2022-10-31 06:00:00+00:00,,PRE_TRADE_PROJECTED_EQUITY_BREACH
REJECTED,GBPUSD,BUY,2022-10-31 08:30:00+00:00,,PRE_TRADE_PROJECTED_EQUITY_BREACH
REJECTED,GBPUSD,BUY,2022-10-31 12:30:00+00:00,,PRE_TRADE_PROJECTED_EQUITY_BREACH
REJECTED,GBPUSD,BUY,2022-10-31 17:30:00+00:00,,PRE_TRADE_PROJECTED_EQUITY_BREACH
REJECTED,EURUSD,SELL,2022-11-01 02:00:00+00:00,,PRE_TRADE_PROJECTED_EQUITY_BREACH
REJECTED,EURUSD,BUY,2022-11-01 14:00:00+00:00,,PRE_TRADE_PROJECTED_EQUITY_BREACH
REJECTED,GBPUSD,BUY,2022-11-01 14:00:00+00:00,,PRE_TRADE_PROJECTED_EQUITY_BREACH
REJECTED,GBPUSD,BUY,2022-11-01 16:00:00+00:00,,PRE_TRADE_PROJECTED_EQUITY_BREACH
REJECTED,EURUSD,SELL,2022-11-02 00:30:00+00:00,,PRE_TRADE_PROJECTED_EQUITY_BREACH
REJECTED,GBPUSD,BUY,2022-11-02 07:00:00+00:00,,PRE_TRADE_PROJECTED_EQUITY_BREACH
REJECTED,GBPUSD,BUY,2022-11-02 14:30:00+00:00,,PRE_TRADE_PROJECTED_EQUITY_BREACH
REJECTED,EURUSD,SELL,2022-11-02 18:00:00+00:00,,PRE_TRADE_PROJECTED_EQUITY_BREACH
REJECTED,EURUSD,SELL,2022-11-03 01:00:00+00:00,,PRE_TRADE_PROJECTED_EQUITY_BREACH
REJECTED,EURUSD,SELL,2022-11-03 19:00:00+00:00,,PRE_TRADE_PROJECTED_EQUITY_BREACH
REJECTED,GBPUSD,SELL,2022-11-03 23:30:00+00:00,,PRE_TRADE_PROJECTED_EQUITY_BREACH
REJECTED,EURUSD,SELL,2022-11-04 02:30:00+00:00,,PRE_TRADE_PROJECTED_EQUITY_BREACH
REJECTED,GBPUSD,SELL,2022-11-04 04:00:00+00:00,,PRE_TRADE_PROJECTED_EQUITY_BREACH
REJECTED,EURUSD,SELL,2022-11-04 13:00:00+00:00,,PRE_TRADE_PROJECTED_EQUITY_BREACH
REJECTED,GBPUSD,SELL,2022-11-04 17:30:00+00:00,,PRE_TRADE_PROJECTED_EQUITY_BREACH
REJECTED,EURUSD,BUY,2022-11-06 22:00:00+00:00,,PRE_TRADE_PROJECTED_EQUITY_BREACH
REJECTED,EURUSD,BUY,2022-11-07 07:30:00+00:00,,PRE_TRADE_PROJECTED_EQUITY_BREACH
REJECTED,EURUSD,BUY,2022-11-08 05:30:00+00:00,,PRE_TRADE_PROJECTED_EQUITY_BREACH
REJECTED,GBPUSD,BUY,2022-11-08 06:00:00+00:00,,PRE_TRADE_PROJECTED_EQUITY_BREACH
REJECTED,GBPUSD,BUY,2022-11-08 07:30:00+00:00,,PRE_TRADE_PROJECTED_EQUITY_BREACH
REJECTED,GBPUSD,BUY,2022-11-08 19:00:00+00:00,,PRE_TRADE_PROJECTED_EQUITY_BREACH
REJECTED,EURUSD,BUY,2022-11-09 06:30:00+00:00,,PRE_TRADE_PROJECTED_EQUITY_BREACH
REJECTED,GBPUSD,BUY,2022-11-09 10:00:00+00:00,,PRE_TRADE_PROJECTED_EQUITY_BREACH
REJECTED,EURUSD,BUY,2022-11-09 19:00:00+00:00,,PRE_TRADE_PROJECTED_EQUITY_BREACH
REJECTED,GBPUSD,SELL,2022-11-09 23:30:00+00:00,,PRE_TRADE_PROJECTED_EQUITY_BREACH
REJECTED,EURUSD,BUY,2022-11-10 07:30:00+00:00,,PRE_TRADE_PROJECTED_EQUITY_BREACH
REJECTED,EURUSD,BUY,2022-11-10 09:00:00+00:00,,PRE_TRADE_PROJECTED_EQUITY_BREACH
REJECTED,EURUSD,BUY,2022-11-11 00:30:00+00:00,,PRE_TRADE_PROJECTED_EQUITY_BREACH
REJECTED,GBPUSD,BUY,2022-11-11 00:30:00+00:00,,PRE_TRADE_PROJECTED_EQUITY_BREACH
REJECTED,EURUSD,BUY,2022-11-13 22:00:00+00:00,,PRE_TRADE_PROJECTED_EQUITY_BREACH
REJECTED,GBPUSD,BUY,2022-11-13 22:00:00+00:00,,PRE_TRADE_PROJECTED_EQUITY_BREACH
REJECTED,EURUSD,BUY,2022-11-14 10:30:00+00:00,,PRE_TRADE_PROJECTED_EQUITY_BREACH
REJECTED,GBPUSD,BUY,2022-11-15 00:00:00+00:00,,PRE_TRADE_PROJECTED_EQUITY_BREACH
REJECTED,EURUSD,BUY,2022-11-15 00:30:00+00:00,,PRE_TRADE_PROJECTED_EQUITY_BREACH
REJECTED,EURUSD,BUY,2022-11-15 13:00:00+00:00,,PRE_TRADE_PROJECTED_EQUITY_BREACH
REJECTED,EURUSD,BUY,2022-11-16 13:30:00+00:00,,PRE_TRADE_PROJECTED_EQUITY_BREACH
REJECTED,EURUSD,BUY,2022-11-16 18:00:00+00:00,,PRE_TRADE_PROJECTED_EQUITY_BREACH
REJECTED,EURUSD,BUY,2022-11-17 01:00:00+00:00,,PRE_TRADE_PROJECTED_EQUITY_BREACH
REJECTED,GBPUSD,BUY,2022-11-17 01:30:00+00:00,,PRE_TRADE_PROJECTED_EQUITY_BREACH
REJECTED,GBPUSD,BUY,2022-11-17 10:30:00+00:00,,PRE_TRADE_PROJECTED_EQUITY_BREACH
REJECTED,GBPUSD,BUY,2022-11-17 12:00:00+00:00,,PRE_TRADE_PROJECTED_EQUITY_BREACH
REJECTED,EURUSD,BUY,2022-11-17 13:30:00+00:00,,PRE_TRADE_PROJECTED_EQUITY_BREACH
REJECTED,GBPUSD,BUY,2022-11-21 00:00:00+00:00,,PRE_TRADE_PROJECTED_EQUITY_BREACH
REJECTED,EURUSD,BUY,2022-11-21 01:00:00+00:00,,PRE_TRADE_PROJECTED_EQUITY_BREACH
REJECTED,GBPUSD,BUY,2022-11-21 02:30:00+00:00,,PRE_TRADE_PROJECTED_EQUITY_BREACH
REJECTED,GBPUSD,BUY,2022-11-21 06:30:00+00:00,,PRE_TRADE_PROJECTED_EQUITY_BREACH
REJECTED,EURUSD,SELL,2022-11-21 13:30:00+00:00,,PRE_TRADE_PROJECTED_EQUITY_BREACH
REJECTED,EURUSD,SELL,2022-11-22 00:00:00+00:00,,PRE_TRADE_PROJECTED_EQUITY_BREACH
REJECTED,GBPUSD,BUY,2022-11-22 07:00:00+00:00,,PRE_TRADE_PROJECTED_EQUITY_BREACH
REJECTED,EURUSD,BUY,2022-11-24 08:00:00+00:00,,PRE_TRADE_PROJECTED_EQUITY_BREACH
REJECTED,GBPUSD,BUY,2022-11-25 00:00:00+00:00,,PRE_TRADE_PROJECTED_EQUITY_BREACH
REJECTED,EURUSD,BUY,2022-11-25 13:00:00+00:00,,PRE_TRADE_PROJECTED_EQUITY_BREACH
REJECTED,EURUSD,BUY,2022-11-27 22:00:00+00:00,,PRE_TRADE_PROJECTED_EQUITY_BREACH
REJECTED,GBPUSD,BUY,2022-11-27 22:00:00+00:00,,PRE_TRADE_PROJECTED_EQUITY_BREACH
REJECTED,EURUSD,BUY,2022-11-28 15:30:00+00:00,,PRE_TRADE_PROJECTED_EQUITY_BREACH
REJECTED,EURUSD,BUY,2022-11-28 17:30:00+00:00,,PRE_TRADE_PROJECTED_EQUITY_BREACH
REJECTED,GBPUSD,BUY,2022-11-28 18:00:00+00:00,,PRE_TRADE_PROJECTED_EQUITY_BREACH
REJECTED,EURUSD,BUY,2022-12-02 13:30:00+00:00,,PRE_TRADE_PROJECTED_EQUITY_BREACH
REJECTED,GBPUSD,BUY,2022-12-02 13:30:00+00:00,,PRE_TRADE_PROJECTED_EQUITY_BREACH
REJECTED,GBPUSD,BUY,2022-12-05 06:30:00+00:00,,PRE_TRADE_PROJECTED_EQUITY_BREACH
REJECTED,EURUSD,BUY,2022-12-05 07:00:00+00:00,,PRE_TRADE_PROJECTED_EQUITY_BREACH
REJECTED,EURUSD,BUY,2022-12-05 15:00:00+00:00,,PRE_TRADE_PROJECTED_EQUITY_BREACH
REJECTED,GBPUSD,BUY,2022-12-05 15:00:00+00:00,,PRE_TRADE_PROJECTED_EQUITY_BREACH
REJECTED,GBPUSD,BUY,2022-12-05 16:30:00+00:00,,PRE_TRADE_PROJECTED_EQUITY_BREACH
REJECTED,EURUSD,BUY,2022-12-06 14:30:00+00:00,,PRE_TRADE_PROJECTED_EQUITY_BREACH
REJECTED,GBPUSD,BUY,2022-12-06 15:00:00+00:00,,PRE_TRADE_PROJECTED_EQUITY_BREACH
REJECTED,EURUSD,BUY,2022-12-06 18:30:00+00:00,,PRE_TRADE_PROJECTED_EQUITY_BREACH
REJECTED,GBPUSD,BUY,2022-12-06 18:30:00+00:00,,PRE_TRADE_PROJECTED_EQUITY_BREACH
REJECTED,GBPUSD,BUY,2022-12-06 21:00:00+00:00,,PRE_TRADE_PROJECTED_EQUITY_BREACH
REJECTED,GBPUSD,BUY,2022-12-07 06:00:00+00:00,,PRE_TRADE_PROJECTED_EQUITY_BREACH
REJECTED,EURUSD,BUY,2022-12-07 06:30:00+00:00,,PRE_TRADE_PROJECTED_EQUITY_BREACH
REJECTED,GBPUSD,BUY,2022-12-08 01:00:00+00:00,,PRE_TRADE_PROJECTED_EQUITY_BREACH
REJECTED,GBPUSD,BUY,2022-12-08 09:00:00+00:00,,PRE_TRADE_PROJECTED_EQUITY_BREACH
REJECTED,GBPUSD,BUY,2022-12-08 22:00:00+00:00,,PRE_TRADE_PROJECTED_EQUITY_BREACH
REJECTED,GBPUSD,BUY,2022-12-09 08:00:00+00:00,,PRE_TRADE_PROJECTED_EQUITY_BREACH
REJECTED,EURUSD,BUY,2022-12-09 08:30:00+00:00,,PRE_TRADE_PROJECTED_EQUITY_BREACH
REJECTED,EURUSD,BUY,2022-12-09 15:00:00+00:00,,PRE_TRADE_PROJECTED_EQUITY_BREACH
REJECTED,EURUSD,BUY,2022-12-09 20:30:00+00:00,,PRE_TRADE_PROJECTED_EQUITY_BREACH
REJECTED,GBPUSD,BUY,2022-12-09 20:30:00+00:00,,PRE_TRADE_PROJECTED_EQUITY_BREACH
REJECTED,EURUSD,BUY,2022-12-11 23:30:00+00:00,,PRE_TRADE_PROJECTED_EQUITY_BREACH
REJECTED,GBPUSD,BUY,2022-12-11 23:30:00+00:00,,PRE_TRADE_PROJECTED_EQUITY_BREACH
REJECTED,EURUSD,BUY,2022-12-12 02:00:00+00:00,,PRE_TRADE_PROJECTED_EQUITY_BREACH
REJECTED,EURUSD,BUY,2022-12-12 15:30:00+00:00,,PRE_TRADE_PROJECTED_EQUITY_BREACH
REJECTED,GBPUSD,BUY,2022-12-13 03:30:00+00:00,,PRE_TRADE_PROJECTED_EQUITY_BREACH
REJECTED,EURUSD,BUY,2022-12-13 09:00:00+00:00,,PRE_TRADE_PROJECTED_EQUITY_BREACH
REJECTED,GBPUSD,BUY,2022-12-14 00:00:00+00:00,,PRE_TRADE_PROJECTED_EQUITY_BREACH
REJECTED,EURUSD,BUY,2022-12-15 00:00:00+00:00,,PRE_TRADE_PROJECTED_EQUITY_BREACH
REJECTED,GBPUSD,BUY,2022-12-15 04:00:00+00:00,,PRE_TRADE_PROJECTED_EQUITY_BREACH
REJECTED,EURUSD,BUY,2022-12-15 04:30:00+00:00,,PRE_TRADE_PROJECTED_EQUITY_BREACH
REJECTED,EURUSD,BUY,2022-12-15 08:00:00+00:00,,PRE_TRADE_PROJECTED_EQUITY_BREACH
REJECTED,GBPUSD,BUY,2022-12-15 08:00:00+00:00,,PRE_TRADE_PROJECTED_EQUITY_BREACH
REJECTED,GBPUSD,BUY,2022-12-15 13:00:00+00:00,,PRE_TRADE_PROJECTED_EQUITY_BREACH
REJECTED,GBPUSD,BUY,2022-12-15 15:00:00+00:00,,PRE_TRADE_PROJECTED_EQUITY_BREACH
REJECTED,EURUSD,BUY,2022-12-15 17:00:00+00:00,,PRE_TRADE_PROJECTED_EQUITY_BREACH
REJECTED,GBPUSD,SELL,2022-12-16 00:00:00+00:00,,PRE_TRADE_PROJECTED_EQUITY_BREACH
REJECTED,GBPUSD,SELL,2022-12-19 01:30:00+00:00,,PRE_TRADE_PROJECTED_EQUITY_BREACH
REJECTED,GBPUSD,SELL,2022-12-19 08:00:00+00:00,,PRE_TRADE_PROJECTED_EQUITY_BREACH
REJECTED,EURUSD,BUY,2022-12-20 05:00:00+00:00,,PRE_TRADE_PROJECTED_EQUITY_BREACH
REJECTED,GBPUSD,SELL,2022-12-20 19:30:00+00:00,,PRE_TRADE_PROJECTED_EQUITY_BREACH
REJECTED,GBPUSD,SELL,2022-12-22 01:00:00+00:00,,PRE_TRADE_PROJECTED_EQUITY_BREACH
REJECTED,GBPUSD,SELL,2022-12-22 20:00:00+00:00,,PRE_TRADE_PROJECTED_EQUITY_BREACH
REJECTED,GBPUSD,SELL,2022-12-23 07:30:00+00:00,,PRE_TRADE_PROJECTED_EQUITY_BREACH
REJECTED,GBPUSD,SELL,2022-12-26 10:30:00+00:00,,PRE_TRADE_PROJECTED_EQUITY_BREACH
REJECTED,GBPUSD,SELL,2022-12-26 22:00:00+00:00,,PRE_TRADE_PROJECTED_EQUITY_BREACH
REJECTED,EURUSD,BUY,2022-12-27 12:30:00+00:00,,PRE_TRADE_PROJECTED_EQUITY_BREACH
REJECTED,EURUSD,BUY,2022-12-28 00:00:00+00:00,,PRE_TRADE_PROJECTED_EQUITY_BREACH
REJECTED,EURUSD,BUY,2022-12-28 09:00:00+00:00,,PRE_TRADE_PROJECTED_EQUITY_BREACH
REJECTED,GBPUSD,SELL,2022-12-28 10:30:00+00:00,,PRE_TRADE_PROJECTED_EQUITY_BREACH
REJECTED,EURUSD,SELL,2022-12-28 23:00:00+00:00,,PRE_TRADE_PROJECTED_EQUITY_BREACH
REJECTED,GBPUSD,SELL,2022-12-29 00:30:00+00:00,,PRE_TRADE_PROJECTED_EQUITY_BREACH
REJECTED,EURUSD,BUY,2022-12-29 04:00:00+00:00,,PRE_TRADE_PROJECTED_EQUITY_BREACH
REJECTED,EURUSD,BUY,2022-12-29 21:30:00+00:00,,PRE_TRADE_PROJECTED_EQUITY_BREACH
REJECTED,EURUSD,BUY,2022-12-29 23:00:00+00:00,,PRE_TRADE_PROJECTED_EQUITY_BREACH
REJECTED,EURUSD,BUY,2022-12-30 05:30:00+00:00,,PRE_TRADE_PROJECTED_EQUITY_BREACH
ACCEPTED,EURUSD,SELL,2015-01-14 06:00:00+00:00,1.17905,CLOSED_DISCRETIONARY_EXIT
ACCEPTED,EURUSD,SELL,2015-01-14 14:00:00+00:00,1.18245,CLOSED_DISCRETIONARY_EXIT
ACCEPTED,GBPUSD,BUY,2015-01-15 07:30:00+00:00,1.52114,CLOSED_SL
ACCEPTED,EURUSD,SELL,2015-01-15 22:00:00+00:00,1.16294,CLOSED_DISCRETIONARY_EXIT
ACCEPTED,EURUSD,SELL,2015-01-16 18:30:00+00:00,1.15617,CLOSED_DISCRETIONARY_EXIT
ACCEPTED,EURUSD,SELL,2015-01-19 07:30:00+00:00,1.15795,CLOSED_SL
ACCEPTED,EURUSD,SELL,2015-01-19 14:30:00+00:00,1.16172,CLOSED_DISCRETIONARY_EXIT
ACCEPTED,GBPUSD,SELL,2015-01-20 08:00:00+00:00,1.51022,CLOSED_SL
ACCEPTED,GBPUSD,SELL,2015-01-20 09:00:00+00:00,1.51231,CLOSED_SL
ACCEPTED,GBPUSD,SELL,2015-01-21 03:30:00+00:00,1.51544,CLOSED_SL
ACCEPTED,EURUSD,SELL,2015-01-21 03:00:00+00:00,1.15657,CLOSED_DISCRETIONARY_EXIT
ACCEPTED,EURUSD,SELL,2015-01-21 06:30:00+00:00,1.15830,CLOSED_DISCRETIONARY_EXIT
ACCEPTED,EURUSD,SELL,2015-01-21 14:00:00+00:00,1.16319,CLOSED_SL
ACCEPTED,EURUSD,SELL,2015-01-21 22:00:00+00:00,1.16085,CLOSED_DISCRETIONARY_EXIT
ACCEPTED,GBPUSD,SELL,2015-01-22 01:30:00+00:00,1.51558,CLOSED_DISCRETIONARY_EXIT
ACCEPTED,GBPUSD,SELL,2015-01-22 08:30:00+00:00,1.51493,CLOSED_SL
ACCEPTED,GBPUSD,SELL,2015-01-22 09:30:00+00:00,1.51605,CLOSED_SL
ACCEPTED,GBPUSD,BUY,2015-01-22 14:30:00+00:00,1.51422,CLOSED_SL
ACCEPTED,GBPUSD,SELL,2015-01-26 05:30:00+00:00,1.50022,CLOSED_SL
ACCEPTED,EURUSD,SELL,2015-01-26 06:30:00+00:00,1.11926,CLOSED_SL
ACCEPTED,EURUSD,SELL,2015-01-26 14:00:00+00:00,1.12679,CLOSED_DISCRETIONARY_EXIT
ACCEPTED,GBPUSD,SELL,2015-01-26 15:00:00+00:00,1.50514,CLOSED_SL
ACCEPTED,GBPUSD,SELL,2015-01-27 01:30:00+00:00,1.51011,CLOSED_DISCRETIONARY_EXIT
ACCEPTED,EURUSD,SELL,2015-01-27 08:30:00+00:00,1.12860,CLOSED_SL
ACCEPTED,EURUSD,SELL,2015-01-27 14:00:00+00:00,1.13375,CLOSED_SL
ACCEPTED,EURUSD,SELL,2015-01-27 21:00:00+00:00,1.13786,CLOSED_DISCRETIONARY_EXIT
ACCEPTED,GBPUSD,BUY,2015-01-27 23:00:00+00:00,1.51920,CLOSED_SL
ACCEPTED,GBPUSD,BUY,2015-01-28 02:30:00+00:00,1.51648,CLOSED_DISCRETIONARY_EXIT
ACCEPTED,EURUSD,SELL,2015-01-28 06:30:00+00:00,1.13678,CLOSED_DISCRETIONARY_EXIT
ACCEPTED,GBPUSD,BUY,2015-01-28 15:30:00+00:00,1.51743,CLOSED_DISCRETIONARY_EXIT
ACCEPTED,GBPUSD,BUY,2015-01-28 20:00:00+00:00,1.51616,CLOSED_SL
ACCEPTED,GBPUSD,BUY,2015-01-29 04:30:00+00:00,1.51415,CLOSED_DISCRETIONARY_EXIT
ACCEPTED,EURUSD,SELL,2015-01-29 07:30:00+00:00,1.12911,CLOSED_DISCRETIONARY_EXIT
ACCEPTED,GBPUSD,BUY,2015-01-29 08:30:00+00:00,1.51228,CLOSED_DISCRETIONARY_EXIT
ACCEPTED,EURUSD,SELL,2015-01-29 15:30:00+00:00,1.13557,CLOSED_DISCRETIONARY_EXIT
ACCEPTED,EURUSD,SELL,2015-01-29 21:00:00+00:00,1.13236,CLOSED_DISCRETIONARY_EXIT
ACCEPTED,GBPUSD,SELL,2015-01-30 00:00:00+00:00,1.50763,CLOSED_DISCRETIONARY_EXIT
ACCEPTED,EURUSD,SELL,2015-01-30 06:00:00+00:00,1.13380,CLOSED_DISCRETIONARY_EXIT
ACCEPTED,GBPUSD,SELL,2015-01-30 20:00:00+00:00,1.50558,CLOSED_SL
ACCEPTED,GBPUSD,SELL,2015-01-30 21:30:00+00:00,1.50740,CLOSED_TIMEOUT_EXIT
ACCEPTED,EURUSD,SELL,2015-02-02 02:00:00+00:00,1.13142,CLOSED_DISCRETIONARY_EXIT
ACCEPTED,GBPUSD,SELL,2015-02-02 14:30:00+00:00,1.50427,CLOSED_SL
ACCEPTED,EURUSD,SELL,2015-02-03 11:00:00+00:00,1.13494,CLOSED_DISCRETIONARY_EXIT
ACCEPTED,GBPUSD,SELL,2015-02-03 11:30:00+00:00,1.50623,CLOSED_SL
ACCEPTED,EURUSD,SELL,2015-02-03 13:30:00+00:00,1.13839,CLOSED_SL
ACCEPTED,GBPUSD,SELL,2015-02-03 13:30:00+00:00,1.50899,CLOSED_SL
ACCEPTED,EURUSD,BUY,2015-02-03 23:00:00+00:00,1.14687,CLOSED_DISCRETIONARY_EXIT
ACCEPTED,EURUSD,BUY,2015-02-04 15:00:00+00:00,1.14058,CLOSED_DISCRETIONARY_EXIT
ACCEPTED,EURUSD,BUY,2015-02-04 21:30:00+00:00,1.13466,CLOSED_DISCRETIONARY_EXIT
ACCEPTED,GBPUSD,BUY,2015-02-04 21:30:00+00:00,1.51915,CLOSED_DISCRETIONARY_EXIT
ACCEPTED,EURUSD,SELL,2015-02-05 08:00:00+00:00,1.13799,CLOSED_DISCRETIONARY_EXIT
ACCEPTED,EURUSD,BUY,2015-02-05 23:30:00+00:00,1.14718,CLOSED_DISCRETIONARY_EXIT
ACCEPTED,EURUSD,BUY,2015-02-06 07:30:00+00:00,1.14577,CLOSED_SL
ACCEPTED,GBPUSD,BUY,2015-02-06 07:30:00+00:00,1.53206,CLOSED_DISCRETIONARY_EXIT
ACCEPTED,GBPUSD,BUY,2015-02-10 09:30:00+00:00,1.52211,CLOSED_SL
ACCEPTED,EURUSD,SELL,2015-02-11 01:30:00+00:00,1.13273,CLOSED_DISCRETIONARY_EXIT
ACCEPTED,GBPUSD,BUY,2015-02-11 04:30:00+00:00,1.52468,CLOSED_DISCRETIONARY_EXIT
ACCEPTED,GBPUSD,BUY,2015-02-11 14:30:00+00:00,1.52850,CLOSED_SL
ACCEPTED,EURUSD,SELL,2015-02-11 22:30:00+00:00,1.13417,CLOSED_DISCRETIONARY_EXIT
ACCEPTED,GBPUSD,BUY,2015-02-12 03:30:00+00:00,1.52266,CLOSED_DISCRETIONARY_EXIT
ACCEPTED,EURUSD,SELL,2015-02-12 08:00:00+00:00,1.13247,CLOSED_SL
ACCEPTED,GBPUSD,BUY,2015-02-12 23:00:00+00:00,1.53851,CLOSED_DISCRETIONARY_EXIT
ACCEPTED,EURUSD,BUY,2015-02-13 01:30:00+00:00,1.14015,CLOSED_DISCRETIONARY_EXIT
ACCEPTED,GBPUSD,BUY,2015-02-13 08:30:00+00:00,1.53836,CLOSED_DISCRETIONARY_EXIT
ACCEPTED,GBPUSD,BUY,2015-02-16 10:30:00+00:00,1.53888,CLOSED_DISCRETIONARY_EXIT
ACCEPTED,EURUSD,BUY,2015-02-16 16:30:00+00:00,1.13970,CLOSED_SL
ACCEPTED,GBPUSD,BUY,2015-02-16 17:30:00+00:00,1.53633,CLOSED_SL
ACCEPTED,EURUSD,SELL,2015-02-17 03:00:00+00:00,1.13519,CLOSED_DISCRETIONARY_EXIT
ACCEPTED,GBPUSD,BUY,2015-02-17 07:30:00+00:00,1.53644,CLOSED_SL
ACCEPTED,GBPUSD,BUY,2015-02-17 08:30:00+00:00,1.53567,CLOSED_SL
ACCEPTED,GBPUSD,BUY,2015-02-17 13:30:00+00:00,1.53549,CLOSED_SL
ACCEPTED,GBPUSD,BUY,2015-02-17 15:30:00+00:00,1.53240,CLOSED_DISCRETIONARY_EXIT
ACCEPTED,EURUSD,BUY,2015-02-17 15:30:00+00:00,1.13886,CLOSED_DISCRETIONARY_EXIT
ACCEPTED,GBPUSD,BUY,2015-02-17 23:00:00+00:00,1.53510,CLOSED_DISCRETIONARY_EXIT
ACCEPTED,EURUSD,BUY,2015-02-18 02:00:00+00:00,1.14030,CLOSED_DISCRETIONARY_EXIT
ACCEPTED,EURUSD,BUY,2015-02-18 08:00:00+00:00,1.13920,CLOSED_SL
ACCEPTED,EURUSD,BUY,2015-02-18 11:30:00+00:00,1.13709,CLOSED_DISCRETIONARY_EXIT
ACCEPTED,GBPUSD,BUY,2015-02-19 19:30:00+00:00,1.54141,CLOSED_DISCRETIONARY_EXIT
ACCEPTED,GBPUSD,BUY,2015-02-20 06:30:00+00:00,1.54276,CLOSED_SL
ACCEPTED,GBPUSD,BUY,2015-02-20 09:30:00+00:00,1.53599,CLOSED_DISCRETIONARY_EXIT
ACCEPTED,EURUSD,BUY,2015-02-23 00:30:00+00:00,1.13679,CLOSED_DISCRETIONARY_EXIT
ACCEPTED,GBPUSD,BUY,2015-02-23 00:30:00+00:00,1.53837,CLOSED_DISCRETIONARY_EXIT
ACCEPTED,EURUSD,BUY,2015-02-23 05:30:00+00:00,1.13792,CLOSED_DISCRETIONARY_EXIT
ACCEPTED,GBPUSD,BUY,2015-02-23 09:30:00+00:00,1.53750,CLOSED_SL
ACCEPTED,EURUSD,SELL,2015-02-23 15:30:00+00:00,1.13364,CLOSED_SL
ACCEPTED,GBPUSD,BUY,2015-02-24 02:00:00+00:00,1.54532,CLOSED_SL
ACCEPTED,EURUSD,SELL,2015-02-25 07:30:00+00:00,1.13800,CLOSED_DISCRETIONARY_EXIT
ACCEPTED,GBPUSD,BUY,2015-02-25 13:00:00+00:00,1.54750,CLOSED_DISCRETIONARY_EXIT
ACCEPTED,GBPUSD,BUY,2015-02-26 08:30:00+00:00,1.55290,CLOSED_DISCRETIONARY_EXIT
ACCEPTED,GBPUSD,BUY,2015-02-26 12:30:00+00:00,1.55133,CLOSED_SL
ACCEPTED,EURUSD,SELL,2015-02-27 00:30:00+00:00,1.12076,CLOSED_DISCRETIONARY_EXIT
ACCEPTED,GBPUSD,SELL,2015-02-27 00:30:00+00:00,1.54222,CLOSED_DISCRETIONARY_EXIT
ACCEPTED,EURUSD,SELL,2015-03-02 06:00:00+00:00,1.11805,CLOSED_DISCRETIONARY_EXIT
ACCEPTED,GBPUSD,SELL,2015-03-02 06:00:00+00:00,1.54097,CLOSED_DISCRETIONARY_EXIT
ACCEPTED,EURUSD,SELL,2015-03-02 10:00:00+00:00,1.12137,CLOSED_SL
ACCEPTED,GBPUSD,SELL,2015-03-02 10:00:00+00:00,1.54162,CLOSED_DISCRETIONARY_EXIT
ACCEPTED,EURUSD,SELL,2015-03-03 02:00:00+00:00,1.11922,CLOSED_DISCRETIONARY_EXIT
ACCEPTED,GBPUSD,SELL,2015-03-03 15:00:00+00:00,1.53896,CLOSED_DISCRETIONARY_EXIT
ACCEPTED,EURUSD,SELL,2015-03-04 00:00:00+00:00,1.11815,CLOSED_DISCRETIONARY_EXIT
ACCEPTED,EURUSD,SELL,2015-03-04 22:30:00+00:00,1.10797,CLOSED_DISCRETIONARY_EXIT
ACCEPTED,GBPUSD,SELL,2015-03-05 22:30:00+00:00,1.52482,CLOSED_DISCRETIONARY_EXIT
ACCEPTED,GBPUSD,SELL,2015-03-09 00:00:00+00:00,1.50597,CLOSED_DISCRETIONARY_EXIT
ACCEPTED,GBPUSD,SELL,2015-03-09 06:00:00+00:00,1.50670,CLOSED_DISCRETIONARY_EXIT
ACCEPTED,EURUSD,SELL,2015-03-09 08:00:00+00:00,1.08566,CLOSED_SL
ACCEPTED,GBPUSD,SELL,2015-03-09 19:30:00+00:00,1.51239,CLOSED_DISCRETIONARY_EXIT
ACCEPTED,GBPUSD,SELL,2015-03-12 07:30:00+00:00,1.49463,CLOSED_SL
ACCEPTED,EURUSD,SELL,2015-03-12 07:30:00+00:00,1.05342,CLOSED_SL
ACCEPTED,EURUSD,SELL,2015-03-12 12:30:00+00:00,1.06312,CLOSED_SL
ACCEPTED,GBPUSD,SELL,2015-03-16 02:30:00+00:00,1.47635,CLOSED_DISCRETIONARY_EXIT
ACCEPTED,GBPUSD,SELL,2015-03-16 08:00:00+00:00,1.47759,CLOSED_SL
