status,symbol,direction,time_utc,price_or_na,reason_or_outcome
REJECTED,EURUSD,SELL,2015-05-25 09:00:00+00:00,,PRE_TRADE_PROJECTED_EQUITY_BREACH
REJECTED,GBPUSD,SELL,2015-05-29 08:40:00+00:00,,PRE_TRADE_PROJECTED_EQUITY_BREACH
REJECTED,GBPUSD,BUY,2015-06-03 07:50:00+00:00,,PRE_TRADE_PROJECTED_EQUITY_BREACH
REJECTED,GBPUSD,SELL,2015-06-04 07:50:00+00:00,,PRE_TRADE_PROJECTED_EQUITY_BREACH
REJECTED,EURUSD,BUY,2015-06-05 07:05:00+00:00,,PRE_TRADE_PROJECTED_EQUITY_BREACH
REJECTED,EURUSD,BUY,2015-06-10 07:45:00+00:00,,PRE_TRADE_PROJECTED_EQUITY_BREACH
REJECTED,GBPUSD,BUY,2015-06-10 08:10:00+00:00,,PRE_TRADE_PROJECTED_EQUITY_BREACH
REJECTED,EURUSD,BUY,2015-06-15 08:05:00+00:00,,PRE_TRADE_PROJECTED_EQUITY_BREACH
REJECTED,GBPUSD,BUY,2015-06-16 08:00:00+00:00,,PRE_TRADE_PROJECTED_EQUITY_BREACH
REJECTED,EURUSD,BUY,2015-06-17 08:15:00+00:00,,PRE_TRADE_PROJECTED_EQUITY_BREACH
REJECTED,EURUSD,BUY,2015-06-18 08:55:00+00:00,,PRE_TRADE_PROJECTED_EQUITY_BREACH
REJECTED,GBPUSD,BUY,2015-06-22 07:55:00+00:00,,PRE_TRADE_PROJECTED_EQUITY_BREACH
REJECTED,EURUSD,SELL,2015-06-23 07:25:00+00:00,,PRE_TRADE_PROJECTED_EQUITY_BREACH
REJECTED,GBPUSD,BUY,2015-06-26 09:15:00+00:00,,PRE_TRADE_PROJECTED_EQUITY_BREACH
REJECTED,EURUSD,SELL,2015-06-30 07:30:00+00:00,,PRE_TRADE_PROJECTED_EQUITY_BREACH
REJECTED,GBPUSD,SELL,2015-06-30 08:40:00+00:00,,PRE_TRADE_PROJECTED_EQUITY_BREACH
REJECTED,EURUSD,SELL,2015-07-01 07:05:00+00:00,,PRE_TRADE_PROJECTED_EQUITY_BREACH
REJECTED,EURUSD,SELL,2015-07-07 08:20:00+00:00,,PRE_TRADE_PROJECTED_EQUITY_BREACH
REJECTED,GBPUSD,SELL,2015-07-08 09:15:00+00:00,,PRE_TRADE_PROJECTED_EQUITY_BREACH
REJECTED,EURUSD,BUY,2015-07-10 08:15:00+00:00,,PRE_TRADE_PROJECTED_EQUITY_BREACH
REJECTED,EURUSD,BUY,2015-07-13 08:10:00+00:00,,PRE_TRADE_PROJECTED_EQUITY_BREACH
REJECTED,GBPUSD,BUY,2015-07-13 09:05:00+00:00,,PRE_TRADE_PROJECTED_EQUITY_BREACH
REJECTED,EURUSD,SELL,2015-07-14 07:20:00+00:00,,PRE_TRADE_PROJECTED_EQUITY_BREACH
REJECTED,GBPUSD,SELL,2015-07-14 07:45:00+00:00,,PRE_TRADE_PROJECTED_EQUITY_BREACH
REJECTED,GBPUSD,BUY,2015-07-15 07:45:00+00:00,,PRE_TRADE_PROJECTED_EQUITY_BREACH
REJECTED,GBPUSD,BUY,2015-07-16 08:30:00+00:00,,PRE_TRADE_PROJECTED_EQUITY_BREACH
REJECTED,EURUSD,SELL,2015-07-16 09:05:00+00:00,,PRE_TRADE_PROJECTED_EQUITY_BREACH
REJECTED,GBPUSD,BUY,2015-07-20 07:45:00+00:00,,PRE_TRADE_PROJECTED_EQUITY_BREACH
REJECTED,GBPUSD,SELL,2015-07-27 08:10:00+00:00,,PRE_TRADE_PROJECTED_EQUITY_BREACH
REJECTED,GBPUSD,BUY,2015-07-28 09:55:00+00:00,,PRE_TRADE_PROJECTED_EQUITY_BREACH
REJECTED,EURUSD,SELL,2015-07-30 07:15:00+00:00,,PRE_TRADE_PROJECTED_EQUITY_BREACH
REJECTED,EURUSD,SELL,2015-07-31 08:40:00+00:00,,PRE_TRADE_PROJECTED_EQUITY_BREACH
REJECTED,GBPUSD,BUY,2015-08-03 08:05:00+00:00,,PRE_TRADE_PROJECTED_EQUITY_BREACH
REJECTED,EURUSD,SELL,2015-08-03 09:05:00+00:00,,PRE_TRADE_PROJECTED_EQUITY_BREACH
REJECTED,GBPUSD,BUY,2015-08-04 08:10:00+00:00,,PRE_TRADE_PROJECTED_EQUITY_BREACH
REJECTED,GBPUSD,BUY,2015-08-06 08:10:00+00:00,,PRE_TRADE_PROJECTED_EQUITY_BREACH
REJECTED,EURUSD,SELL,2015-08-06 09:15:00+00:00,,PRE_TRADE_PROJECTED_EQUITY_BREACH
REJECTED,GBPUSD,SELL,2015-08-07 08:20:00+00:00,,PRE_TRADE_PROJECTED_EQUITY_BREACH
REJECTED,GBPUSD,SELL,2015-08-10 08:55:00+00:00,,PRE_TRADE_PROJECTED_EQUITY_BREACH
REJECTED,GBPUSD,BUY,2015-08-11 08:50:00+00:00,,PRE_TRADE_PROJECTED_EQUITY_BREACH
REJECTED,EURUSD,BUY,2015-08-11 08:55:00+00:00,,PRE_TRADE_PROJECTED_EQUITY_BREACH
REJECTED,GBPUSD,BUY,2015-08-12 08:55:00+00:00,,PRE_TRADE_PROJECTED_EQUITY_BREACH
REJECTED,EURUSD,BUY,2015-08-14 08:10:00+00:00,,PRE_TRADE_PROJECTED_EQUITY_BREACH
REJECTED,GBPUSD,BUY,2015-08-14 08:15:00+00:00,,PRE_TRADE_PROJECTED_EQUITY_BREACH
REJECTED,GBPUSD,BUY,2015-08-17 09:15:00+00:00,,PRE_TRADE_PROJECTED_EQUITY_BREACH
REJECTED,GBPUSD,SELL,2015-08-18 08:20:00+00:00,,PRE_TRADE_PROJECTED_EQUITY_BREACH
REJECTED,GBPUSD,BUY,2015-08-21 08:20:00+00:00,,PRE_TRADE_PROJECTED_EQUITY_BREACH
REJECTED,GBPUSD,BUY,2015-08-25 08:55:00+00:00,,PRE_TRADE_PROJECTED_EQUITY_BREACH
REJECTED,GBPUSD,SELL,2015-08-28 09:25:00+00:00,,PRE_TRADE_PROJECTED_EQUITY_BREACH
REJECTED,GBPUSD,SELL,2015-09-02 08:10:00+00:00,,PRE_TRADE_PROJECTED_EQUITY_BREACH
REJECTED,GBPUSD,SELL,2015-09-03 07:05:00+00:00,,PRE_TRADE_PROJECTED_EQUITY_BREACH
REJECTED,GBPUSD,SELL,2015-09-04 08:30:00+00:00,,PRE_TRADE_PROJECTED_EQUITY_BREACH
REJECTED,GBPUSD,SELL,2015-09-10 08:00:00+00:00,,PRE_TRADE_PROJECTED_EQUITY_BREACH
REJECTED,EURUSD,SELL,2015-09-10 09:25:00+00:00,,PRE_TRADE_PROJECTED_EQUITY_BREACH
REJECTED,EURUSD,BUY,2015-09-11 08:35:00+00:00,,PRE_TRADE_PROJECTED_EQUITY_BREACH
REJECTED,EURUSD,BUY,2015-09-14 07:40:00+00:00,,PRE_TRADE_PROJECTED_EQUITY_BREACH
REJECTED,GBPUSD,BUY,2015-09-14 08:35:00+00:00,,PRE_TRADE_PROJECTED_EQUITY_BREACH
REJECTED,GBPUSD,BUY,2015-09-15 09:40:00+00:00,,PRE_TRADE_PROJECTED_EQUITY_BREACH
REJECTED,GBPUSD,SELL,2015-09-16 08:30:00+00:00,,PRE_TRADE_PROJECTED_EQUITY_BREACH
REJECTED,EURUSD,BUY,2015-09-17 08:50:00+00:00,,PRE_TRADE_PROJECTED_EQUITY_BREACH
REJECTED,GBPUSD,BUY,2015-09-17 09:00:00+00:00,,PRE_TRADE_PROJECTED_EQUITY_BREACH
REJECTED,GBPUSD,BUY,2015-09-18 07:25:00+00:00,,PRE_TRADE_PROJECTED_EQUITY_BREACH
REJECTED,EURUSD,BUY,2015-09-18 08:35:00+00:00,,PRE_TRADE_PROJECTED_EQUITY_BREACH
REJECTED,GBPUSD,BUY,2015-09-21 07:40:00+00:00,,PRE_TRADE_PROJECTED_EQUITY_BREACH
REJECTED,EURUSD,BUY,2015-09-21 09:05:00+00:00,,PRE_TRADE_PROJECTED_EQUITY_BREACH
REJECTED,EURUSD,SELL,2015-09-22 08:40:00+00:00,,PRE_TRADE_PROJECTED_EQUITY_BREACH
REJECTED,GBPUSD,SELL,2015-09-23 07:25:00+00:00,,PRE_TRADE_PROJECTED_EQUITY_BREACH
REJECTED,EURUSD,SELL,2015-09-28 07:15:00+00:00,,PRE_TRADE_PROJECTED_EQUITY_BREACH
REJECTED,GBPUSD,SELL,2015-09-28 08:15:00+00:00,,PRE_TRADE_PROJECTED_EQUITY_BREACH
REJECTED,GBPUSD,SELL,2015-09-30 08:15:00+00:00,,PRE_TRADE_PROJECTED_EQUITY_BREACH
REJECTED,EURUSD,SELL,2015-10-01 07:25:00+00:00,,PRE_TRADE_PROJECTED_EQUITY_BREACH
REJECTED,EURUSD,SELL,2015-10-02 07:20:00+00:00,,PRE_TRADE_PROJECTED_EQUITY_BREACH
REJECTED,EURUSD,BUY,2015-10-05 08:35:00+00:00,,PRE_TRADE_PROJECTED_EQUITY_BREACH
REJECTED,EURUSD,BUY,2015-10-08 08:00:00+00:00,,PRE_TRADE_PROJECTED_EQUITY_BREACH
REJECTED,GBPUSD,BUY,2015-10-08 08:15:00+00:00,,PRE_TRADE_PROJECTED_EQUITY_BREACH
REJECTED,GBPUSD,BUY,2015-10-09 07:20:00+00:00,,PRE_TRADE_PROJECTED_EQUITY_BREACH
REJECTED,EURUSD,BUY,2015-10-12 08:45:00+00:00,,PRE_TRADE_PROJECTED_EQUITY_BREACH
REJECTED,EURUSD,BUY,2015-10-14 07:40:00+00:00,,PRE_TRADE_PROJECTED_EQUITY_BREACH
REJECTED,EURUSD,BUY,2015-10-15 07:30:00+00:00,,PRE_TRADE_PROJECTED_EQUITY_BREACH
REJECTED,GBPUSD,BUY,2015-10-15 08:05:00+00:00,,PRE_TRADE_PROJECTED_EQUITY_BREACH
REJECTED,EURUSD,BUY,2015-10-16 07:05:00+00:00,,PRE_TRADE_PROJECTED_EQUITY_BREACH
REJECTED,GBPUSD,BUY,2015-10-16 07:40:00+00:00,,PRE_TRADE_PROJECTED_EQUITY_BREACH
REJECTED,GBPUSD,BUY,2015-10-20 09:35:00+00:00,,PRE_TRADE_PROJECTED_EQUITY_BREACH
REJECTED,GBPUSD,BUY,2015-10-22 08:25:00+00:00,,PRE_TRADE_PROJECTED_EQUITY_BREACH
REJECTED,GBPUSD,SELL,2015-10-27 08:50:00+00:00,,PRE_TRADE_PROJECTED_EQUITY_BREACH
REJECTED,GBPUSD,BUY,2015-10-30 08:25:00+00:00,,PRE_TRADE_PROJECTED_EQUITY_BREACH
REJECTED,EURUSD,SELL,2015-11-03 08:40:00+00:00,,PRE_TRADE_PROJECTED_EQUITY_BREACH
REJECTED,GBPUSD,BUY,2015-11-04 10:00:00+00:00,,PRE_TRADE_PROJECTED_EQUITY_BREACH
REJECTED,EURUSD,SELL,2015-11-05 10:30:00+00:00,,PRE_TRADE_PROJECTED_EQUITY_BREACH
REJECTED,GBPUSD,SELL,2015-11-10 08:30:00+00:00,,PRE_TRADE_PROJECTED_EQUITY_BREACH
REJECTED,EURUSD,SELL,2015-11-10 09:30:00+00:00,,PRE_TRADE_PROJECTED_EQUITY_BREACH
REJECTED,EURUSD,SELL,2015-11-13 08:15:00+00:00,,PRE_TRADE_PROJECTED_EQUITY_BREACH
REJECTED,GBPUSD,SELL,2015-11-17 08:35:00+00:00,,PRE_TRADE_PROJECTED_EQUITY_BREACH
REJECTED,GBPUSD,BUY,2015-11-20 10:20:00+00:00,,PRE_TRADE_PROJECTED_EQUITY_BREACH
REJECTED,GBPUSD,SELL,2015-11-23 09:00:00+00:00,,PRE_TRADE_PROJECTED_EQUITY_BREACH
REJECTED,GBPUSD,SELL,2015-11-24 09:00:00+00:00,,PRE_TRADE_PROJECTED_EQUITY_BREACH
REJECTED,GBPUSD,SELL,2015-11-25 09:10:00+00:00,,PRE_TRADE_PROJECTED_EQUITY_BREACH
REJECTED,EURUSD,SELL,2015-11-30 09:15:00+00:00,,PRE_TRADE_PROJECTED_EQUITY_BREACH
REJECTED,GBPUSD,SELL,2015-12-03 09:35:00+00:00,,PRE_TRADE_PROJECTED_EQUITY_BREACH
REJECTED,EURUSD,BUY,2015-12-08 09:30:00+00:00,,PRE_TRADE_PROJECTED_EQUITY_BREACH
REJECTED,EURUSD,BUY,2015-12-09 09:50:00+00:00,,PRE_TRADE_PROJECTED_EQUITY_BREACH
REJECTED,GBPUSD,BUY,2015-12-11 08:35:00+00:00,,PRE_TRADE_PROJECTED_EQUITY_BREACH
REJECTED,GBPUSD,SELL,2015-12-16 08:30:00+00:00,,PRE_TRADE_PROJECTED_EQUITY_BREACH
REJECTED,EURUSD,SELL,2015-12-18 10:30:00+00:00,,PRE_TRADE_PROJECTED_EQUITY_BREACH
REJECTED,GBPUSD,SELL,2015-12-21 08:50:00+00:00,,PRE_TRADE_PROJECTED_EQUITY_BREACH
REJECTED,EURUSD,SELL,2015-12-21 10:40:00+00:00,,PRE_TRADE_PROJECTED_EQUITY_BREACH
REJECTED,EURUSD,BUY,2015-12-22 09:05:00+00:00,,PRE_TRADE_PROJECTED_EQUITY_BREACH
REJECTED,EURUSD,BUY,2015-12-28 09:50:00+00:00,,PRE_TRADE_PROJECTED_EQUITY_BREACH
REJECTED,EURUSD,BUY,2015-12-29 08:55:00+00:00,,PRE_TRADE_PROJECTED_EQUITY_BREACH
REJECTED,GBPUSD,SELL,2015-12-29 09:05:00+00:00,,PRE_TRADE_PROJECTED_EQUITY_BREACH
REJECTED,EURUSD,BUY,2015-12-30 08:20:00+00:00,,PRE_TRADE_PROJECTED_EQUITY_BREACH
REJECTED,EURUSD,SELL,2015-12-31 08:20:00+00:00,,PRE_TRADE_PROJECTED_EQUITY_BREACH
REJECTED,EURUSD,SELL,2016-01-05 08:10:00+00:00,,PRE_TRADE_PROJECTED_EQUITY_BREACH
REJECTED,GBPUSD,SELL,2016-01-05 09:30:00+00:00,,PRE_TRADE_PROJECTED_EQUITY_BREACH
REJECTED,GBPUSD,SELL,2016-01-06 10:35:00+00:00,,PRE_TRADE_PROJECTED_EQUITY_BREACH
REJECTED,GBPUSD,SELL,2016-01-13 08:20:00+00:00,,PRE_TRADE_PROJECTED_EQUITY_BREACH
REJECTED,EURUSD,BUY,2016-01-15 08:25:00+00:00,,PRE_TRADE_PROJECTED_EQUITY_BREACH
REJECTED,EURUSD,SELL,2016-01-19 08:40:00+00:00,,PRE_TRADE_PROJECTED_EQUITY_BREACH
REJECTED,EURUSD,BUY,2016-01-20 08:25:00+00:00,,PRE_TRADE_PROJECTED_EQUITY_BREACH
REJECTED,GBPUSD,SELL,2016-01-20 09:20:00+00:00,,PRE_TRADE_PROJECTED_EQUITY_BREACH
REJECTED,GBPUSD,SELL,2016-01-21 08:05:00+00:00,,PRE_TRADE_PROJECTED_EQUITY_BREACH
REJECTED,GBPUSD,SELL,2016-01-25 10:45:00+00:00,,PRE_TRADE_PROJECTED_EQUITY_BREACH
REJECTED,EURUSD,SELL,2016-01-26 09:20:00+00:00,,PRE_TRADE_PROJECTED_EQUITY_BREACH
REJECTED,GBPUSD,SELL,2016-01-26 09:25:00+00:00,,PRE_TRADE_PROJECTED_EQUITY_BREACH
REJECTED,EURUSD,BUY,2016-01-27 09:15:00+00:00,,PRE_TRADE_PROJECTED_EQUITY_BREACH
REJECTED,GBPUSD,BUY,2016-02-03 09:20:00+00:00,,PRE_TRADE_PROJECTED_EQUITY_BREACH
REJECTED,EURUSD,BUY,2016-02-04 08:35:00+00:00,,PRE_TRADE_PROJECTED_EQUITY_BREACH
REJECTED,EURUSD,BUY,2016-02-08 08:25:00+00:00,,PRE_TRADE_PROJECTED_EQUITY_BREACH
REJECTED,GBPUSD,BUY,2016-02-10 08:15:00+00:00,,PRE_TRADE_PROJECTED_EQUITY_BREACH
REJECTED,EURUSD,BUY,2016-02-11 08:45:00+00:00,,PRE_TRADE_PROJECTED_EQUITY_BREACH
REJECTED,GBPUSD,BUY,2016-02-12 08:30:00+00:00,,PRE_TRADE_PROJECTED_EQUITY_BREACH
REJECTED,GBPUSD,SELL,2016-02-19 10:20:00+00:00,,PRE_TRADE_PROJECTED_EQUITY_BREACH
REJECTED,EURUSD,SELL,2016-02-24 08:50:00+00:00,,PRE_TRADE_PROJECTED_EQUITY_BREACH
REJECTED,GBPUSD,SELL,2016-02-24 09:05:00+00:00,,PRE_TRADE_PROJECTED_EQUITY_BREACH
REJECTED,GBPUSD,SELL,2016-02-25 09:05:00+00:00,,PRE_TRADE_PROJECTED_EQUITY_BREACH
REJECTED,EURUSD,SELL,2016-02-26 09:00:00+00:00,,PRE_TRADE_PROJECTED_EQUITY_BREACH
REJECTED,EURUSD,SELL,2016-02-29 09:30:00+00:00,,PRE_TRADE_PROJECTED_EQUITY_BREACH
REJECTED,EURUSD,SELL,2016-03-01 08:10:00+00:00,,PRE_TRADE_PROJECTED_EQUITY_BREACH
REJECTED,EURUSD,BUY,2016-03-08 08:40:00+00:00,,PRE_TRADE_PROJECTED_EQUITY_BREACH
REJECTED,GBPUSD,BUY,2016-03-10 08:25:00+00:00,,PRE_TRADE_PROJECTED_EQUITY_BREACH
REJECTED,EURUSD,SELL,2016-03-10 08:35:00+00:00,,PRE_TRADE_PROJECTED_EQUITY_BREACH
REJECTED,GBPUSD,BUY,2016-03-11 09:35:00+00:00,,PRE_TRADE_PROJECTED_EQUITY_BREACH
REJECTED,EURUSD,BUY,2016-03-15 09:10:00+00:00,,PRE_TRADE_PROJECTED_EQUITY_BREACH
REJECTED,GBPUSD,SELL,2016-03-16 10:25:00+00:00,,PRE_TRADE_PROJECTED_EQUITY_BREACH
REJECTED,GBPUSD,BUY,2016-03-17 10:40:00+00:00,,PRE_TRADE_PROJECTED_EQUITY_BREACH
REJECTED,GBPUSD,SELL,2016-03-23 09:50:00+00:00,,PRE_TRADE_PROJECTED_EQUITY_BREACH
REJECTED,EURUSD,SELL,2016-03-24 08:25:00+00:00,,PRE_TRADE_PROJECTED_EQUITY_BREACH
REJECTED,GBPUSD,SELL,2016-03-24 08:25:00+00:00,,PRE_TRADE_PROJECTED_EQUITY_BREACH
REJECTED,GBPUSD,BUY,2016-03-30 07:20:00+00:00,,PRE_TRADE_PROJECTED_EQUITY_BREACH
REJECTED,EURUSD,BUY,2016-03-30 07:25:00+00:00,,PRE_TRADE_PROJECTED_EQUITY_BREACH
REJECTED,EURUSD,BUY,2016-03-31 09:05:00+00:00,,PRE_TRADE_PROJECTED_EQUITY_BREACH
REJECTED,EURUSD,BUY,2016-04-01 07:45:00+00:00,,PRE_TRADE_PROJECTED_EQUITY_BREACH
REJECTED,GBPUSD,SELL,2016-04-04 07:05:00+00:00,,PRE_TRADE_PROJECTED_EQUITY_BREACH
REJECTED,GBPUSD,SELL,2016-04-06 07:10:00+00:00,,PRE_TRADE_PROJECTED_EQUITY_BREACH
REJECTED,GBPUSD,SELL,2016-04-07 08:10:00+00:00,,PRE_TRADE_PROJECTED_EQUITY_BREACH
REJECTED,EURUSD,BUY,2016-04-08 08:45:00+00:00,,PRE_TRADE_PROJECTED_EQUITY_BREACH
REJECTED,EURUSD,BUY,2016-04-12 07:40:00+00:00,,PRE_TRADE_PROJECTED_EQUITY_BREACH
REJECTED,GBPUSD,SELL,2016-04-14 07:50:00+00:00,,PRE_TRADE_PROJECTED_EQUITY_BREACH
REJECTED,EURUSD,SELL,2016-04-14 09:00:00+00:00,,PRE_TRADE_PROJECTED_EQUITY_BREACH
REJECTED,EURUSD,SELL,2016-04-15 08:05:00+00:00,,PRE_TRADE_PROJECTED_EQUITY_BREACH
REJECTED,EURUSD,BUY,2016-04-19 07:15:00+00:00,,PRE_TRADE_PROJECTED_EQUITY_BREACH
REJECTED,GBPUSD,BUY,2016-04-19 08:35:00+00:00,,PRE_TRADE_PROJECTED_EQUITY_BREACH
REJECTED,GBPUSD,BUY,2016-04-21 07:15:00+00:00,,PRE_TRADE_PROJECTED_EQUITY_BREACH
REJECTED,GBPUSD,BUY,2016-04-22 07:35:00+00:00,,PRE_TRADE_PROJECTED_EQUITY_BREACH
REJECTED,EURUSD,SELL,2016-04-22 08:05:00+00:00,,PRE_TRADE_PROJECTED_EQUITY_BREACH
REJECTED,EURUSD,SELL,2016-04-26 08:10:00+00:00,,PRE_TRADE_PROJECTED_EQUITY_BREACH
REJECTED,EURUSD,BUY,2016-04-28 07:30:00+00:00,,PRE_TRADE_PROJECTED_EQUITY_BREACH
REJECTED,GBPUSD,BUY,2016-04-29 08:15:00+00:00,,PRE_TRADE_PROJECTED_EQUITY_BREACH
REJECTED,EURUSD,BUY,2016-04-29 08:30:00+00:00,,PRE_TRADE_PROJECTED_EQUITY_BREACH
REJECTED,GBPUSD,BUY,2016-05-02 07:55:00+00:00,,PRE_TRADE_PROJECTED_EQUITY_BREACH
REJECTED,GBPUSD,SELL,2016-05-05 08:25:00+00:00,,PRE_TRADE_PROJECTED_EQUITY_BREACH
REJECTED,GBPUSD,SELL,2016-05-06 07:35:00+00:00,,PRE_TRADE_PROJECTED_EQUITY_BREACH
REJECTED,GBPUSD,SELL,2016-05-12 07:50:00+00:00,,PRE_TRADE_PROJECTED_EQUITY_BREACH
REJECTED,GBPUSD,SELL,2016-05-13 07:25:00+00:00,,PRE_TRADE_PROJECTED_EQUITY_BREACH
REJECTED,GBPUSD,SELL,2016-05-18 07:15:00+00:00,,PRE_TRADE_PROJECTED_EQUITY_BREACH
REJECTED,EURUSD,SELL,2016-05-18 07:50:00+00:00,,PRE_TRADE_PROJECTED_EQUITY_BREACH
REJECTED,GBPUSD,BUY,2016-05-20 07:10:00+00:00,,PRE_TRADE_PROJECTED_EQUITY_BREACH
REJECTED,EURUSD,SELL,2016-05-23 09:05:00+00:00,,PRE_TRADE_PROJECTED_EQUITY_BREACH
REJECTED,EURUSD,SELL,2016-05-24 08:15:00+00:00,,PRE_TRADE_PROJECTED_EQUITY_BREACH
REJECTED,GBPUSD,BUY,2016-05-26 09:00:00+00:00,,PRE_TRADE_PROJECTED_EQUITY_BREACH
REJECTED,EURUSD,SELL,2016-05-27 08:25:00+00:00,,PRE_TRADE_PROJECTED_EQUITY_BREACH
REJECTED,EURUSD,SELL,2016-05-31 07:30:00+00:00,,PRE_TRADE_PROJECTED_EQUITY_BREACH
REJECTED,EURUSD,BUY,2016-06-02 08:25:00+00:00,,PRE_TRADE_PROJECTED_EQUITY_BREACH
REJECTED,EURUSD,BUY,2016-06-07 08:10:00+00:00,,PRE_TRADE_PROJECTED_EQUITY_BREACH
REJECTED,EURUSD,BUY,2016-06-08 08:20:00+00:00,,PRE_TRADE_PROJECTED_EQUITY_BREACH
REJECTED,GBPUSD,SELL,2016-06-10 08:00:00+00:00,,PRE_TRADE_PROJECTED_EQUITY_BREACH
REJECTED,GBPUSD,SELL,2016-06-16 07:35:00+00:00,,PRE_TRADE_PROJECTED_EQUITY_BREACH
REJECTED,EURUSD,BUY,2016-06-16 07:40:00+00:00,,PRE_TRADE_PROJECTED_EQUITY_BREACH
REJECTED,EURUSD,BUY,2016-06-21 08:15:00+00:00,,PRE_TRADE_PROJECTED_EQUITY_BREACH
REJECTED,GBPUSD,BUY,2016-06-22 08:25:00+00:00,,PRE_TRADE_PROJECTED_EQUITY_BREACH
REJECTED,GBPUSD,SELL,2016-06-27 09:40:00+00:00,,PRE_TRADE_PROJECTED_EQUITY_BREACH
REJECTED,GBPUSD,SELL,2016-07-01 07:15:00+00:00,,PRE_TRADE_PROJECTED_EQUITY_BREACH
REJECTED,EURUSD,SELL,2016-07-04 09:00:00+00:00,,PRE_TRADE_PROJECTED_EQUITY_BREACH
REJECTED,GBPUSD,SELL,2016-07-05 07:10:00+00:00,,PRE_TRADE_PROJECTED_EQUITY_BREACH
REJECTED,EURUSD,BUY,2016-07-05 09:35:00+00:00,,PRE_TRADE_PROJECTED_EQUITY_BREACH
REJECTED,EURUSD,SELL,2016-07-07 08:55:00+00:00,,PRE_TRADE_PROJECTED_EQUITY_BREACH
REJECTED,EURUSD,SELL,2016-07-11 09:35:00+00:00,,PRE_TRADE_PROJECTED_EQUITY_BREACH
REJECTED,EURUSD,SELL,2016-07-13 08:05:00+00:00,,PRE_TRADE_PROJECTED_EQUITY_BREACH
REJECTED,EURUSD,BUY,2016-07-14 07:25:00+00:00,,PRE_TRADE_PROJECTED_EQUITY_BREACH
REJECTED,GBPUSD,BUY,2016-07-14 08:05:00+00:00,,PRE_TRADE_PROJECTED_EQUITY_BREACH
REJECTED,GBPUSD,BUY,2016-07-18 09:55:00+00:00,,PRE_TRADE_PROJECTED_EQUITY_BREACH
REJECTED,EURUSD,SELL,2016-07-22 08:25:00+00:00,,PRE_TRADE_PROJECTED_EQUITY_BREACH
REJECTED,GBPUSD,SELL,2016-07-26 07:55:00+00:00,,PRE_TRADE_PROJECTED_EQUITY_BREACH
REJECTED,GBPUSD,SELL,2016-07-27 09:50:00+00:00,,PRE_TRADE_PROJECTED_EQUITY_BREACH
REJECTED,EURUSD,BUY,2016-07-29 08:05:00+00:00,,PRE_TRADE_PROJECTED_EQUITY_BREACH
REJECTED,EURUSD,BUY,2016-08-02 07:35:00+00:00,,PRE_TRADE_PROJECTED_EQUITY_BREACH
REJECTED,GBPUSD,SELL,2016-08-09 08:00:00+00:00,,PRE_TRADE_PROJECTED_EQUITY_BREACH
REJECTED,EURUSD,BUY,2016-08-12 08:15:00+00:00,,PRE_TRADE_PROJECTED_EQUITY_BREACH
REJECTED,EURUSD,BUY,2016-08-15 09:30:00+00:00,,PRE_TRADE_PROJECTED_EQUITY_BREACH
REJECTED,EURUSD,BUY,2016-08-23 08:05:00+00:00,,PRE_TRADE_PROJECTED_EQUITY_BREACH
REJECTED,EURUSD,BUY,2016-08-25 09:15:00+00:00,,PRE_TRADE_PROJECTED_EQUITY_BREACH
REJECTED,GBPUSD,BUY,2016-08-26 07:15:00+00:00,,PRE_TRADE_PROJECTED_EQUITY_BREACH
REJECTED,EURUSD,SELL,2016-08-29 08:35:00+00:00,,PRE_TRADE_PROJECTED_EQUITY_BREACH
REJECTED,EURUSD,SELL,2016-08-30 07:10:00+00:00,,PRE_TRADE_PROJECTED_EQUITY_BREACH
REJECTED,GBPUSD,SELL,2016-08-30 09:30:00+00:00,,PRE_TRADE_PROJECTED_EQUITY_BREACH
REJECTED,EURUSD,SELL,2016-08-31 08:35:00+00:00,,PRE_TRADE_PROJECTED_EQUITY_BREACH
REJECTED,EURUSD,SELL,2016-09-02 07:55:00+00:00,,PRE_TRADE_PROJECTED_EQUITY_BREACH
REJECTED,GBPUSD,BUY,2016-09-06 07:30:00+00:00,,PRE_TRADE_PROJECTED_EQUITY_BREACH
REJECTED,EURUSD,BUY,2016-09-07 07:10:00+00:00,,PRE_TRADE_PROJECTED_EQUITY_BREACH
REJECTED,EURUSD,BUY,2016-09-08 07:55:00+00:00,,PRE_TRADE_PROJECTED_EQUITY_BREACH
REJECTED,GBPUSD,BUY,2016-09-08 08:45:00+00:00,,PRE_TRADE_PROJECTED_EQUITY_BREACH
REJECTED,EURUSD,BUY,2016-09-12 08:00:00+00:00,,PRE_TRADE_PROJECTED_EQUITY_BREACH
REJECTED,GBPUSD,SELL,2016-09-15 07:30:00+00:00,,PRE_TRADE_PROJECTED_EQUITY_BREACH
REJECTED,GBPUSD,SELL,2016-09-16 08:15:00+00:00,,PRE_TRADE_PROJECTED_EQUITY_BREACH
REJECTED,EURUSD,BUY,2016-09-23 08:10:00+00:00,,PRE_TRADE_PROJECTED_EQUITY_BREACH
REJECTED,GBPUSD,SELL,2016-09-23 08:15:00+00:00,,PRE_TRADE_PROJECTED_EQUITY_BREACH
REJECTED,EURUSD,BUY,2016-09-26 09:45:00+00:00,,PRE_TRADE_PROJECTED_EQUITY_BREACH
REJECTED,EURUSD,SELL,2016-09-28 07:50:00+00:00,,PRE_TRADE_PROJECTED_EQUITY_BREACH
REJECTED,GBPUSD,SELL,2016-09-29 07:20:00+00:00,,PRE_TRADE_PROJECTED_EQUITY_BREACH
REJECTED,EURUSD,SELL,2016-09-29 09:55:00+00:00,,PRE_TRADE_PROJECTED_EQUITY_BREACH
REJECTED,EURUSD,SELL,2016-09-30 08:10:00+00:00,,PRE_TRADE_PROJECTED_EQUITY_BREACH
REJECTED,GBPUSD,SELL,2016-10-04 07:45:00+00:00,,PRE_TRADE_PROJECTED_EQUITY_BREACH
REJECTED,GBPUSD,SELL,2016-10-05 08:55:00+00:00,,PRE_TRADE_PROJECTED_EQUITY_BREACH
REJECTED,GBPUSD,SELL,2016-10-06 07:20:00+00:00,,PRE_TRADE_PROJECTED_EQUITY_BREACH
REJECTED,EURUSD,SELL,2016-10-06 08:00:00+00:00,,PRE_TRADE_PROJECTED_EQUITY_BREACH
REJECTED,EURUSD,SELL,2016-10-07 08:20:00+00:00,,PRE_TRADE_PROJECTED_EQUITY_BREACH
REJECTED,GBPUSD,SELL,2016-10-10 07:20:00+00:00,,PRE_TRADE_PROJECTED_EQUITY_BREACH
REJECTED,EURUSD,SELL,2016-10-11 08:10:00+00:00,,PRE_TRADE_PROJECTED_EQUITY_BREACH
REJECTED,EURUSD,SELL,2016-10-12 09:20:00+00:00,,PRE_TRADE_PROJECTED_EQUITY_BREACH
REJECTED,GBPUSD,SELL,2016-10-13 08:25:00+00:00,,PRE_TRADE_PROJECTED_EQUITY_BREACH
REJECTED,EURUSD,SELL,2016-10-14 07:10:00+00:00,,PRE_TRADE_PROJECTED_EQUITY_BREACH
REJECTED,GBPUSD,SELL,2016-10-14 09:35:00+00:00,,PRE_TRADE_PROJECTED_EQUITY_BREACH
REJECTED,GBPUSD,SELL,2016-10-19 07:10:00+00:00,,PRE_TRADE_PROJECTED_EQUITY_BREACH
REJECTED,GBPUSD,SELL,2016-10-20 07:40:00+00:00,,PRE_TRADE_PROJECTED_EQUITY_BREACH
REJECTED,EURUSD,SELL,2016-10-21 08:15:00+00:00,,PRE_TRADE_PROJECTED_EQUITY_BREACH
REJECTED,GBPUSD,SELL,2016-10-21 09:50:00+00:00,,PRE_TRADE_PROJECTED_EQUITY_BREACH
REJECTED,GBPUSD,SELL,2016-10-27 08:45:00+00:00,,PRE_TRADE_PROJECTED_EQUITY_BREACH
REJECTED,GBPUSD,SELL,2016-10-31 10:35:00+00:00,,PRE_TRADE_PROJECTED_EQUITY_BREACH
REJECTED,GBPUSD,BUY,2016-11-03 08:20:00+00:00,,PRE_TRADE_PROJECTED_EQUITY_BREACH
REJECTED,EURUSD,BUY,2016-11-08 10:35:00+00:00,,PRE_TRADE_PROJECTED_EQUITY_BREACH
REJECTED,GBPUSD,BUY,2016-11-10 08:10:00+00:00,,PRE_TRADE_PROJECTED_EQUITY_BREACH
REJECTED,EURUSD,SELL,2016-11-10 09:20:00+00:00,,PRE_TRADE_PROJECTED_EQUITY_BREACH
REJECTED,EURUSD,SELL,2016-11-14 08:20:00+00:00,,PRE_TRADE_PROJECTED_EQUITY_BREACH
REJECTED,EURUSD,SELL,2016-11-16 08:40:00+00:00,,PRE_TRADE_PROJECTED_EQUITY_BREACH
REJECTED,GBPUSD,SELL,2016-11-16 10:55:00+00:00,,PRE_TRADE_PROJECTED_EQUITY_BREACH
REJECTED,GBPUSD,SELL,2016-11-21 09:50:00+00:00,,PRE_TRADE_PROJECTED_EQUITY_BREACH
REJECTED,EURUSD,SELL,2016-11-23 08:30:00+00:00,,PRE_TRADE_PROJECTED_EQUITY_BREACH
REJECTED,GBPUSD,SELL,2016-11-25 08:20:00+00:00,,PRE_TRADE_PROJECTED_EQUITY_BREACH
REJECTED,GBPUSD,BUY,2016-11-30 08:45:00+00:00,,PRE_TRADE_PROJECTED_EQUITY_BREACH
REJECTED,GBPUSD,BUY,2016-12-01 10:15:00+00:00,,PRE_TRADE_PROJECTED_EQUITY_BREACH
REJECTED,GBPUSD,BUY,2016-12-02 08:05:00+00:00,,PRE_TRADE_PROJECTED_EQUITY_BREACH
REJECTED,GBPUSD,BUY,2016-12-06 08:05:00+00:00,,PRE_TRADE_PROJECTED_EQUITY_BREACH
REJECTED,EURUSD,BUY,2016-12-06 10:55:00+00:00,,PRE_TRADE_PROJECTED_EQUITY_BREACH
REJECTED,EURUSD,BUY,2016-12-07 08:30:00+00:00,,PRE_TRADE_PROJECTED_EQUITY_BREACH
REJECTED,GBPUSD,BUY,2016-12-08 08:50:00+00:00,,PRE_TRADE_PROJECTED_EQUITY_BREACH
REJECTED,EURUSD,SELL,2016-12-13 08:20:00+00:00,,PRE_TRADE_PROJECTED_EQUITY_BREACH
REJECTED,GBPUSD,BUY,2016-12-13 08:25:00+00:00,,PRE_TRADE_PROJECTED_EQUITY_BREACH
REJECTED,GBPUSD,BUY,2016-12-14 08:45:00+00:00,,PRE_TRADE_PROJECTED_EQUITY_BREACH
REJECTED,EURUSD,SELL,2016-12-14 09:00:00+00:00,,PRE_TRADE_PROJECTED_EQUITY_BREACH
REJECTED,GBPUSD,SELL,2016-12-19 10:00:00+00:00,,PRE_TRADE_PROJECTED_EQUITY_BREACH
REJECTED,EURUSD,SELL,2016-12-19 10:35:00+00:00,,PRE_TRADE_PROJECTED_EQUITY_BREACH
REJECTED,GBPUSD,SELL,2016-12-20 08:45:00+00:00,,PRE_TRADE_PROJECTED_EQUITY_BREACH
REJECTED,GBPUSD,SELL,2016-12-21 08:20:00+00:00,,PRE_TRADE_PROJECTED_EQUITY_BREACH
REJECTED,GBPUSD,SELL,2016-12-22 08:20:00+00:00,,PRE_TRADE_PROJECTED_EQUITY_BREACH
REJECTED,GBPUSD,SELL,2016-12-23 10:05:00+00:00,,PRE_TRADE_PROJECTED_EQUITY_BREACH
REJECTED,GBPUSD,SELL,2017-01-03 08:30:00+00:00,,PRE_TRADE_PROJECTED_EQUITY_BREACH
REJECTED,GBPUSD,SELL,2017-01-05 09:45:00+00:00,,PRE_TRADE_PROJECTED_EQUITY_BREACH
REJECTED,EURUSD,BUY,2017-01-09 08:45:00+00:00,,PRE_TRADE_PROJECTED_EQUITY_BREACH
REJECTED,GBPUSD,SELL,2017-01-09 08:50:00+00:00,,PRE_TRADE_PROJECTED_EQUITY_BREACH
REJECTED,GBPUSD,SELL,2017-01-10 08:15:00+00:00,,PRE_TRADE_PROJECTED_EQUITY_BREACH
REJECTED,GBPUSD,SELL,2017-01-11 09:05:00+00:00,,PRE_TRADE_PROJECTED_EQUITY_BREACH
REJECTED,EURUSD,BUY,2017-01-12 08:25:00+00:00,,PRE_TRADE_PROJECTED_EQUITY_BREACH
REJECTED,EURUSD,BUY,2017-01-17 09:20:00+00:00,,PRE_TRADE_PROJECTED_EQUITY_BREACH
REJECTED,EURUSD,BUY,2017-01-19 08:10:00+00:00,,PRE_TRADE_PROJECTED_EQUITY_BREACH
REJECTED,GBPUSD,BUY,2017-01-23 08:40:00+00:00,,PRE_TRADE_PROJECTED_EQUITY_BREACH
REJECTED,EURUSD,BUY,2017-01-31 08:15:00+00:00,,PRE_TRADE_PROJECTED_EQUITY_BREACH
REJECTED,GBPUSD,BUY,2017-02-01 09:35:00+00:00,,PRE_TRADE_PROJECTED_EQUITY_BREACH
REJECTED,GBPUSD,BUY,2017-02-02 08:25:00+00:00,,PRE_TRADE_PROJECTED_EQUITY_BREACH
REJECTED,EURUSD,BUY,2017-02-02 08:30:00+00:00,,PRE_TRADE_PROJECTED_EQUITY_BREACH
REJECTED,GBPUSD,SELL,2017-02-06 08:15:00+00:00,,PRE_TRADE_PROJECTED_EQUITY_BREACH
REJECTED,GBPUSD,BUY,2017-02-13 09:40:00+00:00,,PRE_TRADE_PROJECTED_EQUITY_BREACH
REJECTED,EURUSD,SELL,2017-02-15 08:25:00+00:00,,PRE_TRADE_PROJECTED_EQUITY_BREACH
REJECTED,EURUSD,SELL,2017-02-23 09:50:00+00:00,,PRE_TRADE_PROJECTED_EQUITY_BREACH
REJECTED,EURUSD,BUY,2017-02-24 10:05:00+00:00,,PRE_TRADE_PROJECTED_EQUITY_BREACH
REJECTED,GBPUSD,SELL,2017-02-28 08:10:00+00:00,,PRE_TRADE_PROJECTED_EQUITY_BREACH
REJECTED,GBPUSD,SELL,2017-03-01 08:05:00+00:00,,PRE_TRADE_PROJECTED_EQUITY_BREACH
REJECTED,EURUSD,SELL,2017-03-02 09:40:00+00:00,,PRE_TRADE_PROJECTED_EQUITY_BREACH
REJECTED,GBPUSD,SELL,2017-03-03 08:05:00+00:00,,PRE_TRADE_PROJECTED_EQUITY_BREACH
REJECTED,GBPUSD,SELL,2017-03-07 08:05:00+00:00,,PRE_TRADE_PROJECTED_EQUITY_BREACH
REJECTED,EURUSD,SELL,2017-03-08 08:35:00+00:00,,PRE_TRADE_PROJECTED_EQUITY_BREACH
REJECTED,GBPUSD,SELL,2017-03-09 09:30:00+00:00,,PRE_TRADE_PROJECTED_EQUITY_BREACH
REJECTED,EURUSD,BUY,2017-03-17 10:15:00+00:00,,PRE_TRADE_PROJECTED_EQUITY_BREACH
REJECTED,EURUSD,BUY,2017-03-20 09:50:00+00:00,,PRE_TRADE_PROJECTED_EQUITY_BREACH
REJECTED,GBPUSD,BUY,2017-03-21 09:20:00+00:00,,PRE_TRADE_PROJECTED_EQUITY_BREACH
REJECTED,EURUSD,BUY,2017-03-24 09:30:00+00:00,,PRE_TRADE_PROJECTED_EQUITY_BREACH
REJECTED,EURUSD,BUY,2017-03-27 07:20:00+00:00,,PRE_TRADE_PROJECTED_EQUITY_BREACH
REJECTED,GBPUSD,SELL,2017-03-30 07:20:00+00:00,,PRE_TRADE_PROJECTED_EQUITY_BREACH
REJECTED,EURUSD,SELL,2017-04-05 07:10:00+00:00,,PRE_TRADE_PROJECTED_EQUITY_BREACH
REJECTED,GBPUSD,SELL,2017-04-05 07:30:00+00:00,,PRE_TRADE_PROJECTED_EQUITY_BREACH
REJECTED,EURUSD,SELL,2017-04-07 08:25:00+00:00,,PRE_TRADE_PROJECTED_EQUITY_BREACH
REJECTED,GBPUSD,SELL,2017-04-11 08:20:00+00:00,,PRE_TRADE_PROJECTED_EQUITY_BREACH
REJECTED,GBPUSD,BUY,2017-04-12 08:20:00+00:00,,PRE_TRADE_PROJECTED_EQUITY_BREACH
REJECTED,EURUSD,SELL,2017-04-14 07:50:00+00:00,,PRE_TRADE_PROJECTED_EQUITY_BREACH
REJECTED,GBPUSD,BUY,2017-04-14 07:55:00+00:00,,PRE_TRADE_PROJECTED_EQUITY_BREACH
REJECTED,GBPUSD,BUY,2017-04-18 07:45:00+00:00,,PRE_TRADE_PROJECTED_EQUITY_BREACH
REJECTED,EURUSD,BUY,2017-04-20 07:50:00+00:00,,PRE_TRADE_PROJECTED_EQUITY_BREACH
REJECTED,GBPUSD,BUY,2017-04-21 07:45:00+00:00,,PRE_TRADE_PROJECTED_EQUITY_BREACH
REJECTED,EURUSD,BUY,2017-04-21 09:00:00+00:00,,PRE_TRADE_PROJECTED_EQUITY_BREACH
REJECTED,GBPUSD,BUY,2017-05-04 09:00:00+00:00,,PRE_TRADE_PROJECTED_EQUITY_BREACH
REJECTED,GBPUSD,BUY,2017-05-05 07:30:00+00:00,,PRE_TRADE_PROJECTED_EQUITY_BREACH
REJECTED,GBPUSD,BUY,2017-05-10 07:05:00+00:00,,PRE_TRADE_PROJECTED_EQUITY_BREACH
REJECTED,GBPUSD,BUY,2017-05-11 07:45:00+00:00,,PRE_TRADE_PROJECTED_EQUITY_BREACH
REJECTED,EURUSD,SELL,2017-05-12 08:35:00+00:00,,PRE_TRADE_PROJECTED_EQUITY_BREACH
REJECTED,EURUSD,BUY,2017-05-15 07:15:00+00:00,,PRE_TRADE_PROJECTED_EQUITY_BREACH
REJECTED,EURUSD,BUY,2017-05-16 07:05:00+00:00,,PRE_TRADE_PROJECTED_EQUITY_BREACH
REJECTED,GBPUSD,BUY,2017-05-16 07:15:00+00:00,,PRE_TRADE_PROJECTED_EQUITY_BREACH
REJECTED,EURUSD,BUY,2017-05-17 07:30:00+00:00,,PRE_TRADE_PROJECTED_EQUITY_BREACH
REJECTED,GBPUSD,BUY,2017-05-18 09:20:00+00:00,,PRE_TRADE_PROJECTED_EQUITY_BREACH
REJECTED,EURUSD,BUY,2017-05-23 09:30:00+00:00,,PRE_TRADE_PROJECTED_EQUITY_BREACH
REJECTED,GBPUSD,BUY,2017-05-24 09:20:00+00:00,,PRE_TRADE_PROJECTED_EQUITY_BREACH
REJECTED,EURUSD,BUY,2017-05-24 09:30:00+00:00,,PRE_TRADE_PROJECTED_EQUITY_BREACH
REJECTED,GBPUSD,BUY,2017-05-25 08:00:00+00:00,,PRE_TRADE_PROJECTED_EQUITY_BREACH
REJECTED,EURUSD,BUY,2017-05-25 09:25:00+00:00,,PRE_TRADE_PROJECTED_EQUITY_BREACH
REJECTED,EURUSD,BUY,2017-05-26 08:40:00+00:00,,PRE_TRADE_PROJECTED_EQUITY_BREACH
REJECTED,EURUSD,BUY,2017-05-29 09:40:00+00:00,,PRE_TRADE_PROJECTED_EQUITY_BREACH
REJECTED,GBPUSD,SELL,2017-05-31 07:35:00+00:00,,PRE_TRADE_PROJECTED_EQUITY_BREACH
REJECTED,EURUSD,BUY,2017-05-31 09:00:00+00:00,,PRE_TRADE_PROJECTED_EQUITY_BREACH
REJECTED,GBPUSD,SELL,2017-06-02 07:40:00+00:00,,PRE_TRADE_PROJECTED_EQUITY_BREACH
REJECTED,EURUSD,BUY,2017-06-02 09:15:00+00:00,,PRE_TRADE_PROJECTED_EQUITY_BREACH
REJECTED,GBPUSD,BUY,2017-06-06 08:45:00+00:00,,PRE_TRADE_PROJECTED_EQUITY_BREACH
REJECTED,EURUSD,BUY,2017-06-08 07:30:00+00:00,,PRE_TRADE_PROJECTED_EQUITY_BREACH
REJECTED,GBPUSD,SELL,2017-06-09 09:10:00+00:00,,PRE_TRADE_PROJECTED_EQUITY_BREACH
REJECTED,EURUSD,SELL,2017-06-09 09:40:00+00:00,,PRE_TRADE_PROJECTED_EQUITY_BREACH
REJECTED,GBPUSD,SELL,2017-06-12 09:20:00+00:00,,PRE_TRADE_PROJECTED_EQUITY_BREACH
REJECTED,EURUSD,BUY,2017-06-14 07:25:00+00:00,,PRE_TRADE_PROJECTED_EQUITY_BREACH
REJECTED,GBPUSD,SELL,2017-06-14 09:55:00+00:00,,PRE_TRADE_PROJECTED_EQUITY_BREACH
REJECTED,GBPUSD,SELL,2017-06-21 07:40:00+00:00,,PRE_TRADE_PROJECTED_EQUITY_BREACH
REJECTED,EURUSD,SELL,2017-06-21 08:00:00+00:00,,PRE_TRADE_PROJECTED_EQUITY_BREACH
REJECTED,EURUSD,BUY,2017-06-22 07:40:00+00:00,,PRE_TRADE_PROJECTED_EQUITY_BREACH
REJECTED,EURUSD,BUY,2017-06-26 08:20:00+00:00,,PRE_TRADE_PROJECTED_EQUITY_BREACH
REJECTED,GBPUSD,BUY,2017-06-26 08:20:00+00:00,,PRE_TRADE_PROJECTED_EQUITY_BREACH
REJECTED,GBPUSD,BUY,2017-06-27 08:55:00+00:00,,PRE_TRADE_PROJECTED_EQUITY_BREACH
REJECTED,EURUSD,BUY,2017-06-28 08:05:00+00:00,,PRE_TRADE_PROJECTED_EQUITY_BREACH
REJECTED,GBPUSD,BUY,2017-06-29 08:00:00+00:00,,PRE_TRADE_PROJECTED_EQUITY_BREACH
REJECTED,EURUSD,BUY,2017-06-29 08:10:00+00:00,,PRE_TRADE_PROJECTED_EQUITY_BREACH
REJECTED,GBPUSD,BUY,2017-07-04 07:55:00+00:00,,PRE_TRADE_PROJECTED_EQUITY_BREACH
REJECTED,GBPUSD,BUY,2017-07-06 07:10:00+00:00,,PRE_TRADE_PROJECTED_EQUITY_BREACH
REJECTED,EURUSD,BUY,2017-07-10 09:00:00+00:00,,PRE_TRADE_PROJECTED_EQUITY_BREACH
REJECTED,GBPUSD,BUY,2017-07-14 09:00:00+00:00,,PRE_TRADE_PROJECTED_EQUITY_BREACH
REJECTED,EURUSD,BUY,2017-07-14 09:35:00+00:00,,PRE_TRADE_PROJECTED_EQUITY_BREACH
REJECTED,GBPUSD,BUY,2017-07-18 07:15:00+00:00,,PRE_TRADE_PROJECTED_EQUITY_BREACH
REJECTED,GBPUSD,BUY,2017-07-19 07:10:00+00:00,,PRE_TRADE_PROJECTED_EQUITY_BREACH
REJECTED,GBPUSD,BUY,2017-07-24 09:50:00+00:00,,PRE_TRADE_PROJECTED_EQUITY_BREACH
REJECTED,EURUSD,BUY,2017-07-25 07:10:00+00:00,,PRE_TRADE_PROJECTED_EQUITY_BREACH
REJECTED,GBPUSD,BUY,2017-07-26 09:20:00+00:00,,PRE_TRADE_PROJECTED_EQUITY_BREACH
REJECTED,EURUSD,BUY,2017-07-28 07:50:00+00:00,,PRE_TRADE_PROJECTED_EQUITY_BREACH
REJECTED,GBPUSD,BUY,2017-08-02 08:10:00+00:00,,PRE_TRADE_PROJECTED_EQUITY_BREACH
REJECTED,GBPUSD,BUY,2017-08-03 08:15:00+00:00,,PRE_TRADE_PROJECTED_EQUITY_BREACH
REJECTED,GBPUSD,BUY,2017-08-04 08:20:00+00:00,,PRE_TRADE_PROJECTED_EQUITY_BREACH
REJECTED,EURUSD,SELL,2017-08-10 07:55:00+00:00,,PRE_TRADE_PROJECTED_EQUITY_BREACH
REJECTED,EURUSD,SELL,2017-08-11 07:35:00+00:00,,PRE_TRADE_PROJECTED_EQUITY_BREACH
REJECTED,GBPUSD,SELL,2017-08-11 09:25:00+00:00,,PRE_TRADE_PROJECTED_EQUITY_BREACH
REJECTED,GBPUSD,SELL,2017-08-14 08:40:00+00:00,,PRE_TRADE_PROJECTED_EQUITY_BREACH
REJECTED,GBPUSD,SELL,2017-08-16 07:20:00+00:00,,PRE_TRADE_PROJECTED_EQUITY_BREACH
REJECTED,EURUSD,SELL,2017-08-17 08:00:00+00:00,,PRE_TRADE_PROJECTED_EQUITY_BREACH
REJECTED,GBPUSD,SELL,2017-08-17 08:25:00+00:00,,PRE_TRADE_PROJECTED_EQUITY_BREACH
REJECTED,EURUSD,SELL,2017-08-23 08:25:00+00:00,,PRE_TRADE_PROJECTED_EQUITY_BREACH
REJECTED,GBPUSD,BUY,2017-08-29 07:05:00+00:00,,PRE_TRADE_PROJECTED_EQUITY_BREACH
REJECTED,EURUSD,BUY,2017-08-29 07:25:00+00:00,,PRE_TRADE_PROJECTED_EQUITY_BREACH
REJECTED,EURUSD,BUY,2017-08-31 08:15:00+00:00,,PRE_TRADE_PROJECTED_EQUITY_BREACH
REJECTED,EURUSD,BUY,2017-09-04 07:25:00+00:00,,PRE_TRADE_PROJECTED_EQUITY_BREACH
REJECTED,EURUSD,BUY,2017-09-06 08:20:00+00:00,,PRE_TRADE_PROJECTED_EQUITY_BREACH
REJECTED,GBPUSD,BUY,2017-09-06 09:50:00+00:00,,PRE_TRADE_PROJECTED_EQUITY_BREACH
REJECTED,GBPUSD,BUY,2017-09-08 09:15:00+00:00,,PRE_TRADE_PROJECTED_EQUITY_BREACH
REJECTED,EURUSD,BUY,2017-09-11 09:30:00+00:00,,PRE_TRADE_PROJECTED_EQUITY_BREACH
REJECTED,EURUSD,BUY,2017-09-12 07:15:00+00:00,,PRE_TRADE_PROJECTED_EQUITY_BREACH
REJECTED,GBPUSD,BUY,2017-09-14 07:30:00+00:00,,PRE_TRADE_PROJECTED_EQUITY_BREACH
REJECTED,GBPUSD,BUY,2017-09-19 08:15:00+00:00,,PRE_TRADE_PROJECTED_EQUITY_BREACH
REJECTED,EURUSD,BUY,2017-09-19 09:55:00+00:00,,PRE_TRADE_PROJECTED_EQUITY_BREACH
REJECTED,GBPUSD,BUY,2017-09-20 08:15:00+00:00,,PRE_TRADE_PROJECTED_EQUITY_BREACH
REJECTED,GBPUSD,BUY,2017-09-21 07:45:00+00:00,,PRE_TRADE_PROJECTED_EQUITY_BREACH
REJECTED,EURUSD,BUY,2017-09-22 07:40:00+00:00,,PRE_TRADE_PROJECTED_EQUITY_BREACH
REJECTED,GBPUSD,BUY,2017-09-22 08:45:00+00:00,,PRE_TRADE_PROJECTED_EQUITY_BREACH
REJECTED,EURUSD,SELL,2017-09-25 07:50:00+00:00,,PRE_TRADE_PROJECTED_EQUITY_BREACH
REJECTED,GBPUSD,BUY,2017-09-26 07:15:00+00:00,,PRE_TRADE_PROJECTED_EQUITY_BREACH
REJECTED,EURUSD,SELL,2017-09-26 08:10:00+00:00,,PRE_TRADE_PROJECTED_EQUITY_BREACH
REJECTED,EURUSD,SELL,2017-09-27 07:15:00+00:00,,PRE_TRADE_PROJECTED_EQUITY_BREACH
REJECTED,GBPUSD,SELL,2017-09-28 08:05:00+00:00,,PRE_TRADE_PROJECTED_EQUITY_BREACH
REJECTED,GBPUSD,SELL,2017-09-29 08:55:00+00:00,,PRE_TRADE_PROJECTED_EQUITY_BREACH
REJECTED,EURUSD,SELL,2017-10-05 07:10:00+00:00,,PRE_TRADE_PROJECTED_EQUITY_BREACH
REJECTED,GBPUSD,SELL,2017-10-05 07:20:00+00:00,,PRE_TRADE_PROJECTED_EQUITY_BREACH
REJECTED,GBPUSD,SELL,2017-10-06 07:40:00+00:00,,PRE_TRADE_PROJECTED_EQUITY_BREACH
REJECTED,GBPUSD,SELL,2017-10-11 08:15:00+00:00,,PRE_TRADE_PROJECTED_EQUITY_BREACH
REJECTED,EURUSD,BUY,2017-10-11 08:50:00+00:00,,PRE_TRADE_PROJECTED_EQUITY_BREACH
REJECTED,EURUSD,SELL,2017-10-16 07:15:00+00:00,,PRE_TRADE_PROJECTED_EQUITY_BREACH
REJECTED,GBPUSD,BUY,2017-10-16 08:45:00+00:00,,PRE_TRADE_PROJECTED_EQUITY_BREACH
REJECTED,GBPUSD,BUY,2017-10-17 08:50:00+00:00,,PRE_TRADE_PROJECTED_EQUITY_BREACH
REJECTED,GBPUSD,SELL,2017-10-18 07:20:00+00:00,,PRE_TRADE_PROJECTED_EQUITY_BREACH
REJECTED,EURUSD,SELL,2017-10-18 08:55:00+00:00,,PRE_TRADE_PROJECTED_EQUITY_BREACH
REJECTED,GBPUSD,SELL,2017-10-19 07:25:00+00:00,,PRE_TRADE_PROJECTED_EQUITY_BREACH
REJECTED,GBPUSD,SELL,2017-10-23 09:20:00+00:00,,PRE_TRADE_PROJECTED_EQUITY_BREACH
REJECTED,GBPUSD,SELL,2017-10-25 07:55:00+00:00,,PRE_TRADE_PROJECTED_EQUITY_BREACH
REJECTED,EURUSD,SELL,2017-10-27 07:40:00+00:00,,PRE_TRADE_PROJECTED_EQUITY_BREACH
REJECTED,GBPUSD,SELL,2017-10-27 07:55:00+00:00,,PRE_TRADE_PROJECTED_EQUITY_BREACH
REJECTED,GBPUSD,BUY,2017-10-31 08:40:00+00:00,,PRE_TRADE_PROJECTED_EQUITY_BREACH
REJECTED,GBPUSD,BUY,2017-11-01 08:45:00+00:00,,PRE_TRADE_PROJECTED_EQUITY_BREACH
REJECTED,EURUSD,SELL,2017-11-03 08:30:00+00:00,,PRE_TRADE_PROJECTED_EQUITY_BREACH
REJECTED,GBPUSD,SELL,2017-11-03 09:10:00+00:00,,PRE_TRADE_PROJECTED_EQUITY_BREACH
REJECTED,EURUSD,SELL,2017-11-06 09:30:00+00:00,,PRE_TRADE_PROJECTED_EQUITY_BREACH
REJECTED,GBPUSD,SELL,2017-11-07 10:00:00+00:00,,PRE_TRADE_PROJECTED_EQUITY_BREACH
REJECTED,GBPUSD,SELL,2017-11-09 09:15:00+00:00,,PRE_TRADE_PROJECTED_EQUITY_BREACH
REJECTED,EURUSD,BUY,2017-11-10 10:10:00+00:00,,PRE_TRADE_PROJECTED_EQUITY_BREACH
REJECTED,GBPUSD,BUY,2017-11-10 10:30:00+00:00,,PRE_TRADE_PROJECTED_EQUITY_BREACH
REJECTED,GBPUSD,SELL,2017-11-14 09:35:00+00:00,,PRE_TRADE_PROJECTED_EQUITY_BREACH
REJECTED,GBPUSD,BUY,2017-11-16 10:05:00+00:00,,PRE_TRADE_PROJECTED_EQUITY_BREACH
REJECTED,GBPUSD,BUY,2017-11-17 09:20:00+00:00,,PRE_TRADE_PROJECTED_EQUITY_BREACH
REJECTED,EURUSD,BUY,2017-11-21 08:20:00+00:00,,PRE_TRADE_PROJECTED_EQUITY_BREACH
REJECTED,EURUSD,BUY,2017-11-23 08:30:00+00:00,,PRE_TRADE_PROJECTED_EQUITY_BREACH
REJECTED,EURUSD,BUY,2017-11-24 09:00:00+00:00,,PRE_TRADE_PROJECTED_EQUITY_BREACH
REJECTED,EURUSD,BUY,2017-11-27 10:45:00+00:00,,PRE_TRADE_PROJECTED_EQUITY_BREACH
REJECTED,EURUSD,BUY,2017-11-28 08:30:00+00:00,,PRE_TRADE_PROJECTED_EQUITY_BREACH
REJECTED,EURUSD,BUY,2017-12-01 08:35:00+00:00,,PRE_TRADE_PROJECTED_EQUITY_BREACH
REJECTED,EURUSD,SELL,2017-12-04 10:10:00+00:00,,PRE_TRADE_PROJECTED_EQUITY_BREACH
REJECTED,EURUSD,SELL,2017-12-06 08:30:00+00:00,,PRE_TRADE_PROJECTED_EQUITY_BREACH
REJECTED,GBPUSD,SELL,2017-12-11 08:05:00+00:00,,PRE_TRADE_PROJECTED_EQUITY_BREACH
REJECTED,EURUSD,SELL,2017-12-13 08:15:00+00:00,,PRE_TRADE_PROJECTED_EQUITY_BREACH
REJECTED,GBPUSD,BUY,2017-12-14 09:30:00+00:00,,PRE_TRADE_PROJECTED_EQUITY_BREACH
REJECTED,GBPUSD,BUY,2017-12-19 08:45:00+00:00,,PRE_TRADE_PROJECTED_EQUITY_BREACH
REJECTED,EURUSD,BUY,2017-12-20 08:40:00+00:00,,PRE_TRADE_PROJECTED_EQUITY_BREACH
REJECTED,GBPUSD,BUY,2017-12-20 10:15:00+00:00,,PRE_TRADE_PROJECTED_EQUITY_BREACH
REJECTED,EURUSD,BUY,2017-12-22 09:25:00+00:00,,PRE_TRADE_PROJECTED_EQUITY_BREACH
REJECTED,GBPUSD,BUY,2017-12-22 10:55:00+00:00,,PRE_TRADE_PROJECTED_EQUITY_BREACH
REJECTED,EURUSD,BUY,2017-12-26 08:35:00+00:00,,PRE_TRADE_PROJECTED_EQUITY_BREACH
REJECTED,GBPUSD,BUY,2018-01-04 08:40:00+00:00,,PRE_TRADE_PROJECTED_EQUITY_BREACH
REJECTED,GBPUSD,BUY,2018-01-10 10:55:00+00:00,,PRE_TRADE_PROJECTED_EQUITY_BREACH
REJECTED,EURUSD,SELL,2018-01-11 08:25:00+00:00,,PRE_TRADE_PROJECTED_EQUITY_BREACH
REJECTED,EURUSD,BUY,2018-01-12 08:25:00+00:00,,PRE_TRADE_PROJECTED_EQUITY_BREACH
REJECTED,EURUSD,BUY,2018-01-15 09:20:00+00:00,,PRE_TRADE_PROJECTED_EQUITY_BREACH
REJECTED,EURUSD,BUY,2018-01-18 08:05:00+00:00,,PRE_TRADE_PROJECTED_EQUITY_BREACH
REJECTED,EURUSD,BUY,2018-01-19 08:20:00+00:00,,PRE_TRADE_PROJECTED_EQUITY_BREACH
REJECTED,GBPUSD,BUY,2018-01-19 08:20:00+00:00,,PRE_TRADE_PROJECTED_EQUITY_BREACH
REJECTED,GBPUSD,BUY,2018-01-22 08:25:00+00:00,,PRE_TRADE_PROJECTED_EQUITY_BREACH
REJECTED,GBPUSD,BUY,2018-01-26 09:05:00+00:00,,PRE_TRADE_PROJECTED_EQUITY_BREACH
REJECTED,EURUSD,BUY,2018-01-26 10:30:00+00:00,,PRE_TRADE_PROJECTED_EQUITY_BREACH
REJECTED,EURUSD,BUY,2018-01-30 09:15:00+00:00,,PRE_TRADE_PROJECTED_EQUITY_BREACH
REJECTED,GBPUSD,BUY,2018-01-30 10:20:00+00:00,,PRE_TRADE_PROJECTED_EQUITY_BREACH
REJECTED,EURUSD,BUY,2018-01-31 10:00:00+00:00,,PRE_TRADE_PROJECTED_EQUITY_BREACH
REJECTED,EURUSD,BUY,2018-02-01 08:20:00+00:00,,PRE_TRADE_PROJECTED_EQUITY_BREACH
REJECTED,EURUSD,BUY,2018-02-02 08:20:00+00:00,,PRE_TRADE_PROJECTED_EQUITY_BREACH
REJECTED,EURUSD,BUY,2018-02-05 09:25:00+00:00,,PRE_TRADE_PROJECTED_EQUITY_BREACH
REJECTED,EURUSD,SELL,2018-02-07 08:50:00+00:00,,PRE_TRADE_PROJECTED_EQUITY_BREACH
REJECTED,GBPUSD,SELL,2018-02-09 09:55:00+00:00,,PRE_TRADE_PROJECTED_EQUITY_BREACH
REJECTED,EURUSD,BUY,2018-02-13 09:20:00+00:00,,PRE_TRADE_PROJECTED_EQUITY_BREACH
REJECTED,GBPUSD,SELL,2018-02-14 08:20:00+00:00,,PRE_TRADE_PROJECTED_EQUITY_BREACH
REJECTED,GBPUSD,BUY,2018-02-20 09:55:00+00:00,,PRE_TRADE_PROJECTED_EQUITY_BREACH
REJECTED,GBPUSD,SELL,2018-02-21 08:15:00+00:00,,PRE_TRADE_PROJECTED_EQUITY_BREACH
REJECTED,EURUSD,SELL,2018-02-21 08:40:00+00:00,,PRE_TRADE_PROJECTED_EQUITY_BREACH
REJECTED,GBPUSD,BUY,2018-02-27 09:05:00+00:00,,PRE_TRADE_PROJECTED_EQUITY_BREACH
REJECTED,EURUSD,SELL,2018-02-28 08:10:00+00:00,,PRE_TRADE_PROJECTED_EQUITY_BREACH
REJECTED,GBPUSD,SELL,2018-02-28 08:20:00+00:00,,PRE_TRADE_PROJECTED_EQUITY_BREACH
REJECTED,EURUSD,SELL,2018-03-01 09:50:00+00:00,,PRE_TRADE_PROJECTED_EQUITY_BREACH
REJECTED,GBPUSD,SELL,2018-03-01 10:15:00+00:00,,PRE_TRADE_PROJECTED_EQUITY_BREACH
REJECTED,GBPUSD,SELL,2018-03-02 08:20:00+00:00,,PRE_TRADE_PROJECTED_EQUITY_BREACH
REJECTED,EURUSD,BUY,2018-03-07 10:55:00+00:00,,PRE_TRADE_PROJECTED_EQUITY_BREACH
REJECTED,GBPUSD,BUY,2018-03-12 08:35:00+00:00,,PRE_TRADE_PROJECTED_EQUITY_BREACH
REJECTED,GBPUSD,BUY,2018-03-16 09:25:00+00:00,,PRE_TRADE_PROJECTED_EQUITY_BREACH
REJECTED,GBPUSD,BUY,2018-03-19 10:00:00+00:00,,PRE_TRADE_PROJECTED_EQUITY_BREACH
REJECTED,GBPUSD,BUY,2018-03-20 08:55:00+00:00,,PRE_TRADE_PROJECTED_EQUITY_BREACH
REJECTED,GBPUSD,BUY,2018-03-22 08:30:00+00:00,,PRE_TRADE_PROJECTED_EQUITY_BREACH
REJECTED,EURUSD,BUY,2018-03-26 08:45:00+00:00,,PRE_TRADE_PROJECTED_EQUITY_BREACH
REJECTED,EURUSD,BUY,2018-03-27 07:35:00+00:00,,PRE_TRADE_PROJECTED_EQUITY_BREACH
REJECTED,GBPUSD,BUY,2018-03-27 07:50:00+00:00,,PRE_TRADE_PROJECTED_EQUITY_BREACH
REJECTED,GBPUSD,SELL,2018-03-29 07:45:00+00:00,,PRE_TRADE_PROJECTED_EQUITY_BREACH
REJECTED,EURUSD,SELL,2018-04-04 07:55:00+00:00,,PRE_TRADE_PROJECTED_EQUITY_BREACH
REJECTED,EURUSD,SELL,2018-04-05 07:05:00+00:00,,PRE_TRADE_PROJECTED_EQUITY_BREACH
REJECTED,EURUSD,SELL,2018-04-06 07:15:00+00:00,,PRE_TRADE_PROJECTED_EQUITY_BREACH
REJECTED,GBPUSD,SELL,2018-04-06 08:15:00+00:00,,PRE_TRADE_PROJECTED_EQUITY_BREACH
REJECTED,GBPUSD,BUY,2018-04-09 08:45:00+00:00,,PRE_TRADE_PROJECTED_EQUITY_BREACH
REJECTED,EURUSD,BUY,2018-04-10 08:35:00+00:00,,PRE_TRADE_PROJECTED_EQUITY_BREACH
REJECTED,GBPUSD,BUY,2018-04-16 07:25:00+00:00,,PRE_TRADE_PROJECTED_EQUITY_BREACH
REJECTED,GBPUSD,BUY,2018-04-18 07:25:00+00:00,,PRE_TRADE_PROJECTED_EQUITY_BREACH
REJECTED,GBPUSD,SELL,2018-04-19 09:45:00+00:00,,PRE_TRADE_PROJECTED_EQUITY_BREACH
REJECTED,GBPUSD,SELL,2018-04-23 08:45:00+00:00,,PRE_TRADE_PROJECTED_EQUITY_BREACH
REJECTED,EURUSD,SELL,2018-04-23 09:00:00+00:00,,PRE_TRADE_PROJECTED_EQUITY_BREACH
REJECTED,GBPUSD,SELL,2018-04-27 07:35:00+00:00,,PRE_TRADE_PROJECTED_EQUITY_BREACH
REJECTED,EURUSD,SELL,2018-04-27 07:55:00+00:00,,PRE_TRADE_PROJECTED_EQUITY_BREACH
REJECTED,GBPUSD,SELL,2018-04-30 07:55:00+00:00,,PRE_TRADE_PROJECTED_EQUITY_BREACH
REJECTED,EURUSD,SELL,2018-04-30 08:25:00+00:00,,PRE_TRADE_PROJECTED_EQUITY_BREACH
REJECTED,GBPUSD,SELL,2018-05-01 08:40:00+00:00,,PRE_TRADE_PROJECTED_EQUITY_BREACH
REJECTED,GBPUSD,SELL,2018-05-04 07:10:00+00:00,,PRE_TRADE_PROJECTED_EQUITY_BREACH
REJECTED,GBPUSD,SELL,2018-05-09 07:20:00+00:00,,PRE_TRADE_PROJECTED_EQUITY_BREACH
REJECTED,EURUSD,SELL,2018-05-09 09:35:00+00:00,,PRE_TRADE_PROJECTED_EQUITY_BREACH
REJECTED,GBPUSD,SELL,2018-05-10 08:55:00+00:00,,PRE_TRADE_PROJECTED_EQUITY_BREACH
REJECTED,EURUSD,SELL,2018-05-11 07:15:00+00:00,,PRE_TRADE_PROJECTED_EQUITY_BREACH
REJECTED,GBPUSD,SELL,2018-05-11 07:20:00+00:00,,PRE_TRADE_PROJECTED_EQUITY_BREACH
REJECTED,EURUSD,BUY,2018-05-14 07:05:00+00:00,,PRE_TRADE_PROJECTED_EQUITY_BREACH
REJECTED,GBPUSD,SELL,2018-05-15 09:55:00+00:00,,PRE_TRADE_PROJECTED_EQUITY_BREACH
REJECTED,GBPUSD,SELL,2018-05-16 09:50:00+00:00,,PRE_TRADE_PROJECTED_EQUITY_BREACH
REJECTED,EURUSD,SELL,2018-05-17 07:45:00+00:00,,PRE_TRADE_PROJECTED_EQUITY_BREACH
REJECTED,GBPUSD,SELL,2018-05-17 08:15:00+00:00,,PRE_TRADE_PROJECTED_EQUITY_BREACH
REJECTED,GBPUSD,SELL,2018-05-18 09:15:00+00:00,,PRE_TRADE_PROJECTED_EQUITY_BREACH
REJECTED,GBPUSD,SELL,2018-05-23 07:20:00+00:00,,PRE_TRADE_PROJECTED_EQUITY_BREACH
REJECTED,EURUSD,SELL,2018-05-23 08:20:00+00:00,,PRE_TRADE_PROJECTED_EQUITY_BREACH
REJECTED,EURUSD,SELL,2018-05-25 07:05:00+00:00,,PRE_TRADE_PROJECTED_EQUITY_BREACH
REJECTED,GBPUSD,SELL,2018-05-25 07:20:00+00:00,,PRE_TRADE_PROJECTED_EQUITY_BREACH
REJECTED,GBPUSD,SELL,2018-05-29 07:35:00+00:00,,PRE_TRADE_PROJECTED_EQUITY_BREACH
REJECTED,EURUSD,SELL,2018-06-01 07:35:00+00:00,,PRE_TRADE_PROJECTED_EQUITY_BREACH
REJECTED,EURUSD,BUY,2018-06-05 08:00:00+00:00,,PRE_TRADE_PROJECTED_EQUITY_BREACH
REJECTED,EURUSD,BUY,2018-06-06 07:20:00+00:00,,PRE_TRADE_PROJECTED_EQUITY_BREACH
REJECTED,GBPUSD,BUY,2018-06-06 07:20:00+00:00,,PRE_TRADE_PROJECTED_EQUITY_BREACH
REJECTED,GBPUSD,BUY,2018-06-07 07:55:00+00:00,,PRE_TRADE_PROJECTED_EQUITY_BREACH
REJECTED,GBPUSD,BUY,2018-06-11 07:25:00+00:00,,PRE_TRADE_PROJECTED_EQUITY_BREACH
REJECTED,EURUSD,BUY,2018-06-11 07:30:00+00:00,,PRE_TRADE_PROJECTED_EQUITY_BREACH
REJECTED,GBPUSD,SELL,2018-06-13 07:20:00+00:00,,PRE_TRADE_PROJECTED_EQUITY_BREACH
REJECTED,EURUSD,SELL,2018-06-13 07:45:00+00:00,,PRE_TRADE_PROJECTED_EQUITY_BREACH
REJECTED,EURUSD,BUY,2018-06-14 07:15:00+00:00,,PRE_TRADE_PROJECTED_EQUITY_BREACH
REJECTED,GBPUSD,BUY,2018-06-14 07:15:00+00:00,,PRE_TRADE_PROJECTED_EQUITY_BREACH
REJECTED,EURUSD,SELL,2018-06-15 08:05:00+00:00,,PRE_TRADE_PROJECTED_EQUITY_BREACH
REJECTED,EURUSD,SELL,2018-06-18 08:05:00+00:00,,PRE_TRADE_PROJECTED_EQUITY_BREACH
REJECTED,GBPUSD,SELL,2018-06-19 07:30:00+00:00,,PRE_TRADE_PROJECTED_EQUITY_BREACH
REJECTED,EURUSD,SELL,2018-06-20 09:05:00+00:00,,PRE_TRADE_PROJECTED_EQUITY_BREACH
REJECTED,GBPUSD,SELL,2018-06-20 09:25:00+00:00,,PRE_TRADE_PROJECTED_EQUITY_BREACH
REJECTED,EURUSD,SELL,2018-06-21 08:40:00+00:00,,PRE_TRADE_PROJECTED_EQUITY_BREACH
REJECTED,GBPUSD,SELL,2018-06-25 07:45:00+00:00,,PRE_TRADE_PROJECTED_EQUITY_BREACH
REJECTED,EURUSD,BUY,2018-06-27 08:10:00+00:00,,PRE_TRADE_PROJECTED_EQUITY_BREACH
REJECTED,GBPUSD,SELL,2018-06-27 08:50:00+00:00,,PRE_TRADE_PROJECTED_EQUITY_BREACH
REJECTED,GBPUSD,SELL,2018-07-02 07:20:00+00:00,,PRE_TRADE_PROJECTED_EQUITY_BREACH
REJECTED,EURUSD,BUY,2018-07-03 07:05:00+00:00,,PRE_TRADE_PROJECTED_EQUITY_BREACH
REJECTED,GBPUSD,BUY,2018-07-04 07:40:00+00:00,,PRE_TRADE_PROJECTED_EQUITY_BREACH
REJECTED,GBPUSD,BUY,2018-07-05 09:50:00+00:00,,PRE_TRADE_PROJECTED_EQUITY_BREACH
REJECTED,GBPUSD,BUY,2018-07-09 07:25:00+00:00,,PRE_TRADE_PROJECTED_EQUITY_BREACH
REJECTED,EURUSD,BUY,2018-07-09 09:00:00+00:00,,PRE_TRADE_PROJECTED_EQUITY_BREACH
REJECTED,GBPUSD,BUY,2018-07-10 08:20:00+00:00,,PRE_TRADE_PROJECTED_EQUITY_BREACH
REJECTED,GBPUSD,BUY,2018-07-11 09:05:00+00:00,,PRE_TRADE_PROJECTED_EQUITY_BREACH
REJECTED,GBPUSD,SELL,2018-07-13 07:25:00+00:00,,PRE_TRADE_PROJECTED_EQUITY_BREACH
REJECTED,GBPUSD,BUY,2018-07-16 07:45:00+00:00,,PRE_TRADE_PROJECTED_EQUITY_BREACH
REJECTED,EURUSD,BUY,2018-07-16 09:05:00+00:00,,PRE_TRADE_PROJECTED_EQUITY_BREACH
REJECTED,GBPUSD,BUY,2018-07-17 07:40:00+00:00,,PRE_TRADE_PROJECTED_EQUITY_BREACH
REJECTED,GBPUSD,SELL,2018-07-18 08:15:00+00:00,,PRE_TRADE_PROJECTED_EQUITY_BREACH
REJECTED,GBPUSD,SELL,2018-07-19 07:10:00+00:00,,PRE_TRADE_PROJECTED_EQUITY_BREACH
REJECTED,GBPUSD,SELL,2018-07-23 09:55:00+00:00,,PRE_TRADE_PROJECTED_EQUITY_BREACH
REJECTED,GBPUSD,SELL,2018-07-24 07:10:00+00:00,,PRE_TRADE_PROJECTED_EQUITY_BREACH
REJECTED,EURUSD,BUY,2018-07-25 07:55:00+00:00,,PRE_TRADE_PROJECTED_EQUITY_BREACH
REJECTED,GBPUSD,BUY,2018-07-25 09:40:00+00:00,,PRE_TRADE_PROJECTED_EQUITY_BREACH
REJECTED,EURUSD,SELL,2018-07-27 07:25:00+00:00,,PRE_TRADE_PROJECTED_EQUITY_BREACH
REJECTED,EURUSD,BUY,2018-07-31 08:00:00+00:00,,PRE_TRADE_PROJECTED_EQUITY_BREACH
REJECTED,GBPUSD,BUY,2018-07-31 08:05:00+00:00,,PRE_TRADE_PROJECTED_EQUITY_BREACH
REJECTED,EURUSD,SELL,2018-08-03 07:20:00+00:00,,PRE_TRADE_PROJECTED_EQUITY_BREACH
REJECTED,GBPUSD,SELL,2018-08-03 08:15:00+00:00,,PRE_TRADE_PROJECTED_EQUITY_BREACH
REJECTED,GBPUSD,SELL,2018-08-06 07:05:00+00:00,,PRE_TRADE_PROJECTED_EQUITY_BREACH
REJECTED,EURUSD,SELL,2018-08-06 07:25:00+00:00,,PRE_TRADE_PROJECTED_EQUITY_BREACH
REJECTED,GBPUSD,SELL,2018-08-08 07:45:00+00:00,,PRE_TRADE_PROJECTED_EQUITY_BREACH
REJECTED,EURUSD,SELL,2018-08-09 08:00:00+00:00,,PRE_TRADE_PROJECTED_EQUITY_BREACH
REJECTED,GBPUSD,SELL,2018-08-09 08:40:00+00:00,,PRE_TRADE_PROJECTED_EQUITY_BREACH
REJECTED,GBPUSD,SELL,2018-08-13 08:30:00+00:00,,PRE_TRADE_PROJECTED_EQUITY_BREACH
REJECTED,EURUSD,SELL,2018-08-14 09:50:00+00:00,,PRE_TRADE_PROJECTED_EQUITY_BREACH
REJECTED,GBPUSD,SELL,2018-08-20 08:05:00+00:00,,PRE_TRADE_PROJECTED_EQUITY_BREACH
REJECTED,GBPUSD,BUY,2018-08-21 07:15:00+00:00,,PRE_TRADE_PROJECTED_EQUITY_BREACH
REJECTED,EURUSD,BUY,2018-08-24 09:45:00+00:00,,PRE_TRADE_PROJECTED_EQUITY_BREACH
REJECTED,GBPUSD,BUY,2018-08-28 09:35:00+00:00,,PRE_TRADE_PROJECTED_EQUITY_BREACH
REJECTED,GBPUSD,BUY,2018-08-29 09:25:00+00:00,,PRE_TRADE_PROJECTED_EQUITY_BREACH
REJECTED,EURUSD,BUY,2018-08-30 08:10:00+00:00,,PRE_TRADE_PROJECTED_EQUITY_BREACH
REJECTED,EURUSD,BUY,2018-08-31 08:00:00+00:00,,PRE_TRADE_PROJECTED_EQUITY_BREACH
REJECTED,GBPUSD,SELL,2018-09-04 07:10:00+00:00,,PRE_TRADE_PROJECTED_EQUITY_BREACH
REJECTED,EURUSD,SELL,2018-09-04 07:20:00+00:00,,PRE_TRADE_PROJECTED_EQUITY_BREACH
REJECTED,GBPUSD,BUY,2018-09-06 09:50:00+00:00,,PRE_TRADE_PROJECTED_EQUITY_BREACH
REJECTED,GBPUSD,BUY,2018-09-17 07:20:00+00:00,,PRE_TRADE_PROJECTED_EQUITY_BREACH
REJECTED,GBPUSD,BUY,2018-09-18 07:15:00+00:00,,PRE_TRADE_PROJECTED_EQUITY_BREACH
REJECTED,EURUSD,BUY,2018-09-18 07:35:00+00:00,,PRE_TRADE_PROJECTED_EQUITY_BREACH
REJECTED,EURUSD,BUY,2018-09-19 07:30:00+00:00,,PRE_TRADE_PROJECTED_EQUITY_BREACH
REJECTED,EURUSD,BUY,2018-09-20 07:35:00+00:00,,PRE_TRADE_PROJECTED_EQUITY_BREACH
REJECTED,GBPUSD,BUY,2018-09-20 08:00:00+00:00,,PRE_TRADE_PROJECTED_EQUITY_BREACH
REJECTED,EURUSD,BUY,2018-09-21 08:00:00+00:00,,PRE_TRADE_PROJECTED_EQUITY_BREACH
REJECTED,GBPUSD,SELL,2018-09-24 07:25:00+00:00,,PRE_TRADE_PROJECTED_EQUITY_BREACH
REJECTED,EURUSD,BUY,2018-09-24 09:10:00+00:00,,PRE_TRADE_PROJECTED_EQUITY_BREACH
REJECTED,EURUSD,BUY,2018-09-25 07:55:00+00:00,,PRE_TRADE_PROJECTED_EQUITY_BREACH
REJECTED,EURUSD,BUY,2018-09-26 08:15:00+00:00,,PRE_TRADE_PROJECTED_EQUITY_BREACH
REJECTED,EURUSD,SELL,2018-09-28 07:25:00+00:00,,PRE_TRADE_PROJECTED_EQUITY_BREACH
REJECTED,GBPUSD,SELL,2018-09-28 07:30:00+00:00,,PRE_TRADE_PROJECTED_EQUITY_BREACH
REJECTED,EURUSD,SELL,2018-10-05 09:05:00+00:00,,PRE_TRADE_PROJECTED_EQUITY_BREACH
REJECTED,EURUSD,SELL,2018-10-08 07:20:00+00:00,,PRE_TRADE_PROJECTED_EQUITY_BREACH
REJECTED,EURUSD,SELL,2018-10-10 08:25:00+00:00,,PRE_TRADE_PROJECTED_EQUITY_BREACH
REJECTED,GBPUSD,BUY,2018-10-10 08:55:00+00:00,,PRE_TRADE_PROJECTED_EQUITY_BREACH
REJECTED,EURUSD,BUY,2018-10-15 07:10:00+00:00,,PRE_TRADE_PROJECTED_EQUITY_BREACH
REJECTED,GBPUSD,BUY,2018-10-16 07:40:00+00:00,,PRE_TRADE_PROJECTED_EQUITY_BREACH
REJECTED,EURUSD,BUY,2018-10-16 08:35:00+00:00,,PRE_TRADE_PROJECTED_EQUITY_BREACH
REJECTED,GBPUSD,SELL,2018-10-18 08:05:00+00:00,,PRE_TRADE_PROJECTED_EQUITY_BREACH
REJECTED,GBPUSD,SELL,2018-10-19 08:40:00+00:00,,PRE_TRADE_PROJECTED_EQUITY_BREACH
REJECTED,EURUSD,SELL,2018-10-19 09:45:00+00:00,,PRE_TRADE_PROJECTED_EQUITY_BREACH
REJECTED,EURUSD,SELL,2018-10-23 07:25:00+00:00,,PRE_TRADE_PROJECTED_EQUITY_BREACH
REJECTED,EURUSD,SELL,2018-10-24 07:05:00+00:00,,PRE_TRADE_PROJECTED_EQUITY_BREACH
REJECTED,GBPUSD,SELL,2018-10-24 07:15:00+00:00,,PRE_TRADE_PROJECTED_EQUITY_BREACH
REJECTED,GBPUSD,SELL,2018-10-26 08:00:00+00:00,,PRE_TRADE_PROJECTED_EQUITY_BREACH
REJECTED,EURUSD,SELL,2018-10-29 09:55:00+00:00,,PRE_TRADE_PROJECTED_EQUITY_BREACH
REJECTED,EURUSD,SELL,2018-10-30 10:10:00+00:00,,PRE_TRADE_PROJECTED_EQUITY_BREACH
REJECTED,EURUSD,SELL,2018-11-05 08:55:00+00:00,,PRE_TRADE_PROJECTED_EQUITY_BREACH
REJECTED,EURUSD,BUY,2018-11-06 08:20:00+00:00,,PRE_TRADE_PROJECTED_EQUITY_BREACH
REJECTED,GBPUSD,BUY,2018-11-07 08:35:00+00:00,,PRE_TRADE_PROJECTED_EQUITY_BREACH
REJECTED,EURUSD,BUY,2018-11-07 08:55:00+00:00,,PRE_TRADE_PROJECTED_EQUITY_BREACH
REJECTED,EURUSD,BUY,2018-11-08 08:10:00+00:00,,PRE_TRADE_PROJECTED_EQUITY_BREACH
REJECTED,GBPUSD,BUY,2018-11-08 08:25:00+00:00,,PRE_TRADE_PROJECTED_EQUITY_BREACH
REJECTED,EURUSD,SELL,2018-11-09 08:35:00+00:00,,PRE_TRADE_PROJECTED_EQUITY_BREACH
REJECTED,EURUSD,SELL,2018-11-14 08:25:00+00:00,,PRE_TRADE_PROJECTED_EQUITY_BREACH
REJECTED,EURUSD,BUY,2018-11-16 09:25:00+00:00,,PRE_TRADE_PROJECTED_EQUITY_BREACH
REJECTED,EURUSD,BUY,2018-11-19 09:15:00+00:00,,PRE_TRADE_PROJECTED_EQUITY_BREACH
REJECTED,GBPUSD,SELL,2018-11-20 08:50:00+00:00,,PRE_TRADE_PROJECTED_EQUITY_BREACH
REJECTED,EURUSD,BUY,2018-11-21 08:55:00+00:00,,PRE_TRADE_PROJECTED_EQUITY_BREACH
REJECTED,GBPUSD,SELL,2018-11-21 10:55:00+00:00,,PRE_TRADE_PROJECTED_EQUITY_BREACH
REJECTED,EURUSD,SELL,2018-11-27 09:40:00+00:00,,PRE_TRADE_PROJECTED_EQUITY_BREACH
REJECTED,EURUSD,SELL,2018-11-28 09:50:00+00:00,,PRE_TRADE_PROJECTED_EQUITY_BREACH
REJECTED,GBPUSD,SELL,2018-12-03 10:30:00+00:00,,PRE_TRADE_PROJECTED_EQUITY_BREACH
REJECTED,EURUSD,SELL,2018-12-06 08:20:00+00:00,,PRE_TRADE_PROJECTED_EQUITY_BREACH
REJECTED,GBPUSD,SELL,2018-12-07 08:30:00+00:00,,PRE_TRADE_PROJECTED_EQUITY_BREACH
REJECTED,GBPUSD,SELL,2018-12-10 10:25:00+00:00,,PRE_TRADE_PROJECTED_EQUITY_BREACH
REJECTED,GBPUSD,SELL,2018-12-12 08:10:00+00:00,,PRE_TRADE_PROJECTED_EQUITY_BREACH
REJECTED,EURUSD,SELL,2018-12-12 08:25:00+00:00,,PRE_TRADE_PROJECTED_EQUITY_BREACH
REJECTED,EURUSD,BUY,2018-12-13 10:05:00+00:00,,PRE_TRADE_PROJECTED_EQUITY_BREACH
REJECTED,GBPUSD,SELL,2018-12-14 08:25:00+00:00,,PRE_TRADE_PROJECTED_EQUITY_BREACH
REJECTED,EURUSD,BUY,2018-12-19 10:15:00+00:00,,PRE_TRADE_PROJECTED_EQUITY_BREACH
REJECTED,GBPUSD,BUY,2018-12-20 08:30:00+00:00,,PRE_TRADE_PROJECTED_EQUITY_BREACH
REJECTED,GBPUSD,SELL,2018-12-28 09:15:00+00:00,,PRE_TRADE_PROJECTED_EQUITY_BREACH
REJECTED,EURUSD,BUY,2019-01-04 09:05:00+00:00,,PRE_TRADE_PROJECTED_EQUITY_BREACH
REJECTED,EURUSD,BUY,2019-01-07 09:00:00+00:00,,PRE_TRADE_PROJECTED_EQUITY_BREACH
REJECTED,EURUSD,BUY,2019-01-09 09:30:00+00:00,,PRE_TRADE_PROJECTED_EQUITY_BREACH
REJECTED,GBPUSD,BUY,2019-01-09 09:55:00+00:00,,PRE_TRADE_PROJECTED_EQUITY_BREACH
REJECTED,GBPUSD,BUY,2019-01-11 10:20:00+00:00,,PRE_TRADE_PROJECTED_EQUITY_BREACH
REJECTED,GBPUSD,BUY,2019-01-16 08:15:00+00:00,,PRE_TRADE_PROJECTED_EQUITY_BREACH
REJECTED,EURUSD,SELL,2019-01-23 08:25:00+00:00,,PRE_TRADE_PROJECTED_EQUITY_BREACH
REJECTED,GBPUSD,BUY,2019-01-23 08:35:00+00:00,,PRE_TRADE_PROJECTED_EQUITY_BREACH
REJECTED,EURUSD,BUY,2019-01-29 08:15:00+00:00,,PRE_TRADE_PROJECTED_EQUITY_BREACH
REJECTED,GBPUSD,BUY,2019-01-29 08:50:00+00:00,,PRE_TRADE_PROJECTED_EQUITY_BREACH
REJECTED,GBPUSD,BUY,2019-01-30 08:35:00+00:00,,PRE_TRADE_PROJECTED_EQUITY_BREACH
REJECTED,GBPUSD,BUY,2019-01-31 08:10:00+00:00,,PRE_TRADE_PROJECTED_EQUITY_BREACH
REJECTED,GBPUSD,BUY,2019-02-04 08:20:00+00:00,,PRE_TRADE_PROJECTED_EQUITY_BREACH
REJECTED,EURUSD,SELL,2019-02-06 08:20:00+00:00,,PRE_TRADE_PROJECTED_EQUITY_BREACH
REJECTED,GBPUSD,SELL,2019-02-08 08:05:00+00:00,,PRE_TRADE_PROJECTED_EQUITY_BREACH
REJECTED,EURUSD,SELL,2019-02-08 08:20:00+00:00,,PRE_TRADE_PROJECTED_EQUITY_BREACH
REJECTED,EURUSD,SELL,2019-02-11 08:35:00+00:00,,PRE_TRADE_PROJECTED_EQUITY_BREACH
REJECTED,GBPUSD,SELL,2019-02-11 09:25:00+00:00,,PRE_TRADE_PROJECTED_EQUITY_BREACH
REJECTED,GBPUSD,SELL,2019-02-13 09:40:00+00:00,,PRE_TRADE_PROJECTED_EQUITY_BREACH
REJECTED,EURUSD,SELL,2019-02-14 08:55:00+00:00,,PRE_TRADE_PROJECTED_EQUITY_BREACH
REJECTED,EURUSD,SELL,2019-02-15 10:20:00+00:00,,PRE_TRADE_PROJECTED_EQUITY_BREACH
REJECTED,GBPUSD,BUY,2019-02-18 10:40:00+00:00,,PRE_TRADE_PROJECTED_EQUITY_BREACH
REJECTED,EURUSD,BUY,2019-02-21 08:30:00+00:00,,PRE_TRADE_PROJECTED_EQUITY_BREACH
REJECTED,EURUSD,BUY,2019-02-22 08:10:00+00:00,,PRE_TRADE_PROJECTED_EQUITY_BREACH
REJECTED,GBPUSD,BUY,2019-02-25 08:15:00+00:00,,PRE_TRADE_PROJECTED_EQUITY_BREACH
REJECTED,EURUSD,BUY,2019-02-25 08:25:00+00:00,,PRE_TRADE_PROJECTED_EQUITY_BREACH
REJECTED,GBPUSD,BUY,2019-02-26 08:35:00+00:00,,PRE_TRADE_PROJECTED_EQUITY_BREACH
REJECTED,EURUSD,BUY,2019-02-27 10:45:00+00:00,,PRE_TRADE_PROJECTED_EQUITY_BREACH
REJECTED,GBPUSD,BUY,2019-03-04 09:25:00+00:00,,PRE_TRADE_PROJECTED_EQUITY_BREACH
REJECTED,EURUSD,SELL,2019-03-05 08:10:00+00:00,,PRE_TRADE_PROJECTED_EQUITY_BREACH
REJECTED,GBPUSD,SELL,2019-03-08 10:25:00+00:00,,PRE_TRADE_PROJECTED_EQUITY_BREACH
REJECTED,GBPUSD,BUY,2019-03-14 08:05:00+00:00,,PRE_TRADE_PROJECTED_EQUITY_BREACH
REJECTED,GBPUSD,BUY,2019-03-15 09:55:00+00:00,,PRE_TRADE_PROJECTED_EQUITY_BREACH
REJECTED,EURUSD,BUY,2019-03-18 08:35:00+00:00,,PRE_TRADE_PROJECTED_EQUITY_BREACH
REJECTED,EURUSD,BUY,2019-03-19 08:20:00+00:00,,PRE_TRADE_PROJECTED_EQUITY_BREACH
REJECTED,GBPUSD,BUY,2019-03-19 10:35:00+00:00,,PRE_TRADE_PROJECTED_EQUITY_BREACH
REJECTED,GBPUSD,SELL,2019-03-22 08:45:00+00:00,,PRE_TRADE_PROJECTED_EQUITY_BREACH
REJECTED,GBPUSD,BUY,2019-03-25 09:00:00+00:00,,PRE_TRADE_PROJECTED_EQUITY_BREACH
REJECTED,GBPUSD,SELL,2019-03-28 09:30:00+00:00,,PRE_TRADE_PROJECTED_EQUITY_BREACH
REJECTED,EURUSD,SELL,2019-03-29 10:55:00+00:00,,PRE_TRADE_PROJECTED_EQUITY_BREACH
REJECTED,GBPUSD,SELL,2019-04-02 07:20:00+00:00,,PRE_TRADE_PROJECTED_EQUITY_BREACH
REJECTED,EURUSD,SELL,2019-04-02 08:25:00+00:00,,PRE_TRADE_PROJECTED_EQUITY_BREACH
REJECTED,GBPUSD,BUY,2019-04-04 07:30:00+00:00,,PRE_TRADE_PROJECTED_EQUITY_BREACH
REJECTED,EURUSD,SELL,2019-04-04 08:15:00+00:00,,PRE_TRADE_PROJECTED_EQUITY_BREACH
REJECTED,EURUSD,BUY,2019-04-09 09:25:00+00:00,,PRE_TRADE_PROJECTED_EQUITY_BREACH
REJECTED,EURUSD,BUY,2019-04-10 07:30:00+00:00,,PRE_TRADE_PROJECTED_EQUITY_BREACH
REJECTED,EURUSD,BUY,2019-04-11 08:20:00+00:00,,PRE_TRADE_PROJECTED_EQUITY_BREACH
REJECTED,EURUSD,BUY,2019-04-12 09:25:00+00:00,,PRE_TRADE_PROJECTED_EQUITY_BREACH
REJECTED,EURUSD,BUY,2019-04-15 08:05:00+00:00,,PRE_TRADE_PROJECTED_EQUITY_BREACH
REJECTED,GBPUSD,BUY,2019-04-15 09:35:00+00:00,,PRE_TRADE_PROJECTED_EQUITY_BREACH
REJECTED,EURUSD,BUY,2019-04-16 07:55:00+00:00,,PRE_TRADE_PROJECTED_EQUITY_BREACH
REJECTED,EURUSD,BUY,2019-04-18 07:25:00+00:00,,PRE_TRADE_PROJECTED_EQUITY_BREACH
REJECTED,EURUSD,SELL,2019-04-23 08:20:00+00:00,,PRE_TRADE_PROJECTED_EQUITY_BREACH
REJECTED,EURUSD,SELL,2019-04-24 07:15:00+00:00,,PRE_TRADE_PROJECTED_EQUITY_BREACH
REJECTED,GBPUSD,SELL,2019-04-24 08:45:00+00:00,,PRE_TRADE_PROJECTED_EQUITY_BREACH
REJECTED,GBPUSD,SELL,2019-04-25 09:00:00+00:00,,PRE_TRADE_PROJECTED_EQUITY_BREACH
REJECTED,EURUSD,SELL,2019-04-30 07:40:00+00:00,,PRE_TRADE_PROJECTED_EQUITY_BREACH
REJECTED,EURUSD,BUY,2019-05-02 09:10:00+00:00,,PRE_TRADE_PROJECTED_EQUITY_BREACH
REJECTED,EURUSD,SELL,2019-05-03 07:30:00+00:00,,PRE_TRADE_PROJECTED_EQUITY_BREACH
REJECTED,EURUSD,BUY,2019-05-08 07:10:00+00:00,,PRE_TRADE_PROJECTED_EQUITY_BREACH
REJECTED,EURUSD,BUY,2019-05-09 07:30:00+00:00,,PRE_TRADE_PROJECTED_EQUITY_BREACH
REJECTED,GBPUSD,SELL,2019-05-10 07:50:00+00:00,,PRE_TRADE_PROJECTED_EQUITY_BREACH
REJECTED,GBPUSD,SELL,2019-05-14 08:00:00+00:00,,PRE_TRADE_PROJECTED_EQUITY_BREACH
REJECTED,GBPUSD,SELL,2019-05-16 07:55:00+00:00,,PRE_TRADE_PROJECTED_EQUITY_BREACH
REJECTED,GBPUSD,SELL,2019-05-17 08:10:00+00:00,,PRE_TRADE_PROJECTED_EQUITY_BREACH
REJECTED,EURUSD,SELL,2019-05-20 07:25:00+00:00,,PRE_TRADE_PROJECTED_EQUITY_BREACH
REJECTED,EURUSD,SELL,2019-05-22 07:35:00+00:00,,PRE_TRADE_PROJECTED_EQUITY_BREACH
REJECTED,GBPUSD,SELL,2019-05-23 07:25:00+00:00,,PRE_TRADE_PROJECTED_EQUITY_BREACH
REJECTED,EURUSD,SELL,2019-05-23 07:40:00+00:00,,PRE_TRADE_PROJECTED_EQUITY_BREACH
REJECTED,GBPUSD,SELL,2019-05-28 08:30:00+00:00,,PRE_TRADE_PROJECTED_EQUITY_BREACH
REJECTED,EURUSD,SELL,2019-05-29 07:20:00+00:00,,PRE_TRADE_PROJECTED_EQUITY_BREACH
REJECTED,GBPUSD,SELL,2019-05-29 08:15:00+00:00,,PRE_TRADE_PROJECTED_EQUITY_BREACH
REJECTED,EURUSD,SELL,2019-05-30 08:05:00+00:00,,PRE_TRADE_PROJECTED_EQUITY_BREACH
REJECTED,GBPUSD,SELL,2019-06-03 07:35:00+00:00,,PRE_TRADE_PROJECTED_EQUITY_BREACH
REJECTED,EURUSD,BUY,2019-06-04 07:15:00+00:00,,PRE_TRADE_PROJECTED_EQUITY_BREACH
REJECTED,GBPUSD,BUY,2019-06-04 07:35:00+00:00,,PRE_TRADE_PROJECTED_EQUITY_BREACH
REJECTED,EURUSD,BUY,2019-06-05 09:15:00+00:00,,PRE_TRADE_PROJECTED_EQUITY_BREACH
REJECTED,GBPUSD,BUY,2019-06-05 09:15:00+00:00,,PRE_TRADE_PROJECTED_EQUITY_BREACH
REJECTED,GBPUSD,SELL,2019-06-06 08:50:00+00:00,,PRE_TRADE_PROJECTED_EQUITY_BREACH
REJECTED,GBPUSD,BUY,2019-06-07 07:40:00+00:00,,PRE_TRADE_PROJECTED_EQUITY_BREACH
REJECTED,EURUSD,BUY,2019-06-11 08:00:00+00:00,,PRE_TRADE_PROJECTED_EQUITY_BREACH
REJECTED,GBPUSD,SELL,2019-06-11 08:00:00+00:00,,PRE_TRADE_PROJECTED_EQUITY_BREACH
REJECTED,GBPUSD,BUY,2019-06-12 07:30:00+00:00,,PRE_TRADE_PROJECTED_EQUITY_BREACH
REJECTED,EURUSD,BUY,2019-06-12 08:05:00+00:00,,PRE_TRADE_PROJECTED_EQUITY_BREACH
REJECTED,GBPUSD,SELL,2019-06-13 07:45:00+00:00,,PRE_TRADE_PROJECTED_EQUITY_BREACH
REJECTED,EURUSD,BUY,2019-06-13 08:00:00+00:00,,PRE_TRADE_PROJECTED_EQUITY_BREACH
REJECTED,EURUSD,BUY,2019-06-14 08:05:00+00:00,,PRE_TRADE_PROJECTED_EQUITY_BREACH
REJECTED,GBPUSD,SELL,2019-06-14 08:25:00+00:00,,PRE_TRADE_PROJECTED_EQUITY_BREACH
REJECTED,EURUSD,SELL,2019-06-17 07:40:00+00:00,,PRE_TRADE_PROJECTED_EQUITY_BREACH
REJECTED,EURUSD,BUY,2019-06-20 07:05:00+00:00,,PRE_TRADE_PROJECTED_EQUITY_BREACH
REJECTED,EURUSD,BUY,2019-06-21 08:30:00+00:00,,PRE_TRADE_PROJECTED_EQUITY_BREACH
REJECTED,GBPUSD,BUY,2019-06-24 07:10:00+00:00,,PRE_TRADE_PROJECTED_EQUITY_BREACH
REJECTED,EURUSD,BUY,2019-06-24 07:15:00+00:00,,PRE_TRADE_PROJECTED_EQUITY_BREACH
REJECTED,GBPUSD,BUY,2019-06-25 07:20:00+00:00,,PRE_TRADE_PROJECTED_EQUITY_BREACH
REJECTED,GBPUSD,SELL,2019-06-26 07:50:00+00:00,,PRE_TRADE_PROJECTED_EQUITY_BREACH
REJECTED,GBPUSD,SELL,2019-06-27 07:40:00+00:00,,PRE_TRADE_PROJECTED_EQUITY_BREACH
REJECTED,EURUSD,BUY,2019-06-28 07:55:00+00:00,,PRE_TRADE_PROJECTED_EQUITY_BREACH
REJECTED,GBPUSD,SELL,2019-07-02 08:35:00+00:00,,PRE_TRADE_PROJECTED_EQUITY_BREACH
REJECTED,EURUSD,SELL,2019-07-03 07:20:00+00:00,,PRE_TRADE_PROJECTED_EQUITY_BREACH
REJECTED,GBPUSD,SELL,2019-07-04 07:45:00+00:00,,PRE_TRADE_PROJECTED_EQUITY_BREACH
REJECTED,GBPUSD,SELL,2019-07-05 08:25:00+00:00,,PRE_TRADE_PROJECTED_EQUITY_BREACH
REJECTED,GBPUSD,SELL,2019-07-08 08:00:00+00:00,,PRE_TRADE_PROJECTED_EQUITY_BREACH
REJECTED,EURUSD,SELL,2019-07-09 07:40:00+00:00,,PRE_TRADE_PROJECTED_EQUITY_BREACH
REJECTED,EURUSD,BUY,2019-07-15 08:00:00+00:00,,PRE_TRADE_PROJECTED_EQUITY_BREACH
REJECTED,EURUSD,SELL,2019-07-16 07:40:00+00:00,,PRE_TRADE_PROJECTED_EQUITY_BREACH
REJECTED,EURUSD,SELL,2019-07-17 07:45:00+00:00,,PRE_TRADE_PROJECTED_EQUITY_BREACH
REJECTED,GBPUSD,SELL,2019-07-17 09:35:00+00:00,,PRE_TRADE_PROJECTED_EQUITY_BREACH
REJECTED,EURUSD,SELL,2019-07-23 07:40:00+00:00,,PRE_TRADE_PROJECTED_EQUITY_BREACH
REJECTED,GBPUSD,SELL,2019-07-23 08:00:00+00:00,,PRE_TRADE_PROJECTED_EQUITY_BREACH
REJECTED,GBPUSD,SELL,2019-07-25 07:50:00+00:00,,PRE_TRADE_PROJECTED_EQUITY_BREACH
REJECTED,EURUSD,SELL,2019-07-25 08:05:00+00:00,,PRE_TRADE_PROJECTED_EQUITY_BREACH
REJECTED,EURUSD,SELL,2019-07-26 07:35:00+00:00,,PRE_TRADE_PROJECTED_EQUITY_BREACH
REJECTED,EURUSD,SELL,2019-07-29 07:05:00+00:00,,PRE_TRADE_PROJECTED_EQUITY_BREACH
REJECTED,EURUSD,BUY,2019-08-05 09:00:00+00:00,,PRE_TRADE_PROJECTED_EQUITY_BREACH
REJECTED,GBPUSD,SELL,2019-08-07 07:30:00+00:00,,PRE_TRADE_PROJECTED_EQUITY_BREACH
REJECTED,GBPUSD,SELL,2019-08-09 08:00:00+00:00,,PRE_TRADE_PROJECTED_EQUITY_BREACH
REJECTED,GBPUSD,SELL,2019-08-13 07:25:00+00:00,,PRE_TRADE_PROJECTED_EQUITY_BREACH
REJECTED,EURUSD,SELL,2019-08-14 07:30:00+00:00,,PRE_TRADE_PROJECTED_EQUITY_BREACH
REJECTED,EURUSD,SELL,2019-08-16 08:30:00+00:00,,PRE_TRADE_PROJECTED_EQUITY_BREACH
REJECTED,EURUSD,SELL,2019-08-20 07:45:00+00:00,,PRE_TRADE_PROJECTED_EQUITY_BREACH
REJECTED,GBPUSD,SELL,2019-08-22 07:35:00+00:00,,PRE_TRADE_PROJECTED_EQUITY_BREACH
REJECTED,EURUSD,SELL,2019-08-22 08:10:00+00:00,,PRE_TRADE_PROJECTED_EQUITY_BREACH
REJECTED,GBPUSD,BUY,2019-08-27 08:05:00+00:00,,PRE_TRADE_PROJECTED_EQUITY_BREACH
REJECTED,EURUSD,SELL,2019-08-29 08:15:00+00:00,,PRE_TRADE_PROJECTED_EQUITY_BREACH
REJECTED,GBPUSD,SELL,2019-08-29 08:15:00+00:00,,PRE_TRADE_PROJECTED_EQUITY_BREACH
REJECTED,EURUSD,SELL,2019-08-30 07:20:00+00:00,,PRE_TRADE_PROJECTED_EQUITY_BREACH
REJECTED,GBPUSD,SELL,2019-08-30 07:55:00+00:00,,PRE_TRADE_PROJECTED_EQUITY_BREACH
REJECTED,EURUSD,SELL,2019-09-02 08:10:00+00:00,,PRE_TRADE_PROJECTED_EQUITY_BREACH
REJECTED,EURUSD,SELL,2019-09-05 07:25:00+00:00,,PRE_TRADE_PROJECTED_EQUITY_BREACH
REJECTED,GBPUSD,BUY,2019-09-05 09:10:00+00:00,,PRE_TRADE_PROJECTED_EQUITY_BREACH
REJECTED,GBPUSD,BUY,2019-09-06 07:40:00+00:00,,PRE_TRADE_PROJECTED_EQUITY_BREACH
REJECTED,EURUSD,BUY,2019-09-06 08:30:00+00:00,,PRE_TRADE_PROJECTED_EQUITY_BREACH
REJECTED,GBPUSD,BUY,2019-09-09 09:40:00+00:00,,PRE_TRADE_PROJECTED_EQUITY_BREACH
REJECTED,GBPUSD,BUY,2019-09-11 07:35:00+00:00,,PRE_TRADE_PROJECTED_EQUITY_BREACH
REJECTED,EURUSD,BUY,2019-09-13 07:10:00+00:00,,PRE_TRADE_PROJECTED_EQUITY_BREACH
REJECTED,GBPUSD,BUY,2019-09-13 07:10:00+00:00,,PRE_TRADE_PROJECTED_EQUITY_BREACH
REJECTED,EURUSD,BUY,2019-09-19 08:15:00+00:00,,PRE_TRADE_PROJECTED_EQUITY_BREACH
REJECTED,GBPUSD,BUY,2019-09-19 08:45:00+00:00,,PRE_TRADE_PROJECTED_EQUITY_BREACH
REJECTED,EURUSD,BUY,2019-09-20 07:45:00+00:00,,PRE_TRADE_PROJECTED_EQUITY_BREACH
REJECTED,GBPUSD,BUY,2019-09-20 08:30:00+00:00,,PRE_TRADE_PROJECTED_EQUITY_BREACH
REJECTED,EURUSD,SELL,2019-09-23 07:55:00+00:00,,PRE_TRADE_PROJECTED_EQUITY_BREACH
REJECTED,GBPUSD,SELL,2019-09-24 09:20:00+00:00,,PRE_TRADE_PROJECTED_EQUITY_BREACH
REJECTED,EURUSD,SELL,2019-09-25 08:20:00+00:00,,PRE_TRADE_PROJECTED_EQUITY_BREACH
REJECTED,GBPUSD,SELL,2019-09-26 08:35:00+00:00,,PRE_TRADE_PROJECTED_EQUITY_BREACH
REJECTED,EURUSD,SELL,2019-09-26 09:00:00+00:00,,PRE_TRADE_PROJECTED_EQUITY_BREACH
REJECTED,EURUSD,SELL,2019-10-01 07:30:00+00:00,,PRE_TRADE_PROJECTED_EQUITY_BREACH
REJECTED,EURUSD,SELL,2019-10-02 07:20:00+00:00,,PRE_TRADE_PROJECTED_EQUITY_BREACH
REJECTED,GBPUSD,SELL,2019-10-03 07:25:00+00:00,,PRE_TRADE_PROJECTED_EQUITY_BREACH
REJECTED,GBPUSD,SELL,2019-10-04 09:45:00+00:00,,PRE_TRADE_PROJECTED_EQUITY_BREACH
REJECTED,EURUSD,BUY,2019-10-08 08:45:00+00:00,,PRE_TRADE_PROJECTED_EQUITY_BREACH
REJECTED,GBPUSD,SELL,2019-10-09 07:05:00+00:00,,PRE_TRADE_PROJECTED_EQUITY_BREACH
REJECTED,EURUSD,BUY,2019-10-11 07:50:00+00:00,,PRE_TRADE_PROJECTED_EQUITY_BREACH
REJECTED,GBPUSD,BUY,2019-10-11 08:15:00+00:00,,PRE_TRADE_PROJECTED_EQUITY_BREACH
REJECTED,EURUSD,BUY,2019-10-16 09:10:00+00:00,,PRE_TRADE_PROJECTED_EQUITY_BREACH
REJECTED,GBPUSD,BUY,2019-10-18 09:50:00+00:00,,PRE_TRADE_PROJECTED_EQUITY_BREACH
REJECTED,GBPUSD,BUY,2019-10-21 08:30:00+00:00,,PRE_TRADE_PROJECTED_EQUITY_BREACH
REJECTED,EURUSD,BUY,2019-10-21 09:00:00+00:00,,PRE_TRADE_PROJECTED_EQUITY_BREACH
REJECTED,GBPUSD,BUY,2019-10-24 08:10:00+00:00,,PRE_TRADE_PROJECTED_EQUITY_BREACH
REJECTED,EURUSD,BUY,2019-10-24 08:45:00+00:00,,PRE_TRADE_PROJECTED_EQUITY_BREACH
REJECTED,GBPUSD,BUY,2019-10-25 07:30:00+00:00,,PRE_TRADE_PROJECTED_EQUITY_BREACH
REJECTED,GBPUSD,BUY,2019-10-28 09:10:00+00:00,,PRE_TRADE_PROJECTED_EQUITY_BREACH
REJECTED,EURUSD,BUY,2019-10-30 08:20:00+00:00,,PRE_TRADE_PROJECTED_EQUITY_BREACH
REJECTED,GBPUSD,BUY,2019-10-30 10:10:00+00:00,,PRE_TRADE_PROJECTED_EQUITY_BREACH
REJECTED,EURUSD,BUY,2019-10-31 09:10:00+00:00,,PRE_TRADE_PROJECTED_EQUITY_BREACH
REJECTED,EURUSD,BUY,2019-11-05 08:50:00+00:00,,PRE_TRADE_PROJECTED_EQUITY_BREACH
REJECTED,GBPUSD,BUY,2019-11-06 10:55:00+00:00,,PRE_TRADE_PROJECTED_EQUITY_BREACH
REJECTED,EURUSD,SELL,2019-11-08 09:40:00+00:00,,PRE_TRADE_PROJECTED_EQUITY_BREACH
REJECTED,EURUSD,SELL,2019-11-12 08:15:00+00:00,,PRE_TRADE_PROJECTED_EQUITY_BREACH
REJECTED,GBPUSD,BUY,2019-11-14 10:10:00+00:00,,PRE_TRADE_PROJECTED_EQUITY_BREACH
REJECTED,EURUSD,SELL,2019-11-15 08:30:00+00:00,,PRE_TRADE_PROJECTED_EQUITY_BREACH
REJECTED,EURUSD,BUY,2019-11-18 09:20:00+00:00,,PRE_TRADE_PROJECTED_EQUITY_BREACH
REJECTED,EURUSD,BUY,2019-11-21 08:35:00+00:00,,PRE_TRADE_PROJECTED_EQUITY_BREACH
REJECTED,EURUSD,BUY,2019-11-22 08:45:00+00:00,,PRE_TRADE_PROJECTED_EQUITY_BREACH
REJECTED,EURUSD,SELL,2019-11-27 09:00:00+00:00,,PRE_TRADE_PROJECTED_EQUITY_BREACH
REJECTED,EURUSD,SELL,2019-11-29 08:30:00+00:00,,PRE_TRADE_PROJECTED_EQUITY_BREACH
REJECTED,GBPUSD,BUY,2019-12-02 08:25:00+00:00,,PRE_TRADE_PROJECTED_EQUITY_BREACH
REJECTED,EURUSD,SELL,2019-12-02 09:00:00+00:00,,PRE_TRADE_PROJECTED_EQUITY_BREACH
REJECTED,EURUSD,BUY,2019-12-03 08:40:00+00:00,,PRE_TRADE_PROJECTED_EQUITY_BREACH
REJECTED,EURUSD,BUY,2019-12-04 08:30:00+00:00,,PRE_TRADE_PROJECTED_EQUITY_BREACH
REJECTED,EURUSD,BUY,2019-12-05 08:45:00+00:00,,PRE_TRADE_PROJECTED_EQUITY_BREACH
REJECTED,EURUSD,BUY,2019-12-09 10:30:00+00:00,,PRE_TRADE_PROJECTED_EQUITY_BREACH
REJECTED,GBPUSD,BUY,2019-12-10 09:40:00+00:00,,PRE_TRADE_PROJECTED_EQUITY_BREACH
REJECTED,GBPUSD,BUY,2019-12-11 09:40:00+00:00,,PRE_TRADE_PROJECTED_EQUITY_BREACH
REJECTED,EURUSD,BUY,2019-12-16 08:25:00+00:00,,PRE_TRADE_PROJECTED_EQUITY_BREACH
REJECTED,EURUSD,BUY,2019-12-17 10:10:00+00:00,,PRE_TRADE_PROJECTED_EQUITY_BREACH
REJECTED,GBPUSD,SELL,2019-12-23 10:10:00+00:00,,PRE_TRADE_PROJECTED_EQUITY_BREACH
REJECTED,EURUSD,SELL,2019-12-24 08:10:00+00:00,,PRE_TRADE_PROJECTED_EQUITY_BREACH
REJECTED,EURUSD,SELL,2019-12-26 10:35:00+00:00,,PRE_TRADE_PROJECTED_EQUITY_BREACH
REJECTED,GBPUSD,SELL,2019-12-26 10:50:00+00:00,,PRE_TRADE_PROJECTED_EQUITY_BREACH
REJECTED,GBPUSD,BUY,2019-12-31 09:00:00+00:00,,PRE_TRADE_PROJECTED_EQUITY_BREACH
REJECTED,EURUSD,BUY,2019-12-31 09:50:00+00:00,,PRE_TRADE_PROJECTED_EQUITY_BREACH
REJECTED,GBPUSD,SELL,2020-01-03 08:55:00+00:00,,PRE_TRADE_PROJECTED_EQUITY_BREACH
REJECTED,EURUSD,BUY,2020-01-06 08:50:00+00:00,,PRE_TRADE_PROJECTED_EQUITY_BREACH
REJECTED,EURUSD,SELL,2020-01-09 08:15:00+00:00,,PRE_TRADE_PROJECTED_EQUITY_BREACH
REJECTED,GBPUSD,SELL,2020-01-09 08:35:00+00:00,,PRE_TRADE_PROJECTED_EQUITY_BREACH
REJECTED,EURUSD,SELL,2020-01-10 08:25:00+00:00,,PRE_TRADE_PROJECTED_EQUITY_BREACH
REJECTED,EURUSD,SELL,2020-01-13 10:45:00+00:00,,PRE_TRADE_PROJECTED_EQUITY_BREACH
REJECTED,EURUSD,SELL,2020-01-14 10:05:00+00:00,,PRE_TRADE_PROJECTED_EQUITY_BREACH
REJECTED,GBPUSD,SELL,2020-01-15 08:15:00+00:00,,PRE_TRADE_PROJECTED_EQUITY_BREACH
REJECTED,EURUSD,BUY,2020-01-16 08:45:00+00:00,,PRE_TRADE_PROJECTED_EQUITY_BREACH
REJECTED,GBPUSD,BUY,2020-01-16 10:05:00+00:00,,PRE_TRADE_PROJECTED_EQUITY_BREACH
REJECTED,GBPUSD,BUY,2020-01-17 08:55:00+00:00,,PRE_TRADE_PROJECTED_EQUITY_BREACH
REJECTED,EURUSD,SELL,2020-01-20 08:20:00+00:00,,PRE_TRADE_PROJECTED_EQUITY_BREACH
REJECTED,GBPUSD,SELL,2020-01-20 10:45:00+00:00,,PRE_TRADE_PROJECTED_EQUITY_BREACH
REJECTED,EURUSD,SELL,2020-01-21 08:30:00+00:00,,PRE_TRADE_PROJECTED_EQUITY_BREACH
REJECTED,EURUSD,SELL,2020-01-22 08:40:00+00:00,,PRE_TRADE_PROJECTED_EQUITY_BREACH
REJECTED,GBPUSD,BUY,2020-01-24 09:05:00+00:00,,PRE_TRADE_PROJECTED_EQUITY_BREACH
REJECTED,GBPUSD,BUY,2020-01-27 08:35:00+00:00,,PRE_TRADE_PROJECTED_EQUITY_BREACH
REJECTED,EURUSD,SELL,2020-01-28 08:30:00+00:00,,PRE_TRADE_PROJECTED_EQUITY_BREACH
REJECTED,GBPUSD,SELL,2020-01-29 09:05:00+00:00,,PRE_TRADE_PROJECTED_EQUITY_BREACH
REJECTED,GBPUSD,BUY,2020-01-31 10:50:00+00:00,,PRE_TRADE_PROJECTED_EQUITY_BREACH
REJECTED,EURUSD,SELL,2020-02-04 08:25:00+00:00,,PRE_TRADE_PROJECTED_EQUITY_BREACH
REJECTED,GBPUSD,SELL,2020-02-06 10:35:00+00:00,,PRE_TRADE_PROJECTED_EQUITY_BREACH
REJECTED,GBPUSD,SELL,2020-02-07 08:55:00+00:00,,PRE_TRADE_PROJECTED_EQUITY_BREACH
REJECTED,EURUSD,SELL,2020-02-10 08:30:00+00:00,,PRE_TRADE_PROJECTED_EQUITY_BREACH
REJECTED,EURUSD,SELL,2020-02-11 08:35:00+00:00,,PRE_TRADE_PROJECTED_EQUITY_BREACH
REJECTED,GBPUSD,SELL,2020-02-18 08:25:00+00:00,,PRE_TRADE_PROJECTED_EQUITY_BREACH
REJECTED,GBPUSD,BUY,2020-02-19 08:45:00+00:00,,PRE_TRADE_PROJECTED_EQUITY_BREACH
REJECTED,EURUSD,SELL,2020-02-24 10:30:00+00:00,,PRE_TRADE_PROJECTED_EQUITY_BREACH
REJECTED,EURUSD,BUY,2020-02-26 08:25:00+00:00,,PRE_TRADE_PROJECTED_EQUITY_BREACH
REJECTED,GBPUSD,SELL,2020-02-28 08:30:00+00:00,,PRE_TRADE_PROJECTED_EQUITY_BREACH
REJECTED,GBPUSD,SELL,2020-03-02 08:10:00+00:00,,PRE_TRADE_PROJECTED_EQUITY_BREACH
REJECTED,GBPUSD,BUY,2020-03-05 08:40:00+00:00,,PRE_TRADE_PROJECTED_EQUITY_BREACH
REJECTED,GBPUSD,BUY,2020-03-06 08:45:00+00:00,,PRE_TRADE_PROJECTED_EQUITY_BREACH
REJECTED,GBPUSD,BUY,2020-03-09 09:40:00+00:00,,PRE_TRADE_PROJECTED_EQUITY_BREACH
REJECTED,GBPUSD,BUY,2020-03-11 10:35:00+00:00,,PRE_TRADE_PROJECTED_EQUITY_BREACH
REJECTED,GBPUSD,SELL,2020-03-16 10:20:00+00:00,,PRE_TRADE_PROJECTED_EQUITY_BREACH
REJECTED,GBPUSD,SELL,2020-03-17 09:05:00+00:00,,PRE_TRADE_PROJECTED_EQUITY_BREACH
REJECTED,EURUSD,SELL,2020-03-18 08:40:00+00:00,,PRE_TRADE_PROJECTED_EQUITY_BREACH
REJECTED,EURUSD,SELL,2020-03-19 08:45:00+00:00,,PRE_TRADE_PROJECTED_EQUITY_BREACH
REJECTED,GBPUSD,SELL,2020-03-23 10:05:00+00:00,,PRE_TRADE_PROJECTED_EQUITY_BREACH
REJECTED,EURUSD,BUY,2020-03-26 08:15:00+00:00,,PRE_TRADE_PROJECTED_EQUITY_BREACH
REJECTED,GBPUSD,BUY,2020-03-26 10:10:00+00:00,,PRE_TRADE_PROJECTED_EQUITY_BREACH
REJECTED,GBPUSD,BUY,2020-04-02 07:50:00+00:00,,PRE_TRADE_PROJECTED_EQUITY_BREACH
REJECTED,EURUSD,SELL,2020-04-03 07:30:00+00:00,,PRE_TRADE_PROJECTED_EQUITY_BREACH
REJECTED,GBPUSD,BUY,2020-04-07 07:20:00+00:00,,PRE_TRADE_PROJECTED_EQUITY_BREACH
REJECTED,EURUSD,SELL,2020-04-08 08:15:00+00:00,,PRE_TRADE_PROJECTED_EQUITY_BREACH
REJECTED,EURUSD,SELL,2020-04-09 07:35:00+00:00,,PRE_TRADE_PROJECTED_EQUITY_BREACH
REJECTED,GBPUSD,BUY,2020-04-10 08:30:00+00:00,,PRE_TRADE_PROJECTED_EQUITY_BREACH
REJECTED,EURUSD,BUY,2020-04-10 09:05:00+00:00,,PRE_TRADE_PROJECTED_EQUITY_BREACH
REJECTED,GBPUSD,BUY,2020-04-14 09:20:00+00:00,,PRE_TRADE_PROJECTED_EQUITY_BREACH
REJECTED,EURUSD,SELL,2020-04-17 07:20:00+00:00,,PRE_TRADE_PROJECTED_EQUITY_BREACH
REJECTED,EURUSD,SELL,2020-04-21 09:05:00+00:00,,PRE_TRADE_PROJECTED_EQUITY_BREACH
REJECTED,EURUSD,SELL,2020-04-24 07:20:00+00:00,,PRE_TRADE_PROJECTED_EQUITY_BREACH
REJECTED,GBPUSD,BUY,2020-04-27 07:05:00+00:00,,PRE_TRADE_PROJECTED_EQUITY_BREACH
REJECTED,EURUSD,BUY,2020-04-27 08:25:00+00:00,,PRE_TRADE_PROJECTED_EQUITY_BREACH
REJECTED,EURUSD,SELL,2020-04-28 07:25:00+00:00,,PRE_TRADE_PROJECTED_EQUITY_BREACH
REJECTED,EURUSD,BUY,2020-04-29 08:15:00+00:00,,PRE_TRADE_PROJECTED_EQUITY_BREACH
REJECTED,EURUSD,BUY,2020-04-30 08:00:00+00:00,,PRE_TRADE_PROJECTED_EQUITY_BREACH
REJECTED,EURUSD,BUY,2020-05-01 08:20:00+00:00,,PRE_TRADE_PROJECTED_EQUITY_BREACH
REJECTED,GBPUSD,BUY,2020-05-05 07:20:00+00:00,,PRE_TRADE_PROJECTED_EQUITY_BREACH
REJECTED,EURUSD,SELL,2020-05-06 08:20:00+00:00,,PRE_TRADE_PROJECTED_EQUITY_BREACH
REJECTED,GBPUSD,SELL,2020-05-06 09:10:00+00:00,,PRE_TRADE_PROJECTED_EQUITY_BREACH
REJECTED,EURUSD,SELL,2020-05-07 07:35:00+00:00,,PRE_TRADE_PROJECTED_EQUITY_BREACH
REJECTED,EURUSD,SELL,2020-05-08 08:55:00+00:00,,PRE_TRADE_PROJECTED_EQUITY_BREACH
REJECTED,EURUSD,SELL,2020-05-14 07:05:00+00:00,,PRE_TRADE_PROJECTED_EQUITY_BREACH
REJECTED,GBPUSD,SELL,2020-05-14 08:50:00+00:00,,PRE_TRADE_PROJECTED_EQUITY_BREACH
REJECTED,EURUSD,SELL,2020-05-15 08:00:00+00:00,,PRE_TRADE_PROJECTED_EQUITY_BREACH
REJECTED,EURUSD,SELL,2020-05-18 08:55:00+00:00,,PRE_TRADE_PROJECTED_EQUITY_BREACH
REJECTED,EURUSD,BUY,2020-05-19 07:15:00+00:00,,PRE_TRADE_PROJECTED_EQUITY_BREACH
REJECTED,GBPUSD,SELL,2020-05-21 08:55:00+00:00,,PRE_TRADE_PROJECTED_EQUITY_BREACH
REJECTED,GBPUSD,SELL,2020-05-22 08:00:00+00:00,,PRE_TRADE_PROJECTED_EQUITY_BREACH
REJECTED,EURUSD,SELL,2020-05-25 07:05:00+00:00,,PRE_TRADE_PROJECTED_EQUITY_BREACH
REJECTED,GBPUSD,SELL,2020-05-25 08:20:00+00:00,,PRE_TRADE_PROJECTED_EQUITY_BREACH
REJECTED,GBPUSD,BUY,2020-05-28 07:30:00+00:00,,PRE_TRADE_PROJECTED_EQUITY_BREACH
REJECTED,GBPUSD,BUY,2020-05-29 08:00:00+00:00,,PRE_TRADE_PROJECTED_EQUITY_BREACH
REJECTED,EURUSD,BUY,2020-05-29 08:20:00+00:00,,PRE_TRADE_PROJECTED_EQUITY_BREACH
REJECTED,EURUSD,BUY,2020-06-01 08:05:00+00:00,,PRE_TRADE_PROJECTED_EQUITY_BREACH
REJECTED,GBPUSD,BUY,2020-06-02 09:20:00+00:00,,PRE_TRADE_PROJECTED_EQUITY_BREACH
REJECTED,EURUSD,BUY,2020-06-03 09:00:00+00:00,,PRE_TRADE_PROJECTED_EQUITY_BREACH
REJECTED,GBPUSD,SELL,2020-06-15 08:30:00+00:00,,PRE_TRADE_PROJECTED_EQUITY_BREACH
REJECTED,GBPUSD,SELL,2020-06-18 08:50:00+00:00,,PRE_TRADE_PROJECTED_EQUITY_BREACH
REJECTED,EURUSD,BUY,2020-06-23 08:35:00+00:00,,PRE_TRADE_PROJECTED_EQUITY_BREACH
REJECTED,EURUSD,SELL,2020-06-25 07:55:00+00:00,,PRE_TRADE_PROJECTED_EQUITY_BREACH
REJECTED,GBPUSD,SELL,2020-06-26 08:05:00+00:00,,PRE_TRADE_PROJECTED_EQUITY_BREACH
REJECTED,EURUSD,BUY,2020-07-02 07:15:00+00:00,,PRE_TRADE_PROJECTED_EQUITY_BREACH
REJECTED,GBPUSD,BUY,2020-07-03 07:20:00+00:00,,PRE_TRADE_PROJECTED_EQUITY_BREACH
REJECTED,GBPUSD,BUY,2020-07-06 07:40:00+00:00,,PRE_TRADE_PROJECTED_EQUITY_BREACH
REJECTED,EURUSD,BUY,2020-07-06 08:00:00+00:00,,PRE_TRADE_PROJECTED_EQUITY_BREACH
REJECTED,GBPUSD,BUY,2020-07-09 07:10:00+00:00,,PRE_TRADE_PROJECTED_EQUITY_BREACH
REJECTED,EURUSD,BUY,2020-07-13 07:50:00+00:00,,PRE_TRADE_PROJECTED_EQUITY_BREACH
REJECTED,GBPUSD,SELL,2020-07-14 07:55:00+00:00,,PRE_TRADE_PROJECTED_EQUITY_BREACH
REJECTED,GBPUSD,BUY,2020-07-15 07:25:00+00:00,,PRE_TRADE_PROJECTED_EQUITY_BREACH
REJECTED,GBPUSD,SELL,2020-07-17 07:55:00+00:00,,PRE_TRADE_PROJECTED_EQUITY_BREACH
REJECTED,EURUSD,BUY,2020-07-17 09:05:00+00:00,,PRE_TRADE_PROJECTED_EQUITY_BREACH
REJECTED,EURUSD,BUY,2020-07-20 08:25:00+00:00,,PRE_TRADE_PROJECTED_EQUITY_BREACH
REJECTED,GBPUSD,BUY,2020-07-20 09:05:00+00:00,,PRE_TRADE_PROJECTED_EQUITY_BREACH
REJECTED,GBPUSD,BUY,2020-07-21 07:05:00+00:00,,PRE_TRADE_PROJECTED_EQUITY_BREACH
REJECTED,GBPUSD,BUY,2020-07-23 07:25:00+00:00,,PRE_TRADE_PROJECTED_EQUITY_BREACH
REJECTED,EURUSD,BUY,2020-07-23 09:00:00+00:00,,PRE_TRADE_PROJECTED_EQUITY_BREACH
REJECTED,EURUSD,BUY,2020-07-31 07:50:00+00:00,,PRE_TRADE_PROJECTED_EQUITY_BREACH
REJECTED,GBPUSD,BUY,2020-08-03 09:45:00+00:00,,PRE_TRADE_PROJECTED_EQUITY_BREACH
REJECTED,EURUSD,BUY,2020-08-04 07:55:00+00:00,,PRE_TRADE_PROJECTED_EQUITY_BREACH
REJECTED,EURUSD,BUY,2020-08-05 08:15:00+00:00,,PRE_TRADE_PROJECTED_EQUITY_BREACH
REJECTED,GBPUSD,BUY,2020-08-05 08:15:00+00:00,,PRE_TRADE_PROJECTED_EQUITY_BREACH
REJECTED,EURUSD,BUY,2020-08-10 07:15:00+00:00,,PRE_TRADE_PROJECTED_EQUITY_BREACH
REJECTED,GBPUSD,BUY,2020-08-13 07:10:00+00:00,,PRE_TRADE_PROJECTED_EQUITY_BREACH
REJECTED,EURUSD,BUY,2020-08-14 07:10:00+00:00,,PRE_TRADE_PROJECTED_EQUITY_BREACH
REJECTED,GBPUSD,BUY,2020-08-14 09:45:00+00:00,,PRE_TRADE_PROJECTED_EQUITY_BREACH
REJECTED,GBPUSD,BUY,2020-08-17 08:00:00+00:00,,PRE_TRADE_PROJECTED_EQUITY_BREACH
REJECTED,GBPUSD,BUY,2020-08-18 07:15:00+00:00,,PRE_TRADE_PROJECTED_EQUITY_BREACH
REJECTED,EURUSD,BUY,2020-08-18 08:15:00+00:00,,PRE_TRADE_PROJECTED_EQUITY_BREACH
REJECTED,GBPUSD,SELL,2020-08-20 07:30:00+00:00,,PRE_TRADE_PROJECTED_EQUITY_BREACH
REJECTED,EURUSD,SELL,2020-08-26 08:15:00+00:00,,PRE_TRADE_PROJECTED_EQUITY_BREACH
REJECTED,GBPUSD,BUY,2020-08-26 08:45:00+00:00,,PRE_TRADE_PROJECTED_EQUITY_BREACH
REJECTED,GBPUSD,BUY,2020-09-04 09:35:00+00:00,,PRE_TRADE_PROJECTED_EQUITY_BREACH
REJECTED,EURUSD,SELL,2020-09-07 07:10:00+00:00,,PRE_TRADE_PROJECTED_EQUITY_BREACH
REJECTED,GBPUSD,SELL,2020-09-07 09:20:00+00:00,,PRE_TRADE_PROJECTED_EQUITY_BREACH
REJECTED,GBPUSD,SELL,2020-09-08 08:25:00+00:00,,PRE_TRADE_PROJECTED_EQUITY_BREACH
REJECTED,GBPUSD,SELL,2020-09-09 09:10:00+00:00,,PRE_TRADE_PROJECTED_EQUITY_BREACH
REJECTED,EURUSD,BUY,2020-09-11 08:20:00+00:00,,PRE_TRADE_PROJECTED_EQUITY_BREACH
REJECTED,EURUSD,BUY,2020-09-14 08:10:00+00:00,,PRE_TRADE_PROJECTED_EQUITY_BREACH
REJECTED,EURUSD,BUY,2020-09-16 07:40:00+00:00,,PRE_TRADE_PROJECTED_EQUITY_BREACH
REJECTED,EURUSD,BUY,2020-09-18 08:00:00+00:00,,PRE_TRADE_PROJECTED_EQUITY_BREACH
REJECTED,GBPUSD,SELL,2020-09-22 07:10:00+00:00,,PRE_TRADE_PROJECTED_EQUITY_BREACH
REJECTED,GBPUSD,SELL,2020-09-23 07:05:00+00:00,,PRE_TRADE_PROJECTED_EQUITY_BREACH
REJECTED,GBPUSD,SELL,2020-09-24 07:20:00+00:00,,PRE_TRADE_PROJECTED_EQUITY_BREACH
REJECTED,EURUSD,SELL,2020-09-24 07:35:00+00:00,,PRE_TRADE_PROJECTED_EQUITY_BREACH
REJECTED,EURUSD,BUY,2020-10-01 07:15:00+00:00,,PRE_TRADE_PROJECTED_EQUITY_BREACH
REJECTED,GBPUSD,BUY,2020-10-01 08:20:00+00:00,,PRE_TRADE_PROJECTED_EQUITY_BREACH
REJECTED,GBPUSD,BUY,2020-10-02 08:50:00+00:00,,PRE_TRADE_PROJECTED_EQUITY_BREACH
REJECTED,EURUSD,BUY,2020-10-05 09:10:00+00:00,,PRE_TRADE_PROJECTED_EQUITY_BREACH
REJECTED,GBPUSD,BUY,2020-10-05 09:45:00+00:00,,PRE_TRADE_PROJECTED_EQUITY_BREACH
REJECTED,EURUSD,BUY,2020-10-07 07:25:00+00:00,,PRE_TRADE_PROJECTED_EQUITY_BREACH
REJECTED,GBPUSD,SELL,2020-10-14 07:05:00+00:00,,PRE_TRADE_PROJECTED_EQUITY_BREACH
REJECTED,EURUSD,SELL,2020-10-14 08:30:00+00:00,,PRE_TRADE_PROJECTED_EQUITY_BREACH
REJECTED,EURUSD,SELL,2020-10-15 07:55:00+00:00,,PRE_TRADE_PROJECTED_EQUITY_BREACH
REJECTED,GBPUSD,SELL,2020-10-16 07:20:00+00:00,,PRE_TRADE_PROJECTED_EQUITY_BREACH
REJECTED,EURUSD,BUY,2020-10-20 09:35:00+00:00,,PRE_TRADE_PROJECTED_EQUITY_BREACH
REJECTED,EURUSD,BUY,2020-10-23 08:50:00+00:00,,PRE_TRADE_PROJECTED_EQUITY_BREACH
REJECTED,GBPUSD,BUY,2020-10-26 10:25:00+00:00,,PRE_TRADE_PROJECTED_EQUITY_BREACH
REJECTED,GBPUSD,SELL,2020-10-27 09:05:00+00:00,,PRE_TRADE_PROJECTED_EQUITY_BREACH
REJECTED,EURUSD,SELL,2020-10-30 08:45:00+00:00,,PRE_TRADE_PROJECTED_EQUITY_BREACH
REJECTED,EURUSD,SELL,2020-11-02 08:30:00+00:00,,PRE_TRADE_PROJECTED_EQUITY_BREACH
REJECTED,GBPUSD,SELL,2020-11-04 08:15:00+00:00,,PRE_TRADE_PROJECTED_EQUITY_BREACH
REJECTED,EURUSD,BUY,2020-11-10 08:40:00+00:00,,PRE_TRADE_PROJECTED_EQUITY_BREACH
REJECTED,GBPUSD,BUY,2020-11-11 08:20:00+00:00,,PRE_TRADE_PROJECTED_EQUITY_BREACH
REJECTED,EURUSD,BUY,2020-11-13 08:30:00+00:00,,PRE_TRADE_PROJECTED_EQUITY_BREACH
REJECTED,GBPUSD,BUY,2020-11-13 09:15:00+00:00,,PRE_TRADE_PROJECTED_EQUITY_BREACH
REJECTED,GBPUSD,BUY,2020-11-16 08:15:00+00:00,,PRE_TRADE_PROJECTED_EQUITY_BREACH
REJECTED,EURUSD,BUY,2020-11-17 08:50:00+00:00,,PRE_TRADE_PROJECTED_EQUITY_BREACH
REJECTED,GBPUSD,BUY,2020-11-17 09:40:00+00:00,,PRE_TRADE_PROJECTED_EQUITY_BREACH
REJECTED,EURUSD,SELL,2020-11-19 09:05:00+00:00,,PRE_TRADE_PROJECTED_EQUITY_BREACH
REJECTED,GBPUSD,BUY,2020-11-20 09:35:00+00:00,,PRE_TRADE_PROJECTED_EQUITY_BREACH
REJECTED,EURUSD,BUY,2020-11-23 09:25:00+00:00,,PRE_TRADE_PROJECTED_EQUITY_BREACH
REJECTED,EURUSD,BUY,2020-11-25 08:05:00+00:00,,PRE_TRADE_PROJECTED_EQUITY_BREACH
REJECTED,EURUSD,BUY,2020-11-27 08:10:00+00:00,,PRE_TRADE_PROJECTED_EQUITY_BREACH
REJECTED,GBPUSD,BUY,2020-12-03 08:20:00+00:00,,PRE_TRADE_PROJECTED_EQUITY_BREACH
REJECTED,EURUSD,BUY,2020-12-04 08:25:00+00:00,,PRE_TRADE_PROJECTED_EQUITY_BREACH
REJECTED,EURUSD,BUY,2020-12-08 08:55:00+00:00,,PRE_TRADE_PROJECTED_EQUITY_BREACH
REJECTED,GBPUSD,SELL,2020-12-15 08:10:00+00:00,,PRE_TRADE_PROJECTED_EQUITY_BREACH
REJECTED,EURUSD,BUY,2020-12-16 08:25:00+00:00,,PRE_TRADE_PROJECTED_EQUITY_BREACH
REJECTED,EURUSD,BUY,2020-12-17 08:15:00+00:00,,PRE_TRADE_PROJECTED_EQUITY_BREACH
REJECTED,GBPUSD,BUY,2020-12-23 08:55:00+00:00,,PRE_TRADE_PROJECTED_EQUITY_BREACH
REJECTED,EURUSD,BUY,2020-12-23 09:25:00+00:00,,PRE_TRADE_PROJECTED_EQUITY_BREACH
REJECTED,GBPUSD,BUY,2020-12-31 08:25:00+00:00,,PRE_TRADE_PROJECTED_EQUITY_BREACH
REJECTED,EURUSD,BUY,2021-01-05 09:20:00+00:00,,PRE_TRADE_PROJECTED_EQUITY_BREACH
REJECTED,EURUSD,BUY,2021-01-06 09:00:00+00:00,,PRE_TRADE_PROJECTED_EQUITY_BREACH
REJECTED,GBPUSD,SELL,2021-01-07 10:55:00+00:00,,PRE_TRADE_PROJECTED_EQUITY_BREACH
REJECTED,GBPUSD,BUY,2021-01-08 08:45:00+00:00,,PRE_TRADE_PROJECTED_EQUITY_BREACH
REJECTED,EURUSD,SELL,2021-01-11 09:55:00+00:00,,PRE_TRADE_PROJECTED_EQUITY_BREACH
REJECTED,GBPUSD,SELL,2021-01-11 10:10:00+00:00,,PRE_TRADE_PROJECTED_EQUITY_BREACH
REJECTED,EURUSD,SELL,2021-01-13 08:20:00+00:00,,PRE_TRADE_PROJECTED_EQUITY_BREACH
REJECTED,GBPUSD,BUY,2021-01-13 09:50:00+00:00,,PRE_TRADE_PROJECTED_EQUITY_BREACH
REJECTED,GBPUSD,BUY,2021-01-14 10:35:00+00:00,,PRE_TRADE_PROJECTED_EQUITY_BREACH
REJECTED,EURUSD,SELL,2021-01-15 10:50:00+00:00,,PRE_TRADE_PROJECTED_EQUITY_BREACH
REJECTED,EURUSD,SELL,2021-01-18 09:45:00+00:00,,PRE_TRADE_PROJECTED_EQUITY_BREACH
REJECTED,GBPUSD,BUY,2021-01-20 08:25:00+00:00,,PRE_TRADE_PROJECTED_EQUITY_BREACH
REJECTED,EURUSD,SELL,2021-01-20 09:20:00+00:00,,PRE_TRADE_PROJECTED_EQUITY_BREACH
REJECTED,EURUSD,BUY,2021-01-22 08:50:00+00:00,,PRE_TRADE_PROJECTED_EQUITY_BREACH
REJECTED,GBPUSD,SELL,2021-01-28 08:25:00+00:00,,PRE_TRADE_PROJECTED_EQUITY_BREACH
REJECTED,GBPUSD,BUY,2021-02-02 09:25:00+00:00,,PRE_TRADE_PROJECTED_EQUITY_BREACH
REJECTED,EURUSD,SELL,2021-02-02 10:15:00+00:00,,PRE_TRADE_PROJECTED_EQUITY_BREACH
REJECTED,EURUSD,SELL,2021-02-03 08:20:00+00:00,,PRE_TRADE_PROJECTED_EQUITY_BREACH
REJECTED,GBPUSD,SELL,2021-02-03 10:00:00+00:00,,PRE_TRADE_PROJECTED_EQUITY_BREACH
REJECTED,EURUSD,SELL,2021-02-04 08:20:00+00:00,,PRE_TRADE_PROJECTED_EQUITY_BREACH
REJECTED,EURUSD,SELL,2021-02-08 09:15:00+00:00,,PRE_TRADE_PROJECTED_EQUITY_BREACH
REJECTED,GBPUSD,BUY,2021-02-10 08:15:00+00:00,,PRE_TRADE_PROJECTED_EQUITY_BREACH
REJECTED,EURUSD,BUY,2021-02-10 08:30:00+00:00,,PRE_TRADE_PROJECTED_EQUITY_BREACH
REJECTED,EURUSD,BUY,2021-02-11 09:20:00+00:00,,PRE_TRADE_PROJECTED_EQUITY_BREACH
REJECTED,EURUSD,BUY,2021-02-15 09:40:00+00:00,,PRE_TRADE_PROJECTED_EQUITY_BREACH
REJECTED,EURUSD,BUY,2021-02-16 08:55:00+00:00,,PRE_TRADE_PROJECTED_EQUITY_BREACH
REJECTED,GBPUSD,BUY,2021-02-17 09:10:00+00:00,,PRE_TRADE_PROJECTED_EQUITY_BREACH
REJECTED,GBPUSD,BUY,2021-02-18 08:15:00+00:00,,PRE_TRADE_PROJECTED_EQUITY_BREACH
REJECTED,GBPUSD,BUY,2021-02-19 08:35:00+00:00,,PRE_TRADE_PROJECTED_EQUITY_BREACH
REJECTED,GBPUSD,BUY,2021-02-23 10:10:00+00:00,,PRE_TRADE_PROJECTED_EQUITY_BREACH
REJECTED,EURUSD,BUY,2021-02-24 08:45:00+00:00,,PRE_TRADE_PROJECTED_EQUITY_BREACH
REJECTED,GBPUSD,SELL,2021-02-26 10:30:00+00:00,,PRE_TRADE_PROJECTED_EQUITY_BREACH
REJECTED,GBPUSD,SELL,2021-03-02 09:15:00+00:00,,PRE_TRADE_PROJECTED_EQUITY_BREACH
REJECTED,EURUSD,SELL,2021-03-03 08:35:00+00:00,,PRE_TRADE_PROJECTED_EQUITY_BREACH
REJECTED,GBPUSD,BUY,2021-03-03 08:45:00+00:00,,PRE_TRADE_PROJECTED_EQUITY_BREACH
REJECTED,EURUSD,SELL,2021-03-04 08:40:00+00:00,,PRE_TRADE_PROJECTED_EQUITY_BREACH
REJECTED,GBPUSD,BUY,2021-03-11 08:35:00+00:00,,PRE_TRADE_PROJECTED_EQUITY_BREACH
REJECTED,EURUSD,SELL,2021-03-15 10:00:00+00:00,,PRE_TRADE_PROJECTED_EQUITY_BREACH
REJECTED,EURUSD,SELL,2021-03-17 08:30:00+00:00,,PRE_TRADE_PROJECTED_EQUITY_BREACH
REJECTED,GBPUSD,BUY,2021-03-17 08:35:00+00:00,,PRE_TRADE_PROJECTED_EQUITY_BREACH
REJECTED,GBPUSD,BUY,2021-03-19 10:05:00+00:00,,PRE_TRADE_PROJECTED_EQUITY_BREACH
REJECTED,EURUSD,SELL,2021-03-24 09:50:00+00:00,,PRE_TRADE_PROJECTED_EQUITY_BREACH
REJECTED,GBPUSD,SELL,2021-03-29 07:20:00+00:00,,PRE_TRADE_PROJECTED_EQUITY_BREACH
REJECTED,EURUSD,SELL,2021-03-29 09:30:00+00:00,,PRE_TRADE_PROJECTED_EQUITY_BREACH
REJECTED,GBPUSD,SELL,2021-03-30 08:10:00+00:00,,PRE_TRADE_PROJECTED_EQUITY_BREACH
REJECTED,GBPUSD,SELL,2021-04-01 07:55:00+00:00,,PRE_TRADE_PROJECTED_EQUITY_BREACH
REJECTED,EURUSD,BUY,2021-04-07 08:00:00+00:00,,PRE_TRADE_PROJECTED_EQUITY_BREACH
REJECTED,EURUSD,BUY,2021-04-14 09:25:00+00:00,,PRE_TRADE_PROJECTED_EQUITY_BREACH
REJECTED,GBPUSD,SELL,2021-04-16 09:15:00+00:00,,PRE_TRADE_PROJECTED_EQUITY_BREACH
REJECTED,EURUSD,BUY,2021-04-16 09:50:00+00:00,,PRE_TRADE_PROJECTED_EQUITY_BREACH
REJECTED,GBPUSD,BUY,2021-04-19 07:15:00+00:00,,PRE_TRADE_PROJECTED_EQUITY_BREACH
REJECTED,EURUSD,BUY,2021-04-19 07:50:00+00:00,,PRE_TRADE_PROJECTED_EQUITY_BREACH
REJECTED,EURUSD,BUY,2021-04-22 08:10:00+00:00,,PRE_TRADE_PROJECTED_EQUITY_BREACH
REJECTED,EURUSD,BUY,2021-04-23 07:45:00+00:00,,PRE_TRADE_PROJECTED_EQUITY_BREACH
REJECTED,GBPUSD,BUY,2021-04-23 09:40:00+00:00,,PRE_TRADE_PROJECTED_EQUITY_BREACH
REJECTED,GBPUSD,BUY,2021-04-26 07:50:00+00:00,,PRE_TRADE_PROJECTED_EQUITY_BREACH
REJECTED,GBPUSD,SELL,2021-04-28 08:45:00+00:00,,PRE_TRADE_PROJECTED_EQUITY_BREACH
REJECTED,EURUSD,SELL,2021-05-03 07:35:00+00:00,,PRE_TRADE_PROJECTED_EQUITY_BREACH
REJECTED,GBPUSD,SELL,2021-05-04 08:05:00+00:00,,PRE_TRADE_PROJECTED_EQUITY_BREACH
REJECTED,EURUSD,SELL,2021-05-05 07:10:00+00:00,,PRE_TRADE_PROJECTED_EQUITY_BREACH
REJECTED,GBPUSD,BUY,2021-05-07 08:25:00+00:00,,PRE_TRADE_PROJECTED_EQUITY_BREACH
REJECTED,EURUSD,BUY,2021-05-07 08:30:00+00:00,,PRE_TRADE_PROJECTED_EQUITY_BREACH
REJECTED,GBPUSD,BUY,2021-05-14 07:30:00+00:00,,PRE_TRADE_PROJECTED_EQUITY_BREACH
REJECTED,GBPUSD,BUY,2021-05-17 07:45:00+00:00,,PRE_TRADE_PROJECTED_EQUITY_BREACH
REJECTED,EURUSD,BUY,2021-05-18 07:05:00+00:00,,PRE_TRADE_PROJECTED_EQUITY_BREACH
REJECTED,GBPUSD,BUY,2021-05-18 07:35:00+00:00,,PRE_TRADE_PROJECTED_EQUITY_BREACH
REJECTED,GBPUSD,BUY,2021-05-20 07:15:00+00:00,,PRE_TRADE_PROJECTED_EQUITY_BREACH
REJECTED,EURUSD,BUY,2021-05-20 07:20:00+00:00,,PRE_TRADE_PROJECTED_EQUITY_BREACH
REJECTED,GBPUSD,BUY,2021-05-21 07:10:00+00:00,,PRE_TRADE_PROJECTED_EQUITY_BREACH
REJECTED,GBPUSD,BUY,2021-05-24 07:15:00+00:00,,PRE_TRADE_PROJECTED_EQUITY_BREACH
REJECTED,EURUSD,BUY,2021-05-25 07:20:00+00:00,,PRE_TRADE_PROJECTED_EQUITY_BREACH
REJECTED,GBPUSD,BUY,2021-05-25 07:20:00+00:00,,PRE_TRADE_PROJECTED_EQUITY_BREACH
REJECTED,EURUSD,BUY,2021-05-27 08:10:00+00:00,,PRE_TRADE_PROJECTED_EQUITY_BREACH
REJECTED,EURUSD,SELL,2021-05-28 08:00:00+00:00,,PRE_TRADE_PROJECTED_EQUITY_BREACH
REJECTED,GBPUSD,SELL,2021-06-02 08:10:00+00:00,,PRE_TRADE_PROJECTED_EQUITY_BREACH
REJECTED,EURUSD,SELL,2021-06-04 08:05:00+00:00,,PRE_TRADE_PROJECTED_EQUITY_BREACH
REJECTED,EURUSD,SELL,2021-06-07 09:15:00+00:00,,PRE_TRADE_PROJECTED_EQUITY_BREACH
REJECTED,EURUSD,SELL,2021-06-08 08:15:00+00:00,,PRE_TRADE_PROJECTED_EQUITY_BREACH
REJECTED,GBPUSD,BUY,2021-06-09 08:55:00+00:00,,PRE_TRADE_PROJECTED_EQUITY_BREACH
REJECTED,EURUSD,BUY,2021-06-09 09:30:00+00:00,,PRE_TRADE_PROJECTED_EQUITY_BREACH
REJECTED,EURUSD,SELL,2021-06-10 08:30:00+00:00,,PRE_TRADE_PROJECTED_EQUITY_BREACH
REJECTED,GBPUSD,SELL,2021-06-14 07:25:00+00:00,,PRE_TRADE_PROJECTED_EQUITY_BREACH
REJECTED,EURUSD,SELL,2021-06-17 07:10:00+00:00,,PRE_TRADE_PROJECTED_EQUITY_BREACH
REJECTED,GBPUSD,SELL,2021-06-17 08:35:00+00:00,,PRE_TRADE_PROJECTED_EQUITY_BREACH
REJECTED,EURUSD,SELL,2021-06-18 07:10:00+00:00,,PRE_TRADE_PROJECTED_EQUITY_BREACH
REJECTED,GBPUSD,SELL,2021-06-22 07:20:00+00:00,,PRE_TRADE_PROJECTED_EQUITY_BREACH
REJECTED,EURUSD,SELL,2021-06-22 08:10:00+00:00,,PRE_TRADE_PROJECTED_EQUITY_BREACH
REJECTED,GBPUSD,SELL,2021-06-25 08:50:00+00:00,,PRE_TRADE_PROJECTED_EQUITY_BREACH
REJECTED,GBPUSD,SELL,2021-06-29 09:00:00+00:00,,PRE_TRADE_PROJECTED_EQUITY_BREACH
REJECTED,EURUSD,SELL,2021-06-29 09:10:00+00:00,,PRE_TRADE_PROJECTED_EQUITY_BREACH
REJECTED,EURUSD,SELL,2021-06-30 08:30:00+00:00,,PRE_TRADE_PROJECTED_EQUITY_BREACH
REJECTED,GBPUSD,SELL,2021-06-30 09:35:00+00:00,,PRE_TRADE_PROJECTED_EQUITY_BREACH
REJECTED,GBPUSD,SELL,2021-07-01 07:05:00+00:00,,PRE_TRADE_PROJECTED_EQUITY_BREACH
REJECTED,EURUSD,SELL,2021-07-01 09:10:00+00:00,,PRE_TRADE_PROJECTED_EQUITY_BREACH
REJECTED,EURUSD,SELL,2021-07-02 07:15:00+00:00,,PRE_TRADE_PROJECTED_EQUITY_BREACH
REJECTED,GBPUSD,SELL,2021-07-02 08:05:00+00:00,,PRE_TRADE_PROJECTED_EQUITY_BREACH
REJECTED,GBPUSD,SELL,2021-07-08 07:35:00+00:00,,PRE_TRADE_PROJECTED_EQUITY_BREACH
REJECTED,EURUSD,SELL,2021-07-09 07:25:00+00:00,,PRE_TRADE_PROJECTED_EQUITY_BREACH
REJECTED,GBPUSD,SELL,2021-07-09 07:30:00+00:00,,PRE_TRADE_PROJECTED_EQUITY_BREACH
REJECTED,EURUSD,SELL,2021-07-13 08:00:00+00:00,,PRE_TRADE_PROJECTED_EQUITY_BREACH
REJECTED,GBPUSD,SELL,2021-07-15 08:55:00+00:00,,PRE_TRADE_PROJECTED_EQUITY_BREACH
REJECTED,GBPUSD,SELL,2021-07-16 07:15:00+00:00,,PRE_TRADE_PROJECTED_EQUITY_BREACH
REJECTED,EURUSD,SELL,2021-07-16 08:40:00+00:00,,PRE_TRADE_PROJECTED_EQUITY_BREACH
REJECTED,EURUSD,SELL,2021-07-19 08:00:00+00:00,,PRE_TRADE_PROJECTED_EQUITY_BREACH
REJECTED,GBPUSD,SELL,2021-07-20 07:20:00+00:00,,PRE_TRADE_PROJECTED_EQUITY_BREACH
REJECTED,EURUSD,SELL,2021-07-20 09:50:00+00:00,,PRE_TRADE_PROJECTED_EQUITY_BREACH
REJECTED,GBPUSD,SELL,2021-07-21 09:00:00+00:00,,PRE_TRADE_PROJECTED_EQUITY_BREACH
REJECTED,EURUSD,SELL,2021-07-22 09:30:00+00:00,,PRE_TRADE_PROJECTED_EQUITY_BREACH
REJECTED,EURUSD,SELL,2021-07-23 08:20:00+00:00,,PRE_TRADE_PROJECTED_EQUITY_BREACH
REJECTED,GBPUSD,BUY,2021-07-26 08:30:00+00:00,,PRE_TRADE_PROJECTED_EQUITY_BREACH
REJECTED,GBPUSD,BUY,2021-07-28 08:20:00+00:00,,PRE_TRADE_PROJECTED_EQUITY_BREACH
REJECTED,GBPUSD,BUY,2021-07-29 07:30:00+00:00,,PRE_TRADE_PROJECTED_EQUITY_BREACH
REJECTED,EURUSD,BUY,2021-07-30 08:35:00+00:00,,PRE_TRADE_PROJECTED_EQUITY_BREACH
REJECTED,GBPUSD,BUY,2021-07-30 09:25:00+00:00,,PRE_TRADE_PROJECTED_EQUITY_BREACH
REJECTED,EURUSD,BUY,2021-08-02 07:20:00+00:00,,PRE_TRADE_PROJECTED_EQUITY_BREACH
REJECTED,GBPUSD,BUY,2021-08-02 07:45:00+00:00,,PRE_TRADE_PROJECTED_EQUITY_BREACH
REJECTED,EURUSD,BUY,2021-08-03 09:40:00+00:00,,PRE_TRADE_PROJECTED_EQUITY_BREACH
REJECTED,GBPUSD,BUY,2021-08-04 07:40:00+00:00,,PRE_TRADE_PROJECTED_EQUITY_BREACH
REJECTED,EURUSD,BUY,2021-08-04 08:10:00+00:00,,PRE_TRADE_PROJECTED_EQUITY_BREACH
REJECTED,GBPUSD,SELL,2021-08-09 09:15:00+00:00,,PRE_TRADE_PROJECTED_EQUITY_BREACH
REJECTED,EURUSD,SELL,2021-08-10 08:35:00+00:00,,PRE_TRADE_PROJECTED_EQUITY_BREACH
REJECTED,EURUSD,SELL,2021-08-11 07:20:00+00:00,,PRE_TRADE_PROJECTED_EQUITY_BREACH
REJECTED,GBPUSD,SELL,2021-08-11 09:35:00+00:00,,PRE_TRADE_PROJECTED_EQUITY_BREACH
REJECTED,EURUSD,SELL,2021-08-12 08:20:00+00:00,,PRE_TRADE_PROJECTED_EQUITY_BREACH
REJECTED,GBPUSD,SELL,2021-08-13 07:30:00+00:00,,PRE_TRADE_PROJECTED_EQUITY_BREACH
REJECTED,GBPUSD,SELL,2021-08-16 07:45:00+00:00,,PRE_TRADE_PROJECTED_EQUITY_BREACH
REJECTED,EURUSD,SELL,2021-08-17 07:15:00+00:00,,PRE_TRADE_PROJECTED_EQUITY_BREACH
REJECTED,GBPUSD,SELL,2021-08-17 07:25:00+00:00,,PRE_TRADE_PROJECTED_EQUITY_BREACH
REJECTED,GBPUSD,SELL,2021-08-20 08:00:00+00:00,,PRE_TRADE_PROJECTED_EQUITY_BREACH
REJECTED,EURUSD,SELL,2021-08-20 09:55:00+00:00,,PRE_TRADE_PROJECTED_EQUITY_BREACH
REJECTED,GBPUSD,SELL,2021-08-24 09:55:00+00:00,,PRE_TRADE_PROJECTED_EQUITY_BREACH
REJECTED,GBPUSD,SELL,2021-08-25 08:00:00+00:00,,PRE_TRADE_PROJECTED_EQUITY_BREACH
REJECTED,EURUSD,BUY,2021-08-27 07:25:00+00:00,,PRE_TRADE_PROJECTED_EQUITY_BREACH
REJECTED,EURUSD,BUY,2021-08-31 08:20:00+00:00,,PRE_TRADE_PROJECTED_EQUITY_BREACH
REJECTED,GBPUSD,BUY,2021-08-31 09:00:00+00:00,,PRE_TRADE_PROJECTED_EQUITY_BREACH
REJECTED,GBPUSD,BUY,2021-09-01 09:20:00+00:00,,PRE_TRADE_PROJECTED_EQUITY_BREACH
REJECTED,GBPUSD,BUY,2021-09-02 07:05:00+00:00,,PRE_TRADE_PROJECTED_EQUITY_BREACH
REJECTED,EURUSD,BUY,2021-09-02 08:50:00+00:00,,PRE_TRADE_PROJECTED_EQUITY_BREACH
REJECTED,EURUSD,SELL,2021-09-08 08:15:00+00:00,,PRE_TRADE_PROJECTED_EQUITY_BREACH
REJECTED,GBPUSD,SELL,2021-09-16 08:35:00+00:00,,PRE_TRADE_PROJECTED_EQUITY_BREACH
REJECTED,EURUSD,SELL,2021-09-20 08:20:00+00:00,,PRE_TRADE_PROJECTED_EQUITY_BREACH
REJECTED,EURUSD,SELL,2021-09-21 08:45:00+00:00,,PRE_TRADE_PROJECTED_EQUITY_BREACH
REJECTED,GBPUSD,SELL,2021-09-22 08:25:00+00:00,,PRE_TRADE_PROJECTED_EQUITY_BREACH
REJECTED,EURUSD,SELL,2021-09-24 07:35:00+00:00,,PRE_TRADE_PROJECTED_EQUITY_BREACH
REJECTED,GBPUSD,SELL,2021-09-24 08:25:00+00:00,,PRE_TRADE_PROJECTED_EQUITY_BREACH
REJECTED,EURUSD,SELL,2021-09-27 07:20:00+00:00,,PRE_TRADE_PROJECTED_EQUITY_BREACH
REJECTED,GBPUSD,SELL,2021-09-28 08:00:00+00:00,,PRE_TRADE_PROJECTED_EQUITY_BREACH
REJECTED,EURUSD,SELL,2021-09-28 09:30:00+00:00,,PRE_TRADE_PROJECTED_EQUITY_BREACH
REJECTED,GBPUSD,SELL,2021-09-29 08:50:00+00:00,,PRE_TRADE_PROJECTED_EQUITY_BREACH
REJECTED,GBPUSD,SELL,2021-09-30 08:10:00+00:00,,PRE_TRADE_PROJECTED_EQUITY_BREACH
REJECTED,EURUSD,SELL,2021-09-30 08:15:00+00:00,,PRE_TRADE_PROJECTED_EQUITY_BREACH
REJECTED,GBPUSD,SELL,2021-10-01 08:10:00+00:00,,PRE_TRADE_PROJECTED_EQUITY_BREACH
REJECTED,GBPUSD,BUY,2021-10-07 07:55:00+00:00,,PRE_TRADE_PROJECTED_EQUITY_BREACH
REJECTED,EURUSD,SELL,2021-10-08 07:40:00+00:00,,PRE_TRADE_PROJECTED_EQUITY_BREACH
REJECTED,GBPUSD,BUY,2021-10-11 07:05:00+00:00,,PRE_TRADE_PROJECTED_EQUITY_BREACH
REJECTED,GBPUSD,BUY,2021-10-12 07:50:00+00:00,,PRE_TRADE_PROJECTED_EQUITY_BREACH
REJECTED,GBPUSD,BUY,2021-10-13 08:55:00+00:00,,PRE_TRADE_PROJECTED_EQUITY_BREACH
REJECTED,EURUSD,BUY,2021-10-14 08:00:00+00:00,,PRE_TRADE_PROJECTED_EQUITY_BREACH
REJECTED,EURUSD,BUY,2021-10-15 07:55:00+00:00,,PRE_TRADE_PROJECTED_EQUITY_BREACH
REJECTED,EURUSD,SELL,2021-10-18 07:15:00+00:00,,PRE_TRADE_PROJECTED_EQUITY_BREACH
REJECTED,GBPUSD,BUY,2021-10-19 07:15:00+00:00,,PRE_TRADE_PROJECTED_EQUITY_BREACH
REJECTED,EURUSD,BUY,2021-10-22 07:30:00+00:00,,PRE_TRADE_PROJECTED_EQUITY_BREACH
REJECTED,GBPUSD,BUY,2021-10-25 08:30:00+00:00,,PRE_TRADE_PROJECTED_EQUITY_BREACH
REJECTED,GBPUSD,BUY,2021-10-26 07:50:00+00:00,,PRE_TRADE_PROJECTED_EQUITY_BREACH
REJECTED,GBPUSD,BUY,2021-10-28 09:50:00+00:00,,PRE_TRADE_PROJECTED_EQUITY_BREACH
REJECTED,EURUSD,SELL,2021-11-02 08:50:00+00:00,,PRE_TRADE_PROJECTED_EQUITY_BREACH
REJECTED,GBPUSD,SELL,2021-11-02 08:55:00+00:00,,PRE_TRADE_PROJECTED_EQUITY_BREACH
REJECTED,GBPUSD,SELL,2021-11-05 08:10:00+00:00,,PRE_TRADE_PROJECTED_EQUITY_BREACH
REJECTED,GBPUSD,SELL,2021-11-10 08:30:00+00:00,,PRE_TRADE_PROJECTED_EQUITY_BREACH
REJECTED,EURUSD,SELL,2021-11-10 09:45:00+00:00,,PRE_TRADE_PROJECTED_EQUITY_BREACH
REJECTED,EURUSD,SELL,2021-11-11 09:10:00+00:00,,PRE_TRADE_PROJECTED_EQUITY_BREACH
REJECTED,GBPUSD,SELL,2021-11-11 09:20:00+00:00,,PRE_TRADE_PROJECTED_EQUITY_BREACH
REJECTED,EURUSD,SELL,2021-11-15 08:45:00+00:00,,PRE_TRADE_PROJECTED_EQUITY_BREACH
REJECTED,GBPUSD,SELL,2021-11-15 08:45:00+00:00,,PRE_TRADE_PROJECTED_EQUITY_BREACH
REJECTED,GBPUSD,BUY,2021-11-18 09:25:00+00:00,,PRE_TRADE_PROJECTED_EQUITY_BREACH
REJECTED,GBPUSD,SELL,2021-11-22 08:15:00+00:00,,PRE_TRADE_PROJECTED_EQUITY_BREACH
REJECTED,GBPUSD,SELL,2021-11-23 08:10:00+00:00,,PRE_TRADE_PROJECTED_EQUITY_BREACH
REJECTED,GBPUSD,SELL,2021-11-24 09:45:00+00:00,,PRE_TRADE_PROJECTED_EQUITY_BREACH
REJECTED,GBPUSD,SELL,2021-11-29 08:15:00+00:00,,PRE_TRADE_PROJECTED_EQUITY_BREACH
REJECTED,GBPUSD,SELL,2021-12-03 08:30:00+00:00,,PRE_TRADE_PROJECTED_EQUITY_BREACH
REJECTED,EURUSD,BUY,2021-12-03 10:55:00+00:00,,PRE_TRADE_PROJECTED_EQUITY_BREACH
REJECTED,GBPUSD,SELL,2021-12-07 09:10:00+00:00,,PRE_TRADE_PROJECTED_EQUITY_BREACH
REJECTED,GBPUSD,SELL,2021-12-08 09:15:00+00:00,,PRE_TRADE_PROJECTED_EQUITY_BREACH
REJECTED,GBPUSD,SELL,2021-12-10 08:25:00+00:00,,PRE_TRADE_PROJECTED_EQUITY_BREACH
REJECTED,EURUSD,SELL,2021-12-10 08:55:00+00:00,,PRE_TRADE_PROJECTED_EQUITY_BREACH
REJECTED,EURUSD,SELL,2021-12-13 08:35:00+00:00,,PRE_TRADE_PROJECTED_EQUITY_BREACH
REJECTED,GBPUSD,SELL,2021-12-13 09:05:00+00:00,,PRE_TRADE_PROJECTED_EQUITY_BREACH
REJECTED,EURUSD,BUY,2021-12-24 08:55:00+00:00,,PRE_TRADE_PROJECTED_EQUITY_BREACH
REJECTED,GBPUSD,BUY,2021-12-27 08:15:00+00:00,,PRE_TRADE_PROJECTED_EQUITY_BREACH
REJECTED,GBPUSD,BUY,2021-12-28 09:45:00+00:00,,PRE_TRADE_PROJECTED_EQUITY_BREACH
REJECTED,EURUSD,BUY,2021-12-28 10:30:00+00:00,,PRE_TRADE_PROJECTED_EQUITY_BREACH
REJECTED,GBPUSD,BUY,2021-12-31 08:05:00+00:00,,PRE_TRADE_PROJECTED_EQUITY_BREACH
REJECTED,EURUSD,SELL,2022-01-04 09:05:00+00:00,,PRE_TRADE_PROJECTED_EQUITY_BREACH
REJECTED,GBPUSD,BUY,2022-01-05 09:45:00+00:00,,PRE_TRADE_PROJECTED_EQUITY_BREACH
REJECTED,EURUSD,SELL,2022-01-06 08:15:00+00:00,,PRE_TRADE_PROJECTED_EQUITY_BREACH
REJECTED,GBPUSD,BUY,2022-01-07 09:55:00+00:00,,PRE_TRADE_PROJECTED_EQUITY_BREACH
REJECTED,EURUSD,BUY,2022-01-11 08:15:00+00:00,,PRE_TRADE_PROJECTED_EQUITY_BREACH
REJECTED,GBPUSD,BUY,2022-01-14 08:45:00+00:00,,PRE_TRADE_PROJECTED_EQUITY_BREACH
REJECTED,GBPUSD,BUY,2022-01-17 08:50:00+00:00,,PRE_TRADE_PROJECTED_EQUITY_BREACH
REJECTED,EURUSD,BUY,2022-01-17 09:55:00+00:00,,PRE_TRADE_PROJECTED_EQUITY_BREACH
REJECTED,GBPUSD,SELL,2022-01-18 10:35:00+00:00,,PRE_TRADE_PROJECTED_EQUITY_BREACH
REJECTED,GBPUSD,SELL,2022-01-24 09:00:00+00:00,,PRE_TRADE_PROJECTED_EQUITY_BREACH
REJECTED,EURUSD,SELL,2022-01-25 08:40:00+00:00,,PRE_TRADE_PROJECTED_EQUITY_BREACH
REJECTED,GBPUSD,SELL,2022-01-25 10:35:00+00:00,,PRE_TRADE_PROJECTED_EQUITY_BREACH
REJECTED,EURUSD,SELL,2022-01-26 08:40:00+00:00,,PRE_TRADE_PROJECTED_EQUITY_BREACH
REJECTED,GBPUSD,SELL,2022-01-26 10:05:00+00:00,,PRE_TRADE_PROJECTED_EQUITY_BREACH
REJECTED,GBPUSD,SELL,2022-01-27 09:20:00+00:00,,PRE_TRADE_PROJECTED_EQUITY_BREACH
REJECTED,GBPUSD,SELL,2022-01-28 10:10:00+00:00,,PRE_TRADE_PROJECTED_EQUITY_BREACH
REJECTED,EURUSD,SELL,2022-01-28 10:45:00+00:00,,PRE_TRADE_PROJECTED_EQUITY_BREACH
REJECTED,EURUSD,BUY,2022-02-04 10:10:00+00:00,,PRE_TRADE_PROJECTED_EQUITY_BREACH
REJECTED,GBPUSD,BUY,2022-02-07 09:00:00+00:00,,PRE_TRADE_PROJECTED_EQUITY_BREACH
REJECTED,GBPUSD,BUY,2022-02-08 09:00:00+00:00,,PRE_TRADE_PROJECTED_EQUITY_BREACH
REJECTED,GBPUSD,BUY,2022-02-09 08:45:00+00:00,,PRE_TRADE_PROJECTED_EQUITY_BREACH
REJECTED,EURUSD,BUY,2022-02-09 10:25:00+00:00,,PRE_TRADE_PROJECTED_EQUITY_BREACH
REJECTED,GBPUSD,BUY,2022-02-11 09:25:00+00:00,,PRE_TRADE_PROJECTED_EQUITY_BREACH
REJECTED,EURUSD,SELL,2022-02-14 08:25:00+00:00,,PRE_TRADE_PROJECTED_EQUITY_BREACH
REJECTED,GBPUSD,BUY,2022-02-16 08:40:00+00:00,,PRE_TRADE_PROJECTED_EQUITY_BREACH
REJECTED,GBPUSD,BUY,2022-02-17 10:20:00+00:00,,PRE_TRADE_PROJECTED_EQUITY_BREACH
REJECTED,EURUSD,BUY,2022-02-18 08:25:00+00:00,,PRE_TRADE_PROJECTED_EQUITY_BREACH
REJECTED,GBPUSD,BUY,2022-02-21 08:30:00+00:00,,PRE_TRADE_PROJECTED_EQUITY_BREACH
REJECTED,GBPUSD,BUY,2022-02-23 10:00:00+00:00,,PRE_TRADE_PROJECTED_EQUITY_BREACH
REJECTED,EURUSD,SELL,2022-02-24 10:10:00+00:00,,PRE_TRADE_PROJECTED_EQUITY_BREACH
REJECTED,EURUSD,SELL,2022-02-25 08:25:00+00:00,,PRE_TRADE_PROJECTED_EQUITY_BREACH
REJECTED,EURUSD,SELL,2022-03-01 10:05:00+00:00,,PRE_TRADE_PROJECTED_EQUITY_BREACH
REJECTED,GBPUSD,SELL,2022-03-01 10:20:00+00:00,,PRE_TRADE_PROJECTED_EQUITY_BREACH
REJECTED,EURUSD,SELL,2022-03-02 08:40:00+00:00,,PRE_TRADE_PROJECTED_EQUITY_BREACH
REJECTED,EURUSD,SELL,2022-03-03 08:45:00+00:00,,PRE_TRADE_PROJECTED_EQUITY_BREACH
REJECTED,GBPUSD,SELL,2022-03-03 09:15:00+00:00,,PRE_TRADE_PROJECTED_EQUITY_BREACH
REJECTED,GBPUSD,SELL,2022-03-04 08:30:00+00:00,,PRE_TRADE_PROJECTED_EQUITY_BREACH
REJECTED,EURUSD,SELL,2022-03-04 10:10:00+00:00,,PRE_TRADE_PROJECTED_EQUITY_BREACH
REJECTED,GBPUSD,SELL,2022-03-07 08:30:00+00:00,,PRE_TRADE_PROJECTED_EQUITY_BREACH
REJECTED,EURUSD,SELL,2022-03-11 08:30:00+00:00,,PRE_TRADE_PROJECTED_EQUITY_BREACH
REJECTED,EURUSD,BUY,2022-03-17 08:40:00+00:00,,PRE_TRADE_PROJECTED_EQUITY_BREACH
REJECTED,GBPUSD,BUY,2022-03-17 10:20:00+00:00,,PRE_TRADE_PROJECTED_EQUITY_BREACH
REJECTED,EURUSD,BUY,2022-03-21 08:05:00+00:00,,PRE_TRADE_PROJECTED_EQUITY_BREACH
REJECTED,EURUSD,SELL,2022-03-23 08:20:00+00:00,,PRE_TRADE_PROJECTED_EQUITY_BREACH
REJECTED,GBPUSD,SELL,2022-03-28 09:00:00+00:00,,PRE_TRADE_PROJECTED_EQUITY_BREACH
REJECTED,EURUSD,BUY,2022-03-30 08:05:00+00:00,,PRE_TRADE_PROJECTED_EQUITY_BREACH
REJECTED,GBPUSD,SELL,2022-04-01 07:50:00+00:00,,PRE_TRADE_PROJECTED_EQUITY_BREACH
REJECTED,EURUSD,SELL,2022-04-04 08:10:00+00:00,,PRE_TRADE_PROJECTED_EQUITY_BREACH
REJECTED,EURUSD,SELL,2022-04-06 08:30:00+00:00,,PRE_TRADE_PROJECTED_EQUITY_BREACH
REJECTED,GBPUSD,SELL,2022-04-06 08:35:00+00:00,,PRE_TRADE_PROJECTED_EQUITY_BREACH
REJECTED,EURUSD,SELL,2022-04-08 08:20:00+00:00,,PRE_TRADE_PROJECTED_EQUITY_BREACH
REJECTED,EURUSD,SELL,2022-04-12 07:15:00+00:00,,PRE_TRADE_PROJECTED_EQUITY_BREACH
REJECTED,GBPUSD,SELL,2022-04-12 09:55:00+00:00,,PRE_TRADE_PROJECTED_EQUITY_BREACH
REJECTED,GBPUSD,SELL,2022-04-13 07:55:00+00:00,,PRE_TRADE_PROJECTED_EQUITY_BREACH
REJECTED,EURUSD,BUY,2022-04-14 07:20:00+00:00,,PRE_TRADE_PROJECTED_EQUITY_BREACH
REJECTED,GBPUSD,BUY,2022-04-14 07:40:00+00:00,,PRE_TRADE_PROJECTED_EQUITY_BREACH
REJECTED,EURUSD,SELL,2022-04-18 09:05:00+00:00,,PRE_TRADE_PROJECTED_EQUITY_BREACH
REJECTED,EURUSD,BUY,2022-04-21 07:25:00+00:00,,PRE_TRADE_PROJECTED_EQUITY_BREACH
REJECTED,GBPUSD,SELL,2022-04-25 07:10:00+00:00,,PRE_TRADE_PROJECTED_EQUITY_BREACH
REJECTED,EURUSD,SELL,2022-04-26 08:05:00+00:00,,PRE_TRADE_PROJECTED_EQUITY_BREACH
REJECTED,EURUSD,SELL,2022-04-27 07:20:00+00:00,,PRE_TRADE_PROJECTED_EQUITY_BREACH
REJECTED,GBPUSD,SELL,2022-04-27 08:20:00+00:00,,PRE_TRADE_PROJECTED_EQUITY_BREACH
REJECTED,EURUSD,SELL,2022-05-03 07:25:00+00:00,,PRE_TRADE_PROJECTED_EQUITY_BREACH
REJECTED,GBPUSD,SELL,2022-05-04 07:35:00+00:00,,PRE_TRADE_PROJECTED_EQUITY_BREACH
REJECTED,EURUSD,SELL,2022-05-04 07:45:00+00:00,,PRE_TRADE_PROJECTED_EQUITY_BREACH
REJECTED,GBPUSD,SELL,2022-05-05 07:35:00+00:00,,PRE_TRADE_PROJECTED_EQUITY_BREACH
REJECTED,EURUSD,SELL,2022-05-06 07:25:00+00:00,,PRE_TRADE_PROJECTED_EQUITY_BREACH
REJECTED,EURUSD,SELL,2022-05-09 07:55:00+00:00,,PRE_TRADE_PROJECTED_EQUITY_BREACH
REJECTED,GBPUSD,SELL,2022-05-09 09:40:00+00:00,,PRE_TRADE_PROJECTED_EQUITY_BREACH
REJECTED,GBPUSD,SELL,2022-05-12 08:00:00+00:00,,PRE_TRADE_PROJECTED_EQUITY_BREACH
REJECTED,GBPUSD,SELL,2022-05-16 08:00:00+00:00,,PRE_TRADE_PROJECTED_EQUITY_BREACH
REJECTED,GBPUSD,BUY,2022-05-19 09:35:00+00:00,,PRE_TRADE_PROJECTED_EQUITY_BREACH
REJECTED,EURUSD,BUY,2022-05-20 07:30:00+00:00,,PRE_TRADE_PROJECTED_EQUITY_BREACH
REJECTED,GBPUSD,BUY,2022-05-20 07:30:00+00:00,,PRE_TRADE_PROJECTED_EQUITY_BREACH
REJECTED,GBPUSD,BUY,2022-05-23 07:15:00+00:00,,PRE_TRADE_PROJECTED_EQUITY_BREACH
REJECTED,GBPUSD,BUY,2022-05-24 08:10:00+00:00,,PRE_TRADE_PROJECTED_EQUITY_BREACH
REJECTED,GBPUSD,BUY,2022-05-25 07:55:00+00:00,,PRE_TRADE_PROJECTED_EQUITY_BREACH
REJECTED,EURUSD,BUY,2022-05-30 07:25:00+00:00,,PRE_TRADE_PROJECTED_EQUITY_BREACH
REJECTED,EURUSD,BUY,2022-06-06 08:00:00+00:00,,PRE_TRADE_PROJECTED_EQUITY_BREACH
REJECTED,GBPUSD,SELL,2022-06-09 07:05:00+00:00,,PRE_TRADE_PROJECTED_EQUITY_BREACH
REJECTED,GBPUSD,SELL,2022-06-10 08:55:00+00:00,,PRE_TRADE_PROJECTED_EQUITY_BREACH
REJECTED,GBPUSD,SELL,2022-06-13 07:15:00+00:00,,PRE_TRADE_PROJECTED_EQUITY_BREACH
REJECTED,EURUSD,SELL,2022-06-13 08:45:00+00:00,,PRE_TRADE_PROJECTED_EQUITY_BREACH
REJECTED,EURUSD,SELL,2022-06-16 07:30:00+00:00,,PRE_TRADE_PROJECTED_EQUITY_BREACH
REJECTED,EURUSD,SELL,2022-06-17 07:10:00+00:00,,PRE_TRADE_PROJECTED_EQUITY_BREACH
REJECTED,GBPUSD,SELL,2022-06-17 07:30:00+00:00,,PRE_TRADE_PROJECTED_EQUITY_BREACH
REJECTED,EURUSD,BUY,2022-06-20 07:10:00+00:00,,PRE_TRADE_PROJECTED_EQUITY_BREACH
REJECTED,GBPUSD,SELL,2022-06-22 07:30:00+00:00,,PRE_TRADE_PROJECTED_EQUITY_BREACH
REJECTED,EURUSD,SELL,2022-06-22 08:00:00+00:00,,PRE_TRADE_PROJECTED_EQUITY_BREACH
REJECTED,GBPUSD,BUY,2022-06-27 08:05:00+00:00,,PRE_TRADE_PROJECTED_EQUITY_BREACH
REJECTED,EURUSD,BUY,2022-06-28 08:15:00+00:00,,PRE_TRADE_PROJECTED_EQUITY_BREACH
REJECTED,EURUSD,SELL,2022-06-29 07:05:00+00:00,,PRE_TRADE_PROJECTED_EQUITY_BREACH
REJECTED,GBPUSD,SELL,2022-06-29 09:55:00+00:00,,PRE_TRADE_PROJECTED_EQUITY_BREACH
REJECTED,EURUSD,SELL,2022-07-01 08:30:00+00:00,,PRE_TRADE_PROJECTED_EQUITY_BREACH
REJECTED,GBPUSD,SELL,2022-07-01 08:35:00+00:00,,PRE_TRADE_PROJECTED_EQUITY_BREACH
REJECTED,GBPUSD,SELL,2022-07-08 08:05:00+00:00,,PRE_TRADE_PROJECTED_EQUITY_BREACH
REJECTED,EURUSD,SELL,2022-07-11 07:40:00+00:00,,PRE_TRADE_PROJECTED_EQUITY_BREACH
REJECTED,GBPUSD,SELL,2022-07-11 08:05:00+00:00,,PRE_TRADE_PROJECTED_EQUITY_BREACH
REJECTED,GBPUSD,SELL,2022-07-12 08:05:00+00:00,,PRE_TRADE_PROJECTED_EQUITY_BREACH
REJECTED,EURUSD,SELL,2022-07-12 09:05:00+00:00,,PRE_TRADE_PROJECTED_EQUITY_BREACH
REJECTED,GBPUSD,SELL,2022-07-14 07:25:00+00:00,,PRE_TRADE_PROJECTED_EQUITY_BREACH
REJECTED,EURUSD,SELL,2022-07-14 08:00:00+00:00,,PRE_TRADE_PROJECTED_EQUITY_BREACH
REJECTED,GBPUSD,SELL,2022-07-15 07:55:00+00:00,,PRE_TRADE_PROJECTED_EQUITY_BREACH
REJECTED,EURUSD,BUY,2022-07-20 08:00:00+00:00,,PRE_TRADE_PROJECTED_EQUITY_BREACH
REJECTED,EURUSD,BUY,2022-07-21 07:10:00+00:00,,PRE_TRADE_PROJECTED_EQUITY_BREACH
REJECTED,GBPUSD,BUY,2022-07-27 09:55:00+00:00,,PRE_TRADE_PROJECTED_EQUITY_BREACH
REJECTED,EURUSD,BUY,2022-07-28 07:20:00+00:00,,PRE_TRADE_PROJECTED_EQUITY_BREACH
REJECTED,GBPUSD,BUY,2022-08-01 08:45:00+00:00,,PRE_TRADE_PROJECTED_EQUITY_BREACH
REJECTED,EURUSD,BUY,2022-08-01 09:30:00+00:00,,PRE_TRADE_PROJECTED_EQUITY_BREACH
REJECTED,GBPUSD,BUY,2022-08-03 08:30:00+00:00,,PRE_TRADE_PROJECTED_EQUITY_BREACH
REJECTED,EURUSD,BUY,2022-08-08 09:50:00+00:00,,PRE_TRADE_PROJECTED_EQUITY_BREACH
REJECTED,EURUSD,BUY,2022-08-10 09:45:00+00:00,,PRE_TRADE_PROJECTED_EQUITY_BREACH
REJECTED,EURUSD,BUY,2022-08-11 07:55:00+00:00,,PRE_TRADE_PROJECTED_EQUITY_BREACH
REJECTED,GBPUSD,BUY,2022-08-11 08:00:00+00:00,,PRE_TRADE_PROJECTED_EQUITY_BREACH
REJECTED,GBPUSD,BUY,2022-08-12 07:50:00+00:00,,PRE_TRADE_PROJECTED_EQUITY_BREACH
REJECTED,GBPUSD,SELL,2022-08-15 07:35:00+00:00,,PRE_TRADE_PROJECTED_EQUITY_BREACH
REJECTED,EURUSD,SELL,2022-08-15 07:40:00+00:00,,PRE_TRADE_PROJECTED_EQUITY_BREACH
REJECTED,EURUSD,SELL,2022-08-16 08:05:00+00:00,,PRE_TRADE_PROJECTED_EQUITY_BREACH
REJECTED,EURUSD,SELL,2022-08-17 07:40:00+00:00,,PRE_TRADE_PROJECTED_EQUITY_BREACH
REJECTED,GBPUSD,SELL,2022-08-17 08:30:00+00:00,,PRE_TRADE_PROJECTED_EQUITY_BREACH
REJECTED,EURUSD,SELL,2022-08-18 07:15:00+00:00,,PRE_TRADE_PROJECTED_EQUITY_BREACH
REJECTED,GBPUSD,SELL,2022-08-19 09:40:00+00:00,,PRE_TRADE_PROJECTED_EQUITY_BREACH
REJECTED,EURUSD,SELL,2022-08-22 07:55:00+00:00,,PRE_TRADE_PROJECTED_EQUITY_BREACH
REJECTED,GBPUSD,SELL,2022-08-22 08:40:00+00:00,,PRE_TRADE_PROJECTED_EQUITY_BREACH
REJECTED,EURUSD,SELL,2022-08-23 09:05:00+00:00,,PRE_TRADE_PROJECTED_EQUITY_BREACH
REJECTED,EURUSD,SELL,2022-08-24 07:20:00+00:00,,PRE_TRADE_PROJECTED_EQUITY_BREACH
REJECTED,GBPUSD,SELL,2022-08-26 07:20:00+00:00,,PRE_TRADE_PROJECTED_EQUITY_BREACH
REJECTED,EURUSD,SELL,2022-08-31 08:30:00+00:00,,PRE_TRADE_PROJECTED_EQUITY_BREACH
REJECTED,GBPUSD,SELL,2022-08-31 09:20:00+00:00,,PRE_TRADE_PROJECTED_EQUITY_BREACH
REJECTED,GBPUSD,SELL,2022-09-02 07:25:00+00:00,,PRE_TRADE_PROJECTED_EQUITY_BREACH
REJECTED,EURUSD,SELL,2022-09-05 08:10:00+00:00,,PRE_TRADE_PROJECTED_EQUITY_BREACH
REJECTED,GBPUSD,SELL,2022-09-08 09:00:00+00:00,,PRE_TRADE_PROJECTED_EQUITY_BREACH
REJECTED,GBPUSD,BUY,2022-09-09 07:20:00+00:00,,PRE_TRADE_PROJECTED_EQUITY_BREACH
REJECTED,EURUSD,BUY,2022-09-13 07:35:00+00:00,,PRE_TRADE_PROJECTED_EQUITY_BREACH
REJECTED,GBPUSD,BUY,2022-09-13 07:55:00+00:00,,PRE_TRADE_PROJECTED_EQUITY_BREACH
REJECTED,GBPUSD,SELL,2022-09-15 08:10:00+00:00,,PRE_TRADE_PROJECTED_EQUITY_BREACH
REJECTED,EURUSD,SELL,2022-09-16 07:30:00+00:00,,PRE_TRADE_PROJECTED_EQUITY_BREACH
REJECTED,GBPUSD,SELL,2022-09-19 07:55:00+00:00,,PRE_TRADE_PROJECTED_EQUITY_BREACH
REJECTED,GBPUSD,SELL,2022-09-21 07:30:00+00:00,,PRE_TRADE_PROJECTED_EQUITY_BREACH
REJECTED,GBPUSD,SELL,2022-09-23 07:50:00+00:00,,PRE_TRADE_PROJECTED_EQUITY_BREACH
REJECTED,GBPUSD,SELL,2022-09-29 07:25:00+00:00,,PRE_TRADE_PROJECTED_EQUITY_BREACH
REJECTED,EURUSD,BUY,2022-09-30 09:15:00+00:00,,PRE_TRADE_PROJECTED_EQUITY_BREACH
REJECTED,GBPUSD,BUY,2022-10-03 08:45:00+00:00,,PRE_TRADE_PROJECTED_EQUITY_BREACH
REJECTED,EURUSD,SELL,2022-10-07 07:15:00+00:00,,PRE_TRADE_PROJECTED_EQUITY_BREACH
REJECTED,GBPUSD,SELL,2022-10-07 07:25:00+00:00,,PRE_TRADE_PROJECTED_EQUITY_BREACH
REJECTED,EURUSD,SELL,2022-10-10 07:55:00+00:00,,PRE_TRADE_PROJECTED_EQUITY_BREACH
REJECTED,GBPUSD,SELL,2022-10-11 07:25:00+00:00,,PRE_TRADE_PROJECTED_EQUITY_BREACH
REJECTED,GBPUSD,SELL,2022-10-13 07:55:00+00:00,,PRE_TRADE_PROJECTED_EQUITY_BREACH
REJECTED,EURUSD,SELL,2022-10-13 08:10:00+00:00,,PRE_TRADE_PROJECTED_EQUITY_BREACH
REJECTED,GBPUSD,BUY,2022-10-17 08:15:00+00:00,,PRE_TRADE_PROJECTED_EQUITY_BREACH
REJECTED,EURUSD,BUY,2022-10-18 07:45:00+00:00,,PRE_TRADE_PROJECTED_EQUITY_BREACH
REJECTED,EURUSD,BUY,2022-10-20 08:55:00+00:00,,PRE_TRADE_PROJECTED_EQUITY_BREACH
REJECTED,GBPUSD,SELL,2022-10-20 09:40:00+00:00,,PRE_TRADE_PROJECTED_EQUITY_BREACH
REJECTED,GBPUSD,SELL,2022-10-21 07:05:00+00:00,,PRE_TRADE_PROJECTED_EQUITY_BREACH
REJECTED,EURUSD,SELL,2022-10-21 08:00:00+00:00,,PRE_TRADE_PROJECTED_EQUITY_BREACH
REJECTED,GBPUSD,BUY,2022-10-26 07:10:00+00:00,,PRE_TRADE_PROJECTED_EQUITY_BREACH
REJECTED,EURUSD,BUY,2022-11-07 08:25:00+00:00,,PRE_TRADE_PROJECTED_EQUITY_BREACH
REJECTED,GBPUSD,BUY,2022-11-09 08:25:00+00:00,,PRE_TRADE_PROJECTED_EQUITY_BREACH
REJECTED,GBPUSD,BUY,2022-11-14 08:50:00+00:00,,PRE_TRADE_PROJECTED_EQUITY_BREACH
REJECTED,EURUSD,BUY,2022-11-17 08:15:00+00:00,,PRE_TRADE_PROJECTED_EQUITY_BREACH
REJECTED,EURUSD,SELL,2022-11-21 08:45:00+00:00,,PRE_TRADE_PROJECTED_EQUITY_BREACH
REJECTED,EURUSD,BUY,2022-11-22 08:35:00+00:00,,PRE_TRADE_PROJECTED_EQUITY_BREACH
REJECTED,GBPUSD,BUY,2022-11-23 10:05:00+00:00,,PRE_TRADE_PROJECTED_EQUITY_BREACH
REJECTED,GBPUSD,BUY,2022-11-28 08:20:00+00:00,,PRE_TRADE_PROJECTED_EQUITY_BREACH
REJECTED,EURUSD,BUY,2022-11-30 10:00:00+00:00,,PRE_TRADE_PROJECTED_EQUITY_BREACH
REJECTED,GBPUSD,BUY,2022-12-01 09:00:00+00:00,,PRE_TRADE_PROJECTED_EQUITY_BREACH
REJECTED,EURUSD,BUY,2022-12-02 08:40:00+00:00,,PRE_TRADE_PROJECTED_EQUITY_BREACH
REJECTED,GBPUSD,BUY,2022-12-02 10:15:00+00:00,,PRE_TRADE_PROJECTED_EQUITY_BREACH
REJECTED,EURUSD,BUY,2022-12-07 08:55:00+00:00,,PRE_TRADE_PROJECTED_EQUITY_BREACH
REJECTED,GBPUSD,BUY,2022-12-07 08:55:00+00:00,,PRE_TRADE_PROJECTED_EQUITY_BREACH
REJECTED,EURUSD,BUY,2022-12-08 08:55:00+00:00,,PRE_TRADE_PROJECTED_EQUITY_BREACH
REJECTED,EURUSD,BUY,2022-12-12 08:20:00+00:00,,PRE_TRADE_PROJECTED_EQUITY_BREACH
REJECTED,GBPUSD,BUY,2022-12-14 08:30:00+00:00,,PRE_TRADE_PROJECTED_EQUITY_BREACH
REJECTED,EURUSD,BUY,2022-12-14 08:50:00+00:00,,PRE_TRADE_PROJECTED_EQUITY_BREACH
REJECTED,EURUSD,BUY,2022-12-19 08:15:00+00:00,,PRE_TRADE_PROJECTED_EQUITY_BREACH
REJECTED,GBPUSD,SELL,2022-12-21 08:25:00+00:00,,PRE_TRADE_PROJECTED_EQUITY_BREACH
REJECTED,EURUSD,BUY,2022-12-21 09:00:00+00:00,,PRE_TRADE_PROJECTED_EQUITY_BREACH
REJECTED,EURUSD,BUY,2022-12-23 10:20:00+00:00,,PRE_TRADE_PROJECTED_EQUITY_BREACH
REJECTED,GBPUSD,SELL,2022-12-26 08:30:00+00:00,,PRE_TRADE_PROJECTED_EQUITY_BREACH
REJECTED,GBPUSD,SELL,2022-12-27 08:50:00+00:00,,PRE_TRADE_PROJECTED_EQUITY_BREACH
REJECTED,EURUSD,BUY,2022-12-27 10:55:00+00:00,,PRE_TRADE_PROJECTED_EQUITY_BREACH
REJECTED,EURUSD,BUY,2022-12-29 08:50:00+00:00,,PRE_TRADE_PROJECTED_EQUITY_BREACH
REJECTED,GBPUSD,SELL,2022-12-30 09:35:00+00:00,,PRE_TRADE_PROJECTED_EQUITY_BREACH
REJECTED,EURUSD,BUY,2022-12-30 10:55:00+00:00,,PRE_TRADE_PROJECTED_EQUITY_BREACH
ACCEPTED,EURUSD,SELL,2015-01-15 08:50:00+00:00,1.17529,CLOSED_SL
ACCEPTED,GBPUSD,SELL,2015-01-15 10:15:00+00:00,1.52029,CLOSED_SL
ACCEPTED,GBPUSD,SELL,2015-01-23 09:05:00+00:00,1.49780,CLOSED_SL_GAP
ACCEPTED,GBPUSD,BUY,2015-01-28 09:30:00+00:00,1.51978,CLOSED_TP_GAP
ACCEPTED,GBPUSD,SELL,2015-01-30 09:25:00+00:00,1.50634,CLOSED_SL
ACCEPTED,GBPUSD,SELL,2015-02-03 09:45:00+00:00,1.50122,CLOSED_SL
ACCEPTED,GBPUSD,BUY,2015-02-04 09:35:00+00:00,1.51862,CLOSED_SL
ACCEPTED,EURUSD,SELL,2015-02-10 08:40:00+00:00,1.13223,CLOSED_TP
ACCEPTED,EURUSD,SELL,2015-02-11 08:25:00+00:00,1.13130,CLOSED_SL
ACCEPTED,GBPUSD,BUY,2015-02-12 10:40:00+00:00,1.52639,CLOSED_TP
ACCEPTED,GBPUSD,BUY,2015-02-17 10:20:00+00:00,1.53920,CLOSED_SL
ACCEPTED,GBPUSD,BUY,2015-02-18 09:00:00+00:00,1.53670,CLOSED_TP
ACCEPTED,EURUSD,SELL,2015-02-23 08:20:00+00:00,1.13379,CLOSED_SL
ACCEPTED,EURUSD,SELL,2015-02-24 08:10:00+00:00,1.13211,CLOSED_SL
ACCEPTED,EURUSD,SELL,2015-02-26 08:45:00+00:00,1.13552,CLOSED_SL
ACCEPTED,GBPUSD,SELL,2015-03-02 08:25:00+00:00,1.53903,CLOSED_SL_GAP
ACCEPTED,EURUSD,SELL,2015-03-03 09:55:00+00:00,1.11743,CLOSED_SL
ACCEPTED,GBPUSD,SELL,2015-03-04 09:50:00+00:00,1.53366,CLOSED_SL
ACCEPTED,EURUSD,SELL,2015-03-06 08:15:00+00:00,1.10095,CLOSED_SL
ACCEPTED,GBPUSD,SELL,2015-03-10 09:30:00+00:00,1.50649,CLOSED_TP
ACCEPTED,GBPUSD,SELL,2015-03-11 10:05:00+00:00,1.50623,CLOSED_SL
ACCEPTED,GBPUSD,SELL,2015-03-13 10:20:00+00:00,1.48571,CLOSED_SL_GAP
ACCEPTED,GBPUSD,SELL,2015-03-17 09:15:00+00:00,1.48016,CLOSED_TP
ACCEPTED,GBPUSD,SELL,2015-03-18 09:15:00+00:00,1.47312,CLOSED_SL
ACCEPTED,GBPUSD,SELL,2015-03-20 08:15:00+00:00,1.47424,CLOSED_SL
ACCEPTED,EURUSD,BUY,2015-03-26 08:35:00+00:00,1.10029,CLOSED_TP
ACCEPTED,GBPUSD,SELL,2015-03-27 08:15:00+00:00,1.48348,CLOSED_SL
ACCEPTED,GBPUSD,SELL,2015-03-30 10:00:00+00:00,1.48450,CLOSED_SL
ACCEPTED,EURUSD,SELL,2015-03-31 07:25:00+00:00,1.07801,CLOSED_SL
ACCEPTED,GBPUSD,SELL,2015-03-31 09:00:00+00:00,1.47677,CLOSED_SL
ACCEPTED,GBPUSD,SELL,2015-04-01 08:50:00+00:00,1.48173,CLOSED_SL
ACCEPTED,EURUSD,SELL,2015-04-01 09:45:00+00:00,1.07267,CLOSED_SL
ACCEPTED,EURUSD,BUY,2015-04-03 08:40:00+00:00,1.08833,CLOSED_SL
ACCEPTED,GBPUSD,BUY,2015-04-06 09:15:00+00:00,1.49438,CLOSED_SL
ACCEPTED,GBPUSD,SELL,2015-04-10 07:35:00+00:00,1.47022,CLOSED_SL
ACCEPTED,GBPUSD,SELL,2015-04-13 09:05:00+00:00,1.45949,CLOSED_SL
ACCEPTED,GBPUSD,SELL,2015-04-14 08:45:00+00:00,1.46498,CLOSED_SL
ACCEPTED,EURUSD,SELL,2015-04-14 08:55:00+00:00,1.05448,CLOSED_SL
ACCEPTED,EURUSD,SELL,2015-04-15 08:45:00+00:00,1.06145,CLOSED_SL
ACCEPTED,EURUSD,SELL,2015-04-16 08:00:00+00:00,1.06655,CLOSED_SL
ACCEPTED,EURUSD,BUY,2015-04-17 08:25:00+00:00,1.07925,CLOSED_TP
ACCEPTED,GBPUSD,BUY,2015-04-22 07:55:00+00:00,1.49514,CLOSED_TP
ACCEPTED,EURUSD,SELL,2015-04-23 07:55:00+00:00,1.06898,CLOSED_TP
ACCEPTED,EURUSD,BUY,2015-04-28 07:20:00+00:00,1.08954,CLOSED_SL
ACCEPTED,GBPUSD,BUY,2015-04-28 08:45:00+00:00,1.52470,CLOSED_SL
ACCEPTED,GBPUSD,BUY,2015-04-29 07:10:00+00:00,1.53526,CLOSED_SL
ACCEPTED,EURUSD,BUY,2015-04-29 08:15:00+00:00,1.09876,CLOSED_TP_GAP
ACCEPTED,EURUSD,BUY,2015-05-01 07:40:00+00:00,1.12217,CLOSED_TP
ACCEPTED,GBPUSD,SELL,2015-05-04 08:00:00+00:00,1.51364,CLOSED_SL
ACCEPTED,EURUSD,BUY,2015-05-06 07:25:00+00:00,1.12444,CLOSED_SL
ACCEPTED,EURUSD,BUY,2015-05-07 09:40:00+00:00,1.13612,CLOSED_TP
ACCEPTED,GBPUSD,BUY,2015-05-12 08:30:00+00:00,1.55939,CLOSED_SL
ACCEPTED,EURUSD,BUY,2015-05-13 07:35:00+00:00,1.12672,CLOSED_SL
ACCEPTED,GBPUSD,BUY,2015-05-13 08:50:00+00:00,1.56953,CLOSED_SL
ACCEPTED,EURUSD,BUY,2015-05-14 07:35:00+00:00,1.13835,CLOSED_TP
ACCEPTED,GBPUSD,BUY,2015-05-14 07:55:00+00:00,1.57690,CLOSED_SL
ACCEPTED,GBPUSD,BUY,2015-05-15 08:05:00+00:00,1.57831,CLOSED_SL
ACCEPTED,GBPUSD,SELL,2015-05-20 07:20:00+00:00,1.54784,CLOSED_SL
ACCEPTED,EURUSD,SELL,2015-05-20 09:45:00+00:00,1.11197,CLOSED_SL
ACCEPTED,GBPUSD,BUY,2015-05-22 07:10:00+00:00,1.56917,CLOSED_SL
