status,symbol,direction,time_utc,price_or_na,reason_or_outcome
REJECTED,EURUSD,SELL,2015-01-02 21:00:00+00:00,,SYMBOL_ALREADY_HAS_OPEN_POSITION
REJECTED,GBPUSD,SELL,2015-01-02 21:00:00+00:00,,SYMBOL_ALREADY_HAS_OPEN_POSITION
REJECTED,EURUSD,SELL,2015-01-04 22:00:00+00:00,,SYMBOL_ALREADY_HAS_OPEN_POSITION
REJECTED,GBPUSD,SELL,2015-01-04 22:00:00+00:00,,SYMBOL_ALREADY_HAS_OPEN_POSITION
REJECTED,GBPUSD,SELL,2015-01-06 09:00:00+00:00,,SYMBOL_ALREADY_HAS_OPEN_POSITION
REJECTED,EURUSD,SELL,2015-01-06 10:00:00+00:00,,CORRELATED_OR_PORTFOLIO_RISK_CAP
REJECTED,GBPUSD,SELL,2015-01-06 10:00:00+00:00,,SYMBOL_ALREADY_HAS_OPEN_POSITION
REJECTED,EURUSD,SELL,2015-01-06 11:00:00+00:00,,CORRELATED_OR_PORTFOLIO_RISK_CAP
REJECTED,EURUSD,SELL,2015-01-06 22:00:00+00:00,,CORRELATED_OR_PORTFOLIO_RISK_CAP
REJECTED,GBPUSD,SELL,2015-01-06 22:00:00+00:00,,SYMBOL_ALREADY_HAS_OPEN_POSITION
REJECTED,EURUSD,SELL,2015-01-07 11:00:00+00:00,,CORRELATED_OR_PORTFOLIO_RISK_CAP
REJECTED,GBPUSD,SELL,2015-01-07 13:00:00+00:00,,SYMBOL_ALREADY_HAS_OPEN_POSITION
REJECTED,GBPUSD,SELL,2015-01-07 14:00:00+00:00,,SYMBOL_ALREADY_HAS_OPEN_POSITION
REJECTED,EURUSD,SELL,2015-01-07 15:00:00+00:00,,CORRELATED_OR_PORTFOLIO_RISK_CAP
REJECTED,GBPUSD,SELL,2015-01-07 15:00:00+00:00,,SYMBOL_ALREADY_HAS_OPEN_POSITION
REJECTED,EURUSD,SELL,2015-01-08 08:00:00+00:00,,CORRELATED_OR_PORTFOLIO_RISK_CAP
REJECTED,GBPUSD,SELL,2015-01-08 08:00:00+00:00,,SYMBOL_ALREADY_HAS_OPEN_POSITION
REJECTED,EURUSD,SELL,2015-01-08 09:00:00+00:00,,CORRELATED_OR_PORTFOLIO_RISK_CAP
REJECTED,EURUSD,SELL,2015-01-08 10:00:00+00:00,,CORRELATED_OR_PORTFOLIO_RISK_CAP
REJECTED,GBPUSD,BUY,2015-01-09 10:00:00+00:00,,SYMBOL_ALREADY_HAS_OPEN_POSITION
REJECTED,EURUSD,BUY,2015-01-11 23:00:00+00:00,,SYMBOL_ALREADY_HAS_OPEN_POSITION
REJECTED,GBPUSD,SELL,2015-01-13 09:00:00+00:00,,SYMBOL_ALREADY_HAS_OPEN_POSITION
REJECTED,EURUSD,SELL,2015-01-13 13:00:00+00:00,,SYMBOL_ALREADY_HAS_OPEN_POSITION
REJECTED,EURUSD,SELL,2015-01-13 14:00:00+00:00,,SYMBOL_ALREADY_HAS_OPEN_POSITION
REJECTED,EURUSD,SELL,2015-01-16 14:00:00+00:00,,SYMBOL_ALREADY_HAS_OPEN_POSITION
REJECTED,GBPUSD,SELL,2015-01-16 14:00:00+00:00,,CORRELATED_OR_PORTFOLIO_RISK_CAP
REJECTED,EURUSD,SELL,2015-01-16 15:00:00+00:00,,SYMBOL_ALREADY_HAS_OPEN_POSITION
REJECTED,GBPUSD,SELL,2015-01-16 15:00:00+00:00,,CORRELATED_OR_PORTFOLIO_RISK_CAP
REJECTED,EURUSD,BUY,2015-01-19 15:00:00+00:00,,SYMBOL_ALREADY_HAS_OPEN_POSITION
REJECTED,GBPUSD,SELL,2015-01-19 22:00:00+00:00,,SYMBOL_ALREADY_HAS_OPEN_POSITION
REJECTED,GBPUSD,SELL,2015-01-19 23:00:00+00:00,,SYMBOL_ALREADY_HAS_OPEN_POSITION
REJECTED,GBPUSD,SELL,2015-01-20 00:00:00+00:00,,SYMBOL_ALREADY_HAS_OPEN_POSITION
REJECTED,GBPUSD,SELL,2015-01-20 01:00:00+00:00,,SYMBOL_ALREADY_HAS_OPEN_POSITION
REJECTED,EURUSD,SELL,2015-01-20 06:00:00+00:00,,CORRELATED_OR_PORTFOLIO_RISK_CAP
REJECTED,EURUSD,SELL,2015-01-20 17:00:00+00:00,,SYMBOL_ALREADY_HAS_OPEN_POSITION
REJECTED,EURUSD,BUY,2015-01-21 13:00:00+00:00,,SYMBOL_ALREADY_HAS_OPEN_POSITION
REJECTED,EURUSD,BUY,2015-01-21 14:00:00+00:00,,SYMBOL_ALREADY_HAS_OPEN_POSITION
REJECTED,GBPUSD,BUY,2015-01-22 10:00:00+00:00,,SYMBOL_ALREADY_HAS_OPEN_POSITION
REJECTED,EURUSD,SELL,2015-01-22 15:00:00+00:00,,SYMBOL_ALREADY_HAS_OPEN_POSITION
REJECTED,GBPUSD,SELL,2015-01-22 15:00:00+00:00,,CORRELATED_OR_PORTFOLIO_RISK_CAP
REJECTED,EURUSD,SELL,2015-01-22 16:00:00+00:00,,SYMBOL_ALREADY_HAS_OPEN_POSITION
REJECTED,GBPUSD,SELL,2015-01-22 16:00:00+00:00,,CORRELATED_OR_PORTFOLIO_RISK_CAP
REJECTED,EURUSD,SELL,2015-01-22 17:00:00+00:00,,SYMBOL_ALREADY_HAS_OPEN_POSITION
REJECTED,GBPUSD,SELL,2015-01-22 17:00:00+00:00,,CORRELATED_OR_PORTFOLIO_RISK_CAP
REJECTED,EURUSD,SELL,2015-01-22 20:00:00+00:00,,SYMBOL_ALREADY_HAS_OPEN_POSITION
REJECTED,GBPUSD,SELL,2015-01-22 20:00:00+00:00,,CORRELATED_OR_PORTFOLIO_RISK_CAP
REJECTED,EURUSD,SELL,2015-01-23 08:00:00+00:00,,SYMBOL_ALREADY_HAS_OPEN_POSITION
REJECTED,EURUSD,SELL,2015-01-23 09:00:00+00:00,,SYMBOL_ALREADY_HAS_OPEN_POSITION
REJECTED,EURUSD,SELL,2015-01-23 11:00:00+00:00,,SYMBOL_ALREADY_HAS_OPEN_POSITION
REJECTED,GBPUSD,BUY,2015-01-26 14:00:00+00:00,,SYMBOL_ALREADY_HAS_OPEN_POSITION
REJECTED,EURUSD,BUY,2015-01-26 16:00:00+00:00,,CORRELATED_OR_PORTFOLIO_RISK_CAP
REJECTED,GBPUSD,BUY,2015-01-26 16:00:00+00:00,,SYMBOL_ALREADY_HAS_OPEN_POSITION
REJECTED,GBPUSD,BUY,2015-01-26 17:00:00+00:00,,SYMBOL_ALREADY_HAS_OPEN_POSITION
REJECTED,GBPUSD,BUY,2015-01-26 18:00:00+00:00,,SYMBOL_ALREADY_HAS_OPEN_POSITION
REJECTED,EURUSD,BUY,2015-01-27 08:00:00+00:00,,CORRELATED_OR_PORTFOLIO_RISK_CAP
REJECTED,GBPUSD,BUY,2015-01-27 12:00:00+00:00,,SYMBOL_ALREADY_HAS_OPEN_POSITION
REJECTED,GBPUSD,BUY,2015-01-27 13:00:00+00:00,,SYMBOL_ALREADY_HAS_OPEN_POSITION
REJECTED,EURUSD,BUY,2015-01-27 14:00:00+00:00,,CORRELATED_OR_PORTFOLIO_RISK_CAP
REJECTED,EURUSD,BUY,2015-01-27 15:00:00+00:00,,CORRELATED_OR_PORTFOLIO_RISK_CAP
REJECTED,GBPUSD,BUY,2015-01-27 15:00:00+00:00,,SYMBOL_ALREADY_HAS_OPEN_POSITION
REJECTED,EURUSD,SELL,2015-01-28 14:00:00+00:00,,CORRELATED_OR_PORTFOLIO_RISK_CAP
REJECTED,EURUSD,SELL,2015-01-29 04:00:00+00:00,,SYMBOL_ALREADY_HAS_OPEN_POSITION
REJECTED,GBPUSD,SELL,2015-01-29 15:00:00+00:00,,SYMBOL_ALREADY_HAS_OPEN_POSITION
REJECTED,GBPUSD,SELL,2015-01-29 16:00:00+00:00,,SYMBOL_ALREADY_HAS_OPEN_POSITION
REJECTED,EURUSD,BUY,2015-02-03 13:00:00+00:00,,CORRELATED_OR_PORTFOLIO_RISK_CAP
REJECTED,GBPUSD,BUY,2015-02-03 13:00:00+00:00,,SYMBOL_ALREADY_HAS_OPEN_POSITION
REJECTED,EURUSD,BUY,2015-02-03 16:00:00+00:00,,CORRELATED_OR_PORTFOLIO_RISK_CAP
REJECTED,GBPUSD,BUY,2015-02-03 16:00:00+00:00,,SYMBOL_ALREADY_HAS_OPEN_POSITION
REJECTED,GBPUSD,BUY,2015-02-03 17:00:00+00:00,,SYMBOL_ALREADY_HAS_OPEN_POSITION
REJECTED,GBPUSD,BUY,2015-02-04 12:00:00+00:00,,SYMBOL_ALREADY_HAS_OPEN_POSITION
REJECTED,EURUSD,SELL,2015-02-04 14:00:00+00:00,,CORRELATED_OR_PORTFOLIO_RISK_CAP
REJECTED,EURUSD,SELL,2015-02-04 20:00:00+00:00,,CORRELATED_OR_PORTFOLIO_RISK_CAP
REJECTED,GBPUSD,BUY,2015-02-05 13:00:00+00:00,,SYMBOL_ALREADY_HAS_OPEN_POSITION
REJECTED,EURUSD,BUY,2015-02-05 18:00:00+00:00,,CORRELATED_OR_PORTFOLIO_RISK_CAP
REJECTED,GBPUSD,BUY,2015-02-05 18:00:00+00:00,,SYMBOL_ALREADY_HAS_OPEN_POSITION
REJECTED,EURUSD,SELL,2015-02-06 14:00:00+00:00,,SYMBOL_ALREADY_HAS_OPEN_POSITION
REJECTED,GBPUSD,SELL,2015-02-06 18:00:00+00:00,,CORRELATED_OR_PORTFOLIO_RISK_CAP
REJECTED,GBPUSD,BUY,2015-02-12 11:00:00+00:00,,SYMBOL_ALREADY_HAS_OPEN_POSITION
REJECTED,GBPUSD,BUY,2015-02-12 12:00:00+00:00,,SYMBOL_ALREADY_HAS_OPEN_POSITION
REJECTED,EURUSD,BUY,2015-02-12 14:00:00+00:00,,SYMBOL_ALREADY_HAS_OPEN_POSITION
REJECTED,EURUSD,BUY,2015-02-12 16:00:00+00:00,,SYMBOL_ALREADY_HAS_OPEN_POSITION
REJECTED,GBPUSD,BUY,2015-02-12 18:00:00+00:00,,SYMBOL_ALREADY_HAS_OPEN_POSITION
REJECTED,GBPUSD,BUY,2015-02-12 19:00:00+00:00,,SYMBOL_ALREADY_HAS_OPEN_POSITION
REJECTED,EURUSD,BUY,2015-02-13 04:00:00+00:00,,SYMBOL_ALREADY_HAS_OPEN_POSITION
REJECTED,EURUSD,BUY,2015-02-13 05:00:00+00:00,,SYMBOL_ALREADY_HAS_OPEN_POSITION
REJECTED,GBPUSD,BUY,2015-02-16 03:00:00+00:00,,SYMBOL_ALREADY_HAS_OPEN_POSITION
REJECTED,GBPUSD,SELL,2015-02-16 13:00:00+00:00,,SYMBOL_ALREADY_HAS_OPEN_POSITION
REJECTED,EURUSD,SELL,2015-02-16 17:00:00+00:00,,SYMBOL_ALREADY_HAS_OPEN_POSITION
REJECTED,GBPUSD,SELL,2015-02-16 17:00:00+00:00,,SYMBOL_ALREADY_HAS_OPEN_POSITION
REJECTED,EURUSD,SELL,2015-02-16 18:00:00+00:00,,SYMBOL_ALREADY_HAS_OPEN_POSITION
REJECTED,GBPUSD,SELL,2015-02-16 18:00:00+00:00,,SYMBOL_ALREADY_HAS_OPEN_POSITION
REJECTED,EURUSD,SELL,2015-02-18 14:00:00+00:00,,SYMBOL_ALREADY_HAS_OPEN_POSITION
REJECTED,GBPUSD,BUY,2015-02-18 15:00:00+00:00,,SYMBOL_ALREADY_HAS_OPEN_POSITION
REJECTED,EURUSD,SELL,2015-02-18 16:00:00+00:00,,SYMBOL_ALREADY_HAS_OPEN_POSITION
REJECTED,EURUSD,BUY,2015-02-19 01:00:00+00:00,,CORRELATED_OR_PORTFOLIO_RISK_CAP
REJECTED,EURUSD,BUY,2015-02-19 02:00:00+00:00,,CORRELATED_OR_PORTFOLIO_RISK_CAP
REJECTED,EURUSD,BUY,2015-02-19 08:00:00+00:00,,CORRELATED_OR_PORTFOLIO_RISK_CAP
REJECTED,EURUSD,SELL,2015-02-20 08:00:00+00:00,,CORRELATED_OR_PORTFOLIO_RISK_CAP
REJECTED,GBPUSD,SELL,2015-02-20 08:00:00+00:00,,SYMBOL_ALREADY_HAS_OPEN_POSITION
REJECTED,GBPUSD,SELL,2015-02-20 09:00:00+00:00,,SYMBOL_ALREADY_HAS_OPEN_POSITION
REJECTED,GBPUSD,SELL,2015-02-23 10:00:00+00:00,,SYMBOL_ALREADY_HAS_OPEN_POSITION
REJECTED,GBPUSD,BUY,2015-02-23 16:00:00+00:00,,SYMBOL_ALREADY_HAS_OPEN_POSITION
REJECTED,EURUSD,BUY,2015-02-25 07:00:00+00:00,,CORRELATED_OR_PORTFOLIO_RISK_CAP
REJECTED,GBPUSD,BUY,2015-02-25 07:00:00+00:00,,SYMBOL_ALREADY_HAS_OPEN_POSITION
REJECTED,GBPUSD,BUY,2015-02-25 08:00:00+00:00,,SYMBOL_ALREADY_HAS_OPEN_POSITION
REJECTED,GBPUSD,BUY,2015-02-26 02:00:00+00:00,,SYMBOL_ALREADY_HAS_OPEN_POSITION
REJECTED,EURUSD,SELL,2015-02-26 13:00:00+00:00,,SYMBOL_ALREADY_HAS_OPEN_POSITION
REJECTED,GBPUSD,SELL,2015-02-26 13:00:00+00:00,,CORRELATED_OR_PORTFOLIO_RISK_CAP
REJECTED,EURUSD,SELL,2015-02-26 14:00:00+00:00,,SYMBOL_ALREADY_HAS_OPEN_POSITION
REJECTED,GBPUSD,SELL,2015-02-26 14:00:00+00:00,,CORRELATED_OR_PORTFOLIO_RISK_CAP
REJECTED,EURUSD,SELL,2015-02-26 15:00:00+00:00,,SYMBOL_ALREADY_HAS_OPEN_POSITION
REJECTED,GBPUSD,SELL,2015-02-26 15:00:00+00:00,,CORRELATED_OR_PORTFOLIO_RISK_CAP
REJECTED,EURUSD,SELL,2015-02-26 17:00:00+00:00,,SYMBOL_ALREADY_HAS_OPEN_POSITION
REJECTED,GBPUSD,SELL,2015-03-02 15:00:00+00:00,,SYMBOL_ALREADY_HAS_OPEN_POSITION
REJECTED,EURUSD,SELL,2015-03-03 11:00:00+00:00,,SYMBOL_ALREADY_HAS_OPEN_POSITION
REJECTED,EURUSD,SELL,2015-03-04 14:00:00+00:00,,SYMBOL_ALREADY_HAS_OPEN_POSITION
REJECTED,GBPUSD,SELL,2015-03-04 14:00:00+00:00,,SYMBOL_ALREADY_HAS_OPEN_POSITION
REJECTED,EURUSD,SELL,2015-03-04 15:00:00+00:00,,SYMBOL_ALREADY_HAS_OPEN_POSITION
REJECTED,GBPUSD,SELL,2015-03-04 15:00:00+00:00,,SYMBOL_ALREADY_HAS_OPEN_POSITION
REJECTED,GBPUSD,SELL,2015-03-04 18:00:00+00:00,,SYMBOL_ALREADY_HAS_OPEN_POSITION
REJECTED,EURUSD,SELL,2015-03-05 04:00:00+00:00,,SYMBOL_ALREADY_HAS_OPEN_POSITION
REJECTED,GBPUSD,SELL,2015-03-05 04:00:00+00:00,,SYMBOL_ALREADY_HAS_OPEN_POSITION
REJECTED,EURUSD,SELL,2015-03-05 05:00:00+00:00,,SYMBOL_ALREADY_HAS_OPEN_POSITION
REJECTED,GBPUSD,SELL,2015-03-05 05:00:00+00:00,,SYMBOL_ALREADY_HAS_OPEN_POSITION
REJECTED,EURUSD,SELL,2015-03-05 06:00:00+00:00,,SYMBOL_ALREADY_HAS_OPEN_POSITION
REJECTED,GBPUSD,SELL,2015-03-05 06:00:00+00:00,,SYMBOL_ALREADY_HAS_OPEN_POSITION
REJECTED,EURUSD,SELL,2015-03-05 16:00:00+00:00,,SYMBOL_ALREADY_HAS_OPEN_POSITION
REJECTED,GBPUSD,SELL,2015-03-06 08:00:00+00:00,,SYMBOL_ALREADY_HAS_OPEN_POSITION
REJECTED,EURUSD,SELL,2015-03-06 09:00:00+00:00,,SYMBOL_ALREADY_HAS_OPEN_POSITION
REJECTED,GBPUSD,SELL,2015-03-06 09:00:00+00:00,,SYMBOL_ALREADY_HAS_OPEN_POSITION
REJECTED,GBPUSD,SELL,2015-03-06 10:00:00+00:00,,SYMBOL_ALREADY_HAS_OPEN_POSITION
REJECTED,EURUSD,SELL,2015-03-06 11:00:00+00:00,,SYMBOL_ALREADY_HAS_OPEN_POSITION
REJECTED,GBPUSD,SELL,2015-03-06 11:00:00+00:00,,SYMBOL_ALREADY_HAS_OPEN_POSITION
REJECTED,EURUSD,SELL,2015-03-06 13:00:00+00:00,,SYMBOL_ALREADY_HAS_OPEN_POSITION
REJECTED,GBPUSD,SELL,2015-03-06 13:00:00+00:00,,SYMBOL_ALREADY_HAS_OPEN_POSITION
REJECTED,EURUSD,SELL,2015-03-06 14:00:00+00:00,,SYMBOL_ALREADY_HAS_OPEN_POSITION
REJECTED,GBPUSD,SELL,2015-03-06 14:00:00+00:00,,SYMBOL_ALREADY_HAS_OPEN_POSITION
REJECTED,GBPUSD,SELL,2015-03-06 15:00:00+00:00,,SYMBOL_ALREADY_HAS_OPEN_POSITION
REJECTED,EURUSD,SELL,2015-03-06 21:00:00+00:00,,SYMBOL_ALREADY_HAS_OPEN_POSITION
REJECTED,EURUSD,SELL,2015-03-08 22:00:00+00:00,,SYMBOL_ALREADY_HAS_OPEN_POSITION
REJECTED,EURUSD,SELL,2015-03-10 04:00:00+00:00,,SYMBOL_ALREADY_HAS_OPEN_POSITION
REJECTED,EURUSD,SELL,2015-03-10 09:00:00+00:00,,SYMBOL_ALREADY_HAS_OPEN_POSITION
REJECTED,GBPUSD,SELL,2015-03-10 09:00:00+00:00,,CORRELATED_OR_PORTFOLIO_RISK_CAP
REJECTED,EURUSD,SELL,2015-03-10 12:00:00+00:00,,SYMBOL_ALREADY_HAS_OPEN_POSITION
REJECTED,EURUSD,SELL,2015-03-10 16:00:00+00:00,,SYMBOL_ALREADY_HAS_OPEN_POSITION
REJECTED,EURUSD,SELL,2015-03-10 19:00:00+00:00,,SYMBOL_ALREADY_HAS_OPEN_POSITION
REJECTED,EURUSD,SELL,2015-03-10 22:00:00+00:00,,SYMBOL_ALREADY_HAS_OPEN_POSITION
REJECTED,EURUSD,SELL,2015-03-11 09:00:00+00:00,,SYMBOL_ALREADY_HAS_OPEN_POSITION
REJECTED,EURUSD,SELL,2015-03-11 10:00:00+00:00,,SYMBOL_ALREADY_HAS_OPEN_POSITION
REJECTED,EURUSD,SELL,2015-03-11 11:00:00+00:00,,SYMBOL_ALREADY_HAS_OPEN_POSITION
REJECTED,GBPUSD,SELL,2015-03-11 14:00:00+00:00,,CORRELATED_OR_PORTFOLIO_RISK_CAP
REJECTED,GBPUSD,SELL,2015-03-11 15:00:00+00:00,,CORRELATED_OR_PORTFOLIO_RISK_CAP
REJECTED,GBPUSD,SELL,2015-03-11 16:00:00+00:00,,CORRELATED_OR_PORTFOLIO_RISK_CAP
REJECTED,EURUSD,SELL,2015-03-11 18:00:00+00:00,,SYMBOL_ALREADY_HAS_OPEN_POSITION
REJECTED,GBPUSD,SELL,2015-03-11 18:00:00+00:00,,CORRELATED_OR_PORTFOLIO_RISK_CAP
REJECTED,EURUSD,SELL,2015-03-12 03:00:00+00:00,,SYMBOL_ALREADY_HAS_OPEN_POSITION
REJECTED,EURUSD,SELL,2015-03-12 04:00:00+00:00,,SYMBOL_ALREADY_HAS_OPEN_POSITION
REJECTED,GBPUSD,SELL,2015-03-12 17:00:00+00:00,,SYMBOL_ALREADY_HAS_OPEN_POSITION
REJECTED,GBPUSD,SELL,2015-03-12 18:00:00+00:00,,SYMBOL_ALREADY_HAS_OPEN_POSITION
REJECTED,GBPUSD,SELL,2015-03-12 19:00:00+00:00,,SYMBOL_ALREADY_HAS_OPEN_POSITION
REJECTED,EURUSD,SELL,2015-03-13 07:00:00+00:00,,CORRELATED_OR_PORTFOLIO_RISK_CAP
REJECTED,GBPUSD,SELL,2015-03-13 11:00:00+00:00,,SYMBOL_ALREADY_HAS_OPEN_POSITION
REJECTED,GBPUSD,SELL,2015-03-13 12:00:00+00:00,,SYMBOL_ALREADY_HAS_OPEN_POSITION
REJECTED,GBPUSD,SELL,2015-03-13 13:00:00+00:00,,SYMBOL_ALREADY_HAS_OPEN_POSITION
REJECTED,EURUSD,SELL,2015-03-13 14:00:00+00:00,,CORRELATED_OR_PORTFOLIO_RISK_CAP
REJECTED,GBPUSD,SELL,2015-03-13 14:00:00+00:00,,SYMBOL_ALREADY_HAS_OPEN_POSITION
REJECTED,EURUSD,SELL,2015-03-13 15:00:00+00:00,,CORRELATED_OR_PORTFOLIO_RISK_CAP
REJECTED,GBPUSD,BUY,2015-03-16 17:00:00+00:00,,CORRELATED_OR_PORTFOLIO_RISK_CAP
REJECTED,GBPUSD,SELL,2015-03-18 10:00:00+00:00,,SYMBOL_ALREADY_HAS_OPEN_POSITION
REJECTED,GBPUSD,SELL,2015-03-18 12:00:00+00:00,,SYMBOL_ALREADY_HAS_OPEN_POSITION
REJECTED,EURUSD,BUY,2015-03-18 17:00:00+00:00,,SYMBOL_ALREADY_HAS_OPEN_POSITION
REJECTED,EURUSD,BUY,2015-03-18 19:00:00+00:00,,SYMBOL_ALREADY_HAS_OPEN_POSITION
REJECTED,GBPUSD,BUY,2015-03-18 19:00:00+00:00,,CORRELATED_OR_PORTFOLIO_RISK_CAP
REJECTED,EURUSD,BUY,2015-03-18 20:00:00+00:00,,SYMBOL_ALREADY_HAS_OPEN_POSITION
REJECTED,GBPUSD,BUY,2015-03-18 20:00:00+00:00,,CORRELATED_OR_PORTFOLIO_RISK_CAP
REJECTED,EURUSD,BUY,2015-03-18 21:00:00+00:00,,SYMBOL_ALREADY_HAS_OPEN_POSITION
REJECTED,GBPUSD,BUY,2015-03-18 21:00:00+00:00,,CORRELATED_OR_PORTFOLIO_RISK_CAP
REJECTED,EURUSD,BUY,2015-03-20 13:00:00+00:00,,SYMBOL_ALREADY_HAS_OPEN_POSITION
REJECTED,GBPUSD,BUY,2015-03-20 13:00:00+00:00,,CORRELATED_OR_PORTFOLIO_RISK_CAP
REJECTED,EURUSD,BUY,2015-03-20 14:00:00+00:00,,SYMBOL_ALREADY_HAS_OPEN_POSITION
REJECTED,GBPUSD,BUY,2015-03-20 14:00:00+00:00,,CORRELATED_OR_PORTFOLIO_RISK_CAP
REJECTED,GBPUSD,BUY,2015-03-20 16:00:00+00:00,,CORRELATED_OR_PORTFOLIO_RISK_CAP
REJECTED,EURUSD,BUY,2015-03-20 17:00:00+00:00,,SYMBOL_ALREADY_HAS_OPEN_POSITION
REJECTED,GBPUSD,BUY,2015-03-20 17:00:00+00:00,,CORRELATED_OR_PORTFOLIO_RISK_CAP
REJECTED,EURUSD,BUY,2015-03-23 14:00:00+00:00,,SYMBOL_ALREADY_HAS_OPEN_POSITION
REJECTED,EURUSD,BUY,2015-03-23 20:00:00+00:00,,SYMBOL_ALREADY_HAS_OPEN_POSITION
REJECTED,GBPUSD,BUY,2015-03-23 20:00:00+00:00,,CORRELATED_OR_PORTFOLIO_RISK_CAP
REJECTED,GBPUSD,SELL,2015-03-24 19:00:00+00:00,,SYMBOL_ALREADY_HAS_OPEN_POSITION
REJECTED,GBPUSD,SELL,2015-03-25 00:00:00+00:00,,SYMBOL_ALREADY_HAS_OPEN_POSITION
REJECTED,EURUSD,BUY,2015-03-25 13:00:00+00:00,,SYMBOL_ALREADY_HAS_OPEN_POSITION
REJECTED,GBPUSD,BUY,2015-03-25 13:00:00+00:00,,SYMBOL_ALREADY_HAS_OPEN_POSITION
REJECTED,EURUSD,BUY,2015-03-26 09:00:00+00:00,,SYMBOL_ALREADY_HAS_OPEN_POSITION
REJECTED,GBPUSD,BUY,2015-03-26 09:00:00+00:00,,CORRELATED_OR_PORTFOLIO_RISK_CAP
REJECTED,EURUSD,SELL,2015-03-26 15:00:00+00:00,,CORRELATED_OR_PORTFOLIO_RISK_CAP
REJECTED,GBPUSD,SELL,2015-03-26 15:00:00+00:00,,SYMBOL_ALREADY_HAS_OPEN_POSITION
REJECTED,EURUSD,SELL,2015-03-27 08:00:00+00:00,,SYMBOL_ALREADY_HAS_OPEN_POSITION
REJECTED,GBPUSD,SELL,2015-03-27 08:00:00+00:00,,SYMBOL_ALREADY_HAS_OPEN_POSITION
REJECTED,GBPUSD,BUY,2015-03-27 12:00:00+00:00,,SYMBOL_ALREADY_HAS_OPEN_POSITION
REJECTED,GBPUSD,SELL,2015-03-30 12:00:00+00:00,,SYMBOL_ALREADY_HAS_OPEN_POSITION
REJECTED,EURUSD,SELL,2015-03-31 04:00:00+00:00,,CORRELATED_OR_PORTFOLIO_RISK_CAP
REJECTED,EURUSD,SELL,2015-03-31 05:00:00+00:00,,CORRELATED_OR_PORTFOLIO_RISK_CAP
REJECTED,EURUSD,SELL,2015-03-31 06:00:00+00:00,,CORRELATED_OR_PORTFOLIO_RISK_CAP
REJECTED,EURUSD,SELL,2015-03-31 08:00:00+00:00,,CORRELATED_OR_PORTFOLIO_RISK_CAP
REJECTED,EURUSD,SELL,2015-03-31 09:00:00+00:00,,CORRELATED_OR_PORTFOLIO_RISK_CAP
REJECTED,EURUSD,BUY,2015-04-02 13:00:00+00:00,,SYMBOL_ALREADY_HAS_OPEN_POSITION
REJECTED,EURUSD,BUY,2015-04-02 14:00:00+00:00,,SYMBOL_ALREADY_HAS_OPEN_POSITION
REJECTED,EURUSD,BUY,2015-04-03 12:00:00+00:00,,SYMBOL_ALREADY_HAS_OPEN_POSITION
REJECTED,EURUSD,BUY,2015-04-03 13:00:00+00:00,,SYMBOL_ALREADY_HAS_OPEN_POSITION
REJECTED,GBPUSD,BUY,2015-04-03 13:00:00+00:00,,CORRELATED_OR_PORTFOLIO_RISK_CAP
REJECTED,EURUSD,BUY,2015-04-06 13:00:00+00:00,,SYMBOL_ALREADY_HAS_OPEN_POSITION
REJECTED,EURUSD,BUY,2015-04-06 14:00:00+00:00,,SYMBOL_ALREADY_HAS_OPEN_POSITION
REJECTED,GBPUSD,BUY,2015-04-06 14:00:00+00:00,,CORRELATED_OR_PORTFOLIO_RISK_CAP
REJECTED,GBPUSD,BUY,2015-04-06 15:00:00+00:00,,CORRELATED_OR_PORTFOLIO_RISK_CAP
REJECTED,EURUSD,SELL,2015-04-07 09:00:00+00:00,,SYMBOL_ALREADY_HAS_OPEN_POSITION
REJECTED,GBPUSD,SELL,2015-04-07 09:00:00+00:00,,SYMBOL_ALREADY_HAS_OPEN_POSITION
REJECTED,EURUSD,SELL,2015-04-07 19:00:00+00:00,,SYMBOL_ALREADY_HAS_OPEN_POSITION
REJECTED,GBPUSD,SELL,2015-04-07 19:00:00+00:00,,SYMBOL_ALREADY_HAS_OPEN_POSITION
REJECTED,EURUSD,SELL,2015-04-07 21:00:00+00:00,,SYMBOL_ALREADY_HAS_OPEN_POSITION
REJECTED,GBPUSD,SELL,2015-04-07 21:00:00+00:00,,SYMBOL_ALREADY_HAS_OPEN_POSITION
REJECTED,GBPUSD,BUY,2015-04-08 11:00:00+00:00,,SYMBOL_ALREADY_HAS_OPEN_POSITION
REJECTED,GBPUSD,BUY,2015-04-08 13:00:00+00:00,,SYMBOL_ALREADY_HAS_OPEN_POSITION
REJECTED,EURUSD,SELL,2015-04-09 06:00:00+00:00,,SYMBOL_ALREADY_HAS_OPEN_POSITION
REJECTED,EURUSD,SELL,2015-04-09 08:00:00+00:00,,SYMBOL_ALREADY_HAS_OPEN_POSITION
REJECTED,GBPUSD,SELL,2015-04-09 08:00:00+00:00,,CORRELATED_OR_PORTFOLIO_RISK_CAP
REJECTED,EURUSD,SELL,2015-04-09 14:00:00+00:00,,SYMBOL_ALREADY_HAS_OPEN_POSITION
REJECTED,EURUSD,SELL,2015-04-09 15:00:00+00:00,,SYMBOL_ALREADY_HAS_OPEN_POSITION
REJECTED,GBPUSD,SELL,2015-04-09 15:00:00+00:00,,CORRELATED_OR_PORTFOLIO_RISK_CAP
REJECTED,EURUSD,SELL,2015-04-09 16:00:00+00:00,,SYMBOL_ALREADY_HAS_OPEN_POSITION
REJECTED,EURUSD,SELL,2015-04-09 18:00:00+00:00,,SYMBOL_ALREADY_HAS_OPEN_POSITION
REJECTED,GBPUSD,SELL,2015-04-09 18:00:00+00:00,,CORRELATED_OR_PORTFOLIO_RISK_CAP
REJECTED,EURUSD,SELL,2015-04-09 19:00:00+00:00,,SYMBOL_ALREADY_HAS_OPEN_POSITION
REJECTED,GBPUSD,SELL,2015-04-09 19:00:00+00:00,,CORRELATED_OR_PORTFOLIO_RISK_CAP
REJECTED,EURUSD,SELL,2015-04-10 08:00:00+00:00,,SYMBOL_ALREADY_HAS_OPEN_POSITION
REJECTED,GBPUSD,SELL,2015-04-10 08:00:00+00:00,,CORRELATED_OR_PORTFOLIO_RISK_CAP
REJECTED,GBPUSD,SELL,2015-04-10 09:00:00+00:00,,CORRELATED_OR_PORTFOLIO_RISK_CAP
REJECTED,EURUSD,SELL,2015-04-10 11:00:00+00:00,,SYMBOL_ALREADY_HAS_OPEN_POSITION
REJECTED,GBPUSD,SELL,2015-04-10 12:00:00+00:00,,CORRELATED_OR_PORTFOLIO_RISK_CAP
REJECTED,GBPUSD,SELL,2015-04-13 06:00:00+00:00,,CORRELATED_OR_PORTFOLIO_RISK_CAP
REJECTED,EURUSD,SELL,2015-04-13 08:00:00+00:00,,SYMBOL_ALREADY_HAS_OPEN_POSITION
REJECTED,EURUSD,SELL,2015-04-13 09:00:00+00:00,,SYMBOL_ALREADY_HAS_OPEN_POSITION
REJECTED,EURUSD,SELL,2015-04-13 10:00:00+00:00,,SYMBOL_ALREADY_HAS_OPEN_POSITION
REJECTED,EURUSD,SELL,2015-04-13 11:00:00+00:00,,SYMBOL_ALREADY_HAS_OPEN_POSITION
REJECTED,GBPUSD,BUY,2015-04-13 14:00:00+00:00,,CORRELATED_OR_PORTFOLIO_RISK_CAP
REJECTED,GBPUSD,BUY,2015-04-14 01:00:00+00:00,,CORRELATED_OR_PORTFOLIO_RISK_CAP
REJECTED,EURUSD,BUY,2015-04-14 14:00:00+00:00,,SYMBOL_ALREADY_HAS_OPEN_POSITION
REJECTED,GBPUSD,BUY,2015-04-14 14:00:00+00:00,,SYMBOL_ALREADY_HAS_OPEN_POSITION
REJECTED,EURUSD,BUY,2015-04-14 15:00:00+00:00,,SYMBOL_ALREADY_HAS_OPEN_POSITION
REJECTED,GBPUSD,BUY,2015-04-14 15:00:00+00:00,,SYMBOL_ALREADY_HAS_OPEN_POSITION
REJECTED,GBPUSD,BUY,2015-04-15 20:00:00+00:00,,SYMBOL_ALREADY_HAS_OPEN_POSITION
REJECTED,EURUSD,BUY,2015-04-16 01:00:00+00:00,,CORRELATED_OR_PORTFOLIO_RISK_CAP
REJECTED,GBPUSD,BUY,2015-04-16 01:00:00+00:00,,SYMBOL_ALREADY_HAS_OPEN_POSITION
REJECTED,GBPUSD,BUY,2015-04-16 11:00:00+00:00,,SYMBOL_ALREADY_HAS_OPEN_POSITION
REJECTED,EURUSD,BUY,2015-04-16 18:00:00+00:00,,CORRELATED_OR_PORTFOLIO_RISK_CAP
REJECTED,GBPUSD,BUY,2015-04-16 18:00:00+00:00,,SYMBOL_ALREADY_HAS_OPEN_POSITION
REJECTED,EURUSD,BUY,2015-04-16 19:00:00+00:00,,CORRELATED_OR_PORTFOLIO_RISK_CAP
REJECTED,GBPUSD,BUY,2015-04-16 19:00:00+00:00,,SYMBOL_ALREADY_HAS_OPEN_POSITION
REJECTED,EURUSD,BUY,2015-04-17 09:00:00+00:00,,CORRELATED_OR_PORTFOLIO_RISK_CAP
REJECTED,GBPUSD,BUY,2015-04-17 09:00:00+00:00,,SYMBOL_ALREADY_HAS_OPEN_POSITION
REJECTED,GBPUSD,BUY,2015-04-17 10:00:00+00:00,,SYMBOL_ALREADY_HAS_OPEN_POSITION
REJECTED,EURUSD,SELL,2015-04-21 07:00:00+00:00,,SYMBOL_ALREADY_HAS_OPEN_POSITION
REJECTED,GBPUSD,SELL,2015-04-21 07:00:00+00:00,,SYMBOL_ALREADY_HAS_OPEN_POSITION
REJECTED,EURUSD,SELL,2015-04-21 08:00:00+00:00,,SYMBOL_ALREADY_HAS_OPEN_POSITION
REJECTED,EURUSD,BUY,2015-04-21 16:00:00+00:00,,CORRELATED_OR_PORTFOLIO_RISK_CAP
REJECTED,GBPUSD,BUY,2015-04-21 16:00:00+00:00,,SYMBOL_ALREADY_HAS_OPEN_POSITION
REJECTED,GBPUSD,BUY,2015-04-21 17:00:00+00:00,,SYMBOL_ALREADY_HAS_OPEN_POSITION
REJECTED,GBPUSD,BUY,2015-04-22 09:00:00+00:00,,SYMBOL_ALREADY_HAS_OPEN_POSITION
REJECTED,GBPUSD,BUY,2015-04-22 10:00:00+00:00,,SYMBOL_ALREADY_HAS_OPEN_POSITION
REJECTED,GBPUSD,BUY,2015-04-22 12:00:00+00:00,,SYMBOL_ALREADY_HAS_OPEN_POSITION
REJECTED,EURUSD,SELL,2015-04-23 02:00:00+00:00,,SYMBOL_ALREADY_HAS_OPEN_POSITION
REJECTED,EURUSD,SELL,2015-04-23 07:00:00+00:00,,SYMBOL_ALREADY_HAS_OPEN_POSITION
REJECTED,GBPUSD,SELL,2015-04-23 07:00:00+00:00,,CORRELATED_OR_PORTFOLIO_RISK_CAP
REJECTED,GBPUSD,SELL,2015-04-23 08:00:00+00:00,,CORRELATED_OR_PORTFOLIO_RISK_CAP
REJECTED,EURUSD,BUY,2015-04-23 12:00:00+00:00,,SYMBOL_ALREADY_HAS_OPEN_POSITION
REJECTED,EURUSD,BUY,2015-04-23 15:00:00+00:00,,SYMBOL_ALREADY_HAS_OPEN_POSITION
REJECTED,GBPUSD,BUY,2015-04-23 15:00:00+00:00,,CORRELATED_OR_PORTFOLIO_RISK_CAP
REJECTED,EURUSD,BUY,2015-04-23 17:00:00+00:00,,SYMBOL_ALREADY_HAS_OPEN_POSITION
REJECTED,GBPUSD,BUY,2015-04-24 08:00:00+00:00,,SYMBOL_ALREADY_HAS_OPEN_POSITION
REJECTED,GBPUSD,BUY,2015-04-24 09:00:00+00:00,,SYMBOL_ALREADY_HAS_OPEN_POSITION
REJECTED,GBPUSD,BUY,2015-04-24 13:00:00+00:00,,SYMBOL_ALREADY_HAS_OPEN_POSITION
REJECTED,GBPUSD,BUY,2015-04-24 16:00:00+00:00,,SYMBOL_ALREADY_HAS_OPEN_POSITION
REJECTED,EURUSD,BUY,2015-04-27 16:00:00+00:00,,CORRELATED_OR_PORTFOLIO_RISK_CAP
REJECTED,GBPUSD,BUY,2015-04-27 16:00:00+00:00,,SYMBOL_ALREADY_HAS_OPEN_POSITION
REJECTED,GBPUSD,BUY,2015-04-27 17:00:00+00:00,,SYMBOL_ALREADY_HAS_OPEN_POSITION
REJECTED,EURUSD,BUY,2015-04-28 12:00:00+00:00,,SYMBOL_ALREADY_HAS_OPEN_POSITION
REJECTED,EURUSD,BUY,2015-04-28 15:00:00+00:00,,SYMBOL_ALREADY_HAS_OPEN_POSITION
REJECTED,GBPUSD,BUY,2015-04-28 15:00:00+00:00,,SYMBOL_ALREADY_HAS_OPEN_POSITION
REJECTED,GBPUSD,BUY,2015-04-29 01:00:00+00:00,,SYMBOL_ALREADY_HAS_OPEN_POSITION
REJECTED,GBPUSD,BUY,2015-04-29 07:00:00+00:00,,SYMBOL_ALREADY_HAS_OPEN_POSITION
REJECTED,EURUSD,BUY,2015-04-29 08:00:00+00:00,,CORRELATED_OR_PORTFOLIO_RISK_CAP
REJECTED,GBPUSD,BUY,2015-04-29 08:00:00+00:00,,SYMBOL_ALREADY_HAS_OPEN_POSITION
REJECTED,EURUSD,BUY,2015-04-29 09:00:00+00:00,,CORRELATED_OR_PORTFOLIO_RISK_CAP
REJECTED,EURUSD,BUY,2015-04-29 13:00:00+00:00,,CORRELATED_OR_PORTFOLIO_RISK_CAP
REJECTED,EURUSD,BUY,2015-04-29 14:00:00+00:00,,CORRELATED_OR_PORTFOLIO_RISK_CAP
REJECTED,GBPUSD,BUY,2015-04-29 14:00:00+00:00,,SYMBOL_ALREADY_HAS_OPEN_POSITION
REJECTED,EURUSD,BUY,2015-04-29 15:00:00+00:00,,CORRELATED_OR_PORTFOLIO_RISK_CAP
REJECTED,GBPUSD,BUY,2015-04-29 15:00:00+00:00,,SYMBOL_ALREADY_HAS_OPEN_POSITION
REJECTED,EURUSD,BUY,2015-04-29 16:00:00+00:00,,CORRELATED_OR_PORTFOLIO_RISK_CAP
REJECTED,GBPUSD,BUY,2015-04-29 16:00:00+00:00,,SYMBOL_ALREADY_HAS_OPEN_POSITION
REJECTED,GBPUSD,SELL,2015-04-30 16:00:00+00:00,,SYMBOL_ALREADY_HAS_OPEN_POSITION
REJECTED,GBPUSD,SELL,2015-05-01 10:00:00+00:00,,SYMBOL_ALREADY_HAS_OPEN_POSITION
REJECTED,GBPUSD,SELL,2015-05-01 11:00:00+00:00,,SYMBOL_ALREADY_HAS_OPEN_POSITION
REJECTED,GBPUSD,SELL,2015-05-01 13:00:00+00:00,,SYMBOL_ALREADY_HAS_OPEN_POSITION
REJECTED,GBPUSD,SELL,2015-05-01 14:00:00+00:00,,SYMBOL_ALREADY_HAS_OPEN_POSITION
REJECTED,GBPUSD,SELL,2015-05-01 15:00:00+00:00,,SYMBOL_ALREADY_HAS_OPEN_POSITION
REJECTED,EURUSD,SELL,2015-05-01 16:00:00+00:00,,CORRELATED_OR_PORTFOLIO_RISK_CAP
REJECTED,GBPUSD,SELL,2015-05-01 16:00:00+00:00,,SYMBOL_ALREADY_HAS_OPEN_POSITION
REJECTED,EURUSD,SELL,2015-05-01 17:00:00+00:00,,CORRELATED_OR_PORTFOLIO_RISK_CAP
REJECTED,GBPUSD,SELL,2015-05-01 17:00:00+00:00,,SYMBOL_ALREADY_HAS_OPEN_POSITION
REJECTED,EURUSD,SELL,2015-05-04 08:00:00+00:00,,CORRELATED_OR_PORTFOLIO_RISK_CAP
REJECTED,EURUSD,SELL,2015-05-04 09:00:00+00:00,,CORRELATED_OR_PORTFOLIO_RISK_CAP
REJECTED,EURUSD,SELL,2015-05-04 10:00:00+00:00,,CORRELATED_OR_PORTFOLIO_RISK_CAP
REJECTED,GBPUSD,SELL,2015-05-04 11:00:00+00:00,,SYMBOL_ALREADY_HAS_OPEN_POSITION
REJECTED,GBPUSD,SELL,2015-05-04 12:00:00+00:00,,SYMBOL_ALREADY_HAS_OPEN_POSITION
REJECTED,EURUSD,SELL,2015-05-05 07:00:00+00:00,,CORRELATED_OR_PORTFOLIO_RISK_CAP
REJECTED,EURUSD,SELL,2015-05-05 08:00:00+00:00,,CORRELATED_OR_PORTFOLIO_RISK_CAP
REJECTED,GBPUSD,BUY,2015-05-05 14:00:00+00:00,,SYMBOL_ALREADY_HAS_OPEN_POSITION
REJECTED,EURUSD,BUY,2015-05-05 15:00:00+00:00,,CORRELATED_OR_PORTFOLIO_RISK_CAP
REJECTED,GBPUSD,BUY,2015-05-05 15:00:00+00:00,,SYMBOL_ALREADY_HAS_OPEN_POSITION
REJECTED,EURUSD,BUY,2015-05-06 04:00:00+00:00,,CORRELATED_OR_PORTFOLIO_RISK_CAP
REJECTED,EURUSD,BUY,2015-05-06 07:00:00+00:00,,CORRELATED_OR_PORTFOLIO_RISK_CAP
REJECTED,GBPUSD,BUY,2015-05-06 07:00:00+00:00,,SYMBOL_ALREADY_HAS_OPEN_POSITION
REJECTED,EURUSD,BUY,2015-05-06 13:00:00+00:00,,CORRELATED_OR_PORTFOLIO_RISK_CAP
REJECTED,EURUSD,BUY,2015-05-06 14:00:00+00:00,,CORRELATED_OR_PORTFOLIO_RISK_CAP
REJECTED,EURUSD,BUY,2015-05-06 15:00:00+00:00,,CORRELATED_OR_PORTFOLIO_RISK_CAP
REJECTED,EURUSD,SELL,2015-05-07 15:00:00+00:00,,SYMBOL_ALREADY_HAS_OPEN_POSITION
REJECTED,GBPUSD,BUY,2015-05-07 22:00:00+00:00,,SYMBOL_ALREADY_HAS_OPEN_POSITION
REJECTED,EURUSD,SELL,2015-05-08 03:00:00+00:00,,SYMBOL_ALREADY_HAS_OPEN_POSITION
REJECTED,GBPUSD,BUY,2015-05-08 03:00:00+00:00,,SYMBOL_ALREADY_HAS_OPEN_POSITION
REJECTED,EURUSD,SELL,2015-05-08 04:00:00+00:00,,SYMBOL_ALREADY_HAS_OPEN_POSITION
REJECTED,GBPUSD,BUY,2015-05-08 05:00:00+00:00,,SYMBOL_ALREADY_HAS_OPEN_POSITION
REJECTED,EURUSD,SELL,2015-05-08 07:00:00+00:00,,SYMBOL_ALREADY_HAS_OPEN_POSITION
REJECTED,EURUSD,SELL,2015-05-11 02:00:00+00:00,,SYMBOL_ALREADY_HAS_OPEN_POSITION
REJECTED,EURUSD,SELL,2015-05-11 04:00:00+00:00,,SYMBOL_ALREADY_HAS_OPEN_POSITION
REJECTED,GBPUSD,BUY,2015-05-11 11:00:00+00:00,,SYMBOL_ALREADY_HAS_OPEN_POSITION
REJECTED,GBPUSD,BUY,2015-05-11 13:00:00+00:00,,SYMBOL_ALREADY_HAS_OPEN_POSITION
REJECTED,GBPUSD,BUY,2015-05-11 14:00:00+00:00,,SYMBOL_ALREADY_HAS_OPEN_POSITION
REJECTED,GBPUSD,BUY,2015-05-11 16:00:00+00:00,,SYMBOL_ALREADY_HAS_OPEN_POSITION
REJECTED,EURUSD,BUY,2015-05-12 06:00:00+00:00,,CORRELATED_OR_PORTFOLIO_RISK_CAP
REJECTED,EURUSD,BUY,2015-05-12 09:00:00+00:00,,SYMBOL_ALREADY_HAS_OPEN_POSITION
REJECTED,GBPUSD,BUY,2015-05-12 09:00:00+00:00,,CORRELATED_OR_PORTFOLIO_RISK_CAP
REJECTED,GBPUSD,BUY,2015-05-12 10:00:00+00:00,,CORRELATED_OR_PORTFOLIO_RISK_CAP
REJECTED,EURUSD,BUY,2015-05-13 13:00:00+00:00,,SYMBOL_ALREADY_HAS_OPEN_POSITION
REJECTED,EURUSD,BUY,2015-05-13 14:00:00+00:00,,SYMBOL_ALREADY_HAS_OPEN_POSITION
REJECTED,EURUSD,BUY,2015-05-13 15:00:00+00:00,,SYMBOL_ALREADY_HAS_OPEN_POSITION
REJECTED,EURUSD,BUY,2015-05-13 16:00:00+00:00,,SYMBOL_ALREADY_HAS_OPEN_POSITION
REJECTED,EURUSD,BUY,2015-05-14 07:00:00+00:00,,SYMBOL_ALREADY_HAS_OPEN_POSITION
REJECTED,GBPUSD,BUY,2015-05-14 10:00:00+00:00,,CORRELATED_OR_PORTFOLIO_RISK_CAP
REJECTED,EURUSD,SELL,2015-05-15 12:00:00+00:00,,CORRELATED_OR_PORTFOLIO_RISK_CAP
REJECTED,GBPUSD,SELL,2015-05-15 12:00:00+00:00,,SYMBOL_ALREADY_HAS_OPEN_POSITION
REJECTED,EURUSD,BUY,2015-05-15 19:00:00+00:00,,SYMBOL_ALREADY_HAS_OPEN_POSITION
REJECTED,EURUSD,SELL,2015-05-18 14:00:00+00:00,,CORRELATED_OR_PORTFOLIO_RISK_CAP
REJECTED,EURUSD,SELL,2015-05-18 18:00:00+00:00,,CORRELATED_OR_PORTFOLIO_RISK_CAP
REJECTED,EURUSD,SELL,2015-05-18 19:00:00+00:00,,CORRELATED_OR_PORTFOLIO_RISK_CAP
REJECTED,EURUSD,SELL,2015-05-19 02:00:00+00:00,,CORRELATED_OR_PORTFOLIO_RISK_CAP
REJECTED,GBPUSD,SELL,2015-05-19 02:00:00+00:00,,SYMBOL_ALREADY_HAS_OPEN_POSITION
REJECTED,GBPUSD,SELL,2015-05-19 09:00:00+00:00,,SYMBOL_ALREADY_HAS_OPEN_POSITION
REJECTED,GBPUSD,SELL,2015-05-19 11:00:00+00:00,,SYMBOL_ALREADY_HAS_OPEN_POSITION
REJECTED,GBPUSD,SELL,2015-05-19 12:00:00+00:00,,SYMBOL_ALREADY_HAS_OPEN_POSITION
REJECTED,EURUSD,SELL,2015-05-19 13:00:00+00:00,,SYMBOL_ALREADY_HAS_OPEN_POSITION
REJECTED,GBPUSD,SELL,2015-05-19 13:00:00+00:00,,SYMBOL_ALREADY_HAS_OPEN_POSITION
REJECTED,EURUSD,SELL,2015-05-20 06:00:00+00:00,,SYMBOL_ALREADY_HAS_OPEN_POSITION
REJECTED,EURUSD,SELL,2015-05-20 07:00:00+00:00,,SYMBOL_ALREADY_HAS_OPEN_POSITION
REJECTED,GBPUSD,BUY,2015-05-21 11:00:00+00:00,,SYMBOL_ALREADY_HAS_OPEN_POSITION
REJECTED,EURUSD,SELL,2015-05-22 13:00:00+00:00,,CORRELATED_OR_PORTFOLIO_RISK_CAP
REJECTED,GBPUSD,SELL,2015-05-22 13:00:00+00:00,,SYMBOL_ALREADY_HAS_OPEN_POSITION
REJECTED,EURUSD,SELL,2015-05-22 14:00:00+00:00,,CORRELATED_OR_PORTFOLIO_RISK_CAP
REJECTED,GBPUSD,SELL,2015-05-22 14:00:00+00:00,,SYMBOL_ALREADY_HAS_OPEN_POSITION
REJECTED,GBPUSD,SELL,2015-05-22 16:00:00+00:00,,SYMBOL_ALREADY_HAS_OPEN_POSITION
REJECTED,GBPUSD,SELL,2015-05-22 18:00:00+00:00,,SYMBOL_ALREADY_HAS_OPEN_POSITION
REJECTED,EURUSD,SELL,2015-05-24 22:00:00+00:00,,CORRELATED_OR_PORTFOLIO_RISK_CAP
REJECTED,GBPUSD,SELL,2015-05-26 02:00:00+00:00,,SYMBOL_ALREADY_HAS_OPEN_POSITION
REJECTED,EURUSD,SELL,2015-05-26 07:00:00+00:00,,SYMBOL_ALREADY_HAS_OPEN_POSITION
REJECTED,GBPUSD,SELL,2015-05-26 07:00:00+00:00,,SYMBOL_ALREADY_HAS_OPEN_POSITION
REJECTED,GBPUSD,SELL,2015-05-26 13:00:00+00:00,,SYMBOL_ALREADY_HAS_OPEN_POSITION
REJECTED,EURUSD,SELL,2015-05-27 13:00:00+00:00,,SYMBOL_ALREADY_HAS_OPEN_POSITION
REJECTED,GBPUSD,SELL,2015-05-27 13:00:00+00:00,,SYMBOL_ALREADY_HAS_OPEN_POSITION
REJECTED,GBPUSD,SELL,2015-05-27 14:00:00+00:00,,SYMBOL_ALREADY_HAS_OPEN_POSITION
REJECTED,GBPUSD,SELL,2015-05-28 12:00:00+00:00,,SYMBOL_ALREADY_HAS_OPEN_POSITION
REJECTED,EURUSD,SELL,2015-06-01 09:00:00+00:00,,SYMBOL_ALREADY_HAS_OPEN_POSITION
REJECTED,GBPUSD,SELL,2015-06-01 10:00:00+00:00,,SYMBOL_ALREADY_HAS_OPEN_POSITION
REJECTED,GBPUSD,SELL,2015-06-01 16:00:00+00:00,,SYMBOL_ALREADY_HAS_OPEN_POSITION
REJECTED,EURUSD,BUY,2015-06-02 13:00:00+00:00,,SYMBOL_ALREADY_HAS_OPEN_POSITION
REJECTED,EURUSD,BUY,2015-06-02 14:00:00+00:00,,SYMBOL_ALREADY_HAS_OPEN_POSITION
REJECTED,GBPUSD,BUY,2015-06-02 14:00:00+00:00,,CORRELATED_OR_PORTFOLIO_RISK_CAP
REJECTED,GBPUSD,BUY,2015-06-02 15:00:00+00:00,,CORRELATED_OR_PORTFOLIO_RISK_CAP
REJECTED,GBPUSD,BUY,2015-06-02 17:00:00+00:00,,CORRELATED_OR_PORTFOLIO_RISK_CAP
REJECTED,GBPUSD,BUY,2015-06-02 18:00:00+00:00,,CORRELATED_OR_PORTFOLIO_RISK_CAP
REJECTED,GBPUSD,BUY,2015-06-03 06:00:00+00:00,,CORRELATED_OR_PORTFOLIO_RISK_CAP
REJECTED,EURUSD,BUY,2015-06-03 15:00:00+00:00,,SYMBOL_ALREADY_HAS_OPEN_POSITION
REJECTED,EURUSD,BUY,2015-06-03 16:00:00+00:00,,SYMBOL_ALREADY_HAS_OPEN_POSITION
REJECTED,GBPUSD,BUY,2015-06-04 10:00:00+00:00,,SYMBOL_ALREADY_HAS_OPEN_POSITION
REJECTED,GBPUSD,SELL,2015-06-05 08:00:00+00:00,,SYMBOL_ALREADY_HAS_OPEN_POSITION
REJECTED,GBPUSD,SELL,2015-06-05 09:00:00+00:00,,SYMBOL_ALREADY_HAS_OPEN_POSITION
REJECTED,GBPUSD,SELL,2015-06-05 11:00:00+00:00,,SYMBOL_ALREADY_HAS_OPEN_POSITION
REJECTED,EURUSD,SELL,2015-06-05 13:00:00+00:00,,CORRELATED_OR_PORTFOLIO_RISK_CAP
REJECTED,GBPUSD,SELL,2015-06-05 13:00:00+00:00,,SYMBOL_ALREADY_HAS_OPEN_POSITION
REJECTED,EURUSD,SELL,2015-06-05 14:00:00+00:00,,CORRELATED_OR_PORTFOLIO_RISK_CAP
REJECTED,GBPUSD,SELL,2015-06-05 14:00:00+00:00,,SYMBOL_ALREADY_HAS_OPEN_POSITION
REJECTED,EURUSD,BUY,2015-06-08 16:00:00+00:00,,SYMBOL_ALREADY_HAS_OPEN_POSITION
REJECTED,GBPUSD,BUY,2015-06-08 17:00:00+00:00,,CORRELATED_OR_PORTFOLIO_RISK_CAP
REJECTED,EURUSD,BUY,2015-06-08 18:00:00+00:00,,SYMBOL_ALREADY_HAS_OPEN_POSITION
REJECTED,GBPUSD,BUY,2015-06-08 18:00:00+00:00,,CORRELATED_OR_PORTFOLIO_RISK_CAP
REJECTED,EURUSD,BUY,2015-06-08 19:00:00+00:00,,SYMBOL_ALREADY_HAS_OPEN_POSITION
REJECTED,EURUSD,BUY,2015-06-09 02:00:00+00:00,,SYMBOL_ALREADY_HAS_OPEN_POSITION
REJECTED,EURUSD,BUY,2015-06-09 06:00:00+00:00,,SYMBOL_ALREADY_HAS_OPEN_POSITION
REJECTED,GBPUSD,BUY,2015-06-09 06:00:00+00:00,,CORRELATED_OR_PORTFOLIO_RISK_CAP
REJECTED,GBPUSD,BUY,2015-06-10 05:00:00+00:00,,SYMBOL_ALREADY_HAS_OPEN_POSITION
REJECTED,EURUSD,BUY,2015-06-10 06:00:00+00:00,,CORRELATED_OR_PORTFOLIO_RISK_CAP
REJECTED,GBPUSD,BUY,2015-06-10 06:00:00+00:00,,SYMBOL_ALREADY_HAS_OPEN_POSITION
REJECTED,EURUSD,BUY,2015-06-10 08:00:00+00:00,,CORRELATED_OR_PORTFOLIO_RISK_CAP
REJECTED,GBPUSD,BUY,2015-06-10 08:00:00+00:00,,SYMBOL_ALREADY_HAS_OPEN_POSITION
REJECTED,GBPUSD,BUY,2015-06-10 13:00:00+00:00,,SYMBOL_ALREADY_HAS_OPEN_POSITION
REJECTED,GBPUSD,BUY,2015-06-10 14:00:00+00:00,,SYMBOL_ALREADY_HAS_OPEN_POSITION
REJECTED,GBPUSD,BUY,2015-06-10 15:00:00+00:00,,SYMBOL_ALREADY_HAS_OPEN_POSITION
REJECTED,EURUSD,SELL,2015-06-12 09:00:00+00:00,,SYMBOL_ALREADY_HAS_OPEN_POSITION
REJECTED,GBPUSD,BUY,2015-06-12 16:00:00+00:00,,SYMBOL_ALREADY_HAS_OPEN_POSITION
REJECTED,EURUSD,BUY,2015-06-15 17:00:00+00:00,,CORRELATED_OR_PORTFOLIO_RISK_CAP
REJECTED,GBPUSD,BUY,2015-06-15 17:00:00+00:00,,SYMBOL_ALREADY_HAS_OPEN_POSITION
REJECTED,GBPUSD,BUY,2015-06-15 19:00:00+00:00,,SYMBOL_ALREADY_HAS_OPEN_POSITION
REJECTED,EURUSD,BUY,2015-06-16 07:00:00+00:00,,CORRELATED_OR_PORTFOLIO_RISK_CAP
REJECTED,GBPUSD,BUY,2015-06-16 07:00:00+00:00,,SYMBOL_ALREADY_HAS_OPEN_POSITION
REJECTED,GBPUSD,BUY,2015-06-17 09:00:00+00:00,,SYMBOL_ALREADY_HAS_OPEN_POSITION
REJECTED,GBPUSD,BUY,2015-06-17 10:00:00+00:00,,SYMBOL_ALREADY_HAS_OPEN_POSITION
REJECTED,EURUSD,BUY,2015-06-17 19:00:00+00:00,,CORRELATED_OR_PORTFOLIO_RISK_CAP
REJECTED,GBPUSD,BUY,2015-06-17 19:00:00+00:00,,SYMBOL_ALREADY_HAS_OPEN_POSITION
REJECTED,EURUSD,BUY,2015-06-17 20:00:00+00:00,,CORRELATED_OR_PORTFOLIO_RISK_CAP
REJECTED,GBPUSD,BUY,2015-06-17 20:00:00+00:00,,SYMBOL_ALREADY_HAS_OPEN_POSITION
REJECTED,EURUSD,BUY,2015-06-18 00:00:00+00:00,,CORRELATED_OR_PORTFOLIO_RISK_CAP
REJECTED,GBPUSD,BUY,2015-06-18 00:00:00+00:00,,SYMBOL_ALREADY_HAS_OPEN_POSITION
REJECTED,EURUSD,BUY,2015-06-18 08:00:00+00:00,,CORRELATED_OR_PORTFOLIO_RISK_CAP
REJECTED,GBPUSD,BUY,2015-06-18 08:00:00+00:00,,SYMBOL_ALREADY_HAS_OPEN_POSITION
REJECTED,EURUSD,BUY,2015-06-18 09:00:00+00:00,,CORRELATED_OR_PORTFOLIO_RISK_CAP
REJECTED,EURUSD,SELL,2015-06-19 11:00:00+00:00,,SYMBOL_ALREADY_HAS_OPEN_POSITION
REJECTED,GBPUSD,SELL,2015-06-19 11:00:00+00:00,,CORRELATED_OR_PORTFOLIO_RISK_CAP
REJECTED,EURUSD,BUY,2015-06-22 06:00:00+00:00,,SYMBOL_ALREADY_HAS_OPEN_POSITION
REJECTED,GBPUSD,SELL,2015-06-23 02:00:00+00:00,,SYMBOL_ALREADY_HAS_OPEN_POSITION
REJECTED,EURUSD,SELL,2015-06-23 03:00:00+00:00,,CORRELATED_OR_PORTFOLIO_RISK_CAP
REJECTED,EURUSD,SELL,2015-06-23 09:00:00+00:00,,CORRELATED_OR_PORTFOLIO_RISK_CAP
REJECTED,EURUSD,SELL,2015-06-23 11:00:00+00:00,,CORRELATED_OR_PORTFOLIO_RISK_CAP
REJECTED,EURUSD,SELL,2015-06-23 12:00:00+00:00,,CORRELATED_OR_PORTFOLIO_RISK_CAP
REJECTED,EURUSD,SELL,2015-06-23 13:00:00+00:00,,CORRELATED_OR_PORTFOLIO_RISK_CAP
REJECTED,GBPUSD,SELL,2015-06-23 13:00:00+00:00,,SYMBOL_ALREADY_HAS_OPEN_POSITION
REJECTED,GBPUSD,SELL,2015-06-23 17:00:00+00:00,,SYMBOL_ALREADY_HAS_OPEN_POSITION
REJECTED,GBPUSD,BUY,2015-06-25 13:00:00+00:00,,SYMBOL_ALREADY_HAS_OPEN_POSITION
REJECTED,EURUSD,SELL,2015-06-26 15:00:00+00:00,,SYMBOL_ALREADY_HAS_OPEN_POSITION
REJECTED,EURUSD,SELL,2015-06-28 22:00:00+00:00,,SYMBOL_ALREADY_HAS_OPEN_POSITION
REJECTED,GBPUSD,SELL,2015-06-28 22:00:00+00:00,,CORRELATED_OR_PORTFOLIO_RISK_CAP
REJECTED,EURUSD,BUY,2015-06-29 17:00:00+00:00,,SYMBOL_ALREADY_HAS_OPEN_POSITION
REJECTED,EURUSD,BUY,2015-06-29 18:00:00+00:00,,SYMBOL_ALREADY_HAS_OPEN_POSITION
REJECTED,GBPUSD,SELL,2015-07-01 09:00:00+00:00,,SYMBOL_ALREADY_HAS_OPEN_POSITION
REJECTED,EURUSD,SELL,2015-07-01 14:00:00+00:00,,CORRELATED_OR_PORTFOLIO_RISK_CAP
REJECTED,GBPUSD,SELL,2015-07-01 14:00:00+00:00,,SYMBOL_ALREADY_HAS_OPEN_POSITION
REJECTED,GBPUSD,SELL,2015-07-01 16:00:00+00:00,,SYMBOL_ALREADY_HAS_OPEN_POSITION
REJECTED,EURUSD,SELL,2015-07-01 18:00:00+00:00,,CORRELATED_OR_PORTFOLIO_RISK_CAP
REJECTED,GBPUSD,SELL,2015-07-01 18:00:00+00:00,,SYMBOL_ALREADY_HAS_OPEN_POSITION
REJECTED,EURUSD,SELL,2015-07-01 19:00:00+00:00,,CORRELATED_OR_PORTFOLIO_RISK_CAP
REJECTED,EURUSD,SELL,2015-07-02 00:00:00+00:00,,CORRELATED_OR_PORTFOLIO_RISK_CAP
REJECTED,GBPUSD,SELL,2015-07-07 10:00:00+00:00,,SYMBOL_ALREADY_HAS_OPEN_POSITION
REJECTED,GBPUSD,SELL,2015-07-07 11:00:00+00:00,,SYMBOL_ALREADY_HAS_OPEN_POSITION
REJECTED,EURUSD,SELL,2015-07-07 13:00:00+00:00,,SYMBOL_ALREADY_HAS_OPEN_POSITION
REJECTED,GBPUSD,SELL,2015-07-07 13:00:00+00:00,,SYMBOL_ALREADY_HAS_OPEN_POSITION
REJECTED,GBPUSD,SELL,2015-07-07 15:00:00+00:00,,SYMBOL_ALREADY_HAS_OPEN_POSITION
REJECTED,GBPUSD,SELL,2015-07-08 11:00:00+00:00,,SYMBOL_ALREADY_HAS_OPEN_POSITION
REJECTED,GBPUSD,SELL,2015-07-08 15:00:00+00:00,,SYMBOL_ALREADY_HAS_OPEN_POSITION
REJECTED,GBPUSD,SELL,2015-07-08 17:00:00+00:00,,SYMBOL_ALREADY_HAS_OPEN_POSITION
REJECTED,EURUSD,SELL,2015-07-09 18:00:00+00:00,,SYMBOL_ALREADY_HAS_OPEN_POSITION
REJECTED,GBPUSD,SELL,2015-07-09 18:00:00+00:00,,SYMBOL_ALREADY_HAS_OPEN_POSITION
REJECTED,EURUSD,BUY,2015-07-10 06:00:00+00:00,,SYMBOL_ALREADY_HAS_OPEN_POSITION
REJECTED,GBPUSD,BUY,2015-07-10 08:00:00+00:00,,CORRELATED_OR_PORTFOLIO_RISK_CAP
REJECTED,GBPUSD,BUY,2015-07-10 09:00:00+00:00,,CORRELATED_OR_PORTFOLIO_RISK_CAP
REJECTED,EURUSD,BUY,2015-07-10 10:00:00+00:00,,SYMBOL_ALREADY_HAS_OPEN_POSITION
REJECTED,GBPUSD,BUY,2015-07-10 10:00:00+00:00,,CORRELATED_OR_PORTFOLIO_RISK_CAP
REJECTED,EURUSD,BUY,2015-07-10 11:00:00+00:00,,SYMBOL_ALREADY_HAS_OPEN_POSITION
REJECTED,GBPUSD,BUY,2015-07-10 11:00:00+00:00,,CORRELATED_OR_PORTFOLIO_RISK_CAP
REJECTED,EURUSD,SELL,2015-07-13 15:00:00+00:00,,SYMBOL_ALREADY_HAS_OPEN_POSITION
REJECTED,EURUSD,SELL,2015-07-13 18:00:00+00:00,,SYMBOL_ALREADY_HAS_OPEN_POSITION
REJECTED,GBPUSD,SELL,2015-07-13 18:00:00+00:00,,CORRELATED_OR_PORTFOLIO_RISK_CAP
REJECTED,EURUSD,SELL,2015-07-13 19:00:00+00:00,,SYMBOL_ALREADY_HAS_OPEN_POSITION
REJECTED,EURUSD,SELL,2015-07-14 00:00:00+00:00,,SYMBOL_ALREADY_HAS_OPEN_POSITION
REJECTED,GBPUSD,SELL,2015-07-14 00:00:00+00:00,,CORRELATED_OR_PORTFOLIO_RISK_CAP
REJECTED,GBPUSD,SELL,2015-07-14 01:00:00+00:00,,CORRELATED_OR_PORTFOLIO_RISK_CAP
REJECTED,GBPUSD,SELL,2015-07-14 07:00:00+00:00,,CORRELATED_OR_PORTFOLIO_RISK_CAP
REJECTED,EURUSD,BUY,2015-07-14 13:00:00+00:00,,CORRELATED_OR_PORTFOLIO_RISK_CAP
REJECTED,GBPUSD,BUY,2015-07-14 13:00:00+00:00,,SYMBOL_ALREADY_HAS_OPEN_POSITION
REJECTED,GBPUSD,BUY,2015-07-15 01:00:00+00:00,,SYMBOL_ALREADY_HAS_OPEN_POSITION
REJECTED,GBPUSD,BUY,2015-07-15 07:00:00+00:00,,SYMBOL_ALREADY_HAS_OPEN_POSITION
REJECTED,EURUSD,SELL,2015-07-15 14:00:00+00:00,,SYMBOL_ALREADY_HAS_OPEN_POSITION
REJECTED,EURUSD,SELL,2015-07-16 02:00:00+00:00,,SYMBOL_ALREADY_HAS_OPEN_POSITION
REJECTED,EURUSD,SELL,2015-07-16 08:00:00+00:00,,SYMBOL_ALREADY_HAS_OPEN_POSITION
REJECTED,EURUSD,SELL,2015-07-16 11:00:00+00:00,,SYMBOL_ALREADY_HAS_OPEN_POSITION
REJECTED,EURUSD,SELL,2015-07-16 12:00:00+00:00,,SYMBOL_ALREADY_HAS_OPEN_POSITION
REJECTED,GBPUSD,SELL,2015-07-16 12:00:00+00:00,,CORRELATED_OR_PORTFOLIO_RISK_CAP
REJECTED,EURUSD,SELL,2015-07-16 13:00:00+00:00,,SYMBOL_ALREADY_HAS_OPEN_POSITION
REJECTED,EURUSD,SELL,2015-07-17 14:00:00+00:00,,SYMBOL_ALREADY_HAS_OPEN_POSITION
REJECTED,EURUSD,SELL,2015-07-17 21:00:00+00:00,,SYMBOL_ALREADY_HAS_OPEN_POSITION
REJECTED,EURUSD,SELL,2015-07-20 02:00:00+00:00,,SYMBOL_ALREADY_HAS_OPEN_POSITION
REJECTED,EURUSD,BUY,2015-07-21 14:00:00+00:00,,SYMBOL_ALREADY_HAS_OPEN_POSITION
REJECTED,EURUSD,BUY,2015-07-21 15:00:00+00:00,,SYMBOL_ALREADY_HAS_OPEN_POSITION
REJECTED,EURUSD,BUY,2015-07-21 17:00:00+00:00,,SYMBOL_ALREADY_HAS_OPEN_POSITION
REJECTED,GBPUSD,BUY,2015-07-22 09:00:00+00:00,,SYMBOL_ALREADY_HAS_OPEN_POSITION
REJECTED,EURUSD,BUY,2015-07-23 08:00:00+00:00,,CORRELATED_OR_PORTFOLIO_RISK_CAP
REJECTED,GBPUSD,BUY,2015-07-23 08:00:00+00:00,,SYMBOL_ALREADY_HAS_OPEN_POSITION
REJECTED,GBPUSD,SELL,2015-07-23 15:00:00+00:00,,SYMBOL_ALREADY_HAS_OPEN_POSITION
REJECTED,GBPUSD,SELL,2015-07-23 17:00:00+00:00,,SYMBOL_ALREADY_HAS_OPEN_POSITION
REJECTED,EURUSD,SELL,2015-07-24 08:00:00+00:00,,CORRELATED_OR_PORTFOLIO_RISK_CAP
REJECTED,GBPUSD,SELL,2015-07-24 08:00:00+00:00,,SYMBOL_ALREADY_HAS_OPEN_POSITION
REJECTED,EURUSD,BUY,2015-07-27 07:00:00+00:00,,SYMBOL_ALREADY_HAS_OPEN_POSITION
REJECTED,EURUSD,BUY,2015-07-27 08:00:00+00:00,,SYMBOL_ALREADY_HAS_OPEN_POSITION
REJECTED,GBPUSD,BUY,2015-07-27 14:00:00+00:00,,CORRELATED_OR_PORTFOLIO_RISK_CAP
REJECTED,GBPUSD,BUY,2015-07-27 15:00:00+00:00,,CORRELATED_OR_PORTFOLIO_RISK_CAP
REJECTED,GBPUSD,BUY,2015-07-27 16:00:00+00:00,,CORRELATED_OR_PORTFOLIO_RISK_CAP
REJECTED,GBPUSD,BUY,2015-07-29 10:00:00+00:00,,SYMBOL_ALREADY_HAS_OPEN_POSITION
REJECTED,GBPUSD,BUY,2015-07-29 13:00:00+00:00,,SYMBOL_ALREADY_HAS_OPEN_POSITION
REJECTED,GBPUSD,BUY,2015-07-29 14:00:00+00:00,,SYMBOL_ALREADY_HAS_OPEN_POSITION
REJECTED,EURUSD,SELL,2015-07-29 20:00:00+00:00,,SYMBOL_ALREADY_HAS_OPEN_POSITION
REJECTED,GBPUSD,SELL,2015-07-30 16:00:00+00:00,,CORRELATED_OR_PORTFOLIO_RISK_CAP
REJECTED,EURUSD,BUY,2015-07-31 13:00:00+00:00,,SYMBOL_ALREADY_HAS_OPEN_POSITION
REJECTED,GBPUSD,BUY,2015-07-31 13:00:00+00:00,,CORRELATED_OR_PORTFOLIO_RISK_CAP
REJECTED,EURUSD,BUY,2015-07-31 14:00:00+00:00,,SYMBOL_ALREADY_HAS_OPEN_POSITION
REJECTED,EURUSD,SELL,2015-08-03 12:00:00+00:00,,CORRELATED_OR_PORTFOLIO_RISK_CAP
REJECTED,GBPUSD,SELL,2015-08-03 12:00:00+00:00,,SYMBOL_ALREADY_HAS_OPEN_POSITION
REJECTED,EURUSD,SELL,2015-08-04 01:00:00+00:00,,CORRELATED_OR_PORTFOLIO_RISK_CAP
REJECTED,EURUSD,SELL,2015-08-04 19:00:00+00:00,,SYMBOL_ALREADY_HAS_OPEN_POSITION
REJECTED,EURUSD,SELL,2015-08-04 21:00:00+00:00,,SYMBOL_ALREADY_HAS_OPEN_POSITION
REJECTED,EURUSD,SELL,2015-08-05 01:00:00+00:00,,SYMBOL_ALREADY_HAS_OPEN_POSITION
REJECTED,EURUSD,SELL,2015-08-05 02:00:00+00:00,,SYMBOL_ALREADY_HAS_OPEN_POSITION
REJECTED,GBPUSD,SELL,2015-08-05 02:00:00+00:00,,CORRELATED_OR_PORTFOLIO_RISK_CAP
REJECTED,GBPUSD,SELL,2015-08-06 12:00:00+00:00,,SYMBOL_ALREADY_HAS_OPEN_POSITION
REJECTED,EURUSD,SELL,2015-08-07 13:00:00+00:00,,CORRELATED_OR_PORTFOLIO_RISK_CAP
REJECTED,GBPUSD,SELL,2015-08-07 13:00:00+00:00,,SYMBOL_ALREADY_HAS_OPEN_POSITION
REJECTED,GBPUSD,SELL,2015-08-07 14:00:00+00:00,,SYMBOL_ALREADY_HAS_OPEN_POSITION
REJECTED,GBPUSD,BUY,2015-08-10 14:00:00+00:00,,SYMBOL_ALREADY_HAS_OPEN_POSITION
REJECTED,GBPUSD,BUY,2015-08-10 15:00:00+00:00,,SYMBOL_ALREADY_HAS_OPEN_POSITION
REJECTED,EURUSD,BUY,2015-08-10 16:00:00+00:00,,CORRELATED_OR_PORTFOLIO_RISK_CAP
REJECTED,EURUSD,BUY,2015-08-10 17:00:00+00:00,,CORRELATED_OR_PORTFOLIO_RISK_CAP
REJECTED,GBPUSD,BUY,2015-08-10 17:00:00+00:00,,SYMBOL_ALREADY_HAS_OPEN_POSITION
REJECTED,EURUSD,BUY,2015-08-12 09:00:00+00:00,,SYMBOL_ALREADY_HAS_OPEN_POSITION
REJECTED,GBPUSD,BUY,2015-08-12 13:00:00+00:00,,CORRELATED_OR_PORTFOLIO_RISK_CAP
REJECTED,EURUSD,BUY,2015-08-12 15:00:00+00:00,,SYMBOL_ALREADY_HAS_OPEN_POSITION
REJECTED,GBPUSD,BUY,2015-08-12 15:00:00+00:00,,CORRELATED_OR_PORTFOLIO_RISK_CAP
REJECTED,EURUSD,BUY,2015-08-12 16:00:00+00:00,,SYMBOL_ALREADY_HAS_OPEN_POSITION
REJECTED,EURUSD,SELL,2015-08-13 13:00:00+00:00,,SYMBOL_ALREADY_HAS_OPEN_POSITION
REJECTED,EURUSD,SELL,2015-08-17 00:00:00+00:00,,SYMBOL_ALREADY_HAS_OPEN_POSITION
REJECTED,EURUSD,SELL,2015-08-17 04:00:00+00:00,,SYMBOL_ALREADY_HAS_OPEN_POSITION
REJECTED,GBPUSD,BUY,2015-08-17 07:00:00+00:00,,SYMBOL_ALREADY_HAS_OPEN_POSITION
REJECTED,EURUSD,SELL,2015-08-17 08:00:00+00:00,,SYMBOL_ALREADY_HAS_OPEN_POSITION
REJECTED,GBPUSD,SELL,2015-08-17 15:00:00+00:00,,CORRELATED_OR_PORTFOLIO_RISK_CAP
REJECTED,GBPUSD,SELL,2015-08-17 16:00:00+00:00,,CORRELATED_OR_PORTFOLIO_RISK_CAP
REJECTED,EURUSD,SELL,2015-08-18 05:00:00+00:00,,SYMBOL_ALREADY_HAS_OPEN_POSITION
REJECTED,GBPUSD,SELL,2015-08-18 07:00:00+00:00,,CORRELATED_OR_PORTFOLIO_RISK_CAP
REJECTED,GBPUSD,BUY,2015-08-18 10:00:00+00:00,,SYMBOL_ALREADY_HAS_OPEN_POSITION
REJECTED,GBPUSD,BUY,2015-08-18 11:00:00+00:00,,SYMBOL_ALREADY_HAS_OPEN_POSITION
REJECTED,EURUSD,BUY,2015-08-19 19:00:00+00:00,,SYMBOL_ALREADY_HAS_OPEN_POSITION
REJECTED,EURUSD,BUY,2015-08-20 01:00:00+00:00,,SYMBOL_ALREADY_HAS_OPEN_POSITION
REJECTED,EURUSD,BUY,2015-08-20 10:00:00+00:00,,SYMBOL_ALREADY_HAS_OPEN_POSITION
REJECTED,EURUSD,BUY,2015-08-20 11:00:00+00:00,,SYMBOL_ALREADY_HAS_OPEN_POSITION
REJECTED,EURUSD,BUY,2015-08-20 12:00:00+00:00,,SYMBOL_ALREADY_HAS_OPEN_POSITION
REJECTED,EURUSD,BUY,2015-08-20 15:00:00+00:00,,SYMBOL_ALREADY_HAS_OPEN_POSITION
REJECTED,EURUSD,BUY,2015-08-20 21:00:00+00:00,,SYMBOL_ALREADY_HAS_OPEN_POSITION
REJECTED,EURUSD,BUY,2015-08-21 03:00:00+00:00,,SYMBOL_ALREADY_HAS_OPEN_POSITION
REJECTED,GBPUSD,BUY,2015-08-21 06:00:00+00:00,,CORRELATED_OR_PORTFOLIO_RISK_CAP
REJECTED,GBPUSD,BUY,2015-08-21 07:00:00+00:00,,CORRELATED_OR_PORTFOLIO_RISK_CAP
REJECTED,EURUSD,BUY,2015-08-21 15:00:00+00:00,,SYMBOL_ALREADY_HAS_OPEN_POSITION
REJECTED,EURUSD,BUY,2015-08-21 16:00:00+00:00,,SYMBOL_ALREADY_HAS_OPEN_POSITION
REJECTED,EURUSD,BUY,2015-08-21 21:00:00+00:00,,SYMBOL_ALREADY_HAS_OPEN_POSITION
REJECTED,EURUSD,BUY,2015-08-23 23:00:00+00:00,,SYMBOL_ALREADY_HAS_OPEN_POSITION
REJECTED,EURUSD,BUY,2015-08-24 02:00:00+00:00,,SYMBOL_ALREADY_HAS_OPEN_POSITION
REJECTED,EURUSD,BUY,2015-08-24 03:00:00+00:00,,SYMBOL_ALREADY_HAS_OPEN_POSITION
REJECTED,GBPUSD,SELL,2015-08-24 07:00:00+00:00,,CORRELATED_OR_PORTFOLIO_RISK_CAP
REJECTED,GBPUSD,BUY,2015-08-24 12:00:00+00:00,,CORRELATED_OR_PORTFOLIO_RISK_CAP
REJECTED,EURUSD,BUY,2015-08-24 13:00:00+00:00,,SYMBOL_ALREADY_HAS_OPEN_POSITION
REJECTED,GBPUSD,BUY,2015-08-24 13:00:00+00:00,,CORRELATED_OR_PORTFOLIO_RISK_CAP
REJECTED,EURUSD,BUY,2015-08-24 14:00:00+00:00,,SYMBOL_ALREADY_HAS_OPEN_POSITION
REJECTED,GBPUSD,BUY,2015-08-25 10:00:00+00:00,,CORRELATED_OR_PORTFOLIO_RISK_CAP
REJECTED,EURUSD,SELL,2015-08-25 15:00:00+00:00,,SYMBOL_ALREADY_HAS_OPEN_POSITION
REJECTED,GBPUSD,SELL,2015-08-25 15:00:00+00:00,,CORRELATED_OR_PORTFOLIO_RISK_CAP
REJECTED,GBPUSD,SELL,2015-08-26 10:00:00+00:00,,SYMBOL_ALREADY_HAS_OPEN_POSITION
REJECTED,GBPUSD,SELL,2015-08-26 11:00:00+00:00,,SYMBOL_ALREADY_HAS_OPEN_POSITION
REJECTED,GBPUSD,SELL,2015-08-26 12:00:00+00:00,,SYMBOL_ALREADY_HAS_OPEN_POSITION
REJECTED,EURUSD,SELL,2015-08-26 13:00:00+00:00,,CORRELATED_OR_PORTFOLIO_RISK_CAP
REJECTED,GBPUSD,SELL,2015-08-26 13:00:00+00:00,,SYMBOL_ALREADY_HAS_OPEN_POSITION
REJECTED,GBPUSD,SELL,2015-08-26 15:00:00+00:00,,SYMBOL_ALREADY_HAS_OPEN_POSITION
REJECTED,GBPUSD,SELL,2015-08-26 16:00:00+00:00,,SYMBOL_ALREADY_HAS_OPEN_POSITION
REJECTED,EURUSD,SELL,2015-08-26 19:00:00+00:00,,CORRELATED_OR_PORTFOLIO_RISK_CAP
REJECTED,GBPUSD,SELL,2015-08-26 19:00:00+00:00,,SYMBOL_ALREADY_HAS_OPEN_POSITION
REJECTED,EURUSD,SELL,2015-08-26 21:00:00+00:00,,CORRELATED_OR_PORTFOLIO_RISK_CAP
REJECTED,GBPUSD,SELL,2015-08-26 21:00:00+00:00,,SYMBOL_ALREADY_HAS_OPEN_POSITION
REJECTED,EURUSD,SELL,2015-08-27 09:00:00+00:00,,CORRELATED_OR_PORTFOLIO_RISK_CAP
REJECTED,EURUSD,SELL,2015-08-27 13:00:00+00:00,,CORRELATED_OR_PORTFOLIO_RISK_CAP
REJECTED,GBPUSD,SELL,2015-08-27 13:00:00+00:00,,SYMBOL_ALREADY_HAS_OPEN_POSITION
REJECTED,EURUSD,SELL,2015-08-27 15:00:00+00:00,,CORRELATED_OR_PORTFOLIO_RISK_CAP
REJECTED,GBPUSD,SELL,2015-08-27 15:00:00+00:00,,SYMBOL_ALREADY_HAS_OPEN_POSITION
REJECTED,EURUSD,SELL,2015-08-28 16:00:00+00:00,,SYMBOL_ALREADY_HAS_OPEN_POSITION
REJECTED,GBPUSD,SELL,2015-08-31 16:00:00+00:00,,SYMBOL_ALREADY_HAS_OPEN_POSITION
REJECTED,GBPUSD,SELL,2015-08-31 17:00:00+00:00,,SYMBOL_ALREADY_HAS_OPEN_POSITION
REJECTED,GBPUSD,SELL,2015-08-31 18:00:00+00:00,,SYMBOL_ALREADY_HAS_OPEN_POSITION
REJECTED,EURUSD,BUY,2015-09-01 06:00:00+00:00,,SYMBOL_ALREADY_HAS_OPEN_POSITION
REJECTED,EURUSD,BUY,2015-09-01 07:00:00+00:00,,SYMBOL_ALREADY_HAS_OPEN_POSITION
REJECTED,EURUSD,BUY,2015-09-01 08:00:00+00:00,,SYMBOL_ALREADY_HAS_OPEN_POSITION
REJECTED,GBPUSD,SELL,2015-09-02 07:00:00+00:00,,SYMBOL_ALREADY_HAS_OPEN_POSITION
REJECTED,GBPUSD,SELL,2015-09-02 10:00:00+00:00,,SYMBOL_ALREADY_HAS_OPEN_POSITION
REJECTED,EURUSD,SELL,2015-09-02 13:00:00+00:00,,CORRELATED_OR_PORTFOLIO_RISK_CAP
REJECTED,EURUSD,SELL,2015-09-03 00:00:00+00:00,,CORRELATED_OR_PORTFOLIO_RISK_CAP
REJECTED,GBPUSD,SELL,2015-09-03 08:00:00+00:00,,SYMBOL_ALREADY_HAS_OPEN_POSITION
REJECTED,GBPUSD,SELL,2015-09-03 09:00:00+00:00,,SYMBOL_ALREADY_HAS_OPEN_POSITION
REJECTED,EURUSD,SELL,2015-09-03 13:00:00+00:00,,CORRELATED_OR_PORTFOLIO_RISK_CAP
REJECTED,EURUSD,SELL,2015-09-03 15:00:00+00:00,,CORRELATED_OR_PORTFOLIO_RISK_CAP
REJECTED,GBPUSD,SELL,2015-09-03 15:00:00+00:00,,SYMBOL_ALREADY_HAS_OPEN_POSITION
REJECTED,GBPUSD,SELL,2015-09-04 13:00:00+00:00,,SYMBOL_ALREADY_HAS_OPEN_POSITION
REJECTED,GBPUSD,SELL,2015-09-04 15:00:00+00:00,,SYMBOL_ALREADY_HAS_OPEN_POSITION
REJECTED,GBPUSD,BUY,2015-09-08 03:00:00+00:00,,SYMBOL_ALREADY_HAS_OPEN_POSITION
REJECTED,EURUSD,BUY,2015-09-08 04:00:00+00:00,,CORRELATED_OR_PORTFOLIO_RISK_CAP
REJECTED,GBPUSD,BUY,2015-09-08 04:00:00+00:00,,SYMBOL_ALREADY_HAS_OPEN_POSITION
REJECTED,EURUSD,BUY,2015-09-08 05:00:00+00:00,,CORRELATED_OR_PORTFOLIO_RISK_CAP
REJECTED,GBPUSD,BUY,2015-09-08 05:00:00+00:00,,SYMBOL_ALREADY_HAS_OPEN_POSITION
REJECTED,GBPUSD,BUY,2015-09-08 06:00:00+00:00,,SYMBOL_ALREADY_HAS_OPEN_POSITION
REJECTED,GBPUSD,BUY,2015-09-08 07:00:00+00:00,,SYMBOL_ALREADY_HAS_OPEN_POSITION
REJECTED,EURUSD,SELL,2015-09-09 13:00:00+00:00,,SYMBOL_ALREADY_HAS_OPEN_POSITION
REJECTED,EURUSD,BUY,2015-09-10 01:00:00+00:00,,SYMBOL_ALREADY_HAS_OPEN_POSITION
REJECTED,GBPUSD,SELL,2015-09-11 15:00:00+00:00,,SYMBOL_ALREADY_HAS_OPEN_POSITION
REJECTED,EURUSD,BUY,2015-09-14 07:00:00+00:00,,SYMBOL_ALREADY_HAS_OPEN_POSITION
REJECTED,GBPUSD,SELL,2015-09-14 14:00:00+00:00,,SYMBOL_ALREADY_HAS_OPEN_POSITION
REJECTED,EURUSD,SELL,2015-09-14 15:00:00+00:00,,SYMBOL_ALREADY_HAS_OPEN_POSITION
REJECTED,GBPUSD,SELL,2015-09-14 15:00:00+00:00,,SYMBOL_ALREADY_HAS_OPEN_POSITION
REJECTED,GBPUSD,SELL,2015-09-15 14:00:00+00:00,,SYMBOL_ALREADY_HAS_OPEN_POSITION
REJECTED,EURUSD,SELL,2015-09-15 15:00:00+00:00,,SYMBOL_ALREADY_HAS_OPEN_POSITION
REJECTED,GBPUSD,SELL,2015-09-15 15:00:00+00:00,,SYMBOL_ALREADY_HAS_OPEN_POSITION
REJECTED,EURUSD,SELL,2015-09-15 16:00:00+00:00,,SYMBOL_ALREADY_HAS_OPEN_POSITION
REJECTED,GBPUSD,SELL,2015-09-15 16:00:00+00:00,,SYMBOL_ALREADY_HAS_OPEN_POSITION
REJECTED,GBPUSD,SELL,2015-09-15 18:00:00+00:00,,SYMBOL_ALREADY_HAS_OPEN_POSITION
REJECTED,GBPUSD,SELL,2015-09-15 19:00:00+00:00,,SYMBOL_ALREADY_HAS_OPEN_POSITION
REJECTED,EURUSD,SELL,2015-09-16 11:00:00+00:00,,SYMBOL_ALREADY_HAS_OPEN_POSITION
REJECTED,GBPUSD,BUY,2015-09-16 12:00:00+00:00,,SYMBOL_ALREADY_HAS_OPEN_POSITION
REJECTED,GBPUSD,BUY,2015-09-16 13:00:00+00:00,,SYMBOL_ALREADY_HAS_OPEN_POSITION
REJECTED,GBPUSD,BUY,2015-09-16 14:00:00+00:00,,SYMBOL_ALREADY_HAS_OPEN_POSITION
REJECTED,GBPUSD,BUY,2015-09-16 15:00:00+00:00,,SYMBOL_ALREADY_HAS_OPEN_POSITION
REJECTED,EURUSD,BUY,2015-09-17 08:00:00+00:00,,CORRELATED_OR_PORTFOLIO_RISK_CAP
REJECTED,EURUSD,BUY,2015-09-17 09:00:00+00:00,,CORRELATED_OR_PORTFOLIO_RISK_CAP
REJECTED,GBPUSD,BUY,2015-09-17 11:00:00+00:00,,SYMBOL_ALREADY_HAS_OPEN_POSITION
REJECTED,EURUSD,BUY,2015-09-17 18:00:00+00:00,,CORRELATED_OR_PORTFOLIO_RISK_CAP
REJECTED,EURUSD,BUY,2015-09-17 19:00:00+00:00,,CORRELATED_OR_PORTFOLIO_RISK_CAP
REJECTED,GBPUSD,BUY,2015-09-17 19:00:00+00:00,,SYMBOL_ALREADY_HAS_OPEN_POSITION
REJECTED,EURUSD,BUY,2015-09-17 20:00:00+00:00,,CORRELATED_OR_PORTFOLIO_RISK_CAP
REJECTED,EURUSD,BUY,2015-09-18 09:00:00+00:00,,CORRELATED_OR_PORTFOLIO_RISK_CAP
REJECTED,GBPUSD,BUY,2015-09-18 09:00:00+00:00,,SYMBOL_ALREADY_HAS_OPEN_POSITION
REJECTED,EURUSD,SELL,2015-09-18 16:00:00+00:00,,CORRELATED_OR_PORTFOLIO_RISK_CAP
REJECTED,EURUSD,SELL,2015-09-18 20:00:00+00:00,,CORRELATED_OR_PORTFOLIO_RISK_CAP
REJECTED,GBPUSD,SELL,2015-09-18 20:00:00+00:00,,SYMBOL_ALREADY_HAS_OPEN_POSITION
REJECTED,EURUSD,SELL,2015-09-21 13:00:00+00:00,,SYMBOL_ALREADY_HAS_OPEN_POSITION
REJECTED,EURUSD,SELL,2015-09-21 15:00:00+00:00,,SYMBOL_ALREADY_HAS_OPEN_POSITION
REJECTED,GBPUSD,SELL,2015-09-21 15:00:00+00:00,,CORRELATED_OR_PORTFOLIO_RISK_CAP
REJECTED,EURUSD,SELL,2015-09-22 07:00:00+00:00,,SYMBOL_ALREADY_HAS_OPEN_POSITION
REJECTED,GBPUSD,SELL,2015-09-22 08:00:00+00:00,,CORRELATED_OR_PORTFOLIO_RISK_CAP
REJECTED,GBPUSD,SELL,2015-09-22 11:00:00+00:00,,CORRELATED_OR_PORTFOLIO_RISK_CAP
REJECTED,EURUSD,SELL,2015-09-22 13:00:00+00:00,,SYMBOL_ALREADY_HAS_OPEN_POSITION
REJECTED,GBPUSD,SELL,2015-09-22 14:00:00+00:00,,CORRELATED_OR_PORTFOLIO_RISK_CAP
REJECTED,EURUSD,SELL,2015-09-22 15:00:00+00:00,,SYMBOL_ALREADY_HAS_OPEN_POSITION
REJECTED,GBPUSD,SELL,2015-09-22 15:00:00+00:00,,CORRELATED_OR_PORTFOLIO_RISK_CAP
REJECTED,EURUSD,SELL,2015-09-22 17:00:00+00:00,,SYMBOL_ALREADY_HAS_OPEN_POSITION
REJECTED,EURUSD,SELL,2015-09-23 01:00:00+00:00,,SYMBOL_ALREADY_HAS_OPEN_POSITION
REJECTED,GBPUSD,SELL,2015-09-23 15:00:00+00:00,,SYMBOL_ALREADY_HAS_OPEN_POSITION
REJECTED,EURUSD,BUY,2015-09-23 18:00:00+00:00,,SYMBOL_ALREADY_HAS_OPEN_POSITION
REJECTED,EURUSD,BUY,2015-09-24 11:00:00+00:00,,SYMBOL_ALREADY_HAS_OPEN_POSITION
REJECTED,EURUSD,BUY,2015-09-24 12:00:00+00:00,,SYMBOL_ALREADY_HAS_OPEN_POSITION
REJECTED,EURUSD,BUY,2015-09-24 14:00:00+00:00,,SYMBOL_ALREADY_HAS_OPEN_POSITION
REJECTED,EURUSD,BUY,2015-09-24 15:00:00+00:00,,SYMBOL_ALREADY_HAS_OPEN_POSITION
REJECTED,GBPUSD,BUY,2015-09-30 10:00:00+00:00,,SYMBOL_ALREADY_HAS_OPEN_POSITION
REJECTED,GBPUSD,BUY,2015-09-30 11:00:00+00:00,,SYMBOL_ALREADY_HAS_OPEN_POSITION
REJECTED,EURUSD,SELL,2015-09-30 15:00:00+00:00,,SYMBOL_ALREADY_HAS_OPEN_POSITION
REJECTED,GBPUSD,SELL,2015-09-30 16:00:00+00:00,,CORRELATED_OR_PORTFOLIO_RISK_CAP
REJECTED,EURUSD,SELL,2015-10-01 04:00:00+00:00,,SYMBOL_ALREADY_HAS_OPEN_POSITION
REJECTED,EURUSD,SELL,2015-10-01 06:00:00+00:00,,SYMBOL_ALREADY_HAS_OPEN_POSITION
REJECTED,EURUSD,BUY,2015-10-01 15:00:00+00:00,,SYMBOL_ALREADY_HAS_OPEN_POSITION
REJECTED,EURUSD,SELL,2015-10-05 17:00:00+00:00,,SYMBOL_ALREADY_HAS_OPEN_POSITION
REJECTED,GBPUSD,SELL,2015-10-05 17:00:00+00:00,,CORRELATED_OR_PORTFOLIO_RISK_CAP
REJECTED,EURUSD,BUY,2015-10-06 15:00:00+00:00,,SYMBOL_ALREADY_HAS_OPEN_POSITION
REJECTED,GBPUSD,BUY,2015-10-06 15:00:00+00:00,,SYMBOL_ALREADY_HAS_OPEN_POSITION
REJECTED,EURUSD,BUY,2015-10-06 16:00:00+00:00,,SYMBOL_ALREADY_HAS_OPEN_POSITION
REJECTED,GBPUSD,BUY,2015-10-06 16:00:00+00:00,,SYMBOL_ALREADY_HAS_OPEN_POSITION
REJECTED,EURUSD,BUY,2015-10-06 20:00:00+00:00,,SYMBOL_ALREADY_HAS_OPEN_POSITION
REJECTED,GBPUSD,BUY,2015-10-06 20:00:00+00:00,,SYMBOL_ALREADY_HAS_OPEN_POSITION
REJECTED,EURUSD,BUY,2015-10-07 04:00:00+00:00,,SYMBOL_ALREADY_HAS_OPEN_POSITION
REJECTED,GBPUSD,BUY,2015-10-07 04:00:00+00:00,,SYMBOL_ALREADY_HAS_OPEN_POSITION
REJECTED,GBPUSD,BUY,2015-10-07 08:00:00+00:00,,SYMBOL_ALREADY_HAS_OPEN_POSITION
REJECTED,GBPUSD,BUY,2015-10-07 09:00:00+00:00,,SYMBOL_ALREADY_HAS_OPEN_POSITION
REJECTED,GBPUSD,BUY,2015-10-07 11:00:00+00:00,,SYMBOL_ALREADY_HAS_OPEN_POSITION
REJECTED,GBPUSD,BUY,2015-10-07 13:00:00+00:00,,SYMBOL_ALREADY_HAS_OPEN_POSITION
REJECTED,GBPUSD,BUY,2015-10-08 10:00:00+00:00,,CORRELATED_OR_PORTFOLIO_RISK_CAP
REJECTED,GBPUSD,SELL,2015-10-08 13:00:00+00:00,,SYMBOL_ALREADY_HAS_OPEN_POSITION
REJECTED,EURUSD,BUY,2015-10-09 11:00:00+00:00,,SYMBOL_ALREADY_HAS_OPEN_POSITION
REJECTED,EURUSD,BUY,2015-10-09 13:00:00+00:00,,SYMBOL_ALREADY_HAS_OPEN_POSITION
REJECTED,GBPUSD,BUY,2015-10-12 08:00:00+00:00,,CORRELATED_OR_PORTFOLIO_RISK_CAP
REJECTED,EURUSD,SELL,2015-10-13 01:00:00+00:00,,SYMBOL_ALREADY_HAS_OPEN_POSITION
REJECTED,GBPUSD,SELL,2015-10-13 13:00:00+00:00,,SYMBOL_ALREADY_HAS_OPEN_POSITION
REJECTED,GBPUSD,BUY,2015-10-14 09:00:00+00:00,,SYMBOL_ALREADY_HAS_OPEN_POSITION
REJECTED,EURUSD,BUY,2015-10-14 13:00:00+00:00,,SYMBOL_ALREADY_HAS_OPEN_POSITION
REJECTED,GBPUSD,BUY,2015-10-14 13:00:00+00:00,,SYMBOL_ALREADY_HAS_OPEN_POSITION
REJECTED,GBPUSD,BUY,2015-10-14 15:00:00+00:00,,SYMBOL_ALREADY_HAS_OPEN_POSITION
REJECTED,GBPUSD,BUY,2015-10-14 16:00:00+00:00,,SYMBOL_ALREADY_HAS_OPEN_POSITION
REJECTED,GBPUSD,BUY,2015-10-14 17:00:00+00:00,,SYMBOL_ALREADY_HAS_OPEN_POSITION
REJECTED,GBPUSD,BUY,2015-10-14 18:00:00+00:00,,SYMBOL_ALREADY_HAS_OPEN_POSITION
REJECTED,EURUSD,BUY,2015-10-14 19:00:00+00:00,,SYMBOL_ALREADY_HAS_OPEN_POSITION
REJECTED,GBPUSD,BUY,2015-10-14 19:00:00+00:00,,SYMBOL_ALREADY_HAS_OPEN_POSITION
REJECTED,EURUSD,BUY,2015-10-14 20:00:00+00:00,,SYMBOL_ALREADY_HAS_OPEN_POSITION
REJECTED,GBPUSD,BUY,2015-10-14 20:00:00+00:00,,SYMBOL_ALREADY_HAS_OPEN_POSITION
REJECTED,EURUSD,SELL,2015-10-16 10:00:00+00:00,,SYMBOL_ALREADY_HAS_OPEN_POSITION
REJECTED,EURUSD,SELL,2015-10-19 10:00:00+00:00,,SYMBOL_ALREADY_HAS_OPEN_POSITION
REJECTED,EURUSD,SELL,2015-10-19 11:00:00+00:00,,SYMBOL_ALREADY_HAS_OPEN_POSITION
REJECTED,EURUSD,BUY,2015-10-20 09:00:00+00:00,,SYMBOL_ALREADY_HAS_OPEN_POSITION
REJECTED,EURUSD,BUY,2015-10-20 10:00:00+00:00,,SYMBOL_ALREADY_HAS_OPEN_POSITION
REJECTED,EURUSD,BUY,2015-10-20 11:00:00+00:00,,SYMBOL_ALREADY_HAS_OPEN_POSITION
REJECTED,GBPUSD,SELL,2015-10-21 06:00:00+00:00,,SYMBOL_ALREADY_HAS_OPEN_POSITION
REJECTED,GBPUSD,SELL,2015-10-21 07:00:00+00:00,,SYMBOL_ALREADY_HAS_OPEN_POSITION
REJECTED,EURUSD,SELL,2015-10-22 08:00:00+00:00,,SYMBOL_ALREADY_HAS_OPEN_POSITION
REJECTED,EURUSD,SELL,2015-10-22 13:00:00+00:00,,SYMBOL_ALREADY_HAS_OPEN_POSITION
REJECTED,EURUSD,SELL,2015-10-22 14:00:00+00:00,,SYMBOL_ALREADY_HAS_OPEN_POSITION
REJECTED,GBPUSD,SELL,2015-10-22 14:00:00+00:00,,CORRELATED_OR_PORTFOLIO_RISK_CAP
REJECTED,EURUSD,SELL,2015-10-22 16:00:00+00:00,,SYMBOL_ALREADY_HAS_OPEN_POSITION
REJECTED,GBPUSD,SELL,2015-10-22 17:00:00+00:00,,CORRELATED_OR_PORTFOLIO_RISK_CAP
REJECTED,EURUSD,SELL,2015-10-22 19:00:00+00:00,,SYMBOL_ALREADY_HAS_OPEN_POSITION
REJECTED,EURUSD,SELL,2015-10-22 20:00:00+00:00,,SYMBOL_ALREADY_HAS_OPEN_POSITION
REJECTED,EURUSD,SELL,2015-10-23 14:00:00+00:00,,SYMBOL_ALREADY_HAS_OPEN_POSITION
REJECTED,GBPUSD,SELL,2015-10-23 14:00:00+00:00,,CORRELATED_OR_PORTFOLIO_RISK_CAP
REJECTED,EURUSD,SELL,2015-10-23 16:00:00+00:00,,SYMBOL_ALREADY_HAS_OPEN_POSITION
REJECTED,EURUSD,SELL,2015-10-23 18:00:00+00:00,,SYMBOL_ALREADY_HAS_OPEN_POSITION
REJECTED,GBPUSD,SELL,2015-10-23 18:00:00+00:00,,CORRELATED_OR_PORTFOLIO_RISK_CAP
REJECTED,GBPUSD,SELL,2015-10-23 20:00:00+00:00,,CORRELATED_OR_PORTFOLIO_RISK_CAP
REJECTED,GBPUSD,SELL,2015-10-27 15:00:00+00:00,,SYMBOL_ALREADY_HAS_OPEN_POSITION
REJECTED,EURUSD,BUY,2015-10-28 13:00:00+00:00,,SYMBOL_ALREADY_HAS_OPEN_POSITION
REJECTED,GBPUSD,BUY,2015-10-28 15:00:00+00:00,,CORRELATED_OR_PORTFOLIO_RISK_CAP
REJECTED,EURUSD,BUY,2015-10-29 23:00:00+00:00,,SYMBOL_ALREADY_HAS_OPEN_POSITION
REJECTED,EURUSD,BUY,2015-10-30 00:00:00+00:00,,SYMBOL_ALREADY_HAS_OPEN_POSITION
REJECTED,GBPUSD,BUY,2015-10-30 01:00:00+00:00,,SYMBOL_ALREADY_HAS_OPEN_POSITION
REJECTED,GBPUSD,BUY,2015-10-30 07:00:00+00:00,,SYMBOL_ALREADY_HAS_OPEN_POSITION
REJECTED,EURUSD,BUY,2015-10-30 14:00:00+00:00,,SYMBOL_ALREADY_HAS_OPEN_POSITION
REJECTED,GBPUSD,BUY,2015-10-30 14:00:00+00:00,,SYMBOL_ALREADY_HAS_OPEN_POSITION
REJECTED,EURUSD,BUY,2015-10-30 15:00:00+00:00,,SYMBOL_ALREADY_HAS_OPEN_POSITION
REJECTED,GBPUSD,BUY,2015-10-30 15:00:00+00:00,,SYMBOL_ALREADY_HAS_OPEN_POSITION
REJECTED,GBPUSD,BUY,2015-10-30 16:00:00+00:00,,SYMBOL_ALREADY_HAS_OPEN_POSITION
REJECTED,GBPUSD,BUY,2015-10-30 17:00:00+00:00,,SYMBOL_ALREADY_HAS_OPEN_POSITION
REJECTED,GBPUSD,BUY,2015-11-02 09:00:00+00:00,,SYMBOL_ALREADY_HAS_OPEN_POSITION
REJECTED,EURUSD,SELL,2015-11-03 08:00:00+00:00,,CORRELATED_OR_PORTFOLIO_RISK_CAP
REJECTED,EURUSD,SELL,2015-11-03 10:00:00+00:00,,SYMBOL_ALREADY_HAS_OPEN_POSITION
REJECTED,GBPUSD,SELL,2015-11-03 11:00:00+00:00,,CORRELATED_OR_PORTFOLIO_RISK_CAP
REJECTED,GBPUSD,SELL,2015-11-03 12:00:00+00:00,,CORRELATED_OR_PORTFOLIO_RISK_CAP
REJECTED,EURUSD,SELL,2015-11-03 13:00:00+00:00,,SYMBOL_ALREADY_HAS_OPEN_POSITION
REJECTED,GBPUSD,SELL,2015-11-03 13:00:00+00:00,,CORRELATED_OR_PORTFOLIO_RISK_CAP
REJECTED,EURUSD,SELL,2015-11-03 14:00:00+00:00,,SYMBOL_ALREADY_HAS_OPEN_POSITION
REJECTED,EURUSD,SELL,2015-11-04 08:00:00+00:00,,SYMBOL_ALREADY_HAS_OPEN_POSITION
REJECTED,EURUSD,SELL,2015-11-04 13:00:00+00:00,,SYMBOL_ALREADY_HAS_OPEN_POSITION
REJECTED,GBPUSD,SELL,2015-11-04 13:00:00+00:00,,CORRELATED_OR_PORTFOLIO_RISK_CAP
REJECTED,EURUSD,SELL,2015-11-04 14:00:00+00:00,,SYMBOL_ALREADY_HAS_OPEN_POSITION
REJECTED,GBPUSD,SELL,2015-11-04 14:00:00+00:00,,CORRELATED_OR_PORTFOLIO_RISK_CAP
REJECTED,EURUSD,SELL,2015-11-04 15:00:00+00:00,,SYMBOL_ALREADY_HAS_OPEN_POSITION
REJECTED,GBPUSD,SELL,2015-11-04 18:00:00+00:00,,CORRELATED_OR_PORTFOLIO_RISK_CAP
REJECTED,GBPUSD,SELL,2015-11-05 13:00:00+00:00,,SYMBOL_ALREADY_HAS_OPEN_POSITION
REJECTED,GBPUSD,SELL,2015-11-05 17:00:00+00:00,,SYMBOL_ALREADY_HAS_OPEN_POSITION
REJECTED,GBPUSD,SELL,2015-11-06 06:00:00+00:00,,SYMBOL_ALREADY_HAS_OPEN_POSITION
REJECTED,GBPUSD,SELL,2015-11-06 08:00:00+00:00,,SYMBOL_ALREADY_HAS_OPEN_POSITION
REJECTED,GBPUSD,SELL,2015-11-06 09:00:00+00:00,,SYMBOL_ALREADY_HAS_OPEN_POSITION
REJECTED,GBPUSD,SELL,2015-11-06 10:00:00+00:00,,SYMBOL_ALREADY_HAS_OPEN_POSITION
REJECTED,EURUSD,SELL,2015-11-06 13:00:00+00:00,,CORRELATED_OR_PORTFOLIO_RISK_CAP
REJECTED,GBPUSD,SELL,2015-11-06 13:00:00+00:00,,SYMBOL_ALREADY_HAS_OPEN_POSITION
REJECTED,GBPUSD,BUY,2015-11-09 16:00:00+00:00,,SYMBOL_ALREADY_HAS_OPEN_POSITION
REJECTED,EURUSD,SELL,2015-11-10 13:00:00+00:00,,SYMBOL_ALREADY_HAS_OPEN_POSITION
REJECTED,EURUSD,BUY,2015-11-11 03:00:00+00:00,,CORRELATED_OR_PORTFOLIO_RISK_CAP
REJECTED,GBPUSD,BUY,2015-11-11 16:00:00+00:00,,SYMBOL_ALREADY_HAS_OPEN_POSITION
REJECTED,GBPUSD,BUY,2015-11-11 23:00:00+00:00,,SYMBOL_ALREADY_HAS_OPEN_POSITION
REJECTED,GBPUSD,BUY,2015-11-12 00:00:00+00:00,,SYMBOL_ALREADY_HAS_OPEN_POSITION
REJECTED,EURUSD,BUY,2015-11-12 01:00:00+00:00,,CORRELATED_OR_PORTFOLIO_RISK_CAP
REJECTED,GBPUSD,BUY,2015-11-12 01:00:00+00:00,,SYMBOL_ALREADY_HAS_OPEN_POSITION
REJECTED,EURUSD,SELL,2015-11-15 23:00:00+00:00,,SYMBOL_ALREADY_HAS_OPEN_POSITION
REJECTED,EURUSD,SELL,2015-11-16 18:00:00+00:00,,SYMBOL_ALREADY_HAS_OPEN_POSITION
REJECTED,EURUSD,SELL,2015-11-16 19:00:00+00:00,,SYMBOL_ALREADY_HAS_OPEN_POSITION
REJECTED,EURUSD,SELL,2015-11-17 01:00:00+00:00,,SYMBOL_ALREADY_HAS_OPEN_POSITION
REJECTED,GBPUSD,SELL,2015-11-17 03:00:00+00:00,,CORRELATED_OR_PORTFOLIO_RISK_CAP
REJECTED,GBPUSD,SELL,2015-11-17 05:00:00+00:00,,CORRELATED_OR_PORTFOLIO_RISK_CAP
REJECTED,EURUSD,SELL,2015-11-17 07:00:00+00:00,,SYMBOL_ALREADY_HAS_OPEN_POSITION
REJECTED,EURUSD,SELL,2015-11-17 08:00:00+00:00,,SYMBOL_ALREADY_HAS_OPEN_POSITION
REJECTED,GBPUSD,SELL,2015-11-17 08:00:00+00:00,,CORRELATED_OR_PORTFOLIO_RISK_CAP
REJECTED,EURUSD,SELL,2015-11-17 16:00:00+00:00,,SYMBOL_ALREADY_HAS_OPEN_POSITION
REJECTED,EURUSD,BUY,2015-11-19 01:00:00+00:00,,CORRELATED_OR_PORTFOLIO_RISK_CAP
REJECTED,GBPUSD,BUY,2015-11-19 01:00:00+00:00,,SYMBOL_ALREADY_HAS_OPEN_POSITION
REJECTED,EURUSD,BUY,2015-11-19 15:00:00+00:00,,CORRELATED_OR_PORTFOLIO_RISK_CAP
REJECTED,EURUSD,BUY,2015-11-19 16:00:00+00:00,,CORRELATED_OR_PORTFOLIO_RISK_CAP
REJECTED,GBPUSD,BUY,2015-11-19 16:00:00+00:00,,SYMBOL_ALREADY_HAS_OPEN_POSITION
REJECTED,EURUSD,SELL,2015-11-20 15:00:00+00:00,,CORRELATED_OR_PORTFOLIO_RISK_CAP
REJECTED,GBPUSD,SELL,2015-11-20 15:00:00+00:00,,SYMBOL_ALREADY_HAS_OPEN_POSITION
REJECTED,EURUSD,SELL,2015-11-20 16:00:00+00:00,,CORRELATED_OR_PORTFOLIO_RISK_CAP
REJECTED,GBPUSD,SELL,2015-11-20 16:00:00+00:00,,SYMBOL_ALREADY_HAS_OPEN_POSITION
REJECTED,EURUSD,SELL,2015-11-23 00:00:00+00:00,,CORRELATED_OR_PORTFOLIO_RISK_CAP
REJECTED,EURUSD,SELL,2015-11-23 01:00:00+00:00,,CORRELATED_OR_PORTFOLIO_RISK_CAP
REJECTED,GBPUSD,SELL,2015-11-23 01:00:00+00:00,,SYMBOL_ALREADY_HAS_OPEN_POSITION
REJECTED,EURUSD,SELL,2015-11-23 02:00:00+00:00,,CORRELATED_OR_PORTFOLIO_RISK_CAP
REJECTED,GBPUSD,SELL,2015-11-23 02:00:00+00:00,,SYMBOL_ALREADY_HAS_OPEN_POSITION
REJECTED,GBPUSD,SELL,2015-11-23 07:00:00+00:00,,SYMBOL_ALREADY_HAS_OPEN_POSITION
REJECTED,GBPUSD,SELL,2015-11-23 11:00:00+00:00,,SYMBOL_ALREADY_HAS_OPEN_POSITION
REJECTED,GBPUSD,SELL,2015-11-23 16:00:00+00:00,,SYMBOL_ALREADY_HAS_OPEN_POSITION
REJECTED,GBPUSD,SELL,2015-11-23 19:00:00+00:00,,SYMBOL_ALREADY_HAS_OPEN_POSITION
REJECTED,GBPUSD,SELL,2015-11-23 20:00:00+00:00,,SYMBOL_ALREADY_HAS_OPEN_POSITION
REJECTED,GBPUSD,SELL,2015-11-24 13:00:00+00:00,,SYMBOL_ALREADY_HAS_OPEN_POSITION
REJECTED,EURUSD,BUY,2015-11-25 07:00:00+00:00,,SYMBOL_ALREADY_HAS_OPEN_POSITION
REJECTED,EURUSD,SELL,2015-11-25 10:00:00+00:00,,SYMBOL_ALREADY_HAS_OPEN_POSITION
REJECTED,EURUSD,SELL,2015-11-25 11:00:00+00:00,,SYMBOL_ALREADY_HAS_OPEN_POSITION
REJECTED,GBPUSD,SELL,2015-11-30 01:00:00+00:00,,SYMBOL_ALREADY_HAS_OPEN_POSITION
REJECTED,GBPUSD,SELL,2015-11-30 09:00:00+00:00,,SYMBOL_ALREADY_HAS_OPEN_POSITION
REJECTED,EURUSD,SELL,2015-11-30 15:00:00+00:00,,SYMBOL_ALREADY_HAS_OPEN_POSITION
REJECTED,GBPUSD,BUY,2015-12-01 02:00:00+00:00,,SYMBOL_ALREADY_HAS_OPEN_POSITION
REJECTED,GBPUSD,BUY,2015-12-01 05:00:00+00:00,,SYMBOL_ALREADY_HAS_OPEN_POSITION
REJECTED,EURUSD,BUY,2015-12-01 08:00:00+00:00,,CORRELATED_OR_PORTFOLIO_RISK_CAP
REJECTED,GBPUSD,BUY,2015-12-01 08:00:00+00:00,,SYMBOL_ALREADY_HAS_OPEN_POSITION
REJECTED,GBPUSD,SELL,2015-12-02 11:00:00+00:00,,SYMBOL_ALREADY_HAS_OPEN_POSITION
REJECTED,GBPUSD,SELL,2015-12-02 12:00:00+00:00,,SYMBOL_ALREADY_HAS_OPEN_POSITION
REJECTED,EURUSD,SELL,2015-12-02 13:00:00+00:00,,SYMBOL_ALREADY_HAS_OPEN_POSITION
REJECTED,GBPUSD,SELL,2015-12-02 13:00:00+00:00,,SYMBOL_ALREADY_HAS_OPEN_POSITION
REJECTED,EURUSD,SELL,2015-12-02 14:00:00+00:00,,SYMBOL_ALREADY_HAS_OPEN_POSITION
REJECTED,GBPUSD,SELL,2015-12-02 14:00:00+00:00,,SYMBOL_ALREADY_HAS_OPEN_POSITION
REJECTED,EURUSD,SELL,2015-12-02 15:00:00+00:00,,SYMBOL_ALREADY_HAS_OPEN_POSITION
REJECTED,GBPUSD,SELL,2015-12-02 15:00:00+00:00,,SYMBOL_ALREADY_HAS_OPEN_POSITION
REJECTED,GBPUSD,SELL,2015-12-02 16:00:00+00:00,,SYMBOL_ALREADY_HAS_OPEN_POSITION
REJECTED,EURUSD,SELL,2015-12-03 11:00:00+00:00,,CORRELATED_OR_PORTFOLIO_RISK_CAP
REJECTED,EURUSD,BUY,2015-12-03 13:00:00+00:00,,SYMBOL_ALREADY_HAS_OPEN_POSITION
REJECTED,GBPUSD,BUY,2015-12-03 13:00:00+00:00,,SYMBOL_ALREADY_HAS_OPEN_POSITION
REJECTED,EURUSD,BUY,2015-12-03 16:00:00+00:00,,SYMBOL_ALREADY_HAS_OPEN_POSITION
REJECTED,GBPUSD,BUY,2015-12-03 16:00:00+00:00,,SYMBOL_ALREADY_HAS_OPEN_POSITION
REJECTED,EURUSD,BUY,2015-12-03 19:00:00+00:00,,SYMBOL_ALREADY_HAS_OPEN_POSITION
REJECTED,GBPUSD,BUY,2015-12-03 19:00:00+00:00,,SYMBOL_ALREADY_HAS_OPEN_POSITION
REJECTED,GBPUSD,SELL,2015-12-07 18:00:00+00:00,,SYMBOL_ALREADY_HAS_OPEN_POSITION
REJECTED,GBPUSD,SELL,2015-12-08 03:00:00+00:00,,SYMBOL_ALREADY_HAS_OPEN_POSITION
REJECTED,EURUSD,BUY,2015-12-08 07:00:00+00:00,,SYMBOL_ALREADY_HAS_OPEN_POSITION
REJECTED,EURUSD,BUY,2015-12-08 08:00:00+00:00,,SYMBOL_ALREADY_HAS_OPEN_POSITION
REJECTED,GBPUSD,SELL,2015-12-08 08:00:00+00:00,,SYMBOL_ALREADY_HAS_OPEN_POSITION
REJECTED,GBPUSD,SELL,2015-12-08 09:00:00+00:00,,SYMBOL_ALREADY_HAS_OPEN_POSITION
REJECTED,GBPUSD,SELL,2015-12-08 12:00:00+00:00,,SYMBOL_ALREADY_HAS_OPEN_POSITION
REJECTED,EURUSD,BUY,2015-12-08 13:00:00+00:00,,SYMBOL_ALREADY_HAS_OPEN_POSITION
REJECTED,GBPUSD,SELL,2015-12-08 13:00:00+00:00,,SYMBOL_ALREADY_HAS_OPEN_POSITION
REJECTED,EURUSD,BUY,2015-12-09 02:00:00+00:00,,SYMBOL_ALREADY_HAS_OPEN_POSITION
REJECTED,EURUSD,BUY,2015-12-09 06:00:00+00:00,,SYMBOL_ALREADY_HAS_OPEN_POSITION
REJECTED,GBPUSD,BUY,2015-12-09 06:00:00+00:00,,CORRELATED_OR_PORTFOLIO_RISK_CAP
REJECTED,GBPUSD,BUY,2015-12-09 07:00:00+00:00,,CORRELATED_OR_PORTFOLIO_RISK_CAP
REJECTED,EURUSD,BUY,2015-12-09 09:00:00+00:00,,SYMBOL_ALREADY_HAS_OPEN_POSITION
REJECTED,GBPUSD,BUY,2015-12-09 10:00:00+00:00,,CORRELATED_OR_PORTFOLIO_RISK_CAP
REJECTED,GBPUSD,BUY,2015-12-09 12:00:00+00:00,,CORRELATED_OR_PORTFOLIO_RISK_CAP
REJECTED,EURUSD,BUY,2015-12-09 13:00:00+00:00,,SYMBOL_ALREADY_HAS_OPEN_POSITION
REJECTED,GBPUSD,BUY,2015-12-09 13:00:00+00:00,,CORRELATED_OR_PORTFOLIO_RISK_CAP
REJECTED,GBPUSD,BUY,2015-12-09 14:00:00+00:00,,CORRELATED_OR_PORTFOLIO_RISK_CAP
REJECTED,GBPUSD,BUY,2015-12-09 15:00:00+00:00,,CORRELATED_OR_PORTFOLIO_RISK_CAP
REJECTED,EURUSD,BUY,2015-12-09 17:00:00+00:00,,SYMBOL_ALREADY_HAS_OPEN_POSITION
REJECTED,EURUSD,BUY,2015-12-09 18:00:00+00:00,,SYMBOL_ALREADY_HAS_OPEN_POSITION
REJECTED,GBPUSD,SELL,2015-12-14 12:00:00+00:00,,SYMBOL_ALREADY_HAS_OPEN_POSITION
REJECTED,EURUSD,SELL,2015-12-15 14:00:00+00:00,,SYMBOL_ALREADY_HAS_OPEN_POSITION
REJECTED,EURUSD,SELL,2015-12-15 15:00:00+00:00,,SYMBOL_ALREADY_HAS_OPEN_POSITION
REJECTED,GBPUSD,SELL,2015-12-15 15:00:00+00:00,,CORRELATED_OR_PORTFOLIO_RISK_CAP
REJECTED,EURUSD,SELL,2015-12-15 16:00:00+00:00,,SYMBOL_ALREADY_HAS_OPEN_POSITION
REJECTED,GBPUSD,SELL,2015-12-16 08:00:00+00:00,,CORRELATED_OR_PORTFOLIO_RISK_CAP
REJECTED,EURUSD,SELL,2015-12-17 01:00:00+00:00,,SYMBOL_ALREADY_HAS_OPEN_POSITION
REJECTED,EURUSD,SELL,2015-12-17 02:00:00+00:00,,SYMBOL_ALREADY_HAS_OPEN_POSITION
REJECTED,GBPUSD,SELL,2015-12-17 02:00:00+00:00,,CORRELATED_OR_PORTFOLIO_RISK_CAP
REJECTED,EURUSD,SELL,2015-12-17 03:00:00+00:00,,SYMBOL_ALREADY_HAS_OPEN_POSITION
REJECTED,GBPUSD,SELL,2015-12-17 03:00:00+00:00,,CORRELATED_OR_PORTFOLIO_RISK_CAP
REJECTED,GBPUSD,SELL,2015-12-17 11:00:00+00:00,,CORRELATED_OR_PORTFOLIO_RISK_CAP
REJECTED,GBPUSD,SELL,2015-12-17 15:00:00+00:00,,CORRELATED_OR_PORTFOLIO_RISK_CAP
REJECTED,EURUSD,SELL,2015-12-17 16:00:00+00:00,,SYMBOL_ALREADY_HAS_OPEN_POSITION
REJECTED,GBPUSD,SELL,2015-12-17 16:00:00+00:00,,CORRELATED_OR_PORTFOLIO_RISK_CAP
REJECTED,EURUSD,BUY,2015-12-21 13:00:00+00:00,,SYMBOL_ALREADY_HAS_OPEN_POSITION
REJECTED,EURUSD,BUY,2015-12-21 14:00:00+00:00,,SYMBOL_ALREADY_HAS_OPEN_POSITION
REJECTED,EURUSD,BUY,2015-12-21 15:00:00+00:00,,SYMBOL_ALREADY_HAS_OPEN_POSITION
REJECTED,EURUSD,BUY,2015-12-22 13:00:00+00:00,,SYMBOL_ALREADY_HAS_OPEN_POSITION
REJECTED,GBPUSD,SELL,2015-12-22 13:00:00+00:00,,SYMBOL_ALREADY_HAS_OPEN_POSITION
REJECTED,EURUSD,BUY,2015-12-22 14:00:00+00:00,,SYMBOL_ALREADY_HAS_OPEN_POSITION
REJECTED,GBPUSD,SELL,2015-12-22 14:00:00+00:00,,SYMBOL_ALREADY_HAS_OPEN_POSITION
REJECTED,GBPUSD,SELL,2015-12-22 15:00:00+00:00,,SYMBOL_ALREADY_HAS_OPEN_POSITION
REJECTED,GBPUSD,SELL,2015-12-22 16:00:00+00:00,,SYMBOL_ALREADY_HAS_OPEN_POSITION
REJECTED,GBPUSD,BUY,2015-12-23 11:00:00+00:00,,SYMBOL_ALREADY_HAS_OPEN_POSITION
REJECTED,EURUSD,SELL,2015-12-23 13:00:00+00:00,,SYMBOL_ALREADY_HAS_OPEN_POSITION
REJECTED,EURUSD,SELL,2015-12-23 15:00:00+00:00,,SYMBOL_ALREADY_HAS_OPEN_POSITION
REJECTED,EURUSD,SELL,2015-12-23 16:00:00+00:00,,SYMBOL_ALREADY_HAS_OPEN_POSITION
REJECTED,EURUSD,BUY,2015-12-24 07:00:00+00:00,,CORRELATED_OR_PORTFOLIO_RISK_CAP
REJECTED,GBPUSD,BUY,2015-12-24 07:00:00+00:00,,SYMBOL_ALREADY_HAS_OPEN_POSITION
REJECTED,GBPUSD,BUY,2015-12-24 11:00:00+00:00,,SYMBOL_ALREADY_HAS_OPEN_POSITION
REJECTED,GBPUSD,BUY,2015-12-24 15:00:00+00:00,,SYMBOL_ALREADY_HAS_OPEN_POSITION
REJECTED,EURUSD,BUY,2015-12-28 03:00:00+00:00,,SYMBOL_ALREADY_HAS_OPEN_POSITION
REJECTED,EURUSD,BUY,2015-12-28 09:00:00+00:00,,SYMBOL_ALREADY_HAS_OPEN_POSITION
REJECTED,EURUSD,BUY,2015-12-28 10:00:00+00:00,,SYMBOL_ALREADY_HAS_OPEN_POSITION
REJECTED,GBPUSD,SELL,2015-12-29 11:00:00+00:00,,SYMBOL_ALREADY_HAS_OPEN_POSITION
REJECTED,GBPUSD,SELL,2015-12-29 12:00:00+00:00,,SYMBOL_ALREADY_HAS_OPEN_POSITION
REJECTED,EURUSD,SELL,2015-12-29 13:00:00+00:00,,CORRELATED_OR_PORTFOLIO_RISK_CAP
REJECTED,GBPUSD,SELL,2015-12-29 13:00:00+00:00,,SYMBOL_ALREADY_HAS_OPEN_POSITION
REJECTED,EURUSD,SELL,2015-12-29 15:00:00+00:00,,CORRELATED_OR_PORTFOLIO_RISK_CAP
REJECTED,EURUSD,SELL,2015-12-31 12:00:00+00:00,,SYMBOL_ALREADY_HAS_OPEN_POSITION
REJECTED,GBPUSD,SELL,2015-12-31 14:00:00+00:00,,CORRELATED_OR_PORTFOLIO_RISK_CAP
REJECTED,EURUSD,SELL,2015-12-31 15:00:00+00:00,,SYMBOL_ALREADY_HAS_OPEN_POSITION
REJECTED,GBPUSD,SELL,2015-12-31 15:00:00+00:00,,CORRELATED_OR_PORTFOLIO_RISK_CAP
REJECTED,EURUSD,SELL,2015-12-31 16:00:00+00:00,,SYMBOL_ALREADY_HAS_OPEN_POSITION
REJECTED,GBPUSD,SELL,2015-12-31 17:00:00+00:00,,CORRELATED_OR_PORTFOLIO_RISK_CAP
REJECTED,GBPUSD,SELL,2015-12-31 19:00:00+00:00,,CORRELATED_OR_PORTFOLIO_RISK_CAP
REJECTED,EURUSD,SELL,2016-01-03 23:00:00+00:00,,SYMBOL_ALREADY_HAS_OPEN_POSITION
REJECTED,GBPUSD,SELL,2016-01-04 01:00:00+00:00,,CORRELATED_OR_PORTFOLIO_RISK_CAP
REJECTED,GBPUSD,SELL,2016-01-04 16:00:00+00:00,,SYMBOL_ALREADY_HAS_OPEN_POSITION
REJECTED,EURUSD,SELL,2016-01-05 09:00:00+00:00,,SYMBOL_ALREADY_HAS_OPEN_POSITION
REJECTED,EURUSD,SELL,2016-01-05 10:00:00+00:00,,SYMBOL_ALREADY_HAS_OPEN_POSITION
REJECTED,EURUSD,SELL,2016-01-05 11:00:00+00:00,,SYMBOL_ALREADY_HAS_OPEN_POSITION
REJECTED,EURUSD,SELL,2016-01-05 12:00:00+00:00,,SYMBOL_ALREADY_HAS_OPEN_POSITION
REJECTED,EURUSD,SELL,2016-01-05 13:00:00+00:00,,SYMBOL_ALREADY_HAS_OPEN_POSITION
REJECTED,EURUSD,SELL,2016-01-05 15:00:00+00:00,,SYMBOL_ALREADY_HAS_OPEN_POSITION
REJECTED,GBPUSD,SELL,2016-01-05 15:00:00+00:00,,SYMBOL_ALREADY_HAS_OPEN_POSITION
REJECTED,GBPUSD,SELL,2016-01-06 08:00:00+00:00,,SYMBOL_ALREADY_HAS_OPEN_POSITION
REJECTED,EURUSD,BUY,2016-01-07 01:00:00+00:00,,SYMBOL_ALREADY_HAS_OPEN_POSITION
REJECTED,EURUSD,BUY,2016-01-07 02:00:00+00:00,,SYMBOL_ALREADY_HAS_OPEN_POSITION
REJECTED,EURUSD,BUY,2016-01-07 03:00:00+00:00,,SYMBOL_ALREADY_HAS_OPEN_POSITION
REJECTED,EURUSD,BUY,2016-01-07 05:00:00+00:00,,SYMBOL_ALREADY_HAS_OPEN_POSITION
REJECTED,GBPUSD,SELL,2016-01-07 07:00:00+00:00,,SYMBOL_ALREADY_HAS_OPEN_POSITION
REJECTED,GBPUSD,SELL,2016-01-07 08:00:00+00:00,,SYMBOL_ALREADY_HAS_OPEN_POSITION
REJECTED,EURUSD,BUY,2016-01-07 09:00:00+00:00,,SYMBOL_ALREADY_HAS_OPEN_POSITION
REJECTED,EURUSD,BUY,2016-01-07 18:00:00+00:00,,SYMBOL_ALREADY_HAS_OPEN_POSITION
REJECTED,EURUSD,BUY,2016-01-07 19:00:00+00:00,,SYMBOL_ALREADY_HAS_OPEN_POSITION
REJECTED,GBPUSD,BUY,2016-01-08 03:00:00+00:00,,CORRELATED_OR_PORTFOLIO_RISK_CAP
REJECTED,GBPUSD,SELL,2016-01-08 16:00:00+00:00,,SYMBOL_ALREADY_HAS_OPEN_POSITION
REJECTED,GBPUSD,SELL,2016-01-10 22:00:00+00:00,,SYMBOL_ALREADY_HAS_OPEN_POSITION
REJECTED,GBPUSD,SELL,2016-01-12 10:00:00+00:00,,SYMBOL_ALREADY_HAS_OPEN_POSITION
REJECTED,GBPUSD,SELL,2016-01-12 11:00:00+00:00,,SYMBOL_ALREADY_HAS_OPEN_POSITION
REJECTED,GBPUSD,SELL,2016-01-12 14:00:00+00:00,,SYMBOL_ALREADY_HAS_OPEN_POSITION
REJECTED,EURUSD,SELL,2016-01-12 15:00:00+00:00,,CORRELATED_OR_PORTFOLIO_RISK_CAP
REJECTED,GBPUSD,SELL,2016-01-12 15:00:00+00:00,,SYMBOL_ALREADY_HAS_OPEN_POSITION
REJECTED,GBPUSD,SELL,2016-01-14 10:00:00+00:00,,SYMBOL_ALREADY_HAS_OPEN_POSITION
REJECTED,GBPUSD,SELL,2016-01-15 15:00:00+00:00,,SYMBOL_ALREADY_HAS_OPEN_POSITION
REJECTED,GBPUSD,SELL,2016-01-15 16:00:00+00:00,,SYMBOL_ALREADY_HAS_OPEN_POSITION
REJECTED,GBPUSD,SELL,2016-01-15 17:00:00+00:00,,SYMBOL_ALREADY_HAS_OPEN_POSITION
REJECTED,GBPUSD,SELL,2016-01-15 18:00:00+00:00,,SYMBOL_ALREADY_HAS_OPEN_POSITION
REJECTED,GBPUSD,SELL,2016-01-15 19:00:00+00:00,,SYMBOL_ALREADY_HAS_OPEN_POSITION
REJECTED,GBPUSD,SELL,2016-01-15 20:00:00+00:00,,SYMBOL_ALREADY_HAS_OPEN_POSITION
REJECTED,GBPUSD,SELL,2016-01-18 20:00:00+00:00,,SYMBOL_ALREADY_HAS_OPEN_POSITION
REJECTED,EURUSD,SELL,2016-01-19 07:00:00+00:00,,SYMBOL_ALREADY_HAS_OPEN_POSITION
REJECTED,GBPUSD,SELL,2016-01-19 14:00:00+00:00,,SYMBOL_ALREADY_HAS_OPEN_POSITION
REJECTED,GBPUSD,SELL,2016-01-19 15:00:00+00:00,,SYMBOL_ALREADY_HAS_OPEN_POSITION
REJECTED,EURUSD,BUY,2016-01-20 03:00:00+00:00,,SYMBOL_ALREADY_HAS_OPEN_POSITION
REJECTED,EURUSD,BUY,2016-01-20 04:00:00+00:00,,SYMBOL_ALREADY_HAS_OPEN_POSITION
REJECTED,GBPUSD,SELL,2016-01-21 11:00:00+00:00,,SYMBOL_ALREADY_HAS_OPEN_POSITION
REJECTED,GBPUSD,SELL,2016-01-21 12:00:00+00:00,,SYMBOL_ALREADY_HAS_OPEN_POSITION
REJECTED,EURUSD,SELL,2016-01-21 13:00:00+00:00,,CORRELATED_OR_PORTFOLIO_RISK_CAP
REJECTED,GBPUSD,BUY,2016-01-21 20:00:00+00:00,,SYMBOL_ALREADY_HAS_OPEN_POSITION
REJECTED,GBPUSD,BUY,2016-01-22 08:00:00+00:00,,SYMBOL_ALREADY_HAS_OPEN_POSITION
REJECTED,GBPUSD,BUY,2016-01-22 09:00:00+00:00,,SYMBOL_ALREADY_HAS_OPEN_POSITION
REJECTED,GBPUSD,BUY,2016-01-22 12:00:00+00:00,,SYMBOL_ALREADY_HAS_OPEN_POSITION
REJECTED,GBPUSD,BUY,2016-01-22 14:00:00+00:00,,SYMBOL_ALREADY_HAS_OPEN_POSITION
REJECTED,EURUSD,BUY,2016-01-25 20:00:00+00:00,,SYMBOL_ALREADY_HAS_OPEN_POSITION
REJECTED,EURUSD,BUY,2016-01-26 07:00:00+00:00,,SYMBOL_ALREADY_HAS_OPEN_POSITION
REJECTED,GBPUSD,SELL,2016-01-26 08:00:00+00:00,,SYMBOL_ALREADY_HAS_OPEN_POSITION
REJECTED,GBPUSD,BUY,2016-01-26 15:00:00+00:00,,SYMBOL_ALREADY_HAS_OPEN_POSITION
REJECTED,GBPUSD,BUY,2016-01-26 16:00:00+00:00,,SYMBOL_ALREADY_HAS_OPEN_POSITION
REJECTED,GBPUSD,BUY,2016-01-26 17:00:00+00:00,,SYMBOL_ALREADY_HAS_OPEN_POSITION
REJECTED,EURUSD,BUY,2016-01-27 13:00:00+00:00,,SYMBOL_ALREADY_HAS_OPEN_POSITION
REJECTED,EURUSD,BUY,2016-01-28 16:00:00+00:00,,SYMBOL_ALREADY_HAS_OPEN_POSITION
REJECTED,EURUSD,BUY,2016-01-28 18:00:00+00:00,,SYMBOL_ALREADY_HAS_OPEN_POSITION
REJECTED,GBPUSD,SELL,2016-01-29 12:00:00+00:00,,SYMBOL_ALREADY_HAS_OPEN_POSITION
REJECTED,EURUSD,SELL,2016-01-29 13:00:00+00:00,,CORRELATED_OR_PORTFOLIO_RISK_CAP
REJECTED,GBPUSD,SELL,2016-01-29 13:00:00+00:00,,SYMBOL_ALREADY_HAS_OPEN_POSITION
REJECTED,EURUSD,SELL,2016-01-29 14:00:00+00:00,,CORRELATED_OR_PORTFOLIO_RISK_CAP
REJECTED,EURUSD,SELL,2016-01-29 15:00:00+00:00,,CORRELATED_OR_PORTFOLIO_RISK_CAP
REJECTED,GBPUSD,SELL,2016-01-29 15:00:00+00:00,,SYMBOL_ALREADY_HAS_OPEN_POSITION
REJECTED,GBPUSD,SELL,2016-01-29 16:00:00+00:00,,SYMBOL_ALREADY_HAS_OPEN_POSITION
REJECTED,EURUSD,BUY,2016-02-01 12:00:00+00:00,,SYMBOL_ALREADY_HAS_OPEN_POSITION
REJECTED,EURUSD,BUY,2016-02-01 13:00:00+00:00,,SYMBOL_ALREADY_HAS_OPEN_POSITION
REJECTED,EURUSD,BUY,2016-02-01 14:00:00+00:00,,SYMBOL_ALREADY_HAS_OPEN_POSITION
REJECTED,GBPUSD,BUY,2016-02-01 14:00:00+00:00,,CORRELATED_OR_PORTFOLIO_RISK_CAP
REJECTED,GBPUSD,BUY,2016-02-01 15:00:00+00:00,,CORRELATED_OR_PORTFOLIO_RISK_CAP
REJECTED,GBPUSD,BUY,2016-02-01 17:00:00+00:00,,CORRELATED_OR_PORTFOLIO_RISK_CAP
REJECTED,GBPUSD,BUY,2016-02-01 18:00:00+00:00,,CORRELATED_OR_PORTFOLIO_RISK_CAP
REJECTED,GBPUSD,BUY,2016-02-01 19:00:00+00:00,,CORRELATED_OR_PORTFOLIO_RISK_CAP
REJECTED,EURUSD,BUY,2016-02-02 04:00:00+00:00,,SYMBOL_ALREADY_HAS_OPEN_POSITION
REJECTED,EURUSD,BUY,2016-02-02 11:00:00+00:00,,SYMBOL_ALREADY_HAS_OPEN_POSITION
REJECTED,EURUSD,BUY,2016-02-02 13:00:00+00:00,,SYMBOL_ALREADY_HAS_OPEN_POSITION
REJECTED,GBPUSD,BUY,2016-02-03 10:00:00+00:00,,SYMBOL_ALREADY_HAS_OPEN_POSITION
REJECTED,GBPUSD,BUY,2016-02-03 11:00:00+00:00,,SYMBOL_ALREADY_HAS_OPEN_POSITION
REJECTED,GBPUSD,BUY,2016-02-03 12:00:00+00:00,,SYMBOL_ALREADY_HAS_OPEN_POSITION
REJECTED,EURUSD,BUY,2016-02-03 13:00:00+00:00,,CORRELATED_OR_PORTFOLIO_RISK_CAP
REJECTED,GBPUSD,BUY,2016-02-03 13:00:00+00:00,,SYMBOL_ALREADY_HAS_OPEN_POSITION
REJECTED,EURUSD,BUY,2016-02-03 14:00:00+00:00,,CORRELATED_OR_PORTFOLIO_RISK_CAP
REJECTED,GBPUSD,BUY,2016-02-03 14:00:00+00:00,,SYMBOL_ALREADY_HAS_OPEN_POSITION
REJECTED,EURUSD,BUY,2016-02-03 15:00:00+00:00,,CORRELATED_OR_PORTFOLIO_RISK_CAP
REJECTED,GBPUSD,BUY,2016-02-03 15:00:00+00:00,,SYMBOL_ALREADY_HAS_OPEN_POSITION
REJECTED,EURUSD,BUY,2016-02-03 18:00:00+00:00,,CORRELATED_OR_PORTFOLIO_RISK_CAP
REJECTED,GBPUSD,BUY,2016-02-03 18:00:00+00:00,,SYMBOL_ALREADY_HAS_OPEN_POSITION
REJECTED,EURUSD,BUY,2016-02-04 10:00:00+00:00,,SYMBOL_ALREADY_HAS_OPEN_POSITION
REJECTED,EURUSD,BUY,2016-02-04 12:00:00+00:00,,SYMBOL_ALREADY_HAS_OPEN_POSITION
REJECTED,EURUSD,BUY,2016-02-04 13:00:00+00:00,,SYMBOL_ALREADY_HAS_OPEN_POSITION
REJECTED,EURUSD,SELL,2016-02-05 14:00:00+00:00,,SYMBOL_ALREADY_HAS_OPEN_POSITION
REJECTED,GBPUSD,SELL,2016-02-08 12:00:00+00:00,,SYMBOL_ALREADY_HAS_OPEN_POSITION
REJECTED,EURUSD,SELL,2016-02-08 13:00:00+00:00,,CORRELATED_OR_PORTFOLIO_RISK_CAP
REJECTED,EURUSD,BUY,2016-02-09 15:00:00+00:00,,SYMBOL_ALREADY_HAS_OPEN_POSITION
REJECTED,EURUSD,BUY,2016-02-09 16:00:00+00:00,,SYMBOL_ALREADY_HAS_OPEN_POSITION
REJECTED,GBPUSD,BUY,2016-02-10 12:00:00+00:00,,SYMBOL_ALREADY_HAS_OPEN_POSITION
REJECTED,EURUSD,SELL,2016-02-10 15:00:00+00:00,,SYMBOL_ALREADY_HAS_OPEN_POSITION
REJECTED,EURUSD,SELL,2016-02-12 08:00:00+00:00,,SYMBOL_ALREADY_HAS_OPEN_POSITION
REJECTED,GBPUSD,BUY,2016-02-12 09:00:00+00:00,,SYMBOL_ALREADY_HAS_OPEN_POSITION
REJECTED,GBPUSD,BUY,2016-02-12 10:00:00+00:00,,SYMBOL_ALREADY_HAS_OPEN_POSITION
REJECTED,EURUSD,SELL,2016-02-12 13:00:00+00:00,,SYMBOL_ALREADY_HAS_OPEN_POSITION
REJECTED,EURUSD,SELL,2016-02-15 07:00:00+00:00,,SYMBOL_ALREADY_HAS_OPEN_POSITION
REJECTED,EURUSD,SELL,2016-02-15 08:00:00+00:00,,SYMBOL_ALREADY_HAS_OPEN_POSITION
REJECTED,EURUSD,SELL,2016-02-15 12:00:00+00:00,,SYMBOL_ALREADY_HAS_OPEN_POSITION
REJECTED,EURUSD,SELL,2016-02-15 14:00:00+00:00,,SYMBOL_ALREADY_HAS_OPEN_POSITION
REJECTED,EURUSD,SELL,2016-02-15 15:00:00+00:00,,SYMBOL_ALREADY_HAS_OPEN_POSITION
REJECTED,GBPUSD,SELL,2016-02-15 15:00:00+00:00,,CORRELATED_OR_PORTFOLIO_RISK_CAP
REJECTED,GBPUSD,SELL,2016-02-16 06:00:00+00:00,,CORRELATED_OR_PORTFOLIO_RISK_CAP
REJECTED,GBPUSD,BUY,2016-02-16 08:00:00+00:00,,CORRELATED_OR_PORTFOLIO_RISK_CAP
REJECTED,GBPUSD,SELL,2016-02-16 13:00:00+00:00,,CORRELATED_OR_PORTFOLIO_RISK_CAP
REJECTED,GBPUSD,SELL,2016-02-16 14:00:00+00:00,,CORRELATED_OR_PORTFOLIO_RISK_CAP
REJECTED,EURUSD,SELL,2016-02-18 12:00:00+00:00,,SYMBOL_ALREADY_HAS_OPEN_POSITION
REJECTED,EURUSD,SELL,2016-02-18 13:00:00+00:00,,SYMBOL_ALREADY_HAS_OPEN_POSITION
REJECTED,GBPUSD,SELL,2016-02-19 09:00:00+00:00,,SYMBOL_ALREADY_HAS_OPEN_POSITION
REJECTED,GBPUSD,SELL,2016-02-19 12:00:00+00:00,,SYMBOL_ALREADY_HAS_OPEN_POSITION
REJECTED,GBPUSD,SELL,2016-02-22 08:00:00+00:00,,SYMBOL_ALREADY_HAS_OPEN_POSITION
REJECTED,EURUSD,SELL,2016-02-22 10:00:00+00:00,,CORRELATED_OR_PORTFOLIO_RISK_CAP
REJECTED,EURUSD,SELL,2016-02-22 11:00:00+00:00,,CORRELATED_OR_PORTFOLIO_RISK_CAP
REJECTED,GBPUSD,SELL,2016-02-22 11:00:00+00:00,,SYMBOL_ALREADY_HAS_OPEN_POSITION
REJECTED,EURUSD,SELL,2016-02-22 12:00:00+00:00,,CORRELATED_OR_PORTFOLIO_RISK_CAP
REJECTED,GBPUSD,SELL,2016-02-22 12:00:00+00:00,,SYMBOL_ALREADY_HAS_OPEN_POSITION
REJECTED,EURUSD,SELL,2016-02-22 13:00:00+00:00,,CORRELATED_OR_PORTFOLIO_RISK_CAP
REJECTED,EURUSD,SELL,2016-02-23 09:00:00+00:00,,CORRELATED_OR_PORTFOLIO_RISK_CAP
REJECTED,GBPUSD,SELL,2016-02-23 14:00:00+00:00,,SYMBOL_ALREADY_HAS_OPEN_POSITION
REJECTED,GBPUSD,SELL,2016-02-23 16:00:00+00:00,,SYMBOL_ALREADY_HAS_OPEN_POSITION
REJECTED,GBPUSD,SELL,2016-02-23 17:00:00+00:00,,SYMBOL_ALREADY_HAS_OPEN_POSITION
REJECTED,GBPUSD,SELL,2016-02-23 23:00:00+00:00,,SYMBOL_ALREADY_HAS_OPEN_POSITION
REJECTED,GBPUSD,SELL,2016-02-24 00:00:00+00:00,,SYMBOL_ALREADY_HAS_OPEN_POSITION
REJECTED,GBPUSD,SELL,2016-02-24 01:00:00+00:00,,SYMBOL_ALREADY_HAS_OPEN_POSITION
REJECTED,GBPUSD,SELL,2016-02-24 02:00:00+00:00,,SYMBOL_ALREADY_HAS_OPEN_POSITION
REJECTED,EURUSD,SELL,2016-02-24 09:00:00+00:00,,CORRELATED_OR_PORTFOLIO_RISK_CAP
REJECTED,GBPUSD,SELL,2016-02-24 09:00:00+00:00,,SYMBOL_ALREADY_HAS_OPEN_POSITION
REJECTED,GBPUSD,SELL,2016-02-24 10:00:00+00:00,,SYMBOL_ALREADY_HAS_OPEN_POSITION
REJECTED,EURUSD,SELL,2016-02-24 11:00:00+00:00,,CORRELATED_OR_PORTFOLIO_RISK_CAP
REJECTED,GBPUSD,SELL,2016-02-24 11:00:00+00:00,,SYMBOL_ALREADY_HAS_OPEN_POSITION
REJECTED,EURUSD,BUY,2016-02-26 03:00:00+00:00,,SYMBOL_ALREADY_HAS_OPEN_POSITION
REJECTED,GBPUSD,BUY,2016-02-26 03:00:00+00:00,,CORRELATED_OR_PORTFOLIO_RISK_CAP
REJECTED,EURUSD,SELL,2016-02-26 14:00:00+00:00,,SYMBOL_ALREADY_HAS_OPEN_POSITION
REJECTED,GBPUSD,SELL,2016-02-26 14:00:00+00:00,,CORRELATED_OR_PORTFOLIO_RISK_CAP
REJECTED,EURUSD,SELL,2016-02-26 15:00:00+00:00,,SYMBOL_ALREADY_HAS_OPEN_POSITION
REJECTED,GBPUSD,SELL,2016-02-26 15:00:00+00:00,,CORRELATED_OR_PORTFOLIO_RISK_CAP
REJECTED,EURUSD,SELL,2016-02-29 11:00:00+00:00,,SYMBOL_ALREADY_HAS_OPEN_POSITION
REJECTED,EURUSD,SELL,2016-02-29 15:00:00+00:00,,SYMBOL_ALREADY_HAS_OPEN_POSITION
REJECTED,GBPUSD,BUY,2016-03-01 07:00:00+00:00,,SYMBOL_ALREADY_HAS_OPEN_POSITION
REJECTED,GBPUSD,BUY,2016-03-01 10:00:00+00:00,,SYMBOL_ALREADY_HAS_OPEN_POSITION
REJECTED,GBPUSD,BUY,2016-03-02 12:00:00+00:00,,SYMBOL_ALREADY_HAS_OPEN_POSITION
REJECTED,EURUSD,SELL,2016-03-02 14:00:00+00:00,,SYMBOL_ALREADY_HAS_OPEN_POSITION
REJECTED,EURUSD,SELL,2016-03-02 15:00:00+00:00,,SYMBOL_ALREADY_HAS_OPEN_POSITION
REJECTED,GBPUSD,BUY,2016-03-02 15:00:00+00:00,,SYMBOL_ALREADY_HAS_OPEN_POSITION
REJECTED,GBPUSD,BUY,2016-03-03 07:00:00+00:00,,SYMBOL_ALREADY_HAS_OPEN_POSITION
REJECTED,EURUSD,BUY,2016-03-03 10:00:00+00:00,,SYMBOL_ALREADY_HAS_OPEN_POSITION
REJECTED,EURUSD,BUY,2016-03-03 12:00:00+00:00,,SYMBOL_ALREADY_HAS_OPEN_POSITION
REJECTED,EURUSD,BUY,2016-03-03 14:00:00+00:00,,SYMBOL_ALREADY_HAS_OPEN_POSITION
REJECTED,GBPUSD,BUY,2016-03-03 14:00:00+00:00,,CORRELATED_OR_PORTFOLIO_RISK_CAP
REJECTED,EURUSD,BUY,2016-03-03 15:00:00+00:00,,SYMBOL_ALREADY_HAS_OPEN_POSITION
REJECTED,GBPUSD,BUY,2016-03-03 15:00:00+00:00,,CORRELATED_OR_PORTFOLIO_RISK_CAP
REJECTED,EURUSD,BUY,2016-03-03 16:00:00+00:00,,SYMBOL_ALREADY_HAS_OPEN_POSITION
REJECTED,EURUSD,BUY,2016-03-04 10:00:00+00:00,,SYMBOL_ALREADY_HAS_OPEN_POSITION
REJECTED,EURUSD,BUY,2016-03-04 14:00:00+00:00,,SYMBOL_ALREADY_HAS_OPEN_POSITION
REJECTED,GBPUSD,BUY,2016-03-04 14:00:00+00:00,,CORRELATED_OR_PORTFOLIO_RISK_CAP
REJECTED,EURUSD,BUY,2016-03-07 17:00:00+00:00,,CORRELATED_OR_PORTFOLIO_RISK_CAP
REJECTED,GBPUSD,BUY,2016-03-07 17:00:00+00:00,,SYMBOL_ALREADY_HAS_OPEN_POSITION
REJECTED,EURUSD,SELL,2016-03-09 01:00:00+00:00,,SYMBOL_ALREADY_HAS_OPEN_POSITION
REJECTED,EURUSD,SELL,2016-03-09 03:00:00+00:00,,SYMBOL_ALREADY_HAS_OPEN_POSITION
REJECTED,EURUSD,SELL,2016-03-09 13:00:00+00:00,,SYMBOL_ALREADY_HAS_OPEN_POSITION
REJECTED,EURUSD,BUY,2016-03-10 15:00:00+00:00,,SYMBOL_ALREADY_HAS_OPEN_POSITION
REJECTED,GBPUSD,BUY,2016-03-10 15:00:00+00:00,,CORRELATED_OR_PORTFOLIO_RISK_CAP
REJECTED,GBPUSD,BUY,2016-03-11 15:00:00+00:00,,SYMBOL_ALREADY_HAS_OPEN_POSITION
REJECTED,GBPUSD,BUY,2016-03-11 16:00:00+00:00,,SYMBOL_ALREADY_HAS_OPEN_POSITION
REJECTED,GBPUSD,SELL,2016-03-14 19:00:00+00:00,,SYMBOL_ALREADY_HAS_OPEN_POSITION
REJECTED,GBPUSD,SELL,2016-03-15 00:00:00+00:00,,SYMBOL_ALREADY_HAS_OPEN_POSITION
REJECTED,GBPUSD,SELL,2016-03-15 06:00:00+00:00,,SYMBOL_ALREADY_HAS_OPEN_POSITION
REJECTED,GBPUSD,SELL,2016-03-15 08:00:00+00:00,,SYMBOL_ALREADY_HAS_OPEN_POSITION
REJECTED,GBPUSD,SELL,2016-03-15 09:00:00+00:00,,SYMBOL_ALREADY_HAS_OPEN_POSITION
REJECTED,EURUSD,SELL,2016-03-15 10:00:00+00:00,,SYMBOL_ALREADY_HAS_OPEN_POSITION
REJECTED,GBPUSD,SELL,2016-03-15 10:00:00+00:00,,SYMBOL_ALREADY_HAS_OPEN_POSITION
REJECTED,GBPUSD,SELL,2016-03-15 17:00:00+00:00,,SYMBOL_ALREADY_HAS_OPEN_POSITION
REJECTED,GBPUSD,SELL,2016-03-16 07:00:00+00:00,,SYMBOL_ALREADY_HAS_OPEN_POSITION
REJECTED,GBPUSD,SELL,2016-03-16 08:00:00+00:00,,SYMBOL_ALREADY_HAS_OPEN_POSITION
REJECTED,GBPUSD,SELL,2016-03-16 13:00:00+00:00,,SYMBOL_ALREADY_HAS_OPEN_POSITION
REJECTED,EURUSD,SELL,2016-03-16 14:00:00+00:00,,SYMBOL_ALREADY_HAS_OPEN_POSITION
REJECTED,EURUSD,BUY,2016-03-16 20:00:00+00:00,,SYMBOL_ALREADY_HAS_OPEN_POSITION
REJECTED,EURUSD,BUY,2016-03-17 08:00:00+00:00,,SYMBOL_ALREADY_HAS_OPEN_POSITION
REJECTED,EURUSD,BUY,2016-03-17 09:00:00+00:00,,SYMBOL_ALREADY_HAS_OPEN_POSITION
REJECTED,GBPUSD,BUY,2016-03-17 09:00:00+00:00,,SYMBOL_ALREADY_HAS_OPEN_POSITION
REJECTED,EURUSD,BUY,2016-03-17 10:00:00+00:00,,SYMBOL_ALREADY_HAS_OPEN_POSITION
REJECTED,EURUSD,BUY,2016-03-17 11:00:00+00:00,,SYMBOL_ALREADY_HAS_OPEN_POSITION
REJECTED,GBPUSD,BUY,2016-03-17 11:00:00+00:00,,SYMBOL_ALREADY_HAS_OPEN_POSITION
REJECTED,GBPUSD,BUY,2016-03-17 13:00:00+00:00,,SYMBOL_ALREADY_HAS_OPEN_POSITION
REJECTED,GBPUSD,BUY,2016-03-17 14:00:00+00:00,,SYMBOL_ALREADY_HAS_OPEN_POSITION
REJECTED,EURUSD,SELL,2016-03-21 08:00:00+00:00,,CORRELATED_OR_PORTFOLIO_RISK_CAP
REJECTED,GBPUSD,SELL,2016-03-21 08:00:00+00:00,,SYMBOL_ALREADY_HAS_OPEN_POSITION
REJECTED,GBPUSD,SELL,2016-03-21 15:00:00+00:00,,SYMBOL_ALREADY_HAS_OPEN_POSITION
REJECTED,GBPUSD,SELL,2016-03-22 00:00:00+00:00,,SYMBOL_ALREADY_HAS_OPEN_POSITION
REJECTED,EURUSD,SELL,2016-03-22 09:00:00+00:00,,CORRELATED_OR_PORTFOLIO_RISK_CAP
REJECTED,GBPUSD,SELL,2016-03-22 09:00:00+00:00,,SYMBOL_ALREADY_HAS_OPEN_POSITION
REJECTED,GBPUSD,SELL,2016-03-22 13:00:00+00:00,,SYMBOL_ALREADY_HAS_OPEN_POSITION
REJECTED,GBPUSD,SELL,2016-03-22 14:00:00+00:00,,SYMBOL_ALREADY_HAS_OPEN_POSITION
REJECTED,EURUSD,SELL,2016-03-23 07:00:00+00:00,,CORRELATED_OR_PORTFOLIO_RISK_CAP
REJECTED,EURUSD,SELL,2016-03-23 08:00:00+00:00,,CORRELATED_OR_PORTFOLIO_RISK_CAP
REJECTED,GBPUSD,SELL,2016-03-23 08:00:00+00:00,,SYMBOL_ALREADY_HAS_OPEN_POSITION
REJECTED,EURUSD,SELL,2016-03-23 13:00:00+00:00,,CORRELATED_OR_PORTFOLIO_RISK_CAP
REJECTED,GBPUSD,SELL,2016-03-23 13:00:00+00:00,,SYMBOL_ALREADY_HAS_OPEN_POSITION
REJECTED,GBPUSD,SELL,2016-03-23 14:00:00+00:00,,SYMBOL_ALREADY_HAS_OPEN_POSITION
REJECTED,GBPUSD,SELL,2016-03-23 17:00:00+00:00,,SYMBOL_ALREADY_HAS_OPEN_POSITION
REJECTED,GBPUSD,SELL,2016-03-24 09:00:00+00:00,,SYMBOL_ALREADY_HAS_OPEN_POSITION
REJECTED,GBPUSD,BUY,2016-03-24 17:00:00+00:00,,SYMBOL_ALREADY_HAS_OPEN_POSITION
REJECTED,GBPUSD,BUY,2016-03-24 18:00:00+00:00,,SYMBOL_ALREADY_HAS_OPEN_POSITION
REJECTED,EURUSD,BUY,2016-03-28 13:00:00+00:00,,CORRELATED_OR_PORTFOLIO_RISK_CAP
REJECTED,GBPUSD,BUY,2016-03-28 13:00:00+00:00,,SYMBOL_ALREADY_HAS_OPEN_POSITION
REJECTED,EURUSD,BUY,2016-03-28 14:00:00+00:00,,CORRELATED_OR_PORTFOLIO_RISK_CAP
REJECTED,GBPUSD,BUY,2016-03-28 14:00:00+00:00,,SYMBOL_ALREADY_HAS_OPEN_POSITION
REJECTED,EURUSD,BUY,2016-03-28 15:00:00+00:00,,CORRELATED_OR_PORTFOLIO_RISK_CAP
REJECTED,GBPUSD,BUY,2016-03-29 13:00:00+00:00,,SYMBOL_ALREADY_HAS_OPEN_POSITION
REJECTED,EURUSD,BUY,2016-03-29 17:00:00+00:00,,CORRELATED_OR_PORTFOLIO_RISK_CAP
REJECTED,GBPUSD,BUY,2016-03-29 17:00:00+00:00,,SYMBOL_ALREADY_HAS_OPEN_POSITION
REJECTED,EURUSD,BUY,2016-03-29 18:00:00+00:00,,CORRELATED_OR_PORTFOLIO_RISK_CAP
REJECTED,GBPUSD,BUY,2016-03-29 18:00:00+00:00,,SYMBOL_ALREADY_HAS_OPEN_POSITION
REJECTED,EURUSD,BUY,2016-03-29 19:00:00+00:00,,CORRELATED_OR_PORTFOLIO_RISK_CAP
REJECTED,EURUSD,BUY,2016-03-29 20:00:00+00:00,,CORRELATED_OR_PORTFOLIO_RISK_CAP
REJECTED,EURUSD,BUY,2016-03-30 07:00:00+00:00,,CORRELATED_OR_PORTFOLIO_RISK_CAP
REJECTED,GBPUSD,BUY,2016-03-30 07:00:00+00:00,,SYMBOL_ALREADY_HAS_OPEN_POSITION
REJECTED,EURUSD,BUY,2016-03-30 08:00:00+00:00,,CORRELATED_OR_PORTFOLIO_RISK_CAP
REJECTED,GBPUSD,BUY,2016-03-30 08:00:00+00:00,,SYMBOL_ALREADY_HAS_OPEN_POSITION
REJECTED,EURUSD,BUY,2016-03-30 12:00:00+00:00,,CORRELATED_OR_PORTFOLIO_RISK_CAP
REJECTED,EURUSD,BUY,2016-03-30 15:00:00+00:00,,CORRELATED_OR_PORTFOLIO_RISK_CAP
REJECTED,GBPUSD,SELL,2016-03-31 03:00:00+00:00,,SYMBOL_ALREADY_HAS_OPEN_POSITION
REJECTED,EURUSD,BUY,2016-03-31 11:00:00+00:00,,SYMBOL_ALREADY_HAS_OPEN_POSITION
REJECTED,EURUSD,BUY,2016-03-31 12:00:00+00:00,,SYMBOL_ALREADY_HAS_OPEN_POSITION
REJECTED,EURUSD,BUY,2016-03-31 14:00:00+00:00,,SYMBOL_ALREADY_HAS_OPEN_POSITION
REJECTED,GBPUSD,SELL,2016-04-01 13:00:00+00:00,,SYMBOL_ALREADY_HAS_OPEN_POSITION
REJECTED,GBPUSD,SELL,2016-04-01 14:00:00+00:00,,SYMBOL_ALREADY_HAS_OPEN_POSITION
REJECTED,EURUSD,SELL,2016-04-01 15:00:00+00:00,,CORRELATED_OR_PORTFOLIO_RISK_CAP
REJECTED,GBPUSD,BUY,2016-04-04 13:00:00+00:00,,SYMBOL_ALREADY_HAS_OPEN_POSITION
REJECTED,GBPUSD,SELL,2016-04-05 12:00:00+00:00,,SYMBOL_ALREADY_HAS_OPEN_POSITION
REJECTED,GBPUSD,SELL,2016-04-05 14:00:00+00:00,,SYMBOL_ALREADY_HAS_OPEN_POSITION
REJECTED,GBPUSD,SELL,2016-04-05 15:00:00+00:00,,SYMBOL_ALREADY_HAS_OPEN_POSITION
REJECTED,GBPUSD,SELL,2016-04-06 11:00:00+00:00,,SYMBOL_ALREADY_HAS_OPEN_POSITION
REJECTED,GBPUSD,SELL,2016-04-06 12:00:00+00:00,,SYMBOL_ALREADY_HAS_OPEN_POSITION
REJECTED,EURUSD,BUY,2016-04-07 07:00:00+00:00,,SYMBOL_ALREADY_HAS_OPEN_POSITION
REJECTED,GBPUSD,BUY,2016-04-11 09:00:00+00:00,,SYMBOL_ALREADY_HAS_OPEN_POSITION
REJECTED,GBPUSD,BUY,2016-04-11 11:00:00+00:00,,SYMBOL_ALREADY_HAS_OPEN_POSITION
REJECTED,EURUSD,BUY,2016-04-11 14:00:00+00:00,,CORRELATED_OR_PORTFOLIO_RISK_CAP
REJECTED,GBPUSD,BUY,2016-04-11 14:00:00+00:00,,SYMBOL_ALREADY_HAS_OPEN_POSITION
REJECTED,GBPUSD,BUY,2016-04-12 09:00:00+00:00,,SYMBOL_ALREADY_HAS_OPEN_POSITION
REJECTED,EURUSD,SELL,2016-04-12 13:00:00+00:00,,CORRELATED_OR_PORTFOLIO_RISK_CAP
REJECTED,EURUSD,SELL,2016-04-13 09:00:00+00:00,,SYMBOL_ALREADY_HAS_OPEN_POSITION
REJECTED,EURUSD,SELL,2016-04-13 10:00:00+00:00,,SYMBOL_ALREADY_HAS_OPEN_POSITION
REJECTED,EURUSD,SELL,2016-04-13 11:00:00+00:00,,SYMBOL_ALREADY_HAS_OPEN_POSITION
REJECTED,EURUSD,SELL,2016-04-13 14:00:00+00:00,,SYMBOL_ALREADY_HAS_OPEN_POSITION
REJECTED,GBPUSD,SELL,2016-04-14 00:00:00+00:00,,CORRELATED_OR_PORTFOLIO_RISK_CAP
REJECTED,EURUSD,SELL,2016-04-14 01:00:00+00:00,,SYMBOL_ALREADY_HAS_OPEN_POSITION
REJECTED,GBPUSD,SELL,2016-04-14 01:00:00+00:00,,CORRELATED_OR_PORTFOLIO_RISK_CAP
REJECTED,EURUSD,SELL,2016-04-14 02:00:00+00:00,,SYMBOL_ALREADY_HAS_OPEN_POSITION
REJECTED,GBPUSD,SELL,2016-04-14 02:00:00+00:00,,CORRELATED_OR_PORTFOLIO_RISK_CAP
REJECTED,GBPUSD,SELL,2016-04-14 04:00:00+00:00,,CORRELATED_OR_PORTFOLIO_RISK_CAP
REJECTED,GBPUSD,SELL,2016-04-14 05:00:00+00:00,,CORRELATED_OR_PORTFOLIO_RISK_CAP
REJECTED,GBPUSD,SELL,2016-04-14 06:00:00+00:00,,CORRELATED_OR_PORTFOLIO_RISK_CAP
REJECTED,EURUSD,BUY,2016-04-15 12:00:00+00:00,,CORRELATED_OR_PORTFOLIO_RISK_CAP
REJECTED,GBPUSD,BUY,2016-04-15 16:00:00+00:00,,SYMBOL_ALREADY_HAS_OPEN_POSITION
REJECTED,GBPUSD,BUY,2016-04-15 17:00:00+00:00,,SYMBOL_ALREADY_HAS_OPEN_POSITION
REJECTED,GBPUSD,BUY,2016-04-19 02:00:00+00:00,,SYMBOL_ALREADY_HAS_OPEN_POSITION
REJECTED,GBPUSD,BUY,2016-04-19 04:00:00+00:00,,SYMBOL_ALREADY_HAS_OPEN_POSITION
REJECTED,EURUSD,BUY,2016-04-19 07:00:00+00:00,,SYMBOL_ALREADY_HAS_OPEN_POSITION
REJECTED,GBPUSD,BUY,2016-04-19 07:00:00+00:00,,SYMBOL_ALREADY_HAS_OPEN_POSITION
REJECTED,GBPUSD,BUY,2016-04-19 10:00:00+00:00,,SYMBOL_ALREADY_HAS_OPEN_POSITION
REJECTED,GBPUSD,BUY,2016-04-19 11:00:00+00:00,,SYMBOL_ALREADY_HAS_OPEN_POSITION
REJECTED,EURUSD,BUY,2016-04-19 13:00:00+00:00,,SYMBOL_ALREADY_HAS_OPEN_POSITION
REJECTED,EURUSD,BUY,2016-04-19 14:00:00+00:00,,SYMBOL_ALREADY_HAS_OPEN_POSITION
REJECTED,GBPUSD,BUY,2016-04-19 14:00:00+00:00,,SYMBOL_ALREADY_HAS_OPEN_POSITION
REJECTED,EURUSD,SELL,2016-04-20 15:00:00+00:00,,SYMBOL_ALREADY_HAS_OPEN_POSITION
REJECTED,EURUSD,SELL,2016-04-20 18:00:00+00:00,,SYMBOL_ALREADY_HAS_OPEN_POSITION
REJECTED,EURUSD,SELL,2016-04-20 20:00:00+00:00,,SYMBOL_ALREADY_HAS_OPEN_POSITION
REJECTED,GBPUSD,SELL,2016-04-20 20:00:00+00:00,,CORRELATED_OR_PORTFOLIO_RISK_CAP
REJECTED,GBPUSD,SELL,2016-04-20 21:00:00+00:00,,CORRELATED_OR_PORTFOLIO_RISK_CAP
REJECTED,GBPUSD,SELL,2016-04-21 01:00:00+00:00,,CORRELATED_OR_PORTFOLIO_RISK_CAP
REJECTED,GBPUSD,SELL,2016-04-21 09:00:00+00:00,,CORRELATED_OR_PORTFOLIO_RISK_CAP
REJECTED,GBPUSD,BUY,2016-04-22 12:00:00+00:00,,SYMBOL_ALREADY_HAS_OPEN_POSITION
REJECTED,GBPUSD,BUY,2016-04-22 14:00:00+00:00,,SYMBOL_ALREADY_HAS_OPEN_POSITION
REJECTED,EURUSD,SELL,2016-04-22 16:00:00+00:00,,SYMBOL_ALREADY_HAS_OPEN_POSITION
REJECTED,EURUSD,SELL,2016-04-22 17:00:00+00:00,,SYMBOL_ALREADY_HAS_OPEN_POSITION
REJECTED,EURUSD,SELL,2016-04-22 18:00:00+00:00,,SYMBOL_ALREADY_HAS_OPEN_POSITION
REJECTED,EURUSD,SELL,2016-04-22 21:00:00+00:00,,SYMBOL_ALREADY_HAS_OPEN_POSITION
REJECTED,GBPUSD,BUY,2016-04-24 22:00:00+00:00,,SYMBOL_ALREADY_HAS_OPEN_POSITION
REJECTED,EURUSD,BUY,2016-04-26 08:00:00+00:00,,SYMBOL_ALREADY_HAS_OPEN_POSITION
REJECTED,GBPUSD,BUY,2016-04-26 08:00:00+00:00,,SYMBOL_ALREADY_HAS_OPEN_POSITION
REJECTED,EURUSD,BUY,2016-04-26 09:00:00+00:00,,SYMBOL_ALREADY_HAS_OPEN_POSITION
REJECTED,GBPUSD,BUY,2016-04-26 09:00:00+00:00,,SYMBOL_ALREADY_HAS_OPEN_POSITION
REJECTED,EURUSD,BUY,2016-04-26 13:00:00+00:00,,SYMBOL_ALREADY_HAS_OPEN_POSITION
REJECTED,GBPUSD,BUY,2016-04-26 13:00:00+00:00,,SYMBOL_ALREADY_HAS_OPEN_POSITION
REJECTED,EURUSD,BUY,2016-04-26 14:00:00+00:00,,SYMBOL_ALREADY_HAS_OPEN_POSITION
REJECTED,GBPUSD,BUY,2016-04-26 14:00:00+00:00,,SYMBOL_ALREADY_HAS_OPEN_POSITION
REJECTED,EURUSD,BUY,2016-04-27 18:00:00+00:00,,SYMBOL_ALREADY_HAS_OPEN_POSITION
REJECTED,EURUSD,BUY,2016-04-29 02:00:00+00:00,,CORRELATED_OR_PORTFOLIO_RISK_CAP
REJECTED,GBPUSD,BUY,2016-04-29 02:00:00+00:00,,SYMBOL_ALREADY_HAS_OPEN_POSITION
REJECTED,EURUSD,BUY,2016-04-29 05:00:00+00:00,,CORRELATED_OR_PORTFOLIO_RISK_CAP
REJECTED,EURUSD,BUY,2016-04-29 14:00:00+00:00,,SYMBOL_ALREADY_HAS_OPEN_POSITION
REJECTED,EURUSD,BUY,2016-04-29 15:00:00+00:00,,SYMBOL_ALREADY_HAS_OPEN_POSITION
REJECTED,EURUSD,BUY,2016-05-01 22:00:00+00:00,,SYMBOL_ALREADY_HAS_OPEN_POSITION
REJECTED,EURUSD,BUY,2016-05-02 01:00:00+00:00,,SYMBOL_ALREADY_HAS_OPEN_POSITION
REJECTED,EURUSD,BUY,2016-05-02 10:00:00+00:00,,SYMBOL_ALREADY_HAS_OPEN_POSITION
REJECTED,GBPUSD,BUY,2016-05-02 13:00:00+00:00,,CORRELATED_OR_PORTFOLIO_RISK_CAP
REJECTED,EURUSD,BUY,2016-05-02 14:00:00+00:00,,SYMBOL_ALREADY_HAS_OPEN_POSITION
REJECTED,EURUSD,BUY,2016-05-03 06:00:00+00:00,,SYMBOL_ALREADY_HAS_OPEN_POSITION
REJECTED,EURUSD,BUY,2016-05-03 07:00:00+00:00,,SYMBOL_ALREADY_HAS_OPEN_POSITION
REJECTED,GBPUSD,BUY,2016-05-03 07:00:00+00:00,,CORRELATED_OR_PORTFOLIO_RISK_CAP
REJECTED,EURUSD,BUY,2016-05-03 08:00:00+00:00,,SYMBOL_ALREADY_HAS_OPEN_POSITION
REJECTED,GBPUSD,BUY,2016-05-03 08:00:00+00:00,,CORRELATED_OR_PORTFOLIO_RISK_CAP
REJECTED,GBPUSD,SELL,2016-05-03 12:00:00+00:00,,CORRELATED_OR_PORTFOLIO_RISK_CAP
REJECTED,GBPUSD,SELL,2016-05-03 13:00:00+00:00,,CORRELATED_OR_PORTFOLIO_RISK_CAP
REJECTED,GBPUSD,SELL,2016-05-03 14:00:00+00:00,,CORRELATED_OR_PORTFOLIO_RISK_CAP
REJECTED,GBPUSD,SELL,2016-05-03 16:00:00+00:00,,SYMBOL_ALREADY_HAS_OPEN_POSITION
REJECTED,EURUSD,SELL,2016-05-03 21:00:00+00:00,,SYMBOL_ALREADY_HAS_OPEN_POSITION
REJECTED,EURUSD,SELL,2016-05-04 02:00:00+00:00,,SYMBOL_ALREADY_HAS_OPEN_POSITION
REJECTED,GBPUSD,SELL,2016-05-04 02:00:00+00:00,,SYMBOL_ALREADY_HAS_OPEN_POSITION
REJECTED,GBPUSD,SELL,2016-05-04 03:00:00+00:00,,SYMBOL_ALREADY_HAS_OPEN_POSITION
REJECTED,GBPUSD,SELL,2016-05-04 09:00:00+00:00,,SYMBOL_ALREADY_HAS_OPEN_POSITION
REJECTED,EURUSD,SELL,2016-05-05 08:00:00+00:00,,SYMBOL_ALREADY_HAS_OPEN_POSITION
REJECTED,EURUSD,SELL,2016-05-05 09:00:00+00:00,,SYMBOL_ALREADY_HAS_OPEN_POSITION
REJECTED,EURUSD,SELL,2016-05-05 11:00:00+00:00,,SYMBOL_ALREADY_HAS_OPEN_POSITION
REJECTED,GBPUSD,SELL,2016-05-05 11:00:00+00:00,,CORRELATED_OR_PORTFOLIO_RISK_CAP
REJECTED,EURUSD,SELL,2016-05-05 14:00:00+00:00,,SYMBOL_ALREADY_HAS_OPEN_POSITION
REJECTED,EURUSD,SELL,2016-05-05 15:00:00+00:00,,SYMBOL_ALREADY_HAS_OPEN_POSITION
REJECTED,GBPUSD,SELL,2016-05-06 19:00:00+00:00,,SYMBOL_ALREADY_HAS_OPEN_POSITION
REJECTED,EURUSD,SELL,2016-05-09 00:00:00+00:00,,CORRELATED_OR_PORTFOLIO_RISK_CAP
REJECTED,EURUSD,SELL,2016-05-09 01:00:00+00:00,,CORRELATED_OR_PORTFOLIO_RISK_CAP
REJECTED,EURUSD,BUY,2016-05-11 14:00:00+00:00,,SYMBOL_ALREADY_HAS_OPEN_POSITION
REJECTED,EURUSD,BUY,2016-05-11 15:00:00+00:00,,SYMBOL_ALREADY_HAS_OPEN_POSITION
REJECTED,EURUSD,BUY,2016-05-11 16:00:00+00:00,,SYMBOL_ALREADY_HAS_OPEN_POSITION
REJECTED,GBPUSD,BUY,2016-05-11 16:00:00+00:00,,CORRELATED_OR_PORTFOLIO_RISK_CAP
REJECTED,EURUSD,SELL,2016-05-12 12:00:00+00:00,,SYMBOL_ALREADY_HAS_OPEN_POSITION
REJECTED,EURUSD,SELL,2016-05-13 13:00:00+00:00,,SYMBOL_ALREADY_HAS_OPEN_POSITION
REJECTED,GBPUSD,SELL,2016-05-13 13:00:00+00:00,,SYMBOL_ALREADY_HAS_OPEN_POSITION
REJECTED,EURUSD,SELL,2016-05-13 14:00:00+00:00,,SYMBOL_ALREADY_HAS_OPEN_POSITION
REJECTED,EURUSD,SELL,2016-05-13 15:00:00+00:00,,SYMBOL_ALREADY_HAS_OPEN_POSITION
REJECTED,GBPUSD,SELL,2016-05-13 15:00:00+00:00,,SYMBOL_ALREADY_HAS_OPEN_POSITION
REJECTED,GBPUSD,SELL,2016-05-16 10:00:00+00:00,,SYMBOL_ALREADY_HAS_OPEN_POSITION
REJECTED,GBPUSD,BUY,2016-05-16 15:00:00+00:00,,SYMBOL_ALREADY_HAS_OPEN_POSITION
REJECTED,GBPUSD,BUY,2016-05-16 16:00:00+00:00,,SYMBOL_ALREADY_HAS_OPEN_POSITION
REJECTED,GBPUSD,BUY,2016-05-17 00:00:00+00:00,,SYMBOL_ALREADY_HAS_OPEN_POSITION
REJECTED,GBPUSD,BUY,2016-05-17 03:00:00+00:00,,SYMBOL_ALREADY_HAS_OPEN_POSITION
REJECTED,GBPUSD,BUY,2016-05-17 07:00:00+00:00,,SYMBOL_ALREADY_HAS_OPEN_POSITION
REJECTED,EURUSD,SELL,2016-05-18 03:00:00+00:00,,SYMBOL_ALREADY_HAS_OPEN_POSITION
REJECTED,EURUSD,SELL,2016-05-18 06:00:00+00:00,,SYMBOL_ALREADY_HAS_OPEN_POSITION
REJECTED,EURUSD,SELL,2016-05-18 07:00:00+00:00,,SYMBOL_ALREADY_HAS_OPEN_POSITION
REJECTED,EURUSD,SELL,2016-05-18 08:00:00+00:00,,SYMBOL_ALREADY_HAS_OPEN_POSITION
REJECTED,GBPUSD,SELL,2016-05-18 09:00:00+00:00,,CORRELATED_OR_PORTFOLIO_RISK_CAP
REJECTED,GBPUSD,BUY,2016-05-18 14:00:00+00:00,,SYMBOL_ALREADY_HAS_OPEN_POSITION
REJECTED,GBPUSD,BUY,2016-05-18 15:00:00+00:00,,SYMBOL_ALREADY_HAS_OPEN_POSITION
REJECTED,GBPUSD,BUY,2016-05-18 18:00:00+00:00,,SYMBOL_ALREADY_HAS_OPEN_POSITION
REJECTED,EURUSD,SELL,2016-05-18 19:00:00+00:00,,SYMBOL_ALREADY_HAS_OPEN_POSITION
REJECTED,EURUSD,SELL,2016-05-18 20:00:00+00:00,,SYMBOL_ALREADY_HAS_OPEN_POSITION
REJECTED,EURUSD,SELL,2016-05-18 21:00:00+00:00,,SYMBOL_ALREADY_HAS_OPEN_POSITION
REJECTED,EURUSD,SELL,2016-05-19 06:00:00+00:00,,SYMBOL_ALREADY_HAS_OPEN_POSITION
REJECTED,GBPUSD,BUY,2016-05-19 09:00:00+00:00,,CORRELATED_OR_PORTFOLIO_RISK_CAP
REJECTED,EURUSD,SELL,2016-05-19 11:00:00+00:00,,SYMBOL_ALREADY_HAS_OPEN_POSITION
REJECTED,EURUSD,SELL,2016-05-19 12:00:00+00:00,,SYMBOL_ALREADY_HAS_OPEN_POSITION
REJECTED,EURUSD,SELL,2016-05-19 13:00:00+00:00,,SYMBOL_ALREADY_HAS_OPEN_POSITION
REJECTED,GBPUSD,SELL,2016-05-20 14:00:00+00:00,,SYMBOL_ALREADY_HAS_OPEN_POSITION
REJECTED,GBPUSD,SELL,2016-05-20 15:00:00+00:00,,SYMBOL_ALREADY_HAS_OPEN_POSITION
REJECTED,GBPUSD,SELL,2016-05-20 16:00:00+00:00,,SYMBOL_ALREADY_HAS_OPEN_POSITION
REJECTED,GBPUSD,SELL,2016-05-20 20:00:00+00:00,,SYMBOL_ALREADY_HAS_OPEN_POSITION
REJECTED,EURUSD,SELL,2016-05-23 13:00:00+00:00,,CORRELATED_OR_PORTFOLIO_RISK_CAP
REJECTED,GBPUSD,SELL,2016-05-23 16:00:00+00:00,,SYMBOL_ALREADY_HAS_OPEN_POSITION
REJECTED,GBPUSD,BUY,2016-05-24 10:00:00+00:00,,SYMBOL_ALREADY_HAS_OPEN_POSITION
REJECTED,EURUSD,SELL,2016-05-24 13:00:00+00:00,,SYMBOL_ALREADY_HAS_OPEN_POSITION
REJECTED,EURUSD,SELL,2016-05-24 16:00:00+00:00,,SYMBOL_ALREADY_HAS_OPEN_POSITION
REJECTED,GBPUSD,BUY,2016-05-25 08:00:00+00:00,,SYMBOL_ALREADY_HAS_OPEN_POSITION
REJECTED,GBPUSD,BUY,2016-05-25 12:00:00+00:00,,SYMBOL_ALREADY_HAS_OPEN_POSITION
REJECTED,GBPUSD,BUY,2016-05-25 13:00:00+00:00,,SYMBOL_ALREADY_HAS_OPEN_POSITION
REJECTED,GBPUSD,BUY,2016-05-25 15:00:00+00:00,,SYMBOL_ALREADY_HAS_OPEN_POSITION
REJECTED,EURUSD,BUY,2016-05-26 01:00:00+00:00,,CORRELATED_OR_PORTFOLIO_RISK_CAP
REJECTED,EURUSD,BUY,2016-05-26 04:00:00+00:00,,CORRELATED_OR_PORTFOLIO_RISK_CAP
REJECTED,GBPUSD,SELL,2016-05-26 17:00:00+00:00,,SYMBOL_ALREADY_HAS_OPEN_POSITION
REJECTED,EURUSD,SELL,2016-05-27 12:00:00+00:00,,CORRELATED_OR_PORTFOLIO_RISK_CAP
REJECTED,EURUSD,SELL,2016-05-27 13:00:00+00:00,,CORRELATED_OR_PORTFOLIO_RISK_CAP
REJECTED,EURUSD,SELL,2016-05-27 14:00:00+00:00,,CORRELATED_OR_PORTFOLIO_RISK_CAP
REJECTED,EURUSD,SELL,2016-05-27 15:00:00+00:00,,CORRELATED_OR_PORTFOLIO_RISK_CAP
REJECTED,EURUSD,SELL,2016-05-27 18:00:00+00:00,,CORRELATED_OR_PORTFOLIO_RISK_CAP
REJECTED,EURUSD,SELL,2016-05-27 19:00:00+00:00,,CORRELATED_OR_PORTFOLIO_RISK_CAP
REJECTED,GBPUSD,SELL,2016-05-27 19:00:00+00:00,,SYMBOL_ALREADY_HAS_OPEN_POSITION
REJECTED,EURUSD,SELL,2016-05-27 21:00:00+00:00,,CORRELATED_OR_PORTFOLIO_RISK_CAP
REJECTED,EURUSD,SELL,2016-05-30 00:00:00+00:00,,CORRELATED_OR_PORTFOLIO_RISK_CAP
REJECTED,EURUSD,SELL,2016-05-30 01:00:00+00:00,,CORRELATED_OR_PORTFOLIO_RISK_CAP
REJECTED,GBPUSD,SELL,2016-05-30 09:00:00+00:00,,SYMBOL_ALREADY_HAS_OPEN_POSITION
REJECTED,GBPUSD,BUY,2016-05-31 02:00:00+00:00,,SYMBOL_ALREADY_HAS_OPEN_POSITION
REJECTED,GBPUSD,BUY,2016-05-31 04:00:00+00:00,,SYMBOL_ALREADY_HAS_OPEN_POSITION
REJECTED,EURUSD,BUY,2016-05-31 14:00:00+00:00,,SYMBOL_ALREADY_HAS_OPEN_POSITION
REJECTED,GBPUSD,SELL,2016-05-31 16:00:00+00:00,,SYMBOL_ALREADY_HAS_OPEN_POSITION
REJECTED,GBPUSD,SELL,2016-05-31 17:00:00+00:00,,SYMBOL_ALREADY_HAS_OPEN_POSITION
REJECTED,GBPUSD,SELL,2016-05-31 18:00:00+00:00,,SYMBOL_ALREADY_HAS_OPEN_POSITION
REJECTED,GBPUSD,SELL,2016-05-31 19:00:00+00:00,,SYMBOL_ALREADY_HAS_OPEN_POSITION
REJECTED,EURUSD,SELL,2016-06-01 02:00:00+00:00,,CORRELATED_OR_PORTFOLIO_RISK_CAP
REJECTED,GBPUSD,SELL,2016-06-01 16:00:00+00:00,,SYMBOL_ALREADY_HAS_OPEN_POSITION
REJECTED,EURUSD,BUY,2016-06-01 20:00:00+00:00,,SYMBOL_ALREADY_HAS_OPEN_POSITION
REJECTED,EURUSD,BUY,2016-06-02 03:00:00+00:00,,SYMBOL_ALREADY_HAS_OPEN_POSITION
REJECTED,GBPUSD,SELL,2016-06-03 00:00:00+00:00,,CORRELATED_OR_PORTFOLIO_RISK_CAP
REJECTED,EURUSD,SELL,2016-06-03 01:00:00+00:00,,SYMBOL_ALREADY_HAS_OPEN_POSITION
REJECTED,EURUSD,SELL,2016-06-03 10:00:00+00:00,,SYMBOL_ALREADY_HAS_OPEN_POSITION
REJECTED,EURUSD,BUY,2016-06-03 14:00:00+00:00,,SYMBOL_ALREADY_HAS_OPEN_POSITION
REJECTED,GBPUSD,BUY,2016-06-03 14:00:00+00:00,,SYMBOL_ALREADY_HAS_OPEN_POSITION
REJECTED,EURUSD,BUY,2016-06-03 20:00:00+00:00,,SYMBOL_ALREADY_HAS_OPEN_POSITION
REJECTED,EURUSD,BUY,2016-06-03 21:00:00+00:00,,SYMBOL_ALREADY_HAS_OPEN_POSITION
REJECTED,GBPUSD,BUY,2016-06-07 05:00:00+00:00,,SYMBOL_ALREADY_HAS_OPEN_POSITION
REJECTED,EURUSD,BUY,2016-06-08 13:00:00+00:00,,SYMBOL_ALREADY_HAS_OPEN_POSITION
REJECTED,EURUSD,BUY,2016-06-08 14:00:00+00:00,,SYMBOL_ALREADY_HAS_OPEN_POSITION
REJECTED,EURUSD,BUY,2016-06-09 02:00:00+00:00,,SYMBOL_ALREADY_HAS_OPEN_POSITION
REJECTED,GBPUSD,SELL,2016-06-09 08:00:00+00:00,,SYMBOL_ALREADY_HAS_OPEN_POSITION
REJECTED,EURUSD,SELL,2016-06-09 09:00:00+00:00,,CORRELATED_OR_PORTFOLIO_RISK_CAP
REJECTED,EURUSD,SELL,2016-06-09 11:00:00+00:00,,CORRELATED_OR_PORTFOLIO_RISK_CAP
REJECTED,EURUSD,SELL,2016-06-09 14:00:00+00:00,,SYMBOL_ALREADY_HAS_OPEN_POSITION
REJECTED,EURUSD,SELL,2016-06-10 01:00:00+00:00,,SYMBOL_ALREADY_HAS_OPEN_POSITION
REJECTED,GBPUSD,SELL,2016-06-10 08:00:00+00:00,,SYMBOL_ALREADY_HAS_OPEN_POSITION
REJECTED,EURUSD,SELL,2016-06-10 10:00:00+00:00,,SYMBOL_ALREADY_HAS_OPEN_POSITION
REJECTED,GBPUSD,SELL,2016-06-10 12:00:00+00:00,,SYMBOL_ALREADY_HAS_OPEN_POSITION
REJECTED,GBPUSD,SELL,2016-06-10 14:00:00+00:00,,SYMBOL_ALREADY_HAS_OPEN_POSITION
REJECTED,EURUSD,SELL,2016-06-10 16:00:00+00:00,,SYMBOL_ALREADY_HAS_OPEN_POSITION
REJECTED,EURUSD,SELL,2016-06-10 18:00:00+00:00,,SYMBOL_ALREADY_HAS_OPEN_POSITION
REJECTED,GBPUSD,SELL,2016-06-10 18:00:00+00:00,,SYMBOL_ALREADY_HAS_OPEN_POSITION
REJECTED,EURUSD,SELL,2016-06-13 00:00:00+00:00,,SYMBOL_ALREADY_HAS_OPEN_POSITION
REJECTED,GBPUSD,SELL,2016-06-13 09:00:00+00:00,,SYMBOL_ALREADY_HAS_OPEN_POSITION
REJECTED,EURUSD,SELL,2016-06-14 10:00:00+00:00,,SYMBOL_ALREADY_HAS_OPEN_POSITION
REJECTED,EURUSD,SELL,2016-06-14 14:00:00+00:00,,SYMBOL_ALREADY_HAS_OPEN_POSITION
REJECTED,EURUSD,SELL,2016-06-16 12:00:00+00:00,,SYMBOL_ALREADY_HAS_OPEN_POSITION
REJECTED,EURUSD,SELL,2016-06-16 13:00:00+00:00,,SYMBOL_ALREADY_HAS_OPEN_POSITION
REJECTED,EURUSD,SELL,2016-06-16 14:00:00+00:00,,SYMBOL_ALREADY_HAS_OPEN_POSITION
REJECTED,GBPUSD,SELL,2016-06-16 14:00:00+00:00,,CORRELATED_OR_PORTFOLIO_RISK_CAP
REJECTED,GBPUSD,SELL,2016-06-16 15:00:00+00:00,,CORRELATED_OR_PORTFOLIO_RISK_CAP
REJECTED,GBPUSD,BUY,2016-06-17 18:00:00+00:00,,SYMBOL_ALREADY_HAS_OPEN_POSITION
REJECTED,GBPUSD,BUY,2016-06-17 19:00:00+00:00,,SYMBOL_ALREADY_HAS_OPEN_POSITION
REJECTED,EURUSD,BUY,2016-06-19 22:00:00+00:00,,CORRELATED_OR_PORTFOLIO_RISK_CAP
REJECTED,GBPUSD,BUY,2016-06-19 22:00:00+00:00,,SYMBOL_ALREADY_HAS_OPEN_POSITION
REJECTED,EURUSD,BUY,2016-06-20 00:00:00+00:00,,CORRELATED_OR_PORTFOLIO_RISK_CAP
REJECTED,GBPUSD,BUY,2016-06-20 00:00:00+00:00,,SYMBOL_ALREADY_HAS_OPEN_POSITION
REJECTED,EURUSD,BUY,2016-06-20 04:00:00+00:00,,CORRELATED_OR_PORTFOLIO_RISK_CAP
REJECTED,EURUSD,BUY,2016-06-20 05:00:00+00:00,,CORRELATED_OR_PORTFOLIO_RISK_CAP
REJECTED,GBPUSD,BUY,2016-06-20 09:00:00+00:00,,SYMBOL_ALREADY_HAS_OPEN_POSITION
REJECTED,GBPUSD,BUY,2016-06-20 15:00:00+00:00,,SYMBOL_ALREADY_HAS_OPEN_POSITION
REJECTED,GBPUSD,BUY,2016-06-21 09:00:00+00:00,,SYMBOL_ALREADY_HAS_OPEN_POSITION
REJECTED,EURUSD,SELL,2016-06-21 13:00:00+00:00,,CORRELATED_OR_PORTFOLIO_RISK_CAP
REJECTED,EURUSD,SELL,2016-06-21 14:00:00+00:00,,CORRELATED_OR_PORTFOLIO_RISK_CAP
REJECTED,EURUSD,BUY,2016-06-22 14:00:00+00:00,,SYMBOL_ALREADY_HAS_OPEN_POSITION
REJECTED,GBPUSD,BUY,2016-06-22 14:00:00+00:00,,SYMBOL_ALREADY_HAS_OPEN_POSITION
REJECTED,EURUSD,BUY,2016-06-23 10:00:00+00:00,,SYMBOL_ALREADY_HAS_OPEN_POSITION
REJECTED,GBPUSD,BUY,2016-06-23 10:00:00+00:00,,SYMBOL_ALREADY_HAS_OPEN_POSITION
REJECTED,GBPUSD,BUY,2016-06-23 11:00:00+00:00,,SYMBOL_ALREADY_HAS_OPEN_POSITION
REJECTED,EURUSD,BUY,2016-06-23 22:00:00+00:00,,SYMBOL_ALREADY_HAS_OPEN_POSITION
REJECTED,GBPUSD,BUY,2016-06-23 22:00:00+00:00,,SYMBOL_ALREADY_HAS_OPEN_POSITION
REJECTED,EURUSD,SELL,2016-06-24 02:00:00+00:00,,CORRELATED_OR_PORTFOLIO_RISK_CAP
REJECTED,EURUSD,SELL,2016-06-24 03:00:00+00:00,,CORRELATED_OR_PORTFOLIO_RISK_CAP
REJECTED,GBPUSD,SELL,2016-06-24 03:00:00+00:00,,SYMBOL_ALREADY_HAS_OPEN_POSITION
REJECTED,EURUSD,SELL,2016-06-24 04:00:00+00:00,,CORRELATED_OR_PORTFOLIO_RISK_CAP
REJECTED,GBPUSD,SELL,2016-06-24 04:00:00+00:00,,SYMBOL_ALREADY_HAS_OPEN_POSITION
REJECTED,GBPUSD,SELL,2016-06-27 09:00:00+00:00,,SYMBOL_ALREADY_HAS_OPEN_POSITION
REJECTED,GBPUSD,SELL,2016-06-27 10:00:00+00:00,,SYMBOL_ALREADY_HAS_OPEN_POSITION
REJECTED,GBPUSD,SELL,2016-06-27 11:00:00+00:00,,SYMBOL_ALREADY_HAS_OPEN_POSITION
REJECTED,GBPUSD,SELL,2016-06-27 12:00:00+00:00,,SYMBOL_ALREADY_HAS_OPEN_POSITION
REJECTED,GBPUSD,SELL,2016-06-27 15:00:00+00:00,,SYMBOL_ALREADY_HAS_OPEN_POSITION
REJECTED,EURUSD,BUY,2016-06-28 10:00:00+00:00,,SYMBOL_ALREADY_HAS_OPEN_POSITION
REJECTED,GBPUSD,BUY,2016-06-28 13:00:00+00:00,,SYMBOL_ALREADY_HAS_OPEN_POSITION
REJECTED,GBPUSD,BUY,2016-06-29 12:00:00+00:00,,SYMBOL_ALREADY_HAS_OPEN_POSITION
REJECTED,GBPUSD,BUY,2016-06-29 13:00:00+00:00,,SYMBOL_ALREADY_HAS_OPEN_POSITION
REJECTED,EURUSD,BUY,2016-06-29 14:00:00+00:00,,SYMBOL_ALREADY_HAS_OPEN_POSITION
REJECTED,GBPUSD,BUY,2016-06-29 14:00:00+00:00,,SYMBOL_ALREADY_HAS_OPEN_POSITION
REJECTED,GBPUSD,BUY,2016-06-29 15:00:00+00:00,,SYMBOL_ALREADY_HAS_OPEN_POSITION
REJECTED,EURUSD,BUY,2016-07-04 19:00:00+00:00,,SYMBOL_ALREADY_HAS_OPEN_POSITION
REJECTED,GBPUSD,SELL,2016-07-05 08:00:00+00:00,,SYMBOL_ALREADY_HAS_OPEN_POSITION
REJECTED,GBPUSD,SELL,2016-07-05 09:00:00+00:00,,SYMBOL_ALREADY_HAS_OPEN_POSITION
REJECTED,GBPUSD,SELL,2016-07-05 13:00:00+00:00,,SYMBOL_ALREADY_HAS_OPEN_POSITION
REJECTED,EURUSD,SELL,2016-07-05 15:00:00+00:00,,CORRELATED_OR_PORTFOLIO_RISK_CAP
REJECTED,GBPUSD,SELL,2016-07-05 15:00:00+00:00,,SYMBOL_ALREADY_HAS_OPEN_POSITION
REJECTED,EURUSD,SELL,2016-07-05 16:00:00+00:00,,CORRELATED_OR_PORTFOLIO_RISK_CAP
REJECTED,GBPUSD,SELL,2016-07-05 16:00:00+00:00,,SYMBOL_ALREADY_HAS_OPEN_POSITION
REJECTED,GBPUSD,SELL,2016-07-05 23:00:00+00:00,,SYMBOL_ALREADY_HAS_OPEN_POSITION
REJECTED,GBPUSD,SELL,2016-07-06 00:00:00+00:00,,SYMBOL_ALREADY_HAS_OPEN_POSITION
REJECTED,EURUSD,SELL,2016-07-06 01:00:00+00:00,,CORRELATED_OR_PORTFOLIO_RISK_CAP
REJECTED,EURUSD,SELL,2016-07-06 02:00:00+00:00,,CORRELATED_OR_PORTFOLIO_RISK_CAP
REJECTED,GBPUSD,SELL,2016-07-06 02:00:00+00:00,,SYMBOL_ALREADY_HAS_OPEN_POSITION
REJECTED,EURUSD,SELL,2016-07-06 03:00:00+00:00,,CORRELATED_OR_PORTFOLIO_RISK_CAP
REJECTED,GBPUSD,SELL,2016-07-06 03:00:00+00:00,,SYMBOL_ALREADY_HAS_OPEN_POSITION
REJECTED,EURUSD,BUY,2016-07-06 17:00:00+00:00,,CORRELATED_OR_PORTFOLIO_RISK_CAP
REJECTED,EURUSD,BUY,2016-07-06 19:00:00+00:00,,CORRELATED_OR_PORTFOLIO_RISK_CAP
REJECTED,GBPUSD,BUY,2016-07-07 11:00:00+00:00,,SYMBOL_ALREADY_HAS_OPEN_POSITION
REJECTED,GBPUSD,SELL,2016-07-11 09:00:00+00:00,,SYMBOL_ALREADY_HAS_OPEN_POSITION
REJECTED,EURUSD,BUY,2016-07-12 02:00:00+00:00,,SYMBOL_ALREADY_HAS_OPEN_POSITION
REJECTED,GBPUSD,BUY,2016-07-12 02:00:00+00:00,,CORRELATED_OR_PORTFOLIO_RISK_CAP
REJECTED,EURUSD,BUY,2016-07-12 03:00:00+00:00,,SYMBOL_ALREADY_HAS_OPEN_POSITION
REJECTED,GBPUSD,BUY,2016-07-12 03:00:00+00:00,,CORRELATED_OR_PORTFOLIO_RISK_CAP
REJECTED,EURUSD,BUY,2016-07-12 08:00:00+00:00,,SYMBOL_ALREADY_HAS_OPEN_POSITION
REJECTED,GBPUSD,BUY,2016-07-12 08:00:00+00:00,,CORRELATED_OR_PORTFOLIO_RISK_CAP
REJECTED,GBPUSD,BUY,2016-07-12 10:00:00+00:00,,CORRELATED_OR_PORTFOLIO_RISK_CAP
REJECTED,GBPUSD,BUY,2016-07-12 17:00:00+00:00,,SYMBOL_ALREADY_HAS_OPEN_POSITION
REJECTED,GBPUSD,SELL,2016-07-13 16:00:00+00:00,,SYMBOL_ALREADY_HAS_OPEN_POSITION
REJECTED,GBPUSD,SELL,2016-07-13 20:00:00+00:00,,SYMBOL_ALREADY_HAS_OPEN_POSITION
REJECTED,GBPUSD,SELL,2016-07-13 22:00:00+00:00,,SYMBOL_ALREADY_HAS_OPEN_POSITION
REJECTED,GBPUSD,SELL,2016-07-13 23:00:00+00:00,,SYMBOL_ALREADY_HAS_OPEN_POSITION
REJECTED,EURUSD,BUY,2016-07-14 12:00:00+00:00,,SYMBOL_ALREADY_HAS_OPEN_POSITION
REJECTED,GBPUSD,BUY,2016-07-14 12:00:00+00:00,,CORRELATED_OR_PORTFOLIO_RISK_CAP
REJECTED,EURUSD,SELL,2016-07-15 15:00:00+00:00,,SYMBOL_ALREADY_HAS_OPEN_POSITION
REJECTED,GBPUSD,SELL,2016-07-15 15:00:00+00:00,,SYMBOL_ALREADY_HAS_OPEN_POSITION
REJECTED,EURUSD,SELL,2016-07-15 16:00:00+00:00,,SYMBOL_ALREADY_HAS_OPEN_POSITION
REJECTED,GBPUSD,SELL,2016-07-15 16:00:00+00:00,,SYMBOL_ALREADY_HAS_OPEN_POSITION
REJECTED,GBPUSD,SELL,2016-07-15 17:00:00+00:00,,SYMBOL_ALREADY_HAS_OPEN_POSITION
REJECTED,EURUSD,SELL,2016-07-15 21:00:00+00:00,,SYMBOL_ALREADY_HAS_OPEN_POSITION
REJECTED,GBPUSD,SELL,2016-07-19 11:00:00+00:00,,SYMBOL_ALREADY_HAS_OPEN_POSITION
REJECTED,EURUSD,SELL,2016-07-19 12:00:00+00:00,,CORRELATED_OR_PORTFOLIO_RISK_CAP
REJECTED,GBPUSD,SELL,2016-07-19 12:00:00+00:00,,SYMBOL_ALREADY_HAS_OPEN_POSITION
REJECTED,GBPUSD,SELL,2016-07-19 13:00:00+00:00,,SYMBOL_ALREADY_HAS_OPEN_POSITION
REJECTED,EURUSD,SELL,2016-07-19 15:00:00+00:00,,CORRELATED_OR_PORTFOLIO_RISK_CAP
REJECTED,EURUSD,SELL,2016-07-20 07:00:00+00:00,,CORRELATED_OR_PORTFOLIO_RISK_CAP
REJECTED,GBPUSD,BUY,2016-07-20 20:00:00+00:00,,SYMBOL_ALREADY_HAS_OPEN_POSITION
REJECTED,GBPUSD,BUY,2016-07-20 22:00:00+00:00,,SYMBOL_ALREADY_HAS_OPEN_POSITION
REJECTED,EURUSD,BUY,2016-07-21 04:00:00+00:00,,CORRELATED_OR_PORTFOLIO_RISK_CAP
REJECTED,GBPUSD,SELL,2016-07-22 11:00:00+00:00,,SYMBOL_ALREADY_HAS_OPEN_POSITION
REJECTED,GBPUSD,SELL,2016-07-22 14:00:00+00:00,,SYMBOL_ALREADY_HAS_OPEN_POSITION
REJECTED,EURUSD,SELL,2016-07-22 15:00:00+00:00,,CORRELATED_OR_PORTFOLIO_RISK_CAP
REJECTED,EURUSD,SELL,2016-07-22 16:00:00+00:00,,CORRELATED_OR_PORTFOLIO_RISK_CAP
REJECTED,EURUSD,BUY,2016-07-26 06:00:00+00:00,,SYMBOL_ALREADY_HAS_OPEN_POSITION
REJECTED,EURUSD,BUY,2016-07-27 20:00:00+00:00,,SYMBOL_ALREADY_HAS_OPEN_POSITION
REJECTED,GBPUSD,BUY,2016-07-27 20:00:00+00:00,,SYMBOL_ALREADY_HAS_OPEN_POSITION
REJECTED,EURUSD,BUY,2016-07-28 07:00:00+00:00,,SYMBOL_ALREADY_HAS_OPEN_POSITION
REJECTED,EURUSD,BUY,2016-07-28 08:00:00+00:00,,SYMBOL_ALREADY_HAS_OPEN_POSITION
REJECTED,EURUSD,BUY,2016-07-29 12:00:00+00:00,,SYMBOL_ALREADY_HAS_OPEN_POSITION
REJECTED,EURUSD,BUY,2016-07-29 13:00:00+00:00,,SYMBOL_ALREADY_HAS_OPEN_POSITION
REJECTED,GBPUSD,BUY,2016-07-29 13:00:00+00:00,,CORRELATED_OR_PORTFOLIO_RISK_CAP
REJECTED,EURUSD,BUY,2016-07-29 14:00:00+00:00,,SYMBOL_ALREADY_HAS_OPEN_POSITION
REJECTED,EURUSD,BUY,2016-07-29 15:00:00+00:00,,SYMBOL_ALREADY_HAS_OPEN_POSITION
REJECTED,GBPUSD,BUY,2016-07-29 15:00:00+00:00,,CORRELATED_OR_PORTFOLIO_RISK_CAP
REJECTED,EURUSD,BUY,2016-08-02 14:00:00+00:00,,SYMBOL_ALREADY_HAS_OPEN_POSITION
REJECTED,EURUSD,BUY,2016-08-02 15:00:00+00:00,,SYMBOL_ALREADY_HAS_OPEN_POSITION
REJECTED,GBPUSD,BUY,2016-08-02 15:00:00+00:00,,SYMBOL_ALREADY_HAS_OPEN_POSITION
REJECTED,GBPUSD,BUY,2016-08-02 17:00:00+00:00,,SYMBOL_ALREADY_HAS_OPEN_POSITION
REJECTED,EURUSD,SELL,2016-08-03 14:00:00+00:00,,SYMBOL_ALREADY_HAS_OPEN_POSITION
REJECTED,EURUSD,SELL,2016-08-03 15:00:00+00:00,,SYMBOL_ALREADY_HAS_OPEN_POSITION
REJECTED,EURUSD,SELL,2016-08-03 18:00:00+00:00,,SYMBOL_ALREADY_HAS_OPEN_POSITION
REJECTED,EURUSD,SELL,2016-08-04 07:00:00+00:00,,SYMBOL_ALREADY_HAS_OPEN_POSITION
REJECTED,EURUSD,SELL,2016-08-04 10:00:00+00:00,,SYMBOL_ALREADY_HAS_OPEN_POSITION
REJECTED,GBPUSD,SELL,2016-08-04 11:00:00+00:00,,CORRELATED_OR_PORTFOLIO_RISK_CAP
REJECTED,EURUSD,SELL,2016-08-04 12:00:00+00:00,,SYMBOL_ALREADY_HAS_OPEN_POSITION
REJECTED,GBPUSD,SELL,2016-08-04 12:00:00+00:00,,CORRELATED_OR_PORTFOLIO_RISK_CAP
REJECTED,GBPUSD,SELL,2016-08-04 18:00:00+00:00,,CORRELATED_OR_PORTFOLIO_RISK_CAP
REJECTED,EURUSD,BUY,2016-08-05 12:00:00+00:00,,SYMBOL_ALREADY_HAS_OPEN_POSITION
REJECTED,GBPUSD,BUY,2016-08-05 12:00:00+00:00,,SYMBOL_ALREADY_HAS_OPEN_POSITION
REJECTED,EURUSD,SELL,2016-08-05 14:00:00+00:00,,SYMBOL_ALREADY_HAS_OPEN_POSITION
REJECTED,GBPUSD,SELL,2016-08-05 14:00:00+00:00,,SYMBOL_ALREADY_HAS_OPEN_POSITION
REJECTED,GBPUSD,SELL,2016-08-09 01:00:00+00:00,,SYMBOL_ALREADY_HAS_OPEN_POSITION
REJECTED,GBPUSD,SELL,2016-08-09 02:00:00+00:00,,SYMBOL_ALREADY_HAS_OPEN_POSITION
REJECTED,GBPUSD,SELL,2016-08-09 07:00:00+00:00,,SYMBOL_ALREADY_HAS_OPEN_POSITION
REJECTED,EURUSD,BUY,2016-08-10 01:00:00+00:00,,SYMBOL_ALREADY_HAS_OPEN_POSITION
REJECTED,GBPUSD,BUY,2016-08-10 01:00:00+00:00,,CORRELATED_OR_PORTFOLIO_RISK_CAP
REJECTED,EURUSD,BUY,2016-08-10 02:00:00+00:00,,SYMBOL_ALREADY_HAS_OPEN_POSITION
REJECTED,EURUSD,BUY,2016-08-10 10:00:00+00:00,,SYMBOL_ALREADY_HAS_OPEN_POSITION
REJECTED,EURUSD,BUY,2016-08-10 12:00:00+00:00,,SYMBOL_ALREADY_HAS_OPEN_POSITION
REJECTED,GBPUSD,SELL,2016-08-11 09:00:00+00:00,,SYMBOL_ALREADY_HAS_OPEN_POSITION
REJECTED,EURUSD,SELL,2016-08-12 01:00:00+00:00,,SYMBOL_ALREADY_HAS_OPEN_POSITION
REJECTED,GBPUSD,SELL,2016-08-12 17:00:00+00:00,,SYMBOL_ALREADY_HAS_OPEN_POSITION
REJECTED,GBPUSD,SELL,2016-08-15 12:00:00+00:00,,SYMBOL_ALREADY_HAS_OPEN_POSITION
REJECTED,GBPUSD,SELL,2016-08-15 13:00:00+00:00,,SYMBOL_ALREADY_HAS_OPEN_POSITION
REJECTED,EURUSD,BUY,2016-08-16 06:00:00+00:00,,SYMBOL_ALREADY_HAS_OPEN_POSITION
REJECTED,EURUSD,BUY,2016-08-16 07:00:00+00:00,,SYMBOL_ALREADY_HAS_OPEN_POSITION
REJECTED,EURUSD,BUY,2016-08-16 08:00:00+00:00,,SYMBOL_ALREADY_HAS_OPEN_POSITION
REJECTED,GBPUSD,BUY,2016-08-16 08:00:00+00:00,,CORRELATED_OR_PORTFOLIO_RISK_CAP
REJECTED,GBPUSD,BUY,2016-08-16 09:00:00+00:00,,CORRELATED_OR_PORTFOLIO_RISK_CAP
REJECTED,EURUSD,BUY,2016-08-16 12:00:00+00:00,,SYMBOL_ALREADY_HAS_OPEN_POSITION
REJECTED,GBPUSD,BUY,2016-08-16 16:00:00+00:00,,CORRELATED_OR_PORTFOLIO_RISK_CAP
REJECTED,GBPUSD,BUY,2016-08-16 17:00:00+00:00,,CORRELATED_OR_PORTFOLIO_RISK_CAP
REJECTED,GBPUSD,BUY,2016-08-16 18:00:00+00:00,,CORRELATED_OR_PORTFOLIO_RISK_CAP
REJECTED,GBPUSD,BUY,2016-08-18 09:00:00+00:00,,CORRELATED_OR_PORTFOLIO_RISK_CAP
REJECTED,EURUSD,BUY,2016-08-18 18:00:00+00:00,,SYMBOL_ALREADY_HAS_OPEN_POSITION
REJECTED,EURUSD,BUY,2016-08-18 19:00:00+00:00,,SYMBOL_ALREADY_HAS_OPEN_POSITION
REJECTED,EURUSD,BUY,2016-08-18 20:00:00+00:00,,SYMBOL_ALREADY_HAS_OPEN_POSITION
REJECTED,GBPUSD,SELL,2016-08-19 12:00:00+00:00,,SYMBOL_ALREADY_HAS_OPEN_POSITION
REJECTED,GBPUSD,SELL,2016-08-19 13:00:00+00:00,,SYMBOL_ALREADY_HAS_OPEN_POSITION
REJECTED,GBPUSD,SELL,2016-08-19 14:00:00+00:00,,SYMBOL_ALREADY_HAS_OPEN_POSITION
REJECTED,EURUSD,SELL,2016-08-22 00:00:00+00:00,,CORRELATED_OR_PORTFOLIO_RISK_CAP
REJECTED,EURUSD,SELL,2016-08-22 01:00:00+00:00,,CORRELATED_OR_PORTFOLIO_RISK_CAP
REJECTED,EURUSD,SELL,2016-08-22 04:00:00+00:00,,CORRELATED_OR_PORTFOLIO_RISK_CAP
REJECTED,GBPUSD,BUY,2016-08-22 15:00:00+00:00,,SYMBOL_ALREADY_HAS_OPEN_POSITION
REJECTED,EURUSD,BUY,2016-08-23 05:00:00+00:00,,CORRELATED_OR_PORTFOLIO_RISK_CAP
REJECTED,GBPUSD,BUY,2016-08-23 06:00:00+00:00,,SYMBOL_ALREADY_HAS_OPEN_POSITION
REJECTED,EURUSD,BUY,2016-08-23 08:00:00+00:00,,CORRELATED_OR_PORTFOLIO_RISK_CAP
REJECTED,GBPUSD,BUY,2016-08-23 08:00:00+00:00,,SYMBOL_ALREADY_HAS_OPEN_POSITION
REJECTED,EURUSD,SELL,2016-08-24 00:00:00+00:00,,SYMBOL_ALREADY_HAS_OPEN_POSITION
REJECTED,EURUSD,SELL,2016-08-24 01:00:00+00:00,,SYMBOL_ALREADY_HAS_OPEN_POSITION
REJECTED,EURUSD,SELL,2016-08-24 06:00:00+00:00,,SYMBOL_ALREADY_HAS_OPEN_POSITION
REJECTED,GBPUSD,SELL,2016-08-24 07:00:00+00:00,,CORRELATED_OR_PORTFOLIO_RISK_CAP
REJECTED,EURUSD,SELL,2016-08-24 10:00:00+00:00,,SYMBOL_ALREADY_HAS_OPEN_POSITION
REJECTED,GBPUSD,BUY,2016-08-24 11:00:00+00:00,,SYMBOL_ALREADY_HAS_OPEN_POSITION
REJECTED,EURUSD,SELL,2016-08-24 12:00:00+00:00,,SYMBOL_ALREADY_HAS_OPEN_POSITION
REJECTED,GBPUSD,BUY,2016-08-24 14:00:00+00:00,,SYMBOL_ALREADY_HAS_OPEN_POSITION
REJECTED,EURUSD,SELL,2016-08-24 15:00:00+00:00,,SYMBOL_ALREADY_HAS_OPEN_POSITION
REJECTED,EURUSD,BUY,2016-08-25 10:00:00+00:00,,SYMBOL_ALREADY_HAS_OPEN_POSITION
REJECTED,GBPUSD,SELL,2016-08-25 11:00:00+00:00,,SYMBOL_ALREADY_HAS_OPEN_POSITION
REJECTED,GBPUSD,SELL,2016-08-25 12:00:00+00:00,,SYMBOL_ALREADY_HAS_OPEN_POSITION
REJECTED,EURUSD,BUY,2016-08-26 07:00:00+00:00,,SYMBOL_ALREADY_HAS_OPEN_POSITION
REJECTED,EURUSD,SELL,2016-08-26 18:00:00+00:00,,SYMBOL_ALREADY_HAS_OPEN_POSITION
REJECTED,EURUSD,SELL,2016-08-26 19:00:00+00:00,,SYMBOL_ALREADY_HAS_OPEN_POSITION
REJECTED,GBPUSD,SELL,2016-08-26 19:00:00+00:00,,CORRELATED_OR_PORTFOLIO_RISK_CAP
REJECTED,GBPUSD,SELL,2016-08-28 22:00:00+00:00,,CORRELATED_OR_PORTFOLIO_RISK_CAP
REJECTED,GBPUSD,SELL,2016-08-29 08:00:00+00:00,,SYMBOL_ALREADY_HAS_OPEN_POSITION
REJECTED,EURUSD,SELL,2016-08-29 12:00:00+00:00,,CORRELATED_OR_PORTFOLIO_RISK_CAP
REJECTED,GBPUSD,SELL,2016-08-29 12:00:00+00:00,,SYMBOL_ALREADY_HAS_OPEN_POSITION
REJECTED,EURUSD,SELL,2016-08-29 13:00:00+00:00,,CORRELATED_OR_PORTFOLIO_RISK_CAP
REJECTED,EURUSD,SELL,2016-08-30 18:00:00+00:00,,SYMBOL_ALREADY_HAS_OPEN_POSITION
REJECTED,EURUSD,BUY,2016-09-01 15:00:00+00:00,,CORRELATED_OR_PORTFOLIO_RISK_CAP
REJECTED,GBPUSD,BUY,2016-09-01 15:00:00+00:00,,SYMBOL_ALREADY_HAS_OPEN_POSITION
REJECTED,GBPUSD,BUY,2016-09-05 09:00:00+00:00,,SYMBOL_ALREADY_HAS_OPEN_POSITION
REJECTED,GBPUSD,BUY,2016-09-06 07:00:00+00:00,,SYMBOL_ALREADY_HAS_OPEN_POSITION
REJECTED,GBPUSD,BUY,2016-09-06 12:00:00+00:00,,SYMBOL_ALREADY_HAS_OPEN_POSITION
REJECTED,GBPUSD,BUY,2016-09-06 14:00:00+00:00,,SYMBOL_ALREADY_HAS_OPEN_POSITION
REJECTED,EURUSD,BUY,2016-09-06 15:00:00+00:00,,CORRELATED_OR_PORTFOLIO_RISK_CAP
REJECTED,GBPUSD,BUY,2016-09-06 15:00:00+00:00,,SYMBOL_ALREADY_HAS_OPEN_POSITION
REJECTED,EURUSD,BUY,2016-09-06 18:00:00+00:00,,CORRELATED_OR_PORTFOLIO_RISK_CAP
REJECTED,GBPUSD,SELL,2016-09-07 17:00:00+00:00,,SYMBOL_ALREADY_HAS_OPEN_POSITION
REJECTED,EURUSD,BUY,2016-09-08 11:00:00+00:00,,SYMBOL_ALREADY_HAS_OPEN_POSITION
REJECTED,EURUSD,SELL,2016-09-09 14:00:00+00:00,,SYMBOL_ALREADY_HAS_OPEN_POSITION
REJECTED,GBPUSD,SELL,2016-09-09 14:00:00+00:00,,CORRELATED_OR_PORTFOLIO_RISK_CAP
REJECTED,GBPUSD,BUY,2016-09-12 15:00:00+00:00,,SYMBOL_ALREADY_HAS_OPEN_POSITION
REJECTED,GBPUSD,BUY,2016-09-12 18:00:00+00:00,,SYMBOL_ALREADY_HAS_OPEN_POSITION
REJECTED,GBPUSD,SELL,2016-09-13 12:00:00+00:00,,SYMBOL_ALREADY_HAS_OPEN_POSITION
REJECTED,GBPUSD,SELL,2016-09-13 13:00:00+00:00,,SYMBOL_ALREADY_HAS_OPEN_POSITION
REJECTED,GBPUSD,SELL,2016-09-13 14:00:00+00:00,,SYMBOL_ALREADY_HAS_OPEN_POSITION
REJECTED,GBPUSD,SELL,2016-09-13 15:00:00+00:00,,SYMBOL_ALREADY_HAS_OPEN_POSITION
REJECTED,EURUSD,SELL,2016-09-13 19:00:00+00:00,,CORRELATED_OR_PORTFOLIO_RISK_CAP
REJECTED,GBPUSD,BUY,2016-09-14 22:00:00+00:00,,SYMBOL_ALREADY_HAS_OPEN_POSITION
REJECTED,GBPUSD,BUY,2016-09-14 23:00:00+00:00,,SYMBOL_ALREADY_HAS_OPEN_POSITION
REJECTED,EURUSD,SELL,2016-09-16 13:00:00+00:00,,SYMBOL_ALREADY_HAS_OPEN_POSITION
REJECTED,GBPUSD,SELL,2016-09-16 13:00:00+00:00,,SYMBOL_ALREADY_HAS_OPEN_POSITION
REJECTED,EURUSD,SELL,2016-09-16 14:00:00+00:00,,SYMBOL_ALREADY_HAS_OPEN_POSITION
REJECTED,GBPUSD,SELL,2016-09-16 14:00:00+00:00,,SYMBOL_ALREADY_HAS_OPEN_POSITION
REJECTED,EURUSD,SELL,2016-09-16 15:00:00+00:00,,SYMBOL_ALREADY_HAS_OPEN_POSITION
REJECTED,GBPUSD,SELL,2016-09-16 15:00:00+00:00,,SYMBOL_ALREADY_HAS_OPEN_POSITION
REJECTED,EURUSD,SELL,2016-09-16 16:00:00+00:00,,SYMBOL_ALREADY_HAS_OPEN_POSITION
REJECTED,GBPUSD,SELL,2016-09-16 18:00:00+00:00,,SYMBOL_ALREADY_HAS_OPEN_POSITION
REJECTED,EURUSD,SELL,2016-09-16 19:00:00+00:00,,SYMBOL_ALREADY_HAS_OPEN_POSITION
REJECTED,GBPUSD,SELL,2016-09-16 19:00:00+00:00,,SYMBOL_ALREADY_HAS_OPEN_POSITION
REJECTED,EURUSD,BUY,2016-09-20 08:00:00+00:00,,SYMBOL_ALREADY_HAS_OPEN_POSITION
REJECTED,GBPUSD,SELL,2016-09-20 11:00:00+00:00,,SYMBOL_ALREADY_HAS_OPEN_POSITION
REJECTED,EURUSD,SELL,2016-09-20 15:00:00+00:00,,CORRELATED_OR_PORTFOLIO_RISK_CAP
REJECTED,GBPUSD,SELL,2016-09-20 15:00:00+00:00,,SYMBOL_ALREADY_HAS_OPEN_POSITION
REJECTED,EURUSD,SELL,2016-09-20 18:00:00+00:00,,CORRELATED_OR_PORTFOLIO_RISK_CAP
REJECTED,EURUSD,SELL,2016-09-20 19:00:00+00:00,,CORRELATED_OR_PORTFOLIO_RISK_CAP
REJECTED,EURUSD,SELL,2016-09-20 21:00:00+00:00,,CORRELATED_OR_PORTFOLIO_RISK_CAP
REJECTED,EURUSD,BUY,2016-09-22 01:00:00+00:00,,SYMBOL_ALREADY_HAS_OPEN_POSITION
REJECTED,GBPUSD,BUY,2016-09-22 05:00:00+00:00,,CORRELATED_OR_PORTFOLIO_RISK_CAP
REJECTED,EURUSD,BUY,2016-09-22 07:00:00+00:00,,SYMBOL_ALREADY_HAS_OPEN_POSITION
REJECTED,GBPUSD,BUY,2016-09-22 07:00:00+00:00,,CORRELATED_OR_PORTFOLIO_RISK_CAP
REJECTED,GBPUSD,BUY,2016-09-22 09:00:00+00:00,,CORRELATED_OR_PORTFOLIO_RISK_CAP
REJECTED,EURUSD,BUY,2016-09-22 14:00:00+00:00,,SYMBOL_ALREADY_HAS_OPEN_POSITION
REJECTED,GBPUSD,BUY,2016-09-22 14:00:00+00:00,,CORRELATED_OR_PORTFOLIO_RISK_CAP
REJECTED,GBPUSD,SELL,2016-09-23 08:00:00+00:00,,SYMBOL_ALREADY_HAS_OPEN_POSITION
REJECTED,GBPUSD,SELL,2016-09-23 11:00:00+00:00,,SYMBOL_ALREADY_HAS_OPEN_POSITION
REJECTED,GBPUSD,SELL,2016-09-23 12:00:00+00:00,,SYMBOL_ALREADY_HAS_OPEN_POSITION
REJECTED,GBPUSD,SELL,2016-09-23 13:00:00+00:00,,SYMBOL_ALREADY_HAS_OPEN_POSITION
REJECTED,GBPUSD,SELL,2016-09-23 14:00:00+00:00,,SYMBOL_ALREADY_HAS_OPEN_POSITION
REJECTED,EURUSD,BUY,2016-09-23 18:00:00+00:00,,SYMBOL_ALREADY_HAS_OPEN_POSITION
REJECTED,EURUSD,BUY,2016-09-26 11:00:00+00:00,,SYMBOL_ALREADY_HAS_OPEN_POSITION
REJECTED,EURUSD,BUY,2016-09-26 12:00:00+00:00,,SYMBOL_ALREADY_HAS_OPEN_POSITION
REJECTED,EURUSD,SELL,2016-09-27 13:00:00+00:00,,SYMBOL_ALREADY_HAS_OPEN_POSITION
REJECTED,EURUSD,SELL,2016-09-27 15:00:00+00:00,,SYMBOL_ALREADY_HAS_OPEN_POSITION
REJECTED,GBPUSD,SELL,2016-09-29 18:00:00+00:00,,SYMBOL_ALREADY_HAS_OPEN_POSITION
REJECTED,GBPUSD,SELL,2016-09-30 01:00:00+00:00,,SYMBOL_ALREADY_HAS_OPEN_POSITION
REJECTED,EURUSD,SELL,2016-09-30 08:00:00+00:00,,CORRELATED_OR_PORTFOLIO_RISK_CAP
REJECTED,EURUSD,SELL,2016-09-30 11:00:00+00:00,,CORRELATED_OR_PORTFOLIO_RISK_CAP
REJECTED,EURUSD,SELL,2016-09-30 12:00:00+00:00,,CORRELATED_OR_PORTFOLIO_RISK_CAP
REJECTED,GBPUSD,SELL,2016-10-03 08:00:00+00:00,,SYMBOL_ALREADY_HAS_OPEN_POSITION
REJECTED,GBPUSD,SELL,2016-10-03 14:00:00+00:00,,SYMBOL_ALREADY_HAS_OPEN_POSITION
REJECTED,EURUSD,SELL,2016-10-03 15:00:00+00:00,,CORRELATED_OR_PORTFOLIO_RISK_CAP
REJECTED,GBPUSD,SELL,2016-10-03 15:00:00+00:00,,SYMBOL_ALREADY_HAS_OPEN_POSITION
REJECTED,EURUSD,SELL,2016-10-04 02:00:00+00:00,,CORRELATED_OR_PORTFOLIO_RISK_CAP
REJECTED,EURUSD,SELL,2016-10-04 03:00:00+00:00,,CORRELATED_OR_PORTFOLIO_RISK_CAP
REJECTED,EURUSD,SELL,2016-10-04 06:00:00+00:00,,CORRELATED_OR_PORTFOLIO_RISK_CAP
REJECTED,EURUSD,SELL,2016-10-04 07:00:00+00:00,,CORRELATED_OR_PORTFOLIO_RISK_CAP
REJECTED,GBPUSD,SELL,2016-10-04 07:00:00+00:00,,SYMBOL_ALREADY_HAS_OPEN_POSITION
REJECTED,EURUSD,SELL,2016-10-04 10:00:00+00:00,,CORRELATED_OR_PORTFOLIO_RISK_CAP
REJECTED,GBPUSD,SELL,2016-10-04 10:00:00+00:00,,SYMBOL_ALREADY_HAS_OPEN_POSITION
REJECTED,GBPUSD,SELL,2016-10-05 07:00:00+00:00,,SYMBOL_ALREADY_HAS_OPEN_POSITION
REJECTED,GBPUSD,SELL,2016-10-06 13:00:00+00:00,,SYMBOL_ALREADY_HAS_OPEN_POSITION
REJECTED,EURUSD,SELL,2016-10-06 15:00:00+00:00,,SYMBOL_ALREADY_HAS_OPEN_POSITION
REJECTED,EURUSD,SELL,2016-10-06 16:00:00+00:00,,SYMBOL_ALREADY_HAS_OPEN_POSITION
REJECTED,EURUSD,SELL,2016-10-06 19:00:00+00:00,,SYMBOL_ALREADY_HAS_OPEN_POSITION
REJECTED,GBPUSD,SELL,2016-10-06 19:00:00+00:00,,SYMBOL_ALREADY_HAS_OPEN_POSITION
REJECTED,GBPUSD,SELL,2016-10-07 00:00:00+00:00,,SYMBOL_ALREADY_HAS_OPEN_POSITION
REJECTED,EURUSD,SELL,2016-10-07 04:00:00+00:00,,SYMBOL_ALREADY_HAS_OPEN_POSITION
REJECTED,EURUSD,BUY,2016-10-07 13:00:00+00:00,,CORRELATED_OR_PORTFOLIO_RISK_CAP
REJECTED,EURUSD,BUY,2016-10-07 14:00:00+00:00,,CORRELATED_OR_PORTFOLIO_RISK_CAP
REJECTED,EURUSD,SELL,2016-10-10 17:00:00+00:00,,CORRELATED_OR_PORTFOLIO_RISK_CAP
REJECTED,EURUSD,SELL,2016-10-10 18:00:00+00:00,,CORRELATED_OR_PORTFOLIO_RISK_CAP
REJECTED,GBPUSD,SELL,2016-10-10 19:00:00+00:00,,SYMBOL_ALREADY_HAS_OPEN_POSITION
REJECTED,GBPUSD,SELL,2016-10-11 01:00:00+00:00,,SYMBOL_ALREADY_HAS_OPEN_POSITION
REJECTED,EURUSD,SELL,2016-10-11 02:00:00+00:00,,CORRELATED_OR_PORTFOLIO_RISK_CAP
REJECTED,GBPUSD,SELL,2016-10-11 02:00:00+00:00,,SYMBOL_ALREADY_HAS_OPEN_POSITION
REJECTED,EURUSD,SELL,2016-10-11 07:00:00+00:00,,CORRELATED_OR_PORTFOLIO_RISK_CAP
REJECTED,GBPUSD,SELL,2016-10-11 07:00:00+00:00,,SYMBOL_ALREADY_HAS_OPEN_POSITION
REJECTED,EURUSD,SELL,2016-10-11 08:00:00+00:00,,CORRELATED_OR_PORTFOLIO_RISK_CAP
REJECTED,EURUSD,SELL,2016-10-11 11:00:00+00:00,,CORRELATED_OR_PORTFOLIO_RISK_CAP
REJECTED,GBPUSD,SELL,2016-10-11 11:00:00+00:00,,SYMBOL_ALREADY_HAS_OPEN_POSITION
REJECTED,EURUSD,SELL,2016-10-11 12:00:00+00:00,,CORRELATED_OR_PORTFOLIO_RISK_CAP
REJECTED,EURUSD,SELL,2016-10-11 15:00:00+00:00,,CORRELATED_OR_PORTFOLIO_RISK_CAP
REJECTED,GBPUSD,SELL,2016-10-11 15:00:00+00:00,,SYMBOL_ALREADY_HAS_OPEN_POSITION
REJECTED,GBPUSD,SELL,2016-10-11 16:00:00+00:00,,SYMBOL_ALREADY_HAS_OPEN_POSITION
REJECTED,GBPUSD,SELL,2016-10-11 17:00:00+00:00,,SYMBOL_ALREADY_HAS_OPEN_POSITION
REJECTED,EURUSD,SELL,2016-10-11 18:00:00+00:00,,CORRELATED_OR_PORTFOLIO_RISK_CAP
REJECTED,GBPUSD,SELL,2016-10-11 18:00:00+00:00,,SYMBOL_ALREADY_HAS_OPEN_POSITION
REJECTED,EURUSD,SELL,2016-10-12 01:00:00+00:00,,CORRELATED_OR_PORTFOLIO_RISK_CAP
REJECTED,EURUSD,SELL,2016-10-12 09:00:00+00:00,,SYMBOL_ALREADY_HAS_OPEN_POSITION
REJECTED,EURUSD,SELL,2016-10-13 01:00:00+00:00,,SYMBOL_ALREADY_HAS_OPEN_POSITION
REJECTED,EURUSD,SELL,2016-10-13 09:00:00+00:00,,SYMBOL_ALREADY_HAS_OPEN_POSITION
REJECTED,GBPUSD,BUY,2016-10-13 18:00:00+00:00,,SYMBOL_ALREADY_HAS_OPEN_POSITION
REJECTED,EURUSD,BUY,2016-10-13 19:00:00+00:00,,SYMBOL_ALREADY_HAS_OPEN_POSITION
REJECTED,EURUSD,SELL,2016-10-14 16:00:00+00:00,,SYMBOL_ALREADY_HAS_OPEN_POSITION
REJECTED,EURUSD,SELL,2016-10-14 19:00:00+00:00,,SYMBOL_ALREADY_HAS_OPEN_POSITION
REJECTED,EURUSD,SELL,2016-10-14 20:00:00+00:00,,SYMBOL_ALREADY_HAS_OPEN_POSITION
REJECTED,EURUSD,SELL,2016-10-14 21:00:00+00:00,,SYMBOL_ALREADY_HAS_OPEN_POSITION
REJECTED,EURUSD,SELL,2016-10-16 22:00:00+00:00,,SYMBOL_ALREADY_HAS_OPEN_POSITION
REJECTED,GBPUSD,SELL,2016-10-16 22:00:00+00:00,,CORRELATED_OR_PORTFOLIO_RISK_CAP
REJECTED,EURUSD,SELL,2016-10-17 00:00:00+00:00,,SYMBOL_ALREADY_HAS_OPEN_POSITION
REJECTED,GBPUSD,SELL,2016-10-17 12:00:00+00:00,,CORRELATED_OR_PORTFOLIO_RISK_CAP
REJECTED,EURUSD,BUY,2016-10-18 01:00:00+00:00,,SYMBOL_ALREADY_HAS_OPEN_POSITION
REJECTED,GBPUSD,BUY,2016-10-18 01:00:00+00:00,,SYMBOL_ALREADY_HAS_OPEN_POSITION
REJECTED,EURUSD,BUY,2016-10-18 02:00:00+00:00,,SYMBOL_ALREADY_HAS_OPEN_POSITION
REJECTED,GBPUSD,BUY,2016-10-18 10:00:00+00:00,,SYMBOL_ALREADY_HAS_OPEN_POSITION
REJECTED,EURUSD,SELL,2016-10-18 14:00:00+00:00,,SYMBOL_ALREADY_HAS_OPEN_POSITION
REJECTED,EURUSD,SELL,2016-10-18 15:00:00+00:00,,SYMBOL_ALREADY_HAS_OPEN_POSITION
REJECTED,EURUSD,SELL,2016-10-19 13:00:00+00:00,,SYMBOL_ALREADY_HAS_OPEN_POSITION
REJECTED,EURUSD,SELL,2016-10-20 15:00:00+00:00,,SYMBOL_ALREADY_HAS_OPEN_POSITION
REJECTED,EURUSD,SELL,2016-10-21 02:00:00+00:00,,SYMBOL_ALREADY_HAS_OPEN_POSITION
REJECTED,EURUSD,SELL,2016-10-21 03:00:00+00:00,,SYMBOL_ALREADY_HAS_OPEN_POSITION
REJECTED,EURUSD,SELL,2016-10-21 08:00:00+00:00,,SYMBOL_ALREADY_HAS_OPEN_POSITION
REJECTED,EURUSD,SELL,2016-10-21 09:00:00+00:00,,SYMBOL_ALREADY_HAS_OPEN_POSITION
REJECTED,GBPUSD,SELL,2016-10-21 11:00:00+00:00,,CORRELATED_OR_PORTFOLIO_RISK_CAP
REJECTED,GBPUSD,SELL,2016-10-21 12:00:00+00:00,,CORRELATED_OR_PORTFOLIO_RISK_CAP
REJECTED,EURUSD,SELL,2016-10-21 13:00:00+00:00,,SYMBOL_ALREADY_HAS_OPEN_POSITION
REJECTED,GBPUSD,SELL,2016-10-21 13:00:00+00:00,,CORRELATED_OR_PORTFOLIO_RISK_CAP
REJECTED,EURUSD,SELL,2016-10-21 16:00:00+00:00,,SYMBOL_ALREADY_HAS_OPEN_POSITION
REJECTED,EURUSD,SELL,2016-10-25 14:00:00+00:00,,SYMBOL_ALREADY_HAS_OPEN_POSITION
REJECTED,GBPUSD,SELL,2016-10-25 14:00:00+00:00,,SYMBOL_ALREADY_HAS_OPEN_POSITION
REJECTED,EURUSD,BUY,2016-10-26 08:00:00+00:00,,SYMBOL_ALREADY_HAS_OPEN_POSITION
REJECTED,EURUSD,BUY,2016-10-26 09:00:00+00:00,,SYMBOL_ALREADY_HAS_OPEN_POSITION
REJECTED,GBPUSD,BUY,2016-10-26 14:00:00+00:00,,CORRELATED_OR_PORTFOLIO_RISK_CAP
REJECTED,GBPUSD,BUY,2016-10-26 15:00:00+00:00,,CORRELATED_OR_PORTFOLIO_RISK_CAP
REJECTED,GBPUSD,SELL,2016-10-28 10:00:00+00:00,,SYMBOL_ALREADY_HAS_OPEN_POSITION
REJECTED,EURUSD,BUY,2016-10-28 18:00:00+00:00,,SYMBOL_ALREADY_HAS_OPEN_POSITION
REJECTED,GBPUSD,BUY,2016-10-28 18:00:00+00:00,,CORRELATED_OR_PORTFOLIO_RISK_CAP
REJECTED,GBPUSD,BUY,2016-10-31 19:00:00+00:00,,SYMBOL_ALREADY_HAS_OPEN_POSITION
REJECTED,EURUSD,BUY,2016-11-01 08:00:00+00:00,,CORRELATED_OR_PORTFOLIO_RISK_CAP
REJECTED,GBPUSD,BUY,2016-11-01 08:00:00+00:00,,SYMBOL_ALREADY_HAS_OPEN_POSITION
REJECTED,EURUSD,BUY,2016-11-01 09:00:00+00:00,,CORRELATED_OR_PORTFOLIO_RISK_CAP
REJECTED,EURUSD,BUY,2016-11-01 10:00:00+00:00,,CORRELATED_OR_PORTFOLIO_RISK_CAP
REJECTED,EURUSD,BUY,2016-11-01 15:00:00+00:00,,SYMBOL_ALREADY_HAS_OPEN_POSITION
REJECTED,EURUSD,BUY,2016-11-01 17:00:00+00:00,,SYMBOL_ALREADY_HAS_OPEN_POSITION
REJECTED,EURUSD,BUY,2016-11-02 05:00:00+00:00,,SYMBOL_ALREADY_HAS_OPEN_POSITION
REJECTED,GBPUSD,BUY,2016-11-02 08:00:00+00:00,,SYMBOL_ALREADY_HAS_OPEN_POSITION
REJECTED,EURUSD,BUY,2016-11-02 09:00:00+00:00,,SYMBOL_ALREADY_HAS_OPEN_POSITION
REJECTED,GBPUSD,BUY,2016-11-02 12:00:00+00:00,,SYMBOL_ALREADY_HAS_OPEN_POSITION
REJECTED,EURUSD,BUY,2016-11-02 15:00:00+00:00,,SYMBOL_ALREADY_HAS_OPEN_POSITION
REJECTED,EURUSD,BUY,2016-11-02 16:00:00+00:00,,SYMBOL_ALREADY_HAS_OPEN_POSITION
REJECTED,EURUSD,BUY,2016-11-03 03:00:00+00:00,,SYMBOL_ALREADY_HAS_OPEN_POSITION
REJECTED,EURUSD,SELL,2016-11-03 11:00:00+00:00,,CORRELATED_OR_PORTFOLIO_RISK_CAP
REJECTED,GBPUSD,BUY,2016-11-03 11:00:00+00:00,,SYMBOL_ALREADY_HAS_OPEN_POSITION
REJECTED,EURUSD,SELL,2016-11-03 12:00:00+00:00,,CORRELATED_OR_PORTFOLIO_RISK_CAP
REJECTED,EURUSD,SELL,2016-11-03 13:00:00+00:00,,CORRELATED_OR_PORTFOLIO_RISK_CAP
REJECTED,GBPUSD,BUY,2016-11-03 13:00:00+00:00,,SYMBOL_ALREADY_HAS_OPEN_POSITION
REJECTED,GBPUSD,BUY,2016-11-04 12:00:00+00:00,,SYMBOL_ALREADY_HAS_OPEN_POSITION
REJECTED,GBPUSD,BUY,2016-11-04 14:00:00+00:00,,SYMBOL_ALREADY_HAS_OPEN_POSITION
REJECTED,GBPUSD,BUY,2016-11-04 15:00:00+00:00,,SYMBOL_ALREADY_HAS_OPEN_POSITION
REJECTED,EURUSD,BUY,2016-11-04 16:00:00+00:00,,CORRELATED_OR_PORTFOLIO_RISK_CAP
REJECTED,GBPUSD,BUY,2016-11-04 16:00:00+00:00,,SYMBOL_ALREADY_HAS_OPEN_POSITION
REJECTED,EURUSD,BUY,2016-11-04 20:00:00+00:00,,CORRELATED_OR_PORTFOLIO_RISK_CAP
REJECTED,GBPUSD,SELL,2016-11-07 07:00:00+00:00,,SYMBOL_ALREADY_HAS_OPEN_POSITION
REJECTED,EURUSD,SELL,2016-11-07 08:00:00+00:00,,CORRELATED_OR_PORTFOLIO_RISK_CAP
REJECTED,GBPUSD,SELL,2016-11-07 08:00:00+00:00,,SYMBOL_ALREADY_HAS_OPEN_POSITION
REJECTED,EURUSD,SELL,2016-11-07 15:00:00+00:00,,CORRELATED_OR_PORTFOLIO_RISK_CAP
REJECTED,GBPUSD,SELL,2016-11-08 14:00:00+00:00,,SYMBOL_ALREADY_HAS_OPEN_POSITION
REJECTED,EURUSD,SELL,2016-11-08 18:00:00+00:00,,SYMBOL_ALREADY_HAS_OPEN_POSITION
REJECTED,EURUSD,BUY,2016-11-09 03:00:00+00:00,,SYMBOL_ALREADY_HAS_OPEN_POSITION
REJECTED,EURUSD,BUY,2016-11-09 04:00:00+00:00,,SYMBOL_ALREADY_HAS_OPEN_POSITION
REJECTED,GBPUSD,BUY,2016-11-09 04:00:00+00:00,,CORRELATED_OR_PORTFOLIO_RISK_CAP
REJECTED,EURUSD,SELL,2016-11-09 15:00:00+00:00,,SYMBOL_ALREADY_HAS_OPEN_POSITION
REJECTED,EURUSD,SELL,2016-11-09 20:00:00+00:00,,SYMBOL_ALREADY_HAS_OPEN_POSITION
REJECTED,EURUSD,SELL,2016-11-09 21:00:00+00:00,,SYMBOL_ALREADY_HAS_OPEN_POSITION
REJECTED,EURUSD,SELL,2016-11-10 09:00:00+00:00,,SYMBOL_ALREADY_HAS_OPEN_POSITION
REJECTED,GBPUSD,BUY,2016-11-10 15:00:00+00:00,,SYMBOL_ALREADY_HAS_OPEN_POSITION
REJECTED,GBPUSD,BUY,2016-11-10 16:00:00+00:00,,SYMBOL_ALREADY_HAS_OPEN_POSITION
REJECTED,GBPUSD,BUY,2016-11-10 17:00:00+00:00,,SYMBOL_ALREADY_HAS_OPEN_POSITION
REJECTED,GBPUSD,BUY,2016-11-10 18:00:00+00:00,,SYMBOL_ALREADY_HAS_OPEN_POSITION
REJECTED,GBPUSD,BUY,2016-11-11 08:00:00+00:00,,SYMBOL_ALREADY_HAS_OPEN_POSITION
REJECTED,GBPUSD,BUY,2016-11-11 09:00:00+00:00,,SYMBOL_ALREADY_HAS_OPEN_POSITION
REJECTED,EURUSD,SELL,2016-11-11 16:00:00+00:00,,SYMBOL_ALREADY_HAS_OPEN_POSITION
REJECTED,EURUSD,SELL,2016-11-13 23:00:00+00:00,,SYMBOL_ALREADY_HAS_OPEN_POSITION
REJECTED,EURUSD,SELL,2016-11-14 00:00:00+00:00,,SYMBOL_ALREADY_HAS_OPEN_POSITION
REJECTED,GBPUSD,SELL,2016-11-14 00:00:00+00:00,,CORRELATED_OR_PORTFOLIO_RISK_CAP
REJECTED,GBPUSD,SELL,2016-11-14 07:00:00+00:00,,CORRELATED_OR_PORTFOLIO_RISK_CAP
REJECTED,EURUSD,SELL,2016-11-14 08:00:00+00:00,,SYMBOL_ALREADY_HAS_OPEN_POSITION
REJECTED,GBPUSD,SELL,2016-11-14 08:00:00+00:00,,CORRELATED_OR_PORTFOLIO_RISK_CAP
REJECTED,EURUSD,SELL,2016-11-14 14:00:00+00:00,,SYMBOL_ALREADY_HAS_OPEN_POSITION
REJECTED,GBPUSD,SELL,2016-11-14 15:00:00+00:00,,CORRELATED_OR_PORTFOLIO_RISK_CAP
REJECTED,GBPUSD,SELL,2016-11-15 09:00:00+00:00,,SYMBOL_ALREADY_HAS_OPEN_POSITION
REJECTED,GBPUSD,SELL,2016-11-15 14:00:00+00:00,,SYMBOL_ALREADY_HAS_OPEN_POSITION
REJECTED,EURUSD,SELL,2016-11-16 11:00:00+00:00,,SYMBOL_ALREADY_HAS_OPEN_POSITION
REJECTED,EURUSD,SELL,2016-11-16 15:00:00+00:00,,SYMBOL_ALREADY_HAS_OPEN_POSITION
REJECTED,EURUSD,SELL,2016-11-17 17:00:00+00:00,,SYMBOL_ALREADY_HAS_OPEN_POSITION
REJECTED,EURUSD,SELL,2016-11-17 18:00:00+00:00,,SYMBOL_ALREADY_HAS_OPEN_POSITION
REJECTED,EURUSD,SELL,2016-11-17 19:00:00+00:00,,SYMBOL_ALREADY_HAS_OPEN_POSITION
REJECTED,EURUSD,SELL,2016-11-18 00:00:00+00:00,,SYMBOL_ALREADY_HAS_OPEN_POSITION
REJECTED,EURUSD,SELL,2016-11-18 01:00:00+00:00,,SYMBOL_ALREADY_HAS_OPEN_POSITION
REJECTED,GBPUSD,SELL,2016-11-18 01:00:00+00:00,,CORRELATED_OR_PORTFOLIO_RISK_CAP
REJECTED,GBPUSD,SELL,2016-11-18 13:00:00+00:00,,SYMBOL_ALREADY_HAS_OPEN_POSITION
REJECTED,EURUSD,SELL,2016-11-18 15:00:00+00:00,,CORRELATED_OR_PORTFOLIO_RISK_CAP
REJECTED,GBPUSD,BUY,2016-11-21 12:00:00+00:00,,SYMBOL_ALREADY_HAS_OPEN_POSITION
REJECTED,GBPUSD,BUY,2016-11-21 13:00:00+00:00,,SYMBOL_ALREADY_HAS_OPEN_POSITION
REJECTED,GBPUSD,SELL,2016-11-22 13:00:00+00:00,,SYMBOL_ALREADY_HAS_OPEN_POSITION
REJECTED,EURUSD,SELL,2016-11-22 15:00:00+00:00,,CORRELATED_OR_PORTFOLIO_RISK_CAP
REJECTED,GBPUSD,SELL,2016-11-22 18:00:00+00:00,,SYMBOL_ALREADY_HAS_OPEN_POSITION
REJECTED,GBPUSD,SELL,2016-11-23 09:00:00+00:00,,SYMBOL_ALREADY_HAS_OPEN_POSITION
REJECTED,EURUSD,SELL,2016-11-23 14:00:00+00:00,,SYMBOL_ALREADY_HAS_OPEN_POSITION
REJECTED,EURUSD,SELL,2016-11-23 15:00:00+00:00,,SYMBOL_ALREADY_HAS_OPEN_POSITION
REJECTED,GBPUSD,BUY,2016-11-23 17:00:00+00:00,,SYMBOL_ALREADY_HAS_OPEN_POSITION
REJECTED,EURUSD,BUY,2016-11-28 00:00:00+00:00,,SYMBOL_ALREADY_HAS_OPEN_POSITION
REJECTED,EURUSD,BUY,2016-11-28 01:00:00+00:00,,SYMBOL_ALREADY_HAS_OPEN_POSITION
REJECTED,EURUSD,BUY,2016-11-28 02:00:00+00:00,,SYMBOL_ALREADY_HAS_OPEN_POSITION
REJECTED,GBPUSD,BUY,2016-11-28 02:00:00+00:00,,SYMBOL_ALREADY_HAS_OPEN_POSITION
REJECTED,EURUSD,SELL,2016-11-28 13:00:00+00:00,,SYMBOL_ALREADY_HAS_OPEN_POSITION
REJECTED,GBPUSD,BUY,2016-11-29 14:00:00+00:00,,SYMBOL_ALREADY_HAS_OPEN_POSITION
REJECTED,EURUSD,BUY,2016-11-29 18:00:00+00:00,,CORRELATED_OR_PORTFOLIO_RISK_CAP
REJECTED,EURUSD,SELL,2016-11-30 16:00:00+00:00,,SYMBOL_ALREADY_HAS_OPEN_POSITION
REJECTED,GBPUSD,BUY,2016-12-01 10:00:00+00:00,,SYMBOL_ALREADY_HAS_OPEN_POSITION
REJECTED,GBPUSD,BUY,2016-12-01 11:00:00+00:00,,SYMBOL_ALREADY_HAS_OPEN_POSITION
REJECTED,GBPUSD,BUY,2016-12-01 13:00:00+00:00,,SYMBOL_ALREADY_HAS_OPEN_POSITION
REJECTED,EURUSD,BUY,2016-12-01 18:00:00+00:00,,CORRELATED_OR_PORTFOLIO_RISK_CAP
REJECTED,EURUSD,BUY,2016-12-01 20:00:00+00:00,,CORRELATED_OR_PORTFOLIO_RISK_CAP
REJECTED,EURUSD,BUY,2016-12-02 01:00:00+00:00,,CORRELATED_OR_PORTFOLIO_RISK_CAP
REJECTED,EURUSD,BUY,2016-12-02 03:00:00+00:00,,CORRELATED_OR_PORTFOLIO_RISK_CAP
REJECTED,GBPUSD,BUY,2016-12-02 15:00:00+00:00,,SYMBOL_ALREADY_HAS_OPEN_POSITION
REJECTED,GBPUSD,BUY,2016-12-02 16:00:00+00:00,,SYMBOL_ALREADY_HAS_OPEN_POSITION
REJECTED,GBPUSD,BUY,2016-12-02 18:00:00+00:00,,SYMBOL_ALREADY_HAS_OPEN_POSITION
REJECTED,GBPUSD,BUY,2016-12-02 20:00:00+00:00,,SYMBOL_ALREADY_HAS_OPEN_POSITION
REJECTED,EURUSD,BUY,2016-12-05 11:00:00+00:00,,CORRELATED_OR_PORTFOLIO_RISK_CAP
REJECTED,EURUSD,BUY,2016-12-05 14:00:00+00:00,,CORRELATED_OR_PORTFOLIO_RISK_CAP
REJECTED,EURUSD,BUY,2016-12-05 17:00:00+00:00,,CORRELATED_OR_PORTFOLIO_RISK_CAP
REJECTED,EURUSD,BUY,2016-12-05 18:00:00+00:00,,CORRELATED_OR_PORTFOLIO_RISK_CAP
REJECTED,GBPUSD,BUY,2016-12-06 06:00:00+00:00,,SYMBOL_ALREADY_HAS_OPEN_POSITION
REJECTED,GBPUSD,SELL,2016-12-06 16:00:00+00:00,,SYMBOL_ALREADY_HAS_OPEN_POSITION
REJECTED,EURUSD,SELL,2016-12-06 17:00:00+00:00,,SYMBOL_ALREADY_HAS_OPEN_POSITION
REJECTED,GBPUSD,SELL,2016-12-06 17:00:00+00:00,,SYMBOL_ALREADY_HAS_OPEN_POSITION
REJECTED,GBPUSD,SELL,2016-12-07 07:00:00+00:00,,SYMBOL_ALREADY_HAS_OPEN_POSITION
REJECTED,GBPUSD,SELL,2016-12-07 09:00:00+00:00,,SYMBOL_ALREADY_HAS_OPEN_POSITION
REJECTED,EURUSD,BUY,2016-12-07 14:00:00+00:00,,CORRELATED_OR_PORTFOLIO_RISK_CAP
REJECTED,EURUSD,BUY,2016-12-08 02:00:00+00:00,,SYMBOL_ALREADY_HAS_OPEN_POSITION
REJECTED,EURUSD,BUY,2016-12-08 03:00:00+00:00,,SYMBOL_ALREADY_HAS_OPEN_POSITION
REJECTED,EURUSD,BUY,2016-12-08 08:00:00+00:00,,SYMBOL_ALREADY_HAS_OPEN_POSITION
REJECTED,GBPUSD,BUY,2016-12-08 08:00:00+00:00,,CORRELATED_OR_PORTFOLIO_RISK_CAP
REJECTED,EURUSD,BUY,2016-12-08 09:00:00+00:00,,SYMBOL_ALREADY_HAS_OPEN_POSITION
REJECTED,GBPUSD,BUY,2016-12-08 09:00:00+00:00,,CORRELATED_OR_PORTFOLIO_RISK_CAP
REJECTED,EURUSD,SELL,2016-12-08 14:00:00+00:00,,SYMBOL_ALREADY_HAS_OPEN_POSITION
REJECTED,EURUSD,SELL,2016-12-08 15:00:00+00:00,,SYMBOL_ALREADY_HAS_OPEN_POSITION
REJECTED,GBPUSD,SELL,2016-12-08 15:00:00+00:00,,CORRELATED_OR_PORTFOLIO_RISK_CAP
REJECTED,EURUSD,SELL,2016-12-09 01:00:00+00:00,,SYMBOL_ALREADY_HAS_OPEN_POSITION
REJECTED,EURUSD,SELL,2016-12-09 11:00:00+00:00,,SYMBOL_ALREADY_HAS_OPEN_POSITION
REJECTED,EURUSD,SELL,2016-12-09 12:00:00+00:00,,SYMBOL_ALREADY_HAS_OPEN_POSITION
REJECTED,EURUSD,SELL,2016-12-09 15:00:00+00:00,,SYMBOL_ALREADY_HAS_OPEN_POSITION
REJECTED,EURUSD,BUY,2016-12-12 10:00:00+00:00,,SYMBOL_ALREADY_HAS_OPEN_POSITION
REJECTED,GBPUSD,BUY,2016-12-12 11:00:00+00:00,,CORRELATED_OR_PORTFOLIO_RISK_CAP
REJECTED,GBPUSD,BUY,2016-12-12 13:00:00+00:00,,CORRELATED_OR_PORTFOLIO_RISK_CAP
REJECTED,GBPUSD,BUY,2016-12-12 15:00:00+00:00,,CORRELATED_OR_PORTFOLIO_RISK_CAP
REJECTED,GBPUSD,BUY,2016-12-12 16:00:00+00:00,,CORRELATED_OR_PORTFOLIO_RISK_CAP
REJECTED,EURUSD,BUY,2016-12-12 17:00:00+00:00,,SYMBOL_ALREADY_HAS_OPEN_POSITION
REJECTED,GBPUSD,BUY,2016-12-12 17:00:00+00:00,,CORRELATED_OR_PORTFOLIO_RISK_CAP
REJECTED,GBPUSD,SELL,2016-12-14 00:00:00+00:00,,SYMBOL_ALREADY_HAS_OPEN_POSITION
REJECTED,GBPUSD,SELL,2016-12-14 01:00:00+00:00,,SYMBOL_ALREADY_HAS_OPEN_POSITION
REJECTED,EURUSD,SELL,2016-12-14 20:00:00+00:00,,SYMBOL_ALREADY_HAS_OPEN_POSITION
REJECTED,GBPUSD,SELL,2016-12-14 20:00:00+00:00,,SYMBOL_ALREADY_HAS_OPEN_POSITION
REJECTED,EURUSD,SELL,2016-12-15 00:00:00+00:00,,SYMBOL_ALREADY_HAS_OPEN_POSITION
REJECTED,EURUSD,SELL,2016-12-15 11:00:00+00:00,,SYMBOL_ALREADY_HAS_OPEN_POSITION
REJECTED,GBPUSD,SELL,2016-12-15 11:00:00+00:00,,SYMBOL_ALREADY_HAS_OPEN_POSITION
REJECTED,GBPUSD,SELL,2016-12-15 12:00:00+00:00,,SYMBOL_ALREADY_HAS_OPEN_POSITION
REJECTED,GBPUSD,SELL,2016-12-15 15:00:00+00:00,,SYMBOL_ALREADY_HAS_OPEN_POSITION
REJECTED,EURUSD,SELL,2016-12-15 16:00:00+00:00,,SYMBOL_ALREADY_HAS_OPEN_POSITION
REJECTED,GBPUSD,SELL,2016-12-15 16:00:00+00:00,,SYMBOL_ALREADY_HAS_OPEN_POSITION
REJECTED,GBPUSD,BUY,2016-12-16 17:00:00+00:00,,SYMBOL_ALREADY_HAS_OPEN_POSITION
REJECTED,EURUSD,BUY,2016-12-19 06:00:00+00:00,,CORRELATED_OR_PORTFOLIO_RISK_CAP
REJECTED,GBPUSD,SELL,2016-12-19 12:00:00+00:00,,SYMBOL_ALREADY_HAS_OPEN_POSITION
REJECTED,EURUSD,SELL,2016-12-19 19:00:00+00:00,,CORRELATED_OR_PORTFOLIO_RISK_CAP
REJECTED,EURUSD,SELL,2016-12-20 06:00:00+00:00,,CORRELATED_OR_PORTFOLIO_RISK_CAP
REJECTED,GBPUSD,SELL,2016-12-20 10:00:00+00:00,,SYMBOL_ALREADY_HAS_OPEN_POSITION
REJECTED,EURUSD,SELL,2016-12-20 12:00:00+00:00,,CORRELATED_OR_PORTFOLIO_RISK_CAP
REJECTED,EURUSD,BUY,2016-12-21 13:00:00+00:00,,SYMBOL_ALREADY_HAS_OPEN_POSITION
REJECTED,GBPUSD,BUY,2016-12-21 14:00:00+00:00,,CORRELATED_OR_PORTFOLIO_RISK_CAP
REJECTED,GBPUSD,SELL,2016-12-22 09:00:00+00:00,,SYMBOL_ALREADY_HAS_OPEN_POSITION
REJECTED,EURUSD,BUY,2016-12-22 10:00:00+00:00,,SYMBOL_ALREADY_HAS_OPEN_POSITION
REJECTED,GBPUSD,SELL,2016-12-22 13:00:00+00:00,,SYMBOL_ALREADY_HAS_OPEN_POSITION
REJECTED,GBPUSD,SELL,2016-12-22 15:00:00+00:00,,SYMBOL_ALREADY_HAS_OPEN_POSITION
REJECTED,GBPUSD,SELL,2016-12-22 21:00:00+00:00,,SYMBOL_ALREADY_HAS_OPEN_POSITION
REJECTED,GBPUSD,SELL,2016-12-23 00:00:00+00:00,,SYMBOL_ALREADY_HAS_OPEN_POSITION
REJECTED,GBPUSD,SELL,2016-12-23 13:00:00+00:00,,SYMBOL_ALREADY_HAS_OPEN_POSITION
REJECTED,GBPUSD,SELL,2016-12-27 12:00:00+00:00,,SYMBOL_ALREADY_HAS_OPEN_POSITION
REJECTED,EURUSD,BUY,2016-12-28 01:00:00+00:00,,SYMBOL_ALREADY_HAS_OPEN_POSITION
REJECTED,GBPUSD,BUY,2016-12-28 02:00:00+00:00,,SYMBOL_ALREADY_HAS_OPEN_POSITION
REJECTED,EURUSD,BUY,2016-12-28 05:00:00+00:00,,SYMBOL_ALREADY_HAS_OPEN_POSITION
REJECTED,EURUSD,SELL,2016-12-28 10:00:00+00:00,,SYMBOL_ALREADY_HAS_OPEN_POSITION
REJECTED,GBPUSD,SELL,2016-12-28 10:00:00+00:00,,CORRELATED_OR_PORTFOLIO_RISK_CAP
REJECTED,EURUSD,SELL,2016-12-28 11:00:00+00:00,,SYMBOL_ALREADY_HAS_OPEN_POSITION
REJECTED,EURUSD,SELL,2016-12-28 12:00:00+00:00,,SYMBOL_ALREADY_HAS_OPEN_POSITION
REJECTED,GBPUSD,SELL,2016-12-28 12:00:00+00:00,,CORRELATED_OR_PORTFOLIO_RISK_CAP
REJECTED,EURUSD,SELL,2016-12-28 13:00:00+00:00,,SYMBOL_ALREADY_HAS_OPEN_POSITION
REJECTED,GBPUSD,SELL,2016-12-28 13:00:00+00:00,,CORRELATED_OR_PORTFOLIO_RISK_CAP
REJECTED,EURUSD,SELL,2016-12-28 17:00:00+00:00,,SYMBOL_ALREADY_HAS_OPEN_POSITION
REJECTED,EURUSD,BUY,2016-12-29 09:00:00+00:00,,SYMBOL_ALREADY_HAS_OPEN_POSITION
REJECTED,EURUSD,BUY,2016-12-29 15:00:00+00:00,,SYMBOL_ALREADY_HAS_OPEN_POSITION
REJECTED,EURUSD,BUY,2016-12-29 23:00:00+00:00,,SYMBOL_ALREADY_HAS_OPEN_POSITION
REJECTED,GBPUSD,BUY,2016-12-29 23:00:00+00:00,,CORRELATED_OR_PORTFOLIO_RISK_CAP
REJECTED,GBPUSD,BUY,2016-12-30 09:00:00+00:00,,CORRELATED_OR_PORTFOLIO_RISK_CAP
REJECTED,GBPUSD,BUY,2016-12-30 12:00:00+00:00,,CORRELATED_OR_PORTFOLIO_RISK_CAP
REJECTED,GBPUSD,BUY,2016-12-30 13:00:00+00:00,,CORRELATED_OR_PORTFOLIO_RISK_CAP
REJECTED,GBPUSD,BUY,2016-12-30 14:00:00+00:00,,CORRELATED_OR_PORTFOLIO_RISK_CAP
REJECTED,EURUSD,SELL,2017-01-02 12:00:00+00:00,,SYMBOL_ALREADY_HAS_OPEN_POSITION
REJECTED,EURUSD,SELL,2017-01-02 18:00:00+00:00,,SYMBOL_ALREADY_HAS_OPEN_POSITION
REJECTED,EURUSD,SELL,2017-01-02 19:00:00+00:00,,SYMBOL_ALREADY_HAS_OPEN_POSITION
REJECTED,EURUSD,SELL,2017-01-02 21:00:00+00:00,,SYMBOL_ALREADY_HAS_OPEN_POSITION
REJECTED,EURUSD,SELL,2017-01-03 09:00:00+00:00,,SYMBOL_ALREADY_HAS_OPEN_POSITION
REJECTED,EURUSD,SELL,2017-01-03 10:00:00+00:00,,SYMBOL_ALREADY_HAS_OPEN_POSITION
REJECTED,EURUSD,SELL,2017-01-03 11:00:00+00:00,,SYMBOL_ALREADY_HAS_OPEN_POSITION
REJECTED,GBPUSD,SELL,2017-01-03 15:00:00+00:00,,CORRELATED_OR_PORTFOLIO_RISK_CAP
REJECTED,GBPUSD,BUY,2017-01-04 13:00:00+00:00,,CORRELATED_OR_PORTFOLIO_RISK_CAP
REJECTED,EURUSD,BUY,2017-01-04 14:00:00+00:00,,SYMBOL_ALREADY_HAS_OPEN_POSITION
REJECTED,EURUSD,BUY,2017-01-04 15:00:00+00:00,,SYMBOL_ALREADY_HAS_OPEN_POSITION
REJECTED,GBPUSD,BUY,2017-01-04 17:00:00+00:00,,CORRELATED_OR_PORTFOLIO_RISK_CAP
REJECTED,EURUSD,BUY,2017-01-05 00:00:00+00:00,,SYMBOL_ALREADY_HAS_OPEN_POSITION
REJECTED,EURUSD,BUY,2017-01-05 05:00:00+00:00,,SYMBOL_ALREADY_HAS_OPEN_POSITION
REJECTED,EURUSD,BUY,2017-01-05 06:00:00+00:00,,SYMBOL_ALREADY_HAS_OPEN_POSITION
REJECTED,GBPUSD,BUY,2017-01-05 06:00:00+00:00,,CORRELATED_OR_PORTFOLIO_RISK_CAP
REJECTED,GBPUSD,SELL,2017-01-06 14:00:00+00:00,,SYMBOL_ALREADY_HAS_OPEN_POSITION
REJECTED,GBPUSD,SELL,2017-01-06 17:00:00+00:00,,SYMBOL_ALREADY_HAS_OPEN_POSITION
REJECTED,EURUSD,SELL,2017-01-06 18:00:00+00:00,,SYMBOL_ALREADY_HAS_OPEN_POSITION
REJECTED,GBPUSD,SELL,2017-01-06 18:00:00+00:00,,SYMBOL_ALREADY_HAS_OPEN_POSITION
REJECTED,GBPUSD,SELL,2017-01-08 22:00:00+00:00,,SYMBOL_ALREADY_HAS_OPEN_POSITION
REJECTED,GBPUSD,SELL,2017-01-09 03:00:00+00:00,,SYMBOL_ALREADY_HAS_OPEN_POSITION
REJECTED,GBPUSD,SELL,2017-01-09 04:00:00+00:00,,SYMBOL_ALREADY_HAS_OPEN_POSITION
REJECTED,GBPUSD,SELL,2017-01-09 05:00:00+00:00,,SYMBOL_ALREADY_HAS_OPEN_POSITION
REJECTED,GBPUSD,SELL,2017-01-09 06:00:00+00:00,,SYMBOL_ALREADY_HAS_OPEN_POSITION
REJECTED,GBPUSD,SELL,2017-01-09 09:00:00+00:00,,SYMBOL_ALREADY_HAS_OPEN_POSITION
REJECTED,EURUSD,BUY,2017-01-09 16:00:00+00:00,,CORRELATED_OR_PORTFOLIO_RISK_CAP
REJECTED,EURUSD,BUY,2017-01-09 22:00:00+00:00,,CORRELATED_OR_PORTFOLIO_RISK_CAP
REJECTED,EURUSD,BUY,2017-01-10 00:00:00+00:00,,CORRELATED_OR_PORTFOLIO_RISK_CAP
REJECTED,EURUSD,BUY,2017-01-10 02:00:00+00:00,,CORRELATED_OR_PORTFOLIO_RISK_CAP
REJECTED,EURUSD,BUY,2017-01-10 03:00:00+00:00,,CORRELATED_OR_PORTFOLIO_RISK_CAP
REJECTED,GBPUSD,SELL,2017-01-10 08:00:00+00:00,,SYMBOL_ALREADY_HAS_OPEN_POSITION
REJECTED,EURUSD,SELL,2017-01-11 09:00:00+00:00,,SYMBOL_ALREADY_HAS_OPEN_POSITION
REJECTED,GBPUSD,SELL,2017-01-11 09:00:00+00:00,,CORRELATED_OR_PORTFOLIO_RISK_CAP
REJECTED,EURUSD,SELL,2017-01-11 10:00:00+00:00,,SYMBOL_ALREADY_HAS_OPEN_POSITION
REJECTED,EURUSD,SELL,2017-01-11 12:00:00+00:00,,SYMBOL_ALREADY_HAS_OPEN_POSITION
REJECTED,EURUSD,SELL,2017-01-11 14:00:00+00:00,,SYMBOL_ALREADY_HAS_OPEN_POSITION
REJECTED,EURUSD,SELL,2017-01-11 15:00:00+00:00,,SYMBOL_ALREADY_HAS_OPEN_POSITION
REJECTED,GBPUSD,SELL,2017-01-11 15:00:00+00:00,,CORRELATED_OR_PORTFOLIO_RISK_CAP
REJECTED,EURUSD,BUY,2017-01-12 06:00:00+00:00,,SYMBOL_ALREADY_HAS_OPEN_POSITION
REJECTED,GBPUSD,BUY,2017-01-12 08:00:00+00:00,,SYMBOL_ALREADY_HAS_OPEN_POSITION
REJECTED,EURUSD,BUY,2017-01-12 12:00:00+00:00,,SYMBOL_ALREADY_HAS_OPEN_POSITION
REJECTED,EURUSD,SELL,2017-01-16 08:00:00+00:00,,CORRELATED_OR_PORTFOLIO_RISK_CAP
REJECTED,EURUSD,BUY,2017-01-17 04:00:00+00:00,,SYMBOL_ALREADY_HAS_OPEN_POSITION
REJECTED,EURUSD,BUY,2017-01-17 05:00:00+00:00,,SYMBOL_ALREADY_HAS_OPEN_POSITION
REJECTED,GBPUSD,BUY,2017-01-17 05:00:00+00:00,,CORRELATED_OR_PORTFOLIO_RISK_CAP
REJECTED,GBPUSD,BUY,2017-01-17 06:00:00+00:00,,CORRELATED_OR_PORTFOLIO_RISK_CAP
REJECTED,EURUSD,BUY,2017-01-17 09:00:00+00:00,,SYMBOL_ALREADY_HAS_OPEN_POSITION
REJECTED,GBPUSD,BUY,2017-01-17 09:00:00+00:00,,CORRELATED_OR_PORTFOLIO_RISK_CAP
REJECTED,EURUSD,BUY,2017-01-17 11:00:00+00:00,,SYMBOL_ALREADY_HAS_OPEN_POSITION
REJECTED,GBPUSD,BUY,2017-01-17 11:00:00+00:00,,CORRELATED_OR_PORTFOLIO_RISK_CAP
REJECTED,GBPUSD,BUY,2017-01-17 12:00:00+00:00,,CORRELATED_OR_PORTFOLIO_RISK_CAP
REJECTED,GBPUSD,BUY,2017-01-17 14:00:00+00:00,,CORRELATED_OR_PORTFOLIO_RISK_CAP
REJECTED,GBPUSD,SELL,2017-01-18 12:00:00+00:00,,SYMBOL_ALREADY_HAS_OPEN_POSITION
REJECTED,EURUSD,SELL,2017-01-18 21:00:00+00:00,,SYMBOL_ALREADY_HAS_OPEN_POSITION
REJECTED,EURUSD,SELL,2017-01-19 14:00:00+00:00,,SYMBOL_ALREADY_HAS_OPEN_POSITION
REJECTED,EURUSD,BUY,2017-01-22 23:00:00+00:00,,SYMBOL_ALREADY_HAS_OPEN_POSITION
REJECTED,GBPUSD,BUY,2017-01-22 23:00:00+00:00,,SYMBOL_ALREADY_HAS_OPEN_POSITION
REJECTED,EURUSD,BUY,2017-01-23 00:00:00+00:00,,SYMBOL_ALREADY_HAS_OPEN_POSITION
REJECTED,EURUSD,BUY,2017-01-23 01:00:00+00:00,,SYMBOL_ALREADY_HAS_OPEN_POSITION
REJECTED,GBPUSD,BUY,2017-01-23 01:00:00+00:00,,SYMBOL_ALREADY_HAS_OPEN_POSITION
REJECTED,EURUSD,BUY,2017-01-23 02:00:00+00:00,,SYMBOL_ALREADY_HAS_OPEN_POSITION
REJECTED,GBPUSD,BUY,2017-01-23 02:00:00+00:00,,SYMBOL_ALREADY_HAS_OPEN_POSITION
REJECTED,GBPUSD,BUY,2017-01-23 07:00:00+00:00,,SYMBOL_ALREADY_HAS_OPEN_POSITION
REJECTED,GBPUSD,BUY,2017-01-23 15:00:00+00:00,,SYMBOL_ALREADY_HAS_OPEN_POSITION
REJECTED,GBPUSD,BUY,2017-01-23 19:00:00+00:00,,SYMBOL_ALREADY_HAS_OPEN_POSITION
REJECTED,GBPUSD,BUY,2017-01-23 20:00:00+00:00,,SYMBOL_ALREADY_HAS_OPEN_POSITION
REJECTED,EURUSD,BUY,2017-01-23 21:00:00+00:00,,SYMBOL_ALREADY_HAS_OPEN_POSITION
REJECTED,GBPUSD,BUY,2017-01-23 21:00:00+00:00,,SYMBOL_ALREADY_HAS_OPEN_POSITION
REJECTED,EURUSD,BUY,2017-01-23 22:00:00+00:00,,SYMBOL_ALREADY_HAS_OPEN_POSITION
REJECTED,EURUSD,SELL,2017-01-25 07:00:00+00:00,,SYMBOL_ALREADY_HAS_OPEN_POSITION
REJECTED,GBPUSD,BUY,2017-01-25 16:00:00+00:00,,SYMBOL_ALREADY_HAS_OPEN_POSITION
REJECTED,GBPUSD,BUY,2017-01-25 20:00:00+00:00,,SYMBOL_ALREADY_HAS_OPEN_POSITION
REJECTED,GBPUSD,BUY,2017-01-26 00:00:00+00:00,,SYMBOL_ALREADY_HAS_OPEN_POSITION
REJECTED,GBPUSD,BUY,2017-01-26 03:00:00+00:00,,SYMBOL_ALREADY_HAS_OPEN_POSITION
REJECTED,GBPUSD,BUY,2017-01-26 04:00:00+00:00,,SYMBOL_ALREADY_HAS_OPEN_POSITION
REJECTED,EURUSD,SELL,2017-01-26 13:00:00+00:00,,SYMBOL_ALREADY_HAS_OPEN_POSITION
REJECTED,EURUSD,SELL,2017-01-26 14:00:00+00:00,,SYMBOL_ALREADY_HAS_OPEN_POSITION
REJECTED,EURUSD,SELL,2017-01-26 15:00:00+00:00,,SYMBOL_ALREADY_HAS_OPEN_POSITION
REJECTED,EURUSD,SELL,2017-01-26 16:00:00+00:00,,SYMBOL_ALREADY_HAS_OPEN_POSITION
REJECTED,GBPUSD,SELL,2017-01-27 05:00:00+00:00,,SYMBOL_ALREADY_HAS_OPEN_POSITION
REJECTED,GBPUSD,SELL,2017-01-27 06:00:00+00:00,,SYMBOL_ALREADY_HAS_OPEN_POSITION
REJECTED,GBPUSD,SELL,2017-01-27 10:00:00+00:00,,SYMBOL_ALREADY_HAS_OPEN_POSITION
REJECTED,EURUSD,SELL,2017-01-30 12:00:00+00:00,,SYMBOL_ALREADY_HAS_OPEN_POSITION
REJECTED,GBPUSD,SELL,2017-01-30 12:00:00+00:00,,SYMBOL_ALREADY_HAS_OPEN_POSITION
REJECTED,GBPUSD,SELL,2017-01-30 16:00:00+00:00,,SYMBOL_ALREADY_HAS_OPEN_POSITION
REJECTED,GBPUSD,SELL,2017-01-31 09:00:00+00:00,,SYMBOL_ALREADY_HAS_OPEN_POSITION
REJECTED,EURUSD,BUY,2017-01-31 14:00:00+00:00,,SYMBOL_ALREADY_HAS_OPEN_POSITION
REJECTED,GBPUSD,BUY,2017-01-31 14:00:00+00:00,,CORRELATED_OR_PORTFOLIO_RISK_CAP
REJECTED,EURUSD,BUY,2017-01-31 15:00:00+00:00,,SYMBOL_ALREADY_HAS_OPEN_POSITION
REJECTED,GBPUSD,BUY,2017-01-31 15:00:00+00:00,,CORRELATED_OR_PORTFOLIO_RISK_CAP
REJECTED,GBPUSD,BUY,2017-02-01 10:00:00+00:00,,SYMBOL_ALREADY_HAS_OPEN_POSITION
REJECTED,GBPUSD,BUY,2017-02-01 11:00:00+00:00,,SYMBOL_ALREADY_HAS_OPEN_POSITION
REJECTED,EURUSD,SELL,2017-02-01 14:00:00+00:00,,SYMBOL_ALREADY_HAS_OPEN_POSITION
REJECTED,GBPUSD,BUY,2017-02-01 19:00:00+00:00,,SYMBOL_ALREADY_HAS_OPEN_POSITION
REJECTED,EURUSD,BUY,2017-02-02 08:00:00+00:00,,CORRELATED_OR_PORTFOLIO_RISK_CAP
REJECTED,GBPUSD,BUY,2017-02-02 08:00:00+00:00,,SYMBOL_ALREADY_HAS_OPEN_POSITION
REJECTED,GBPUSD,SELL,2017-02-02 15:00:00+00:00,,SYMBOL_ALREADY_HAS_OPEN_POSITION
REJECTED,GBPUSD,SELL,2017-02-02 19:00:00+00:00,,SYMBOL_ALREADY_HAS_OPEN_POSITION
REJECTED,EURUSD,SELL,2017-02-03 08:00:00+00:00,,CORRELATED_OR_PORTFOLIO_RISK_CAP
REJECTED,GBPUSD,SELL,2017-02-03 09:00:00+00:00,,SYMBOL_ALREADY_HAS_OPEN_POSITION
REJECTED,EURUSD,SELL,2017-02-03 10:00:00+00:00,,CORRELATED_OR_PORTFOLIO_RISK_CAP
REJECTED,EURUSD,SELL,2017-02-03 11:00:00+00:00,,CORRELATED_OR_PORTFOLIO_RISK_CAP
REJECTED,EURUSD,SELL,2017-02-06 10:00:00+00:00,,CORRELATED_OR_PORTFOLIO_RISK_CAP
REJECTED,EURUSD,SELL,2017-02-06 12:00:00+00:00,,CORRELATED_OR_PORTFOLIO_RISK_CAP
REJECTED,EURUSD,SELL,2017-02-06 13:00:00+00:00,,CORRELATED_OR_PORTFOLIO_RISK_CAP
REJECTED,GBPUSD,SELL,2017-02-06 13:00:00+00:00,,SYMBOL_ALREADY_HAS_OPEN_POSITION
REJECTED,EURUSD,SELL,2017-02-07 06:00:00+00:00,,CORRELATED_OR_PORTFOLIO_RISK_CAP
REJECTED,EURUSD,SELL,2017-02-07 07:00:00+00:00,,CORRELATED_OR_PORTFOLIO_RISK_CAP
REJECTED,EURUSD,SELL,2017-02-07 08:00:00+00:00,,CORRELATED_OR_PORTFOLIO_RISK_CAP
REJECTED,GBPUSD,SELL,2017-02-07 08:00:00+00:00,,SYMBOL_ALREADY_HAS_OPEN_POSITION
REJECTED,EURUSD,SELL,2017-02-07 09:00:00+00:00,,CORRELATED_OR_PORTFOLIO_RISK_CAP
REJECTED,GBPUSD,SELL,2017-02-09 19:00:00+00:00,,CORRELATED_OR_PORTFOLIO_RISK_CAP
REJECTED,EURUSD,SELL,2017-02-10 07:00:00+00:00,,SYMBOL_ALREADY_HAS_OPEN_POSITION
REJECTED,GBPUSD,SELL,2017-02-10 07:00:00+00:00,,CORRELATED_OR_PORTFOLIO_RISK_CAP
REJECTED,GBPUSD,SELL,2017-02-10 08:00:00+00:00,,CORRELATED_OR_PORTFOLIO_RISK_CAP
REJECTED,GBPUSD,SELL,2017-02-10 11:00:00+00:00,,CORRELATED_OR_PORTFOLIO_RISK_CAP
REJECTED,EURUSD,SELL,2017-02-10 12:00:00+00:00,,SYMBOL_ALREADY_HAS_OPEN_POSITION
REJECTED,EURUSD,SELL,2017-02-10 13:00:00+00:00,,SYMBOL_ALREADY_HAS_OPEN_POSITION
REJECTED,GBPUSD,SELL,2017-02-15 09:00:00+00:00,,SYMBOL_ALREADY_HAS_OPEN_POSITION
REJECTED,GBPUSD,SELL,2017-02-15 12:00:00+00:00,,SYMBOL_ALREADY_HAS_OPEN_POSITION
REJECTED,EURUSD,SELL,2017-02-15 13:00:00+00:00,,CORRELATED_OR_PORTFOLIO_RISK_CAP
REJECTED,GBPUSD,SELL,2017-02-15 13:00:00+00:00,,SYMBOL_ALREADY_HAS_OPEN_POSITION
REJECTED,EURUSD,BUY,2017-02-16 00:00:00+00:00,,SYMBOL_ALREADY_HAS_OPEN_POSITION
REJECTED,GBPUSD,BUY,2017-02-16 07:00:00+00:00,,CORRELATED_OR_PORTFOLIO_RISK_CAP
REJECTED,EURUSD,BUY,2017-02-16 08:00:00+00:00,,SYMBOL_ALREADY_HAS_OPEN_POSITION
REJECTED,GBPUSD,BUY,2017-02-16 08:00:00+00:00,,CORRELATED_OR_PORTFOLIO_RISK_CAP
REJECTED,EURUSD,BUY,2017-02-16 09:00:00+00:00,,SYMBOL_ALREADY_HAS_OPEN_POSITION
REJECTED,GBPUSD,BUY,2017-02-16 09:00:00+00:00,,CORRELATED_OR_PORTFOLIO_RISK_CAP
REJECTED,EURUSD,BUY,2017-02-16 14:00:00+00:00,,SYMBOL_ALREADY_HAS_OPEN_POSITION
REJECTED,EURUSD,BUY,2017-02-16 15:00:00+00:00,,SYMBOL_ALREADY_HAS_OPEN_POSITION
REJECTED,EURUSD,SELL,2017-02-17 16:00:00+00:00,,SYMBOL_ALREADY_HAS_OPEN_POSITION
REJECTED,EURUSD,SELL,2017-02-17 18:00:00+00:00,,SYMBOL_ALREADY_HAS_OPEN_POSITION
REJECTED,EURUSD,SELL,2017-02-17 19:00:00+00:00,,SYMBOL_ALREADY_HAS_OPEN_POSITION
REJECTED,GBPUSD,BUY,2017-02-20 09:00:00+00:00,,SYMBOL_ALREADY_HAS_OPEN_POSITION
REJECTED,EURUSD,SELL,2017-02-21 00:00:00+00:00,,SYMBOL_ALREADY_HAS_OPEN_POSITION
REJECTED,EURUSD,SELL,2017-02-21 01:00:00+00:00,,SYMBOL_ALREADY_HAS_OPEN_POSITION
REJECTED,GBPUSD,SELL,2017-02-21 07:00:00+00:00,,CORRELATED_OR_PORTFOLIO_RISK_CAP
REJECTED,EURUSD,SELL,2017-02-21 08:00:00+00:00,,SYMBOL_ALREADY_HAS_OPEN_POSITION
REJECTED,EURUSD,SELL,2017-02-21 09:00:00+00:00,,SYMBOL_ALREADY_HAS_OPEN_POSITION
REJECTED,EURUSD,SELL,2017-02-21 10:00:00+00:00,,SYMBOL_ALREADY_HAS_OPEN_POSITION
REJECTED,GBPUSD,SELL,2017-02-21 10:00:00+00:00,,CORRELATED_OR_PORTFOLIO_RISK_CAP
REJECTED,EURUSD,SELL,2017-02-21 12:00:00+00:00,,SYMBOL_ALREADY_HAS_OPEN_POSITION
REJECTED,GBPUSD,BUY,2017-02-21 23:00:00+00:00,,CORRELATED_OR_PORTFOLIO_RISK_CAP
REJECTED,GBPUSD,BUY,2017-02-22 00:00:00+00:00,,CORRELATED_OR_PORTFOLIO_RISK_CAP
REJECTED,GBPUSD,BUY,2017-02-22 01:00:00+00:00,,CORRELATED_OR_PORTFOLIO_RISK_CAP
REJECTED,GBPUSD,BUY,2017-02-22 02:00:00+00:00,,CORRELATED_OR_PORTFOLIO_RISK_CAP
REJECTED,EURUSD,SELL,2017-02-22 07:00:00+00:00,,SYMBOL_ALREADY_HAS_OPEN_POSITION
REJECTED,EURUSD,SELL,2017-02-22 08:00:00+00:00,,SYMBOL_ALREADY_HAS_OPEN_POSITION
REJECTED,EURUSD,BUY,2017-02-23 13:00:00+00:00,,SYMBOL_ALREADY_HAS_OPEN_POSITION
REJECTED,GBPUSD,BUY,2017-02-23 13:00:00+00:00,,SYMBOL_ALREADY_HAS_OPEN_POSITION
REJECTED,GBPUSD,BUY,2017-02-23 14:00:00+00:00,,SYMBOL_ALREADY_HAS_OPEN_POSITION
REJECTED,EURUSD,BUY,2017-02-23 15:00:00+00:00,,SYMBOL_ALREADY_HAS_OPEN_POSITION
REJECTED,GBPUSD,BUY,2017-02-23 15:00:00+00:00,,SYMBOL_ALREADY_HAS_OPEN_POSITION
REJECTED,EURUSD,BUY,2017-02-24 07:00:00+00:00,,SYMBOL_ALREADY_HAS_OPEN_POSITION
REJECTED,EURUSD,BUY,2017-02-24 11:00:00+00:00,,SYMBOL_ALREADY_HAS_OPEN_POSITION
REJECTED,GBPUSD,SELL,2017-02-24 15:00:00+00:00,,SYMBOL_ALREADY_HAS_OPEN_POSITION
REJECTED,GBPUSD,SELL,2017-02-24 17:00:00+00:00,,SYMBOL_ALREADY_HAS_OPEN_POSITION
REJECTED,EURUSD,SELL,2017-02-24 19:00:00+00:00,,CORRELATED_OR_PORTFOLIO_RISK_CAP
REJECTED,EURUSD,SELL,2017-02-26 23:00:00+00:00,,CORRELATED_OR_PORTFOLIO_RISK_CAP
REJECTED,GBPUSD,SELL,2017-02-26 23:00:00+00:00,,SYMBOL_ALREADY_HAS_OPEN_POSITION
REJECTED,EURUSD,BUY,2017-02-27 13:00:00+00:00,,CORRELATED_OR_PORTFOLIO_RISK_CAP
REJECTED,EURUSD,BUY,2017-02-27 16:00:00+00:00,,SYMBOL_ALREADY_HAS_OPEN_POSITION
REJECTED,EURUSD,SELL,2017-02-28 21:00:00+00:00,,CORRELATED_OR_PORTFOLIO_RISK_CAP
REJECTED,GBPUSD,SELL,2017-02-28 21:00:00+00:00,,SYMBOL_ALREADY_HAS_OPEN_POSITION
REJECTED,EURUSD,SELL,2017-02-28 23:00:00+00:00,,CORRELATED_OR_PORTFOLIO_RISK_CAP
REJECTED,EURUSD,SELL,2017-03-01 00:00:00+00:00,,CORRELATED_OR_PORTFOLIO_RISK_CAP
REJECTED,EURUSD,SELL,2017-03-01 04:00:00+00:00,,CORRELATED_OR_PORTFOLIO_RISK_CAP
REJECTED,EURUSD,SELL,2017-03-01 07:00:00+00:00,,CORRELATED_OR_PORTFOLIO_RISK_CAP
REJECTED,GBPUSD,SELL,2017-03-01 11:00:00+00:00,,SYMBOL_ALREADY_HAS_OPEN_POSITION
REJECTED,GBPUSD,SELL,2017-03-01 12:00:00+00:00,,SYMBOL_ALREADY_HAS_OPEN_POSITION
REJECTED,GBPUSD,SELL,2017-03-01 23:00:00+00:00,,SYMBOL_ALREADY_HAS_OPEN_POSITION
REJECTED,EURUSD,SELL,2017-03-02 12:00:00+00:00,,CORRELATED_OR_PORTFOLIO_RISK_CAP
REJECTED,EURUSD,SELL,2017-03-02 14:00:00+00:00,,CORRELATED_OR_PORTFOLIO_RISK_CAP
REJECTED,GBPUSD,SELL,2017-03-03 09:00:00+00:00,,SYMBOL_ALREADY_HAS_OPEN_POSITION
REJECTED,EURUSD,BUY,2017-03-03 10:00:00+00:00,,CORRELATED_OR_PORTFOLIO_RISK_CAP
REJECTED,EURUSD,BUY,2017-03-03 12:00:00+00:00,,CORRELATED_OR_PORTFOLIO_RISK_CAP
REJECTED,EURUSD,BUY,2017-03-03 13:00:00+00:00,,CORRELATED_OR_PORTFOLIO_RISK_CAP
REJECTED,EURUSD,BUY,2017-03-03 18:00:00+00:00,,CORRELATED_OR_PORTFOLIO_RISK_CAP
REJECTED,EURUSD,BUY,2017-03-03 19:00:00+00:00,,CORRELATED_OR_PORTFOLIO_RISK_CAP
REJECTED,EURUSD,BUY,2017-03-03 21:00:00+00:00,,SYMBOL_ALREADY_HAS_OPEN_POSITION
REJECTED,GBPUSD,BUY,2017-03-05 23:00:00+00:00,,SYMBOL_ALREADY_HAS_OPEN_POSITION
REJECTED,EURUSD,BUY,2017-03-06 08:00:00+00:00,,SYMBOL_ALREADY_HAS_OPEN_POSITION
REJECTED,GBPUSD,SELL,2017-03-06 17:00:00+00:00,,SYMBOL_ALREADY_HAS_OPEN_POSITION
REJECTED,EURUSD,SELL,2017-03-07 00:00:00+00:00,,CORRELATED_OR_PORTFOLIO_RISK_CAP
REJECTED,GBPUSD,SELL,2017-03-07 08:00:00+00:00,,SYMBOL_ALREADY_HAS_OPEN_POSITION
REJECTED,EURUSD,SELL,2017-03-07 09:00:00+00:00,,CORRELATED_OR_PORTFOLIO_RISK_CAP
REJECTED,GBPUSD,SELL,2017-03-07 09:00:00+00:00,,SYMBOL_ALREADY_HAS_OPEN_POSITION
REJECTED,GBPUSD,SELL,2017-03-07 14:00:00+00:00,,SYMBOL_ALREADY_HAS_OPEN_POSITION
REJECTED,EURUSD,SELL,2017-03-08 08:00:00+00:00,,CORRELATED_OR_PORTFOLIO_RISK_CAP
REJECTED,GBPUSD,SELL,2017-03-08 08:00:00+00:00,,SYMBOL_ALREADY_HAS_OPEN_POSITION
REJECTED,GBPUSD,SELL,2017-03-08 09:00:00+00:00,,SYMBOL_ALREADY_HAS_OPEN_POSITION
REJECTED,GBPUSD,SELL,2017-03-08 10:00:00+00:00,,SYMBOL_ALREADY_HAS_OPEN_POSITION
REJECTED,GBPUSD,SELL,2017-03-08 11:00:00+00:00,,SYMBOL_ALREADY_HAS_OPEN_POSITION
REJECTED,EURUSD,SELL,2017-03-09 03:00:00+00:00,,CORRELATED_OR_PORTFOLIO_RISK_CAP
REJECTED,EURUSD,BUY,2017-03-09 14:00:00+00:00,,SYMBOL_ALREADY_HAS_OPEN_POSITION
REJECTED,EURUSD,BUY,2017-03-10 13:00:00+00:00,,SYMBOL_ALREADY_HAS_OPEN_POSITION
REJECTED,EURUSD,BUY,2017-03-10 15:00:00+00:00,,SYMBOL_ALREADY_HAS_OPEN_POSITION
REJECTED,EURUSD,BUY,2017-03-10 18:00:00+00:00,,SYMBOL_ALREADY_HAS_OPEN_POSITION
REJECTED,EURUSD,BUY,2017-03-10 19:00:00+00:00,,SYMBOL_ALREADY_HAS_OPEN_POSITION
REJECTED,EURUSD,BUY,2017-03-13 07:00:00+00:00,,SYMBOL_ALREADY_HAS_OPEN_POSITION
REJECTED,GBPUSD,BUY,2017-03-13 07:00:00+00:00,,CORRELATED_OR_PORTFOLIO_RISK_CAP
REJECTED,GBPUSD,BUY,2017-03-13 08:00:00+00:00,,CORRELATED_OR_PORTFOLIO_RISK_CAP
REJECTED,EURUSD,SELL,2017-03-13 21:00:00+00:00,,SYMBOL_ALREADY_HAS_OPEN_POSITION
REJECTED,EURUSD,SELL,2017-03-14 00:00:00+00:00,,SYMBOL_ALREADY_HAS_OPEN_POSITION
REJECTED,GBPUSD,SELL,2017-03-14 07:00:00+00:00,,CORRELATED_OR_PORTFOLIO_RISK_CAP
REJECTED,EURUSD,SELL,2017-03-14 08:00:00+00:00,,SYMBOL_ALREADY_HAS_OPEN_POSITION
REJECTED,GBPUSD,SELL,2017-03-14 08:00:00+00:00,,CORRELATED_OR_PORTFOLIO_RISK_CAP
REJECTED,EURUSD,SELL,2017-03-14 12:00:00+00:00,,SYMBOL_ALREADY_HAS_OPEN_POSITION
REJECTED,EURUSD,SELL,2017-03-14 13:00:00+00:00,,SYMBOL_ALREADY_HAS_OPEN_POSITION
REJECTED,EURUSD,SELL,2017-03-14 18:00:00+00:00,,SYMBOL_ALREADY_HAS_OPEN_POSITION
REJECTED,EURUSD,SELL,2017-03-14 19:00:00+00:00,,SYMBOL_ALREADY_HAS_OPEN_POSITION
REJECTED,GBPUSD,BUY,2017-03-15 07:00:00+00:00,,SYMBOL_ALREADY_HAS_OPEN_POSITION
REJECTED,EURUSD,BUY,2017-03-15 17:00:00+00:00,,CORRELATED_OR_PORTFOLIO_RISK_CAP
REJECTED,EURUSD,BUY,2017-03-15 19:00:00+00:00,,CORRELATED_OR_PORTFOLIO_RISK_CAP
REJECTED,GBPUSD,BUY,2017-03-15 19:00:00+00:00,,SYMBOL_ALREADY_HAS_OPEN_POSITION
REJECTED,EURUSD,BUY,2017-03-15 21:00:00+00:00,,CORRELATED_OR_PORTFOLIO_RISK_CAP
REJECTED,EURUSD,BUY,2017-03-16 20:00:00+00:00,,SYMBOL_ALREADY_HAS_OPEN_POSITION
REJECTED,EURUSD,BUY,2017-03-16 22:00:00+00:00,,SYMBOL_ALREADY_HAS_OPEN_POSITION
REJECTED,EURUSD,BUY,2017-03-17 07:00:00+00:00,,SYMBOL_ALREADY_HAS_OPEN_POSITION
REJECTED,GBPUSD,SELL,2017-03-20 17:00:00+00:00,,SYMBOL_ALREADY_HAS_OPEN_POSITION
REJECTED,EURUSD,SELL,2017-03-20 18:00:00+00:00,,CORRELATED_OR_PORTFOLIO_RISK_CAP
REJECTED,EURUSD,BUY,2017-03-21 08:00:00+00:00,,SYMBOL_ALREADY_HAS_OPEN_POSITION
REJECTED,EURUSD,BUY,2017-03-21 09:00:00+00:00,,SYMBOL_ALREADY_HAS_OPEN_POSITION
REJECTED,GBPUSD,BUY,2017-03-21 10:00:00+00:00,,CORRELATED_OR_PORTFOLIO_RISK_CAP
REJECTED,GBPUSD,BUY,2017-03-21 11:00:00+00:00,,CORRELATED_OR_PORTFOLIO_RISK_CAP
REJECTED,EURUSD,BUY,2017-03-21 12:00:00+00:00,,SYMBOL_ALREADY_HAS_OPEN_POSITION
REJECTED,EURUSD,BUY,2017-03-21 14:00:00+00:00,,SYMBOL_ALREADY_HAS_OPEN_POSITION
REJECTED,EURUSD,SELL,2017-03-24 01:00:00+00:00,,SYMBOL_ALREADY_HAS_OPEN_POSITION
REJECTED,EURUSD,SELL,2017-03-24 03:00:00+00:00,,SYMBOL_ALREADY_HAS_OPEN_POSITION
REJECTED,GBPUSD,SELL,2017-03-24 07:00:00+00:00,,CORRELATED_OR_PORTFOLIO_RISK_CAP
REJECTED,EURUSD,BUY,2017-03-26 22:00:00+00:00,,SYMBOL_ALREADY_HAS_OPEN_POSITION
REJECTED,EURUSD,BUY,2017-03-26 23:00:00+00:00,,SYMBOL_ALREADY_HAS_OPEN_POSITION
REJECTED,GBPUSD,BUY,2017-03-26 23:00:00+00:00,,CORRELATED_OR_PORTFOLIO_RISK_CAP
REJECTED,GBPUSD,BUY,2017-03-27 04:00:00+00:00,,CORRELATED_OR_PORTFOLIO_RISK_CAP
REJECTED,EURUSD,BUY,2017-03-27 07:00:00+00:00,,SYMBOL_ALREADY_HAS_OPEN_POSITION
REJECTED,GBPUSD,BUY,2017-03-27 07:00:00+00:00,,CORRELATED_OR_PORTFOLIO_RISK_CAP
REJECTED,GBPUSD,BUY,2017-03-27 08:00:00+00:00,,CORRELATED_OR_PORTFOLIO_RISK_CAP
REJECTED,GBPUSD,BUY,2017-03-27 10:00:00+00:00,,CORRELATED_OR_PORTFOLIO_RISK_CAP
REJECTED,EURUSD,BUY,2017-03-27 12:00:00+00:00,,SYMBOL_ALREADY_HAS_OPEN_POSITION
REJECTED,EURUSD,BUY,2017-03-27 13:00:00+00:00,,SYMBOL_ALREADY_HAS_OPEN_POSITION
REJECTED,GBPUSD,BUY,2017-03-27 13:00:00+00:00,,CORRELATED_OR_PORTFOLIO_RISK_CAP
REJECTED,GBPUSD,SELL,2017-03-28 16:00:00+00:00,,SYMBOL_ALREADY_HAS_OPEN_POSITION
REJECTED,EURUSD,SELL,2017-03-28 17:00:00+00:00,,SYMBOL_ALREADY_HAS_OPEN_POSITION
REJECTED,GBPUSD,SELL,2017-03-28 17:00:00+00:00,,SYMBOL_ALREADY_HAS_OPEN_POSITION
REJECTED,EURUSD,SELL,2017-03-28 18:00:00+00:00,,SYMBOL_ALREADY_HAS_OPEN_POSITION
REJECTED,GBPUSD,SELL,2017-03-28 18:00:00+00:00,,SYMBOL_ALREADY_HAS_OPEN_POSITION
REJECTED,EURUSD,SELL,2017-03-28 19:00:00+00:00,,SYMBOL_ALREADY_HAS_OPEN_POSITION
REJECTED,GBPUSD,SELL,2017-03-28 19:00:00+00:00,,SYMBOL_ALREADY_HAS_OPEN_POSITION
REJECTED,GBPUSD,SELL,2017-03-29 00:00:00+00:00,,SYMBOL_ALREADY_HAS_OPEN_POSITION
REJECTED,GBPUSD,SELL,2017-03-29 01:00:00+00:00,,SYMBOL_ALREADY_HAS_OPEN_POSITION
REJECTED,EURUSD,SELL,2017-03-29 07:00:00+00:00,,SYMBOL_ALREADY_HAS_OPEN_POSITION
REJECTED,EURUSD,SELL,2017-03-29 08:00:00+00:00,,SYMBOL_ALREADY_HAS_OPEN_POSITION
REJECTED,EURUSD,SELL,2017-03-29 12:00:00+00:00,,SYMBOL_ALREADY_HAS_OPEN_POSITION
REJECTED,EURUSD,SELL,2017-03-30 08:00:00+00:00,,SYMBOL_ALREADY_HAS_OPEN_POSITION
REJECTED,EURUSD,SELL,2017-03-30 09:00:00+00:00,,SYMBOL_ALREADY_HAS_OPEN_POSITION
REJECTED,GBPUSD,BUY,2017-03-30 12:00:00+00:00,,CORRELATED_OR_PORTFOLIO_RISK_CAP
REJECTED,EURUSD,SELL,2017-03-30 13:00:00+00:00,,SYMBOL_ALREADY_HAS_OPEN_POSITION
REJECTED,GBPUSD,BUY,2017-03-30 14:00:00+00:00,,CORRELATED_OR_PORTFOLIO_RISK_CAP
REJECTED,EURUSD,SELL,2017-03-30 17:00:00+00:00,,SYMBOL_ALREADY_HAS_OPEN_POSITION
REJECTED,EURUSD,SELL,2017-03-30 18:00:00+00:00,,SYMBOL_ALREADY_HAS_OPEN_POSITION
REJECTED,EURUSD,SELL,2017-03-30 20:00:00+00:00,,SYMBOL_ALREADY_HAS_OPEN_POSITION
REJECTED,EURUSD,SELL,2017-03-30 21:00:00+00:00,,SYMBOL_ALREADY_HAS_OPEN_POSITION
REJECTED,GBPUSD,BUY,2017-03-31 17:00:00+00:00,,SYMBOL_ALREADY_HAS_OPEN_POSITION
REJECTED,EURUSD,SELL,2017-03-31 21:00:00+00:00,,SYMBOL_ALREADY_HAS_OPEN_POSITION
REJECTED,EURUSD,SELL,2017-04-04 11:00:00+00:00,,SYMBOL_ALREADY_HAS_OPEN_POSITION
REJECTED,GBPUSD,BUY,2017-04-05 12:00:00+00:00,,SYMBOL_ALREADY_HAS_OPEN_POSITION
REJECTED,EURUSD,SELL,2017-04-07 12:00:00+00:00,,SYMBOL_ALREADY_HAS_OPEN_POSITION
REJECTED,EURUSD,SELL,2017-04-07 13:00:00+00:00,,CORRELATED_OR_PORTFOLIO_RISK_CAP
REJECTED,GBPUSD,SELL,2017-04-07 13:00:00+00:00,,SYMBOL_ALREADY_HAS_OPEN_POSITION
REJECTED,EURUSD,SELL,2017-04-07 17:00:00+00:00,,CORRELATED_OR_PORTFOLIO_RISK_CAP
REJECTED,EURUSD,SELL,2017-04-07 18:00:00+00:00,,CORRELATED_OR_PORTFOLIO_RISK_CAP
REJECTED,GBPUSD,SELL,2017-04-07 18:00:00+00:00,,SYMBOL_ALREADY_HAS_OPEN_POSITION
REJECTED,GBPUSD,SELL,2017-04-07 21:00:00+00:00,,SYMBOL_ALREADY_HAS_OPEN_POSITION
REJECTED,EURUSD,SELL,2017-04-09 23:00:00+00:00,,CORRELATED_OR_PORTFOLIO_RISK_CAP
REJECTED,GBPUSD,BUY,2017-04-10 15:00:00+00:00,,SYMBOL_ALREADY_HAS_OPEN_POSITION
REJECTED,EURUSD,BUY,2017-04-11 11:00:00+00:00,,SYMBOL_ALREADY_HAS_OPEN_POSITION
REJECTED,EURUSD,BUY,2017-04-11 15:00:00+00:00,,SYMBOL_ALREADY_HAS_OPEN_POSITION
REJECTED,GBPUSD,BUY,2017-04-11 15:00:00+00:00,,CORRELATED_OR_PORTFOLIO_RISK_CAP
REJECTED,GBPUSD,BUY,2017-04-12 09:00:00+00:00,,CORRELATED_OR_PORTFOLIO_RISK_CAP
REJECTED,GBPUSD,BUY,2017-04-13 00:00:00+00:00,,SYMBOL_ALREADY_HAS_OPEN_POSITION
REJECTED,GBPUSD,BUY,2017-04-13 01:00:00+00:00,,SYMBOL_ALREADY_HAS_OPEN_POSITION
REJECTED,GBPUSD,BUY,2017-04-13 02:00:00+00:00,,SYMBOL_ALREADY_HAS_OPEN_POSITION
REJECTED,GBPUSD,BUY,2017-04-13 03:00:00+00:00,,SYMBOL_ALREADY_HAS_OPEN_POSITION
REJECTED,GBPUSD,SELL,2017-04-13 21:00:00+00:00,,SYMBOL_ALREADY_HAS_OPEN_POSITION
REJECTED,GBPUSD,BUY,2017-04-17 00:00:00+00:00,,SYMBOL_ALREADY_HAS_OPEN_POSITION
REJECTED,GBPUSD,BUY,2017-04-17 01:00:00+00:00,,SYMBOL_ALREADY_HAS_OPEN_POSITION
REJECTED,EURUSD,BUY,2017-04-17 08:00:00+00:00,,CORRELATED_OR_PORTFOLIO_RISK_CAP
REJECTED,GBPUSD,BUY,2017-04-17 13:00:00+00:00,,SYMBOL_ALREADY_HAS_OPEN_POSITION
REJECTED,EURUSD,BUY,2017-04-17 14:00:00+00:00,,CORRELATED_OR_PORTFOLIO_RISK_CAP
REJECTED,GBPUSD,BUY,2017-04-17 14:00:00+00:00,,SYMBOL_ALREADY_HAS_OPEN_POSITION
REJECTED,EURUSD,BUY,2017-04-17 15:00:00+00:00,,CORRELATED_OR_PORTFOLIO_RISK_CAP
REJECTED,GBPUSD,BUY,2017-04-17 15:00:00+00:00,,SYMBOL_ALREADY_HAS_OPEN_POSITION
REJECTED,GBPUSD,BUY,2017-04-18 11:00:00+00:00,,SYMBOL_ALREADY_HAS_OPEN_POSITION
REJECTED,EURUSD,BUY,2017-04-18 12:00:00+00:00,,CORRELATED_OR_PORTFOLIO_RISK_CAP
REJECTED,GBPUSD,BUY,2017-04-18 12:00:00+00:00,,SYMBOL_ALREADY_HAS_OPEN_POSITION
REJECTED,EURUSD,BUY,2017-04-18 13:00:00+00:00,,CORRELATED_OR_PORTFOLIO_RISK_CAP
REJECTED,GBPUSD,BUY,2017-04-18 13:00:00+00:00,,SYMBOL_ALREADY_HAS_OPEN_POSITION
REJECTED,GBPUSD,BUY,2017-04-18 14:00:00+00:00,,SYMBOL_ALREADY_HAS_OPEN_POSITION
REJECTED,GBPUSD,BUY,2017-04-18 15:00:00+00:00,,SYMBOL_ALREADY_HAS_OPEN_POSITION
REJECTED,EURUSD,BUY,2017-04-18 16:00:00+00:00,,CORRELATED_OR_PORTFOLIO_RISK_CAP
REJECTED,GBPUSD,BUY,2017-04-18 16:00:00+00:00,,SYMBOL_ALREADY_HAS_OPEN_POSITION
REJECTED,EURUSD,BUY,2017-04-18 18:00:00+00:00,,CORRELATED_OR_PORTFOLIO_RISK_CAP
REJECTED,GBPUSD,BUY,2017-04-18 18:00:00+00:00,,SYMBOL_ALREADY_HAS_OPEN_POSITION
REJECTED,EURUSD,BUY,2017-04-18 20:00:00+00:00,,CORRELATED_OR_PORTFOLIO_RISK_CAP
REJECTED,EURUSD,BUY,2017-04-20 08:00:00+00:00,,SYMBOL_ALREADY_HAS_OPEN_POSITION
REJECTED,EURUSD,BUY,2017-04-20 09:00:00+00:00,,SYMBOL_ALREADY_HAS_OPEN_POSITION
REJECTED,GBPUSD,SELL,2017-04-21 12:00:00+00:00,,CORRELATED_OR_PORTFOLIO_RISK_CAP
REJECTED,EURUSD,SELL,2017-04-21 15:00:00+00:00,,SYMBOL_ALREADY_HAS_OPEN_POSITION
REJECTED,EURUSD,BUY,2017-04-25 14:00:00+00:00,,SYMBOL_ALREADY_HAS_OPEN_POSITION
REJECTED,EURUSD,BUY,2017-04-25 15:00:00+00:00,,SYMBOL_ALREADY_HAS_OPEN_POSITION
REJECTED,EURUSD,BUY,2017-04-25 16:00:00+00:00,,SYMBOL_ALREADY_HAS_OPEN_POSITION
REJECTED,GBPUSD,BUY,2017-04-25 16:00:00+00:00,,CORRELATED_OR_PORTFOLIO_RISK_CAP
REJECTED,EURUSD,BUY,2017-04-25 17:00:00+00:00,,SYMBOL_ALREADY_HAS_OPEN_POSITION
REJECTED,GBPUSD,BUY,2017-04-27 08:00:00+00:00,,SYMBOL_ALREADY_HAS_OPEN_POSITION
REJECTED,GBPUSD,BUY,2017-04-28 08:00:00+00:00,,SYMBOL_ALREADY_HAS_OPEN_POSITION
REJECTED,EURUSD,BUY,2017-04-28 10:00:00+00:00,,CORRELATED_OR_PORTFOLIO_RISK_CAP
REJECTED,GBPUSD,BUY,2017-04-28 18:00:00+00:00,,SYMBOL_ALREADY_HAS_OPEN_POSITION
REJECTED,GBPUSD,SELL,2017-05-01 21:00:00+00:00,,SYMBOL_ALREADY_HAS_OPEN_POSITION
REJECTED,GBPUSD,SELL,2017-05-02 07:00:00+00:00,,SYMBOL_ALREADY_HAS_OPEN_POSITION
REJECTED,GBPUSD,SELL,2017-05-02 08:00:00+00:00,,SYMBOL_ALREADY_HAS_OPEN_POSITION
REJECTED,GBPUSD,BUY,2017-05-02 20:00:00+00:00,,SYMBOL_ALREADY_HAS_OPEN_POSITION
REJECTED,GBPUSD,BUY,2017-05-02 21:00:00+00:00,,SYMBOL_ALREADY_HAS_OPEN_POSITION
REJECTED,EURUSD,BUY,2017-05-03 00:00:00+00:00,,SYMBOL_ALREADY_HAS_OPEN_POSITION
REJECTED,GBPUSD,BUY,2017-05-03 00:00:00+00:00,,SYMBOL_ALREADY_HAS_OPEN_POSITION
REJECTED,GBPUSD,BUY,2017-05-03 01:00:00+00:00,,SYMBOL_ALREADY_HAS_OPEN_POSITION
REJECTED,EURUSD,SELL,2017-05-03 21:00:00+00:00,,CORRELATED_OR_PORTFOLIO_RISK_CAP
REJECTED,GBPUSD,SELL,2017-05-03 21:00:00+00:00,,SYMBOL_ALREADY_HAS_OPEN_POSITION
REJECTED,GBPUSD,SELL,2017-05-04 07:00:00+00:00,,SYMBOL_ALREADY_HAS_OPEN_POSITION
REJECTED,EURUSD,BUY,2017-05-04 15:00:00+00:00,,SYMBOL_ALREADY_HAS_OPEN_POSITION
REJECTED,EURUSD,BUY,2017-05-04 16:00:00+00:00,,SYMBOL_ALREADY_HAS_OPEN_POSITION
REJECTED,EURUSD,BUY,2017-05-04 17:00:00+00:00,,SYMBOL_ALREADY_HAS_OPEN_POSITION
REJECTED,EURUSD,BUY,2017-05-04 20:00:00+00:00,,SYMBOL_ALREADY_HAS_OPEN_POSITION
REJECTED,GBPUSD,BUY,2017-05-04 20:00:00+00:00,,CORRELATED_OR_PORTFOLIO_RISK_CAP
REJECTED,GBPUSD,BUY,2017-05-05 13:00:00+00:00,,SYMBOL_ALREADY_HAS_OPEN_POSITION
REJECTED,EURUSD,BUY,2017-05-05 16:00:00+00:00,,CORRELATED_OR_PORTFOLIO_RISK_CAP
REJECTED,GBPUSD,BUY,2017-05-05 18:00:00+00:00,,SYMBOL_ALREADY_HAS_OPEN_POSITION
REJECTED,GBPUSD,BUY,2017-05-05 20:00:00+00:00,,SYMBOL_ALREADY_HAS_OPEN_POSITION
REJECTED,EURUSD,BUY,2017-05-07 22:00:00+00:00,,CORRELATED_OR_PORTFOLIO_RISK_CAP
REJECTED,GBPUSD,SELL,2017-05-08 14:00:00+00:00,,SYMBOL_ALREADY_HAS_OPEN_POSITION
REJECTED,EURUSD,SELL,2017-05-08 15:00:00+00:00,,SYMBOL_ALREADY_HAS_OPEN_POSITION
REJECTED,EURUSD,SELL,2017-05-08 16:00:00+00:00,,SYMBOL_ALREADY_HAS_OPEN_POSITION
REJECTED,EURUSD,SELL,2017-05-09 07:00:00+00:00,,SYMBOL_ALREADY_HAS_OPEN_POSITION
REJECTED,GBPUSD,SELL,2017-05-09 10:00:00+00:00,,CORRELATED_OR_PORTFOLIO_RISK_CAP
REJECTED,EURUSD,SELL,2017-05-09 19:00:00+00:00,,SYMBOL_ALREADY_HAS_OPEN_POSITION
REJECTED,EURUSD,SELL,2017-05-10 18:00:00+00:00,,SYMBOL_ALREADY_HAS_OPEN_POSITION
REJECTED,GBPUSD,SELL,2017-05-11 12:00:00+00:00,,SYMBOL_ALREADY_HAS_OPEN_POSITION
REJECTED,EURUSD,SELL,2017-05-11 13:00:00+00:00,,CORRELATED_OR_PORTFOLIO_RISK_CAP
REJECTED,GBPUSD,SELL,2017-05-12 09:00:00+00:00,,SYMBOL_ALREADY_HAS_OPEN_POSITION
REJECTED,EURUSD,BUY,2017-05-12 14:00:00+00:00,,SYMBOL_ALREADY_HAS_OPEN_POSITION
REJECTED,GBPUSD,BUY,2017-05-15 04:00:00+00:00,,CORRELATED_OR_PORTFOLIO_RISK_CAP
REJECTED,GBPUSD,BUY,2017-05-15 05:00:00+00:00,,CORRELATED_OR_PORTFOLIO_RISK_CAP
REJECTED,EURUSD,BUY,2017-05-15 07:00:00+00:00,,SYMBOL_ALREADY_HAS_OPEN_POSITION
REJECTED,GBPUSD,BUY,2017-05-15 07:00:00+00:00,,CORRELATED_OR_PORTFOLIO_RISK_CAP
REJECTED,EURUSD,BUY,2017-05-15 10:00:00+00:00,,SYMBOL_ALREADY_HAS_OPEN_POSITION
REJECTED,EURUSD,BUY,2017-05-15 11:00:00+00:00,,SYMBOL_ALREADY_HAS_OPEN_POSITION
REJECTED,EURUSD,BUY,2017-05-15 13:00:00+00:00,,SYMBOL_ALREADY_HAS_OPEN_POSITION
REJECTED,EURUSD,BUY,2017-05-16 05:00:00+00:00,,SYMBOL_ALREADY_HAS_OPEN_POSITION
REJECTED,EURUSD,BUY,2017-05-16 07:00:00+00:00,,SYMBOL_ALREADY_HAS_OPEN_POSITION
REJECTED,EURUSD,BUY,2017-05-16 08:00:00+00:00,,SYMBOL_ALREADY_HAS_OPEN_POSITION
REJECTED,EURUSD,BUY,2017-05-16 09:00:00+00:00,,SYMBOL_ALREADY_HAS_OPEN_POSITION
REJECTED,EURUSD,BUY,2017-05-16 11:00:00+00:00,,SYMBOL_ALREADY_HAS_OPEN_POSITION
REJECTED,EURUSD,BUY,2017-05-16 13:00:00+00:00,,SYMBOL_ALREADY_HAS_OPEN_POSITION
REJECTED,EURUSD,BUY,2017-05-16 18:00:00+00:00,,SYMBOL_ALREADY_HAS_OPEN_POSITION
REJECTED,EURUSD,BUY,2017-05-16 19:00:00+00:00,,SYMBOL_ALREADY_HAS_OPEN_POSITION
REJECTED,EURUSD,BUY,2017-05-17 03:00:00+00:00,,SYMBOL_ALREADY_HAS_OPEN_POSITION
REJECTED,GBPUSD,BUY,2017-05-17 11:00:00+00:00,,CORRELATED_OR_PORTFOLIO_RISK_CAP
REJECTED,EURUSD,BUY,2017-05-17 13:00:00+00:00,,SYMBOL_ALREADY_HAS_OPEN_POSITION
REJECTED,EURUSD,BUY,2017-05-17 14:00:00+00:00,,SYMBOL_ALREADY_HAS_OPEN_POSITION
REJECTED,EURUSD,BUY,2017-05-17 15:00:00+00:00,,SYMBOL_ALREADY_HAS_OPEN_POSITION
REJECTED,EURUSD,BUY,2017-05-17 18:00:00+00:00,,SYMBOL_ALREADY_HAS_OPEN_POSITION
REJECTED,EURUSD,BUY,2017-05-17 21:00:00+00:00,,SYMBOL_ALREADY_HAS_OPEN_POSITION
REJECTED,EURUSD,BUY,2017-05-17 22:00:00+00:00,,SYMBOL_ALREADY_HAS_OPEN_POSITION
REJECTED,EURUSD,BUY,2017-05-19 12:00:00+00:00,,SYMBOL_ALREADY_HAS_OPEN_POSITION
REJECTED,GBPUSD,BUY,2017-05-19 13:00:00+00:00,,CORRELATED_OR_PORTFOLIO_RISK_CAP
REJECTED,EURUSD,BUY,2017-05-19 14:00:00+00:00,,SYMBOL_ALREADY_HAS_OPEN_POSITION
REJECTED,EURUSD,BUY,2017-05-19 18:00:00+00:00,,SYMBOL_ALREADY_HAS_OPEN_POSITION
REJECTED,GBPUSD,BUY,2017-05-19 18:00:00+00:00,,CORRELATED_OR_PORTFOLIO_RISK_CAP
REJECTED,EURUSD,BUY,2017-05-22 14:00:00+00:00,,SYMBOL_ALREADY_HAS_OPEN_POSITION
REJECTED,EURUSD,SELL,2017-05-23 16:00:00+00:00,,SYMBOL_ALREADY_HAS_OPEN_POSITION
REJECTED,EURUSD,SELL,2017-05-23 17:00:00+00:00,,SYMBOL_ALREADY_HAS_OPEN_POSITION
REJECTED,EURUSD,BUY,2017-05-25 00:00:00+00:00,,SYMBOL_ALREADY_HAS_OPEN_POSITION
REJECTED,EURUSD,BUY,2017-05-25 03:00:00+00:00,,SYMBOL_ALREADY_HAS_OPEN_POSITION
REJECTED,GBPUSD,SELL,2017-05-26 01:00:00+00:00,,SYMBOL_ALREADY_HAS_OPEN_POSITION
REJECTED,EURUSD,SELL,2017-05-26 02:00:00+00:00,,CORRELATED_OR_PORTFOLIO_RISK_CAP
REJECTED,GBPUSD,SELL,2017-05-26 02:00:00+00:00,,SYMBOL_ALREADY_HAS_OPEN_POSITION
REJECTED,GBPUSD,SELL,2017-05-26 11:00:00+00:00,,SYMBOL_ALREADY_HAS_OPEN_POSITION
REJECTED,GBPUSD,SELL,2017-05-26 12:00:00+00:00,,SYMBOL_ALREADY_HAS_OPEN_POSITION
REJECTED,EURUSD,SELL,2017-05-26 13:00:00+00:00,,CORRELATED_OR_PORTFOLIO_RISK_CAP
REJECTED,GBPUSD,SELL,2017-05-26 13:00:00+00:00,,SYMBOL_ALREADY_HAS_OPEN_POSITION
REJECTED,EURUSD,SELL,2017-05-26 14:00:00+00:00,,CORRELATED_OR_PORTFOLIO_RISK_CAP
REJECTED,GBPUSD,SELL,2017-05-26 14:00:00+00:00,,SYMBOL_ALREADY_HAS_OPEN_POSITION
REJECTED,GBPUSD,SELL,2017-05-26 15:00:00+00:00,,SYMBOL_ALREADY_HAS_OPEN_POSITION
REJECTED,EURUSD,SELL,2017-05-29 23:00:00+00:00,,SYMBOL_ALREADY_HAS_OPEN_POSITION
REJECTED,EURUSD,SELL,2017-05-30 00:00:00+00:00,,SYMBOL_ALREADY_HAS_OPEN_POSITION
REJECTED,GBPUSD,SELL,2017-05-30 00:00:00+00:00,,CORRELATED_OR_PORTFOLIO_RISK_CAP
REJECTED,GBPUSD,SELL,2017-05-30 01:00:00+00:00,,CORRELATED_OR_PORTFOLIO_RISK_CAP
REJECTED,EURUSD,SELL,2017-05-30 02:00:00+00:00,,SYMBOL_ALREADY_HAS_OPEN_POSITION
REJECTED,EURUSD,SELL,2017-05-30 06:00:00+00:00,,SYMBOL_ALREADY_HAS_OPEN_POSITION
REJECTED,EURUSD,BUY,2017-05-31 12:00:00+00:00,,SYMBOL_ALREADY_HAS_OPEN_POSITION
REJECTED,EURUSD,BUY,2017-05-31 14:00:00+00:00,,SYMBOL_ALREADY_HAS_OPEN_POSITION
REJECTED,GBPUSD,BUY,2017-05-31 14:00:00+00:00,,CORRELATED_OR_PORTFOLIO_RISK_CAP
REJECTED,EURUSD,BUY,2017-05-31 15:00:00+00:00,,SYMBOL_ALREADY_HAS_OPEN_POSITION
REJECTED,GBPUSD,BUY,2017-05-31 15:00:00+00:00,,CORRELATED_OR_PORTFOLIO_RISK_CAP
REJECTED,EURUSD,SELL,2017-06-01 13:00:00+00:00,,SYMBOL_ALREADY_HAS_OPEN_POSITION
REJECTED,EURUSD,SELL,2017-06-02 12:00:00+00:00,,SYMBOL_ALREADY_HAS_OPEN_POSITION
REJECTED,GBPUSD,BUY,2017-06-05 14:00:00+00:00,,SYMBOL_ALREADY_HAS_OPEN_POSITION
REJECTED,GBPUSD,BUY,2017-06-07 14:00:00+00:00,,SYMBOL_ALREADY_HAS_OPEN_POSITION
REJECTED,GBPUSD,BUY,2017-06-07 15:00:00+00:00,,SYMBOL_ALREADY_HAS_OPEN_POSITION
REJECTED,GBPUSD,BUY,2017-06-08 07:00:00+00:00,,SYMBOL_ALREADY_HAS_OPEN_POSITION
REJECTED,EURUSD,SELL,2017-06-09 09:00:00+00:00,,SYMBOL_ALREADY_HAS_OPEN_POSITION
REJECTED,EURUSD,SELL,2017-06-09 13:00:00+00:00,,SYMBOL_ALREADY_HAS_OPEN_POSITION
REJECTED,EURUSD,BUY,2017-06-12 08:00:00+00:00,,SYMBOL_ALREADY_HAS_OPEN_POSITION
REJECTED,EURUSD,BUY,2017-06-12 09:00:00+00:00,,SYMBOL_ALREADY_HAS_OPEN_POSITION
REJECTED,GBPUSD,SELL,2017-06-12 11:00:00+00:00,,SYMBOL_ALREADY_HAS_OPEN_POSITION
REJECTED,GBPUSD,SELL,2017-06-12 13:00:00+00:00,,SYMBOL_ALREADY_HAS_OPEN_POSITION
REJECTED,GBPUSD,SELL,2017-06-12 18:00:00+00:00,,SYMBOL_ALREADY_HAS_OPEN_POSITION
REJECTED,EURUSD,SELL,2017-06-13 06:00:00+00:00,,CORRELATED_OR_PORTFOLIO_RISK_CAP
REJECTED,GBPUSD,BUY,2017-06-13 11:00:00+00:00,,SYMBOL_ALREADY_HAS_OPEN_POSITION
REJECTED,GBPUSD,BUY,2017-06-13 12:00:00+00:00,,SYMBOL_ALREADY_HAS_OPEN_POSITION
REJECTED,GBPUSD,BUY,2017-06-13 16:00:00+00:00,,SYMBOL_ALREADY_HAS_OPEN_POSITION
REJECTED,EURUSD,BUY,2017-06-14 07:00:00+00:00,,CORRELATED_OR_PORTFOLIO_RISK_CAP
REJECTED,GBPUSD,BUY,2017-06-14 07:00:00+00:00,,SYMBOL_ALREADY_HAS_OPEN_POSITION
REJECTED,EURUSD,BUY,2017-06-14 13:00:00+00:00,,CORRELATED_OR_PORTFOLIO_RISK_CAP
REJECTED,EURUSD,BUY,2017-06-14 14:00:00+00:00,,CORRELATED_OR_PORTFOLIO_RISK_CAP
REJECTED,EURUSD,BUY,2017-06-14 15:00:00+00:00,,CORRELATED_OR_PORTFOLIO_RISK_CAP
REJECTED,EURUSD,SELL,2017-06-15 13:00:00+00:00,,SYMBOL_ALREADY_HAS_OPEN_POSITION
REJECTED,EURUSD,SELL,2017-06-15 14:00:00+00:00,,SYMBOL_ALREADY_HAS_OPEN_POSITION
REJECTED,EURUSD,BUY,2017-06-16 15:00:00+00:00,,SYMBOL_ALREADY_HAS_OPEN_POSITION
REJECTED,GBPUSD,BUY,2017-06-16 15:00:00+00:00,,CORRELATED_OR_PORTFOLIO_RISK_CAP
REJECTED,EURUSD,BUY,2017-06-16 20:00:00+00:00,,SYMBOL_ALREADY_HAS_OPEN_POSITION
REJECTED,EURUSD,SELL,2017-06-19 14:00:00+00:00,,SYMBOL_ALREADY_HAS_OPEN_POSITION
REJECTED,EURUSD,SELL,2017-06-19 15:00:00+00:00,,SYMBOL_ALREADY_HAS_OPEN_POSITION
REJECTED,EURUSD,SELL,2017-06-19 16:00:00+00:00,,SYMBOL_ALREADY_HAS_OPEN_POSITION
REJECTED,GBPUSD,SELL,2017-06-19 16:00:00+00:00,,CORRELATED_OR_PORTFOLIO_RISK_CAP
REJECTED,EURUSD,SELL,2017-06-19 17:00:00+00:00,,SYMBOL_ALREADY_HAS_OPEN_POSITION
REJECTED,EURUSD,SELL,2017-06-19 18:00:00+00:00,,SYMBOL_ALREADY_HAS_OPEN_POSITION
REJECTED,GBPUSD,SELL,2017-06-20 13:00:00+00:00,,SYMBOL_ALREADY_HAS_OPEN_POSITION
REJECTED,EURUSD,SELL,2017-06-20 14:00:00+00:00,,CORRELATED_OR_PORTFOLIO_RISK_CAP
REJECTED,GBPUSD,SELL,2017-06-20 14:00:00+00:00,,SYMBOL_ALREADY_HAS_OPEN_POSITION
REJECTED,EURUSD,SELL,2017-06-20 15:00:00+00:00,,CORRELATED_OR_PORTFOLIO_RISK_CAP
REJECTED,EURUSD,SELL,2017-06-20 16:00:00+00:00,,CORRELATED_OR_PORTFOLIO_RISK_CAP
REJECTED,GBPUSD,SELL,2017-06-21 08:00:00+00:00,,SYMBOL_ALREADY_HAS_OPEN_POSITION
REJECTED,GBPUSD,BUY,2017-06-21 12:00:00+00:00,,SYMBOL_ALREADY_HAS_OPEN_POSITION
REJECTED,EURUSD,BUY,2017-06-21 19:00:00+00:00,,CORRELATED_OR_PORTFOLIO_RISK_CAP
REJECTED,EURUSD,BUY,2017-06-22 06:00:00+00:00,,CORRELATED_OR_PORTFOLIO_RISK_CAP
REJECTED,EURUSD,SELL,2017-06-22 18:00:00+00:00,,SYMBOL_ALREADY_HAS_OPEN_POSITION
REJECTED,GBPUSD,BUY,2017-06-22 20:00:00+00:00,,SYMBOL_ALREADY_HAS_OPEN_POSITION
REJECTED,GBPUSD,BUY,2017-06-23 02:00:00+00:00,,SYMBOL_ALREADY_HAS_OPEN_POSITION
REJECTED,GBPUSD,BUY,2017-06-23 03:00:00+00:00,,SYMBOL_ALREADY_HAS_OPEN_POSITION
REJECTED,GBPUSD,BUY,2017-06-23 04:00:00+00:00,,SYMBOL_ALREADY_HAS_OPEN_POSITION
REJECTED,EURUSD,BUY,2017-06-23 07:00:00+00:00,,CORRELATED_OR_PORTFOLIO_RISK_CAP
REJECTED,GBPUSD,BUY,2017-06-23 07:00:00+00:00,,SYMBOL_ALREADY_HAS_OPEN_POSITION
REJECTED,EURUSD,BUY,2017-06-23 08:00:00+00:00,,CORRELATED_OR_PORTFOLIO_RISK_CAP
REJECTED,EURUSD,BUY,2017-06-23 14:00:00+00:00,,CORRELATED_OR_PORTFOLIO_RISK_CAP
REJECTED,EURUSD,BUY,2017-06-23 15:00:00+00:00,,CORRELATED_OR_PORTFOLIO_RISK_CAP
REJECTED,GBPUSD,BUY,2017-06-26 00:00:00+00:00,,SYMBOL_ALREADY_HAS_OPEN_POSITION
REJECTED,GBPUSD,BUY,2017-06-26 01:00:00+00:00,,SYMBOL_ALREADY_HAS_OPEN_POSITION
REJECTED,GBPUSD,BUY,2017-06-26 03:00:00+00:00,,SYMBOL_ALREADY_HAS_OPEN_POSITION
REJECTED,EURUSD,BUY,2017-06-27 12:00:00+00:00,,SYMBOL_ALREADY_HAS_OPEN_POSITION
REJECTED,EURUSD,BUY,2017-06-27 13:00:00+00:00,,SYMBOL_ALREADY_HAS_OPEN_POSITION
REJECTED,EURUSD,BUY,2017-06-27 14:00:00+00:00,,SYMBOL_ALREADY_HAS_OPEN_POSITION
REJECTED,EURUSD,BUY,2017-06-27 16:00:00+00:00,,SYMBOL_ALREADY_HAS_OPEN_POSITION
REJECTED,GBPUSD,BUY,2017-06-27 16:00:00+00:00,,CORRELATED_OR_PORTFOLIO_RISK_CAP
REJECTED,EURUSD,BUY,2017-06-27 19:00:00+00:00,,SYMBOL_ALREADY_HAS_OPEN_POSITION
REJECTED,GBPUSD,BUY,2017-06-27 19:00:00+00:00,,CORRELATED_OR_PORTFOLIO_RISK_CAP
REJECTED,EURUSD,BUY,2017-06-27 20:00:00+00:00,,SYMBOL_ALREADY_HAS_OPEN_POSITION
REJECTED,GBPUSD,BUY,2017-06-27 20:00:00+00:00,,CORRELATED_OR_PORTFOLIO_RISK_CAP
REJECTED,EURUSD,BUY,2017-06-28 02:00:00+00:00,,SYMBOL_ALREADY_HAS_OPEN_POSITION
REJECTED,EURUSD,BUY,2017-06-28 06:00:00+00:00,,SYMBOL_ALREADY_HAS_OPEN_POSITION
REJECTED,EURUSD,BUY,2017-06-29 02:00:00+00:00,,CORRELATED_OR_PORTFOLIO_RISK_CAP
REJECTED,EURUSD,BUY,2017-06-29 08:00:00+00:00,,CORRELATED_OR_PORTFOLIO_RISK_CAP
REJECTED,EURUSD,BUY,2017-06-29 18:00:00+00:00,,CORRELATED_OR_PORTFOLIO_RISK_CAP
REJECTED,GBPUSD,BUY,2017-06-30 01:00:00+00:00,,SYMBOL_ALREADY_HAS_OPEN_POSITION
REJECTED,GBPUSD,BUY,2017-06-30 02:00:00+00:00,,SYMBOL_ALREADY_HAS_OPEN_POSITION
REJECTED,EURUSD,SELL,2017-07-03 09:00:00+00:00,,SYMBOL_ALREADY_HAS_OPEN_POSITION
REJECTED,EURUSD,SELL,2017-07-03 10:00:00+00:00,,SYMBOL_ALREADY_HAS_OPEN_POSITION
REJECTED,EURUSD,SELL,2017-07-03 12:00:00+00:00,,SYMBOL_ALREADY_HAS_OPEN_POSITION
REJECTED,GBPUSD,SELL,2017-07-03 12:00:00+00:00,,CORRELATED_OR_PORTFOLIO_RISK_CAP
REJECTED,GBPUSD,SELL,2017-07-03 15:00:00+00:00,,CORRELATED_OR_PORTFOLIO_RISK_CAP
REJECTED,EURUSD,SELL,2017-07-04 06:00:00+00:00,,SYMBOL_ALREADY_HAS_OPEN_POSITION
REJECTED,EURUSD,BUY,2017-07-06 10:00:00+00:00,,CORRELATED_OR_PORTFOLIO_RISK_CAP
REJECTED,GBPUSD,BUY,2017-07-06 10:00:00+00:00,,SYMBOL_ALREADY_HAS_OPEN_POSITION
REJECTED,EURUSD,BUY,2017-07-06 13:00:00+00:00,,SYMBOL_ALREADY_HAS_OPEN_POSITION
REJECTED,EURUSD,BUY,2017-07-06 14:00:00+00:00,,SYMBOL_ALREADY_HAS_OPEN_POSITION
REJECTED,EURUSD,BUY,2017-07-06 15:00:00+00:00,,SYMBOL_ALREADY_HAS_OPEN_POSITION
REJECTED,EURUSD,BUY,2017-07-06 16:00:00+00:00,,SYMBOL_ALREADY_HAS_OPEN_POSITION
REJECTED,EURUSD,BUY,2017-07-06 17:00:00+00:00,,SYMBOL_ALREADY_HAS_OPEN_POSITION
REJECTED,EURUSD,BUY,2017-07-06 18:00:00+00:00,,SYMBOL_ALREADY_HAS_OPEN_POSITION
REJECTED,GBPUSD,SELL,2017-07-07 10:00:00+00:00,,SYMBOL_ALREADY_HAS_OPEN_POSITION
REJECTED,GBPUSD,SELL,2017-07-07 11:00:00+00:00,,SYMBOL_ALREADY_HAS_OPEN_POSITION
REJECTED,EURUSD,SELL,2017-07-07 13:00:00+00:00,,CORRELATED_OR_PORTFOLIO_RISK_CAP
REJECTED,GBPUSD,SELL,2017-07-07 13:00:00+00:00,,SYMBOL_ALREADY_HAS_OPEN_POSITION
REJECTED,GBPUSD,BUY,2017-07-11 09:00:00+00:00,,SYMBOL_ALREADY_HAS_OPEN_POSITION
REJECTED,EURUSD,BUY,2017-07-11 16:00:00+00:00,,SYMBOL_ALREADY_HAS_OPEN_POSITION
REJECTED,EURUSD,BUY,2017-07-11 17:00:00+00:00,,SYMBOL_ALREADY_HAS_OPEN_POSITION
REJECTED,EURUSD,BUY,2017-07-11 18:00:00+00:00,,SYMBOL_ALREADY_HAS_OPEN_POSITION
REJECTED,EURUSD,BUY,2017-07-12 03:00:00+00:00,,SYMBOL_ALREADY_HAS_OPEN_POSITION
REJECTED,EURUSD,BUY,2017-07-12 05:00:00+00:00,,SYMBOL_ALREADY_HAS_OPEN_POSITION
REJECTED,GBPUSD,SELL,2017-07-12 07:00:00+00:00,,SYMBOL_ALREADY_HAS_OPEN_POSITION
REJECTED,GBPUSD,SELL,2017-07-12 08:00:00+00:00,,SYMBOL_ALREADY_HAS_OPEN_POSITION
REJECTED,GBPUSD,BUY,2017-07-12 13:00:00+00:00,,SYMBOL_ALREADY_HAS_OPEN_POSITION
REJECTED,GBPUSD,BUY,2017-07-13 07:00:00+00:00,,SYMBOL_ALREADY_HAS_OPEN_POSITION
REJECTED,GBPUSD,BUY,2017-07-14 06:00:00+00:00,,SYMBOL_ALREADY_HAS_OPEN_POSITION
REJECTED,GBPUSD,BUY,2017-07-14 11:00:00+00:00,,SYMBOL_ALREADY_HAS_OPEN_POSITION
REJECTED,GBPUSD,BUY,2017-07-14 12:00:00+00:00,,SYMBOL_ALREADY_HAS_OPEN_POSITION
REJECTED,EURUSD,BUY,2017-07-14 13:00:00+00:00,,CORRELATED_OR_PORTFOLIO_RISK_CAP
REJECTED,GBPUSD,BUY,2017-07-14 13:00:00+00:00,,SYMBOL_ALREADY_HAS_OPEN_POSITION
REJECTED,GBPUSD,BUY,2017-07-14 14:00:00+00:00,,SYMBOL_ALREADY_HAS_OPEN_POSITION
REJECTED,GBPUSD,BUY,2017-07-14 15:00:00+00:00,,SYMBOL_ALREADY_HAS_OPEN_POSITION
REJECTED,EURUSD,BUY,2017-07-14 20:00:00+00:00,,CORRELATED_OR_PORTFOLIO_RISK_CAP
REJECTED,GBPUSD,BUY,2017-07-14 20:00:00+00:00,,SYMBOL_ALREADY_HAS_OPEN_POSITION
REJECTED,EURUSD,BUY,2017-07-18 10:00:00+00:00,,SYMBOL_ALREADY_HAS_OPEN_POSITION
REJECTED,GBPUSD,SELL,2017-07-18 12:00:00+00:00,,SYMBOL_ALREADY_HAS_OPEN_POSITION
REJECTED,EURUSD,BUY,2017-07-18 14:00:00+00:00,,SYMBOL_ALREADY_HAS_OPEN_POSITION
REJECTED,EURUSD,SELL,2017-07-19 08:00:00+00:00,,SYMBOL_ALREADY_HAS_OPEN_POSITION
REJECTED,EURUSD,SELL,2017-07-20 04:00:00+00:00,,SYMBOL_ALREADY_HAS_OPEN_POSITION
REJECTED,EURUSD,SELL,2017-07-20 08:00:00+00:00,,SYMBOL_ALREADY_HAS_OPEN_POSITION
REJECTED,GBPUSD,SELL,2017-07-20 08:00:00+00:00,,CORRELATED_OR_PORTFOLIO_RISK_CAP
REJECTED,GBPUSD,SELL,2017-07-20 10:00:00+00:00,,CORRELATED_OR_PORTFOLIO_RISK_CAP
REJECTED,GBPUSD,SELL,2017-07-20 11:00:00+00:00,,CORRELATED_OR_PORTFOLIO_RISK_CAP
REJECTED,EURUSD,SELL,2017-07-20 12:00:00+00:00,,SYMBOL_ALREADY_HAS_OPEN_POSITION
REJECTED,EURUSD,BUY,2017-07-20 15:00:00+00:00,,SYMBOL_ALREADY_HAS_OPEN_POSITION
REJECTED,EURUSD,BUY,2017-07-21 07:00:00+00:00,,SYMBOL_ALREADY_HAS_OPEN_POSITION
REJECTED,GBPUSD,BUY,2017-07-21 10:00:00+00:00,,CORRELATED_OR_PORTFOLIO_RISK_CAP
REJECTED,GBPUSD,BUY,2017-07-24 10:00:00+00:00,,SYMBOL_ALREADY_HAS_OPEN_POSITION
REJECTED,GBPUSD,BUY,2017-07-25 12:00:00+00:00,,CORRELATED_OR_PORTFOLIO_RISK_CAP
REJECTED,EURUSD,BUY,2017-07-25 13:00:00+00:00,,SYMBOL_ALREADY_HAS_OPEN_POSITION
REJECTED,GBPUSD,BUY,2017-07-25 13:00:00+00:00,,CORRELATED_OR_PORTFOLIO_RISK_CAP
REJECTED,EURUSD,BUY,2017-07-26 20:00:00+00:00,,SYMBOL_ALREADY_HAS_OPEN_POSITION
REJECTED,GBPUSD,BUY,2017-07-26 20:00:00+00:00,,SYMBOL_ALREADY_HAS_OPEN_POSITION
REJECTED,EURUSD,BUY,2017-07-26 22:00:00+00:00,,SYMBOL_ALREADY_HAS_OPEN_POSITION
REJECTED,GBPUSD,BUY,2017-07-27 03:00:00+00:00,,SYMBOL_ALREADY_HAS_OPEN_POSITION
REJECTED,EURUSD,BUY,2017-07-27 04:00:00+00:00,,SYMBOL_ALREADY_HAS_OPEN_POSITION
REJECTED,EURUSD,BUY,2017-07-28 16:00:00+00:00,,SYMBOL_ALREADY_HAS_OPEN_POSITION
REJECTED,GBPUSD,BUY,2017-07-28 19:00:00+00:00,,CORRELATED_OR_PORTFOLIO_RISK_CAP
REJECTED,EURUSD,BUY,2017-07-31 16:00:00+00:00,,SYMBOL_ALREADY_HAS_OPEN_POSITION
REJECTED,GBPUSD,BUY,2017-07-31 16:00:00+00:00,,SYMBOL_ALREADY_HAS_OPEN_POSITION
REJECTED,EURUSD,BUY,2017-07-31 20:00:00+00:00,,SYMBOL_ALREADY_HAS_OPEN_POSITION
REJECTED,GBPUSD,BUY,2017-07-31 21:00:00+00:00,,SYMBOL_ALREADY_HAS_OPEN_POSITION
REJECTED,GBPUSD,BUY,2017-08-01 09:00:00+00:00,,SYMBOL_ALREADY_HAS_OPEN_POSITION
REJECTED,EURUSD,BUY,2017-08-02 07:00:00+00:00,,SYMBOL_ALREADY_HAS_OPEN_POSITION
REJECTED,EURUSD,BUY,2017-08-02 09:00:00+00:00,,SYMBOL_ALREADY_HAS_OPEN_POSITION
REJECTED,EURUSD,BUY,2017-08-02 18:00:00+00:00,,SYMBOL_ALREADY_HAS_OPEN_POSITION
REJECTED,GBPUSD,SELL,2017-08-03 13:00:00+00:00,,SYMBOL_ALREADY_HAS_OPEN_POSITION
REJECTED,EURUSD,SELL,2017-08-04 14:00:00+00:00,,SYMBOL_ALREADY_HAS_OPEN_POSITION
REJECTED,GBPUSD,SELL,2017-08-04 14:00:00+00:00,,SYMBOL_ALREADY_HAS_OPEN_POSITION
REJECTED,EURUSD,SELL,2017-08-04 15:00:00+00:00,,SYMBOL_ALREADY_HAS_OPEN_POSITION
REJECTED,GBPUSD,SELL,2017-08-04 15:00:00+00:00,,SYMBOL_ALREADY_HAS_OPEN_POSITION
REJECTED,GBPUSD,SELL,2017-08-07 13:00:00+00:00,,SYMBOL_ALREADY_HAS_OPEN_POSITION
REJECTED,GBPUSD,SELL,2017-08-08 14:00:00+00:00,,SYMBOL_ALREADY_HAS_OPEN_POSITION
REJECTED,EURUSD,SELL,2017-08-08 15:00:00+00:00,,CORRELATED_OR_PORTFOLIO_RISK_CAP
REJECTED,GBPUSD,SELL,2017-08-08 15:00:00+00:00,,SYMBOL_ALREADY_HAS_OPEN_POSITION
REJECTED,EURUSD,SELL,2017-08-08 16:00:00+00:00,,CORRELATED_OR_PORTFOLIO_RISK_CAP
REJECTED,EURUSD,SELL,2017-08-15 06:00:00+00:00,,SYMBOL_ALREADY_HAS_OPEN_POSITION
REJECTED,EURUSD,SELL,2017-08-15 07:00:00+00:00,,SYMBOL_ALREADY_HAS_OPEN_POSITION
REJECTED,GBPUSD,SELL,2017-08-15 08:00:00+00:00,,CORRELATED_OR_PORTFOLIO_RISK_CAP
REJECTED,GBPUSD,SELL,2017-08-15 09:00:00+00:00,,CORRELATED_OR_PORTFOLIO_RISK_CAP
REJECTED,GBPUSD,SELL,2017-08-15 10:00:00+00:00,,CORRELATED_OR_PORTFOLIO_RISK_CAP
REJECTED,GBPUSD,SELL,2017-08-15 11:00:00+00:00,,CORRELATED_OR_PORTFOLIO_RISK_CAP
REJECTED,EURUSD,SELL,2017-08-15 13:00:00+00:00,,SYMBOL_ALREADY_HAS_OPEN_POSITION
REJECTED,GBPUSD,SELL,2017-08-15 13:00:00+00:00,,CORRELATED_OR_PORTFOLIO_RISK_CAP
REJECTED,GBPUSD,SELL,2017-08-16 08:00:00+00:00,,CORRELATED_OR_PORTFOLIO_RISK_CAP
REJECTED,EURUSD,BUY,2017-08-17 02:00:00+00:00,,SYMBOL_ALREADY_HAS_OPEN_POSITION
REJECTED,GBPUSD,BUY,2017-08-17 02:00:00+00:00,,CORRELATED_OR_PORTFOLIO_RISK_CAP
REJECTED,GBPUSD,SELL,2017-08-18 16:00:00+00:00,,SYMBOL_ALREADY_HAS_OPEN_POSITION
REJECTED,EURUSD,BUY,2017-08-21 14:00:00+00:00,,SYMBOL_ALREADY_HAS_OPEN_POSITION
REJECTED,EURUSD,BUY,2017-08-21 15:00:00+00:00,,SYMBOL_ALREADY_HAS_OPEN_POSITION
REJECTED,GBPUSD,BUY,2017-08-21 15:00:00+00:00,,SYMBOL_ALREADY_HAS_OPEN_POSITION
REJECTED,GBPUSD,SELL,2017-08-22 09:00:00+00:00,,SYMBOL_ALREADY_HAS_OPEN_POSITION
REJECTED,EURUSD,SELL,2017-08-22 10:00:00+00:00,,CORRELATED_OR_PORTFOLIO_RISK_CAP
REJECTED,GBPUSD,SELL,2017-08-22 10:00:00+00:00,,SYMBOL_ALREADY_HAS_OPEN_POSITION
REJECTED,EURUSD,SELL,2017-08-22 11:00:00+00:00,,CORRELATED_OR_PORTFOLIO_RISK_CAP
REJECTED,EURUSD,BUY,2017-08-23 09:00:00+00:00,,SYMBOL_ALREADY_HAS_OPEN_POSITION
REJECTED,EURUSD,BUY,2017-08-23 12:00:00+00:00,,SYMBOL_ALREADY_HAS_OPEN_POSITION
REJECTED,EURUSD,BUY,2017-08-23 15:00:00+00:00,,SYMBOL_ALREADY_HAS_OPEN_POSITION
REJECTED,GBPUSD,SELL,2017-08-23 16:00:00+00:00,,SYMBOL_ALREADY_HAS_OPEN_POSITION
REJECTED,EURUSD,BUY,2017-08-23 19:00:00+00:00,,SYMBOL_ALREADY_HAS_OPEN_POSITION
REJECTED,EURUSD,BUY,2017-08-25 17:00:00+00:00,,SYMBOL_ALREADY_HAS_OPEN_POSITION
REJECTED,EURUSD,BUY,2017-08-25 20:00:00+00:00,,SYMBOL_ALREADY_HAS_OPEN_POSITION
REJECTED,EURUSD,BUY,2017-08-27 22:00:00+00:00,,SYMBOL_ALREADY_HAS_OPEN_POSITION
REJECTED,GBPUSD,BUY,2017-08-27 22:00:00+00:00,,SYMBOL_ALREADY_HAS_OPEN_POSITION
REJECTED,EURUSD,BUY,2017-08-27 23:00:00+00:00,,SYMBOL_ALREADY_HAS_OPEN_POSITION
REJECTED,GBPUSD,BUY,2017-08-28 14:00:00+00:00,,SYMBOL_ALREADY_HAS_OPEN_POSITION
REJECTED,GBPUSD,BUY,2017-08-28 15:00:00+00:00,,SYMBOL_ALREADY_HAS_OPEN_POSITION
REJECTED,EURUSD,BUY,2017-08-28 16:00:00+00:00,,SYMBOL_ALREADY_HAS_OPEN_POSITION
REJECTED,EURUSD,BUY,2017-08-28 17:00:00+00:00,,SYMBOL_ALREADY_HAS_OPEN_POSITION
REJECTED,GBPUSD,BUY,2017-08-28 17:00:00+00:00,,SYMBOL_ALREADY_HAS_OPEN_POSITION
REJECTED,GBPUSD,BUY,2017-08-28 18:00:00+00:00,,SYMBOL_ALREADY_HAS_OPEN_POSITION
REJECTED,GBPUSD,BUY,2017-08-29 05:00:00+00:00,,SYMBOL_ALREADY_HAS_OPEN_POSITION
REJECTED,EURUSD,BUY,2017-08-29 07:00:00+00:00,,SYMBOL_ALREADY_HAS_OPEN_POSITION
REJECTED,GBPUSD,BUY,2017-08-29 07:00:00+00:00,,SYMBOL_ALREADY_HAS_OPEN_POSITION
REJECTED,EURUSD,BUY,2017-08-29 08:00:00+00:00,,SYMBOL_ALREADY_HAS_OPEN_POSITION
REJECTED,GBPUSD,BUY,2017-08-29 08:00:00+00:00,,SYMBOL_ALREADY_HAS_OPEN_POSITION
REJECTED,EURUSD,BUY,2017-08-29 09:00:00+00:00,,SYMBOL_ALREADY_HAS_OPEN_POSITION
REJECTED,EURUSD,SELL,2017-08-30 13:00:00+00:00,,SYMBOL_ALREADY_HAS_OPEN_POSITION
REJECTED,EURUSD,SELL,2017-08-30 19:00:00+00:00,,SYMBOL_ALREADY_HAS_OPEN_POSITION
REJECTED,EURUSD,SELL,2017-08-30 21:00:00+00:00,,SYMBOL_ALREADY_HAS_OPEN_POSITION
REJECTED,EURUSD,SELL,2017-08-31 02:00:00+00:00,,SYMBOL_ALREADY_HAS_OPEN_POSITION
REJECTED,GBPUSD,SELL,2017-08-31 10:00:00+00:00,,CORRELATED_OR_PORTFOLIO_RISK_CAP
REJECTED,EURUSD,SELL,2017-08-31 11:00:00+00:00,,SYMBOL_ALREADY_HAS_OPEN_POSITION
REJECTED,EURUSD,SELL,2017-08-31 12:00:00+00:00,,SYMBOL_ALREADY_HAS_OPEN_POSITION
REJECTED,GBPUSD,SELL,2017-08-31 12:00:00+00:00,,CORRELATED_OR_PORTFOLIO_RISK_CAP
REJECTED,GBPUSD,BUY,2017-08-31 23:00:00+00:00,,SYMBOL_ALREADY_HAS_OPEN_POSITION
REJECTED,GBPUSD,BUY,2017-09-01 13:00:00+00:00,,SYMBOL_ALREADY_HAS_OPEN_POSITION
REJECTED,GBPUSD,BUY,2017-09-05 14:00:00+00:00,,SYMBOL_ALREADY_HAS_OPEN_POSITION
REJECTED,EURUSD,BUY,2017-09-05 15:00:00+00:00,,CORRELATED_OR_PORTFOLIO_RISK_CAP
REJECTED,GBPUSD,BUY,2017-09-05 15:00:00+00:00,,SYMBOL_ALREADY_HAS_OPEN_POSITION
REJECTED,GBPUSD,BUY,2017-09-05 19:00:00+00:00,,SYMBOL_ALREADY_HAS_OPEN_POSITION
REJECTED,EURUSD,BUY,2017-09-07 09:00:00+00:00,,SYMBOL_ALREADY_HAS_OPEN_POSITION
REJECTED,EURUSD,BUY,2017-09-07 10:00:00+00:00,,SYMBOL_ALREADY_HAS_OPEN_POSITION
REJECTED,EURUSD,BUY,2017-09-07 11:00:00+00:00,,SYMBOL_ALREADY_HAS_OPEN_POSITION
REJECTED,GBPUSD,BUY,2017-09-07 11:00:00+00:00,,CORRELATED_OR_PORTFOLIO_RISK_CAP
REJECTED,GBPUSD,BUY,2017-09-07 12:00:00+00:00,,CORRELATED_OR_PORTFOLIO_RISK_CAP
REJECTED,EURUSD,BUY,2017-09-07 13:00:00+00:00,,SYMBOL_ALREADY_HAS_OPEN_POSITION
REJECTED,GBPUSD,BUY,2017-09-07 15:00:00+00:00,,CORRELATED_OR_PORTFOLIO_RISK_CAP
REJECTED,EURUSD,BUY,2017-09-08 03:00:00+00:00,,SYMBOL_ALREADY_HAS_OPEN_POSITION
REJECTED,GBPUSD,BUY,2017-09-08 03:00:00+00:00,,CORRELATED_OR_PORTFOLIO_RISK_CAP
REJECTED,GBPUSD,BUY,2017-09-08 06:00:00+00:00,,CORRELATED_OR_PORTFOLIO_RISK_CAP
REJECTED,GBPUSD,BUY,2017-09-08 10:00:00+00:00,,CORRELATED_OR_PORTFOLIO_RISK_CAP
REJECTED,GBPUSD,BUY,2017-09-08 11:00:00+00:00,,CORRELATED_OR_PORTFOLIO_RISK_CAP
REJECTED,GBPUSD,BUY,2017-09-08 12:00:00+00:00,,CORRELATED_OR_PORTFOLIO_RISK_CAP
REJECTED,EURUSD,SELL,2017-09-11 13:00:00+00:00,,SYMBOL_ALREADY_HAS_OPEN_POSITION
REJECTED,EURUSD,SELL,2017-09-11 16:00:00+00:00,,SYMBOL_ALREADY_HAS_OPEN_POSITION
REJECTED,EURUSD,SELL,2017-09-11 20:00:00+00:00,,SYMBOL_ALREADY_HAS_OPEN_POSITION
REJECTED,GBPUSD,SELL,2017-09-11 21:00:00+00:00,,CORRELATED_OR_PORTFOLIO_RISK_CAP
REJECTED,EURUSD,SELL,2017-09-12 01:00:00+00:00,,SYMBOL_ALREADY_HAS_OPEN_POSITION
REJECTED,EURUSD,SELL,2017-09-12 12:00:00+00:00,,SYMBOL_ALREADY_HAS_OPEN_POSITION
REJECTED,GBPUSD,BUY,2017-09-13 02:00:00+00:00,,SYMBOL_ALREADY_HAS_OPEN_POSITION
REJECTED,GBPUSD,BUY,2017-09-13 03:00:00+00:00,,SYMBOL_ALREADY_HAS_OPEN_POSITION
REJECTED,GBPUSD,BUY,2017-09-13 08:00:00+00:00,,SYMBOL_ALREADY_HAS_OPEN_POSITION
REJECTED,EURUSD,SELL,2017-09-13 15:00:00+00:00,,SYMBOL_ALREADY_HAS_OPEN_POSITION
REJECTED,GBPUSD,SELL,2017-09-13 15:00:00+00:00,,SYMBOL_ALREADY_HAS_OPEN_POSITION
REJECTED,EURUSD,SELL,2017-09-13 16:00:00+00:00,,SYMBOL_ALREADY_HAS_OPEN_POSITION
REJECTED,GBPUSD,SELL,2017-09-13 16:00:00+00:00,,SYMBOL_ALREADY_HAS_OPEN_POSITION
REJECTED,EURUSD,SELL,2017-09-13 17:00:00+00:00,,SYMBOL_ALREADY_HAS_OPEN_POSITION
REJECTED,GBPUSD,SELL,2017-09-13 17:00:00+00:00,,SYMBOL_ALREADY_HAS_OPEN_POSITION
REJECTED,EURUSD,SELL,2017-09-13 19:00:00+00:00,,SYMBOL_ALREADY_HAS_OPEN_POSITION
REJECTED,GBPUSD,BUY,2017-09-14 13:00:00+00:00,,SYMBOL_ALREADY_HAS_OPEN_POSITION
REJECTED,GBPUSD,BUY,2017-09-14 16:00:00+00:00,,SYMBOL_ALREADY_HAS_OPEN_POSITION
REJECTED,EURUSD,BUY,2017-09-14 18:00:00+00:00,,CORRELATED_OR_PORTFOLIO_RISK_CAP
REJECTED,GBPUSD,BUY,2017-09-15 06:00:00+00:00,,SYMBOL_ALREADY_HAS_OPEN_POSITION
REJECTED,GBPUSD,BUY,2017-09-15 07:00:00+00:00,,SYMBOL_ALREADY_HAS_OPEN_POSITION
REJECTED,GBPUSD,BUY,2017-09-15 09:00:00+00:00,,SYMBOL_ALREADY_HAS_OPEN_POSITION
REJECTED,GBPUSD,BUY,2017-09-15 10:00:00+00:00,,SYMBOL_ALREADY_HAS_OPEN_POSITION
REJECTED,EURUSD,BUY,2017-09-15 13:00:00+00:00,,CORRELATED_OR_PORTFOLIO_RISK_CAP
REJECTED,GBPUSD,SELL,2017-09-18 16:00:00+00:00,,SYMBOL_ALREADY_HAS_OPEN_POSITION
REJECTED,EURUSD,BUY,2017-09-19 06:00:00+00:00,,SYMBOL_ALREADY_HAS_OPEN_POSITION
REJECTED,EURUSD,BUY,2017-09-19 07:00:00+00:00,,SYMBOL_ALREADY_HAS_OPEN_POSITION
REJECTED,EURUSD,BUY,2017-09-20 02:00:00+00:00,,SYMBOL_ALREADY_HAS_OPEN_POSITION
REJECTED,GBPUSD,BUY,2017-09-20 09:00:00+00:00,,CORRELATED_OR_PORTFOLIO_RISK_CAP
REJECTED,EURUSD,BUY,2017-09-22 02:00:00+00:00,,SYMBOL_ALREADY_HAS_OPEN_POSITION
REJECTED,EURUSD,BUY,2017-09-22 05:00:00+00:00,,SYMBOL_ALREADY_HAS_OPEN_POSITION
REJECTED,EURUSD,BUY,2017-09-22 06:00:00+00:00,,SYMBOL_ALREADY_HAS_OPEN_POSITION
REJECTED,GBPUSD,BUY,2017-09-22 06:00:00+00:00,,SYMBOL_ALREADY_HAS_OPEN_POSITION
REJECTED,EURUSD,BUY,2017-09-22 08:00:00+00:00,,SYMBOL_ALREADY_HAS_OPEN_POSITION
REJECTED,EURUSD,SELL,2017-09-25 10:00:00+00:00,,SYMBOL_ALREADY_HAS_OPEN_POSITION
REJECTED,EURUSD,SELL,2017-09-25 11:00:00+00:00,,SYMBOL_ALREADY_HAS_OPEN_POSITION
REJECTED,EURUSD,SELL,2017-09-25 16:00:00+00:00,,SYMBOL_ALREADY_HAS_OPEN_POSITION
REJECTED,EURUSD,SELL,2017-09-25 17:00:00+00:00,,SYMBOL_ALREADY_HAS_OPEN_POSITION
REJECTED,EURUSD,SELL,2017-09-26 08:00:00+00:00,,SYMBOL_ALREADY_HAS_OPEN_POSITION
REJECTED,EURUSD,SELL,2017-09-26 11:00:00+00:00,,SYMBOL_ALREADY_HAS_OPEN_POSITION
REJECTED,GBPUSD,SELL,2017-09-26 12:00:00+00:00,,CORRELATED_OR_PORTFOLIO_RISK_CAP
REJECTED,EURUSD,SELL,2017-09-26 14:00:00+00:00,,SYMBOL_ALREADY_HAS_OPEN_POSITION
REJECTED,EURUSD,SELL,2017-09-26 15:00:00+00:00,,SYMBOL_ALREADY_HAS_OPEN_POSITION
REJECTED,GBPUSD,SELL,2017-09-27 07:00:00+00:00,,CORRELATED_OR_PORTFOLIO_RISK_CAP
REJECTED,EURUSD,SELL,2017-09-27 09:00:00+00:00,,SYMBOL_ALREADY_HAS_OPEN_POSITION
REJECTED,EURUSD,SELL,2017-09-27 13:00:00+00:00,,SYMBOL_ALREADY_HAS_OPEN_POSITION
REJECTED,GBPUSD,SELL,2017-09-28 06:00:00+00:00,,CORRELATED_OR_PORTFOLIO_RISK_CAP
REJECTED,EURUSD,BUY,2017-09-28 14:00:00+00:00,,SYMBOL_ALREADY_HAS_OPEN_POSITION
REJECTED,GBPUSD,BUY,2017-09-28 15:00:00+00:00,,SYMBOL_ALREADY_HAS_OPEN_POSITION
REJECTED,GBPUSD,SELL,2017-09-29 09:00:00+00:00,,SYMBOL_ALREADY_HAS_OPEN_POSITION
REJECTED,EURUSD,BUY,2017-09-29 13:00:00+00:00,,SYMBOL_ALREADY_HAS_OPEN_POSITION
REJECTED,EURUSD,SELL,2017-10-02 06:00:00+00:00,,CORRELATED_OR_PORTFOLIO_RISK_CAP
REJECTED,EURUSD,SELL,2017-10-02 08:00:00+00:00,,CORRELATED_OR_PORTFOLIO_RISK_CAP
REJECTED,GBPUSD,SELL,2017-10-02 08:00:00+00:00,,SYMBOL_ALREADY_HAS_OPEN_POSITION
REJECTED,GBPUSD,SELL,2017-10-02 09:00:00+00:00,,SYMBOL_ALREADY_HAS_OPEN_POSITION
REJECTED,EURUSD,SELL,2017-10-02 10:00:00+00:00,,CORRELATED_OR_PORTFOLIO_RISK_CAP
REJECTED,GBPUSD,SELL,2017-10-02 12:00:00+00:00,,SYMBOL_ALREADY_HAS_OPEN_POSITION
REJECTED,GBPUSD,SELL,2017-10-02 13:00:00+00:00,,SYMBOL_ALREADY_HAS_OPEN_POSITION
REJECTED,EURUSD,SELL,2017-10-03 01:00:00+00:00,,CORRELATED_OR_PORTFOLIO_RISK_CAP
REJECTED,GBPUSD,SELL,2017-10-03 01:00:00+00:00,,SYMBOL_ALREADY_HAS_OPEN_POSITION
REJECTED,EURUSD,SELL,2017-10-03 02:00:00+00:00,,CORRELATED_OR_PORTFOLIO_RISK_CAP
REJECTED,GBPUSD,SELL,2017-10-03 02:00:00+00:00,,SYMBOL_ALREADY_HAS_OPEN_POSITION
REJECTED,GBPUSD,SELL,2017-10-05 00:00:00+00:00,,SYMBOL_ALREADY_HAS_OPEN_POSITION
REJECTED,GBPUSD,SELL,2017-10-05 08:00:00+00:00,,SYMBOL_ALREADY_HAS_OPEN_POSITION
REJECTED,EURUSD,SELL,2017-10-05 12:00:00+00:00,,CORRELATED_OR_PORTFOLIO_RISK_CAP
REJECTED,GBPUSD,SELL,2017-10-05 12:00:00+00:00,,SYMBOL_ALREADY_HAS_OPEN_POSITION
REJECTED,EURUSD,SELL,2017-10-05 13:00:00+00:00,,CORRELATED_OR_PORTFOLIO_RISK_CAP
REJECTED,GBPUSD,SELL,2017-10-05 13:00:00+00:00,,SYMBOL_ALREADY_HAS_OPEN_POSITION
REJECTED,EURUSD,SELL,2017-10-05 14:00:00+00:00,,CORRELATED_OR_PORTFOLIO_RISK_CAP
REJECTED,GBPUSD,SELL,2017-10-05 14:00:00+00:00,,SYMBOL_ALREADY_HAS_OPEN_POSITION
REJECTED,EURUSD,SELL,2017-10-05 16:00:00+00:00,,CORRELATED_OR_PORTFOLIO_RISK_CAP
REJECTED,GBPUSD,SELL,2017-10-05 16:00:00+00:00,,SYMBOL_ALREADY_HAS_OPEN_POSITION
REJECTED,GBPUSD,SELL,2017-10-05 18:00:00+00:00,,SYMBOL_ALREADY_HAS_OPEN_POSITION
REJECTED,GBPUSD,SELL,2017-10-05 19:00:00+00:00,,SYMBOL_ALREADY_HAS_OPEN_POSITION
REJECTED,GBPUSD,SELL,2017-10-06 01:00:00+00:00,,SYMBOL_ALREADY_HAS_OPEN_POSITION
REJECTED,EURUSD,SELL,2017-10-06 04:00:00+00:00,,CORRELATED_OR_PORTFOLIO_RISK_CAP
REJECTED,GBPUSD,SELL,2017-10-06 07:00:00+00:00,,SYMBOL_ALREADY_HAS_OPEN_POSITION
REJECTED,GBPUSD,SELL,2017-10-06 13:00:00+00:00,,SYMBOL_ALREADY_HAS_OPEN_POSITION
REJECTED,GBPUSD,SELL,2017-10-06 14:00:00+00:00,,SYMBOL_ALREADY_HAS_OPEN_POSITION
REJECTED,EURUSD,BUY,2017-10-06 15:00:00+00:00,,CORRELATED_OR_PORTFOLIO_RISK_CAP
REJECTED,EURUSD,BUY,2017-10-09 00:00:00+00:00,,CORRELATED_OR_PORTFOLIO_RISK_CAP
REJECTED,GBPUSD,BUY,2017-10-09 10:00:00+00:00,,SYMBOL_ALREADY_HAS_OPEN_POSITION
REJECTED,GBPUSD,BUY,2017-10-09 11:00:00+00:00,,SYMBOL_ALREADY_HAS_OPEN_POSITION
REJECTED,GBPUSD,BUY,2017-10-09 12:00:00+00:00,,SYMBOL_ALREADY_HAS_OPEN_POSITION
REJECTED,EURUSD,BUY,2017-10-09 17:00:00+00:00,,CORRELATED_OR_PORTFOLIO_RISK_CAP
REJECTED,EURUSD,BUY,2017-10-10 02:00:00+00:00,,CORRELATED_OR_PORTFOLIO_RISK_CAP
REJECTED,EURUSD,BUY,2017-10-10 10:00:00+00:00,,CORRELATED_OR_PORTFOLIO_RISK_CAP
REJECTED,GBPUSD,BUY,2017-10-10 10:00:00+00:00,,SYMBOL_ALREADY_HAS_OPEN_POSITION
REJECTED,EURUSD,BUY,2017-10-10 15:00:00+00:00,,CORRELATED_OR_PORTFOLIO_RISK_CAP
REJECTED,GBPUSD,BUY,2017-10-10 15:00:00+00:00,,SYMBOL_ALREADY_HAS_OPEN_POSITION
REJECTED,EURUSD,BUY,2017-10-11 20:00:00+00:00,,SYMBOL_ALREADY_HAS_OPEN_POSITION
REJECTED,GBPUSD,BUY,2017-10-11 20:00:00+00:00,,CORRELATED_OR_PORTFOLIO_RISK_CAP
REJECTED,GBPUSD,BUY,2017-10-12 00:00:00+00:00,,CORRELATED_OR_PORTFOLIO_RISK_CAP
REJECTED,GBPUSD,BUY,2017-10-13 07:00:00+00:00,,SYMBOL_ALREADY_HAS_OPEN_POSITION
REJECTED,GBPUSD,BUY,2017-10-13 08:00:00+00:00,,SYMBOL_ALREADY_HAS_OPEN_POSITION
REJECTED,EURUSD,SELL,2017-10-13 12:00:00+00:00,,SYMBOL_ALREADY_HAS_OPEN_POSITION
REJECTED,EURUSD,BUY,2017-10-13 13:00:00+00:00,,CORRELATED_OR_PORTFOLIO_RISK_CAP
REJECTED,EURUSD,SELL,2017-10-16 06:00:00+00:00,,SYMBOL_ALREADY_HAS_OPEN_POSITION
REJECTED,EURUSD,SELL,2017-10-16 07:00:00+00:00,,SYMBOL_ALREADY_HAS_OPEN_POSITION
REJECTED,GBPUSD,SELL,2017-10-16 19:00:00+00:00,,SYMBOL_ALREADY_HAS_OPEN_POSITION
REJECTED,EURUSD,SELL,2017-10-17 02:00:00+00:00,,SYMBOL_ALREADY_HAS_OPEN_POSITION
REJECTED,EURUSD,SELL,2017-10-17 06:00:00+00:00,,SYMBOL_ALREADY_HAS_OPEN_POSITION
REJECTED,EURUSD,SELL,2017-10-17 07:00:00+00:00,,SYMBOL_ALREADY_HAS_OPEN_POSITION
REJECTED,GBPUSD,SELL,2017-10-17 11:00:00+00:00,,CORRELATED_OR_PORTFOLIO_RISK_CAP
REJECTED,GBPUSD,SELL,2017-10-17 12:00:00+00:00,,CORRELATED_OR_PORTFOLIO_RISK_CAP
REJECTED,EURUSD,SELL,2017-10-17 13:00:00+00:00,,SYMBOL_ALREADY_HAS_OPEN_POSITION
REJECTED,EURUSD,SELL,2017-10-17 14:00:00+00:00,,SYMBOL_ALREADY_HAS_OPEN_POSITION
REJECTED,GBPUSD,SELL,2017-10-17 14:00:00+00:00,,CORRELATED_OR_PORTFOLIO_RISK_CAP
REJECTED,EURUSD,BUY,2017-10-18 19:00:00+00:00,,SYMBOL_ALREADY_HAS_OPEN_POSITION
REJECTED,EURUSD,BUY,2017-10-19 01:00:00+00:00,,SYMBOL_ALREADY_HAS_OPEN_POSITION
REJECTED,EURUSD,BUY,2017-10-19 07:00:00+00:00,,SYMBOL_ALREADY_HAS_OPEN_POSITION
REJECTED,EURUSD,BUY,2017-10-19 11:00:00+00:00,,SYMBOL_ALREADY_HAS_OPEN_POSITION
REJECTED,EURUSD,BUY,2017-10-19 14:00:00+00:00,,SYMBOL_ALREADY_HAS_OPEN_POSITION
REJECTED,EURUSD,BUY,2017-10-19 15:00:00+00:00,,SYMBOL_ALREADY_HAS_OPEN_POSITION
REJECTED,GBPUSD,SELL,2017-10-20 03:00:00+00:00,,SYMBOL_ALREADY_HAS_OPEN_POSITION
REJECTED,EURUSD,SELL,2017-10-20 16:00:00+00:00,,SYMBOL_ALREADY_HAS_OPEN_POSITION
REJECTED,EURUSD,SELL,2017-10-22 23:00:00+00:00,,SYMBOL_ALREADY_HAS_OPEN_POSITION
REJECTED,EURUSD,SELL,2017-10-23 00:00:00+00:00,,SYMBOL_ALREADY_HAS_OPEN_POSITION
REJECTED,EURUSD,SELL,2017-10-23 09:00:00+00:00,,SYMBOL_ALREADY_HAS_OPEN_POSITION
REJECTED,EURUSD,SELL,2017-10-23 10:00:00+00:00,,SYMBOL_ALREADY_HAS_OPEN_POSITION
REJECTED,GBPUSD,SELL,2017-10-24 14:00:00+00:00,,SYMBOL_ALREADY_HAS_OPEN_POSITION
REJECTED,GBPUSD,SELL,2017-10-24 15:00:00+00:00,,SYMBOL_ALREADY_HAS_OPEN_POSITION
REJECTED,GBPUSD,BUY,2017-10-25 11:00:00+00:00,,SYMBOL_ALREADY_HAS_OPEN_POSITION
REJECTED,GBPUSD,BUY,2017-10-25 12:00:00+00:00,,SYMBOL_ALREADY_HAS_OPEN_POSITION
REJECTED,EURUSD,BUY,2017-10-25 14:00:00+00:00,,CORRELATED_OR_PORTFOLIO_RISK_CAP
REJECTED,EURUSD,BUY,2017-10-25 15:00:00+00:00,,CORRELATED_OR_PORTFOLIO_RISK_CAP
REJECTED,EURUSD,BUY,2017-10-26 00:00:00+00:00,,CORRELATED_OR_PORTFOLIO_RISK_CAP
REJECTED,GBPUSD,BUY,2017-10-26 00:00:00+00:00,,SYMBOL_ALREADY_HAS_OPEN_POSITION
REJECTED,EURUSD,BUY,2017-10-26 02:00:00+00:00,,CORRELATED_OR_PORTFOLIO_RISK_CAP
REJECTED,EURUSD,SELL,2017-10-26 14:00:00+00:00,,SYMBOL_ALREADY_HAS_OPEN_POSITION
REJECTED,EURUSD,SELL,2017-10-26 15:00:00+00:00,,SYMBOL_ALREADY_HAS_OPEN_POSITION
REJECTED,GBPUSD,SELL,2017-10-26 15:00:00+00:00,,SYMBOL_ALREADY_HAS_OPEN_POSITION
REJECTED,EURUSD,SELL,2017-10-26 17:00:00+00:00,,SYMBOL_ALREADY_HAS_OPEN_POSITION
REJECTED,EURUSD,SELL,2017-10-26 18:00:00+00:00,,SYMBOL_ALREADY_HAS_OPEN_POSITION
REJECTED,EURUSD,SELL,2017-10-26 19:00:00+00:00,,SYMBOL_ALREADY_HAS_OPEN_POSITION
REJECTED,GBPUSD,SELL,2017-10-26 19:00:00+00:00,,SYMBOL_ALREADY_HAS_OPEN_POSITION
REJECTED,EURUSD,SELL,2017-10-26 20:00:00+00:00,,SYMBOL_ALREADY_HAS_OPEN_POSITION
REJECTED,GBPUSD,SELL,2017-10-26 20:00:00+00:00,,SYMBOL_ALREADY_HAS_OPEN_POSITION
REJECTED,GBPUSD,SELL,2017-10-26 23:00:00+00:00,,SYMBOL_ALREADY_HAS_OPEN_POSITION
REJECTED,EURUSD,SELL,2017-10-27 00:00:00+00:00,,SYMBOL_ALREADY_HAS_OPEN_POSITION
REJECTED,GBPUSD,SELL,2017-10-27 00:00:00+00:00,,SYMBOL_ALREADY_HAS_OPEN_POSITION
REJECTED,EURUSD,SELL,2017-10-27 01:00:00+00:00,,SYMBOL_ALREADY_HAS_OPEN_POSITION
REJECTED,EURUSD,SELL,2017-10-27 07:00:00+00:00,,SYMBOL_ALREADY_HAS_OPEN_POSITION
REJECTED,GBPUSD,SELL,2017-10-27 07:00:00+00:00,,SYMBOL_ALREADY_HAS_OPEN_POSITION
REJECTED,GBPUSD,SELL,2017-10-27 08:00:00+00:00,,SYMBOL_ALREADY_HAS_OPEN_POSITION
REJECTED,EURUSD,SELL,2017-10-27 12:00:00+00:00,,SYMBOL_ALREADY_HAS_OPEN_POSITION
REJECTED,EURUSD,SELL,2017-10-27 13:00:00+00:00,,SYMBOL_ALREADY_HAS_OPEN_POSITION
REJECTED,EURUSD,SELL,2017-10-27 14:00:00+00:00,,SYMBOL_ALREADY_HAS_OPEN_POSITION
REJECTED,GBPUSD,BUY,2017-10-30 01:00:00+00:00,,CORRELATED_OR_PORTFOLIO_RISK_CAP
REJECTED,EURUSD,BUY,2017-10-30 09:00:00+00:00,,CORRELATED_OR_PORTFOLIO_RISK_CAP
REJECTED,GBPUSD,BUY,2017-10-30 09:00:00+00:00,,SYMBOL_ALREADY_HAS_OPEN_POSITION
REJECTED,EURUSD,BUY,2017-10-30 10:00:00+00:00,,CORRELATED_OR_PORTFOLIO_RISK_CAP
REJECTED,GBPUSD,BUY,2017-10-30 12:00:00+00:00,,SYMBOL_ALREADY_HAS_OPEN_POSITION
REJECTED,GBPUSD,BUY,2017-10-30 13:00:00+00:00,,SYMBOL_ALREADY_HAS_OPEN_POSITION
REJECTED,GBPUSD,BUY,2017-10-30 17:00:00+00:00,,SYMBOL_ALREADY_HAS_OPEN_POSITION
REJECTED,EURUSD,BUY,2017-10-30 20:00:00+00:00,,CORRELATED_OR_PORTFOLIO_RISK_CAP
REJECTED,GBPUSD,BUY,2017-10-31 07:00:00+00:00,,SYMBOL_ALREADY_HAS_OPEN_POSITION
REJECTED,GBPUSD,BUY,2017-10-31 13:00:00+00:00,,SYMBOL_ALREADY_HAS_OPEN_POSITION
REJECTED,GBPUSD,BUY,2017-10-31 14:00:00+00:00,,SYMBOL_ALREADY_HAS_OPEN_POSITION
REJECTED,GBPUSD,BUY,2017-10-31 16:00:00+00:00,,SYMBOL_ALREADY_HAS_OPEN_POSITION
REJECTED,EURUSD,SELL,2017-11-01 14:00:00+00:00,,SYMBOL_ALREADY_HAS_OPEN_POSITION
REJECTED,GBPUSD,SELL,2017-11-02 11:00:00+00:00,,SYMBOL_ALREADY_HAS_OPEN_POSITION
REJECTED,GBPUSD,SELL,2017-11-02 16:00:00+00:00,,SYMBOL_ALREADY_HAS_OPEN_POSITION
REJECTED,GBPUSD,SELL,2017-11-02 17:00:00+00:00,,SYMBOL_ALREADY_HAS_OPEN_POSITION
REJECTED,GBPUSD,SELL,2017-11-02 18:00:00+00:00,,SYMBOL_ALREADY_HAS_OPEN_POSITION
REJECTED,GBPUSD,BUY,2017-11-06 17:00:00+00:00,,SYMBOL_ALREADY_HAS_OPEN_POSITION
REJECTED,GBPUSD,BUY,2017-11-06 18:00:00+00:00,,SYMBOL_ALREADY_HAS_OPEN_POSITION
REJECTED,GBPUSD,BUY,2017-11-06 19:00:00+00:00,,SYMBOL_ALREADY_HAS_OPEN_POSITION
REJECTED,GBPUSD,BUY,2017-11-06 20:00:00+00:00,,SYMBOL_ALREADY_HAS_OPEN_POSITION
REJECTED,GBPUSD,BUY,2017-11-07 03:00:00+00:00,,SYMBOL_ALREADY_HAS_OPEN_POSITION
REJECTED,EURUSD,SELL,2017-11-07 08:00:00+00:00,,SYMBOL_ALREADY_HAS_OPEN_POSITION
REJECTED,GBPUSD,SELL,2017-11-07 13:00:00+00:00,,CORRELATED_OR_PORTFOLIO_RISK_CAP
REJECTED,GBPUSD,BUY,2017-11-10 13:00:00+00:00,,SYMBOL_ALREADY_HAS_OPEN_POSITION
REJECTED,EURUSD,BUY,2017-11-10 14:00:00+00:00,,SYMBOL_ALREADY_HAS_OPEN_POSITION
REJECTED,GBPUSD,BUY,2017-11-10 15:00:00+00:00,,SYMBOL_ALREADY_HAS_OPEN_POSITION
REJECTED,GBPUSD,SELL,2017-11-13 08:00:00+00:00,,SYMBOL_ALREADY_HAS_OPEN_POSITION
REJECTED,EURUSD,BUY,2017-11-14 07:00:00+00:00,,SYMBOL_ALREADY_HAS_OPEN_POSITION
REJECTED,EURUSD,BUY,2017-11-14 08:00:00+00:00,,SYMBOL_ALREADY_HAS_OPEN_POSITION
REJECTED,EURUSD,BUY,2017-11-14 09:00:00+00:00,,SYMBOL_ALREADY_HAS_OPEN_POSITION
REJECTED,EURUSD,BUY,2017-11-14 12:00:00+00:00,,SYMBOL_ALREADY_HAS_OPEN_POSITION
REJECTED,EURUSD,BUY,2017-11-14 13:00:00+00:00,,SYMBOL_ALREADY_HAS_OPEN_POSITION
REJECTED,EURUSD,BUY,2017-11-14 17:00:00+00:00,,SYMBOL_ALREADY_HAS_OPEN_POSITION
REJECTED,GBPUSD,BUY,2017-11-14 17:00:00+00:00,,CORRELATED_OR_PORTFOLIO_RISK_CAP
REJECTED,EURUSD,BUY,2017-11-14 18:00:00+00:00,,SYMBOL_ALREADY_HAS_OPEN_POSITION
REJECTED,EURUSD,BUY,2017-11-15 07:00:00+00:00,,SYMBOL_ALREADY_HAS_OPEN_POSITION
REJECTED,EURUSD,BUY,2017-11-15 08:00:00+00:00,,SYMBOL_ALREADY_HAS_OPEN_POSITION
REJECTED,GBPUSD,BUY,2017-11-15 08:00:00+00:00,,CORRELATED_OR_PORTFOLIO_RISK_CAP
REJECTED,EURUSD,BUY,2017-11-17 01:00:00+00:00,,CORRELATED_OR_PORTFOLIO_RISK_CAP
REJECTED,GBPUSD,BUY,2017-11-17 01:00:00+00:00,,SYMBOL_ALREADY_HAS_OPEN_POSITION
REJECTED,EURUSD,BUY,2017-11-17 02:00:00+00:00,,CORRELATED_OR_PORTFOLIO_RISK_CAP
REJECTED,EURUSD,SELL,2017-11-19 23:00:00+00:00,,SYMBOL_ALREADY_HAS_OPEN_POSITION
REJECTED,GBPUSD,BUY,2017-11-20 08:00:00+00:00,,SYMBOL_ALREADY_HAS_OPEN_POSITION
REJECTED,GBPUSD,BUY,2017-11-20 09:00:00+00:00,,SYMBOL_ALREADY_HAS_OPEN_POSITION
REJECTED,EURUSD,BUY,2017-11-22 08:00:00+00:00,,SYMBOL_ALREADY_HAS_OPEN_POSITION
REJECTED,EURUSD,BUY,2017-11-22 14:00:00+00:00,,SYMBOL_ALREADY_HAS_OPEN_POSITION
REJECTED,GBPUSD,BUY,2017-11-22 14:00:00+00:00,,CORRELATED_OR_PORTFOLIO_RISK_CAP
REJECTED,EURUSD,BUY,2017-11-22 15:00:00+00:00,,SYMBOL_ALREADY_HAS_OPEN_POSITION
REJECTED,GBPUSD,BUY,2017-11-22 15:00:00+00:00,,CORRELATED_OR_PORTFOLIO_RISK_CAP
REJECTED,GBPUSD,BUY,2017-11-22 16:00:00+00:00,,CORRELATED_OR_PORTFOLIO_RISK_CAP
REJECTED,EURUSD,BUY,2017-11-22 18:00:00+00:00,,SYMBOL_ALREADY_HAS_OPEN_POSITION
REJECTED,EURUSD,BUY,2017-11-22 19:00:00+00:00,,SYMBOL_ALREADY_HAS_OPEN_POSITION
REJECTED,GBPUSD,BUY,2017-11-22 19:00:00+00:00,,CORRELATED_OR_PORTFOLIO_RISK_CAP
REJECTED,EURUSD,BUY,2017-11-23 03:00:00+00:00,,SYMBOL_ALREADY_HAS_OPEN_POSITION
REJECTED,GBPUSD,BUY,2017-11-23 03:00:00+00:00,,CORRELATED_OR_PORTFOLIO_RISK_CAP
REJECTED,EURUSD,BUY,2017-11-23 08:00:00+00:00,,SYMBOL_ALREADY_HAS_OPEN_POSITION
REJECTED,GBPUSD,SELL,2017-11-24 06:00:00+00:00,,CORRELATED_OR_PORTFOLIO_RISK_CAP
REJECTED,GBPUSD,BUY,2017-11-24 08:00:00+00:00,,CORRELATED_OR_PORTFOLIO_RISK_CAP
REJECTED,EURUSD,BUY,2017-11-24 09:00:00+00:00,,SYMBOL_ALREADY_HAS_OPEN_POSITION
REJECTED,EURUSD,BUY,2017-11-24 13:00:00+00:00,,SYMBOL_ALREADY_HAS_OPEN_POSITION
REJECTED,GBPUSD,BUY,2017-11-24 13:00:00+00:00,,CORRELATED_OR_PORTFOLIO_RISK_CAP
REJECTED,EURUSD,BUY,2017-11-24 14:00:00+00:00,,SYMBOL_ALREADY_HAS_OPEN_POSITION
REJECTED,GBPUSD,BUY,2017-11-24 14:00:00+00:00,,CORRELATED_OR_PORTFOLIO_RISK_CAP
REJECTED,EURUSD,BUY,2017-11-24 15:00:00+00:00,,SYMBOL_ALREADY_HAS_OPEN_POSITION
REJECTED,GBPUSD,BUY,2017-11-27 12:00:00+00:00,,CORRELATED_OR_PORTFOLIO_RISK_CAP
REJECTED,EURUSD,BUY,2017-11-27 13:00:00+00:00,,SYMBOL_ALREADY_HAS_OPEN_POSITION
REJECTED,GBPUSD,BUY,2017-11-27 13:00:00+00:00,,CORRELATED_OR_PORTFOLIO_RISK_CAP
REJECTED,EURUSD,SELL,2017-11-27 17:00:00+00:00,,SYMBOL_ALREADY_HAS_OPEN_POSITION
REJECTED,EURUSD,SELL,2017-11-28 07:00:00+00:00,,SYMBOL_ALREADY_HAS_OPEN_POSITION
REJECTED,GBPUSD,SELL,2017-11-28 10:00:00+00:00,,CORRELATED_OR_PORTFOLIO_RISK_CAP
REJECTED,GBPUSD,SELL,2017-11-28 12:00:00+00:00,,CORRELATED_OR_PORTFOLIO_RISK_CAP
REJECTED,GBPUSD,SELL,2017-11-28 14:00:00+00:00,,CORRELATED_OR_PORTFOLIO_RISK_CAP
REJECTED,EURUSD,SELL,2017-11-28 15:00:00+00:00,,SYMBOL_ALREADY_HAS_OPEN_POSITION
REJECTED,GBPUSD,SELL,2017-11-28 15:00:00+00:00,,CORRELATED_OR_PORTFOLIO_RISK_CAP
REJECTED,EURUSD,SELL,2017-11-28 18:00:00+00:00,,SYMBOL_ALREADY_HAS_OPEN_POSITION
REJECTED,EURUSD,SELL,2017-11-28 19:00:00+00:00,,SYMBOL_ALREADY_HAS_OPEN_POSITION
REJECTED,GBPUSD,BUY,2017-11-29 07:00:00+00:00,,SYMBOL_ALREADY_HAS_OPEN_POSITION
REJECTED,GBPUSD,BUY,2017-11-29 08:00:00+00:00,,SYMBOL_ALREADY_HAS_OPEN_POSITION
REJECTED,GBPUSD,BUY,2017-11-29 16:00:00+00:00,,SYMBOL_ALREADY_HAS_OPEN_POSITION
REJECTED,GBPUSD,BUY,2017-11-30 01:00:00+00:00,,SYMBOL_ALREADY_HAS_OPEN_POSITION
REJECTED,GBPUSD,BUY,2017-11-30 02:00:00+00:00,,SYMBOL_ALREADY_HAS_OPEN_POSITION
REJECTED,EURUSD,BUY,2017-11-30 14:00:00+00:00,,CORRELATED_OR_PORTFOLIO_RISK_CAP
REJECTED,GBPUSD,BUY,2017-11-30 14:00:00+00:00,,SYMBOL_ALREADY_HAS_OPEN_POSITION
REJECTED,EURUSD,BUY,2017-11-30 15:00:00+00:00,,CORRELATED_OR_PORTFOLIO_RISK_CAP
REJECTED,GBPUSD,BUY,2017-11-30 15:00:00+00:00,,SYMBOL_ALREADY_HAS_OPEN_POSITION
REJECTED,EURUSD,SELL,2017-12-01 14:00:00+00:00,,SYMBOL_ALREADY_HAS_OPEN_POSITION
REJECTED,GBPUSD,SELL,2017-12-05 08:00:00+00:00,,SYMBOL_ALREADY_HAS_OPEN_POSITION
REJECTED,EURUSD,SELL,2017-12-05 17:00:00+00:00,,SYMBOL_ALREADY_HAS_OPEN_POSITION
REJECTED,GBPUSD,SELL,2017-12-06 10:00:00+00:00,,SYMBOL_ALREADY_HAS_OPEN_POSITION
REJECTED,GBPUSD,SELL,2017-12-06 11:00:00+00:00,,SYMBOL_ALREADY_HAS_OPEN_POSITION
REJECTED,EURUSD,SELL,2017-12-06 14:00:00+00:00,,CORRELATED_OR_PORTFOLIO_RISK_CAP
REJECTED,GBPUSD,BUY,2017-12-07 16:00:00+00:00,,SYMBOL_ALREADY_HAS_OPEN_POSITION
REJECTED,GBPUSD,BUY,2017-12-07 18:00:00+00:00,,SYMBOL_ALREADY_HAS_OPEN_POSITION
REJECTED,EURUSD,SELL,2017-12-07 21:00:00+00:00,,SYMBOL_ALREADY_HAS_OPEN_POSITION
REJECTED,EURUSD,SELL,2017-12-08 00:00:00+00:00,,SYMBOL_ALREADY_HAS_OPEN_POSITION
REJECTED,EURUSD,SELL,2017-12-08 01:00:00+00:00,,SYMBOL_ALREADY_HAS_OPEN_POSITION
REJECTED,GBPUSD,BUY,2017-12-08 04:00:00+00:00,,SYMBOL_ALREADY_HAS_OPEN_POSITION
REJECTED,GBPUSD,BUY,2017-12-08 05:00:00+00:00,,SYMBOL_ALREADY_HAS_OPEN_POSITION
REJECTED,EURUSD,SELL,2017-12-08 06:00:00+00:00,,SYMBOL_ALREADY_HAS_OPEN_POSITION
REJECTED,EURUSD,SELL,2017-12-08 07:00:00+00:00,,SYMBOL_ALREADY_HAS_OPEN_POSITION
REJECTED,EURUSD,SELL,2017-12-08 08:00:00+00:00,,SYMBOL_ALREADY_HAS_OPEN_POSITION
REJECTED,GBPUSD,SELL,2017-12-08 15:00:00+00:00,,CORRELATED_OR_PORTFOLIO_RISK_CAP
REJECTED,EURUSD,BUY,2017-12-11 03:00:00+00:00,,SYMBOL_ALREADY_HAS_OPEN_POSITION
REJECTED,EURUSD,BUY,2017-12-11 08:00:00+00:00,,SYMBOL_ALREADY_HAS_OPEN_POSITION
REJECTED,EURUSD,BUY,2017-12-11 09:00:00+00:00,,SYMBOL_ALREADY_HAS_OPEN_POSITION
REJECTED,EURUSD,SELL,2017-12-12 14:00:00+00:00,,SYMBOL_ALREADY_HAS_OPEN_POSITION
REJECTED,EURUSD,SELL,2017-12-12 15:00:00+00:00,,SYMBOL_ALREADY_HAS_OPEN_POSITION
REJECTED,GBPUSD,SELL,2017-12-12 18:00:00+00:00,,CORRELATED_OR_PORTFOLIO_RISK_CAP
REJECTED,EURUSD,BUY,2017-12-13 19:00:00+00:00,,SYMBOL_ALREADY_HAS_OPEN_POSITION
REJECTED,GBPUSD,BUY,2017-12-13 19:00:00+00:00,,SYMBOL_ALREADY_HAS_OPEN_POSITION
REJECTED,EURUSD,BUY,2017-12-13 20:00:00+00:00,,SYMBOL_ALREADY_HAS_OPEN_POSITION
REJECTED,EURUSD,BUY,2017-12-13 23:00:00+00:00,,SYMBOL_ALREADY_HAS_OPEN_POSITION
REJECTED,EURUSD,BUY,2017-12-14 01:00:00+00:00,,SYMBOL_ALREADY_HAS_OPEN_POSITION
REJECTED,GBPUSD,BUY,2017-12-14 02:00:00+00:00,,SYMBOL_ALREADY_HAS_OPEN_POSITION
REJECTED,GBPUSD,BUY,2017-12-14 09:00:00+00:00,,SYMBOL_ALREADY_HAS_OPEN_POSITION
REJECTED,GBPUSD,SELL,2017-12-15 13:00:00+00:00,,SYMBOL_ALREADY_HAS_OPEN_POSITION
REJECTED,EURUSD,SELL,2017-12-15 15:00:00+00:00,,CORRELATED_OR_PORTFOLIO_RISK_CAP
REJECTED,GBPUSD,SELL,2017-12-15 15:00:00+00:00,,SYMBOL_ALREADY_HAS_OPEN_POSITION
REJECTED,EURUSD,SELL,2017-12-15 18:00:00+00:00,,CORRELATED_OR_PORTFOLIO_RISK_CAP
REJECTED,EURUSD,SELL,2017-12-15 21:00:00+00:00,,CORRELATED_OR_PORTFOLIO_RISK_CAP
REJECTED,EURUSD,SELL,2017-12-17 22:00:00+00:00,,CORRELATED_OR_PORTFOLIO_RISK_CAP
REJECTED,GBPUSD,BUY,2017-12-18 12:00:00+00:00,,SYMBOL_ALREADY_HAS_OPEN_POSITION
REJECTED,GBPUSD,BUY,2017-12-18 13:00:00+00:00,,SYMBOL_ALREADY_HAS_OPEN_POSITION
REJECTED,EURUSD,BUY,2017-12-18 14:00:00+00:00,,CORRELATED_OR_PORTFOLIO_RISK_CAP
REJECTED,GBPUSD,BUY,2017-12-18 14:00:00+00:00,,SYMBOL_ALREADY_HAS_OPEN_POSITION
REJECTED,EURUSD,BUY,2017-12-18 15:00:00+00:00,,CORRELATED_OR_PORTFOLIO_RISK_CAP
REJECTED,EURUSD,BUY,2017-12-20 15:00:00+00:00,,SYMBOL_ALREADY_HAS_OPEN_POSITION
REJECTED,GBPUSD,SELL,2017-12-21 01:00:00+00:00,,SYMBOL_ALREADY_HAS_OPEN_POSITION
REJECTED,EURUSD,SELL,2017-12-21 12:00:00+00:00,,CORRELATED_OR_PORTFOLIO_RISK_CAP
REJECTED,GBPUSD,BUY,2017-12-26 18:00:00+00:00,,SYMBOL_ALREADY_HAS_OPEN_POSITION
REJECTED,GBPUSD,BUY,2017-12-27 08:00:00+00:00,,SYMBOL_ALREADY_HAS_OPEN_POSITION
REJECTED,EURUSD,BUY,2017-12-27 09:00:00+00:00,,CORRELATED_OR_PORTFOLIO_RISK_CAP
REJECTED,GBPUSD,BUY,2017-12-27 09:00:00+00:00,,SYMBOL_ALREADY_HAS_OPEN_POSITION
REJECTED,EURUSD,BUY,2017-12-27 10:00:00+00:00,,CORRELATED_OR_PORTFOLIO_RISK_CAP
REJECTED,EURUSD,BUY,2017-12-27 13:00:00+00:00,,CORRELATED_OR_PORTFOLIO_RISK_CAP
REJECTED,EURUSD,BUY,2017-12-27 14:00:00+00:00,,CORRELATED_OR_PORTFOLIO_RISK_CAP
REJECTED,EURUSD,BUY,2017-12-28 04:00:00+00:00,,CORRELATED_OR_PORTFOLIO_RISK_CAP
REJECTED,EURUSD,BUY,2017-12-28 05:00:00+00:00,,CORRELATED_OR_PORTFOLIO_RISK_CAP
REJECTED,GBPUSD,BUY,2017-12-28 05:00:00+00:00,,SYMBOL_ALREADY_HAS_OPEN_POSITION
REJECTED,EURUSD,BUY,2017-12-28 07:00:00+00:00,,CORRELATED_OR_PORTFOLIO_RISK_CAP
REJECTED,GBPUSD,BUY,2017-12-28 07:00:00+00:00,,SYMBOL_ALREADY_HAS_OPEN_POSITION
REJECTED,GBPUSD,BUY,2017-12-28 08:00:00+00:00,,SYMBOL_ALREADY_HAS_OPEN_POSITION
REJECTED,EURUSD,BUY,2017-12-28 13:00:00+00:00,,CORRELATED_OR_PORTFOLIO_RISK_CAP
REJECTED,EURUSD,BUY,2017-12-28 16:00:00+00:00,,CORRELATED_OR_PORTFOLIO_RISK_CAP
REJECTED,EURUSD,BUY,2017-12-28 18:00:00+00:00,,CORRELATED_OR_PORTFOLIO_RISK_CAP
REJECTED,GBPUSD,BUY,2017-12-29 06:00:00+00:00,,SYMBOL_ALREADY_HAS_OPEN_POSITION
REJECTED,GBPUSD,BUY,2017-12-29 07:00:00+00:00,,SYMBOL_ALREADY_HAS_OPEN_POSITION
REJECTED,EURUSD,BUY,2017-12-29 08:00:00+00:00,,CORRELATED_OR_PORTFOLIO_RISK_CAP
REJECTED,GBPUSD,BUY,2017-12-29 08:00:00+00:00,,SYMBOL_ALREADY_HAS_OPEN_POSITION
REJECTED,EURUSD,BUY,2017-12-29 09:00:00+00:00,,CORRELATED_OR_PORTFOLIO_RISK_CAP
REJECTED,EURUSD,BUY,2017-12-29 12:00:00+00:00,,CORRELATED_OR_PORTFOLIO_RISK_CAP
REJECTED,GBPUSD,BUY,2017-12-29 12:00:00+00:00,,SYMBOL_ALREADY_HAS_OPEN_POSITION
REJECTED,GBPUSD,BUY,2017-12-29 13:00:00+00:00,,SYMBOL_ALREADY_HAS_OPEN_POSITION
REJECTED,EURUSD,BUY,2017-12-29 15:00:00+00:00,,CORRELATED_OR_PORTFOLIO_RISK_CAP
REJECTED,GBPUSD,BUY,2017-12-29 15:00:00+00:00,,SYMBOL_ALREADY_HAS_OPEN_POSITION
REJECTED,EURUSD,BUY,2017-12-29 16:00:00+00:00,,CORRELATED_OR_PORTFOLIO_RISK_CAP
REJECTED,EURUSD,BUY,2018-01-02 06:00:00+00:00,,CORRELATED_OR_PORTFOLIO_RISK_CAP
REJECTED,EURUSD,BUY,2018-01-02 07:00:00+00:00,,CORRELATED_OR_PORTFOLIO_RISK_CAP
REJECTED,EURUSD,BUY,2018-01-02 08:00:00+00:00,,CORRELATED_OR_PORTFOLIO_RISK_CAP
REJECTED,GBPUSD,BUY,2018-01-02 08:00:00+00:00,,SYMBOL_ALREADY_HAS_OPEN_POSITION
REJECTED,EURUSD,BUY,2018-01-02 09:00:00+00:00,,CORRELATED_OR_PORTFOLIO_RISK_CAP
REJECTED,GBPUSD,BUY,2018-01-02 15:00:00+00:00,,SYMBOL_ALREADY_HAS_OPEN_POSITION
REJECTED,GBPUSD,BUY,2018-01-02 16:00:00+00:00,,SYMBOL_ALREADY_HAS_OPEN_POSITION
REJECTED,GBPUSD,BUY,2018-01-03 01:00:00+00:00,,SYMBOL_ALREADY_HAS_OPEN_POSITION
REJECTED,GBPUSD,BUY,2018-01-03 05:00:00+00:00,,SYMBOL_ALREADY_HAS_OPEN_POSITION
REJECTED,EURUSD,SELL,2018-01-03 11:00:00+00:00,,SYMBOL_ALREADY_HAS_OPEN_POSITION
REJECTED,GBPUSD,SELL,2018-01-03 15:00:00+00:00,,SYMBOL_ALREADY_HAS_OPEN_POSITION
REJECTED,EURUSD,BUY,2018-01-04 10:00:00+00:00,,SYMBOL_ALREADY_HAS_OPEN_POSITION
REJECTED,EURUSD,BUY,2018-01-04 11:00:00+00:00,,SYMBOL_ALREADY_HAS_OPEN_POSITION
REJECTED,EURUSD,BUY,2018-01-04 12:00:00+00:00,,SYMBOL_ALREADY_HAS_OPEN_POSITION
REJECTED,EURUSD,BUY,2018-01-04 14:00:00+00:00,,SYMBOL_ALREADY_HAS_OPEN_POSITION
REJECTED,GBPUSD,BUY,2018-01-05 00:00:00+00:00,,CORRELATED_OR_PORTFOLIO_RISK_CAP
REJECTED,GBPUSD,BUY,2018-01-05 05:00:00+00:00,,CORRELATED_OR_PORTFOLIO_RISK_CAP
REJECTED,EURUSD,SELL,2018-01-05 09:00:00+00:00,,SYMBOL_ALREADY_HAS_OPEN_POSITION
REJECTED,GBPUSD,SELL,2018-01-05 09:00:00+00:00,,CORRELATED_OR_PORTFOLIO_RISK_CAP
REJECTED,EURUSD,SELL,2018-01-08 05:00:00+00:00,,SYMBOL_ALREADY_HAS_OPEN_POSITION
REJECTED,EURUSD,SELL,2018-01-08 07:00:00+00:00,,SYMBOL_ALREADY_HAS_OPEN_POSITION
REJECTED,EURUSD,SELL,2018-01-08 08:00:00+00:00,,SYMBOL_ALREADY_HAS_OPEN_POSITION
REJECTED,GBPUSD,SELL,2018-01-08 09:00:00+00:00,,CORRELATED_OR_PORTFOLIO_RISK_CAP
REJECTED,EURUSD,SELL,2018-01-08 12:00:00+00:00,,SYMBOL_ALREADY_HAS_OPEN_POSITION
REJECTED,EURUSD,SELL,2018-01-08 13:00:00+00:00,,SYMBOL_ALREADY_HAS_OPEN_POSITION
REJECTED,EURUSD,SELL,2018-01-08 14:00:00+00:00,,SYMBOL_ALREADY_HAS_OPEN_POSITION
REJECTED,EURUSD,SELL,2018-01-09 07:00:00+00:00,,SYMBOL_ALREADY_HAS_OPEN_POSITION
REJECTED,EURUSD,SELL,2018-01-09 08:00:00+00:00,,SYMBOL_ALREADY_HAS_OPEN_POSITION
REJECTED,GBPUSD,SELL,2018-01-09 08:00:00+00:00,,CORRELATED_OR_PORTFOLIO_RISK_CAP
REJECTED,EURUSD,SELL,2018-01-09 10:00:00+00:00,,SYMBOL_ALREADY_HAS_OPEN_POSITION
REJECTED,EURUSD,SELL,2018-01-09 13:00:00+00:00,,SYMBOL_ALREADY_HAS_OPEN_POSITION
REJECTED,GBPUSD,SELL,2018-01-09 14:00:00+00:00,,CORRELATED_OR_PORTFOLIO_RISK_CAP
REJECTED,EURUSD,BUY,2018-01-10 11:00:00+00:00,,SYMBOL_ALREADY_HAS_OPEN_POSITION
REJECTED,GBPUSD,BUY,2018-01-10 11:00:00+00:00,,CORRELATED_OR_PORTFOLIO_RISK_CAP
REJECTED,GBPUSD,SELL,2018-01-11 11:00:00+00:00,,SYMBOL_ALREADY_HAS_OPEN_POSITION
REJECTED,EURUSD,BUY,2018-01-11 13:00:00+00:00,,SYMBOL_ALREADY_HAS_OPEN_POSITION
REJECTED,GBPUSD,BUY,2018-01-11 13:00:00+00:00,,CORRELATED_OR_PORTFOLIO_RISK_CAP
REJECTED,EURUSD,BUY,2018-01-11 14:00:00+00:00,,SYMBOL_ALREADY_HAS_OPEN_POSITION
REJECTED,GBPUSD,BUY,2018-01-11 14:00:00+00:00,,CORRELATED_OR_PORTFOLIO_RISK_CAP
REJECTED,EURUSD,BUY,2018-01-11 15:00:00+00:00,,SYMBOL_ALREADY_HAS_OPEN_POSITION
REJECTED,GBPUSD,BUY,2018-01-12 00:00:00+00:00,,CORRELATED_OR_PORTFOLIO_RISK_CAP
REJECTED,EURUSD,BUY,2018-01-12 08:00:00+00:00,,SYMBOL_ALREADY_HAS_OPEN_POSITION
REJECTED,GBPUSD,BUY,2018-01-12 08:00:00+00:00,,CORRELATED_OR_PORTFOLIO_RISK_CAP
REJECTED,EURUSD,BUY,2018-01-12 09:00:00+00:00,,SYMBOL_ALREADY_HAS_OPEN_POSITION
REJECTED,GBPUSD,BUY,2018-01-12 09:00:00+00:00,,CORRELATED_OR_PORTFOLIO_RISK_CAP
REJECTED,GBPUSD,BUY,2018-01-12 11:00:00+00:00,,CORRELATED_OR_PORTFOLIO_RISK_CAP
REJECTED,GBPUSD,BUY,2018-01-12 13:00:00+00:00,,CORRELATED_OR_PORTFOLIO_RISK_CAP
REJECTED,EURUSD,BUY,2018-01-12 18:00:00+00:00,,SYMBOL_ALREADY_HAS_OPEN_POSITION
REJECTED,GBPUSD,BUY,2018-01-12 18:00:00+00:00,,CORRELATED_OR_PORTFOLIO_RISK_CAP
REJECTED,EURUSD,BUY,2018-01-12 19:00:00+00:00,,SYMBOL_ALREADY_HAS_OPEN_POSITION
REJECTED,GBPUSD,BUY,2018-01-12 19:00:00+00:00,,CORRELATED_OR_PORTFOLIO_RISK_CAP
REJECTED,EURUSD,BUY,2018-01-12 20:00:00+00:00,,SYMBOL_ALREADY_HAS_OPEN_POSITION
REJECTED,EURUSD,BUY,2018-01-12 21:00:00+00:00,,SYMBOL_ALREADY_HAS_OPEN_POSITION
REJECTED,EURUSD,BUY,2018-01-15 05:00:00+00:00,,SYMBOL_ALREADY_HAS_OPEN_POSITION
REJECTED,EURUSD,BUY,2018-01-15 09:00:00+00:00,,SYMBOL_ALREADY_HAS_OPEN_POSITION
REJECTED,GBPUSD,BUY,2018-01-15 09:00:00+00:00,,CORRELATED_OR_PORTFOLIO_RISK_CAP
REJECTED,EURUSD,BUY,2018-01-15 10:00:00+00:00,,SYMBOL_ALREADY_HAS_OPEN_POSITION
REJECTED,GBPUSD,SELL,2018-01-16 09:00:00+00:00,,CORRELATED_OR_PORTFOLIO_RISK_CAP
REJECTED,EURUSD,SELL,2018-01-16 10:00:00+00:00,,SYMBOL_ALREADY_HAS_OPEN_POSITION
REJECTED,GBPUSD,SELL,2018-01-16 10:00:00+00:00,,CORRELATED_OR_PORTFOLIO_RISK_CAP
REJECTED,GBPUSD,BUY,2018-01-17 18:00:00+00:00,,SYMBOL_ALREADY_HAS_OPEN_POSITION
REJECTED,EURUSD,SELL,2018-01-17 22:00:00+00:00,,SYMBOL_ALREADY_HAS_OPEN_POSITION
REJECTED,EURUSD,BUY,2018-01-19 07:00:00+00:00,,SYMBOL_ALREADY_HAS_OPEN_POSITION
REJECTED,EURUSD,BUY,2018-01-19 08:00:00+00:00,,SYMBOL_ALREADY_HAS_OPEN_POSITION
REJECTED,GBPUSD,BUY,2018-01-19 08:00:00+00:00,,SYMBOL_ALREADY_HAS_OPEN_POSITION
REJECTED,EURUSD,SELL,2018-01-19 15:00:00+00:00,,CORRELATED_OR_PORTFOLIO_RISK_CAP
REJECTED,GBPUSD,SELL,2018-01-19 15:00:00+00:00,,SYMBOL_ALREADY_HAS_OPEN_POSITION
REJECTED,GBPUSD,BUY,2018-01-22 13:00:00+00:00,,SYMBOL_ALREADY_HAS_OPEN_POSITION
REJECTED,GBPUSD,BUY,2018-01-22 15:00:00+00:00,,SYMBOL_ALREADY_HAS_OPEN_POSITION
REJECTED,GBPUSD,BUY,2018-01-22 19:00:00+00:00,,SYMBOL_ALREADY_HAS_OPEN_POSITION
REJECTED,EURUSD,BUY,2018-01-23 00:00:00+00:00,,CORRELATED_OR_PORTFOLIO_RISK_CAP
REJECTED,EURUSD,BUY,2018-01-23 15:00:00+00:00,,SYMBOL_ALREADY_HAS_OPEN_POSITION
REJECTED,GBPUSD,BUY,2018-01-23 15:00:00+00:00,,CORRELATED_OR_PORTFOLIO_RISK_CAP
REJECTED,EURUSD,BUY,2018-01-23 23:00:00+00:00,,SYMBOL_ALREADY_HAS_OPEN_POSITION
REJECTED,GBPUSD,BUY,2018-01-24 02:00:00+00:00,,CORRELATED_OR_PORTFOLIO_RISK_CAP
REJECTED,EURUSD,BUY,2018-01-24 04:00:00+00:00,,SYMBOL_ALREADY_HAS_OPEN_POSITION
REJECTED,EURUSD,BUY,2018-01-24 08:00:00+00:00,,SYMBOL_ALREADY_HAS_OPEN_POSITION
REJECTED,GBPUSD,BUY,2018-01-24 08:00:00+00:00,,CORRELATED_OR_PORTFOLIO_RISK_CAP
REJECTED,GBPUSD,BUY,2018-01-24 09:00:00+00:00,,CORRELATED_OR_PORTFOLIO_RISK_CAP
REJECTED,GBPUSD,BUY,2018-01-24 11:00:00+00:00,,CORRELATED_OR_PORTFOLIO_RISK_CAP
REJECTED,GBPUSD,BUY,2018-01-24 12:00:00+00:00,,CORRELATED_OR_PORTFOLIO_RISK_CAP
REJECTED,EURUSD,BUY,2018-01-24 13:00:00+00:00,,SYMBOL_ALREADY_HAS_OPEN_POSITION
REJECTED,GBPUSD,BUY,2018-01-24 13:00:00+00:00,,CORRELATED_OR_PORTFOLIO_RISK_CAP
REJECTED,EURUSD,BUY,2018-01-24 14:00:00+00:00,,SYMBOL_ALREADY_HAS_OPEN_POSITION
REJECTED,GBPUSD,BUY,2018-01-24 14:00:00+00:00,,CORRELATED_OR_PORTFOLIO_RISK_CAP
REJECTED,GBPUSD,BUY,2018-01-24 15:00:00+00:00,,CORRELATED_OR_PORTFOLIO_RISK_CAP
REJECTED,EURUSD,BUY,2018-01-24 18:00:00+00:00,,SYMBOL_ALREADY_HAS_OPEN_POSITION
REJECTED,EURUSD,BUY,2018-01-25 02:00:00+00:00,,SYMBOL_ALREADY_HAS_OPEN_POSITION
REJECTED,GBPUSD,BUY,2018-01-25 02:00:00+00:00,,CORRELATED_OR_PORTFOLIO_RISK_CAP
REJECTED,EURUSD,BUY,2018-01-25 03:00:00+00:00,,SYMBOL_ALREADY_HAS_OPEN_POSITION
REJECTED,GBPUSD,BUY,2018-01-25 03:00:00+00:00,,CORRELATED_OR_PORTFOLIO_RISK_CAP
REJECTED,EURUSD,BUY,2018-01-25 05:00:00+00:00,,SYMBOL_ALREADY_HAS_OPEN_POSITION
REJECTED,EURUSD,BUY,2018-01-25 13:00:00+00:00,,SYMBOL_ALREADY_HAS_OPEN_POSITION
REJECTED,GBPUSD,SELL,2018-01-29 10:00:00+00:00,,SYMBOL_ALREADY_HAS_OPEN_POSITION
REJECTED,GBPUSD,SELL,2018-01-29 11:00:00+00:00,,SYMBOL_ALREADY_HAS_OPEN_POSITION
REJECTED,EURUSD,SELL,2018-01-29 12:00:00+00:00,,SYMBOL_ALREADY_HAS_OPEN_POSITION
REJECTED,EURUSD,SELL,2018-01-29 13:00:00+00:00,,SYMBOL_ALREADY_HAS_OPEN_POSITION
REJECTED,EURUSD,SELL,2018-01-29 14:00:00+00:00,,SYMBOL_ALREADY_HAS_OPEN_POSITION
REJECTED,GBPUSD,SELL,2018-01-29 16:00:00+00:00,,SYMBOL_ALREADY_HAS_OPEN_POSITION
REJECTED,GBPUSD,SELL,2018-01-30 06:00:00+00:00,,SYMBOL_ALREADY_HAS_OPEN_POSITION
REJECTED,GBPUSD,SELL,2018-01-30 07:00:00+00:00,,SYMBOL_ALREADY_HAS_OPEN_POSITION
REJECTED,EURUSD,BUY,2018-01-30 10:00:00+00:00,,SYMBOL_ALREADY_HAS_OPEN_POSITION
REJECTED,EURUSD,BUY,2018-01-30 11:00:00+00:00,,SYMBOL_ALREADY_HAS_OPEN_POSITION
REJECTED,GBPUSD,BUY,2018-01-30 11:00:00+00:00,,CORRELATED_OR_PORTFOLIO_RISK_CAP
REJECTED,EURUSD,BUY,2018-01-30 13:00:00+00:00,,SYMBOL_ALREADY_HAS_OPEN_POSITION
REJECTED,GBPUSD,BUY,2018-01-30 13:00:00+00:00,,CORRELATED_OR_PORTFOLIO_RISK_CAP
REJECTED,GBPUSD,BUY,2018-01-31 03:00:00+00:00,,CORRELATED_OR_PORTFOLIO_RISK_CAP
REJECTED,GBPUSD,BUY,2018-01-31 05:00:00+00:00,,CORRELATED_OR_PORTFOLIO_RISK_CAP
REJECTED,GBPUSD,BUY,2018-01-31 06:00:00+00:00,,CORRELATED_OR_PORTFOLIO_RISK_CAP
REJECTED,EURUSD,BUY,2018-01-31 13:00:00+00:00,,SYMBOL_ALREADY_HAS_OPEN_POSITION
REJECTED,GBPUSD,BUY,2018-01-31 15:00:00+00:00,,CORRELATED_OR_PORTFOLIO_RISK_CAP
REJECTED,EURUSD,BUY,2018-02-01 16:00:00+00:00,,SYMBOL_ALREADY_HAS_OPEN_POSITION
REJECTED,EURUSD,BUY,2018-02-01 19:00:00+00:00,,SYMBOL_ALREADY_HAS_OPEN_POSITION
REJECTED,EURUSD,BUY,2018-02-01 20:00:00+00:00,,SYMBOL_ALREADY_HAS_OPEN_POSITION
REJECTED,EURUSD,SELL,2018-02-02 14:00:00+00:00,,SYMBOL_ALREADY_HAS_OPEN_POSITION
REJECTED,GBPUSD,SELL,2018-02-02 14:00:00+00:00,,SYMBOL_ALREADY_HAS_OPEN_POSITION
REJECTED,GBPUSD,SELL,2018-02-02 15:00:00+00:00,,SYMBOL_ALREADY_HAS_OPEN_POSITION
REJECTED,GBPUSD,SELL,2018-02-04 22:00:00+00:00,,SYMBOL_ALREADY_HAS_OPEN_POSITION
REJECTED,GBPUSD,SELL,2018-02-05 12:00:00+00:00,,SYMBOL_ALREADY_HAS_OPEN_POSITION
REJECTED,EURUSD,SELL,2018-02-05 14:00:00+00:00,,CORRELATED_OR_PORTFOLIO_RISK_CAP
REJECTED,GBPUSD,SELL,2018-02-05 14:00:00+00:00,,SYMBOL_ALREADY_HAS_OPEN_POSITION
REJECTED,EURUSD,SELL,2018-02-05 19:00:00+00:00,,CORRELATED_OR_PORTFOLIO_RISK_CAP
REJECTED,EURUSD,SELL,2018-02-05 20:00:00+00:00,,CORRELATED_OR_PORTFOLIO_RISK_CAP
REJECTED,GBPUSD,SELL,2018-02-05 20:00:00+00:00,,SYMBOL_ALREADY_HAS_OPEN_POSITION
REJECTED,GBPUSD,SELL,2018-02-05 21:00:00+00:00,,SYMBOL_ALREADY_HAS_OPEN_POSITION
REJECTED,GBPUSD,SELL,2018-02-05 23:00:00+00:00,,SYMBOL_ALREADY_HAS_OPEN_POSITION
REJECTED,EURUSD,SELL,2018-02-06 12:00:00+00:00,,CORRELATED_OR_PORTFOLIO_RISK_CAP
REJECTED,GBPUSD,SELL,2018-02-06 12:00:00+00:00,,SYMBOL_ALREADY_HAS_OPEN_POSITION
REJECTED,GBPUSD,SELL,2018-02-06 13:00:00+00:00,,SYMBOL_ALREADY_HAS_OPEN_POSITION
REJECTED,EURUSD,SELL,2018-02-07 15:00:00+00:00,,CORRELATED_OR_PORTFOLIO_RISK_CAP
REJECTED,EURUSD,SELL,2018-02-07 16:00:00+00:00,,CORRELATED_OR_PORTFOLIO_RISK_CAP
REJECTED,EURUSD,SELL,2018-02-07 17:00:00+00:00,,CORRELATED_OR_PORTFOLIO_RISK_CAP
REJECTED,EURUSD,SELL,2018-02-08 09:00:00+00:00,,SYMBOL_ALREADY_HAS_OPEN_POSITION
REJECTED,GBPUSD,BUY,2018-02-08 13:00:00+00:00,,SYMBOL_ALREADY_HAS_OPEN_POSITION
REJECTED,GBPUSD,BUY,2018-02-08 14:00:00+00:00,,SYMBOL_ALREADY_HAS_OPEN_POSITION
REJECTED,GBPUSD,SELL,2018-02-09 12:00:00+00:00,,SYMBOL_ALREADY_HAS_OPEN_POSITION
REJECTED,EURUSD,SELL,2018-02-09 16:00:00+00:00,,CORRELATED_OR_PORTFOLIO_RISK_CAP
REJECTED,EURUSD,SELL,2018-02-09 17:00:00+00:00,,CORRELATED_OR_PORTFOLIO_RISK_CAP
REJECTED,EURUSD,BUY,2018-02-13 05:00:00+00:00,,SYMBOL_ALREADY_HAS_OPEN_POSITION
REJECTED,EURUSD,BUY,2018-02-13 06:00:00+00:00,,SYMBOL_ALREADY_HAS_OPEN_POSITION
REJECTED,GBPUSD,BUY,2018-02-13 09:00:00+00:00,,CORRELATED_OR_PORTFOLIO_RISK_CAP
REJECTED,EURUSD,BUY,2018-02-13 10:00:00+00:00,,SYMBOL_ALREADY_HAS_OPEN_POSITION
REJECTED,GBPUSD,BUY,2018-02-13 10:00:00+00:00,,CORRELATED_OR_PORTFOLIO_RISK_CAP
REJECTED,EURUSD,BUY,2018-02-13 14:00:00+00:00,,SYMBOL_ALREADY_HAS_OPEN_POSITION
REJECTED,EURUSD,BUY,2018-02-14 02:00:00+00:00,,SYMBOL_ALREADY_HAS_OPEN_POSITION
REJECTED,EURUSD,BUY,2018-02-14 03:00:00+00:00,,SYMBOL_ALREADY_HAS_OPEN_POSITION
REJECTED,EURUSD,SELL,2018-02-14 13:00:00+00:00,,SYMBOL_ALREADY_HAS_OPEN_POSITION
REJECTED,GBPUSD,SELL,2018-02-14 13:00:00+00:00,,CORRELATED_OR_PORTFOLIO_RISK_CAP
REJECTED,EURUSD,BUY,2018-02-14 17:00:00+00:00,,SYMBOL_ALREADY_HAS_OPEN_POSITION
REJECTED,EURUSD,BUY,2018-02-14 18:00:00+00:00,,SYMBOL_ALREADY_HAS_OPEN_POSITION
REJECTED,GBPUSD,BUY,2018-02-14 18:00:00+00:00,,SYMBOL_ALREADY_HAS_OPEN_POSITION
REJECTED,EURUSD,BUY,2018-02-14 20:00:00+00:00,,SYMBOL_ALREADY_HAS_OPEN_POSITION
REJECTED,GBPUSD,BUY,2018-02-14 20:00:00+00:00,,SYMBOL_ALREADY_HAS_OPEN_POSITION
REJECTED,EURUSD,BUY,2018-02-14 23:00:00+00:00,,SYMBOL_ALREADY_HAS_OPEN_POSITION
REJECTED,EURUSD,BUY,2018-02-15 07:00:00+00:00,,SYMBOL_ALREADY_HAS_OPEN_POSITION
REJECTED,GBPUSD,BUY,2018-02-15 07:00:00+00:00,,SYMBOL_ALREADY_HAS_OPEN_POSITION
REJECTED,GBPUSD,BUY,2018-02-15 09:00:00+00:00,,SYMBOL_ALREADY_HAS_OPEN_POSITION
REJECTED,GBPUSD,BUY,2018-02-15 13:00:00+00:00,,SYMBOL_ALREADY_HAS_OPEN_POSITION
REJECTED,GBPUSD,BUY,2018-02-15 23:00:00+00:00,,SYMBOL_ALREADY_HAS_OPEN_POSITION
REJECTED,EURUSD,BUY,2018-02-16 01:00:00+00:00,,SYMBOL_ALREADY_HAS_OPEN_POSITION
REJECTED,GBPUSD,BUY,2018-02-16 01:00:00+00:00,,SYMBOL_ALREADY_HAS_OPEN_POSITION
REJECTED,EURUSD,BUY,2018-02-16 02:00:00+00:00,,SYMBOL_ALREADY_HAS_OPEN_POSITION
REJECTED,GBPUSD,BUY,2018-02-16 02:00:00+00:00,,SYMBOL_ALREADY_HAS_OPEN_POSITION
REJECTED,EURUSD,BUY,2018-02-16 04:00:00+00:00,,SYMBOL_ALREADY_HAS_OPEN_POSITION
REJECTED,GBPUSD,BUY,2018-02-16 04:00:00+00:00,,SYMBOL_ALREADY_HAS_OPEN_POSITION
REJECTED,EURUSD,SELL,2018-02-16 14:00:00+00:00,,SYMBOL_ALREADY_HAS_OPEN_POSITION
REJECTED,EURUSD,SELL,2018-02-16 18:00:00+00:00,,SYMBOL_ALREADY_HAS_OPEN_POSITION
REJECTED,EURUSD,SELL,2018-02-19 13:00:00+00:00,,SYMBOL_ALREADY_HAS_OPEN_POSITION
REJECTED,GBPUSD,SELL,2018-02-19 13:00:00+00:00,,CORRELATED_OR_PORTFOLIO_RISK_CAP
REJECTED,EURUSD,SELL,2018-02-20 07:00:00+00:00,,SYMBOL_ALREADY_HAS_OPEN_POSITION
REJECTED,GBPUSD,SELL,2018-02-20 07:00:00+00:00,,CORRELATED_OR_PORTFOLIO_RISK_CAP
REJECTED,EURUSD,SELL,2018-02-20 09:00:00+00:00,,SYMBOL_ALREADY_HAS_OPEN_POSITION
REJECTED,EURUSD,SELL,2018-02-20 10:00:00+00:00,,SYMBOL_ALREADY_HAS_OPEN_POSITION
REJECTED,EURUSD,SELL,2018-02-20 13:00:00+00:00,,SYMBOL_ALREADY_HAS_OPEN_POSITION
REJECTED,GBPUSD,BUY,2018-02-20 16:00:00+00:00,,CORRELATED_OR_PORTFOLIO_RISK_CAP
REJECTED,EURUSD,SELL,2018-02-21 07:00:00+00:00,,SYMBOL_ALREADY_HAS_OPEN_POSITION
REJECTED,GBPUSD,SELL,2018-02-21 08:00:00+00:00,,CORRELATED_OR_PORTFOLIO_RISK_CAP
REJECTED,GBPUSD,SELL,2018-02-21 11:00:00+00:00,,CORRELATED_OR_PORTFOLIO_RISK_CAP
REJECTED,EURUSD,SELL,2018-02-21 12:00:00+00:00,,SYMBOL_ALREADY_HAS_OPEN_POSITION
REJECTED,EURUSD,SELL,2018-02-21 20:00:00+00:00,,SYMBOL_ALREADY_HAS_OPEN_POSITION
REJECTED,EURUSD,SELL,2018-02-21 22:00:00+00:00,,SYMBOL_ALREADY_HAS_OPEN_POSITION
REJECTED,EURUSD,SELL,2018-02-22 00:00:00+00:00,,SYMBOL_ALREADY_HAS_OPEN_POSITION
REJECTED,GBPUSD,SELL,2018-02-22 06:00:00+00:00,,CORRELATED_OR_PORTFOLIO_RISK_CAP
REJECTED,EURUSD,BUY,2018-02-26 06:00:00+00:00,,SYMBOL_ALREADY_HAS_OPEN_POSITION
REJECTED,GBPUSD,BUY,2018-02-26 06:00:00+00:00,,SYMBOL_ALREADY_HAS_OPEN_POSITION
REJECTED,GBPUSD,BUY,2018-02-26 07:00:00+00:00,,SYMBOL_ALREADY_HAS_OPEN_POSITION
REJECTED,EURUSD,BUY,2018-02-26 09:00:00+00:00,,SYMBOL_ALREADY_HAS_OPEN_POSITION
REJECTED,GBPUSD,BUY,2018-02-26 09:00:00+00:00,,SYMBOL_ALREADY_HAS_OPEN_POSITION
REJECTED,EURUSD,SELL,2018-02-27 14:00:00+00:00,,SYMBOL_ALREADY_HAS_OPEN_POSITION
REJECTED,GBPUSD,SELL,2018-02-27 14:00:00+00:00,,SYMBOL_ALREADY_HAS_OPEN_POSITION
REJECTED,EURUSD,SELL,2018-02-27 15:00:00+00:00,,SYMBOL_ALREADY_HAS_OPEN_POSITION
REJECTED,GBPUSD,SELL,2018-02-27 15:00:00+00:00,,SYMBOL_ALREADY_HAS_OPEN_POSITION
REJECTED,EURUSD,SELL,2018-02-28 02:00:00+00:00,,SYMBOL_ALREADY_HAS_OPEN_POSITION
REJECTED,EURUSD,SELL,2018-02-28 08:00:00+00:00,,SYMBOL_ALREADY_HAS_OPEN_POSITION
REJECTED,GBPUSD,SELL,2018-02-28 11:00:00+00:00,,SYMBOL_ALREADY_HAS_OPEN_POSITION
REJECTED,GBPUSD,SELL,2018-02-28 12:00:00+00:00,,SYMBOL_ALREADY_HAS_OPEN_POSITION
REJECTED,EURUSD,SELL,2018-02-28 15:00:00+00:00,,SYMBOL_ALREADY_HAS_OPEN_POSITION
REJECTED,GBPUSD,SELL,2018-02-28 15:00:00+00:00,,SYMBOL_ALREADY_HAS_OPEN_POSITION
REJECTED,GBPUSD,SELL,2018-02-28 19:00:00+00:00,,SYMBOL_ALREADY_HAS_OPEN_POSITION
REJECTED,GBPUSD,SELL,2018-02-28 20:00:00+00:00,,SYMBOL_ALREADY_HAS_OPEN_POSITION
REJECTED,GBPUSD,SELL,2018-02-28 21:00:00+00:00,,SYMBOL_ALREADY_HAS_OPEN_POSITION
REJECTED,EURUSD,SELL,2018-03-01 09:00:00+00:00,,CORRELATED_OR_PORTFOLIO_RISK_CAP
REJECTED,GBPUSD,SELL,2018-03-01 09:00:00+00:00,,SYMBOL_ALREADY_HAS_OPEN_POSITION
REJECTED,EURUSD,SELL,2018-03-01 12:00:00+00:00,,CORRELATED_OR_PORTFOLIO_RISK_CAP
REJECTED,EURUSD,BUY,2018-03-01 19:00:00+00:00,,SYMBOL_ALREADY_HAS_OPEN_POSITION
REJECTED,EURUSD,BUY,2018-03-01 20:00:00+00:00,,SYMBOL_ALREADY_HAS_OPEN_POSITION
REJECTED,EURUSD,BUY,2018-03-01 22:00:00+00:00,,SYMBOL_ALREADY_HAS_OPEN_POSITION
REJECTED,GBPUSD,BUY,2018-03-02 01:00:00+00:00,,CORRELATED_OR_PORTFOLIO_RISK_CAP
REJECTED,EURUSD,BUY,2018-03-02 10:00:00+00:00,,SYMBOL_ALREADY_HAS_OPEN_POSITION
REJECTED,EURUSD,BUY,2018-03-02 11:00:00+00:00,,SYMBOL_ALREADY_HAS_OPEN_POSITION
REJECTED,EURUSD,BUY,2018-03-04 22:00:00+00:00,,SYMBOL_ALREADY_HAS_OPEN_POSITION
REJECTED,EURUSD,BUY,2018-03-06 11:00:00+00:00,,SYMBOL_ALREADY_HAS_OPEN_POSITION
REJECTED,GBPUSD,BUY,2018-03-06 11:00:00+00:00,,CORRELATED_OR_PORTFOLIO_RISK_CAP
REJECTED,EURUSD,BUY,2018-03-06 12:00:00+00:00,,SYMBOL_ALREADY_HAS_OPEN_POSITION
REJECTED,GBPUSD,BUY,2018-03-06 12:00:00+00:00,,CORRELATED_OR_PORTFOLIO_RISK_CAP
REJECTED,EURUSD,BUY,2018-03-06 16:00:00+00:00,,SYMBOL_ALREADY_HAS_OPEN_POSITION
REJECTED,EURUSD,BUY,2018-03-06 22:00:00+00:00,,SYMBOL_ALREADY_HAS_OPEN_POSITION
REJECTED,EURUSD,BUY,2018-03-07 10:00:00+00:00,,SYMBOL_ALREADY_HAS_OPEN_POSITION
REJECTED,EURUSD,SELL,2018-03-08 15:00:00+00:00,,SYMBOL_ALREADY_HAS_OPEN_POSITION
REJECTED,GBPUSD,SELL,2018-03-08 15:00:00+00:00,,CORRELATED_OR_PORTFOLIO_RISK_CAP
REJECTED,EURUSD,SELL,2018-03-08 16:00:00+00:00,,SYMBOL_ALREADY_HAS_OPEN_POSITION
REJECTED,GBPUSD,SELL,2018-03-08 16:00:00+00:00,,CORRELATED_OR_PORTFOLIO_RISK_CAP
REJECTED,GBPUSD,SELL,2018-03-08 19:00:00+00:00,,CORRELATED_OR_PORTFOLIO_RISK_CAP
REJECTED,GBPUSD,BUY,2018-03-09 14:00:00+00:00,,SYMBOL_ALREADY_HAS_OPEN_POSITION
REJECTED,GBPUSD,BUY,2018-03-09 15:00:00+00:00,,SYMBOL_ALREADY_HAS_OPEN_POSITION
REJECTED,EURUSD,BUY,2018-03-12 08:00:00+00:00,,CORRELATED_OR_PORTFOLIO_RISK_CAP
REJECTED,GBPUSD,BUY,2018-03-12 13:00:00+00:00,,SYMBOL_ALREADY_HAS_OPEN_POSITION
REJECTED,GBPUSD,BUY,2018-03-12 14:00:00+00:00,,SYMBOL_ALREADY_HAS_OPEN_POSITION
REJECTED,GBPUSD,BUY,2018-03-12 19:00:00+00:00,,SYMBOL_ALREADY_HAS_OPEN_POSITION
REJECTED,EURUSD,BUY,2018-03-13 16:00:00+00:00,,SYMBOL_ALREADY_HAS_OPEN_POSITION
REJECTED,GBPUSD,BUY,2018-03-13 16:00:00+00:00,,SYMBOL_ALREADY_HAS_OPEN_POSITION
REJECTED,EURUSD,BUY,2018-03-13 17:00:00+00:00,,SYMBOL_ALREADY_HAS_OPEN_POSITION
REJECTED,GBPUSD,BUY,2018-03-13 17:00:00+00:00,,SYMBOL_ALREADY_HAS_OPEN_POSITION
REJECTED,EURUSD,BUY,2018-03-14 03:00:00+00:00,,SYMBOL_ALREADY_HAS_OPEN_POSITION
REJECTED,EURUSD,SELL,2018-03-15 14:00:00+00:00,,SYMBOL_ALREADY_HAS_OPEN_POSITION
REJECTED,EURUSD,SELL,2018-03-15 16:00:00+00:00,,SYMBOL_ALREADY_HAS_OPEN_POSITION
REJECTED,EURUSD,SELL,2018-03-15 17:00:00+00:00,,SYMBOL_ALREADY_HAS_OPEN_POSITION
REJECTED,EURUSD,SELL,2018-03-15 19:00:00+00:00,,SYMBOL_ALREADY_HAS_OPEN_POSITION
REJECTED,EURUSD,SELL,2018-03-15 20:00:00+00:00,,SYMBOL_ALREADY_HAS_OPEN_POSITION
REJECTED,EURUSD,SELL,2018-03-16 15:00:00+00:00,,SYMBOL_ALREADY_HAS_OPEN_POSITION
REJECTED,GBPUSD,SELL,2018-03-16 15:00:00+00:00,,CORRELATED_OR_PORTFOLIO_RISK_CAP
REJECTED,GBPUSD,BUY,2018-03-19 11:00:00+00:00,,SYMBOL_ALREADY_HAS_OPEN_POSITION
REJECTED,EURUSD,BUY,2018-03-19 13:00:00+00:00,,CORRELATED_OR_PORTFOLIO_RISK_CAP
REJECTED,GBPUSD,BUY,2018-03-19 13:00:00+00:00,,SYMBOL_ALREADY_HAS_OPEN_POSITION
REJECTED,EURUSD,BUY,2018-03-19 16:00:00+00:00,,CORRELATED_OR_PORTFOLIO_RISK_CAP
REJECTED,EURUSD,BUY,2018-03-19 17:00:00+00:00,,CORRELATED_OR_PORTFOLIO_RISK_CAP
REJECTED,EURUSD,BUY,2018-03-19 18:00:00+00:00,,CORRELATED_OR_PORTFOLIO_RISK_CAP
REJECTED,EURUSD,BUY,2018-03-19 19:00:00+00:00,,CORRELATED_OR_PORTFOLIO_RISK_CAP
REJECTED,EURUSD,SELL,2018-03-20 13:00:00+00:00,,SYMBOL_ALREADY_HAS_OPEN_POSITION
REJECTED,GBPUSD,SELL,2018-03-20 13:00:00+00:00,,SYMBOL_ALREADY_HAS_OPEN_POSITION
REJECTED,EURUSD,SELL,2018-03-20 14:00:00+00:00,,SYMBOL_ALREADY_HAS_OPEN_POSITION
REJECTED,EURUSD,SELL,2018-03-20 17:00:00+00:00,,SYMBOL_ALREADY_HAS_OPEN_POSITION
REJECTED,EURUSD,SELL,2018-03-20 21:00:00+00:00,,SYMBOL_ALREADY_HAS_OPEN_POSITION
REJECTED,GBPUSD,BUY,2018-03-21 09:00:00+00:00,,SYMBOL_ALREADY_HAS_OPEN_POSITION
REJECTED,GBPUSD,BUY,2018-03-21 10:00:00+00:00,,SYMBOL_ALREADY_HAS_OPEN_POSITION
REJECTED,EURUSD,BUY,2018-03-21 19:00:00+00:00,,CORRELATED_OR_PORTFOLIO_RISK_CAP
REJECTED,GBPUSD,BUY,2018-03-21 19:00:00+00:00,,SYMBOL_ALREADY_HAS_OPEN_POSITION
REJECTED,EURUSD,BUY,2018-03-21 20:00:00+00:00,,CORRELATED_OR_PORTFOLIO_RISK_CAP
REJECTED,GBPUSD,BUY,2018-03-21 20:00:00+00:00,,SYMBOL_ALREADY_HAS_OPEN_POSITION
REJECTED,EURUSD,BUY,2018-03-22 01:00:00+00:00,,CORRELATED_OR_PORTFOLIO_RISK_CAP
REJECTED,GBPUSD,BUY,2018-03-22 01:00:00+00:00,,SYMBOL_ALREADY_HAS_OPEN_POSITION
REJECTED,EURUSD,BUY,2018-03-22 08:00:00+00:00,,CORRELATED_OR_PORTFOLIO_RISK_CAP
REJECTED,GBPUSD,BUY,2018-03-23 15:00:00+00:00,,SYMBOL_ALREADY_HAS_OPEN_POSITION
REJECTED,EURUSD,BUY,2018-03-23 17:00:00+00:00,,SYMBOL_ALREADY_HAS_OPEN_POSITION
REJECTED,EURUSD,BUY,2018-03-26 08:00:00+00:00,,SYMBOL_ALREADY_HAS_OPEN_POSITION
REJECTED,GBPUSD,BUY,2018-03-26 08:00:00+00:00,,SYMBOL_ALREADY_HAS_OPEN_POSITION
REJECTED,GBPUSD,BUY,2018-03-26 09:00:00+00:00,,SYMBOL_ALREADY_HAS_OPEN_POSITION
REJECTED,EURUSD,BUY,2018-03-26 10:00:00+00:00,,SYMBOL_ALREADY_HAS_OPEN_POSITION
REJECTED,GBPUSD,BUY,2018-03-26 10:00:00+00:00,,SYMBOL_ALREADY_HAS_OPEN_POSITION
REJECTED,GBPUSD,BUY,2018-03-26 11:00:00+00:00,,SYMBOL_ALREADY_HAS_OPEN_POSITION
REJECTED,EURUSD,BUY,2018-03-26 14:00:00+00:00,,SYMBOL_ALREADY_HAS_OPEN_POSITION
REJECTED,EURUSD,BUY,2018-03-26 15:00:00+00:00,,SYMBOL_ALREADY_HAS_OPEN_POSITION
REJECTED,GBPUSD,BUY,2018-03-26 16:00:00+00:00,,SYMBOL_ALREADY_HAS_OPEN_POSITION
REJECTED,EURUSD,BUY,2018-03-26 18:00:00+00:00,,SYMBOL_ALREADY_HAS_OPEN_POSITION
REJECTED,EURUSD,BUY,2018-03-27 07:00:00+00:00,,SYMBOL_ALREADY_HAS_OPEN_POSITION
REJECTED,GBPUSD,SELL,2018-03-27 08:00:00+00:00,,CORRELATED_OR_PORTFOLIO_RISK_CAP
REJECTED,GBPUSD,SELL,2018-03-27 10:00:00+00:00,,SYMBOL_ALREADY_HAS_OPEN_POSITION
REJECTED,EURUSD,SELL,2018-03-27 11:00:00+00:00,,CORRELATED_OR_PORTFOLIO_RISK_CAP
REJECTED,GBPUSD,SELL,2018-03-27 11:00:00+00:00,,SYMBOL_ALREADY_HAS_OPEN_POSITION
REJECTED,EURUSD,SELL,2018-03-27 12:00:00+00:00,,CORRELATED_OR_PORTFOLIO_RISK_CAP
REJECTED,GBPUSD,SELL,2018-03-27 12:00:00+00:00,,SYMBOL_ALREADY_HAS_OPEN_POSITION
REJECTED,EURUSD,SELL,2018-03-27 13:00:00+00:00,,CORRELATED_OR_PORTFOLIO_RISK_CAP
REJECTED,GBPUSD,BUY,2018-03-28 06:00:00+00:00,,SYMBOL_ALREADY_HAS_OPEN_POSITION
REJECTED,EURUSD,SELL,2018-03-28 18:00:00+00:00,,SYMBOL_ALREADY_HAS_OPEN_POSITION
REJECTED,GBPUSD,SELL,2018-03-28 18:00:00+00:00,,SYMBOL_ALREADY_HAS_OPEN_POSITION
REJECTED,EURUSD,SELL,2018-03-28 19:00:00+00:00,,SYMBOL_ALREADY_HAS_OPEN_POSITION
REJECTED,GBPUSD,SELL,2018-03-29 01:00:00+00:00,,SYMBOL_ALREADY_HAS_OPEN_POSITION
REJECTED,GBPUSD,SELL,2018-03-29 08:00:00+00:00,,SYMBOL_ALREADY_HAS_OPEN_POSITION
REJECTED,GBPUSD,SELL,2018-03-29 15:00:00+00:00,,SYMBOL_ALREADY_HAS_OPEN_POSITION
REJECTED,EURUSD,SELL,2018-03-29 16:00:00+00:00,,CORRELATED_OR_PORTFOLIO_RISK_CAP
REJECTED,GBPUSD,SELL,2018-03-29 16:00:00+00:00,,SYMBOL_ALREADY_HAS_OPEN_POSITION
REJECTED,GBPUSD,SELL,2018-03-29 17:00:00+00:00,,SYMBOL_ALREADY_HAS_OPEN_POSITION
REJECTED,EURUSD,BUY,2018-04-02 12:00:00+00:00,,SYMBOL_ALREADY_HAS_OPEN_POSITION
REJECTED,GBPUSD,BUY,2018-04-02 12:00:00+00:00,,SYMBOL_ALREADY_HAS_OPEN_POSITION
REJECTED,EURUSD,SELL,2018-04-05 08:00:00+00:00,,SYMBOL_ALREADY_HAS_OPEN_POSITION
REJECTED,GBPUSD,SELL,2018-04-05 12:00:00+00:00,,CORRELATED_OR_PORTFOLIO_RISK_CAP
REJECTED,GBPUSD,SELL,2018-04-05 13:00:00+00:00,,CORRELATED_OR_PORTFOLIO_RISK_CAP
REJECTED,EURUSD,SELL,2018-04-05 15:00:00+00:00,,SYMBOL_ALREADY_HAS_OPEN_POSITION
REJECTED,GBPUSD,SELL,2018-04-05 15:00:00+00:00,,CORRELATED_OR_PORTFOLIO_RISK_CAP
REJECTED,EURUSD,BUY,2018-04-06 14:00:00+00:00,,CORRELATED_OR_PORTFOLIO_RISK_CAP
REJECTED,GBPUSD,BUY,2018-04-06 14:00:00+00:00,,SYMBOL_ALREADY_HAS_OPEN_POSITION
REJECTED,GBPUSD,BUY,2018-04-06 15:00:00+00:00,,SYMBOL_ALREADY_HAS_OPEN_POSITION
REJECTED,EURUSD,BUY,2018-04-06 18:00:00+00:00,,CORRELATED_OR_PORTFOLIO_RISK_CAP
REJECTED,EURUSD,BUY,2018-04-06 19:00:00+00:00,,CORRELATED_OR_PORTFOLIO_RISK_CAP
REJECTED,GBPUSD,BUY,2018-04-09 12:00:00+00:00,,SYMBOL_ALREADY_HAS_OPEN_POSITION
REJECTED,EURUSD,BUY,2018-04-09 13:00:00+00:00,,CORRELATED_OR_PORTFOLIO_RISK_CAP
REJECTED,GBPUSD,BUY,2018-04-09 13:00:00+00:00,,SYMBOL_ALREADY_HAS_OPEN_POSITION
REJECTED,EURUSD,BUY,2018-04-09 14:00:00+00:00,,CORRELATED_OR_PORTFOLIO_RISK_CAP
REJECTED,GBPUSD,BUY,2018-04-09 14:00:00+00:00,,SYMBOL_ALREADY_HAS_OPEN_POSITION
REJECTED,GBPUSD,BUY,2018-04-10 10:00:00+00:00,,SYMBOL_ALREADY_HAS_OPEN_POSITION
REJECTED,EURUSD,BUY,2018-04-10 12:00:00+00:00,,CORRELATED_OR_PORTFOLIO_RISK_CAP
REJECTED,GBPUSD,BUY,2018-04-11 07:00:00+00:00,,SYMBOL_ALREADY_HAS_OPEN_POSITION
REJECTED,EURUSD,SELL,2018-04-12 10:00:00+00:00,,SYMBOL_ALREADY_HAS_OPEN_POSITION
REJECTED,EURUSD,SELL,2018-04-12 12:00:00+00:00,,SYMBOL_ALREADY_HAS_OPEN_POSITION
REJECTED,EURUSD,SELL,2018-04-12 13:00:00+00:00,,SYMBOL_ALREADY_HAS_OPEN_POSITION
REJECTED,EURUSD,SELL,2018-04-12 14:00:00+00:00,,SYMBOL_ALREADY_HAS_OPEN_POSITION
REJECTED,GBPUSD,BUY,2018-04-12 16:00:00+00:00,,SYMBOL_ALREADY_HAS_OPEN_POSITION
REJECTED,GBPUSD,BUY,2018-04-13 07:00:00+00:00,,SYMBOL_ALREADY_HAS_OPEN_POSITION
REJECTED,GBPUSD,BUY,2018-04-13 08:00:00+00:00,,SYMBOL_ALREADY_HAS_OPEN_POSITION
REJECTED,GBPUSD,BUY,2018-04-13 09:00:00+00:00,,SYMBOL_ALREADY_HAS_OPEN_POSITION
REJECTED,EURUSD,BUY,2018-04-16 09:00:00+00:00,,SYMBOL_ALREADY_HAS_OPEN_POSITION
REJECTED,GBPUSD,BUY,2018-04-16 09:00:00+00:00,,CORRELATED_OR_PORTFOLIO_RISK_CAP
REJECTED,GBPUSD,BUY,2018-04-16 10:00:00+00:00,,CORRELATED_OR_PORTFOLIO_RISK_CAP
REJECTED,EURUSD,BUY,2018-04-16 13:00:00+00:00,,SYMBOL_ALREADY_HAS_OPEN_POSITION
REJECTED,EURUSD,BUY,2018-04-16 14:00:00+00:00,,SYMBOL_ALREADY_HAS_OPEN_POSITION
REJECTED,GBPUSD,BUY,2018-04-16 14:00:00+00:00,,CORRELATED_OR_PORTFOLIO_RISK_CAP
REJECTED,EURUSD,BUY,2018-04-17 07:00:00+00:00,,SYMBOL_ALREADY_HAS_OPEN_POSITION
REJECTED,GBPUSD,BUY,2018-04-17 07:00:00+00:00,,CORRELATED_OR_PORTFOLIO_RISK_CAP
REJECTED,GBPUSD,SELL,2018-04-17 16:00:00+00:00,,SYMBOL_ALREADY_HAS_OPEN_POSITION
REJECTED,GBPUSD,SELL,2018-04-17 17:00:00+00:00,,SYMBOL_ALREADY_HAS_OPEN_POSITION
REJECTED,GBPUSD,SELL,2018-04-18 09:00:00+00:00,,SYMBOL_ALREADY_HAS_OPEN_POSITION
REJECTED,GBPUSD,SELL,2018-04-19 09:00:00+00:00,,SYMBOL_ALREADY_HAS_OPEN_POSITION
REJECTED,GBPUSD,SELL,2018-04-19 19:00:00+00:00,,SYMBOL_ALREADY_HAS_OPEN_POSITION
REJECTED,GBPUSD,SELL,2018-04-20 06:00:00+00:00,,SYMBOL_ALREADY_HAS_OPEN_POSITION
REJECTED,GBPUSD,SELL,2018-04-20 07:00:00+00:00,,SYMBOL_ALREADY_HAS_OPEN_POSITION
REJECTED,EURUSD,SELL,2018-04-20 08:00:00+00:00,,SYMBOL_ALREADY_HAS_OPEN_POSITION
REJECTED,GBPUSD,SELL,2018-04-20 08:00:00+00:00,,SYMBOL_ALREADY_HAS_OPEN_POSITION
REJECTED,EURUSD,SELL,2018-04-20 09:00:00+00:00,,SYMBOL_ALREADY_HAS_OPEN_POSITION
REJECTED,EURUSD,SELL,2018-04-20 10:00:00+00:00,,SYMBOL_ALREADY_HAS_OPEN_POSITION
REJECTED,EURUSD,SELL,2018-04-20 13:00:00+00:00,,SYMBOL_ALREADY_HAS_OPEN_POSITION
REJECTED,EURUSD,SELL,2018-04-20 14:00:00+00:00,,SYMBOL_ALREADY_HAS_OPEN_POSITION
REJECTED,GBPUSD,SELL,2018-04-20 14:00:00+00:00,,SYMBOL_ALREADY_HAS_OPEN_POSITION
REJECTED,GBPUSD,SELL,2018-04-20 21:00:00+00:00,,SYMBOL_ALREADY_HAS_OPEN_POSITION
REJECTED,EURUSD,SELL,2018-04-23 09:00:00+00:00,,SYMBOL_ALREADY_HAS_OPEN_POSITION
REJECTED,EURUSD,SELL,2018-04-23 10:00:00+00:00,,SYMBOL_ALREADY_HAS_OPEN_POSITION
REJECTED,GBPUSD,SELL,2018-04-23 10:00:00+00:00,,SYMBOL_ALREADY_HAS_OPEN_POSITION
REJECTED,GBPUSD,SELL,2018-04-23 11:00:00+00:00,,SYMBOL_ALREADY_HAS_OPEN_POSITION
REJECTED,EURUSD,SELL,2018-04-23 14:00:00+00:00,,SYMBOL_ALREADY_HAS_OPEN_POSITION
REJECTED,EURUSD,SELL,2018-04-23 16:00:00+00:00,,SYMBOL_ALREADY_HAS_OPEN_POSITION
REJECTED,EURUSD,SELL,2018-04-23 18:00:00+00:00,,SYMBOL_ALREADY_HAS_OPEN_POSITION
REJECTED,GBPUSD,SELL,2018-04-23 18:00:00+00:00,,SYMBOL_ALREADY_HAS_OPEN_POSITION
REJECTED,EURUSD,BUY,2018-04-24 14:00:00+00:00,,CORRELATED_OR_PORTFOLIO_RISK_CAP
REJECTED,GBPUSD,BUY,2018-04-24 14:00:00+00:00,,SYMBOL_ALREADY_HAS_OPEN_POSITION
REJECTED,EURUSD,BUY,2018-04-24 17:00:00+00:00,,CORRELATED_OR_PORTFOLIO_RISK_CAP
REJECTED,GBPUSD,BUY,2018-04-25 00:00:00+00:00,,SYMBOL_ALREADY_HAS_OPEN_POSITION
REJECTED,EURUSD,SELL,2018-04-25 21:00:00+00:00,,SYMBOL_ALREADY_HAS_OPEN_POSITION
REJECTED,GBPUSD,SELL,2018-04-26 08:00:00+00:00,,CORRELATED_OR_PORTFOLIO_RISK_CAP
REJECTED,EURUSD,BUY,2018-04-26 13:00:00+00:00,,CORRELATED_OR_PORTFOLIO_RISK_CAP
REJECTED,GBPUSD,BUY,2018-04-26 13:00:00+00:00,,SYMBOL_ALREADY_HAS_OPEN_POSITION
REJECTED,EURUSD,SELL,2018-04-27 07:00:00+00:00,,SYMBOL_ALREADY_HAS_OPEN_POSITION
REJECTED,EURUSD,SELL,2018-04-27 08:00:00+00:00,,SYMBOL_ALREADY_HAS_OPEN_POSITION
REJECTED,GBPUSD,SELL,2018-04-27 08:00:00+00:00,,CORRELATED_OR_PORTFOLIO_RISK_CAP
REJECTED,GBPUSD,SELL,2018-04-27 09:00:00+00:00,,CORRELATED_OR_PORTFOLIO_RISK_CAP
REJECTED,GBPUSD,SELL,2018-04-27 10:00:00+00:00,,CORRELATED_OR_PORTFOLIO_RISK_CAP
REJECTED,GBPUSD,SELL,2018-04-27 11:00:00+00:00,,CORRELATED_OR_PORTFOLIO_RISK_CAP
REJECTED,GBPUSD,SELL,2018-04-27 12:00:00+00:00,,CORRELATED_OR_PORTFOLIO_RISK_CAP
REJECTED,EURUSD,BUY,2018-04-27 20:00:00+00:00,,SYMBOL_ALREADY_HAS_OPEN_POSITION
REJECTED,EURUSD,BUY,2018-04-30 02:00:00+00:00,,SYMBOL_ALREADY_HAS_OPEN_POSITION
REJECTED,EURUSD,BUY,2018-04-30 06:00:00+00:00,,SYMBOL_ALREADY_HAS_OPEN_POSITION
REJECTED,GBPUSD,SELL,2018-04-30 10:00:00+00:00,,SYMBOL_ALREADY_HAS_OPEN_POSITION
REJECTED,EURUSD,SELL,2018-04-30 14:00:00+00:00,,SYMBOL_ALREADY_HAS_OPEN_POSITION
REJECTED,EURUSD,SELL,2018-05-01 07:00:00+00:00,,SYMBOL_ALREADY_HAS_OPEN_POSITION
REJECTED,EURUSD,SELL,2018-05-01 09:00:00+00:00,,SYMBOL_ALREADY_HAS_OPEN_POSITION
REJECTED,GBPUSD,SELL,2018-05-01 09:00:00+00:00,,CORRELATED_OR_PORTFOLIO_RISK_CAP
REJECTED,EURUSD,SELL,2018-05-01 12:00:00+00:00,,SYMBOL_ALREADY_HAS_OPEN_POSITION
REJECTED,GBPUSD,SELL,2018-05-01 13:00:00+00:00,,CORRELATED_OR_PORTFOLIO_RISK_CAP
REJECTED,EURUSD,SELL,2018-05-01 14:00:00+00:00,,SYMBOL_ALREADY_HAS_OPEN_POSITION
REJECTED,GBPUSD,SELL,2018-05-01 14:00:00+00:00,,CORRELATED_OR_PORTFOLIO_RISK_CAP
REJECTED,EURUSD,SELL,2018-05-01 15:00:00+00:00,,SYMBOL_ALREADY_HAS_OPEN_POSITION
REJECTED,GBPUSD,SELL,2018-05-01 15:00:00+00:00,,CORRELATED_OR_PORTFOLIO_RISK_CAP
REJECTED,EURUSD,SELL,2018-05-02 15:00:00+00:00,,SYMBOL_ALREADY_HAS_OPEN_POSITION
REJECTED,EURUSD,SELL,2018-05-04 14:00:00+00:00,,CORRELATED_OR_PORTFOLIO_RISK_CAP
REJECTED,GBPUSD,SELL,2018-05-04 14:00:00+00:00,,SYMBOL_ALREADY_HAS_OPEN_POSITION
REJECTED,EURUSD,SELL,2018-05-07 12:00:00+00:00,,SYMBOL_ALREADY_HAS_OPEN_POSITION
REJECTED,GBPUSD,BUY,2018-05-08 01:00:00+00:00,,SYMBOL_ALREADY_HAS_OPEN_POSITION
REJECTED,EURUSD,SELL,2018-05-08 09:00:00+00:00,,SYMBOL_ALREADY_HAS_OPEN_POSITION
REJECTED,GBPUSD,SELL,2018-05-08 09:00:00+00:00,,CORRELATED_OR_PORTFOLIO_RISK_CAP
REJECTED,EURUSD,SELL,2018-05-08 10:00:00+00:00,,SYMBOL_ALREADY_HAS_OPEN_POSITION
REJECTED,EURUSD,SELL,2018-05-08 14:00:00+00:00,,SYMBOL_ALREADY_HAS_OPEN_POSITION
REJECTED,EURUSD,SELL,2018-05-09 07:00:00+00:00,,SYMBOL_ALREADY_HAS_OPEN_POSITION
REJECTED,GBPUSD,BUY,2018-05-09 12:00:00+00:00,,SYMBOL_ALREADY_HAS_OPEN_POSITION
REJECTED,EURUSD,BUY,2018-05-10 13:00:00+00:00,,SYMBOL_ALREADY_HAS_OPEN_POSITION
REJECTED,EURUSD,BUY,2018-05-11 13:00:00+00:00,,SYMBOL_ALREADY_HAS_OPEN_POSITION
REJECTED,EURUSD,BUY,2018-05-11 14:00:00+00:00,,SYMBOL_ALREADY_HAS_OPEN_POSITION
REJECTED,EURUSD,BUY,2018-05-14 08:00:00+00:00,,SYMBOL_ALREADY_HAS_OPEN_POSITION
REJECTED,EURUSD,BUY,2018-05-14 09:00:00+00:00,,SYMBOL_ALREADY_HAS_OPEN_POSITION
REJECTED,EURUSD,BUY,2018-05-14 14:00:00+00:00,,SYMBOL_ALREADY_HAS_OPEN_POSITION
REJECTED,EURUSD,SELL,2018-05-15 05:00:00+00:00,,SYMBOL_ALREADY_HAS_OPEN_POSITION
REJECTED,GBPUSD,SELL,2018-05-15 05:00:00+00:00,,CORRELATED_OR_PORTFOLIO_RISK_CAP
REJECTED,GBPUSD,SELL,2018-05-15 08:00:00+00:00,,CORRELATED_OR_PORTFOLIO_RISK_CAP
REJECTED,EURUSD,SELL,2018-05-15 12:00:00+00:00,,SYMBOL_ALREADY_HAS_OPEN_POSITION
REJECTED,GBPUSD,SELL,2018-05-15 12:00:00+00:00,,CORRELATED_OR_PORTFOLIO_RISK_CAP
REJECTED,EURUSD,SELL,2018-05-15 13:00:00+00:00,,SYMBOL_ALREADY_HAS_OPEN_POSITION
REJECTED,GBPUSD,SELL,2018-05-15 13:00:00+00:00,,CORRELATED_OR_PORTFOLIO_RISK_CAP
REJECTED,EURUSD,SELL,2018-05-15 14:00:00+00:00,,SYMBOL_ALREADY_HAS_OPEN_POSITION
REJECTED,GBPUSD,SELL,2018-05-15 14:00:00+00:00,,CORRELATED_OR_PORTFOLIO_RISK_CAP
REJECTED,EURUSD,SELL,2018-05-15 23:00:00+00:00,,SYMBOL_ALREADY_HAS_OPEN_POSITION
REJECTED,EURUSD,SELL,2018-05-16 11:00:00+00:00,,SYMBOL_ALREADY_HAS_OPEN_POSITION
REJECTED,GBPUSD,SELL,2018-05-16 13:00:00+00:00,,CORRELATED_OR_PORTFOLIO_RISK_CAP
REJECTED,GBPUSD,BUY,2018-05-17 00:00:00+00:00,,SYMBOL_ALREADY_HAS_OPEN_POSITION
REJECTED,GBPUSD,BUY,2018-05-17 03:00:00+00:00,,SYMBOL_ALREADY_HAS_OPEN_POSITION
REJECTED,EURUSD,SELL,2018-05-18 13:00:00+00:00,,SYMBOL_ALREADY_HAS_OPEN_POSITION
REJECTED,EURUSD,SELL,2018-05-18 14:00:00+00:00,,SYMBOL_ALREADY_HAS_OPEN_POSITION
REJECTED,GBPUSD,SELL,2018-05-18 14:00:00+00:00,,CORRELATED_OR_PORTFOLIO_RISK_CAP
REJECTED,EURUSD,SELL,2018-05-21 01:00:00+00:00,,SYMBOL_ALREADY_HAS_OPEN_POSITION
REJECTED,GBPUSD,SELL,2018-05-21 03:00:00+00:00,,CORRELATED_OR_PORTFOLIO_RISK_CAP
REJECTED,EURUSD,SELL,2018-05-21 07:00:00+00:00,,SYMBOL_ALREADY_HAS_OPEN_POSITION
REJECTED,GBPUSD,SELL,2018-05-21 07:00:00+00:00,,CORRELATED_OR_PORTFOLIO_RISK_CAP
REJECTED,EURUSD,SELL,2018-05-21 08:00:00+00:00,,SYMBOL_ALREADY_HAS_OPEN_POSITION
REJECTED,GBPUSD,SELL,2018-05-21 08:00:00+00:00,,CORRELATED_OR_PORTFOLIO_RISK_CAP
REJECTED,EURUSD,BUY,2018-05-21 21:00:00+00:00,,SYMBOL_ALREADY_HAS_OPEN_POSITION
REJECTED,GBPUSD,BUY,2018-05-22 09:00:00+00:00,,SYMBOL_ALREADY_HAS_OPEN_POSITION
REJECTED,GBPUSD,SELL,2018-05-23 07:00:00+00:00,,SYMBOL_ALREADY_HAS_OPEN_POSITION
REJECTED,EURUSD,SELL,2018-05-23 08:00:00+00:00,,SYMBOL_ALREADY_HAS_OPEN_POSITION
REJECTED,GBPUSD,SELL,2018-05-23 08:00:00+00:00,,SYMBOL_ALREADY_HAS_OPEN_POSITION
REJECTED,GBPUSD,SELL,2018-05-23 09:00:00+00:00,,SYMBOL_ALREADY_HAS_OPEN_POSITION
REJECTED,GBPUSD,SELL,2018-05-23 12:00:00+00:00,,SYMBOL_ALREADY_HAS_OPEN_POSITION
REJECTED,EURUSD,SELL,2018-05-23 18:00:00+00:00,,SYMBOL_ALREADY_HAS_OPEN_POSITION
REJECTED,EURUSD,BUY,2018-05-24 09:00:00+00:00,,SYMBOL_ALREADY_HAS_OPEN_POSITION
REJECTED,GBPUSD,BUY,2018-05-24 09:00:00+00:00,,CORRELATED_OR_PORTFOLIO_RISK_CAP
REJECTED,EURUSD,SELL,2018-05-25 08:00:00+00:00,,SYMBOL_ALREADY_HAS_OPEN_POSITION
REJECTED,GBPUSD,SELL,2018-05-25 08:00:00+00:00,,SYMBOL_ALREADY_HAS_OPEN_POSITION
REJECTED,EURUSD,SELL,2018-05-25 12:00:00+00:00,,CORRELATED_OR_PORTFOLIO_RISK_CAP
REJECTED,GBPUSD,SELL,2018-05-25 12:00:00+00:00,,SYMBOL_ALREADY_HAS_OPEN_POSITION
REJECTED,EURUSD,SELL,2018-05-25 14:00:00+00:00,,CORRELATED_OR_PORTFOLIO_RISK_CAP
REJECTED,GBPUSD,SELL,2018-05-25 14:00:00+00:00,,SYMBOL_ALREADY_HAS_OPEN_POSITION
REJECTED,EURUSD,SELL,2018-05-29 07:00:00+00:00,,SYMBOL_ALREADY_HAS_OPEN_POSITION
REJECTED,GBPUSD,SELL,2018-05-29 07:00:00+00:00,,CORRELATED_OR_PORTFOLIO_RISK_CAP
REJECTED,EURUSD,SELL,2018-05-29 08:00:00+00:00,,SYMBOL_ALREADY_HAS_OPEN_POSITION
REJECTED,GBPUSD,SELL,2018-05-29 08:00:00+00:00,,CORRELATED_OR_PORTFOLIO_RISK_CAP
REJECTED,EURUSD,SELL,2018-05-29 09:00:00+00:00,,SYMBOL_ALREADY_HAS_OPEN_POSITION
REJECTED,GBPUSD,SELL,2018-05-29 09:00:00+00:00,,CORRELATED_OR_PORTFOLIO_RISK_CAP
REJECTED,EURUSD,BUY,2018-05-30 10:00:00+00:00,,SYMBOL_ALREADY_HAS_OPEN_POSITION
REJECTED,EURUSD,BUY,2018-05-30 11:00:00+00:00,,SYMBOL_ALREADY_HAS_OPEN_POSITION
REJECTED,EURUSD,BUY,2018-05-30 12:00:00+00:00,,SYMBOL_ALREADY_HAS_OPEN_POSITION
REJECTED,EURUSD,BUY,2018-05-30 16:00:00+00:00,,SYMBOL_ALREADY_HAS_OPEN_POSITION
REJECTED,EURUSD,BUY,2018-05-31 06:00:00+00:00,,SYMBOL_ALREADY_HAS_OPEN_POSITION
REJECTED,GBPUSD,BUY,2018-05-31 06:00:00+00:00,,CORRELATED_OR_PORTFOLIO_RISK_CAP
REJECTED,EURUSD,BUY,2018-05-31 08:00:00+00:00,,SYMBOL_ALREADY_HAS_OPEN_POSITION
REJECTED,GBPUSD,BUY,2018-05-31 08:00:00+00:00,,CORRELATED_OR_PORTFOLIO_RISK_CAP
REJECTED,EURUSD,BUY,2018-05-31 09:00:00+00:00,,SYMBOL_ALREADY_HAS_OPEN_POSITION
REJECTED,GBPUSD,SELL,2018-06-01 04:00:00+00:00,,SYMBOL_ALREADY_HAS_OPEN_POSITION
REJECTED,GBPUSD,BUY,2018-06-04 01:00:00+00:00,,SYMBOL_ALREADY_HAS_OPEN_POSITION
REJECTED,GBPUSD,BUY,2018-06-04 02:00:00+00:00,,SYMBOL_ALREADY_HAS_OPEN_POSITION
REJECTED,EURUSD,BUY,2018-06-04 10:00:00+00:00,,CORRELATED_OR_PORTFOLIO_RISK_CAP
REJECTED,GBPUSD,BUY,2018-06-04 10:00:00+00:00,,SYMBOL_ALREADY_HAS_OPEN_POSITION
REJECTED,EURUSD,BUY,2018-06-04 12:00:00+00:00,,CORRELATED_OR_PORTFOLIO_RISK_CAP
REJECTED,GBPUSD,SELL,2018-06-04 16:00:00+00:00,,SYMBOL_ALREADY_HAS_OPEN_POSITION
REJECTED,EURUSD,BUY,2018-06-06 08:00:00+00:00,,SYMBOL_ALREADY_HAS_OPEN_POSITION
REJECTED,EURUSD,BUY,2018-06-06 14:00:00+00:00,,SYMBOL_ALREADY_HAS_OPEN_POSITION
REJECTED,EURUSD,BUY,2018-06-07 06:00:00+00:00,,SYMBOL_ALREADY_HAS_OPEN_POSITION
REJECTED,EURUSD,BUY,2018-06-07 07:00:00+00:00,,SYMBOL_ALREADY_HAS_OPEN_POSITION
REJECTED,EURUSD,BUY,2018-06-07 08:00:00+00:00,,SYMBOL_ALREADY_HAS_OPEN_POSITION
REJECTED,GBPUSD,BUY,2018-06-07 08:00:00+00:00,,SYMBOL_ALREADY_HAS_OPEN_POSITION
REJECTED,GBPUSD,SELL,2018-06-07 12:00:00+00:00,,CORRELATED_OR_PORTFOLIO_RISK_CAP
REJECTED,EURUSD,SELL,2018-06-08 09:00:00+00:00,,SYMBOL_ALREADY_HAS_OPEN_POSITION
REJECTED,EURUSD,SELL,2018-06-08 11:00:00+00:00,,SYMBOL_ALREADY_HAS_OPEN_POSITION
REJECTED,GBPUSD,SELL,2018-06-08 13:00:00+00:00,,CORRELATED_OR_PORTFOLIO_RISK_CAP
REJECTED,EURUSD,SELL,2018-06-12 01:00:00+00:00,,SYMBOL_ALREADY_HAS_OPEN_POSITION
REJECTED,GBPUSD,SELL,2018-06-13 09:00:00+00:00,,SYMBOL_ALREADY_HAS_OPEN_POSITION
REJECTED,EURUSD,BUY,2018-06-13 17:00:00+00:00,,SYMBOL_ALREADY_HAS_OPEN_POSITION
REJECTED,GBPUSD,BUY,2018-06-13 17:00:00+00:00,,SYMBOL_ALREADY_HAS_OPEN_POSITION
REJECTED,EURUSD,BUY,2018-06-14 07:00:00+00:00,,SYMBOL_ALREADY_HAS_OPEN_POSITION
REJECTED,GBPUSD,BUY,2018-06-14 07:00:00+00:00,,SYMBOL_ALREADY_HAS_OPEN_POSITION
REJECTED,EURUSD,BUY,2018-06-14 08:00:00+00:00,,SYMBOL_ALREADY_HAS_OPEN_POSITION
REJECTED,EURUSD,BUY,2018-06-14 09:00:00+00:00,,SYMBOL_ALREADY_HAS_OPEN_POSITION
REJECTED,GBPUSD,BUY,2018-06-14 09:00:00+00:00,,SYMBOL_ALREADY_HAS_OPEN_POSITION
REJECTED,EURUSD,SELL,2018-06-14 14:00:00+00:00,,SYMBOL_ALREADY_HAS_OPEN_POSITION
REJECTED,EURUSD,SELL,2018-06-14 15:00:00+00:00,,SYMBOL_ALREADY_HAS_OPEN_POSITION
REJECTED,GBPUSD,SELL,2018-06-14 17:00:00+00:00,,CORRELATED_OR_PORTFOLIO_RISK_CAP
REJECTED,EURUSD,SELL,2018-06-14 18:00:00+00:00,,SYMBOL_ALREADY_HAS_OPEN_POSITION
REJECTED,EURUSD,SELL,2018-06-14 19:00:00+00:00,,SYMBOL_ALREADY_HAS_OPEN_POSITION
REJECTED,EURUSD,SELL,2018-06-14 20:00:00+00:00,,SYMBOL_ALREADY_HAS_OPEN_POSITION
REJECTED,EURUSD,SELL,2018-06-14 21:00:00+00:00,,SYMBOL_ALREADY_HAS_OPEN_POSITION
REJECTED,GBPUSD,SELL,2018-06-15 00:00:00+00:00,,CORRELATED_OR_PORTFOLIO_RISK_CAP
REJECTED,EURUSD,SELL,2018-06-15 01:00:00+00:00,,SYMBOL_ALREADY_HAS_OPEN_POSITION
REJECTED,GBPUSD,SELL,2018-06-15 01:00:00+00:00,,CORRELATED_OR_PORTFOLIO_RISK_CAP
REJECTED,GBPUSD,SELL,2018-06-15 06:00:00+00:00,,CORRELATED_OR_PORTFOLIO_RISK_CAP
REJECTED,EURUSD,SELL,2018-06-18 08:00:00+00:00,,CORRELATED_OR_PORTFOLIO_RISK_CAP
REJECTED,GBPUSD,SELL,2018-06-18 08:00:00+00:00,,SYMBOL_ALREADY_HAS_OPEN_POSITION
REJECTED,EURUSD,SELL,2018-06-19 08:00:00+00:00,,SYMBOL_ALREADY_HAS_OPEN_POSITION
REJECTED,GBPUSD,SELL,2018-06-19 08:00:00+00:00,,SYMBOL_ALREADY_HAS_OPEN_POSITION
REJECTED,EURUSD,SELL,2018-06-19 09:00:00+00:00,,SYMBOL_ALREADY_HAS_OPEN_POSITION
REJECTED,GBPUSD,SELL,2018-06-19 09:00:00+00:00,,SYMBOL_ALREADY_HAS_OPEN_POSITION
REJECTED,GBPUSD,BUY,2018-06-20 16:00:00+00:00,,SYMBOL_ALREADY_HAS_OPEN_POSITION
REJECTED,EURUSD,SELL,2018-06-21 07:00:00+00:00,,CORRELATED_OR_PORTFOLIO_RISK_CAP
REJECTED,GBPUSD,SELL,2018-06-21 07:00:00+00:00,,SYMBOL_ALREADY_HAS_OPEN_POSITION
REJECTED,EURUSD,SELL,2018-06-21 09:00:00+00:00,,CORRELATED_OR_PORTFOLIO_RISK_CAP
REJECTED,GBPUSD,SELL,2018-06-21 09:00:00+00:00,,SYMBOL_ALREADY_HAS_OPEN_POSITION
REJECTED,GBPUSD,BUY,2018-06-22 06:00:00+00:00,,SYMBOL_ALREADY_HAS_OPEN_POSITION
REJECTED,GBPUSD,BUY,2018-06-22 07:00:00+00:00,,SYMBOL_ALREADY_HAS_OPEN_POSITION
REJECTED,EURUSD,BUY,2018-06-22 08:00:00+00:00,,CORRELATED_OR_PORTFOLIO_RISK_CAP
REJECTED,GBPUSD,BUY,2018-06-22 09:00:00+00:00,,SYMBOL_ALREADY_HAS_OPEN_POSITION
REJECTED,EURUSD,BUY,2018-06-25 19:00:00+00:00,,SYMBOL_ALREADY_HAS_OPEN_POSITION
REJECTED,EURUSD,BUY,2018-06-26 03:00:00+00:00,,SYMBOL_ALREADY_HAS_OPEN_POSITION
REJECTED,EURUSD,SELL,2018-06-26 18:00:00+00:00,,SYMBOL_ALREADY_HAS_OPEN_POSITION
REJECTED,GBPUSD,SELL,2018-06-26 18:00:00+00:00,,SYMBOL_ALREADY_HAS_OPEN_POSITION
REJECTED,EURUSD,SELL,2018-06-27 13:00:00+00:00,,SYMBOL_ALREADY_HAS_OPEN_POSITION
REJECTED,GBPUSD,SELL,2018-06-27 13:00:00+00:00,,CORRELATED_OR_PORTFOLIO_RISK_CAP
REJECTED,GBPUSD,SELL,2018-06-27 15:00:00+00:00,,CORRELATED_OR_PORTFOLIO_RISK_CAP
REJECTED,EURUSD,SELL,2018-06-27 16:00:00+00:00,,SYMBOL_ALREADY_HAS_OPEN_POSITION
REJECTED,GBPUSD,SELL,2018-06-27 16:00:00+00:00,,CORRELATED_OR_PORTFOLIO_RISK_CAP
REJECTED,EURUSD,SELL,2018-06-27 18:00:00+00:00,,SYMBOL_ALREADY_HAS_OPEN_POSITION
REJECTED,EURUSD,SELL,2018-06-27 19:00:00+00:00,,SYMBOL_ALREADY_HAS_OPEN_POSITION
REJECTED,GBPUSD,SELL,2018-06-27 20:00:00+00:00,,CORRELATED_OR_PORTFOLIO_RISK_CAP
REJECTED,GBPUSD,SELL,2018-06-28 06:00:00+00:00,,CORRELATED_OR_PORTFOLIO_RISK_CAP
REJECTED,EURUSD,BUY,2018-06-29 05:00:00+00:00,,SYMBOL_ALREADY_HAS_OPEN_POSITION
REJECTED,GBPUSD,BUY,2018-06-29 09:00:00+00:00,,SYMBOL_ALREADY_HAS_OPEN_POSITION
REJECTED,EURUSD,BUY,2018-06-29 15:00:00+00:00,,SYMBOL_ALREADY_HAS_OPEN_POSITION
REJECTED,GBPUSD,BUY,2018-06-29 15:00:00+00:00,,SYMBOL_ALREADY_HAS_OPEN_POSITION
REJECTED,EURUSD,SELL,2018-07-02 13:00:00+00:00,,CORRELATED_OR_PORTFOLIO_RISK_CAP
REJECTED,GBPUSD,SELL,2018-07-02 13:00:00+00:00,,SYMBOL_ALREADY_HAS_OPEN_POSITION
REJECTED,EURUSD,SELL,2018-07-02 14:00:00+00:00,,CORRELATED_OR_PORTFOLIO_RISK_CAP
REJECTED,GBPUSD,BUY,2018-07-03 09:00:00+00:00,,SYMBOL_ALREADY_HAS_OPEN_POSITION
REJECTED,EURUSD,BUY,2018-07-04 02:00:00+00:00,,SYMBOL_ALREADY_HAS_OPEN_POSITION
REJECTED,GBPUSD,BUY,2018-07-04 02:00:00+00:00,,SYMBOL_ALREADY_HAS_OPEN_POSITION
REJECTED,EURUSD,BUY,2018-07-04 07:00:00+00:00,,SYMBOL_ALREADY_HAS_OPEN_POSITION
REJECTED,GBPUSD,BUY,2018-07-04 07:00:00+00:00,,SYMBOL_ALREADY_HAS_OPEN_POSITION
REJECTED,GBPUSD,BUY,2018-07-04 18:00:00+00:00,,SYMBOL_ALREADY_HAS_OPEN_POSITION
REJECTED,EURUSD,BUY,2018-07-05 06:00:00+00:00,,CORRELATED_OR_PORTFOLIO_RISK_CAP
REJECTED,EURUSD,BUY,2018-07-05 07:00:00+00:00,,CORRELATED_OR_PORTFOLIO_RISK_CAP
REJECTED,EURUSD,BUY,2018-07-05 13:00:00+00:00,,CORRELATED_OR_PORTFOLIO_RISK_CAP
REJECTED,EURUSD,BUY,2018-07-06 07:00:00+00:00,,CORRELATED_OR_PORTFOLIO_RISK_CAP
REJECTED,EURUSD,BUY,2018-07-06 13:00:00+00:00,,CORRELATED_OR_PORTFOLIO_RISK_CAP
REJECTED,GBPUSD,BUY,2018-07-06 14:00:00+00:00,,SYMBOL_ALREADY_HAS_OPEN_POSITION
REJECTED,GBPUSD,BUY,2018-07-06 15:00:00+00:00,,SYMBOL_ALREADY_HAS_OPEN_POSITION
REJECTED,GBPUSD,BUY,2018-07-06 21:00:00+00:00,,SYMBOL_ALREADY_HAS_OPEN_POSITION
REJECTED,GBPUSD,BUY,2018-07-08 22:00:00+00:00,,SYMBOL_ALREADY_HAS_OPEN_POSITION
REJECTED,EURUSD,BUY,2018-07-09 06:00:00+00:00,,CORRELATED_OR_PORTFOLIO_RISK_CAP
REJECTED,GBPUSD,BUY,2018-07-09 08:00:00+00:00,,SYMBOL_ALREADY_HAS_OPEN_POSITION
REJECTED,GBPUSD,BUY,2018-07-09 09:00:00+00:00,,SYMBOL_ALREADY_HAS_OPEN_POSITION
REJECTED,EURUSD,BUY,2018-07-09 12:00:00+00:00,,CORRELATED_OR_PORTFOLIO_RISK_CAP
REJECTED,GBPUSD,SELL,2018-07-09 16:00:00+00:00,,SYMBOL_ALREADY_HAS_OPEN_POSITION
REJECTED,EURUSD,SELL,2018-07-10 11:00:00+00:00,,SYMBOL_ALREADY_HAS_OPEN_POSITION
REJECTED,EURUSD,SELL,2018-07-11 10:00:00+00:00,,SYMBOL_ALREADY_HAS_OPEN_POSITION
REJECTED,EURUSD,SELL,2018-07-11 18:00:00+00:00,,CORRELATED_OR_PORTFOLIO_RISK_CAP
REJECTED,GBPUSD,SELL,2018-07-11 18:00:00+00:00,,SYMBOL_ALREADY_HAS_OPEN_POSITION
REJECTED,GBPUSD,SELL,2018-07-12 02:00:00+00:00,,SYMBOL_ALREADY_HAS_OPEN_POSITION
REJECTED,EURUSD,SELL,2018-07-12 12:00:00+00:00,,SYMBOL_ALREADY_HAS_OPEN_POSITION
REJECTED,EURUSD,SELL,2018-07-13 08:00:00+00:00,,SYMBOL_ALREADY_HAS_OPEN_POSITION
REJECTED,GBPUSD,SELL,2018-07-13 08:00:00+00:00,,SYMBOL_ALREADY_HAS_OPEN_POSITION
REJECTED,GBPUSD,BUY,2018-07-13 19:00:00+00:00,,SYMBOL_ALREADY_HAS_OPEN_POSITION
REJECTED,EURUSD,BUY,2018-07-16 06:00:00+00:00,,CORRELATED_OR_PORTFOLIO_RISK_CAP
REJECTED,GBPUSD,BUY,2018-07-16 06:00:00+00:00,,SYMBOL_ALREADY_HAS_OPEN_POSITION
REJECTED,GBPUSD,BUY,2018-07-16 10:00:00+00:00,,SYMBOL_ALREADY_HAS_OPEN_POSITION
REJECTED,EURUSD,BUY,2018-07-16 11:00:00+00:00,,CORRELATED_OR_PORTFOLIO_RISK_CAP
REJECTED,GBPUSD,BUY,2018-07-16 11:00:00+00:00,,SYMBOL_ALREADY_HAS_OPEN_POSITION
REJECTED,EURUSD,BUY,2018-07-17 07:00:00+00:00,,CORRELATED_OR_PORTFOLIO_RISK_CAP
REJECTED,EURUSD,BUY,2018-07-17 09:00:00+00:00,,CORRELATED_OR_PORTFOLIO_RISK_CAP
REJECTED,GBPUSD,SELL,2018-07-17 13:00:00+00:00,,SYMBOL_ALREADY_HAS_OPEN_POSITION
REJECTED,EURUSD,SELL,2018-07-17 14:00:00+00:00,,CORRELATED_OR_PORTFOLIO_RISK_CAP
REJECTED,EURUSD,SELL,2018-07-17 15:00:00+00:00,,CORRELATED_OR_PORTFOLIO_RISK_CAP
REJECTED,EURUSD,SELL,2018-07-17 16:00:00+00:00,,CORRELATED_OR_PORTFOLIO_RISK_CAP
REJECTED,EURUSD,SELL,2018-07-17 17:00:00+00:00,,CORRELATED_OR_PORTFOLIO_RISK_CAP
REJECTED,GBPUSD,SELL,2018-07-17 17:00:00+00:00,,SYMBOL_ALREADY_HAS_OPEN_POSITION
REJECTED,EURUSD,SELL,2018-07-18 05:00:00+00:00,,CORRELATED_OR_PORTFOLIO_RISK_CAP
REJECTED,EURUSD,SELL,2018-07-18 06:00:00+00:00,,CORRELATED_OR_PORTFOLIO_RISK_CAP
REJECTED,EURUSD,SELL,2018-07-18 08:00:00+00:00,,CORRELATED_OR_PORTFOLIO_RISK_CAP
REJECTED,GBPUSD,SELL,2018-07-18 09:00:00+00:00,,SYMBOL_ALREADY_HAS_OPEN_POSITION
REJECTED,GBPUSD,SELL,2018-07-19 13:00:00+00:00,,SYMBOL_ALREADY_HAS_OPEN_POSITION
REJECTED,EURUSD,BUY,2018-07-20 14:00:00+00:00,,SYMBOL_ALREADY_HAS_OPEN_POSITION
REJECTED,GBPUSD,BUY,2018-07-20 14:00:00+00:00,,SYMBOL_ALREADY_HAS_OPEN_POSITION
REJECTED,GBPUSD,BUY,2018-07-20 17:00:00+00:00,,SYMBOL_ALREADY_HAS_OPEN_POSITION
REJECTED,GBPUSD,BUY,2018-07-20 18:00:00+00:00,,SYMBOL_ALREADY_HAS_OPEN_POSITION
REJECTED,EURUSD,BUY,2018-07-20 19:00:00+00:00,,SYMBOL_ALREADY_HAS_OPEN_POSITION
REJECTED,GBPUSD,BUY,2018-07-20 19:00:00+00:00,,SYMBOL_ALREADY_HAS_OPEN_POSITION
REJECTED,EURUSD,BUY,2018-07-23 00:00:00+00:00,,SYMBOL_ALREADY_HAS_OPEN_POSITION
REJECTED,GBPUSD,BUY,2018-07-23 00:00:00+00:00,,SYMBOL_ALREADY_HAS_OPEN_POSITION
REJECTED,GBPUSD,BUY,2018-07-23 01:00:00+00:00,,SYMBOL_ALREADY_HAS_OPEN_POSITION
REJECTED,EURUSD,SELL,2018-07-24 05:00:00+00:00,,SYMBOL_ALREADY_HAS_OPEN_POSITION
REJECTED,EURUSD,SELL,2018-07-24 07:00:00+00:00,,SYMBOL_ALREADY_HAS_OPEN_POSITION
REJECTED,GBPUSD,SELL,2018-07-24 07:00:00+00:00,,SYMBOL_ALREADY_HAS_OPEN_POSITION
REJECTED,GBPUSD,BUY,2018-07-24 14:00:00+00:00,,SYMBOL_ALREADY_HAS_OPEN_POSITION
REJECTED,GBPUSD,BUY,2018-07-25 07:00:00+00:00,,SYMBOL_ALREADY_HAS_OPEN_POSITION
REJECTED,EURUSD,BUY,2018-07-25 20:00:00+00:00,,CORRELATED_OR_PORTFOLIO_RISK_CAP
REJECTED,GBPUSD,BUY,2018-07-25 20:00:00+00:00,,SYMBOL_ALREADY_HAS_OPEN_POSITION
REJECTED,GBPUSD,BUY,2018-07-26 01:00:00+00:00,,SYMBOL_ALREADY_HAS_OPEN_POSITION
REJECTED,GBPUSD,SELL,2018-07-26 16:00:00+00:00,,SYMBOL_ALREADY_HAS_OPEN_POSITION
REJECTED,EURUSD,SELL,2018-07-26 19:00:00+00:00,,SYMBOL_ALREADY_HAS_OPEN_POSITION
REJECTED,GBPUSD,SELL,2018-07-26 19:00:00+00:00,,SYMBOL_ALREADY_HAS_OPEN_POSITION
REJECTED,EURUSD,SELL,2018-07-26 22:00:00+00:00,,SYMBOL_ALREADY_HAS_OPEN_POSITION
REJECTED,GBPUSD,SELL,2018-07-26 22:00:00+00:00,,SYMBOL_ALREADY_HAS_OPEN_POSITION
REJECTED,GBPUSD,SELL,2018-07-27 07:00:00+00:00,,SYMBOL_ALREADY_HAS_OPEN_POSITION
REJECTED,EURUSD,SELL,2018-07-27 09:00:00+00:00,,SYMBOL_ALREADY_HAS_OPEN_POSITION
REJECTED,GBPUSD,SELL,2018-07-27 10:00:00+00:00,,SYMBOL_ALREADY_HAS_OPEN_POSITION
REJECTED,EURUSD,BUY,2018-07-30 09:00:00+00:00,,SYMBOL_ALREADY_HAS_OPEN_POSITION
REJECTED,EURUSD,BUY,2018-07-30 10:00:00+00:00,,SYMBOL_ALREADY_HAS_OPEN_POSITION
REJECTED,EURUSD,BUY,2018-07-30 13:00:00+00:00,,SYMBOL_ALREADY_HAS_OPEN_POSITION
REJECTED,EURUSD,BUY,2018-07-30 14:00:00+00:00,,SYMBOL_ALREADY_HAS_OPEN_POSITION
REJECTED,EURUSD,BUY,2018-07-30 15:00:00+00:00,,SYMBOL_ALREADY_HAS_OPEN_POSITION
REJECTED,GBPUSD,BUY,2018-07-30 15:00:00+00:00,,CORRELATED_OR_PORTFOLIO_RISK_CAP
REJECTED,EURUSD,BUY,2018-07-30 16:00:00+00:00,,SYMBOL_ALREADY_HAS_OPEN_POSITION
REJECTED,EURUSD,BUY,2018-07-31 07:00:00+00:00,,SYMBOL_ALREADY_HAS_OPEN_POSITION
REJECTED,EURUSD,BUY,2018-07-31 11:00:00+00:00,,SYMBOL_ALREADY_HAS_OPEN_POSITION
REJECTED,EURUSD,SELL,2018-08-01 05:00:00+00:00,,SYMBOL_ALREADY_HAS_OPEN_POSITION
REJECTED,EURUSD,SELL,2018-08-01 16:00:00+00:00,,SYMBOL_ALREADY_HAS_OPEN_POSITION
REJECTED,EURUSD,SELL,2018-08-02 03:00:00+00:00,,SYMBOL_ALREADY_HAS_OPEN_POSITION
REJECTED,EURUSD,SELL,2018-08-02 04:00:00+00:00,,SYMBOL_ALREADY_HAS_OPEN_POSITION
REJECTED,GBPUSD,SELL,2018-08-02 04:00:00+00:00,,CORRELATED_OR_PORTFOLIO_RISK_CAP
REJECTED,EURUSD,SELL,2018-08-02 05:00:00+00:00,,SYMBOL_ALREADY_HAS_OPEN_POSITION
REJECTED,GBPUSD,SELL,2018-08-02 05:00:00+00:00,,CORRELATED_OR_PORTFOLIO_RISK_CAP
REJECTED,EURUSD,SELL,2018-08-02 07:00:00+00:00,,SYMBOL_ALREADY_HAS_OPEN_POSITION
REJECTED,GBPUSD,SELL,2018-08-02 07:00:00+00:00,,CORRELATED_OR_PORTFOLIO_RISK_CAP
REJECTED,EURUSD,SELL,2018-08-02 09:00:00+00:00,,SYMBOL_ALREADY_HAS_OPEN_POSITION
REJECTED,EURUSD,SELL,2018-08-02 10:00:00+00:00,,SYMBOL_ALREADY_HAS_OPEN_POSITION
REJECTED,GBPUSD,SELL,2018-08-02 12:00:00+00:00,,CORRELATED_OR_PORTFOLIO_RISK_CAP
REJECTED,EURUSD,SELL,2018-08-02 19:00:00+00:00,,SYMBOL_ALREADY_HAS_OPEN_POSITION
REJECTED,EURUSD,SELL,2018-08-02 21:00:00+00:00,,SYMBOL_ALREADY_HAS_OPEN_POSITION
REJECTED,GBPUSD,SELL,2018-08-02 21:00:00+00:00,,CORRELATED_OR_PORTFOLIO_RISK_CAP
REJECTED,EURUSD,SELL,2018-08-03 07:00:00+00:00,,SYMBOL_ALREADY_HAS_OPEN_POSITION
REJECTED,GBPUSD,SELL,2018-08-03 07:00:00+00:00,,CORRELATED_OR_PORTFOLIO_RISK_CAP
REJECTED,EURUSD,SELL,2018-08-03 08:00:00+00:00,,SYMBOL_ALREADY_HAS_OPEN_POSITION
REJECTED,GBPUSD,SELL,2018-08-03 08:00:00+00:00,,CORRELATED_OR_PORTFOLIO_RISK_CAP
REJECTED,GBPUSD,SELL,2018-08-06 09:00:00+00:00,,SYMBOL_ALREADY_HAS_OPEN_POSITION
REJECTED,EURUSD,SELL,2018-08-06 11:00:00+00:00,,CORRELATED_OR_PORTFOLIO_RISK_CAP
REJECTED,GBPUSD,SELL,2018-08-06 11:00:00+00:00,,SYMBOL_ALREADY_HAS_OPEN_POSITION
REJECTED,EURUSD,BUY,2018-08-07 09:00:00+00:00,,SYMBOL_ALREADY_HAS_OPEN_POSITION
REJECTED,EURUSD,BUY,2018-08-07 10:00:00+00:00,,SYMBOL_ALREADY_HAS_OPEN_POSITION
REJECTED,EURUSD,BUY,2018-08-07 11:00:00+00:00,,SYMBOL_ALREADY_HAS_OPEN_POSITION
REJECTED,EURUSD,BUY,2018-08-07 12:00:00+00:00,,SYMBOL_ALREADY_HAS_OPEN_POSITION
REJECTED,EURUSD,BUY,2018-08-08 04:00:00+00:00,,SYMBOL_ALREADY_HAS_OPEN_POSITION
REJECTED,EURUSD,BUY,2018-08-08 05:00:00+00:00,,SYMBOL_ALREADY_HAS_OPEN_POSITION
REJECTED,GBPUSD,SELL,2018-08-08 11:00:00+00:00,,SYMBOL_ALREADY_HAS_OPEN_POSITION
REJECTED,GBPUSD,SELL,2018-08-08 12:00:00+00:00,,SYMBOL_ALREADY_HAS_OPEN_POSITION
REJECTED,GBPUSD,SELL,2018-08-09 08:00:00+00:00,,SYMBOL_ALREADY_HAS_OPEN_POSITION
REJECTED,EURUSD,SELL,2018-08-09 15:00:00+00:00,,CORRELATED_OR_PORTFOLIO_RISK_CAP
REJECTED,EURUSD,SELL,2018-08-09 16:00:00+00:00,,CORRELATED_OR_PORTFOLIO_RISK_CAP
REJECTED,EURUSD,SELL,2018-08-09 17:00:00+00:00,,CORRELATED_OR_PORTFOLIO_RISK_CAP
REJECTED,EURUSD,SELL,2018-08-09 19:00:00+00:00,,CORRELATED_OR_PORTFOLIO_RISK_CAP
REJECTED,EURUSD,SELL,2018-08-09 20:00:00+00:00,,CORRELATED_OR_PORTFOLIO_RISK_CAP
REJECTED,GBPUSD,SELL,2018-08-09 20:00:00+00:00,,SYMBOL_ALREADY_HAS_OPEN_POSITION
REJECTED,GBPUSD,SELL,2018-08-09 21:00:00+00:00,,SYMBOL_ALREADY_HAS_OPEN_POSITION
REJECTED,EURUSD,SELL,2018-08-09 23:00:00+00:00,,CORRELATED_OR_PORTFOLIO_RISK_CAP
REJECTED,EURUSD,SELL,2018-08-10 06:00:00+00:00,,CORRELATED_OR_PORTFOLIO_RISK_CAP
REJECTED,GBPUSD,SELL,2018-08-10 06:00:00+00:00,,SYMBOL_ALREADY_HAS_OPEN_POSITION
REJECTED,GBPUSD,SELL,2018-08-10 07:00:00+00:00,,SYMBOL_ALREADY_HAS_OPEN_POSITION
REJECTED,GBPUSD,SELL,2018-08-10 08:00:00+00:00,,SYMBOL_ALREADY_HAS_OPEN_POSITION
REJECTED,EURUSD,SELL,2018-08-10 14:00:00+00:00,,CORRELATED_OR_PORTFOLIO_RISK_CAP
REJECTED,EURUSD,SELL,2018-08-10 16:00:00+00:00,,CORRELATED_OR_PORTFOLIO_RISK_CAP
REJECTED,EURUSD,SELL,2018-08-12 22:00:00+00:00,,CORRELATED_OR_PORTFOLIO_RISK_CAP
REJECTED,EURUSD,SELL,2018-08-13 05:00:00+00:00,,CORRELATED_OR_PORTFOLIO_RISK_CAP
REJECTED,GBPUSD,BUY,2018-08-14 08:00:00+00:00,,SYMBOL_ALREADY_HAS_OPEN_POSITION
REJECTED,EURUSD,SELL,2018-08-14 16:00:00+00:00,,SYMBOL_ALREADY_HAS_OPEN_POSITION
REJECTED,GBPUSD,SELL,2018-08-14 16:00:00+00:00,,CORRELATED_OR_PORTFOLIO_RISK_CAP
REJECTED,EURUSD,SELL,2018-08-14 17:00:00+00:00,,SYMBOL_ALREADY_HAS_OPEN_POSITION
REJECTED,GBPUSD,SELL,2018-08-14 17:00:00+00:00,,CORRELATED_OR_PORTFOLIO_RISK_CAP
REJECTED,EURUSD,SELL,2018-08-15 03:00:00+00:00,,SYMBOL_ALREADY_HAS_OPEN_POSITION
REJECTED,GBPUSD,SELL,2018-08-15 03:00:00+00:00,,CORRELATED_OR_PORTFOLIO_RISK_CAP
REJECTED,EURUSD,SELL,2018-08-15 04:00:00+00:00,,SYMBOL_ALREADY_HAS_OPEN_POSITION
REJECTED,GBPUSD,SELL,2018-08-15 04:00:00+00:00,,CORRELATED_OR_PORTFOLIO_RISK_CAP
REJECTED,EURUSD,SELL,2018-08-15 14:00:00+00:00,,SYMBOL_ALREADY_HAS_OPEN_POSITION
REJECTED,GBPUSD,SELL,2018-08-15 14:00:00+00:00,,CORRELATED_OR_PORTFOLIO_RISK_CAP
REJECTED,EURUSD,BUY,2018-08-16 04:00:00+00:00,,SYMBOL_ALREADY_HAS_OPEN_POSITION
REJECTED,EURUSD,BUY,2018-08-16 06:00:00+00:00,,SYMBOL_ALREADY_HAS_OPEN_POSITION
REJECTED,GBPUSD,BUY,2018-08-16 06:00:00+00:00,,CORRELATED_OR_PORTFOLIO_RISK_CAP
REJECTED,EURUSD,BUY,2018-08-16 14:00:00+00:00,,SYMBOL_ALREADY_HAS_OPEN_POSITION
REJECTED,GBPUSD,BUY,2018-08-16 14:00:00+00:00,,CORRELATED_OR_PORTFOLIO_RISK_CAP
REJECTED,EURUSD,BUY,2018-08-20 17:00:00+00:00,,CORRELATED_OR_PORTFOLIO_RISK_CAP
REJECTED,GBPUSD,BUY,2018-08-20 17:00:00+00:00,,SYMBOL_ALREADY_HAS_OPEN_POSITION
REJECTED,EURUSD,BUY,2018-08-20 19:00:00+00:00,,CORRELATED_OR_PORTFOLIO_RISK_CAP
REJECTED,EURUSD,BUY,2018-08-20 20:00:00+00:00,,CORRELATED_OR_PORTFOLIO_RISK_CAP
REJECTED,EURUSD,BUY,2018-08-20 21:00:00+00:00,,CORRELATED_OR_PORTFOLIO_RISK_CAP
REJECTED,GBPUSD,BUY,2018-08-20 21:00:00+00:00,,SYMBOL_ALREADY_HAS_OPEN_POSITION
REJECTED,EURUSD,BUY,2018-08-20 22:00:00+00:00,,CORRELATED_OR_PORTFOLIO_RISK_CAP
REJECTED,EURUSD,BUY,2018-08-20 23:00:00+00:00,,CORRELATED_OR_PORTFOLIO_RISK_CAP
REJECTED,GBPUSD,BUY,2018-08-20 23:00:00+00:00,,SYMBOL_ALREADY_HAS_OPEN_POSITION
REJECTED,GBPUSD,BUY,2018-08-21 00:00:00+00:00,,SYMBOL_ALREADY_HAS_OPEN_POSITION
REJECTED,EURUSD,BUY,2018-08-21 01:00:00+00:00,,CORRELATED_OR_PORTFOLIO_RISK_CAP
REJECTED,GBPUSD,BUY,2018-08-21 01:00:00+00:00,,SYMBOL_ALREADY_HAS_OPEN_POSITION
REJECTED,GBPUSD,BUY,2018-08-21 02:00:00+00:00,,SYMBOL_ALREADY_HAS_OPEN_POSITION
REJECTED,GBPUSD,BUY,2018-08-21 04:00:00+00:00,,SYMBOL_ALREADY_HAS_OPEN_POSITION
REJECTED,GBPUSD,BUY,2018-08-21 14:00:00+00:00,,SYMBOL_ALREADY_HAS_OPEN_POSITION
REJECTED,EURUSD,BUY,2018-08-21 17:00:00+00:00,,CORRELATED_OR_PORTFOLIO_RISK_CAP
REJECTED,GBPUSD,BUY,2018-08-21 17:00:00+00:00,,SYMBOL_ALREADY_HAS_OPEN_POSITION
REJECTED,EURUSD,BUY,2018-08-21 18:00:00+00:00,,CORRELATED_OR_PORTFOLIO_RISK_CAP
REJECTED,GBPUSD,BUY,2018-08-21 18:00:00+00:00,,SYMBOL_ALREADY_HAS_OPEN_POSITION
REJECTED,GBPUSD,BUY,2018-08-22 13:00:00+00:00,,CORRELATED_OR_PORTFOLIO_RISK_CAP
REJECTED,GBPUSD,SELL,2018-08-23 17:00:00+00:00,,SYMBOL_ALREADY_HAS_OPEN_POSITION
REJECTED,EURUSD,SELL,2018-08-23 18:00:00+00:00,,CORRELATED_OR_PORTFOLIO_RISK_CAP
REJECTED,EURUSD,BUY,2018-08-24 15:00:00+00:00,,SYMBOL_ALREADY_HAS_OPEN_POSITION
REJECTED,EURUSD,BUY,2018-08-27 00:00:00+00:00,,SYMBOL_ALREADY_HAS_OPEN_POSITION
REJECTED,GBPUSD,BUY,2018-08-27 13:00:00+00:00,,SYMBOL_ALREADY_HAS_OPEN_POSITION
REJECTED,EURUSD,BUY,2018-08-27 15:00:00+00:00,,CORRELATED_OR_PORTFOLIO_RISK_CAP
REJECTED,GBPUSD,BUY,2018-08-27 15:00:00+00:00,,SYMBOL_ALREADY_HAS_OPEN_POSITION
REJECTED,EURUSD,BUY,2018-08-27 16:00:00+00:00,,CORRELATED_OR_PORTFOLIO_RISK_CAP
REJECTED,EURUSD,BUY,2018-08-27 17:00:00+00:00,,CORRELATED_OR_PORTFOLIO_RISK_CAP
REJECTED,GBPUSD,BUY,2018-08-27 17:00:00+00:00,,SYMBOL_ALREADY_HAS_OPEN_POSITION
REJECTED,EURUSD,BUY,2018-08-28 12:00:00+00:00,,SYMBOL_ALREADY_HAS_OPEN_POSITION
REJECTED,GBPUSD,BUY,2018-08-28 12:00:00+00:00,,SYMBOL_ALREADY_HAS_OPEN_POSITION
REJECTED,GBPUSD,BUY,2018-08-28 13:00:00+00:00,,SYMBOL_ALREADY_HAS_OPEN_POSITION
REJECTED,EURUSD,BUY,2018-08-28 14:00:00+00:00,,SYMBOL_ALREADY_HAS_OPEN_POSITION
REJECTED,EURUSD,SELL,2018-08-29 06:00:00+00:00,,CORRELATED_OR_PORTFOLIO_RISK_CAP
REJECTED,GBPUSD,SELL,2018-08-29 06:00:00+00:00,,SYMBOL_ALREADY_HAS_OPEN_POSITION
REJECTED,EURUSD,SELL,2018-08-29 07:00:00+00:00,,CORRELATED_OR_PORTFOLIO_RISK_CAP
REJECTED,GBPUSD,SELL,2018-08-29 07:00:00+00:00,,SYMBOL_ALREADY_HAS_OPEN_POSITION
REJECTED,EURUSD,SELL,2018-08-29 12:00:00+00:00,,SYMBOL_ALREADY_HAS_OPEN_POSITION
REJECTED,GBPUSD,BUY,2018-08-29 15:00:00+00:00,,SYMBOL_ALREADY_HAS_OPEN_POSITION
REJECTED,GBPUSD,BUY,2018-08-29 19:00:00+00:00,,SYMBOL_ALREADY_HAS_OPEN_POSITION
REJECTED,GBPUSD,BUY,2018-08-29 20:00:00+00:00,,SYMBOL_ALREADY_HAS_OPEN_POSITION
REJECTED,GBPUSD,BUY,2018-08-30 00:00:00+00:00,,SYMBOL_ALREADY_HAS_OPEN_POSITION
REJECTED,EURUSD,SELL,2018-08-31 13:00:00+00:00,,CORRELATED_OR_PORTFOLIO_RISK_CAP
REJECTED,EURUSD,SELL,2018-08-31 16:00:00+00:00,,CORRELATED_OR_PORTFOLIO_RISK_CAP
REJECTED,GBPUSD,SELL,2018-09-02 22:00:00+00:00,,SYMBOL_ALREADY_HAS_OPEN_POSITION
REJECTED,GBPUSD,SELL,2018-09-03 09:00:00+00:00,,SYMBOL_ALREADY_HAS_OPEN_POSITION
REJECTED,GBPUSD,SELL,2018-09-03 10:00:00+00:00,,SYMBOL_ALREADY_HAS_OPEN_POSITION
REJECTED,GBPUSD,SELL,2018-09-03 13:00:00+00:00,,SYMBOL_ALREADY_HAS_OPEN_POSITION
REJECTED,EURUSD,BUY,2018-09-03 15:00:00+00:00,,CORRELATED_OR_PORTFOLIO_RISK_CAP
REJECTED,EURUSD,SELL,2018-09-04 07:00:00+00:00,,CORRELATED_OR_PORTFOLIO_RISK_CAP
REJECTED,GBPUSD,SELL,2018-09-04 07:00:00+00:00,,SYMBOL_ALREADY_HAS_OPEN_POSITION
REJECTED,EURUSD,SELL,2018-09-04 08:00:00+00:00,,CORRELATED_OR_PORTFOLIO_RISK_CAP
REJECTED,GBPUSD,SELL,2018-09-04 08:00:00+00:00,,SYMBOL_ALREADY_HAS_OPEN_POSITION
REJECTED,EURUSD,SELL,2018-09-04 09:00:00+00:00,,CORRELATED_OR_PORTFOLIO_RISK_CAP
REJECTED,EURUSD,SELL,2018-09-04 10:00:00+00:00,,CORRELATED_OR_PORTFOLIO_RISK_CAP
REJECTED,GBPUSD,SELL,2018-09-04 10:00:00+00:00,,SYMBOL_ALREADY_HAS_OPEN_POSITION
REJECTED,EURUSD,SELL,2018-09-04 14:00:00+00:00,,CORRELATED_OR_PORTFOLIO_RISK_CAP
REJECTED,GBPUSD,SELL,2018-09-05 10:00:00+00:00,,SYMBOL_ALREADY_HAS_OPEN_POSITION
REJECTED,EURUSD,BUY,2018-09-06 01:00:00+00:00,,SYMBOL_ALREADY_HAS_OPEN_POSITION
REJECTED,GBPUSD,BUY,2018-09-07 10:00:00+00:00,,CORRELATED_OR_PORTFOLIO_RISK_CAP
REJECTED,EURUSD,SELL,2018-09-07 17:00:00+00:00,,SYMBOL_ALREADY_HAS_OPEN_POSITION
REJECTED,EURUSD,SELL,2018-09-10 04:00:00+00:00,,SYMBOL_ALREADY_HAS_OPEN_POSITION
REJECTED,EURUSD,SELL,2018-09-10 07:00:00+00:00,,SYMBOL_ALREADY_HAS_OPEN_POSITION
REJECTED,GBPUSD,SELL,2018-09-10 07:00:00+00:00,,CORRELATED_OR_PORTFOLIO_RISK_CAP
REJECTED,GBPUSD,BUY,2018-09-11 06:00:00+00:00,,SYMBOL_ALREADY_HAS_OPEN_POSITION
REJECTED,EURUSD,BUY,2018-09-11 07:00:00+00:00,,CORRELATED_OR_PORTFOLIO_RISK_CAP
REJECTED,EURUSD,BUY,2018-09-11 08:00:00+00:00,,CORRELATED_OR_PORTFOLIO_RISK_CAP
REJECTED,GBPUSD,BUY,2018-09-11 08:00:00+00:00,,SYMBOL_ALREADY_HAS_OPEN_POSITION
REJECTED,EURUSD,BUY,2018-09-12 16:00:00+00:00,,SYMBOL_ALREADY_HAS_OPEN_POSITION
REJECTED,EURUSD,BUY,2018-09-13 14:00:00+00:00,,SYMBOL_ALREADY_HAS_OPEN_POSITION
REJECTED,GBPUSD,BUY,2018-09-13 14:00:00+00:00,,SYMBOL_ALREADY_HAS_OPEN_POSITION
REJECTED,EURUSD,BUY,2018-09-14 07:00:00+00:00,,SYMBOL_ALREADY_HAS_OPEN_POSITION
REJECTED,EURUSD,BUY,2018-09-14 08:00:00+00:00,,SYMBOL_ALREADY_HAS_OPEN_POSITION
REJECTED,GBPUSD,BUY,2018-09-14 08:00:00+00:00,,SYMBOL_ALREADY_HAS_OPEN_POSITION
REJECTED,EURUSD,SELL,2018-09-14 17:00:00+00:00,,SYMBOL_ALREADY_HAS_OPEN_POSITION
REJECTED,GBPUSD,SELL,2018-09-14 19:00:00+00:00,,SYMBOL_ALREADY_HAS_OPEN_POSITION
REJECTED,GBPUSD,SELL,2018-09-14 20:00:00+00:00,,SYMBOL_ALREADY_HAS_OPEN_POSITION
REJECTED,GBPUSD,BUY,2018-09-17 12:00:00+00:00,,SYMBOL_ALREADY_HAS_OPEN_POSITION
REJECTED,EURUSD,BUY,2018-09-17 13:00:00+00:00,,CORRELATED_OR_PORTFOLIO_RISK_CAP
REJECTED,GBPUSD,BUY,2018-09-17 13:00:00+00:00,,SYMBOL_ALREADY_HAS_OPEN_POSITION
REJECTED,EURUSD,BUY,2018-09-17 14:00:00+00:00,,CORRELATED_OR_PORTFOLIO_RISK_CAP
REJECTED,GBPUSD,BUY,2018-09-17 14:00:00+00:00,,SYMBOL_ALREADY_HAS_OPEN_POSITION
REJECTED,EURUSD,BUY,2018-09-17 17:00:00+00:00,,CORRELATED_OR_PORTFOLIO_RISK_CAP
REJECTED,GBPUSD,BUY,2018-09-17 17:00:00+00:00,,SYMBOL_ALREADY_HAS_OPEN_POSITION
REJECTED,GBPUSD,BUY,2018-09-17 18:00:00+00:00,,SYMBOL_ALREADY_HAS_OPEN_POSITION
REJECTED,EURUSD,BUY,2018-09-20 11:00:00+00:00,,SYMBOL_ALREADY_HAS_OPEN_POSITION
REJECTED,GBPUSD,BUY,2018-09-20 11:00:00+00:00,,SYMBOL_ALREADY_HAS_OPEN_POSITION
REJECTED,EURUSD,BUY,2018-09-20 12:00:00+00:00,,SYMBOL_ALREADY_HAS_OPEN_POSITION
REJECTED,GBPUSD,BUY,2018-09-20 12:00:00+00:00,,SYMBOL_ALREADY_HAS_OPEN_POSITION
REJECTED,EURUSD,BUY,2018-09-20 13:00:00+00:00,,SYMBOL_ALREADY_HAS_OPEN_POSITION
REJECTED,GBPUSD,BUY,2018-09-20 13:00:00+00:00,,SYMBOL_ALREADY_HAS_OPEN_POSITION
REJECTED,EURUSD,BUY,2018-09-20 20:00:00+00:00,,SYMBOL_ALREADY_HAS_OPEN_POSITION
REJECTED,GBPUSD,SELL,2018-09-21 08:00:00+00:00,,CORRELATED_OR_PORTFOLIO_RISK_CAP
REJECTED,GBPUSD,SELL,2018-09-21 10:00:00+00:00,,CORRELATED_OR_PORTFOLIO_RISK_CAP
REJECTED,GBPUSD,SELL,2018-09-21 13:00:00+00:00,,SYMBOL_ALREADY_HAS_OPEN_POSITION
REJECTED,EURUSD,SELL,2018-09-21 14:00:00+00:00,,CORRELATED_OR_PORTFOLIO_RISK_CAP
REJECTED,GBPUSD,SELL,2018-09-21 14:00:00+00:00,,SYMBOL_ALREADY_HAS_OPEN_POSITION
REJECTED,EURUSD,SELL,2018-09-24 06:00:00+00:00,,CORRELATED_OR_PORTFOLIO_RISK_CAP
REJECTED,EURUSD,BUY,2018-09-24 10:00:00+00:00,,SYMBOL_ALREADY_HAS_OPEN_POSITION
REJECTED,GBPUSD,BUY,2018-09-24 12:00:00+00:00,,SYMBOL_ALREADY_HAS_OPEN_POSITION
REJECTED,EURUSD,BUY,2018-09-24 14:00:00+00:00,,SYMBOL_ALREADY_HAS_OPEN_POSITION
REJECTED,GBPUSD,BUY,2018-09-25 12:00:00+00:00,,SYMBOL_ALREADY_HAS_OPEN_POSITION
REJECTED,GBPUSD,BUY,2018-09-25 19:00:00+00:00,,SYMBOL_ALREADY_HAS_OPEN_POSITION
REJECTED,EURUSD,SELL,2018-09-26 12:00:00+00:00,,SYMBOL_ALREADY_HAS_OPEN_POSITION
REJECTED,GBPUSD,SELL,2018-09-27 08:00:00+00:00,,SYMBOL_ALREADY_HAS_OPEN_POSITION
REJECTED,EURUSD,SELL,2018-09-27 13:00:00+00:00,,SYMBOL_ALREADY_HAS_OPEN_POSITION
REJECTED,EURUSD,SELL,2018-09-27 16:00:00+00:00,,SYMBOL_ALREADY_HAS_OPEN_POSITION
REJECTED,GBPUSD,SELL,2018-09-27 16:00:00+00:00,,SYMBOL_ALREADY_HAS_OPEN_POSITION
REJECTED,EURUSD,SELL,2018-09-27 19:00:00+00:00,,SYMBOL_ALREADY_HAS_OPEN_POSITION
REJECTED,GBPUSD,SELL,2018-09-27 19:00:00+00:00,,SYMBOL_ALREADY_HAS_OPEN_POSITION
REJECTED,EURUSD,SELL,2018-09-27 20:00:00+00:00,,SYMBOL_ALREADY_HAS_OPEN_POSITION
REJECTED,GBPUSD,SELL,2018-09-27 20:00:00+00:00,,SYMBOL_ALREADY_HAS_OPEN_POSITION
REJECTED,EURUSD,SELL,2018-09-27 21:00:00+00:00,,SYMBOL_ALREADY_HAS_OPEN_POSITION
REJECTED,EURUSD,SELL,2018-09-27 22:00:00+00:00,,SYMBOL_ALREADY_HAS_OPEN_POSITION
REJECTED,EURUSD,SELL,2018-09-27 23:00:00+00:00,,SYMBOL_ALREADY_HAS_OPEN_POSITION
REJECTED,EURUSD,SELL,2018-09-28 07:00:00+00:00,,SYMBOL_ALREADY_HAS_OPEN_POSITION
REJECTED,GBPUSD,SELL,2018-09-28 07:00:00+00:00,,SYMBOL_ALREADY_HAS_OPEN_POSITION
REJECTED,EURUSD,SELL,2018-09-28 08:00:00+00:00,,SYMBOL_ALREADY_HAS_OPEN_POSITION
REJECTED,GBPUSD,SELL,2018-09-28 08:00:00+00:00,,SYMBOL_ALREADY_HAS_OPEN_POSITION
REJECTED,EURUSD,SELL,2018-09-28 09:00:00+00:00,,SYMBOL_ALREADY_HAS_OPEN_POSITION
REJECTED,EURUSD,SELL,2018-09-28 10:00:00+00:00,,SYMBOL_ALREADY_HAS_OPEN_POSITION
REJECTED,EURUSD,SELL,2018-09-28 11:00:00+00:00,,SYMBOL_ALREADY_HAS_OPEN_POSITION
REJECTED,GBPUSD,SELL,2018-09-28 14:00:00+00:00,,SYMBOL_ALREADY_HAS_OPEN_POSITION
REJECTED,EURUSD,SELL,2018-10-02 06:00:00+00:00,,SYMBOL_ALREADY_HAS_OPEN_POSITION
REJECTED,EURUSD,SELL,2018-10-02 07:00:00+00:00,,SYMBOL_ALREADY_HAS_OPEN_POSITION
REJECTED,GBPUSD,SELL,2018-10-02 07:00:00+00:00,,CORRELATED_OR_PORTFOLIO_RISK_CAP
REJECTED,GBPUSD,SELL,2018-10-02 08:00:00+00:00,,CORRELATED_OR_PORTFOLIO_RISK_CAP
REJECTED,EURUSD,SELL,2018-10-02 09:00:00+00:00,,SYMBOL_ALREADY_HAS_OPEN_POSITION
REJECTED,GBPUSD,SELL,2018-10-02 09:00:00+00:00,,CORRELATED_OR_PORTFOLIO_RISK_CAP
REJECTED,GBPUSD,SELL,2018-10-02 10:00:00+00:00,,CORRELATED_OR_PORTFOLIO_RISK_CAP
REJECTED,GBPUSD,SELL,2018-10-02 11:00:00+00:00,,CORRELATED_OR_PORTFOLIO_RISK_CAP
REJECTED,EURUSD,BUY,2018-10-03 03:00:00+00:00,,SYMBOL_ALREADY_HAS_OPEN_POSITION
REJECTED,GBPUSD,BUY,2018-10-03 06:00:00+00:00,,CORRELATED_OR_PORTFOLIO_RISK_CAP
REJECTED,EURUSD,SELL,2018-10-03 17:00:00+00:00,,SYMBOL_ALREADY_HAS_OPEN_POSITION
REJECTED,EURUSD,SELL,2018-10-03 21:00:00+00:00,,SYMBOL_ALREADY_HAS_OPEN_POSITION
REJECTED,GBPUSD,SELL,2018-10-03 21:00:00+00:00,,CORRELATED_OR_PORTFOLIO_RISK_CAP
REJECTED,GBPUSD,BUY,2018-10-05 07:00:00+00:00,,SYMBOL_ALREADY_HAS_OPEN_POSITION
REJECTED,EURUSD,BUY,2018-10-05 13:00:00+00:00,,CORRELATED_OR_PORTFOLIO_RISK_CAP
REJECTED,GBPUSD,BUY,2018-10-05 13:00:00+00:00,,SYMBOL_ALREADY_HAS_OPEN_POSITION
REJECTED,GBPUSD,BUY,2018-10-07 23:00:00+00:00,,SYMBOL_ALREADY_HAS_OPEN_POSITION
REJECTED,EURUSD,SELL,2018-10-08 13:00:00+00:00,,SYMBOL_ALREADY_HAS_OPEN_POSITION
REJECTED,EURUSD,SELL,2018-10-09 12:00:00+00:00,,SYMBOL_ALREADY_HAS_OPEN_POSITION
REJECTED,EURUSD,BUY,2018-10-10 00:00:00+00:00,,CORRELATED_OR_PORTFOLIO_RISK_CAP
REJECTED,GBPUSD,BUY,2018-10-10 00:00:00+00:00,,SYMBOL_ALREADY_HAS_OPEN_POSITION
REJECTED,EURUSD,BUY,2018-10-10 02:00:00+00:00,,CORRELATED_OR_PORTFOLIO_RISK_CAP
REJECTED,GBPUSD,BUY,2018-10-10 02:00:00+00:00,,SYMBOL_ALREADY_HAS_OPEN_POSITION
REJECTED,GBPUSD,BUY,2018-10-10 06:00:00+00:00,,SYMBOL_ALREADY_HAS_OPEN_POSITION
REJECTED,GBPUSD,BUY,2018-10-10 07:00:00+00:00,,SYMBOL_ALREADY_HAS_OPEN_POSITION
REJECTED,EURUSD,BUY,2018-10-10 15:00:00+00:00,,SYMBOL_ALREADY_HAS_OPEN_POSITION
REJECTED,GBPUSD,BUY,2018-10-10 15:00:00+00:00,,CORRELATED_OR_PORTFOLIO_RISK_CAP
REJECTED,EURUSD,BUY,2018-10-10 16:00:00+00:00,,SYMBOL_ALREADY_HAS_OPEN_POSITION
REJECTED,GBPUSD,BUY,2018-10-10 17:00:00+00:00,,CORRELATED_OR_PORTFOLIO_RISK_CAP
REJECTED,EURUSD,BUY,2018-10-11 02:00:00+00:00,,SYMBOL_ALREADY_HAS_OPEN_POSITION
REJECTED,GBPUSD,BUY,2018-10-11 02:00:00+00:00,,CORRELATED_OR_PORTFOLIO_RISK_CAP
REJECTED,EURUSD,BUY,2018-10-11 11:00:00+00:00,,SYMBOL_ALREADY_HAS_OPEN_POSITION
REJECTED,EURUSD,BUY,2018-10-11 12:00:00+00:00,,SYMBOL_ALREADY_HAS_OPEN_POSITION
REJECTED,EURUSD,BUY,2018-10-12 03:00:00+00:00,,SYMBOL_ALREADY_HAS_OPEN_POSITION
REJECTED,GBPUSD,BUY,2018-10-12 08:00:00+00:00,,CORRELATED_OR_PORTFOLIO_RISK_CAP
REJECTED,EURUSD,SELL,2018-10-12 14:00:00+00:00,,SYMBOL_ALREADY_HAS_OPEN_POSITION
REJECTED,GBPUSD,SELL,2018-10-12 15:00:00+00:00,,SYMBOL_ALREADY_HAS_OPEN_POSITION
REJECTED,GBPUSD,SELL,2018-10-14 22:00:00+00:00,,SYMBOL_ALREADY_HAS_OPEN_POSITION
REJECTED,EURUSD,BUY,2018-10-15 11:00:00+00:00,,SYMBOL_ALREADY_HAS_OPEN_POSITION
REJECTED,EURUSD,BUY,2018-10-15 13:00:00+00:00,,SYMBOL_ALREADY_HAS_OPEN_POSITION
REJECTED,GBPUSD,BUY,2018-10-16 11:00:00+00:00,,SYMBOL_ALREADY_HAS_OPEN_POSITION
REJECTED,EURUSD,BUY,2018-10-16 14:00:00+00:00,,CORRELATED_OR_PORTFOLIO_RISK_CAP
REJECTED,EURUSD,SELL,2018-10-17 06:00:00+00:00,,SYMBOL_ALREADY_HAS_OPEN_POSITION
REJECTED,GBPUSD,SELL,2018-10-17 09:00:00+00:00,,SYMBOL_ALREADY_HAS_OPEN_POSITION
REJECTED,EURUSD,SELL,2018-10-17 11:00:00+00:00,,SYMBOL_ALREADY_HAS_OPEN_POSITION
REJECTED,EURUSD,SELL,2018-10-17 12:00:00+00:00,,SYMBOL_ALREADY_HAS_OPEN_POSITION
REJECTED,GBPUSD,SELL,2018-10-17 12:00:00+00:00,,SYMBOL_ALREADY_HAS_OPEN_POSITION
REJECTED,EURUSD,SELL,2018-10-17 18:00:00+00:00,,SYMBOL_ALREADY_HAS_OPEN_POSITION
REJECTED,EURUSD,SELL,2018-10-17 19:00:00+00:00,,SYMBOL_ALREADY_HAS_OPEN_POSITION
REJECTED,EURUSD,SELL,2018-10-17 21:00:00+00:00,,SYMBOL_ALREADY_HAS_OPEN_POSITION
REJECTED,EURUSD,SELL,2018-10-18 06:00:00+00:00,,SYMBOL_ALREADY_HAS_OPEN_POSITION
REJECTED,EURUSD,SELL,2018-10-18 07:00:00+00:00,,SYMBOL_ALREADY_HAS_OPEN_POSITION
REJECTED,GBPUSD,SELL,2018-10-18 16:00:00+00:00,,SYMBOL_ALREADY_HAS_OPEN_POSITION
REJECTED,EURUSD,SELL,2018-10-18 17:00:00+00:00,,CORRELATED_OR_PORTFOLIO_RISK_CAP
REJECTED,GBPUSD,SELL,2018-10-18 17:00:00+00:00,,SYMBOL_ALREADY_HAS_OPEN_POSITION
REJECTED,EURUSD,SELL,2018-10-18 18:00:00+00:00,,CORRELATED_OR_PORTFOLIO_RISK_CAP
REJECTED,GBPUSD,SELL,2018-10-18 18:00:00+00:00,,SYMBOL_ALREADY_HAS_OPEN_POSITION
REJECTED,EURUSD,BUY,2018-10-19 15:00:00+00:00,,SYMBOL_ALREADY_HAS_OPEN_POSITION
REJECTED,EURUSD,BUY,2018-10-19 16:00:00+00:00,,SYMBOL_ALREADY_HAS_OPEN_POSITION
REJECTED,EURUSD,BUY,2018-10-19 17:00:00+00:00,,SYMBOL_ALREADY_HAS_OPEN_POSITION
REJECTED,GBPUSD,BUY,2018-10-19 17:00:00+00:00,,SYMBOL_ALREADY_HAS_OPEN_POSITION
REJECTED,EURUSD,BUY,2018-10-22 07:00:00+00:00,,SYMBOL_ALREADY_HAS_OPEN_POSITION
REJECTED,EURUSD,SELL,2018-10-22 13:00:00+00:00,,CORRELATED_OR_PORTFOLIO_RISK_CAP
REJECTED,GBPUSD,SELL,2018-10-22 13:00:00+00:00,,SYMBOL_ALREADY_HAS_OPEN_POSITION
REJECTED,EURUSD,SELL,2018-10-22 14:00:00+00:00,,CORRELATED_OR_PORTFOLIO_RISK_CAP
REJECTED,GBPUSD,SELL,2018-10-22 14:00:00+00:00,,SYMBOL_ALREADY_HAS_OPEN_POSITION
REJECTED,EURUSD,SELL,2018-10-22 15:00:00+00:00,,CORRELATED_OR_PORTFOLIO_RISK_CAP
REJECTED,EURUSD,SELL,2018-10-22 16:00:00+00:00,,CORRELATED_OR_PORTFOLIO_RISK_CAP
REJECTED,EURUSD,SELL,2018-10-23 04:00:00+00:00,,CORRELATED_OR_PORTFOLIO_RISK_CAP
REJECTED,EURUSD,SELL,2018-10-24 09:00:00+00:00,,SYMBOL_ALREADY_HAS_OPEN_POSITION
REJECTED,GBPUSD,SELL,2018-10-24 09:00:00+00:00,,SYMBOL_ALREADY_HAS_OPEN_POSITION
REJECTED,GBPUSD,SELL,2018-10-24 10:00:00+00:00,,SYMBOL_ALREADY_HAS_OPEN_POSITION
REJECTED,GBPUSD,SELL,2018-10-24 11:00:00+00:00,,SYMBOL_ALREADY_HAS_OPEN_POSITION
REJECTED,EURUSD,SELL,2018-10-24 12:00:00+00:00,,SYMBOL_ALREADY_HAS_OPEN_POSITION
REJECTED,GBPUSD,SELL,2018-10-24 17:00:00+00:00,,SYMBOL_ALREADY_HAS_OPEN_POSITION
REJECTED,GBPUSD,SELL,2018-10-24 18:00:00+00:00,,SYMBOL_ALREADY_HAS_OPEN_POSITION
REJECTED,GBPUSD,SELL,2018-10-25 15:00:00+00:00,,SYMBOL_ALREADY_HAS_OPEN_POSITION
REJECTED,EURUSD,SELL,2018-10-25 18:00:00+00:00,,SYMBOL_ALREADY_HAS_OPEN_POSITION
REJECTED,EURUSD,SELL,2018-10-26 10:00:00+00:00,,SYMBOL_ALREADY_HAS_OPEN_POSITION
REJECTED,EURUSD,SELL,2018-10-26 11:00:00+00:00,,SYMBOL_ALREADY_HAS_OPEN_POSITION
REJECTED,GBPUSD,SELL,2018-10-26 11:00:00+00:00,,SYMBOL_ALREADY_HAS_OPEN_POSITION
REJECTED,EURUSD,SELL,2018-10-26 12:00:00+00:00,,SYMBOL_ALREADY_HAS_OPEN_POSITION
REJECTED,GBPUSD,SELL,2018-10-26 12:00:00+00:00,,SYMBOL_ALREADY_HAS_OPEN_POSITION
REJECTED,EURUSD,BUY,2018-10-26 17:00:00+00:00,,SYMBOL_ALREADY_HAS_OPEN_POSITION
REJECTED,GBPUSD,SELL,2018-10-29 17:00:00+00:00,,SYMBOL_ALREADY_HAS_OPEN_POSITION
REJECTED,GBPUSD,SELL,2018-10-29 21:00:00+00:00,,SYMBOL_ALREADY_HAS_OPEN_POSITION
REJECTED,EURUSD,SELL,2018-10-30 08:00:00+00:00,,CORRELATED_OR_PORTFOLIO_RISK_CAP
REJECTED,GBPUSD,SELL,2018-10-30 08:00:00+00:00,,SYMBOL_ALREADY_HAS_OPEN_POSITION
REJECTED,EURUSD,SELL,2018-10-30 11:00:00+00:00,,CORRELATED_OR_PORTFOLIO_RISK_CAP
REJECTED,GBPUSD,SELL,2018-10-30 11:00:00+00:00,,SYMBOL_ALREADY_HAS_OPEN_POSITION
REJECTED,EURUSD,SELL,2018-10-30 12:00:00+00:00,,CORRELATED_OR_PORTFOLIO_RISK_CAP
REJECTED,GBPUSD,SELL,2018-10-30 12:00:00+00:00,,SYMBOL_ALREADY_HAS_OPEN_POSITION
REJECTED,GBPUSD,SELL,2018-10-30 17:00:00+00:00,,SYMBOL_ALREADY_HAS_OPEN_POSITION
REJECTED,EURUSD,SELL,2018-10-30 19:00:00+00:00,,CORRELATED_OR_PORTFOLIO_RISK_CAP
REJECTED,EURUSD,SELL,2018-10-31 14:00:00+00:00,,SYMBOL_ALREADY_HAS_OPEN_POSITION
REJECTED,GBPUSD,BUY,2018-11-01 07:00:00+00:00,,SYMBOL_ALREADY_HAS_OPEN_POSITION
REJECTED,EURUSD,BUY,2018-11-01 08:00:00+00:00,,CORRELATED_OR_PORTFOLIO_RISK_CAP
REJECTED,GBPUSD,BUY,2018-11-01 08:00:00+00:00,,SYMBOL_ALREADY_HAS_OPEN_POSITION
REJECTED,EURUSD,BUY,2018-11-01 09:00:00+00:00,,CORRELATED_OR_PORTFOLIO_RISK_CAP
REJECTED,GBPUSD,BUY,2018-11-01 09:00:00+00:00,,SYMBOL_ALREADY_HAS_OPEN_POSITION
REJECTED,EURUSD,BUY,2018-11-01 12:00:00+00:00,,CORRELATED_OR_PORTFOLIO_RISK_CAP
REJECTED,EURUSD,BUY,2018-11-01 15:00:00+00:00,,CORRELATED_OR_PORTFOLIO_RISK_CAP
REJECTED,GBPUSD,BUY,2018-11-01 15:00:00+00:00,,SYMBOL_ALREADY_HAS_OPEN_POSITION
REJECTED,GBPUSD,BUY,2018-11-01 16:00:00+00:00,,SYMBOL_ALREADY_HAS_OPEN_POSITION
REJECTED,GBPUSD,BUY,2018-11-01 17:00:00+00:00,,SYMBOL_ALREADY_HAS_OPEN_POSITION
REJECTED,GBPUSD,BUY,2018-11-01 18:00:00+00:00,,SYMBOL_ALREADY_HAS_OPEN_POSITION
REJECTED,GBPUSD,BUY,2018-11-01 19:00:00+00:00,,SYMBOL_ALREADY_HAS_OPEN_POSITION
REJECTED,EURUSD,BUY,2018-11-02 06:00:00+00:00,,CORRELATED_OR_PORTFOLIO_RISK_CAP
REJECTED,EURUSD,BUY,2018-11-02 08:00:00+00:00,,CORRELATED_OR_PORTFOLIO_RISK_CAP
REJECTED,EURUSD,BUY,2018-11-02 11:00:00+00:00,,CORRELATED_OR_PORTFOLIO_RISK_CAP
REJECTED,EURUSD,SELL,2018-11-05 11:00:00+00:00,,SYMBOL_ALREADY_HAS_OPEN_POSITION
REJECTED,GBPUSD,BUY,2018-11-05 19:00:00+00:00,,SYMBOL_ALREADY_HAS_OPEN_POSITION
REJECTED,GBPUSD,BUY,2018-11-05 22:00:00+00:00,,SYMBOL_ALREADY_HAS_OPEN_POSITION
REJECTED,GBPUSD,BUY,2018-11-06 07:00:00+00:00,,SYMBOL_ALREADY_HAS_OPEN_POSITION
REJECTED,GBPUSD,BUY,2018-11-06 08:00:00+00:00,,SYMBOL_ALREADY_HAS_OPEN_POSITION
REJECTED,EURUSD,BUY,2018-11-06 23:00:00+00:00,,SYMBOL_ALREADY_HAS_OPEN_POSITION
REJECTED,GBPUSD,BUY,2018-11-06 23:00:00+00:00,,CORRELATED_OR_PORTFOLIO_RISK_CAP
REJECTED,EURUSD,BUY,2018-11-07 00:00:00+00:00,,SYMBOL_ALREADY_HAS_OPEN_POSITION
REJECTED,GBPUSD,BUY,2018-11-07 00:00:00+00:00,,CORRELATED_OR_PORTFOLIO_RISK_CAP
REJECTED,EURUSD,BUY,2018-11-07 09:00:00+00:00,,SYMBOL_ALREADY_HAS_OPEN_POSITION
REJECTED,GBPUSD,BUY,2018-11-07 09:00:00+00:00,,CORRELATED_OR_PORTFOLIO_RISK_CAP
REJECTED,GBPUSD,BUY,2018-11-07 10:00:00+00:00,,CORRELATED_OR_PORTFOLIO_RISK_CAP
REJECTED,EURUSD,SELL,2018-11-08 19:00:00+00:00,,SYMBOL_ALREADY_HAS_OPEN_POSITION
REJECTED,GBPUSD,SELL,2018-11-08 19:00:00+00:00,,CORRELATED_OR_PORTFOLIO_RISK_CAP
REJECTED,EURUSD,SELL,2018-11-09 03:00:00+00:00,,SYMBOL_ALREADY_HAS_OPEN_POSITION
REJECTED,GBPUSD,SELL,2018-11-09 06:00:00+00:00,,CORRELATED_OR_PORTFOLIO_RISK_CAP
REJECTED,EURUSD,SELL,2018-11-09 07:00:00+00:00,,SYMBOL_ALREADY_HAS_OPEN_POSITION
REJECTED,GBPUSD,SELL,2018-11-09 07:00:00+00:00,,CORRELATED_OR_PORTFOLIO_RISK_CAP
REJECTED,EURUSD,SELL,2018-11-09 08:00:00+00:00,,SYMBOL_ALREADY_HAS_OPEN_POSITION
REJECTED,GBPUSD,SELL,2018-11-09 08:00:00+00:00,,CORRELATED_OR_PORTFOLIO_RISK_CAP
REJECTED,EURUSD,SELL,2018-11-09 16:00:00+00:00,,SYMBOL_ALREADY_HAS_OPEN_POSITION
REJECTED,GBPUSD,SELL,2018-11-09 16:00:00+00:00,,CORRELATED_OR_PORTFOLIO_RISK_CAP
REJECTED,EURUSD,SELL,2018-11-11 22:00:00+00:00,,SYMBOL_ALREADY_HAS_OPEN_POSITION
REJECTED,GBPUSD,SELL,2018-11-11 22:00:00+00:00,,CORRELATED_OR_PORTFOLIO_RISK_CAP
REJECTED,EURUSD,SELL,2018-11-12 05:00:00+00:00,,SYMBOL_ALREADY_HAS_OPEN_POSITION
REJECTED,GBPUSD,SELL,2018-11-12 05:00:00+00:00,,CORRELATED_OR_PORTFOLIO_RISK_CAP
REJECTED,EURUSD,SELL,2018-11-12 06:00:00+00:00,,SYMBOL_ALREADY_HAS_OPEN_POSITION
REJECTED,GBPUSD,SELL,2018-11-12 06:00:00+00:00,,CORRELATED_OR_PORTFOLIO_RISK_CAP
REJECTED,EURUSD,SELL,2018-11-12 07:00:00+00:00,,SYMBOL_ALREADY_HAS_OPEN_POSITION
REJECTED,GBPUSD,SELL,2018-11-12 07:00:00+00:00,,CORRELATED_OR_PORTFOLIO_RISK_CAP
REJECTED,EURUSD,SELL,2018-11-12 20:00:00+00:00,,SYMBOL_ALREADY_HAS_OPEN_POSITION
REJECTED,EURUSD,SELL,2018-11-12 21:00:00+00:00,,SYMBOL_ALREADY_HAS_OPEN_POSITION
REJECTED,GBPUSD,BUY,2018-11-13 11:00:00+00:00,,CORRELATED_OR_PORTFOLIO_RISK_CAP
REJECTED,EURUSD,BUY,2018-11-13 15:00:00+00:00,,SYMBOL_ALREADY_HAS_OPEN_POSITION
REJECTED,GBPUSD,BUY,2018-11-13 15:00:00+00:00,,SYMBOL_ALREADY_HAS_OPEN_POSITION
REJECTED,EURUSD,BUY,2018-11-13 16:00:00+00:00,,SYMBOL_ALREADY_HAS_OPEN_POSITION
REJECTED,GBPUSD,BUY,2018-11-13 16:00:00+00:00,,SYMBOL_ALREADY_HAS_OPEN_POSITION
REJECTED,EURUSD,BUY,2018-11-13 22:00:00+00:00,,SYMBOL_ALREADY_HAS_OPEN_POSITION
REJECTED,EURUSD,BUY,2018-11-13 23:00:00+00:00,,SYMBOL_ALREADY_HAS_OPEN_POSITION
REJECTED,GBPUSD,SELL,2018-11-15 16:00:00+00:00,,SYMBOL_ALREADY_HAS_OPEN_POSITION
REJECTED,EURUSD,BUY,2018-11-16 13:00:00+00:00,,CORRELATED_OR_PORTFOLIO_RISK_CAP
REJECTED,GBPUSD,BUY,2018-11-16 13:00:00+00:00,,SYMBOL_ALREADY_HAS_OPEN_POSITION
REJECTED,EURUSD,BUY,2018-11-16 14:00:00+00:00,,CORRELATED_OR_PORTFOLIO_RISK_CAP
REJECTED,GBPUSD,BUY,2018-11-16 14:00:00+00:00,,SYMBOL_ALREADY_HAS_OPEN_POSITION
REJECTED,EURUSD,SELL,2018-11-20 13:00:00+00:00,,SYMBOL_ALREADY_HAS_OPEN_POSITION
REJECTED,EURUSD,SELL,2018-11-20 14:00:00+00:00,,SYMBOL_ALREADY_HAS_OPEN_POSITION
REJECTED,GBPUSD,SELL,2018-11-20 15:00:00+00:00,,CORRELATED_OR_PORTFOLIO_RISK_CAP
REJECTED,GBPUSD,SELL,2018-11-20 16:00:00+00:00,,CORRELATED_OR_PORTFOLIO_RISK_CAP
REJECTED,EURUSD,SELL,2018-11-20 17:00:00+00:00,,SYMBOL_ALREADY_HAS_OPEN_POSITION
REJECTED,GBPUSD,SELL,2018-11-20 17:00:00+00:00,,CORRELATED_OR_PORTFOLIO_RISK_CAP
REJECTED,EURUSD,SELL,2018-11-20 18:00:00+00:00,,SYMBOL_ALREADY_HAS_OPEN_POSITION
REJECTED,GBPUSD,SELL,2018-11-20 18:00:00+00:00,,CORRELATED_OR_PORTFOLIO_RISK_CAP
REJECTED,EURUSD,SELL,2018-11-23 10:00:00+00:00,,SYMBOL_ALREADY_HAS_OPEN_POSITION
REJECTED,GBPUSD,SELL,2018-11-23 11:00:00+00:00,,SYMBOL_ALREADY_HAS_OPEN_POSITION
REJECTED,EURUSD,SELL,2018-11-23 16:00:00+00:00,,SYMBOL_ALREADY_HAS_OPEN_POSITION
REJECTED,EURUSD,SELL,2018-11-23 18:00:00+00:00,,SYMBOL_ALREADY_HAS_OPEN_POSITION
REJECTED,EURUSD,SELL,2018-11-23 19:00:00+00:00,,SYMBOL_ALREADY_HAS_OPEN_POSITION
REJECTED,EURUSD,BUY,2018-11-26 08:00:00+00:00,,SYMBOL_ALREADY_HAS_OPEN_POSITION
REJECTED,GBPUSD,BUY,2018-11-26 10:00:00+00:00,,CORRELATED_OR_PORTFOLIO_RISK_CAP
REJECTED,GBPUSD,BUY,2018-11-26 11:00:00+00:00,,CORRELATED_OR_PORTFOLIO_RISK_CAP
REJECTED,EURUSD,SELL,2018-11-27 07:00:00+00:00,,CORRELATED_OR_PORTFOLIO_RISK_CAP
REJECTED,GBPUSD,SELL,2018-11-27 07:00:00+00:00,,SYMBOL_ALREADY_HAS_OPEN_POSITION
REJECTED,GBPUSD,SELL,2018-11-27 08:00:00+00:00,,SYMBOL_ALREADY_HAS_OPEN_POSITION
REJECTED,EURUSD,SELL,2018-11-27 14:00:00+00:00,,CORRELATED_OR_PORTFOLIO_RISK_CAP
REJECTED,EURUSD,SELL,2018-11-27 15:00:00+00:00,,CORRELATED_OR_PORTFOLIO_RISK_CAP
REJECTED,EURUSD,SELL,2018-11-27 16:00:00+00:00,,CORRELATED_OR_PORTFOLIO_RISK_CAP
REJECTED,GBPUSD,SELL,2018-11-27 16:00:00+00:00,,SYMBOL_ALREADY_HAS_OPEN_POSITION
REJECTED,GBPUSD,BUY,2018-11-28 11:00:00+00:00,,SYMBOL_ALREADY_HAS_OPEN_POSITION
REJECTED,EURUSD,BUY,2018-11-28 18:00:00+00:00,,SYMBOL_ALREADY_HAS_OPEN_POSITION
REJECTED,GBPUSD,BUY,2018-11-28 18:00:00+00:00,,CORRELATED_OR_PORTFOLIO_RISK_CAP
REJECTED,EURUSD,SELL,2018-11-30 14:00:00+00:00,,SYMBOL_ALREADY_HAS_OPEN_POSITION
REJECTED,GBPUSD,SELL,2018-11-30 14:00:00+00:00,,SYMBOL_ALREADY_HAS_OPEN_POSITION
REJECTED,EURUSD,SELL,2018-11-30 15:00:00+00:00,,SYMBOL_ALREADY_HAS_OPEN_POSITION
REJECTED,GBPUSD,SELL,2018-12-02 22:00:00+00:00,,SYMBOL_ALREADY_HAS_OPEN_POSITION
REJECTED,GBPUSD,SELL,2018-12-03 13:00:00+00:00,,SYMBOL_ALREADY_HAS_OPEN_POSITION
REJECTED,EURUSD,BUY,2018-12-04 04:00:00+00:00,,PRE_TRADE_PROJECTED_EQUITY_BREACH
REJECTED,EURUSD,BUY,2018-12-04 06:00:00+00:00,,PRE_TRADE_PROJECTED_EQUITY_BREACH
REJECTED,GBPUSD,BUY,2018-12-04 08:00:00+00:00,,PRE_TRADE_PROJECTED_EQUITY_BREACH
REJECTED,EURUSD,BUY,2018-12-04 09:00:00+00:00,,PRE_TRADE_PROJECTED_EQUITY_BREACH
REJECTED,GBPUSD,BUY,2018-12-04 09:00:00+00:00,,PRE_TRADE_PROJECTED_EQUITY_BREACH
REJECTED,EURUSD,SELL,2018-12-04 17:00:00+00:00,,PRE_TRADE_PROJECTED_EQUITY_BREACH
REJECTED,GBPUSD,BUY,2018-12-05 11:00:00+00:00,,PRE_TRADE_PROJECTED_EQUITY_BREACH
REJECTED,GBPUSD,BUY,2018-12-06 12:00:00+00:00,,PRE_TRADE_PROJECTED_EQUITY_BREACH
REJECTED,EURUSD,BUY,2018-12-06 13:00:00+00:00,,PRE_TRADE_PROJECTED_EQUITY_BREACH
REJECTED,EURUSD,BUY,2018-12-06 14:00:00+00:00,,PRE_TRADE_PROJECTED_EQUITY_BREACH
REJECTED,GBPUSD,BUY,2018-12-06 14:00:00+00:00,,PRE_TRADE_PROJECTED_EQUITY_BREACH
REJECTED,EURUSD,BUY,2018-12-07 19:00:00+00:00,,PRE_TRADE_PROJECTED_EQUITY_BREACH
REJECTED,EURUSD,BUY,2018-12-10 01:00:00+00:00,,PRE_TRADE_PROJECTED_EQUITY_BREACH
REJECTED,GBPUSD,SELL,2018-12-10 11:00:00+00:00,,PRE_TRADE_PROJECTED_EQUITY_BREACH
REJECTED,GBPUSD,SELL,2018-12-10 13:00:00+00:00,,PRE_TRADE_PROJECTED_EQUITY_BREACH
REJECTED,EURUSD,SELL,2018-12-10 15:00:00+00:00,,PRE_TRADE_PROJECTED_EQUITY_BREACH
REJECTED,GBPUSD,SELL,2018-12-10 15:00:00+00:00,,PRE_TRADE_PROJECTED_EQUITY_BREACH
REJECTED,EURUSD,SELL,2018-12-10 16:00:00+00:00,,PRE_TRADE_PROJECTED_EQUITY_BREACH
REJECTED,EURUSD,SELL,2018-12-11 14:00:00+00:00,,PRE_TRADE_PROJECTED_EQUITY_BREACH
REJECTED,EURUSD,SELL,2018-12-11 15:00:00+00:00,,PRE_TRADE_PROJECTED_EQUITY_BREACH
REJECTED,GBPUSD,SELL,2018-12-11 15:00:00+00:00,,PRE_TRADE_PROJECTED_EQUITY_BREACH
REJECTED,EURUSD,SELL,2018-12-11 16:00:00+00:00,,PRE_TRADE_PROJECTED_EQUITY_BREACH
REJECTED,EURUSD,BUY,2018-12-12 12:00:00+00:00,,PRE_TRADE_PROJECTED_EQUITY_BREACH
REJECTED,GBPUSD,BUY,2018-12-12 12:00:00+00:00,,PRE_TRADE_PROJECTED_EQUITY_BREACH
REJECTED,GBPUSD,BUY,2018-12-12 13:00:00+00:00,,PRE_TRADE_PROJECTED_EQUITY_BREACH
REJECTED,GBPUSD,BUY,2018-12-12 14:00:00+00:00,,PRE_TRADE_PROJECTED_EQUITY_BREACH
REJECTED,GBPUSD,BUY,2018-12-12 15:00:00+00:00,,PRE_TRADE_PROJECTED_EQUITY_BREACH
REJECTED,GBPUSD,BUY,2018-12-13 08:00:00+00:00,,PRE_TRADE_PROJECTED_EQUITY_BREACH
REJECTED,EURUSD,SELL,2018-12-13 13:00:00+00:00,,PRE_TRADE_PROJECTED_EQUITY_BREACH
REJECTED,GBPUSD,SELL,2018-12-14 06:00:00+00:00,,PRE_TRADE_PROJECTED_EQUITY_BREACH
REJECTED,EURUSD,SELL,2018-12-14 08:00:00+00:00,,PRE_TRADE_PROJECTED_EQUITY_BREACH
REJECTED,GBPUSD,SELL,2018-12-14 08:00:00+00:00,,PRE_TRADE_PROJECTED_EQUITY_BREACH
REJECTED,EURUSD,SELL,2018-12-14 11:00:00+00:00,,PRE_TRADE_PROJECTED_EQUITY_BREACH
REJECTED,GBPUSD,SELL,2018-12-14 11:00:00+00:00,,PRE_TRADE_PROJECTED_EQUITY_BREACH
REJECTED,EURUSD,SELL,2018-12-14 13:00:00+00:00,,PRE_TRADE_PROJECTED_EQUITY_BREACH
REJECTED,GBPUSD,SELL,2018-12-14 13:00:00+00:00,,PRE_TRADE_PROJECTED_EQUITY_BREACH
REJECTED,EURUSD,BUY,2018-12-17 07:00:00+00:00,,PRE_TRADE_PROJECTED_EQUITY_BREACH
REJECTED,EURUSD,BUY,2018-12-17 08:00:00+00:00,,PRE_TRADE_PROJECTED_EQUITY_BREACH
REJECTED,GBPUSD,BUY,2018-12-17 08:00:00+00:00,,PRE_TRADE_PROJECTED_EQUITY_BREACH
REJECTED,EURUSD,BUY,2018-12-17 09:00:00+00:00,,PRE_TRADE_PROJECTED_EQUITY_BREACH
REJECTED,EURUSD,BUY,2018-12-17 10:00:00+00:00,,PRE_TRADE_PROJECTED_EQUITY_BREACH
REJECTED,GBPUSD,BUY,2018-12-17 10:00:00+00:00,,PRE_TRADE_PROJECTED_EQUITY_BREACH
REJECTED,EURUSD,BUY,2018-12-17 11:00:00+00:00,,PRE_TRADE_PROJECTED_EQUITY_BREACH
REJECTED,GBPUSD,BUY,2018-12-17 11:00:00+00:00,,PRE_TRADE_PROJECTED_EQUITY_BREACH
REJECTED,EURUSD,BUY,2018-12-17 18:00:00+00:00,,PRE_TRADE_PROJECTED_EQUITY_BREACH
REJECTED,EURUSD,BUY,2018-12-18 01:00:00+00:00,,PRE_TRADE_PROJECTED_EQUITY_BREACH
REJECTED,EURUSD,BUY,2018-12-18 08:00:00+00:00,,PRE_TRADE_PROJECTED_EQUITY_BREACH
REJECTED,EURUSD,BUY,2018-12-18 10:00:00+00:00,,PRE_TRADE_PROJECTED_EQUITY_BREACH
REJECTED,EURUSD,BUY,2018-12-18 11:00:00+00:00,,PRE_TRADE_PROJECTED_EQUITY_BREACH
REJECTED,GBPUSD,BUY,2018-12-18 11:00:00+00:00,,PRE_TRADE_PROJECTED_EQUITY_BREACH
REJECTED,EURUSD,BUY,2018-12-19 10:00:00+00:00,,PRE_TRADE_PROJECTED_EQUITY_BREACH
REJECTED,EURUSD,BUY,2018-12-19 14:00:00+00:00,,PRE_TRADE_PROJECTED_EQUITY_BREACH
REJECTED,EURUSD,BUY,2018-12-20 09:00:00+00:00,,PRE_TRADE_PROJECTED_EQUITY_BREACH
REJECTED,GBPUSD,BUY,2018-12-20 09:00:00+00:00,,PRE_TRADE_PROJECTED_EQUITY_BREACH
REJECTED,GBPUSD,BUY,2018-12-20 10:00:00+00:00,,PRE_TRADE_PROJECTED_EQUITY_BREACH
REJECTED,EURUSD,SELL,2018-12-21 18:00:00+00:00,,PRE_TRADE_PROJECTED_EQUITY_BREACH
REJECTED,EURUSD,SELL,2018-12-21 20:00:00+00:00,,PRE_TRADE_PROJECTED_EQUITY_BREACH
REJECTED,EURUSD,BUY,2018-12-24 13:00:00+00:00,,PRE_TRADE_PROJECTED_EQUITY_BREACH
REJECTED,GBPUSD,BUY,2018-12-24 13:00:00+00:00,,PRE_TRADE_PROJECTED_EQUITY_BREACH
REJECTED,EURUSD,BUY,2018-12-24 14:00:00+00:00,,PRE_TRADE_PROJECTED_EQUITY_BREACH
REJECTED,GBPUSD,BUY,2018-12-24 14:00:00+00:00,,PRE_TRADE_PROJECTED_EQUITY_BREACH
REJECTED,EURUSD,SELL,2018-12-26 09:00:00+00:00,,PRE_TRADE_PROJECTED_EQUITY_BREACH
REJECTED,EURUSD,SELL,2018-12-26 17:00:00+00:00,,PRE_TRADE_PROJECTED_EQUITY_BREACH
REJECTED,GBPUSD,SELL,2018-12-26 17:00:00+00:00,,PRE_TRADE_PROJECTED_EQUITY_BREACH
REJECTED,GBPUSD,SELL,2018-12-26 18:00:00+00:00,,PRE_TRADE_PROJECTED_EQUITY_BREACH
REJECTED,EURUSD,SELL,2018-12-26 19:00:00+00:00,,PRE_TRADE_PROJECTED_EQUITY_BREACH
REJECTED,GBPUSD,SELL,2018-12-27 09:00:00+00:00,,PRE_TRADE_PROJECTED_EQUITY_BREACH
REJECTED,EURUSD,BUY,2018-12-27 14:00:00+00:00,,PRE_TRADE_PROJECTED_EQUITY_BREACH
REJECTED,EURUSD,BUY,2018-12-28 02:00:00+00:00,,PRE_TRADE_PROJECTED_EQUITY_BREACH
REJECTED,GBPUSD,BUY,2018-12-28 10:00:00+00:00,,PRE_TRADE_PROJECTED_EQUITY_BREACH
REJECTED,GBPUSD,BUY,2018-12-28 11:00:00+00:00,,PRE_TRADE_PROJECTED_EQUITY_BREACH
REJECTED,EURUSD,SELL,2018-12-31 04:00:00+00:00,,PRE_TRADE_PROJECTED_EQUITY_BREACH
REJECTED,GBPUSD,BUY,2018-12-31 07:00:00+00:00,,PRE_TRADE_PROJECTED_EQUITY_BREACH
REJECTED,GBPUSD,BUY,2018-12-31 11:00:00+00:00,,PRE_TRADE_PROJECTED_EQUITY_BREACH
REJECTED,GBPUSD,BUY,2018-12-31 12:00:00+00:00,,PRE_TRADE_PROJECTED_EQUITY_BREACH
REJECTED,EURUSD,BUY,2019-01-02 05:00:00+00:00,,PRE_TRADE_PROJECTED_EQUITY_BREACH
REJECTED,EURUSD,BUY,2019-01-02 06:00:00+00:00,,PRE_TRADE_PROJECTED_EQUITY_BREACH
REJECTED,GBPUSD,SELL,2019-01-02 08:00:00+00:00,,PRE_TRADE_PROJECTED_EQUITY_BREACH
REJECTED,GBPUSD,SELL,2019-01-02 09:00:00+00:00,,PRE_TRADE_PROJECTED_EQUITY_BREACH
REJECTED,GBPUSD,SELL,2019-01-02 10:00:00+00:00,,PRE_TRADE_PROJECTED_EQUITY_BREACH
REJECTED,GBPUSD,SELL,2019-01-02 11:00:00+00:00,,PRE_TRADE_PROJECTED_EQUITY_BREACH
REJECTED,EURUSD,SELL,2019-01-02 12:00:00+00:00,,PRE_TRADE_PROJECTED_EQUITY_BREACH
REJECTED,GBPUSD,SELL,2019-01-02 12:00:00+00:00,,PRE_TRADE_PROJECTED_EQUITY_BREACH
REJECTED,EURUSD,SELL,2019-01-02 13:00:00+00:00,,PRE_TRADE_PROJECTED_EQUITY_BREACH
REJECTED,GBPUSD,SELL,2019-01-02 13:00:00+00:00,,PRE_TRADE_PROJECTED_EQUITY_BREACH
REJECTED,EURUSD,SELL,2019-01-02 14:00:00+00:00,,PRE_TRADE_PROJECTED_EQUITY_BREACH
REJECTED,EURUSD,SELL,2019-01-02 15:00:00+00:00,,PRE_TRADE_PROJECTED_EQUITY_BREACH
REJECTED,EURUSD,SELL,2019-01-02 17:00:00+00:00,,PRE_TRADE_PROJECTED_EQUITY_BREACH
REJECTED,EURUSD,SELL,2019-01-02 18:00:00+00:00,,PRE_TRADE_PROJECTED_EQUITY_BREACH
REJECTED,GBPUSD,SELL,2019-01-02 22:00:00+00:00,,PRE_TRADE_PROJECTED_EQUITY_BREACH
REJECTED,EURUSD,BUY,2019-01-03 15:00:00+00:00,,PRE_TRADE_PROJECTED_EQUITY_BREACH
REJECTED,GBPUSD,BUY,2019-01-03 16:00:00+00:00,,PRE_TRADE_PROJECTED_EQUITY_BREACH
REJECTED,GBPUSD,BUY,2019-01-03 17:00:00+00:00,,PRE_TRADE_PROJECTED_EQUITY_BREACH
REJECTED,GBPUSD,BUY,2019-01-04 07:00:00+00:00,,PRE_TRADE_PROJECTED_EQUITY_BREACH
REJECTED,GBPUSD,BUY,2019-01-04 08:00:00+00:00,,PRE_TRADE_PROJECTED_EQUITY_BREACH
REJECTED,GBPUSD,BUY,2019-01-04 09:00:00+00:00,,PRE_TRADE_PROJECTED_EQUITY_BREACH
REJECTED,EURUSD,SELL,2019-01-04 13:00:00+00:00,,PRE_TRADE_PROJECTED_EQUITY_BREACH
REJECTED,EURUSD,SELL,2019-01-04 14:00:00+00:00,,PRE_TRADE_PROJECTED_EQUITY_BREACH
REJECTED,GBPUSD,BUY,2019-01-04 15:00:00+00:00,,PRE_TRADE_PROJECTED_EQUITY_BREACH
REJECTED,GBPUSD,BUY,2019-01-04 16:00:00+00:00,,PRE_TRADE_PROJECTED_EQUITY_BREACH
REJECTED,EURUSD,BUY,2019-01-07 01:00:00+00:00,,PRE_TRADE_PROJECTED_EQUITY_BREACH
REJECTED,GBPUSD,BUY,2019-01-07 03:00:00+00:00,,PRE_TRADE_PROJECTED_EQUITY_BREACH
REJECTED,EURUSD,BUY,2019-01-07 07:00:00+00:00,,PRE_TRADE_PROJECTED_EQUITY_BREACH
REJECTED,EURUSD,BUY,2019-01-07 09:00:00+00:00,,PRE_TRADE_PROJECTED_EQUITY_BREACH
REJECTED,EURUSD,BUY,2019-01-07 13:00:00+00:00,,PRE_TRADE_PROJECTED_EQUITY_BREACH
REJECTED,GBPUSD,BUY,2019-01-07 13:00:00+00:00,,PRE_TRADE_PROJECTED_EQUITY_BREACH
REJECTED,EURUSD,BUY,2019-01-07 14:00:00+00:00,,PRE_TRADE_PROJECTED_EQUITY_BREACH
REJECTED,GBPUSD,BUY,2019-01-07 14:00:00+00:00,,PRE_TRADE_PROJECTED_EQUITY_BREACH
REJECTED,EURUSD,BUY,2019-01-07 18:00:00+00:00,,PRE_TRADE_PROJECTED_EQUITY_BREACH
REJECTED,EURUSD,SELL,2019-01-08 13:00:00+00:00,,PRE_TRADE_PROJECTED_EQUITY_BREACH
REJECTED,GBPUSD,SELL,2019-01-08 13:00:00+00:00,,PRE_TRADE_PROJECTED_EQUITY_BREACH
REJECTED,GBPUSD,SELL,2019-01-08 14:00:00+00:00,,PRE_TRADE_PROJECTED_EQUITY_BREACH
REJECTED,EURUSD,BUY,2019-01-09 14:00:00+00:00,,PRE_TRADE_PROJECTED_EQUITY_BREACH
REJECTED,GBPUSD,BUY,2019-01-09 14:00:00+00:00,,PRE_TRADE_PROJECTED_EQUITY_BREACH
REJECTED,EURUSD,BUY,2019-01-09 19:00:00+00:00,,PRE_TRADE_PROJECTED_EQUITY_BREACH
REJECTED,EURUSD,BUY,2019-01-10 03:00:00+00:00,,PRE_TRADE_PROJECTED_EQUITY_BREACH
REJECTED,EURUSD,SELL,2019-01-10 17:00:00+00:00,,PRE_TRADE_PROJECTED_EQUITY_BREACH
REJECTED,EURUSD,BUY,2019-01-11 10:00:00+00:00,,PRE_TRADE_PROJECTED_EQUITY_BREACH
REJECTED,GBPUSD,BUY,2019-01-11 10:00:00+00:00,,PRE_TRADE_PROJECTED_EQUITY_BREACH
REJECTED,EURUSD,SELL,2019-01-11 14:00:00+00:00,,PRE_TRADE_PROJECTED_EQUITY_BREACH
REJECTED,GBPUSD,BUY,2019-01-11 17:00:00+00:00,,PRE_TRADE_PROJECTED_EQUITY_BREACH
REJECTED,GBPUSD,BUY,2019-01-14 11:00:00+00:00,,PRE_TRADE_PROJECTED_EQUITY_BREACH
REJECTED,GBPUSD,BUY,2019-01-14 15:00:00+00:00,,PRE_TRADE_PROJECTED_EQUITY_BREACH
REJECTED,EURUSD,BUY,2019-01-15 01:00:00+00:00,,PRE_TRADE_PROJECTED_EQUITY_BREACH
REJECTED,EURUSD,SELL,2019-01-15 09:00:00+00:00,,PRE_TRADE_PROJECTED_EQUITY_BREACH
REJECTED,GBPUSD,SELL,2019-01-15 15:00:00+00:00,,PRE_TRADE_PROJECTED_EQUITY_BREACH
REJECTED,EURUSD,SELL,2019-01-15 16:00:00+00:00,,PRE_TRADE_PROJECTED_EQUITY_BREACH
REJECTED,GBPUSD,SELL,2019-01-15 16:00:00+00:00,,PRE_TRADE_PROJECTED_EQUITY_BREACH
REJECTED,GBPUSD,SELL,2019-01-15 17:00:00+00:00,,PRE_TRADE_PROJECTED_EQUITY_BREACH
REJECTED,GBPUSD,SELL,2019-01-15 18:00:00+00:00,,PRE_TRADE_PROJECTED_EQUITY_BREACH
REJECTED,EURUSD,SELL,2019-01-16 11:00:00+00:00,,PRE_TRADE_PROJECTED_EQUITY_BREACH
REJECTED,GBPUSD,BUY,2019-01-17 13:00:00+00:00,,PRE_TRADE_PROJECTED_EQUITY_BREACH
REJECTED,GBPUSD,BUY,2019-01-17 16:00:00+00:00,,PRE_TRADE_PROJECTED_EQUITY_BREACH
REJECTED,GBPUSD,BUY,2019-01-17 17:00:00+00:00,,PRE_TRADE_PROJECTED_EQUITY_BREACH
REJECTED,GBPUSD,BUY,2019-01-17 18:00:00+00:00,,PRE_TRADE_PROJECTED_EQUITY_BREACH
REJECTED,GBPUSD,BUY,2019-01-17 19:00:00+00:00,,PRE_TRADE_PROJECTED_EQUITY_BREACH
REJECTED,EURUSD,BUY,2019-01-18 10:00:00+00:00,,PRE_TRADE_PROJECTED_EQUITY_BREACH
REJECTED,EURUSD,SELL,2019-01-18 14:00:00+00:00,,PRE_TRADE_PROJECTED_EQUITY_BREACH
REJECTED,GBPUSD,SELL,2019-01-18 14:00:00+00:00,,PRE_TRADE_PROJECTED_EQUITY_BREACH
REJECTED,EURUSD,SELL,2019-01-18 15:00:00+00:00,,PRE_TRADE_PROJECTED_EQUITY_BREACH
REJECTED,GBPUSD,SELL,2019-01-18 17:00:00+00:00,,PRE_TRADE_PROJECTED_EQUITY_BREACH
REJECTED,GBPUSD,SELL,2019-01-18 19:00:00+00:00,,PRE_TRADE_PROJECTED_EQUITY_BREACH
REJECTED,GBPUSD,SELL,2019-01-18 20:00:00+00:00,,PRE_TRADE_PROJECTED_EQUITY_BREACH
REJECTED,GBPUSD,SELL,2019-01-20 23:00:00+00:00,,PRE_TRADE_PROJECTED_EQUITY_BREACH
REJECTED,GBPUSD,SELL,2019-01-21 09:00:00+00:00,,PRE_TRADE_PROJECTED_EQUITY_BREACH
REJECTED,GBPUSD,BUY,2019-01-21 15:00:00+00:00,,PRE_TRADE_PROJECTED_EQUITY_BREACH
REJECTED,GBPUSD,BUY,2019-01-21 16:00:00+00:00,,PRE_TRADE_PROJECTED_EQUITY_BREACH
REJECTED,EURUSD,SELL,2019-01-22 06:00:00+00:00,,PRE_TRADE_PROJECTED_EQUITY_BREACH
REJECTED,GBPUSD,BUY,2019-01-22 09:00:00+00:00,,PRE_TRADE_PROJECTED_EQUITY_BREACH
REJECTED,EURUSD,SELL,2019-01-22 13:00:00+00:00,,PRE_TRADE_PROJECTED_EQUITY_BREACH
REJECTED,GBPUSD,BUY,2019-01-22 14:00:00+00:00,,PRE_TRADE_PROJECTED_EQUITY_BREACH
REJECTED,GBPUSD,BUY,2019-01-22 15:00:00+00:00,,PRE_TRADE_PROJECTED_EQUITY_BREACH
REJECTED,GBPUSD,BUY,2019-01-22 18:00:00+00:00,,PRE_TRADE_PROJECTED_EQUITY_BREACH
REJECTED,GBPUSD,BUY,2019-01-23 08:00:00+00:00,,PRE_TRADE_PROJECTED_EQUITY_BREACH
REJECTED,GBPUSD,BUY,2019-01-23 11:00:00+00:00,,PRE_TRADE_PROJECTED_EQUITY_BREACH
REJECTED,GBPUSD,BUY,2019-01-23 14:00:00+00:00,,PRE_TRADE_PROJECTED_EQUITY_BREACH
REJECTED,EURUSD,BUY,2019-01-23 15:00:00+00:00,,PRE_TRADE_PROJECTED_EQUITY_BREACH
REJECTED,GBPUSD,BUY,2019-01-23 15:00:00+00:00,,PRE_TRADE_PROJECTED_EQUITY_BREACH
REJECTED,GBPUSD,BUY,2019-01-23 23:00:00+00:00,,PRE_TRADE_PROJECTED_EQUITY_BREACH
REJECTED,GBPUSD,BUY,2019-01-24 00:00:00+00:00,,PRE_TRADE_PROJECTED_EQUITY_BREACH
REJECTED,GBPUSD,SELL,2019-01-24 11:00:00+00:00,,PRE_TRADE_PROJECTED_EQUITY_BREACH
REJECTED,EURUSD,SELL,2019-01-24 17:00:00+00:00,,PRE_TRADE_PROJECTED_EQUITY_BREACH
REJECTED,GBPUSD,BUY,2019-01-24 23:00:00+00:00,,PRE_TRADE_PROJECTED_EQUITY_BREACH
REJECTED,EURUSD,BUY,2019-01-25 13:00:00+00:00,,PRE_TRADE_PROJECTED_EQUITY_BREACH
REJECTED,EURUSD,BUY,2019-01-25 14:00:00+00:00,,PRE_TRADE_PROJECTED_EQUITY_BREACH
REJECTED,EURUSD,BUY,2019-01-25 15:00:00+00:00,,PRE_TRADE_PROJECTED_EQUITY_BREACH
REJECTED,GBPUSD,BUY,2019-01-25 15:00:00+00:00,,PRE_TRADE_PROJECTED_EQUITY_BREACH
REJECTED,GBPUSD,BUY,2019-01-25 16:00:00+00:00,,PRE_TRADE_PROJECTED_EQUITY_BREACH
REJECTED,GBPUSD,BUY,2019-01-25 18:00:00+00:00,,PRE_TRADE_PROJECTED_EQUITY_BREACH
REJECTED,GBPUSD,BUY,2019-01-25 19:00:00+00:00,,PRE_TRADE_PROJECTED_EQUITY_BREACH
REJECTED,GBPUSD,BUY,2019-01-25 20:00:00+00:00,,PRE_TRADE_PROJECTED_EQUITY_BREACH
REJECTED,EURUSD,BUY,2019-01-28 03:00:00+00:00,,PRE_TRADE_PROJECTED_EQUITY_BREACH
REJECTED,EURUSD,BUY,2019-01-28 14:00:00+00:00,,PRE_TRADE_PROJECTED_EQUITY_BREACH
REJECTED,EURUSD,BUY,2019-01-28 15:00:00+00:00,,PRE_TRADE_PROJECTED_EQUITY_BREACH
REJECTED,GBPUSD,BUY,2019-01-29 13:00:00+00:00,,PRE_TRADE_PROJECTED_EQUITY_BREACH
REJECTED,GBPUSD,SELL,2019-01-29 19:00:00+00:00,,PRE_TRADE_PROJECTED_EQUITY_BREACH
REJECTED,GBPUSD,SELL,2019-01-29 20:00:00+00:00,,PRE_TRADE_PROJECTED_EQUITY_BREACH
REJECTED,EURUSD,SELL,2019-01-30 14:00:00+00:00,,PRE_TRADE_PROJECTED_EQUITY_BREACH
REJECTED,EURUSD,BUY,2019-01-30 19:00:00+00:00,,PRE_TRADE_PROJECTED_EQUITY_BREACH
REJECTED,EURUSD,BUY,2019-01-31 02:00:00+00:00,,PRE_TRADE_PROJECTED_EQUITY_BREACH
REJECTED,EURUSD,SELL,2019-01-31 16:00:00+00:00,,PRE_TRADE_PROJECTED_EQUITY_BREACH
REJECTED,GBPUSD,SELL,2019-02-01 09:00:00+00:00,,PRE_TRADE_PROJECTED_EQUITY_BREACH
REJECTED,EURUSD,SELL,2019-02-04 14:00:00+00:00,,PRE_TRADE_PROJECTED_EQUITY_BREACH
REJECTED,GBPUSD,SELL,2019-02-04 23:00:00+00:00,,PRE_TRADE_PROJECTED_EQUITY_BREACH
REJECTED,EURUSD,SELL,2019-02-05 08:00:00+00:00,,PRE_TRADE_PROJECTED_EQUITY_BREACH
REJECTED,GBPUSD,SELL,2019-02-05 09:00:00+00:00,,PRE_TRADE_PROJECTED_EQUITY_BREACH
REJECTED,GBPUSD,SELL,2019-02-05 13:00:00+00:00,,PRE_TRADE_PROJECTED_EQUITY_BREACH
REJECTED,GBPUSD,SELL,2019-02-05 14:00:00+00:00,,PRE_TRADE_PROJECTED_EQUITY_BREACH
REJECTED,EURUSD,SELL,2019-02-05 15:00:00+00:00,,PRE_TRADE_PROJECTED_EQUITY_BREACH
REJECTED,GBPUSD,SELL,2019-02-05 15:00:00+00:00,,PRE_TRADE_PROJECTED_EQUITY_BREACH
REJECTED,EURUSD,SELL,2019-02-06 01:00:00+00:00,,PRE_TRADE_PROJECTED_EQUITY_BREACH
REJECTED,EURUSD,SELL,2019-02-06 06:00:00+00:00,,PRE_TRADE_PROJECTED_EQUITY_BREACH
REJECTED,EURUSD,SELL,2019-02-06 15:00:00+00:00,,PRE_TRADE_PROJECTED_EQUITY_BREACH
REJECTED,EURUSD,SELL,2019-02-06 18:00:00+00:00,,PRE_TRADE_PROJECTED_EQUITY_BREACH
REJECTED,EURUSD,SELL,2019-02-06 21:00:00+00:00,,PRE_TRADE_PROJECTED_EQUITY_BREACH
REJECTED,EURUSD,SELL,2019-02-07 01:00:00+00:00,,PRE_TRADE_PROJECTED_EQUITY_BREACH
REJECTED,EURUSD,SELL,2019-02-07 07:00:00+00:00,,PRE_TRADE_PROJECTED_EQUITY_BREACH
REJECTED,GBPUSD,SELL,2019-02-07 07:00:00+00:00,,PRE_TRADE_PROJECTED_EQUITY_BREACH
REJECTED,GBPUSD,SELL,2019-02-07 08:00:00+00:00,,PRE_TRADE_PROJECTED_EQUITY_BREACH
REJECTED,EURUSD,SELL,2019-02-07 09:00:00+00:00,,PRE_TRADE_PROJECTED_EQUITY_BREACH
REJECTED,EURUSD,SELL,2019-02-07 10:00:00+00:00,,PRE_TRADE_PROJECTED_EQUITY_BREACH
REJECTED,EURUSD,SELL,2019-02-07 11:00:00+00:00,,PRE_TRADE_PROJECTED_EQUITY_BREACH
REJECTED,GBPUSD,SELL,2019-02-07 11:00:00+00:00,,PRE_TRADE_PROJECTED_EQUITY_BREACH
REJECTED,GBPUSD,BUY,2019-02-07 13:00:00+00:00,,PRE_TRADE_PROJECTED_EQUITY_BREACH
REJECTED,GBPUSD,BUY,2019-02-07 14:00:00+00:00,,PRE_TRADE_PROJECTED_EQUITY_BREACH
REJECTED,EURUSD,SELL,2019-02-08 21:00:00+00:00,,PRE_TRADE_PROJECTED_EQUITY_BREACH
REJECTED,EURUSD,SELL,2019-02-10 22:00:00+00:00,,PRE_TRADE_PROJECTED_EQUITY_BREACH
REJECTED,GBPUSD,SELL,2019-02-11 07:00:00+00:00,,PRE_TRADE_PROJECTED_EQUITY_BREACH
REJECTED,EURUSD,SELL,2019-02-11 08:00:00+00:00,,PRE_TRADE_PROJECTED_EQUITY_BREACH
REJECTED,EURUSD,SELL,2019-02-11 09:00:00+00:00,,PRE_TRADE_PROJECTED_EQUITY_BREACH
REJECTED,GBPUSD,SELL,2019-02-11 09:00:00+00:00,,PRE_TRADE_PROJECTED_EQUITY_BREACH
REJECTED,GBPUSD,SELL,2019-02-11 13:00:00+00:00,,PRE_TRADE_PROJECTED_EQUITY_BREACH
REJECTED,EURUSD,SELL,2019-02-11 14:00:00+00:00,,PRE_TRADE_PROJECTED_EQUITY_BREACH
REJECTED,GBPUSD,SELL,2019-02-11 14:00:00+00:00,,PRE_TRADE_PROJECTED_EQUITY_BREACH
REJECTED,EURUSD,SELL,2019-02-11 15:00:00+00:00,,PRE_TRADE_PROJECTED_EQUITY_BREACH
REJECTED,GBPUSD,SELL,2019-02-11 15:00:00+00:00,,PRE_TRADE_PROJECTED_EQUITY_BREACH
REJECTED,EURUSD,SELL,2019-02-11 17:00:00+00:00,,PRE_TRADE_PROJECTED_EQUITY_BREACH
REJECTED,GBPUSD,SELL,2019-02-11 17:00:00+00:00,,PRE_TRADE_PROJECTED_EQUITY_BREACH
REJECTED,EURUSD,SELL,2019-02-12 08:00:00+00:00,,PRE_TRADE_PROJECTED_EQUITY_BREACH
REJECTED,GBPUSD,BUY,2019-02-12 14:00:00+00:00,,PRE_TRADE_PROJECTED_EQUITY_BREACH
REJECTED,EURUSD,BUY,2019-02-12 16:00:00+00:00,,PRE_TRADE_PROJECTED_EQUITY_BREACH
REJECTED,EURUSD,BUY,2019-02-12 18:00:00+00:00,,PRE_TRADE_PROJECTED_EQUITY_BREACH
REJECTED,GBPUSD,BUY,2019-02-12 18:00:00+00:00,,PRE_TRADE_PROJECTED_EQUITY_BREACH
REJECTED,EURUSD,BUY,2019-02-13 03:00:00+00:00,,PRE_TRADE_PROJECTED_EQUITY_BREACH
REJECTED,GBPUSD,BUY,2019-02-13 05:00:00+00:00,,PRE_TRADE_PROJECTED_EQUITY_BREACH
REJECTED,GBPUSD,BUY,2019-02-13 11:00:00+00:00,,PRE_TRADE_PROJECTED_EQUITY_BREACH
REJECTED,EURUSD,SELL,2019-02-13 13:00:00+00:00,,PRE_TRADE_PROJECTED_EQUITY_BREACH
REJECTED,GBPUSD,SELL,2019-02-13 16:00:00+00:00,,PRE_TRADE_PROJECTED_EQUITY_BREACH
REJECTED,EURUSD,SELL,2019-02-13 17:00:00+00:00,,PRE_TRADE_PROJECTED_EQUITY_BREACH
REJECTED,GBPUSD,SELL,2019-02-13 17:00:00+00:00,,PRE_TRADE_PROJECTED_EQUITY_BREACH
REJECTED,EURUSD,SELL,2019-02-13 19:00:00+00:00,,PRE_TRADE_PROJECTED_EQUITY_BREACH
REJECTED,EURUSD,SELL,2019-02-13 20:00:00+00:00,,PRE_TRADE_PROJECTED_EQUITY_BREACH
REJECTED,GBPUSD,SELL,2019-02-13 20:00:00+00:00,,PRE_TRADE_PROJECTED_EQUITY_BREACH
REJECTED,EURUSD,SELL,2019-02-13 21:00:00+00:00,,PRE_TRADE_PROJECTED_EQUITY_BREACH
REJECTED,GBPUSD,SELL,2019-02-13 21:00:00+00:00,,PRE_TRADE_PROJECTED_EQUITY_BREACH
REJECTED,EURUSD,SELL,2019-02-13 22:00:00+00:00,,PRE_TRADE_PROJECTED_EQUITY_BREACH
REJECTED,GBPUSD,SELL,2019-02-14 08:00:00+00:00,,PRE_TRADE_PROJECTED_EQUITY_BREACH
REJECTED,GBPUSD,SELL,2019-02-14 11:00:00+00:00,,PRE_TRADE_PROJECTED_EQUITY_BREACH
REJECTED,EURUSD,BUY,2019-02-14 13:00:00+00:00,,PRE_TRADE_PROJECTED_EQUITY_BREACH
REJECTED,GBPUSD,SELL,2019-02-14 14:00:00+00:00,,PRE_TRADE_PROJECTED_EQUITY_BREACH
REJECTED,GBPUSD,SELL,2019-02-14 15:00:00+00:00,,PRE_TRADE_PROJECTED_EQUITY_BREACH
REJECTED,EURUSD,SELL,2019-02-15 12:00:00+00:00,,PRE_TRADE_PROJECTED_EQUITY_BREACH
REJECTED,EURUSD,SELL,2019-02-15 13:00:00+00:00,,PRE_TRADE_PROJECTED_EQUITY_BREACH
REJECTED,GBPUSD,BUY,2019-02-15 15:00:00+00:00,,PRE_TRADE_PROJECTED_EQUITY_BREACH
REJECTED,GBPUSD,BUY,2019-02-15 16:00:00+00:00,,PRE_TRADE_PROJECTED_EQUITY_BREACH
REJECTED,GBPUSD,BUY,2019-02-15 17:00:00+00:00,,PRE_TRADE_PROJECTED_EQUITY_BREACH
REJECTED,EURUSD,BUY,2019-02-15 18:00:00+00:00,,PRE_TRADE_PROJECTED_EQUITY_BREACH
REJECTED,GBPUSD,BUY,2019-02-15 18:00:00+00:00,,PRE_TRADE_PROJECTED_EQUITY_BREACH
REJECTED,GBPUSD,BUY,2019-02-17 22:00:00+00:00,,PRE_TRADE_PROJECTED_EQUITY_BREACH
REJECTED,GBPUSD,BUY,2019-02-18 00:00:00+00:00,,PRE_TRADE_PROJECTED_EQUITY_BREACH
REJECTED,EURUSD,BUY,2019-02-18 01:00:00+00:00,,PRE_TRADE_PROJECTED_EQUITY_BREACH
REJECTED,GBPUSD,BUY,2019-02-18 01:00:00+00:00,,PRE_TRADE_PROJECTED_EQUITY_BREACH
REJECTED,EURUSD,BUY,2019-02-18 02:00:00+00:00,,PRE_TRADE_PROJECTED_EQUITY_BREACH
REJECTED,GBPUSD,BUY,2019-02-18 02:00:00+00:00,,PRE_TRADE_PROJECTED_EQUITY_BREACH
REJECTED,EURUSD,BUY,2019-02-18 10:00:00+00:00,,PRE_TRADE_PROJECTED_EQUITY_BREACH
REJECTED,GBPUSD,BUY,2019-02-18 10:00:00+00:00,,PRE_TRADE_PROJECTED_EQUITY_BREACH
REJECTED,EURUSD,BUY,2019-02-18 11:00:00+00:00,,PRE_TRADE_PROJECTED_EQUITY_BREACH
REJECTED,EURUSD,SELL,2019-02-19 11:00:00+00:00,,PRE_TRADE_PROJECTED_EQUITY_BREACH
REJECTED,GBPUSD,BUY,2019-02-19 12:00:00+00:00,,PRE_TRADE_PROJECTED_EQUITY_BREACH
REJECTED,GBPUSD,BUY,2019-02-19 13:00:00+00:00,,PRE_TRADE_PROJECTED_EQUITY_BREACH
REJECTED,GBPUSD,BUY,2019-02-19 14:00:00+00:00,,PRE_TRADE_PROJECTED_EQUITY_BREACH
REJECTED,EURUSD,BUY,2019-02-19 15:00:00+00:00,,PRE_TRADE_PROJECTED_EQUITY_BREACH
REJECTED,GBPUSD,BUY,2019-02-19 15:00:00+00:00,,PRE_TRADE_PROJECTED_EQUITY_BREACH
REJECTED,GBPUSD,BUY,2019-02-19 16:00:00+00:00,,PRE_TRADE_PROJECTED_EQUITY_BREACH
REJECTED,EURUSD,BUY,2019-02-19 17:00:00+00:00,,PRE_TRADE_PROJECTED_EQUITY_BREACH
REJECTED,GBPUSD,BUY,2019-02-19 17:00:00+00:00,,PRE_TRADE_PROJECTED_EQUITY_BREACH
REJECTED,GBPUSD,BUY,2019-02-20 01:00:00+00:00,,PRE_TRADE_PROJECTED_EQUITY_BREACH
REJECTED,EURUSD,BUY,2019-02-20 16:00:00+00:00,,PRE_TRADE_PROJECTED_EQUITY_BREACH
REJECTED,GBPUSD,BUY,2019-02-20 16:00:00+00:00,,PRE_TRADE_PROJECTED_EQUITY_BREACH
REJECTED,GBPUSD,BUY,2019-02-20 17:00:00+00:00,,PRE_TRADE_PROJECTED_EQUITY_BREACH
REJECTED,GBPUSD,SELL,2019-02-22 09:00:00+00:00,,PRE_TRADE_PROJECTED_EQUITY_BREACH
REJECTED,GBPUSD,SELL,2019-02-22 12:00:00+00:00,,PRE_TRADE_PROJECTED_EQUITY_BREACH
REJECTED,GBPUSD,BUY,2019-02-22 15:00:00+00:00,,PRE_TRADE_PROJECTED_EQUITY_BREACH
REJECTED,EURUSD,BUY,2019-02-25 07:00:00+00:00,,PRE_TRADE_PROJECTED_EQUITY_BREACH
REJECTED,GBPUSD,BUY,2019-02-25 07:00:00+00:00,,PRE_TRADE_PROJECTED_EQUITY_BREACH
REJECTED,EURUSD,BUY,2019-02-25 10:00:00+00:00,,PRE_TRADE_PROJECTED_EQUITY_BREACH
REJECTED,GBPUSD,BUY,2019-02-25 19:00:00+00:00,,PRE_TRADE_PROJECTED_EQUITY_BREACH
REJECTED,GBPUSD,BUY,2019-02-25 22:00:00+00:00,,PRE_TRADE_PROJECTED_EQUITY_BREACH
REJECTED,GBPUSD,BUY,2019-02-26 07:00:00+00:00,,PRE_TRADE_PROJECTED_EQUITY_BREACH
REJECTED,GBPUSD,BUY,2019-02-26 09:00:00+00:00,,PRE_TRADE_PROJECTED_EQUITY_BREACH
REJECTED,GBPUSD,BUY,2019-02-26 10:00:00+00:00,,PRE_TRADE_PROJECTED_EQUITY_BREACH
REJECTED,EURUSD,BUY,2019-02-26 13:00:00+00:00,,PRE_TRADE_PROJECTED_EQUITY_BREACH
REJECTED,GBPUSD,BUY,2019-02-26 15:00:00+00:00,,PRE_TRADE_PROJECTED_EQUITY_BREACH
REJECTED,GBPUSD,BUY,2019-02-26 16:00:00+00:00,,PRE_TRADE_PROJECTED_EQUITY_BREACH
REJECTED,EURUSD,BUY,2019-02-26 18:00:00+00:00,,PRE_TRADE_PROJECTED_EQUITY_BREACH
REJECTED,EURUSD,BUY,2019-02-26 19:00:00+00:00,,PRE_TRADE_PROJECTED_EQUITY_BREACH
REJECTED,GBPUSD,BUY,2019-02-27 10:00:00+00:00,,PRE_TRADE_PROJECTED_EQUITY_BREACH
REJECTED,GBPUSD,BUY,2019-02-27 11:00:00+00:00,,PRE_TRADE_PROJECTED_EQUITY_BREACH
REJECTED,EURUSD,SELL,2019-02-27 16:00:00+00:00,,PRE_TRADE_PROJECTED_EQUITY_BREACH
REJECTED,GBPUSD,SELL,2019-02-28 07:00:00+00:00,,PRE_TRADE_PROJECTED_EQUITY_BREACH
REJECTED,EURUSD,BUY,2019-02-28 10:00:00+00:00,,PRE_TRADE_PROJECTED_EQUITY_BREACH
REJECTED,EURUSD,BUY,2019-02-28 11:00:00+00:00,,PRE_TRADE_PROJECTED_EQUITY_BREACH
REJECTED,GBPUSD,SELL,2019-03-01 06:00:00+00:00,,PRE_TRADE_PROJECTED_EQUITY_BREACH
REJECTED,GBPUSD,SELL,2019-03-01 11:00:00+00:00,,PRE_TRADE_PROJECTED_EQUITY_BREACH
REJECTED,EURUSD,BUY,2019-03-01 14:00:00+00:00,,PRE_TRADE_PROJECTED_EQUITY_BREACH
REJECTED,GBPUSD,SELL,2019-03-01 17:00:00+00:00,,PRE_TRADE_PROJECTED_EQUITY_BREACH
REJECTED,GBPUSD,SELL,2019-03-01 18:00:00+00:00,,PRE_TRADE_PROJECTED_EQUITY_BREACH
REJECTED,GBPUSD,SELL,2019-03-01 19:00:00+00:00,,PRE_TRADE_PROJECTED_EQUITY_BREACH
REJECTED,EURUSD,SELL,2019-03-04 08:00:00+00:00,,PRE_TRADE_PROJECTED_EQUITY_BREACH
REJECTED,EURUSD,SELL,2019-03-04 11:00:00+00:00,,PRE_TRADE_PROJECTED_EQUITY_BREACH
REJECTED,EURUSD,SELL,2019-03-04 14:00:00+00:00,,PRE_TRADE_PROJECTED_EQUITY_BREACH
REJECTED,GBPUSD,SELL,2019-03-05 03:00:00+00:00,,PRE_TRADE_PROJECTED_EQUITY_BREACH
REJECTED,GBPUSD,SELL,2019-03-05 12:00:00+00:00,,PRE_TRADE_PROJECTED_EQUITY_BREACH
REJECTED,EURUSD,SELL,2019-03-05 15:00:00+00:00,,PRE_TRADE_PROJECTED_EQUITY_BREACH
REJECTED,EURUSD,BUY,2019-03-06 15:00:00+00:00,,PRE_TRADE_PROJECTED_EQUITY_BREACH
REJECTED,GBPUSD,BUY,2019-03-06 20:00:00+00:00,,PRE_TRADE_PROJECTED_EQUITY_BREACH
REJECTED,EURUSD,SELL,2019-03-07 12:00:00+00:00,,PRE_TRADE_PROJECTED_EQUITY_BREACH
REJECTED,GBPUSD,SELL,2019-03-07 12:00:00+00:00,,PRE_TRADE_PROJECTED_EQUITY_BREACH
REJECTED,EURUSD,SELL,2019-03-07 13:00:00+00:00,,PRE_TRADE_PROJECTED_EQUITY_BREACH
REJECTED,EURUSD,SELL,2019-03-07 14:00:00+00:00,,PRE_TRADE_PROJECTED_EQUITY_BREACH
REJECTED,GBPUSD,SELL,2019-03-07 14:00:00+00:00,,PRE_TRADE_PROJECTED_EQUITY_BREACH
REJECTED,EURUSD,SELL,2019-03-07 16:00:00+00:00,,PRE_TRADE_PROJECTED_EQUITY_BREACH
REJECTED,EURUSD,SELL,2019-03-07 19:00:00+00:00,,PRE_TRADE_PROJECTED_EQUITY_BREACH
REJECTED,GBPUSD,SELL,2019-03-07 19:00:00+00:00,,PRE_TRADE_PROJECTED_EQUITY_BREACH
REJECTED,GBPUSD,SELL,2019-03-08 15:00:00+00:00,,PRE_TRADE_PROJECTED_EQUITY_BREACH
REJECTED,EURUSD,BUY,2019-03-08 16:00:00+00:00,,PRE_TRADE_PROJECTED_EQUITY_BREACH
REJECTED,GBPUSD,SELL,2019-03-10 21:00:00+00:00,,PRE_TRADE_PROJECTED_EQUITY_BREACH
REJECTED,EURUSD,BUY,2019-03-11 07:00:00+00:00,,PRE_TRADE_PROJECTED_EQUITY_BREACH
REJECTED,EURUSD,BUY,2019-03-11 09:00:00+00:00,,PRE_TRADE_PROJECTED_EQUITY_BREACH
REJECTED,GBPUSD,BUY,2019-03-11 12:00:00+00:00,,PRE_TRADE_PROJECTED_EQUITY_BREACH
REJECTED,GBPUSD,BUY,2019-03-11 13:00:00+00:00,,PRE_TRADE_PROJECTED_EQUITY_BREACH
REJECTED,GBPUSD,BUY,2019-03-11 16:00:00+00:00,,PRE_TRADE_PROJECTED_EQUITY_BREACH
REJECTED,GBPUSD,BUY,2019-03-11 17:00:00+00:00,,PRE_TRADE_PROJECTED_EQUITY_BREACH
REJECTED,GBPUSD,BUY,2019-03-11 21:00:00+00:00,,PRE_TRADE_PROJECTED_EQUITY_BREACH
REJECTED,EURUSD,BUY,2019-03-11 22:00:00+00:00,,PRE_TRADE_PROJECTED_EQUITY_BREACH
REJECTED,GBPUSD,BUY,2019-03-11 22:00:00+00:00,,PRE_TRADE_PROJECTED_EQUITY_BREACH
REJECTED,EURUSD,BUY,2019-03-12 08:00:00+00:00,,PRE_TRADE_PROJECTED_EQUITY_BREACH
REJECTED,GBPUSD,SELL,2019-03-12 11:00:00+00:00,,PRE_TRADE_PROJECTED_EQUITY_BREACH
REJECTED,EURUSD,BUY,2019-03-12 18:00:00+00:00,,PRE_TRADE_PROJECTED_EQUITY_BREACH
REJECTED,GBPUSD,BUY,2019-03-13 08:00:00+00:00,,PRE_TRADE_PROJECTED_EQUITY_BREACH
REJECTED,EURUSD,BUY,2019-03-13 13:00:00+00:00,,PRE_TRADE_PROJECTED_EQUITY_BREACH
REJECTED,GBPUSD,BUY,2019-03-13 13:00:00+00:00,,PRE_TRADE_PROJECTED_EQUITY_BREACH
REJECTED,GBPUSD,BUY,2019-03-13 15:00:00+00:00,,PRE_TRADE_PROJECTED_EQUITY_BREACH
REJECTED,EURUSD,BUY,2019-03-13 18:00:00+00:00,,PRE_TRADE_PROJECTED_EQUITY_BREACH
REJECTED,GBPUSD,BUY,2019-03-13 19:00:00+00:00,,PRE_TRADE_PROJECTED_EQUITY_BREACH
REJECTED,GBPUSD,BUY,2019-03-13 20:00:00+00:00,,PRE_TRADE_PROJECTED_EQUITY_BREACH
REJECTED,EURUSD,BUY,2019-03-15 13:00:00+00:00,,PRE_TRADE_PROJECTED_EQUITY_BREACH
REJECTED,EURUSD,BUY,2019-03-15 14:00:00+00:00,,PRE_TRADE_PROJECTED_EQUITY_BREACH
REJECTED,EURUSD,BUY,2019-03-18 07:00:00+00:00,,PRE_TRADE_PROJECTED_EQUITY_BREACH
REJECTED,EURUSD,BUY,2019-03-18 09:00:00+00:00,,PRE_TRADE_PROJECTED_EQUITY_BREACH
REJECTED,EURUSD,BUY,2019-03-18 10:00:00+00:00,,PRE_TRADE_PROJECTED_EQUITY_BREACH
REJECTED,EURUSD,BUY,2019-03-18 11:00:00+00:00,,PRE_TRADE_PROJECTED_EQUITY_BREACH
REJECTED,GBPUSD,SELL,2019-03-18 13:00:00+00:00,,PRE_TRADE_PROJECTED_EQUITY_BREACH
REJECTED,GBPUSD,SELL,2019-03-18 15:00:00+00:00,,PRE_TRADE_PROJECTED_EQUITY_BREACH
REJECTED,GBPUSD,BUY,2019-03-19 10:00:00+00:00,,PRE_TRADE_PROJECTED_EQUITY_BREACH
REJECTED,GBPUSD,SELL,2019-03-20 07:00:00+00:00,,PRE_TRADE_PROJECTED_EQUITY_BREACH
REJECTED,GBPUSD,SELL,2019-03-20 08:00:00+00:00,,PRE_TRADE_PROJECTED_EQUITY_BREACH
REJECTED,GBPUSD,SELL,2019-03-20 12:00:00+00:00,,PRE_TRADE_PROJECTED_EQUITY_BREACH
REJECTED,EURUSD,BUY,2019-03-20 18:00:00+00:00,,PRE_TRADE_PROJECTED_EQUITY_BREACH
REJECTED,GBPUSD,SELL,2019-03-21 10:00:00+00:00,,PRE_TRADE_PROJECTED_EQUITY_BREACH
REJECTED,GBPUSD,SELL,2019-03-21 11:00:00+00:00,,PRE_TRADE_PROJECTED_EQUITY_BREACH
REJECTED,EURUSD,SELL,2019-03-21 15:00:00+00:00,,PRE_TRADE_PROJECTED_EQUITY_BREACH
REJECTED,GBPUSD,SELL,2019-03-21 15:00:00+00:00,,PRE_TRADE_PROJECTED_EQUITY_BREACH
REJECTED,EURUSD,SELL,2019-03-21 16:00:00+00:00,,PRE_TRADE_PROJECTED_EQUITY_BREACH
REJECTED,GBPUSD,SELL,2019-03-21 16:00:00+00:00,,PRE_TRADE_PROJECTED_EQUITY_BREACH
REJECTED,EURUSD,SELL,2019-03-22 08:00:00+00:00,,PRE_TRADE_PROJECTED_EQUITY_BREACH
REJECTED,GBPUSD,BUY,2019-03-22 13:00:00+00:00,,PRE_TRADE_PROJECTED_EQUITY_BREACH
REJECTED,EURUSD,SELL,2019-03-22 14:00:00+00:00,,PRE_TRADE_PROJECTED_EQUITY_BREACH
REJECTED,GBPUSD,BUY,2019-03-22 15:00:00+00:00,,PRE_TRADE_PROJECTED_EQUITY_BREACH
REJECTED,EURUSD,BUY,2019-03-25 09:00:00+00:00,,PRE_TRADE_PROJECTED_EQUITY_BREACH
REJECTED,GBPUSD,BUY,2019-03-25 12:00:00+00:00,,PRE_TRADE_PROJECTED_EQUITY_BREACH
REJECTED,EURUSD,SELL,2019-03-26 12:00:00+00:00,,PRE_TRADE_PROJECTED_EQUITY_BREACH
REJECTED,EURUSD,SELL,2019-03-26 15:00:00+00:00,,PRE_TRADE_PROJECTED_EQUITY_BREACH
REJECTED,EURUSD,SELL,2019-03-26 18:00:00+00:00,,PRE_TRADE_PROJECTED_EQUITY_BREACH
REJECTED,EURUSD,SELL,2019-03-26 19:00:00+00:00,,PRE_TRADE_PROJECTED_EQUITY_BREACH
REJECTED,EURUSD,SELL,2019-03-27 01:00:00+00:00,,PRE_TRADE_PROJECTED_EQUITY_BREACH
REJECTED,GBPUSD,BUY,2019-03-27 12:00:00+00:00,,PRE_TRADE_PROJECTED_EQUITY_BREACH
REJECTED,GBPUSD,BUY,2019-03-27 18:00:00+00:00,,PRE_TRADE_PROJECTED_EQUITY_BREACH
REJECTED,GBPUSD,SELL,2019-03-27 21:00:00+00:00,,PRE_TRADE_PROJECTED_EQUITY_BREACH
REJECTED,GBPUSD,SELL,2019-03-27 22:00:00+00:00,,PRE_TRADE_PROJECTED_EQUITY_BREACH
REJECTED,GBPUSD,SELL,2019-03-27 23:00:00+00:00,,PRE_TRADE_PROJECTED_EQUITY_BREACH
REJECTED,EURUSD,SELL,2019-03-28 07:00:00+00:00,,PRE_TRADE_PROJECTED_EQUITY_BREACH
REJECTED,EURUSD,SELL,2019-03-28 11:00:00+00:00,,PRE_TRADE_PROJECTED_EQUITY_BREACH
REJECTED,GBPUSD,SELL,2019-03-28 11:00:00+00:00,,PRE_TRADE_PROJECTED_EQUITY_BREACH
REJECTED,EURUSD,SELL,2019-03-28 12:00:00+00:00,,PRE_TRADE_PROJECTED_EQUITY_BREACH
REJECTED,EURUSD,SELL,2019-03-28 13:00:00+00:00,,PRE_TRADE_PROJECTED_EQUITY_BREACH
REJECTED,GBPUSD,SELL,2019-03-28 13:00:00+00:00,,PRE_TRADE_PROJECTED_EQUITY_BREACH
REJECTED,GBPUSD,SELL,2019-03-28 16:00:00+00:00,,PRE_TRADE_PROJECTED_EQUITY_BREACH
REJECTED,GBPUSD,SELL,2019-03-29 07:00:00+00:00,,PRE_TRADE_PROJECTED_EQUITY_BREACH
REJECTED,GBPUSD,SELL,2019-03-29 08:00:00+00:00,,PRE_TRADE_PROJECTED_EQUITY_BREACH
REJECTED,EURUSD,SELL,2019-03-29 09:00:00+00:00,,PRE_TRADE_PROJECTED_EQUITY_BREACH
REJECTED,GBPUSD,BUY,2019-03-29 11:00:00+00:00,,PRE_TRADE_PROJECTED_EQUITY_BREACH
REJECTED,GBPUSD,SELL,2019-03-29 14:00:00+00:00,,PRE_TRADE_PROJECTED_EQUITY_BREACH
REJECTED,GBPUSD,BUY,2019-04-01 11:00:00+00:00,,PRE_TRADE_PROJECTED_EQUITY_BREACH
REJECTED,GBPUSD,BUY,2019-04-01 12:00:00+00:00,,PRE_TRADE_PROJECTED_EQUITY_BREACH
REJECTED,GBPUSD,BUY,2019-04-01 15:00:00+00:00,,PRE_TRADE_PROJECTED_EQUITY_BREACH
REJECTED,EURUSD,SELL,2019-04-01 16:00:00+00:00,,PRE_TRADE_PROJECTED_EQUITY_BREACH
REJECTED,EURUSD,SELL,2019-04-01 17:00:00+00:00,,PRE_TRADE_PROJECTED_EQUITY_BREACH
REJECTED,EURUSD,SELL,2019-04-01 22:00:00+00:00,,PRE_TRADE_PROJECTED_EQUITY_BREACH
REJECTED,GBPUSD,SELL,2019-04-02 12:00:00+00:00,,PRE_TRADE_PROJECTED_EQUITY_BREACH
REJECTED,EURUSD,BUY,2019-04-03 01:00:00+00:00,,PRE_TRADE_PROJECTED_EQUITY_BREACH
REJECTED,EURUSD,BUY,2019-04-03 02:00:00+00:00,,PRE_TRADE_PROJECTED_EQUITY_BREACH
REJECTED,GBPUSD,BUY,2019-04-03 07:00:00+00:00,,PRE_TRADE_PROJECTED_EQUITY_BREACH
REJECTED,EURUSD,BUY,2019-04-03 08:00:00+00:00,,PRE_TRADE_PROJECTED_EQUITY_BREACH
REJECTED,GBPUSD,BUY,2019-04-03 08:00:00+00:00,,PRE_TRADE_PROJECTED_EQUITY_BREACH
REJECTED,EURUSD,BUY,2019-04-03 09:00:00+00:00,,PRE_TRADE_PROJECTED_EQUITY_BREACH
REJECTED,EURUSD,BUY,2019-04-03 10:00:00+00:00,,PRE_TRADE_PROJECTED_EQUITY_BREACH
REJECTED,GBPUSD,BUY,2019-04-04 07:00:00+00:00,,PRE_TRADE_PROJECTED_EQUITY_BREACH
REJECTED,GBPUSD,SELL,2019-04-04 12:00:00+00:00,,PRE_TRADE_PROJECTED_EQUITY_BREACH
REJECTED,EURUSD,SELL,2019-04-04 13:00:00+00:00,,PRE_TRADE_PROJECTED_EQUITY_BREACH
REJECTED,GBPUSD,SELL,2019-04-04 13:00:00+00:00,,PRE_TRADE_PROJECTED_EQUITY_BREACH
REJECTED,GBPUSD,SELL,2019-04-04 14:00:00+00:00,,PRE_TRADE_PROJECTED_EQUITY_BREACH
REJECTED,GBPUSD,SELL,2019-04-04 15:00:00+00:00,,PRE_TRADE_PROJECTED_EQUITY_BREACH
REJECTED,GBPUSD,SELL,2019-04-04 16:00:00+00:00,,PRE_TRADE_PROJECTED_EQUITY_BREACH
REJECTED,GBPUSD,SELL,2019-04-05 13:00:00+00:00,,PRE_TRADE_PROJECTED_EQUITY_BREACH
REJECTED,GBPUSD,SELL,2019-04-05 14:00:00+00:00,,PRE_TRADE_PROJECTED_EQUITY_BREACH
REJECTED,GBPUSD,SELL,2019-04-05 15:00:00+00:00,,PRE_TRADE_PROJECTED_EQUITY_BREACH
REJECTED,GBPUSD,SELL,2019-04-05 16:00:00+00:00,,PRE_TRADE_PROJECTED_EQUITY_BREACH
REJECTED,EURUSD,BUY,2019-04-08 10:00:00+00:00,,PRE_TRADE_PROJECTED_EQUITY_BREACH
REJECTED,EURUSD,BUY,2019-04-08 11:00:00+00:00,,PRE_TRADE_PROJECTED_EQUITY_BREACH
REJECTED,EURUSD,BUY,2019-04-08 12:00:00+00:00,,PRE_TRADE_PROJECTED_EQUITY_BREACH
REJECTED,EURUSD,BUY,2019-04-08 13:00:00+00:00,,PRE_TRADE_PROJECTED_EQUITY_BREACH
REJECTED,EURUSD,BUY,2019-04-08 14:00:00+00:00,,PRE_TRADE_PROJECTED_EQUITY_BREACH
REJECTED,GBPUSD,BUY,2019-04-09 03:00:00+00:00,,PRE_TRADE_PROJECTED_EQUITY_BREACH
REJECTED,GBPUSD,BUY,2019-04-09 06:00:00+00:00,,PRE_TRADE_PROJECTED_EQUITY_BREACH
REJECTED,EURUSD,BUY,2019-04-09 09:00:00+00:00,,PRE_TRADE_PROJECTED_EQUITY_BREACH
REJECTED,GBPUSD,BUY,2019-04-09 09:00:00+00:00,,PRE_TRADE_PROJECTED_EQUITY_BREACH
REJECTED,EURUSD,SELL,2019-04-10 14:00:00+00:00,,PRE_TRADE_PROJECTED_EQUITY_BREACH
REJECTED,GBPUSD,BUY,2019-04-10 17:00:00+00:00,,PRE_TRADE_PROJECTED_EQUITY_BREACH
REJECTED,EURUSD,SELL,2019-04-11 13:00:00+00:00,,PRE_TRADE_PROJECTED_EQUITY_BREACH
REJECTED,EURUSD,SELL,2019-04-11 18:00:00+00:00,,PRE_TRADE_PROJECTED_EQUITY_BREACH
REJECTED,GBPUSD,SELL,2019-04-11 21:00:00+00:00,,PRE_TRADE_PROJECTED_EQUITY_BREACH
REJECTED,EURUSD,BUY,2019-04-12 09:00:00+00:00,,PRE_TRADE_PROJECTED_EQUITY_BREACH
REJECTED,EURUSD,BUY,2019-04-12 10:00:00+00:00,,PRE_TRADE_PROJECTED_EQUITY_BREACH
REJECTED,GBPUSD,BUY,2019-04-12 12:00:00+00:00,,PRE_TRADE_PROJECTED_EQUITY_BREACH
REJECTED,GBPUSD,BUY,2019-04-12 13:00:00+00:00,,PRE_TRADE_PROJECTED_EQUITY_BREACH
REJECTED,EURUSD,SELL,2019-04-16 02:00:00+00:00,,PRE_TRADE_PROJECTED_EQUITY_BREACH
REJECTED,EURUSD,SELL,2019-04-16 10:00:00+00:00,,PRE_TRADE_PROJECTED_EQUITY_BREACH
REJECTED,GBPUSD,SELL,2019-04-16 13:00:00+00:00,,PRE_TRADE_PROJECTED_EQUITY_BREACH
REJECTED,GBPUSD,SELL,2019-04-16 16:00:00+00:00,,PRE_TRADE_PROJECTED_EQUITY_BREACH
REJECTED,GBPUSD,SELL,2019-04-16 23:00:00+00:00,,PRE_TRADE_PROJECTED_EQUITY_BREACH
REJECTED,EURUSD,BUY,2019-04-17 08:00:00+00:00,,PRE_TRADE_PROJECTED_EQUITY_BREACH
REJECTED,EURUSD,SELL,2019-04-18 08:00:00+00:00,,PRE_TRADE_PROJECTED_EQUITY_BREACH
REJECTED,GBPUSD,SELL,2019-04-18 08:00:00+00:00,,PRE_TRADE_PROJECTED_EQUITY_BREACH
REJECTED,EURUSD,SELL,2019-04-18 09:00:00+00:00,,PRE_TRADE_PROJECTED_EQUITY_BREACH
REJECTED,EURUSD,SELL,2019-04-18 13:00:00+00:00,,PRE_TRADE_PROJECTED_EQUITY_BREACH
REJECTED,EURUSD,SELL,2019-04-18 17:00:00+00:00,,PRE_TRADE_PROJECTED_EQUITY_BREACH
REJECTED,GBPUSD,SELL,2019-04-18 17:00:00+00:00,,PRE_TRADE_PROJECTED_EQUITY_BREACH
REJECTED,EURUSD,SELL,2019-04-18 18:00:00+00:00,,PRE_TRADE_PROJECTED_EQUITY_BREACH
REJECTED,EURUSD,BUY,2019-04-22 10:00:00+00:00,,PRE_TRADE_PROJECTED_EQUITY_BREACH
REJECTED,GBPUSD,SELL,2019-04-22 15:00:00+00:00,,PRE_TRADE_PROJECTED_EQUITY_BREACH
REJECTED,EURUSD,BUY,2019-04-22 16:00:00+00:00,,PRE_TRADE_PROJECTED_EQUITY_BREACH
REJECTED,GBPUSD,BUY,2019-04-23 10:00:00+00:00,,PRE_TRADE_PROJECTED_EQUITY_BREACH
REJECTED,EURUSD,SELL,2019-04-23 13:00:00+00:00,,PRE_TRADE_PROJECTED_EQUITY_BREACH
REJECTED,GBPUSD,SELL,2019-04-23 13:00:00+00:00,,PRE_TRADE_PROJECTED_EQUITY_BREACH
REJECTED,EURUSD,SELL,2019-04-23 14:00:00+00:00,,PRE_TRADE_PROJECTED_EQUITY_BREACH
REJECTED,GBPUSD,SELL,2019-04-23 15:00:00+00:00,,PRE_TRADE_PROJECTED_EQUITY_BREACH
REJECTED,GBPUSD,SELL,2019-04-24 07:00:00+00:00,,PRE_TRADE_PROJECTED_EQUITY_BREACH
REJECTED,GBPUSD,BUY,2019-04-24 12:00:00+00:00,,PRE_TRADE_PROJECTED_EQUITY_BREACH
REJECTED,GBPUSD,BUY,2019-04-24 13:00:00+00:00,,PRE_TRADE_PROJECTED_EQUITY_BREACH
REJECTED,EURUSD,SELL,2019-04-24 14:00:00+00:00,,PRE_TRADE_PROJECTED_EQUITY_BREACH
REJECTED,GBPUSD,BUY,2019-04-24 15:00:00+00:00,,PRE_TRADE_PROJECTED_EQUITY_BREACH
REJECTED,EURUSD,SELL,2019-04-24 17:00:00+00:00,,PRE_TRADE_PROJECTED_EQUITY_BREACH
REJECTED,EURUSD,SELL,2019-04-24 19:00:00+00:00,,PRE_TRADE_PROJECTED_EQUITY_BREACH
REJECTED,GBPUSD,SELL,2019-04-24 19:00:00+00:00,,PRE_TRADE_PROJECTED_EQUITY_BREACH
REJECTED,EURUSD,SELL,2019-04-25 10:00:00+00:00,,PRE_TRADE_PROJECTED_EQUITY_BREACH
REJECTED,GBPUSD,SELL,2019-04-25 10:00:00+00:00,,PRE_TRADE_PROJECTED_EQUITY_BREACH
REJECTED,EURUSD,SELL,2019-04-25 12:00:00+00:00,,PRE_TRADE_PROJECTED_EQUITY_BREACH
REJECTED,GBPUSD,SELL,2019-04-25 12:00:00+00:00,,PRE_TRADE_PROJECTED_EQUITY_BREACH
REJECTED,EURUSD,BUY,2019-04-26 13:00:00+00:00,,PRE_TRADE_PROJECTED_EQUITY_BREACH
REJECTED,GBPUSD,BUY,2019-04-26 13:00:00+00:00,,PRE_TRADE_PROJECTED_EQUITY_BREACH
REJECTED,EURUSD,BUY,2019-04-26 15:00:00+00:00,,PRE_TRADE_PROJECTED_EQUITY_BREACH
REJECTED,GBPUSD,BUY,2019-04-26 15:00:00+00:00,,PRE_TRADE_PROJECTED_EQUITY_BREACH
REJECTED,EURUSD,BUY,2019-04-29 17:00:00+00:00,,PRE_TRADE_PROJECTED_EQUITY_BREACH
REJECTED,EURUSD,BUY,2019-04-30 01:00:00+00:00,,PRE_TRADE_PROJECTED_EQUITY_BREACH
REJECTED,GBPUSD,BUY,2019-04-30 08:00:00+00:00,,PRE_TRADE_PROJECTED_EQUITY_BREACH
REJECTED,EURUSD,BUY,2019-04-30 09:00:00+00:00,,PRE_TRADE_PROJECTED_EQUITY_BREACH
REJECTED,GBPUSD,BUY,2019-04-30 09:00:00+00:00,,PRE_TRADE_PROJECTED_EQUITY_BREACH
REJECTED,EURUSD,BUY,2019-04-30 10:00:00+00:00,,PRE_TRADE_PROJECTED_EQUITY_BREACH
REJECTED,GBPUSD,BUY,2019-04-30 10:00:00+00:00,,PRE_TRADE_PROJECTED_EQUITY_BREACH
REJECTED,GBPUSD,BUY,2019-04-30 11:00:00+00:00,,PRE_TRADE_PROJECTED_EQUITY_BREACH
REJECTED,EURUSD,BUY,2019-04-30 12:00:00+00:00,,PRE_TRADE_PROJECTED_EQUITY_BREACH
REJECTED,GBPUSD,BUY,2019-04-30 13:00:00+00:00,,PRE_TRADE_PROJECTED_EQUITY_BREACH
REJECTED,GBPUSD,BUY,2019-04-30 14:00:00+00:00,,PRE_TRADE_PROJECTED_EQUITY_BREACH
REJECTED,GBPUSD,BUY,2019-05-01 08:00:00+00:00,,PRE_TRADE_PROJECTED_EQUITY_BREACH
REJECTED,EURUSD,BUY,2019-05-01 10:00:00+00:00,,PRE_TRADE_PROJECTED_EQUITY_BREACH
REJECTED,EURUSD,BUY,2019-05-01 15:00:00+00:00,,PRE_TRADE_PROJECTED_EQUITY_BREACH
REJECTED,GBPUSD,BUY,2019-05-01 15:00:00+00:00,,PRE_TRADE_PROJECTED_EQUITY_BREACH
REJECTED,GBPUSD,BUY,2019-05-01 16:00:00+00:00,,PRE_TRADE_PROJECTED_EQUITY_BREACH
REJECTED,EURUSD,SELL,2019-05-01 19:00:00+00:00,,PRE_TRADE_PROJECTED_EQUITY_BREACH
REJECTED,EURUSD,SELL,2019-05-02 14:00:00+00:00,,PRE_TRADE_PROJECTED_EQUITY_BREACH
REJECTED,EURUSD,SELL,2019-05-02 21:00:00+00:00,,PRE_TRADE_PROJECTED_EQUITY_BREACH
REJECTED,EURUSD,SELL,2019-05-03 05:00:00+00:00,,PRE_TRADE_PROJECTED_EQUITY_BREACH
REJECTED,EURUSD,SELL,2019-05-03 07:00:00+00:00,,PRE_TRADE_PROJECTED_EQUITY_BREACH
REJECTED,GBPUSD,SELL,2019-05-03 07:00:00+00:00,,PRE_TRADE_PROJECTED_EQUITY_BREACH
REJECTED,EURUSD,SELL,2019-05-03 10:00:00+00:00,,PRE_TRADE_PROJECTED_EQUITY_BREACH
REJECTED,GBPUSD,SELL,2019-05-03 10:00:00+00:00,,PRE_TRADE_PROJECTED_EQUITY_BREACH
REJECTED,EURUSD,SELL,2019-05-03 11:00:00+00:00,,PRE_TRADE_PROJECTED_EQUITY_BREACH
REJECTED,EURUSD,BUY,2019-05-03 15:00:00+00:00,,PRE_TRADE_PROJECTED_EQUITY_BREACH
REJECTED,GBPUSD,BUY,2019-05-03 15:00:00+00:00,,PRE_TRADE_PROJECTED_EQUITY_BREACH
REJECTED,GBPUSD,BUY,2019-05-03 16:00:00+00:00,,PRE_TRADE_PROJECTED_EQUITY_BREACH
REJECTED,GBPUSD,SELL,2019-05-06 13:00:00+00:00,,PRE_TRADE_PROJECTED_EQUITY_BREACH
REJECTED,EURUSD,BUY,2019-05-07 05:00:00+00:00,,PRE_TRADE_PROJECTED_EQUITY_BREACH
REJECTED,GBPUSD,BUY,2019-05-07 05:00:00+00:00,,PRE_TRADE_PROJECTED_EQUITY_BREACH
REJECTED,EURUSD,SELL,2019-05-07 12:00:00+00:00,,PRE_TRADE_PROJECTED_EQUITY_BREACH
REJECTED,GBPUSD,SELL,2019-05-07 12:00:00+00:00,,PRE_TRADE_PROJECTED_EQUITY_BREACH
REJECTED,GBPUSD,SELL,2019-05-07 13:00:00+00:00,,PRE_TRADE_PROJECTED_EQUITY_BREACH
REJECTED,EURUSD,BUY,2019-05-08 07:00:00+00:00,,PRE_TRADE_PROJECTED_EQUITY_BREACH
REJECTED,GBPUSD,SELL,2019-05-08 10:00:00+00:00,,PRE_TRADE_PROJECTED_EQUITY_BREACH
REJECTED,GBPUSD,SELL,2019-05-08 11:00:00+00:00,,PRE_TRADE_PROJECTED_EQUITY_BREACH
REJECTED,EURUSD,BUY,2019-05-09 14:00:00+00:00,,PRE_TRADE_PROJECTED_EQUITY_BREACH
REJECTED,GBPUSD,BUY,2019-05-09 18:00:00+00:00,,PRE_TRADE_PROJECTED_EQUITY_BREACH
REJECTED,EURUSD,BUY,2019-05-10 13:00:00+00:00,,PRE_TRADE_PROJECTED_EQUITY_BREACH
REJECTED,EURUSD,BUY,2019-05-13 13:00:00+00:00,,PRE_TRADE_PROJECTED_EQUITY_BREACH
REJECTED,GBPUSD,SELL,2019-05-13 15:00:00+00:00,,PRE_TRADE_PROJECTED_EQUITY_BREACH
REJECTED,GBPUSD,SELL,2019-05-13 16:00:00+00:00,,PRE_TRADE_PROJECTED_EQUITY_BREACH
REJECTED,GBPUSD,SELL,2019-05-13 17:00:00+00:00,,PRE_TRADE_PROJECTED_EQUITY_BREACH
REJECTED,EURUSD,SELL,2019-05-13 21:00:00+00:00,,PRE_TRADE_PROJECTED_EQUITY_BREACH
REJECTED,GBPUSD,SELL,2019-05-14 08:00:00+00:00,,PRE_TRADE_PROJECTED_EQUITY_BREACH
REJECTED,EURUSD,SELL,2019-05-14 13:00:00+00:00,,PRE_TRADE_PROJECTED_EQUITY_BREACH
REJECTED,GBPUSD,SELL,2019-05-14 14:00:00+00:00,,PRE_TRADE_PROJECTED_EQUITY_BREACH
REJECTED,GBPUSD,SELL,2019-05-14 19:00:00+00:00,,PRE_TRADE_PROJECTED_EQUITY_BREACH
REJECTED,EURUSD,SELL,2019-05-14 21:00:00+00:00,,PRE_TRADE_PROJECTED_EQUITY_BREACH
REJECTED,EURUSD,SELL,2019-05-15 11:00:00+00:00,,PRE_TRADE_PROJECTED_EQUITY_BREACH
REJECTED,EURUSD,SELL,2019-05-15 12:00:00+00:00,,PRE_TRADE_PROJECTED_EQUITY_BREACH
REJECTED,GBPUSD,SELL,2019-05-15 12:00:00+00:00,,PRE_TRADE_PROJECTED_EQUITY_BREACH
REJECTED,GBPUSD,SELL,2019-05-15 13:00:00+00:00,,PRE_TRADE_PROJECTED_EQUITY_BREACH
REJECTED,GBPUSD,SELL,2019-05-15 14:00:00+00:00,,PRE_TRADE_PROJECTED_EQUITY_BREACH
REJECTED,GBPUSD,SELL,2019-05-16 12:00:00+00:00,,PRE_TRADE_PROJECTED_EQUITY_BREACH
REJECTED,EURUSD,SELL,2019-05-16 13:00:00+00:00,,PRE_TRADE_PROJECTED_EQUITY_BREACH
REJECTED,GBPUSD,SELL,2019-05-16 13:00:00+00:00,,PRE_TRADE_PROJECTED_EQUITY_BREACH
REJECTED,EURUSD,SELL,2019-05-16 14:00:00+00:00,,PRE_TRADE_PROJECTED_EQUITY_BREACH
REJECTED,GBPUSD,SELL,2019-05-16 14:00:00+00:00,,PRE_TRADE_PROJECTED_EQUITY_BREACH
REJECTED,EURUSD,SELL,2019-05-16 15:00:00+00:00,,PRE_TRADE_PROJECTED_EQUITY_BREACH
REJECTED,GBPUSD,SELL,2019-05-16 15:00:00+00:00,,PRE_TRADE_PROJECTED_EQUITY_BREACH
REJECTED,EURUSD,SELL,2019-05-16 19:00:00+00:00,,PRE_TRADE_PROJECTED_EQUITY_BREACH
REJECTED,GBPUSD,SELL,2019-05-17 01:00:00+00:00,,PRE_TRADE_PROJECTED_EQUITY_BREACH
REJECTED,EURUSD,SELL,2019-05-17 10:00:00+00:00,,PRE_TRADE_PROJECTED_EQUITY_BREACH
REJECTED,GBPUSD,SELL,2019-05-17 10:00:00+00:00,,PRE_TRADE_PROJECTED_EQUITY_BREACH
REJECTED,GBPUSD,SELL,2019-05-17 12:00:00+00:00,,PRE_TRADE_PROJECTED_EQUITY_BREACH
REJECTED,GBPUSD,SELL,2019-05-17 15:00:00+00:00,,PRE_TRADE_PROJECTED_EQUITY_BREACH
REJECTED,GBPUSD,SELL,2019-05-17 16:00:00+00:00,,PRE_TRADE_PROJECTED_EQUITY_BREACH
REJECTED,EURUSD,SELL,2019-05-20 04:00:00+00:00,,PRE_TRADE_PROJECTED_EQUITY_BREACH
REJECTED,EURUSD,BUY,2019-05-20 16:00:00+00:00,,PRE_TRADE_PROJECTED_EQUITY_BREACH
REJECTED,EURUSD,SELL,2019-05-21 06:00:00+00:00,,PRE_TRADE_PROJECTED_EQUITY_BREACH
REJECTED,EURUSD,SELL,2019-05-21 07:00:00+00:00,,PRE_TRADE_PROJECTED_EQUITY_BREACH
REJECTED,GBPUSD,SELL,2019-05-21 07:00:00+00:00,,PRE_TRADE_PROJECTED_EQUITY_BREACH
REJECTED,GBPUSD,SELL,2019-05-21 08:00:00+00:00,,PRE_TRADE_PROJECTED_EQUITY_BREACH
REJECTED,GBPUSD,BUY,2019-05-21 13:00:00+00:00,,PRE_TRADE_PROJECTED_EQUITY_BREACH
REJECTED,EURUSD,BUY,2019-05-21 15:00:00+00:00,,PRE_TRADE_PROJECTED_EQUITY_BREACH
REJECTED,GBPUSD,BUY,2019-05-21 15:00:00+00:00,,PRE_TRADE_PROJECTED_EQUITY_BREACH
REJECTED,GBPUSD,SELL,2019-05-22 07:00:00+00:00,,PRE_TRADE_PROJECTED_EQUITY_BREACH
REJECTED,GBPUSD,SELL,2019-05-22 08:00:00+00:00,,PRE_TRADE_PROJECTED_EQUITY_BREACH
REJECTED,GBPUSD,SELL,2019-05-22 12:00:00+00:00,,PRE_TRADE_PROJECTED_EQUITY_BREACH
REJECTED,GBPUSD,SELL,2019-05-22 14:00:00+00:00,,PRE_TRADE_PROJECTED_EQUITY_BREACH
REJECTED,EURUSD,SELL,2019-05-23 07:00:00+00:00,,PRE_TRADE_PROJECTED_EQUITY_BREACH
REJECTED,GBPUSD,SELL,2019-05-23 07:00:00+00:00,,PRE_TRADE_PROJECTED_EQUITY_BREACH
REJECTED,EURUSD,BUY,2019-05-23 16:00:00+00:00,,PRE_TRADE_PROJECTED_EQUITY_BREACH
REJECTED,EURUSD,BUY,2019-05-23 17:00:00+00:00,,PRE_TRADE_PROJECTED_EQUITY_BREACH
REJECTED,EURUSD,BUY,2019-05-24 07:00:00+00:00,,PRE_TRADE_PROJECTED_EQUITY_BREACH
REJECTED,GBPUSD,BUY,2019-05-24 09:00:00+00:00,,PRE_TRADE_PROJECTED_EQUITY_BREACH
REJECTED,GBPUSD,BUY,2019-05-24 10:00:00+00:00,,PRE_TRADE_PROJECTED_EQUITY_BREACH
REJECTED,EURUSD,SELL,2019-05-28 02:00:00+00:00,,PRE_TRADE_PROJECTED_EQUITY_BREACH
REJECTED,GBPUSD,SELL,2019-05-28 08:00:00+00:00,,PRE_TRADE_PROJECTED_EQUITY_BREACH
REJECTED,EURUSD,SELL,2019-05-28 15:00:00+00:00,,PRE_TRADE_PROJECTED_EQUITY_BREACH
REJECTED,EURUSD,SELL,2019-05-28 17:00:00+00:00,,PRE_TRADE_PROJECTED_EQUITY_BREACH
REJECTED,EURUSD,SELL,2019-05-28 21:00:00+00:00,,PRE_TRADE_PROJECTED_EQUITY_BREACH
REJECTED,EURUSD,SELL,2019-05-29 07:00:00+00:00,,PRE_TRADE_PROJECTED_EQUITY_BREACH
REJECTED,EURUSD,SELL,2019-05-29 08:00:00+00:00,,PRE_TRADE_PROJECTED_EQUITY_BREACH
REJECTED,GBPUSD,SELL,2019-05-29 08:00:00+00:00,,PRE_TRADE_PROJECTED_EQUITY_BREACH
REJECTED,EURUSD,SELL,2019-05-29 14:00:00+00:00,,PRE_TRADE_PROJECTED_EQUITY_BREACH
REJECTED,EURUSD,SELL,2019-05-30 14:00:00+00:00,,PRE_TRADE_PROJECTED_EQUITY_BREACH
REJECTED,GBPUSD,SELL,2019-05-30 14:00:00+00:00,,PRE_TRADE_PROJECTED_EQUITY_BREACH
REJECTED,GBPUSD,SELL,2019-05-30 15:00:00+00:00,,PRE_TRADE_PROJECTED_EQUITY_BREACH
REJECTED,EURUSD,BUY,2019-05-31 08:00:00+00:00,,PRE_TRADE_PROJECTED_EQUITY_BREACH
REJECTED,GBPUSD,SELL,2019-05-31 10:00:00+00:00,,PRE_TRADE_PROJECTED_EQUITY_BREACH
REJECTED,GBPUSD,SELL,2019-05-31 12:00:00+00:00,,PRE_TRADE_PROJECTED_EQUITY_BREACH
REJECTED,GBPUSD,BUY,2019-05-31 20:00:00+00:00,,PRE_TRADE_PROJECTED_EQUITY_BREACH
REJECTED,GBPUSD,BUY,2019-06-03 01:00:00+00:00,,PRE_TRADE_PROJECTED_EQUITY_BREACH
REJECTED,EURUSD,BUY,2019-06-03 02:00:00+00:00,,PRE_TRADE_PROJECTED_EQUITY_BREACH
REJECTED,GBPUSD,BUY,2019-06-03 02:00:00+00:00,,PRE_TRADE_PROJECTED_EQUITY_BREACH
REJECTED,EURUSD,BUY,2019-06-03 03:00:00+00:00,,PRE_TRADE_PROJECTED_EQUITY_BREACH
REJECTED,GBPUSD,BUY,2019-06-03 03:00:00+00:00,,PRE_TRADE_PROJECTED_EQUITY_BREACH
REJECTED,EURUSD,BUY,2019-06-03 13:00:00+00:00,,PRE_TRADE_PROJECTED_EQUITY_BREACH
REJECTED,EURUSD,BUY,2019-06-03 14:00:00+00:00,,PRE_TRADE_PROJECTED_EQUITY_BREACH
REJECTED,EURUSD,BUY,2019-06-03 17:00:00+00:00,,PRE_TRADE_PROJECTED_EQUITY_BREACH
REJECTED,EURUSD,BUY,2019-06-03 18:00:00+00:00,,PRE_TRADE_PROJECTED_EQUITY_BREACH
REJECTED,GBPUSD,BUY,2019-06-03 18:00:00+00:00,,PRE_TRADE_PROJECTED_EQUITY_BREACH
REJECTED,EURUSD,BUY,2019-06-03 19:00:00+00:00,,PRE_TRADE_PROJECTED_EQUITY_BREACH
REJECTED,GBPUSD,BUY,2019-06-03 19:00:00+00:00,,PRE_TRADE_PROJECTED_EQUITY_BREACH
REJECTED,EURUSD,BUY,2019-06-04 07:00:00+00:00,,PRE_TRADE_PROJECTED_EQUITY_BREACH
REJECTED,GBPUSD,BUY,2019-06-04 07:00:00+00:00,,PRE_TRADE_PROJECTED_EQUITY_BREACH
REJECTED,GBPUSD,BUY,2019-06-04 11:00:00+00:00,,PRE_TRADE_PROJECTED_EQUITY_BREACH
REJECTED,EURUSD,BUY,2019-06-05 09:00:00+00:00,,PRE_TRADE_PROJECTED_EQUITY_BREACH
REJECTED,EURUSD,BUY,2019-06-05 13:00:00+00:00,,PRE_TRADE_PROJECTED_EQUITY_BREACH
REJECTED,GBPUSD,BUY,2019-06-05 13:00:00+00:00,,PRE_TRADE_PROJECTED_EQUITY_BREACH
REJECTED,EURUSD,SELL,2019-06-05 16:00:00+00:00,,PRE_TRADE_PROJECTED_EQUITY_BREACH
REJECTED,EURUSD,SELL,2019-06-05 17:00:00+00:00,,PRE_TRADE_PROJECTED_EQUITY_BREACH
REJECTED,EURUSD,SELL,2019-06-05 19:00:00+00:00,,PRE_TRADE_PROJECTED_EQUITY_BREACH
REJECTED,GBPUSD,SELL,2019-06-06 07:00:00+00:00,,PRE_TRADE_PROJECTED_EQUITY_BREACH
REJECTED,EURUSD,BUY,2019-06-06 12:00:00+00:00,,PRE_TRADE_PROJECTED_EQUITY_BREACH
REJECTED,EURUSD,BUY,2019-06-06 13:00:00+00:00,,PRE_TRADE_PROJECTED_EQUITY_BREACH
REJECTED,EURUSD,BUY,2019-06-07 13:00:00+00:00,,PRE_TRADE_PROJECTED_EQUITY_BREACH
REJECTED,GBPUSD,BUY,2019-06-07 13:00:00+00:00,,PRE_TRADE_PROJECTED_EQUITY_BREACH
REJECTED,EURUSD,BUY,2019-06-07 15:00:00+00:00,,PRE_TRADE_PROJECTED_EQUITY_BREACH
REJECTED,GBPUSD,BUY,2019-06-07 15:00:00+00:00,,PRE_TRADE_PROJECTED_EQUITY_BREACH
REJECTED,GBPUSD,SELL,2019-06-10 09:00:00+00:00,,PRE_TRADE_PROJECTED_EQUITY_BREACH
REJECTED,GBPUSD,SELL,2019-06-10 11:00:00+00:00,,PRE_TRADE_PROJECTED_EQUITY_BREACH
REJECTED,GBPUSD,SELL,2019-06-10 12:00:00+00:00,,PRE_TRADE_PROJECTED_EQUITY_BREACH
REJECTED,GBPUSD,BUY,2019-06-11 09:00:00+00:00,,PRE_TRADE_PROJECTED_EQUITY_BREACH
REJECTED,EURUSD,BUY,2019-06-11 18:00:00+00:00,,PRE_TRADE_PROJECTED_EQUITY_BREACH
REJECTED,GBPUSD,BUY,2019-06-12 08:00:00+00:00,,PRE_TRADE_PROJECTED_EQUITY_BREACH
REJECTED,GBPUSD,BUY,2019-06-12 09:00:00+00:00,,PRE_TRADE_PROJECTED_EQUITY_BREACH
REJECTED,GBPUSD,SELL,2019-06-12 16:00:00+00:00,,PRE_TRADE_PROJECTED_EQUITY_BREACH
REJECTED,EURUSD,SELL,2019-06-12 17:00:00+00:00,,PRE_TRADE_PROJECTED_EQUITY_BREACH
REJECTED,EURUSD,SELL,2019-06-12 19:00:00+00:00,,PRE_TRADE_PROJECTED_EQUITY_BREACH
REJECTED,GBPUSD,SELL,2019-06-13 07:00:00+00:00,,PRE_TRADE_PROJECTED_EQUITY_BREACH
REJECTED,EURUSD,SELL,2019-06-13 13:00:00+00:00,,PRE_TRADE_PROJECTED_EQUITY_BREACH
REJECTED,EURUSD,SELL,2019-06-13 14:00:00+00:00,,PRE_TRADE_PROJECTED_EQUITY_BREACH
REJECTED,GBPUSD,SELL,2019-06-14 10:00:00+00:00,,PRE_TRADE_PROJECTED_EQUITY_BREACH
REJECTED,EURUSD,SELL,2019-06-14 12:00:00+00:00,,PRE_TRADE_PROJECTED_EQUITY_BREACH
REJECTED,EURUSD,SELL,2019-06-14 13:00:00+00:00,,PRE_TRADE_PROJECTED_EQUITY_BREACH
REJECTED,GBPUSD,SELL,2019-06-14 13:00:00+00:00,,PRE_TRADE_PROJECTED_EQUITY_BREACH
REJECTED,EURUSD,SELL,2019-06-14 15:00:00+00:00,,PRE_TRADE_PROJECTED_EQUITY_BREACH
REJECTED,GBPUSD,SELL,2019-06-14 15:00:00+00:00,,PRE_TRADE_PROJECTED_EQUITY_BREACH
REJECTED,EURUSD,SELL,2019-06-14 16:00:00+00:00,,PRE_TRADE_PROJECTED_EQUITY_BREACH
REJECTED,GBPUSD,SELL,2019-06-14 16:00:00+00:00,,PRE_TRADE_PROJECTED_EQUITY_BREACH
REJECTED,EURUSD,SELL,2019-06-14 17:00:00+00:00,,PRE_TRADE_PROJECTED_EQUITY_BREACH
REJECTED,GBPUSD,SELL,2019-06-14 19:00:00+00:00,,PRE_TRADE_PROJECTED_EQUITY_BREACH
REJECTED,EURUSD,BUY,2019-06-17 12:00:00+00:00,,PRE_TRADE_PROJECTED_EQUITY_BREACH
REJECTED,EURUSD,BUY,2019-06-17 13:00:00+00:00,,PRE_TRADE_PROJECTED_EQUITY_BREACH
REJECTED,GBPUSD,SELL,2019-06-17 15:00:00+00:00,,PRE_TRADE_PROJECTED_EQUITY_BREACH
REJECTED,GBPUSD,SELL,2019-06-17 18:00:00+00:00,,PRE_TRADE_PROJECTED_EQUITY_BREACH
REJECTED,GBPUSD,SELL,2019-06-17 19:00:00+00:00,,PRE_TRADE_PROJECTED_EQUITY_BREACH
REJECTED,GBPUSD,SELL,2019-06-17 21:00:00+00:00,,PRE_TRADE_PROJECTED_EQUITY_BREACH
REJECTED,GBPUSD,SELL,2019-06-18 02:00:00+00:00,,PRE_TRADE_PROJECTED_EQUITY_BREACH
REJECTED,EURUSD,SELL,2019-06-18 09:00:00+00:00,,PRE_TRADE_PROJECTED_EQUITY_BREACH
REJECTED,EURUSD,SELL,2019-06-18 10:00:00+00:00,,PRE_TRADE_PROJECTED_EQUITY_BREACH
REJECTED,GBPUSD,BUY,2019-06-18 16:00:00+00:00,,PRE_TRADE_PROJECTED_EQUITY_BREACH
REJECTED,GBPUSD,BUY,2019-06-19 00:00:00+00:00,,PRE_TRADE_PROJECTED_EQUITY_BREACH
REJECTED,GBPUSD,BUY,2019-06-19 13:00:00+00:00,,PRE_TRADE_PROJECTED_EQUITY_BREACH
REJECTED,EURUSD,BUY,2019-06-19 15:00:00+00:00,,PRE_TRADE_PROJECTED_EQUITY_BREACH
REJECTED,GBPUSD,BUY,2019-06-19 15:00:00+00:00,,PRE_TRADE_PROJECTED_EQUITY_BREACH
REJECTED,EURUSD,BUY,2019-06-19 19:00:00+00:00,,PRE_TRADE_PROJECTED_EQUITY_BREACH
REJECTED,GBPUSD,BUY,2019-06-19 19:00:00+00:00,,PRE_TRADE_PROJECTED_EQUITY_BREACH
REJECTED,EURUSD,BUY,2019-06-20 01:00:00+00:00,,PRE_TRADE_PROJECTED_EQUITY_BREACH
REJECTED,GBPUSD,BUY,2019-06-20 01:00:00+00:00,,PRE_TRADE_PROJECTED_EQUITY_BREACH
REJECTED,EURUSD,BUY,2019-06-20 02:00:00+00:00,,PRE_TRADE_PROJECTED_EQUITY_BREACH
REJECTED,GBPUSD,BUY,2019-06-20 02:00:00+00:00,,PRE_TRADE_PROJECTED_EQUITY_BREACH
REJECTED,EURUSD,BUY,2019-06-20 03:00:00+00:00,,PRE_TRADE_PROJECTED_EQUITY_BREACH
REJECTED,EURUSD,BUY,2019-06-20 04:00:00+00:00,,PRE_TRADE_PROJECTED_EQUITY_BREACH
REJECTED,GBPUSD,BUY,2019-06-20 06:00:00+00:00,,PRE_TRADE_PROJECTED_EQUITY_BREACH
REJECTED,EURUSD,BUY,2019-06-20 07:00:00+00:00,,PRE_TRADE_PROJECTED_EQUITY_BREACH
REJECTED,GBPUSD,BUY,2019-06-20 07:00:00+00:00,,PRE_TRADE_PROJECTED_EQUITY_BREACH
REJECTED,EURUSD,BUY,2019-06-20 08:00:00+00:00,,PRE_TRADE_PROJECTED_EQUITY_BREACH
REJECTED,GBPUSD,BUY,2019-06-20 08:00:00+00:00,,PRE_TRADE_PROJECTED_EQUITY_BREACH
REJECTED,EURUSD,BUY,2019-06-20 10:00:00+00:00,,PRE_TRADE_PROJECTED_EQUITY_BREACH
REJECTED,EURUSD,BUY,2019-06-20 12:00:00+00:00,,PRE_TRADE_PROJECTED_EQUITY_BREACH
REJECTED,GBPUSD,SELL,2019-06-21 10:00:00+00:00,,PRE_TRADE_PROJECTED_EQUITY_BREACH
REJECTED,EURUSD,BUY,2019-06-21 13:00:00+00:00,,PRE_TRADE_PROJECTED_EQUITY_BREACH
REJECTED,EURUSD,BUY,2019-06-21 17:00:00+00:00,,PRE_TRADE_PROJECTED_EQUITY_BREACH
REJECTED,EURUSD,BUY,2019-06-21 18:00:00+00:00,,PRE_TRADE_PROJECTED_EQUITY_BREACH
REJECTED,GBPUSD,BUY,2019-06-21 18:00:00+00:00,,PRE_TRADE_PROJECTED_EQUITY_BREACH
REJECTED,EURUSD,BUY,2019-06-21 19:00:00+00:00,,PRE_TRADE_PROJECTED_EQUITY_BREACH
REJECTED,GBPUSD,BUY,2019-06-21 19:00:00+00:00,,PRE_TRADE_PROJECTED_EQUITY_BREACH
REJECTED,EURUSD,BUY,2019-06-21 20:00:00+00:00,,PRE_TRADE_PROJECTED_EQUITY_BREACH
REJECTED,GBPUSD,BUY,2019-06-21 20:00:00+00:00,,PRE_TRADE_PROJECTED_EQUITY_BREACH
REJECTED,EURUSD,BUY,2019-06-24 00:00:00+00:00,,PRE_TRADE_PROJECTED_EQUITY_BREACH
REJECTED,GBPUSD,BUY,2019-06-24 00:00:00+00:00,,PRE_TRADE_PROJECTED_EQUITY_BREACH
REJECTED,GBPUSD,BUY,2019-06-24 03:00:00+00:00,,PRE_TRADE_PROJECTED_EQUITY_BREACH
REJECTED,EURUSD,BUY,2019-06-24 19:00:00+00:00,,PRE_TRADE_PROJECTED_EQUITY_BREACH
REJECTED,EURUSD,BUY,2019-06-25 02:00:00+00:00,,PRE_TRADE_PROJECTED_EQUITY_BREACH
REJECTED,GBPUSD,BUY,2019-06-25 07:00:00+00:00,,PRE_TRADE_PROJECTED_EQUITY_BREACH
REJECTED,EURUSD,SELL,2019-06-25 10:00:00+00:00,,PRE_TRADE_PROJECTED_EQUITY_BREACH
REJECTED,EURUSD,SELL,2019-06-25 17:00:00+00:00,,PRE_TRADE_PROJECTED_EQUITY_BREACH
REJECTED,GBPUSD,SELL,2019-06-25 17:00:00+00:00,,PRE_TRADE_PROJECTED_EQUITY_BREACH
REJECTED,GBPUSD,SELL,2019-06-26 06:00:00+00:00,,PRE_TRADE_PROJECTED_EQUITY_BREACH
REJECTED,EURUSD,BUY,2019-06-26 16:00:00+00:00,,PRE_TRADE_PROJECTED_EQUITY_BREACH
REJECTED,GBPUSD,BUY,2019-06-27 10:00:00+00:00,,PRE_TRADE_PROJECTED_EQUITY_BREACH
REJECTED,EURUSD,BUY,2019-06-28 08:00:00+00:00,,PRE_TRADE_PROJECTED_EQUITY_BREACH
REJECTED,GBPUSD,BUY,2019-06-28 12:00:00+00:00,,PRE_TRADE_PROJECTED_EQUITY_BREACH
REJECTED,GBPUSD,BUY,2019-06-28 13:00:00+00:00,,PRE_TRADE_PROJECTED_EQUITY_BREACH
REJECTED,GBPUSD,BUY,2019-06-28 14:00:00+00:00,,PRE_TRADE_PROJECTED_EQUITY_BREACH
REJECTED,GBPUSD,BUY,2019-06-28 15:00:00+00:00,,PRE_TRADE_PROJECTED_EQUITY_BREACH
REJECTED,EURUSD,SELL,2019-06-28 17:00:00+00:00,,PRE_TRADE_PROJECTED_EQUITY_BREACH
REJECTED,EURUSD,SELL,2019-07-01 06:00:00+00:00,,PRE_TRADE_PROJECTED_EQUITY_BREACH
REJECTED,EURUSD,SELL,2019-07-01 08:00:00+00:00,,PRE_TRADE_PROJECTED_EQUITY_BREACH
REJECTED,GBPUSD,SELL,2019-07-01 08:00:00+00:00,,PRE_TRADE_PROJECTED_EQUITY_BREACH
REJECTED,GBPUSD,SELL,2019-07-01 09:00:00+00:00,,PRE_TRADE_PROJECTED_EQUITY_BREACH
REJECTED,EURUSD,SELL,2019-07-01 16:00:00+00:00,,PRE_TRADE_PROJECTED_EQUITY_BREACH
REJECTED,EURUSD,SELL,2019-07-01 17:00:00+00:00,,PRE_TRADE_PROJECTED_EQUITY_BREACH
REJECTED,EURUSD,SELL,2019-07-01 18:00:00+00:00,,PRE_TRADE_PROJECTED_EQUITY_BREACH
REJECTED,EURUSD,SELL,2019-07-02 03:00:00+00:00,,PRE_TRADE_PROJECTED_EQUITY_BREACH
REJECTED,GBPUSD,SELL,2019-07-02 08:00:00+00:00,,PRE_TRADE_PROJECTED_EQUITY_BREACH
REJECTED,GBPUSD,SELL,2019-07-02 09:00:00+00:00,,PRE_TRADE_PROJECTED_EQUITY_BREACH
REJECTED,GBPUSD,SELL,2019-07-02 15:00:00+00:00,,PRE_TRADE_PROJECTED_EQUITY_BREACH
REJECTED,GBPUSD,SELL,2019-07-03 07:00:00+00:00,,PRE_TRADE_PROJECTED_EQUITY_BREACH
REJECTED,EURUSD,SELL,2019-07-03 08:00:00+00:00,,PRE_TRADE_PROJECTED_EQUITY_BREACH
REJECTED,EURUSD,SELL,2019-07-05 08:00:00+00:00,,PRE_TRADE_PROJECTED_EQUITY_BREACH
REJECTED,GBPUSD,SELL,2019-07-05 08:00:00+00:00,,PRE_TRADE_PROJECTED_EQUITY_BREACH
REJECTED,EURUSD,SELL,2019-07-05 09:00:00+00:00,,PRE_TRADE_PROJECTED_EQUITY_BREACH
REJECTED,GBPUSD,SELL,2019-07-05 09:00:00+00:00,,PRE_TRADE_PROJECTED_EQUITY_BREACH
REJECTED,GBPUSD,SELL,2019-07-05 11:00:00+00:00,,PRE_TRADE_PROJECTED_EQUITY_BREACH
REJECTED,EURUSD,SELL,2019-07-05 13:00:00+00:00,,PRE_TRADE_PROJECTED_EQUITY_BREACH
REJECTED,GBPUSD,SELL,2019-07-05 13:00:00+00:00,,PRE_TRADE_PROJECTED_EQUITY_BREACH
REJECTED,EURUSD,SELL,2019-07-05 14:00:00+00:00,,PRE_TRADE_PROJECTED_EQUITY_BREACH
REJECTED,GBPUSD,SELL,2019-07-05 14:00:00+00:00,,PRE_TRADE_PROJECTED_EQUITY_BREACH
REJECTED,GBPUSD,SELL,2019-07-08 14:00:00+00:00,,PRE_TRADE_PROJECTED_EQUITY_BREACH
REJECTED,EURUSD,SELL,2019-07-08 16:00:00+00:00,,PRE_TRADE_PROJECTED_EQUITY_BREACH
REJECTED,GBPUSD,SELL,2019-07-09 07:00:00+00:00,,PRE_TRADE_PROJECTED_EQUITY_BREACH
REJECTED,GBPUSD,SELL,2019-07-09 08:00:00+00:00,,PRE_TRADE_PROJECTED_EQUITY_BREACH
REJECTED,EURUSD,SELL,2019-07-09 09:00:00+00:00,,PRE_TRADE_PROJECTED_EQUITY_BREACH
REJECTED,GBPUSD,SELL,2019-07-09 09:00:00+00:00,,PRE_TRADE_PROJECTED_EQUITY_BREACH
REJECTED,GBPUSD,SELL,2019-07-09 12:00:00+00:00,,PRE_TRADE_PROJECTED_EQUITY_BREACH
REJECTED,EURUSD,BUY,2019-07-10 09:00:00+00:00,,PRE_TRADE_PROJECTED_EQUITY_BREACH
REJECTED,GBPUSD,BUY,2019-07-10 09:00:00+00:00,,PRE_TRADE_PROJECTED_EQUITY_BREACH
REJECTED,GBPUSD,BUY,2019-07-10 10:00:00+00:00,,PRE_TRADE_PROJECTED_EQUITY_BREACH
REJECTED,EURUSD,BUY,2019-07-10 13:00:00+00:00,,PRE_TRADE_PROJECTED_EQUITY_BREACH
REJECTED,GBPUSD,BUY,2019-07-10 13:00:00+00:00,,PRE_TRADE_PROJECTED_EQUITY_BREACH
REJECTED,EURUSD,BUY,2019-07-10 16:00:00+00:00,,PRE_TRADE_PROJECTED_EQUITY_BREACH
REJECTED,EURUSD,BUY,2019-07-11 03:00:00+00:00,,PRE_TRADE_PROJECTED_EQUITY_BREACH
REJECTED,GBPUSD,BUY,2019-07-11 03:00:00+00:00,,PRE_TRADE_PROJECTED_EQUITY_BREACH
REJECTED,EURUSD,BUY,2019-07-11 04:00:00+00:00,,PRE_TRADE_PROJECTED_EQUITY_BREACH
REJECTED,GBPUSD,BUY,2019-07-11 04:00:00+00:00,,PRE_TRADE_PROJECTED_EQUITY_BREACH
REJECTED,GBPUSD,BUY,2019-07-11 11:00:00+00:00,,PRE_TRADE_PROJECTED_EQUITY_BREACH
REJECTED,GBPUSD,BUY,2019-07-12 15:00:00+00:00,,PRE_TRADE_PROJECTED_EQUITY_BREACH
REJECTED,GBPUSD,BUY,2019-07-12 17:00:00+00:00,,PRE_TRADE_PROJECTED_EQUITY_BREACH
REJECTED,GBPUSD,BUY,2019-07-12 19:00:00+00:00,,PRE_TRADE_PROJECTED_EQUITY_BREACH
REJECTED,EURUSD,BUY,2019-07-15 07:00:00+00:00,,PRE_TRADE_PROJECTED_EQUITY_BREACH
REJECTED,EURUSD,BUY,2019-07-15 08:00:00+00:00,,PRE_TRADE_PROJECTED_EQUITY_BREACH
REJECTED,GBPUSD,SELL,2019-07-15 12:00:00+00:00,,PRE_TRADE_PROJECTED_EQUITY_BREACH
REJECTED,GBPUSD,SELL,2019-07-15 13:00:00+00:00,,PRE_TRADE_PROJECTED_EQUITY_BREACH
REJECTED,GBPUSD,SELL,2019-07-15 15:00:00+00:00,,PRE_TRADE_PROJECTED_EQUITY_BREACH
REJECTED,GBPUSD,SELL,2019-07-16 07:00:00+00:00,,PRE_TRADE_PROJECTED_EQUITY_BREACH
REJECTED,EURUSD,SELL,2019-07-16 08:00:00+00:00,,PRE_TRADE_PROJECTED_EQUITY_BREACH
REJECTED,GBPUSD,SELL,2019-07-16 08:00:00+00:00,,PRE_TRADE_PROJECTED_EQUITY_BREACH
REJECTED,EURUSD,SELL,2019-07-16 09:00:00+00:00,,PRE_TRADE_PROJECTED_EQUITY_BREACH
REJECTED,EURUSD,SELL,2019-07-16 10:00:00+00:00,,PRE_TRADE_PROJECTED_EQUITY_BREACH
REJECTED,GBPUSD,SELL,2019-07-16 10:00:00+00:00,,PRE_TRADE_PROJECTED_EQUITY_BREACH
REJECTED,EURUSD,SELL,2019-07-16 11:00:00+00:00,,PRE_TRADE_PROJECTED_EQUITY_BREACH
REJECTED,GBPUSD,SELL,2019-07-16 11:00:00+00:00,,PRE_TRADE_PROJECTED_EQUITY_BREACH
REJECTED,GBPUSD,SELL,2019-07-17 07:00:00+00:00,,PRE_TRADE_PROJECTED_EQUITY_BREACH
REJECTED,EURUSD,BUY,2019-07-17 15:00:00+00:00,,PRE_TRADE_PROJECTED_EQUITY_BREACH
REJECTED,GBPUSD,BUY,2019-07-17 15:00:00+00:00,,PRE_TRADE_PROJECTED_EQUITY_BREACH
REJECTED,EURUSD,BUY,2019-07-17 16:00:00+00:00,,PRE_TRADE_PROJECTED_EQUITY_BREACH
REJECTED,GBPUSD,BUY,2019-07-17 17:00:00+00:00,,PRE_TRADE_PROJECTED_EQUITY_BREACH
REJECTED,EURUSD,BUY,2019-07-18 01:00:00+00:00,,PRE_TRADE_PROJECTED_EQUITY_BREACH
REJECTED,GBPUSD,BUY,2019-07-18 08:00:00+00:00,,PRE_TRADE_PROJECTED_EQUITY_BREACH
REJECTED,GBPUSD,BUY,2019-07-18 09:00:00+00:00,,PRE_TRADE_PROJECTED_EQUITY_BREACH
REJECTED,EURUSD,SELL,2019-07-18 11:00:00+00:00,,PRE_TRADE_PROJECTED_EQUITY_BREACH
REJECTED,GBPUSD,BUY,2019-07-18 12:00:00+00:00,,PRE_TRADE_PROJECTED_EQUITY_BREACH
REJECTED,EURUSD,BUY,2019-07-18 19:00:00+00:00,,PRE_TRADE_PROJECTED_EQUITY_BREACH
REJECTED,GBPUSD,BUY,2019-07-18 19:00:00+00:00,,PRE_TRADE_PROJECTED_EQUITY_BREACH
REJECTED,EURUSD,BUY,2019-07-18 20:00:00+00:00,,PRE_TRADE_PROJECTED_EQUITY_BREACH
REJECTED,GBPUSD,BUY,2019-07-18 20:00:00+00:00,,PRE_TRADE_PROJECTED_EQUITY_BREACH
REJECTED,GBPUSD,SELL,2019-07-22 09:00:00+00:00,,PRE_TRADE_PROJECTED_EQUITY_BREACH
REJECTED,GBPUSD,SELL,2019-07-22 12:00:00+00:00,,PRE_TRADE_PROJECTED_EQUITY_BREACH
REJECTED,EURUSD,SELL,2019-07-23 00:00:00+00:00,,PRE_TRADE_PROJECTED_EQUITY_BREACH
REJECTED,EURUSD,SELL,2019-07-23 02:00:00+00:00,,PRE_TRADE_PROJECTED_EQUITY_BREACH
REJECTED,EURUSD,SELL,2019-07-23 06:00:00+00:00,,PRE_TRADE_PROJECTED_EQUITY_BREACH
REJECTED,GBPUSD,SELL,2019-07-23 06:00:00+00:00,,PRE_TRADE_PROJECTED_EQUITY_BREACH
REJECTED,GBPUSD,SELL,2019-07-23 08:00:00+00:00,,PRE_TRADE_PROJECTED_EQUITY_BREACH
REJECTED,EURUSD,SELL,2019-07-23 09:00:00+00:00,,PRE_TRADE_PROJECTED_EQUITY_BREACH
REJECTED,GBPUSD,SELL,2019-07-23 09:00:00+00:00,,PRE_TRADE_PROJECTED_EQUITY_BREACH
REJECTED,EURUSD,SELL,2019-07-23 10:00:00+00:00,,PRE_TRADE_PROJECTED_EQUITY_BREACH
REJECTED,EURUSD,SELL,2019-07-23 12:00:00+00:00,,PRE_TRADE_PROJECTED_EQUITY_BREACH
REJECTED,EURUSD,SELL,2019-07-23 13:00:00+00:00,,PRE_TRADE_PROJECTED_EQUITY_BREACH
REJECTED,EURUSD,SELL,2019-07-23 14:00:00+00:00,,PRE_TRADE_PROJECTED_EQUITY_BREACH
REJECTED,EURUSD,SELL,2019-07-23 15:00:00+00:00,,PRE_TRADE_PROJECTED_EQUITY_BREACH
REJECTED,EURUSD,SELL,2019-07-24 08:00:00+00:00,,PRE_TRADE_PROJECTED_EQUITY_BREACH
REJECTED,GBPUSD,BUY,2019-07-24 09:00:00+00:00,,PRE_TRADE_PROJECTED_EQUITY_BREACH
REJECTED,GBPUSD,BUY,2019-07-24 10:00:00+00:00,,PRE_TRADE_PROJECTED_EQUITY_BREACH
REJECTED,GBPUSD,BUY,2019-07-24 11:00:00+00:00,,PRE_TRADE_PROJECTED_EQUITY_BREACH
REJECTED,EURUSD,SELL,2019-07-25 07:00:00+00:00,,PRE_TRADE_PROJECTED_EQUITY_BREACH
REJECTED,EURUSD,SELL,2019-07-25 08:00:00+00:00,,PRE_TRADE_PROJECTED_EQUITY_BREACH
REJECTED,EURUSD,SELL,2019-07-25 12:00:00+00:00,,PRE_TRADE_PROJECTED_EQUITY_BREACH
REJECTED,EURUSD,BUY,2019-07-25 14:00:00+00:00,,PRE_TRADE_PROJECTED_EQUITY_BREACH
REJECTED,GBPUSD,SELL,2019-07-25 17:00:00+00:00,,PRE_TRADE_PROJECTED_EQUITY_BREACH
REJECTED,GBPUSD,SELL,2019-07-26 07:00:00+00:00,,PRE_TRADE_PROJECTED_EQUITY_BREACH
REJECTED,GBPUSD,SELL,2019-07-26 13:00:00+00:00,,PRE_TRADE_PROJECTED_EQUITY_BREACH
REJECTED,GBPUSD,SELL,2019-07-26 14:00:00+00:00,,PRE_TRADE_PROJECTED_EQUITY_BREACH
REJECTED,GBPUSD,SELL,2019-07-26 15:00:00+00:00,,PRE_TRADE_PROJECTED_EQUITY_BREACH
REJECTED,GBPUSD,SELL,2019-07-29 03:00:00+00:00,,PRE_TRADE_PROJECTED_EQUITY_BREACH
REJECTED,GBPUSD,SELL,2019-07-29 07:00:00+00:00,,PRE_TRADE_PROJECTED_EQUITY_BREACH
REJECTED,GBPUSD,SELL,2019-07-29 08:00:00+00:00,,PRE_TRADE_PROJECTED_EQUITY_BREACH
REJECTED,GBPUSD,SELL,2019-07-29 09:00:00+00:00,,PRE_TRADE_PROJECTED_EQUITY_BREACH
REJECTED,GBPUSD,SELL,2019-07-29 11:00:00+00:00,,PRE_TRADE_PROJECTED_EQUITY_BREACH
REJECTED,GBPUSD,SELL,2019-07-29 12:00:00+00:00,,PRE_TRADE_PROJECTED_EQUITY_BREACH
REJECTED,GBPUSD,SELL,2019-07-29 13:00:00+00:00,,PRE_TRADE_PROJECTED_EQUITY_BREACH
REJECTED,GBPUSD,SELL,2019-07-29 15:00:00+00:00,,PRE_TRADE_PROJECTED_EQUITY_BREACH
REJECTED,EURUSD,BUY,2019-07-29 16:00:00+00:00,,PRE_TRADE_PROJECTED_EQUITY_BREACH
REJECTED,EURUSD,BUY,2019-07-29 19:00:00+00:00,,PRE_TRADE_PROJECTED_EQUITY_BREACH
REJECTED,GBPUSD,SELL,2019-07-30 01:00:00+00:00,,PRE_TRADE_PROJECTED_EQUITY_BREACH
REJECTED,GBPUSD,SELL,2019-07-30 02:00:00+00:00,,PRE_TRADE_PROJECTED_EQUITY_BREACH
REJECTED,GBPUSD,SELL,2019-07-30 04:00:00+00:00,,PRE_TRADE_PROJECTED_EQUITY_BREACH
REJECTED,GBPUSD,SELL,2019-07-30 05:00:00+00:00,,PRE_TRADE_PROJECTED_EQUITY_BREACH
REJECTED,EURUSD,BUY,2019-07-30 13:00:00+00:00,,PRE_TRADE_PROJECTED_EQUITY_BREACH
REJECTED,GBPUSD,BUY,2019-07-31 13:00:00+00:00,,PRE_TRADE_PROJECTED_EQUITY_BREACH
REJECTED,EURUSD,SELL,2019-07-31 14:00:00+00:00,,PRE_TRADE_PROJECTED_EQUITY_BREACH
REJECTED,GBPUSD,BUY,2019-07-31 14:00:00+00:00,,PRE_TRADE_PROJECTED_EQUITY_BREACH
REJECTED,EURUSD,SELL,2019-07-31 15:00:00+00:00,,PRE_TRADE_PROJECTED_EQUITY_BREACH
REJECTED,GBPUSD,BUY,2019-07-31 15:00:00+00:00,,PRE_TRADE_PROJECTED_EQUITY_BREACH
REJECTED,EURUSD,SELL,2019-07-31 16:00:00+00:00,,PRE_TRADE_PROJECTED_EQUITY_BREACH
REJECTED,EURUSD,SELL,2019-07-31 19:00:00+00:00,,PRE_TRADE_PROJECTED_EQUITY_BREACH
REJECTED,EURUSD,SELL,2019-08-01 01:00:00+00:00,,PRE_TRADE_PROJECTED_EQUITY_BREACH
REJECTED,GBPUSD,SELL,2019-08-01 01:00:00+00:00,,PRE_TRADE_PROJECTED_EQUITY_BREACH
REJECTED,EURUSD,SELL,2019-08-01 08:00:00+00:00,,PRE_TRADE_PROJECTED_EQUITY_BREACH
REJECTED,GBPUSD,SELL,2019-08-01 10:00:00+00:00,,PRE_TRADE_PROJECTED_EQUITY_BREACH
REJECTED,EURUSD,BUY,2019-08-01 18:00:00+00:00,,PRE_TRADE_PROJECTED_EQUITY_BREACH
REJECTED,EURUSD,BUY,2019-08-02 08:00:00+00:00,,PRE_TRADE_PROJECTED_EQUITY_BREACH
REJECTED,GBPUSD,BUY,2019-08-02 18:00:00+00:00,,PRE_TRADE_PROJECTED_EQUITY_BREACH
REJECTED,GBPUSD,BUY,2019-08-02 19:00:00+00:00,,PRE_TRADE_PROJECTED_EQUITY_BREACH
REJECTED,EURUSD,BUY,2019-08-05 01:00:00+00:00,,PRE_TRADE_PROJECTED_EQUITY_BREACH
REJECTED,GBPUSD,BUY,2019-08-05 01:00:00+00:00,,PRE_TRADE_PROJECTED_EQUITY_BREACH
REJECTED,EURUSD,BUY,2019-08-05 09:00:00+00:00,,PRE_TRADE_PROJECTED_EQUITY_BREACH
REJECTED,EURUSD,BUY,2019-08-05 10:00:00+00:00,,PRE_TRADE_PROJECTED_EQUITY_BREACH
REJECTED,EURUSD,BUY,2019-08-05 11:00:00+00:00,,PRE_TRADE_PROJECTED_EQUITY_BREACH
REJECTED,EURUSD,BUY,2019-08-05 12:00:00+00:00,,PRE_TRADE_PROJECTED_EQUITY_BREACH
REJECTED,EURUSD,BUY,2019-08-05 15:00:00+00:00,,PRE_TRADE_PROJECTED_EQUITY_BREACH
REJECTED,EURUSD,BUY,2019-08-05 17:00:00+00:00,,PRE_TRADE_PROJECTED_EQUITY_BREACH
REJECTED,EURUSD,BUY,2019-08-05 22:00:00+00:00,,PRE_TRADE_PROJECTED_EQUITY_BREACH
REJECTED,EURUSD,BUY,2019-08-05 23:00:00+00:00,,PRE_TRADE_PROJECTED_EQUITY_BREACH
REJECTED,EURUSD,BUY,2019-08-06 00:00:00+00:00,,PRE_TRADE_PROJECTED_EQUITY_BREACH
REJECTED,GBPUSD,BUY,2019-08-06 08:00:00+00:00,,PRE_TRADE_PROJECTED_EQUITY_BREACH
REJECTED,GBPUSD,BUY,2019-08-06 10:00:00+00:00,,PRE_TRADE_PROJECTED_EQUITY_BREACH
REJECTED,EURUSD,SELL,2019-08-06 13:00:00+00:00,,PRE_TRADE_PROJECTED_EQUITY_BREACH
REJECTED,EURUSD,SELL,2019-08-06 14:00:00+00:00,,PRE_TRADE_PROJECTED_EQUITY_BREACH
REJECTED,EURUSD,BUY,2019-08-07 14:00:00+00:00,,PRE_TRADE_PROJECTED_EQUITY_BREACH
REJECTED,EURUSD,SELL,2019-08-08 12:00:00+00:00,,PRE_TRADE_PROJECTED_EQUITY_BREACH
REJECTED,GBPUSD,SELL,2019-08-08 13:00:00+00:00,,PRE_TRADE_PROJECTED_EQUITY_BREACH
REJECTED,EURUSD,SELL,2019-08-08 21:00:00+00:00,,PRE_TRADE_PROJECTED_EQUITY_BREACH
REJECTED,GBPUSD,SELL,2019-08-09 12:00:00+00:00,,PRE_TRADE_PROJECTED_EQUITY_BREACH
REJECTED,EURUSD,BUY,2019-08-09 16:00:00+00:00,,PRE_TRADE_PROJECTED_EQUITY_BREACH
REJECTED,GBPUSD,SELL,2019-08-09 19:00:00+00:00,,PRE_TRADE_PROJECTED_EQUITY_BREACH
REJECTED,GBPUSD,SELL,2019-08-09 20:00:00+00:00,,PRE_TRADE_PROJECTED_EQUITY_BREACH
REJECTED,GBPUSD,SELL,2019-08-12 00:00:00+00:00,,PRE_TRADE_PROJECTED_EQUITY_BREACH
REJECTED,EURUSD,SELL,2019-08-12 08:00:00+00:00,,PRE_TRADE_PROJECTED_EQUITY_BREACH
REJECTED,EURUSD,BUY,2019-08-12 14:00:00+00:00,,PRE_TRADE_PROJECTED_EQUITY_BREACH
REJECTED,GBPUSD,SELL,2019-08-13 07:00:00+00:00,,PRE_TRADE_PROJECTED_EQUITY_BREACH
REJECTED,EURUSD,SELL,2019-08-14 06:00:00+00:00,,PRE_TRADE_PROJECTED_EQUITY_BREACH
REJECTED,GBPUSD,BUY,2019-08-14 11:00:00+00:00,,PRE_TRADE_PROJECTED_EQUITY_BREACH
REJECTED,EURUSD,SELL,2019-08-14 14:00:00+00:00,,PRE_TRADE_PROJECTED_EQUITY_BREACH
REJECTED,EURUSD,SELL,2019-08-14 15:00:00+00:00,,PRE_TRADE_PROJECTED_EQUITY_BREACH
REJECTED,GBPUSD,BUY,2019-08-15 09:00:00+00:00,,PRE_TRADE_PROJECTED_EQUITY_BREACH
REJECTED,GBPUSD,BUY,2019-08-15 10:00:00+00:00,,PRE_TRADE_PROJECTED_EQUITY_BREACH
REJECTED,GBPUSD,BUY,2019-08-15 12:00:00+00:00,,PRE_TRADE_PROJECTED_EQUITY_BREACH
REJECTED,EURUSD,SELL,2019-08-15 14:00:00+00:00,,PRE_TRADE_PROJECTED_EQUITY_BREACH
REJECTED,EURUSD,SELL,2019-08-16 08:00:00+00:00,,PRE_TRADE_PROJECTED_EQUITY_BREACH
REJECTED,EURUSD,SELL,2019-08-16 09:00:00+00:00,,PRE_TRADE_PROJECTED_EQUITY_BREACH
REJECTED,GBPUSD,BUY,2019-08-16 09:00:00+00:00,,PRE_TRADE_PROJECTED_EQUITY_BREACH
REJECTED,GBPUSD,BUY,2019-08-16 10:00:00+00:00,,PRE_TRADE_PROJECTED_EQUITY_BREACH
REJECTED,EURUSD,SELL,2019-08-16 11:00:00+00:00,,PRE_TRADE_PROJECTED_EQUITY_BREACH
REJECTED,GBPUSD,SELL,2019-08-19 08:00:00+00:00,,PRE_TRADE_PROJECTED_EQUITY_BREACH
REJECTED,GBPUSD,SELL,2019-08-19 09:00:00+00:00,,PRE_TRADE_PROJECTED_EQUITY_BREACH
REJECTED,EURUSD,SELL,2019-08-19 19:00:00+00:00,,PRE_TRADE_PROJECTED_EQUITY_BREACH
REJECTED,EURUSD,SELL,2019-08-19 20:00:00+00:00,,PRE_TRADE_PROJECTED_EQUITY_BREACH
REJECTED,GBPUSD,SELL,2019-08-20 07:00:00+00:00,,PRE_TRADE_PROJECTED_EQUITY_BREACH
REJECTED,EURUSD,SELL,2019-08-20 08:00:00+00:00,,PRE_TRADE_PROJECTED_EQUITY_BREACH
REJECTED,GBPUSD,SELL,2019-08-20 08:00:00+00:00,,PRE_TRADE_PROJECTED_EQUITY_BREACH
REJECTED,GBPUSD,SELL,2019-08-20 11:00:00+00:00,,PRE_TRADE_PROJECTED_EQUITY_BREACH
REJECTED,EURUSD,BUY,2019-08-20 17:00:00+00:00,,PRE_TRADE_PROJECTED_EQUITY_BREACH
REJECTED,EURUSD,BUY,2019-08-20 18:00:00+00:00,,PRE_TRADE_PROJECTED_EQUITY_BREACH
REJECTED,EURUSD,SELL,2019-08-21 19:00:00+00:00,,PRE_TRADE_PROJECTED_EQUITY_BREACH
REJECTED,EURUSD,SELL,2019-08-22 11:00:00+00:00,,PRE_TRADE_PROJECTED_EQUITY_BREACH
REJECTED,GBPUSD,BUY,2019-08-22 13:00:00+00:00,,PRE_TRADE_PROJECTED_EQUITY_BREACH
REJECTED,GBPUSD,BUY,2019-08-22 14:00:00+00:00,,PRE_TRADE_PROJECTED_EQUITY_BREACH
REJECTED,EURUSD,SELL,2019-08-23 10:00:00+00:00,,PRE_TRADE_PROJECTED_EQUITY_BREACH
REJECTED,EURUSD,SELL,2019-08-23 11:00:00+00:00,,PRE_TRADE_PROJECTED_EQUITY_BREACH
REJECTED,EURUSD,BUY,2019-08-23 15:00:00+00:00,,PRE_TRADE_PROJECTED_EQUITY_BREACH
REJECTED,GBPUSD,BUY,2019-08-23 15:00:00+00:00,,PRE_TRADE_PROJECTED_EQUITY_BREACH
REJECTED,EURUSD,BUY,2019-08-23 16:00:00+00:00,,PRE_TRADE_PROJECTED_EQUITY_BREACH
REJECTED,GBPUSD,BUY,2019-08-23 19:00:00+00:00,,PRE_TRADE_PROJECTED_EQUITY_BREACH
REJECTED,EURUSD,BUY,2019-08-25 23:00:00+00:00,,PRE_TRADE_PROJECTED_EQUITY_BREACH
REJECTED,GBPUSD,SELL,2019-08-26 14:00:00+00:00,,PRE_TRADE_PROJECTED_EQUITY_BREACH
REJECTED,GBPUSD,SELL,2019-08-26 15:00:00+00:00,,PRE_TRADE_PROJECTED_EQUITY_BREACH
REJECTED,EURUSD,SELL,2019-08-26 18:00:00+00:00,,PRE_TRADE_PROJECTED_EQUITY_BREACH
REJECTED,GBPUSD,BUY,2019-08-27 08:00:00+00:00,,PRE_TRADE_PROJECTED_EQUITY_BREACH
REJECTED,GBPUSD,BUY,2019-08-27 09:00:00+00:00,,PRE_TRADE_PROJECTED_EQUITY_BREACH
REJECTED,GBPUSD,BUY,2019-08-27 10:00:00+00:00,,PRE_TRADE_PROJECTED_EQUITY_BREACH
REJECTED,GBPUSD,BUY,2019-08-27 13:00:00+00:00,,PRE_TRADE_PROJECTED_EQUITY_BREACH
REJECTED,GBPUSD,SELL,2019-08-28 09:00:00+00:00,,PRE_TRADE_PROJECTED_EQUITY_BREACH
REJECTED,EURUSD,SELL,2019-08-28 13:00:00+00:00,,PRE_TRADE_PROJECTED_EQUITY_BREACH
REJECTED,EURUSD,SELL,2019-08-29 14:00:00+00:00,,PRE_TRADE_PROJECTED_EQUITY_BREACH
REJECTED,EURUSD,SELL,2019-08-29 17:00:00+00:00,,PRE_TRADE_PROJECTED_EQUITY_BREACH
REJECTED,GBPUSD,SELL,2019-08-29 19:00:00+00:00,,PRE_TRADE_PROJECTED_EQUITY_BREACH
REJECTED,EURUSD,SELL,2019-08-30 07:00:00+00:00,,PRE_TRADE_PROJECTED_EQUITY_BREACH
REJECTED,GBPUSD,BUY,2019-08-30 14:00:00+00:00,,PRE_TRADE_PROJECTED_EQUITY_BREACH
REJECTED,EURUSD,SELL,2019-08-30 15:00:00+00:00,,PRE_TRADE_PROJECTED_EQUITY_BREACH
REJECTED,EURUSD,SELL,2019-08-30 16:00:00+00:00,,PRE_TRADE_PROJECTED_EQUITY_BREACH
REJECTED,EURUSD,SELL,2019-08-30 18:00:00+00:00,,PRE_TRADE_PROJECTED_EQUITY_BREACH
REJECTED,GBPUSD,SELL,2019-08-30 18:00:00+00:00,,PRE_TRADE_PROJECTED_EQUITY_BREACH
REJECTED,GBPUSD,SELL,2019-09-02 08:00:00+00:00,,PRE_TRADE_PROJECTED_EQUITY_BREACH
REJECTED,GBPUSD,SELL,2019-09-02 09:00:00+00:00,,PRE_TRADE_PROJECTED_EQUITY_BREACH
REJECTED,EURUSD,SELL,2019-09-02 10:00:00+00:00,,PRE_TRADE_PROJECTED_EQUITY_BREACH
REJECTED,GBPUSD,SELL,2019-09-02 11:00:00+00:00,,PRE_TRADE_PROJECTED_EQUITY_BREACH
REJECTED,EURUSD,SELL,2019-09-03 01:00:00+00:00,,PRE_TRADE_PROJECTED_EQUITY_BREACH
REJECTED,EURUSD,SELL,2019-09-03 02:00:00+00:00,,PRE_TRADE_PROJECTED_EQUITY_BREACH
REJECTED,EURUSD,SELL,2019-09-03 03:00:00+00:00,,PRE_TRADE_PROJECTED_EQUITY_BREACH
REJECTED,GBPUSD,SELL,2019-09-03 03:00:00+00:00,,PRE_TRADE_PROJECTED_EQUITY_BREACH
REJECTED,GBPUSD,SELL,2019-09-03 06:00:00+00:00,,PRE_TRADE_PROJECTED_EQUITY_BREACH
REJECTED,GBPUSD,SELL,2019-09-03 07:00:00+00:00,,PRE_TRADE_PROJECTED_EQUITY_BREACH
REJECTED,GBPUSD,BUY,2019-09-03 15:00:00+00:00,,PRE_TRADE_PROJECTED_EQUITY_BREACH
REJECTED,GBPUSD,BUY,2019-09-04 03:00:00+00:00,,PRE_TRADE_PROJECTED_EQUITY_BREACH
REJECTED,EURUSD,BUY,2019-09-04 07:00:00+00:00,,PRE_TRADE_PROJECTED_EQUITY_BREACH
REJECTED,GBPUSD,BUY,2019-09-04 07:00:00+00:00,,PRE_TRADE_PROJECTED_EQUITY_BREACH
REJECTED,EURUSD,BUY,2019-09-04 08:00:00+00:00,,PRE_TRADE_PROJECTED_EQUITY_BREACH
REJECTED,GBPUSD,BUY,2019-09-04 08:00:00+00:00,,PRE_TRADE_PROJECTED_EQUITY_BREACH
REJECTED,EURUSD,BUY,2019-09-04 09:00:00+00:00,,PRE_TRADE_PROJECTED_EQUITY_BREACH
REJECTED,EURUSD,BUY,2019-09-04 10:00:00+00:00,,PRE_TRADE_PROJECTED_EQUITY_BREACH
REJECTED,GBPUSD,BUY,2019-09-04 10:00:00+00:00,,PRE_TRADE_PROJECTED_EQUITY_BREACH
REJECTED,GBPUSD,BUY,2019-09-04 11:00:00+00:00,,PRE_TRADE_PROJECTED_EQUITY_BREACH
REJECTED,EURUSD,BUY,2019-09-04 15:00:00+00:00,,PRE_TRADE_PROJECTED_EQUITY_BREACH
REJECTED,GBPUSD,BUY,2019-09-04 21:00:00+00:00,,PRE_TRADE_PROJECTED_EQUITY_BREACH
REJECTED,EURUSD,BUY,2019-09-05 08:00:00+00:00,,PRE_TRADE_PROJECTED_EQUITY_BREACH
REJECTED,GBPUSD,BUY,2019-09-05 09:00:00+00:00,,PRE_TRADE_PROJECTED_EQUITY_BREACH
REJECTED,GBPUSD,BUY,2019-09-05 10:00:00+00:00,,PRE_TRADE_PROJECTED_EQUITY_BREACH
REJECTED,EURUSD,BUY,2019-09-05 11:00:00+00:00,,PRE_TRADE_PROJECTED_EQUITY_BREACH
REJECTED,GBPUSD,BUY,2019-09-05 11:00:00+00:00,,PRE_TRADE_PROJECTED_EQUITY_BREACH
REJECTED,EURUSD,BUY,2019-09-05 12:00:00+00:00,,PRE_TRADE_PROJECTED_EQUITY_BREACH
REJECTED,EURUSD,BUY,2019-09-05 14:00:00+00:00,,PRE_TRADE_PROJECTED_EQUITY_BREACH
REJECTED,GBPUSD,SELL,2019-09-06 08:00:00+00:00,,PRE_TRADE_PROJECTED_EQUITY_BREACH
REJECTED,EURUSD,SELL,2019-09-06 12:00:00+00:00,,PRE_TRADE_PROJECTED_EQUITY_BREACH
REJECTED,GBPUSD,SELL,2019-09-08 22:00:00+00:00,,PRE_TRADE_PROJECTED_EQUITY_BREACH
REJECTED,EURUSD,SELL,2019-09-09 01:00:00+00:00,,PRE_TRADE_PROJECTED_EQUITY_BREACH
REJECTED,GBPUSD,SELL,2019-09-09 07:00:00+00:00,,PRE_TRADE_PROJECTED_EQUITY_BREACH
REJECTED,GBPUSD,BUY,2019-09-09 10:00:00+00:00,,PRE_TRADE_PROJECTED_EQUITY_BREACH
REJECTED,GBPUSD,BUY,2019-09-09 11:00:00+00:00,,PRE_TRADE_PROJECTED_EQUITY_BREACH
REJECTED,GBPUSD,SELL,2019-09-10 08:00:00+00:00,,PRE_TRADE_PROJECTED_EQUITY_BREACH
REJECTED,EURUSD,SELL,2019-09-11 09:00:00+00:00,,PRE_TRADE_PROJECTED_EQUITY_BREACH
REJECTED,EURUSD,SELL,2019-09-11 10:00:00+00:00,,PRE_TRADE_PROJECTED_EQUITY_BREACH
REJECTED,EURUSD,SELL,2019-09-11 11:00:00+00:00,,PRE_TRADE_PROJECTED_EQUITY_BREACH
REJECTED,EURUSD,SELL,2019-09-11 12:00:00+00:00,,PRE_TRADE_PROJECTED_EQUITY_BREACH
REJECTED,EURUSD,SELL,2019-09-11 14:00:00+00:00,,PRE_TRADE_PROJECTED_EQUITY_BREACH
REJECTED,GBPUSD,SELL,2019-09-11 14:00:00+00:00,,PRE_TRADE_PROJECTED_EQUITY_BREACH
REJECTED,GBPUSD,SELL,2019-09-11 17:00:00+00:00,,PRE_TRADE_PROJECTED_EQUITY_BREACH
REJECTED,EURUSD,BUY,2019-09-12 08:00:00+00:00,,PRE_TRADE_PROJECTED_EQUITY_BREACH
REJECTED,EURUSD,BUY,2019-09-12 09:00:00+00:00,,PRE_TRADE_PROJECTED_EQUITY_BREACH
REJECTED,EURUSD,SELL,2019-09-12 12:00:00+00:00,,PRE_TRADE_PROJECTED_EQUITY_BREACH
REJECTED,EURUSD,SELL,2019-09-12 13:00:00+00:00,,PRE_TRADE_PROJECTED_EQUITY_BREACH
REJECTED,GBPUSD,SELL,2019-09-12 13:00:00+00:00,,PRE_TRADE_PROJECTED_EQUITY_BREACH
REJECTED,GBPUSD,BUY,2019-09-12 14:00:00+00:00,,PRE_TRADE_PROJECTED_EQUITY_BREACH
REJECTED,EURUSD,BUY,2019-09-12 16:00:00+00:00,,PRE_TRADE_PROJECTED_EQUITY_BREACH
REJECTED,EURUSD,BUY,2019-09-13 07:00:00+00:00,,PRE_TRADE_PROJECTED_EQUITY_BREACH
REJECTED,GBPUSD,BUY,2019-09-13 07:00:00+00:00,,PRE_TRADE_PROJECTED_EQUITY_BREACH
REJECTED,GBPUSD,BUY,2019-09-13 08:00:00+00:00,,PRE_TRADE_PROJECTED_EQUITY_BREACH
REJECTED,GBPUSD,BUY,2019-09-13 09:00:00+00:00,,PRE_TRADE_PROJECTED_EQUITY_BREACH
REJECTED,GBPUSD,BUY,2019-09-13 20:00:00+00:00,,PRE_TRADE_PROJECTED_EQUITY_BREACH
REJECTED,EURUSD,SELL,2019-09-16 09:00:00+00:00,,PRE_TRADE_PROJECTED_EQUITY_BREACH
REJECTED,GBPUSD,SELL,2019-09-16 09:00:00+00:00,,PRE_TRADE_PROJECTED_EQUITY_BREACH
REJECTED,EURUSD,SELL,2019-09-16 11:00:00+00:00,,PRE_TRADE_PROJECTED_EQUITY_BREACH
REJECTED,EURUSD,SELL,2019-09-16 12:00:00+00:00,,PRE_TRADE_PROJECTED_EQUITY_BREACH
REJECTED,EURUSD,SELL,2019-09-16 13:00:00+00:00,,PRE_TRADE_PROJECTED_EQUITY_BREACH
REJECTED,EURUSD,SELL,2019-09-16 14:00:00+00:00,,PRE_TRADE_PROJECTED_EQUITY_BREACH
REJECTED,EURUSD,SELL,2019-09-16 15:00:00+00:00,,PRE_TRADE_PROJECTED_EQUITY_BREACH
REJECTED,GBPUSD,SELL,2019-09-16 15:00:00+00:00,,PRE_TRADE_PROJECTED_EQUITY_BREACH
REJECTED,GBPUSD,SELL,2019-09-17 08:00:00+00:00,,PRE_TRADE_PROJECTED_EQUITY_BREACH
REJECTED,EURUSD,BUY,2019-09-17 11:00:00+00:00,,PRE_TRADE_PROJECTED_EQUITY_BREACH
REJECTED,EURUSD,BUY,2019-09-17 14:00:00+00:00,,PRE_TRADE_PROJECTED_EQUITY_BREACH
REJECTED,GBPUSD,BUY,2019-09-17 14:00:00+00:00,,PRE_TRADE_PROJECTED_EQUITY_BREACH
REJECTED,EURUSD,BUY,2019-09-17 15:00:00+00:00,,PRE_TRADE_PROJECTED_EQUITY_BREACH
REJECTED,GBPUSD,BUY,2019-09-17 15:00:00+00:00,,PRE_TRADE_PROJECTED_EQUITY_BREACH
REJECTED,EURUSD,BUY,2019-09-17 16:00:00+00:00,,PRE_TRADE_PROJECTED_EQUITY_BREACH
REJECTED,GBPUSD,BUY,2019-09-17 16:00:00+00:00,,PRE_TRADE_PROJECTED_EQUITY_BREACH
REJECTED,EURUSD,BUY,2019-09-17 17:00:00+00:00,,PRE_TRADE_PROJECTED_EQUITY_BREACH
REJECTED,GBPUSD,BUY,2019-09-17 17:00:00+00:00,,PRE_TRADE_PROJECTED_EQUITY_BREACH
REJECTED,GBPUSD,BUY,2019-09-17 18:00:00+00:00,,PRE_TRADE_PROJECTED_EQUITY_BREACH
REJECTED,EURUSD,SELL,2019-09-18 19:00:00+00:00,,PRE_TRADE_PROJECTED_EQUITY_BREACH
REJECTED,GBPUSD,BUY,2019-09-19 18:00:00+00:00,,PRE_TRADE_PROJECTED_EQUITY_BREACH
REJECTED,GBPUSD,BUY,2019-09-20 07:00:00+00:00,,PRE_TRADE_PROJECTED_EQUITY_BREACH
REJECTED,EURUSD,SELL,2019-09-20 12:00:00+00:00,,PRE_TRADE_PROJECTED_EQUITY_BREACH
REJECTED,EURUSD,SELL,2019-09-20 15:00:00+00:00,,PRE_TRADE_PROJECTED_EQUITY_BREACH
REJECTED,EURUSD,SELL,2019-09-20 16:00:00+00:00,,PRE_TRADE_PROJECTED_EQUITY_BREACH
REJECTED,GBPUSD,SELL,2019-09-23 07:00:00+00:00,,PRE_TRADE_PROJECTED_EQUITY_BREACH
REJECTED,EURUSD,SELL,2019-09-23 08:00:00+00:00,,PRE_TRADE_PROJECTED_EQUITY_BREACH
REJECTED,GBPUSD,SELL,2019-09-23 08:00:00+00:00,,PRE_TRADE_PROJECTED_EQUITY_BREACH
REJECTED,GBPUSD,SELL,2019-09-23 11:00:00+00:00,,PRE_TRADE_PROJECTED_EQUITY_BREACH
REJECTED,GBPUSD,SELL,2019-09-23 13:00:00+00:00,,PRE_TRADE_PROJECTED_EQUITY_BREACH
REJECTED,GBPUSD,BUY,2019-09-24 10:00:00+00:00,,PRE_TRADE_PROJECTED_EQUITY_BREACH
REJECTED,EURUSD,BUY,2019-09-24 12:00:00+00:00,,PRE_TRADE_PROJECTED_EQUITY_BREACH
REJECTED,EURUSD,BUY,2019-09-24 13:00:00+00:00,,PRE_TRADE_PROJECTED_EQUITY_BREACH
REJECTED,GBPUSD,SELL,2019-09-25 08:00:00+00:00,,PRE_TRADE_PROJECTED_EQUITY_BREACH
REJECTED,GBPUSD,SELL,2019-09-25 09:00:00+00:00,,PRE_TRADE_PROJECTED_EQUITY_BREACH
REJECTED,GBPUSD,SELL,2019-09-25 11:00:00+00:00,,PRE_TRADE_PROJECTED_EQUITY_BREACH
REJECTED,EURUSD,SELL,2019-09-25 12:00:00+00:00,,PRE_TRADE_PROJECTED_EQUITY_BREACH
REJECTED,GBPUSD,SELL,2019-09-25 12:00:00+00:00,,PRE_TRADE_PROJECTED_EQUITY_BREACH
REJECTED,EURUSD,SELL,2019-09-25 15:00:00+00:00,,PRE_TRADE_PROJECTED_EQUITY_BREACH
REJECTED,EURUSD,SELL,2019-09-25 16:00:00+00:00,,PRE_TRADE_PROJECTED_EQUITY_BREACH
REJECTED,EURUSD,SELL,2019-09-25 17:00:00+00:00,,PRE_TRADE_PROJECTED_EQUITY_BREACH
REJECTED,GBPUSD,SELL,2019-09-25 19:00:00+00:00,,PRE_TRADE_PROJECTED_EQUITY_BREACH
REJECTED,GBPUSD,SELL,2019-09-25 21:00:00+00:00,,PRE_TRADE_PROJECTED_EQUITY_BREACH
REJECTED,GBPUSD,SELL,2019-09-26 09:00:00+00:00,,PRE_TRADE_PROJECTED_EQUITY_BREACH
REJECTED,GBPUSD,SELL,2019-09-26 10:00:00+00:00,,PRE_TRADE_PROJECTED_EQUITY_BREACH
REJECTED,EURUSD,SELL,2019-09-26 20:00:00+00:00,,PRE_TRADE_PROJECTED_EQUITY_BREACH
REJECTED,GBPUSD,SELL,2019-09-27 08:00:00+00:00,,PRE_TRADE_PROJECTED_EQUITY_BREACH
REJECTED,EURUSD,SELL,2019-09-30 10:00:00+00:00,,PRE_TRADE_PROJECTED_EQUITY_BREACH
REJECTED,EURUSD,SELL,2019-09-30 12:00:00+00:00,,PRE_TRADE_PROJECTED_EQUITY_BREACH
REJECTED,EURUSD,SELL,2019-09-30 13:00:00+00:00,,PRE_TRADE_PROJECTED_EQUITY_BREACH
REJECTED,GBPUSD,SELL,2019-09-30 18:00:00+00:00,,PRE_TRADE_PROJECTED_EQUITY_BREACH
REJECTED,EURUSD,SELL,2019-10-01 07:00:00+00:00,,PRE_TRADE_PROJECTED_EQUITY_BREACH
REJECTED,GBPUSD,SELL,2019-10-01 13:00:00+00:00,,PRE_TRADE_PROJECTED_EQUITY_BREACH
REJECTED,GBPUSD,SELL,2019-10-01 14:00:00+00:00,,PRE_TRADE_PROJECTED_EQUITY_BREACH
REJECTED,EURUSD,BUY,2019-10-01 15:00:00+00:00,,PRE_TRADE_PROJECTED_EQUITY_BREACH
REJECTED,EURUSD,BUY,2019-10-01 16:00:00+00:00,,PRE_TRADE_PROJECTED_EQUITY_BREACH
REJECTED,EURUSD,BUY,2019-10-01 17:00:00+00:00,,PRE_TRADE_PROJECTED_EQUITY_BREACH
REJECTED,GBPUSD,BUY,2019-10-01 17:00:00+00:00,,PRE_TRADE_PROJECTED_EQUITY_BREACH
REJECTED,EURUSD,BUY,2019-10-02 14:00:00+00:00,,PRE_TRADE_PROJECTED_EQUITY_BREACH
REJECTED,GBPUSD,BUY,2019-10-03 13:00:00+00:00,,PRE_TRADE_PROJECTED_EQUITY_BREACH
REJECTED,EURUSD,BUY,2019-10-03 15:00:00+00:00,,PRE_TRADE_PROJECTED_EQUITY_BREACH
REJECTED,GBPUSD,BUY,2019-10-03 15:00:00+00:00,,PRE_TRADE_PROJECTED_EQUITY_BREACH
REJECTED,GBPUSD,SELL,2019-10-04 13:00:00+00:00,,PRE_TRADE_PROJECTED_EQUITY_BREACH
REJECTED,GBPUSD,SELL,2019-10-04 14:00:00+00:00,,PRE_TRADE_PROJECTED_EQUITY_BREACH
REJECTED,EURUSD,BUY,2019-10-07 13:00:00+00:00,,PRE_TRADE_PROJECTED_EQUITY_BREACH
REJECTED,GBPUSD,SELL,2019-10-08 07:00:00+00:00,,PRE_TRADE_PROJECTED_EQUITY_BREACH
REJECTED,GBPUSD,SELL,2019-10-08 10:00:00+00:00,,PRE_TRADE_PROJECTED_EQUITY_BREACH
REJECTED,GBPUSD,SELL,2019-10-08 11:00:00+00:00,,PRE_TRADE_PROJECTED_EQUITY_BREACH
REJECTED,EURUSD,SELL,2019-10-08 15:00:00+00:00,,PRE_TRADE_PROJECTED_EQUITY_BREACH
REJECTED,EURUSD,SELL,2019-10-08 16:00:00+00:00,,PRE_TRADE_PROJECTED_EQUITY_BREACH
REJECTED,GBPUSD,BUY,2019-10-09 09:00:00+00:00,,PRE_TRADE_PROJECTED_EQUITY_BREACH
REJECTED,EURUSD,BUY,2019-10-10 07:00:00+00:00,,PRE_TRADE_PROJECTED_EQUITY_BREACH
REJECTED,EURUSD,BUY,2019-10-10 08:00:00+00:00,,PRE_TRADE_PROJECTED_EQUITY_BREACH
REJECTED,GBPUSD,BUY,2019-10-10 08:00:00+00:00,,PRE_TRADE_PROJECTED_EQUITY_BREACH
REJECTED,EURUSD,BUY,2019-10-10 10:00:00+00:00,,PRE_TRADE_PROJECTED_EQUITY_BREACH
REJECTED,GBPUSD,BUY,2019-10-10 10:00:00+00:00,,PRE_TRADE_PROJECTED_EQUITY_BREACH
REJECTED,GBPUSD,BUY,2019-10-10 15:00:00+00:00,,PRE_TRADE_PROJECTED_EQUITY_BREACH
REJECTED,GBPUSD,BUY,2019-10-10 16:00:00+00:00,,PRE_TRADE_PROJECTED_EQUITY_BREACH
REJECTED,GBPUSD,BUY,2019-10-10 17:00:00+00:00,,PRE_TRADE_PROJECTED_EQUITY_BREACH
REJECTED,GBPUSD,BUY,2019-10-10 18:00:00+00:00,,PRE_TRADE_PROJECTED_EQUITY_BREACH
REJECTED,GBPUSD,BUY,2019-10-11 09:00:00+00:00,,PRE_TRADE_PROJECTED_EQUITY_BREACH
REJECTED,EURUSD,BUY,2019-10-11 11:00:00+00:00,,PRE_TRADE_PROJECTED_EQUITY_BREACH
REJECTED,GBPUSD,BUY,2019-10-11 11:00:00+00:00,,PRE_TRADE_PROJECTED_EQUITY_BREACH
REJECTED,EURUSD,BUY,2019-10-11 12:00:00+00:00,,PRE_TRADE_PROJECTED_EQUITY_BREACH
REJECTED,GBPUSD,BUY,2019-10-11 15:00:00+00:00,,SYMBOL_ALREADY_HAS_OPEN_POSITION
REJECTED,EURUSD,SELL,2019-10-14 07:00:00+00:00,,PRE_TRADE_PROJECTED_EQUITY_BREACH
REJECTED,GBPUSD,SELL,2019-10-14 12:00:00+00:00,,PRE_TRADE_PROJECTED_EQUITY_BREACH
REJECTED,GBPUSD,BUY,2019-10-15 07:00:00+00:00,,PRE_TRADE_PROJECTED_EQUITY_BREACH
REJECTED,EURUSD,SELL,2019-10-15 12:00:00+00:00,,PRE_TRADE_PROJECTED_EQUITY_BREACH
REJECTED,EURUSD,SELL,2019-10-15 14:00:00+00:00,,PRE_TRADE_PROJECTED_EQUITY_BREACH
REJECTED,GBPUSD,BUY,2019-10-15 15:00:00+00:00,,PRE_TRADE_PROJECTED_EQUITY_BREACH
REJECTED,EURUSD,BUY,2019-10-16 07:00:00+00:00,,PRE_TRADE_PROJECTED_EQUITY_BREACH
REJECTED,GBPUSD,BUY,2019-10-16 14:00:00+00:00,,PRE_TRADE_PROJECTED_EQUITY_BREACH
REJECTED,EURUSD,BUY,2019-10-16 16:00:00+00:00,,PRE_TRADE_PROJECTED_EQUITY_BREACH
REJECTED,EURUSD,BUY,2019-10-16 17:00:00+00:00,,PRE_TRADE_PROJECTED_EQUITY_BREACH
REJECTED,EURUSD,BUY,2019-10-17 09:00:00+00:00,,PRE_TRADE_PROJECTED_EQUITY_BREACH
REJECTED,EURUSD,BUY,2019-10-17 10:00:00+00:00,,PRE_TRADE_PROJECTED_EQUITY_BREACH
REJECTED,GBPUSD,BUY,2019-10-17 10:00:00+00:00,,PRE_TRADE_PROJECTED_EQUITY_BREACH
REJECTED,GBPUSD,BUY,2019-10-18 09:00:00+00:00,,PRE_TRADE_PROJECTED_EQUITY_BREACH
REJECTED,EURUSD,BUY,2019-10-18 12:00:00+00:00,,PRE_TRADE_PROJECTED_EQUITY_BREACH
REJECTED,EURUSD,BUY,2019-10-18 13:00:00+00:00,,PRE_TRADE_PROJECTED_EQUITY_BREACH
REJECTED,EURUSD,BUY,2019-10-18 16:00:00+00:00,,PRE_TRADE_PROJECTED_EQUITY_BREACH
REJECTED,GBPUSD,BUY,2019-10-18 17:00:00+00:00,,PRE_TRADE_PROJECTED_EQUITY_BREACH
REJECTED,GBPUSD,BUY,2019-10-18 18:00:00+00:00,,PRE_TRADE_PROJECTED_EQUITY_BREACH
REJECTED,EURUSD,BUY,2019-10-18 21:00:00+00:00,,PRE_TRADE_PROJECTED_EQUITY_BREACH
REJECTED,GBPUSD,BUY,2019-10-18 21:00:00+00:00,,PRE_TRADE_PROJECTED_EQUITY_BREACH
REJECTED,EURUSD,SELL,2019-10-21 15:00:00+00:00,,PRE_TRADE_PROJECTED_EQUITY_BREACH
REJECTED,GBPUSD,SELL,2019-10-22 08:00:00+00:00,,PRE_TRADE_PROJECTED_EQUITY_BREACH
REJECTED,EURUSD,SELL,2019-10-22 13:00:00+00:00,,PRE_TRADE_PROJECTED_EQUITY_BREACH
REJECTED,GBPUSD,SELL,2019-10-22 13:00:00+00:00,,PRE_TRADE_PROJECTED_EQUITY_BREACH
REJECTED,GBPUSD,SELL,2019-10-22 19:00:00+00:00,,PRE_TRADE_PROJECTED_EQUITY_BREACH
REJECTED,GBPUSD,SELL,2019-10-23 02:00:00+00:00,,PRE_TRADE_PROJECTED_EQUITY_BREACH
REJECTED,GBPUSD,SELL,2019-10-23 03:00:00+00:00,,PRE_TRADE_PROJECTED_EQUITY_BREACH
REJECTED,EURUSD,SELL,2019-10-23 04:00:00+00:00,,PRE_TRADE_PROJECTED_EQUITY_BREACH
REJECTED,GBPUSD,SELL,2019-10-23 04:00:00+00:00,,PRE_TRADE_PROJECTED_EQUITY_BREACH
REJECTED,EURUSD,SELL,2019-10-23 10:00:00+00:00,,PRE_TRADE_PROJECTED_EQUITY_BREACH
REJECTED,EURUSD,SELL,2019-10-23 11:00:00+00:00,,PRE_TRADE_PROJECTED_EQUITY_BREACH
REJECTED,GBPUSD,BUY,2019-10-23 19:00:00+00:00,,PRE_TRADE_PROJECTED_EQUITY_BREACH
REJECTED,EURUSD,BUY,2019-10-23 20:00:00+00:00,,PRE_TRADE_PROJECTED_EQUITY_BREACH
REJECTED,GBPUSD,BUY,2019-10-24 07:00:00+00:00,,PRE_TRADE_PROJECTED_EQUITY_BREACH
REJECTED,EURUSD,BUY,2019-10-24 08:00:00+00:00,,PRE_TRADE_PROJECTED_EQUITY_BREACH
REJECTED,EURUSD,SELL,2019-10-24 14:00:00+00:00,,PRE_TRADE_PROJECTED_EQUITY_BREACH
REJECTED,GBPUSD,SELL,2019-10-24 14:00:00+00:00,,PRE_TRADE_PROJECTED_EQUITY_BREACH
REJECTED,EURUSD,SELL,2019-10-24 15:00:00+00:00,,PRE_TRADE_PROJECTED_EQUITY_BREACH
REJECTED,GBPUSD,SELL,2019-10-24 15:00:00+00:00,,PRE_TRADE_PROJECTED_EQUITY_BREACH
REJECTED,EURUSD,SELL,2019-10-24 16:00:00+00:00,,PRE_TRADE_PROJECTED_EQUITY_BREACH
REJECTED,GBPUSD,SELL,2019-10-24 16:00:00+00:00,,PRE_TRADE_PROJECTED_EQUITY_BREACH
REJECTED,EURUSD,SELL,2019-10-25 14:00:00+00:00,,PRE_TRADE_PROJECTED_EQUITY_BREACH
REJECTED,EURUSD,SELL,2019-10-25 16:00:00+00:00,,PRE_TRADE_PROJECTED_EQUITY_BREACH
REJECTED,EURUSD,SELL,2019-10-25 17:00:00+00:00,,PRE_TRADE_PROJECTED_EQUITY_BREACH
REJECTED,GBPUSD,BUY,2019-10-28 07:00:00+00:00,,PRE_TRADE_PROJECTED_EQUITY_BREACH
REJECTED,EURUSD,SELL,2019-10-29 08:00:00+00:00,,PRE_TRADE_PROJECTED_EQUITY_BREACH
REJECTED,GBPUSD,SELL,2019-10-29 09:00:00+00:00,,PRE_TRADE_PROJECTED_EQUITY_BREACH
REJECTED,EURUSD,BUY,2019-10-29 14:00:00+00:00,,PRE_TRADE_PROJECTED_EQUITY_BREACH
REJECTED,EURUSD,BUY,2019-10-29 15:00:00+00:00,,PRE_TRADE_PROJECTED_EQUITY_BREACH
REJECTED,GBPUSD,BUY,2019-10-29 15:00:00+00:00,,PRE_TRADE_PROJECTED_EQUITY_BREACH
REJECTED,EURUSD,BUY,2019-10-30 07:00:00+00:00,,PRE_TRADE_PROJECTED_EQUITY_BREACH
REJECTED,EURUSD,BUY,2019-10-30 19:00:00+00:00,,PRE_TRADE_PROJECTED_EQUITY_BREACH
REJECTED,EURUSD,BUY,2019-10-30 21:00:00+00:00,,PRE_TRADE_PROJECTED_EQUITY_BREACH
REJECTED,EURUSD,BUY,2019-10-31 00:00:00+00:00,,PRE_TRADE_PROJECTED_EQUITY_BREACH
REJECTED,GBPUSD,BUY,2019-10-31 00:00:00+00:00,,PRE_TRADE_PROJECTED_EQUITY_BREACH
REJECTED,EURUSD,BUY,2019-10-31 01:00:00+00:00,,PRE_TRADE_PROJECTED_EQUITY_BREACH
REJECTED,GBPUSD,BUY,2019-10-31 01:00:00+00:00,,PRE_TRADE_PROJECTED_EQUITY_BREACH
REJECTED,GBPUSD,BUY,2019-10-31 02:00:00+00:00,,PRE_TRADE_PROJECTED_EQUITY_BREACH
REJECTED,GBPUSD,BUY,2019-10-31 03:00:00+00:00,,PRE_TRADE_PROJECTED_EQUITY_BREACH
REJECTED,GBPUSD,BUY,2019-10-31 07:00:00+00:00,,PRE_TRADE_PROJECTED_EQUITY_BREACH
REJECTED,EURUSD,BUY,2019-10-31 08:00:00+00:00,,PRE_TRADE_PROJECTED_EQUITY_BREACH
REJECTED,GBPUSD,BUY,2019-10-31 08:00:00+00:00,,PRE_TRADE_PROJECTED_EQUITY_BREACH
REJECTED,GBPUSD,BUY,2019-10-31 11:00:00+00:00,,PRE_TRADE_PROJECTED_EQUITY_BREACH
REJECTED,EURUSD,SELL,2019-11-01 12:00:00+00:00,,PRE_TRADE_PROJECTED_EQUITY_BREACH
REJECTED,GBPUSD,SELL,2019-11-04 09:00:00+00:00,,PRE_TRADE_PROJECTED_EQUITY_BREACH
REJECTED,GBPUSD,SELL,2019-11-04 10:00:00+00:00,,PRE_TRADE_PROJECTED_EQUITY_BREACH
REJECTED,EURUSD,SELL,2019-11-04 14:00:00+00:00,,PRE_TRADE_PROJECTED_EQUITY_BREACH
REJECTED,GBPUSD,SELL,2019-11-04 14:00:00+00:00,,PRE_TRADE_PROJECTED_EQUITY_BREACH
REJECTED,EURUSD,SELL,2019-11-04 16:00:00+00:00,,PRE_TRADE_PROJECTED_EQUITY_BREACH
REJECTED,GBPUSD,SELL,2019-11-04 17:00:00+00:00,,PRE_TRADE_PROJECTED_EQUITY_BREACH
REJECTED,EURUSD,SELL,2019-11-04 18:00:00+00:00,,PRE_TRADE_PROJECTED_EQUITY_BREACH
REJECTED,GBPUSD,SELL,2019-11-04 18:00:00+00:00,,PRE_TRADE_PROJECTED_EQUITY_BREACH
REJECTED,EURUSD,SELL,2019-11-04 19:00:00+00:00,,PRE_TRADE_PROJECTED_EQUITY_BREACH
REJECTED,EURUSD,SELL,2019-11-04 22:00:00+00:00,,PRE_TRADE_PROJECTED_EQUITY_BREACH
REJECTED,EURUSD,SELL,2019-11-05 12:00:00+00:00,,PRE_TRADE_PROJECTED_EQUITY_BREACH
REJECTED,EURUSD,SELL,2019-11-05 13:00:00+00:00,,PRE_TRADE_PROJECTED_EQUITY_BREACH
REJECTED,EURUSD,SELL,2019-11-05 14:00:00+00:00,,PRE_TRADE_PROJECTED_EQUITY_BREACH
REJECTED,EURUSD,SELL,2019-11-05 15:00:00+00:00,,PRE_TRADE_PROJECTED_EQUITY_BREACH
REJECTED,GBPUSD,SELL,2019-11-05 15:00:00+00:00,,PRE_TRADE_PROJECTED_EQUITY_BREACH
REJECTED,EURUSD,SELL,2019-11-06 17:00:00+00:00,,PRE_TRADE_PROJECTED_EQUITY_BREACH
REJECTED,GBPUSD,SELL,2019-11-06 17:00:00+00:00,,PRE_TRADE_PROJECTED_EQUITY_BREACH
REJECTED,GBPUSD,SELL,2019-11-06 18:00:00+00:00,,PRE_TRADE_PROJECTED_EQUITY_BREACH
REJECTED,EURUSD,SELL,2019-11-07 01:00:00+00:00,,PRE_TRADE_PROJECTED_EQUITY_BREACH
REJECTED,EURUSD,SELL,2019-11-07 02:00:00+00:00,,PRE_TRADE_PROJECTED_EQUITY_BREACH
REJECTED,EURUSD,BUY,2019-11-07 10:00:00+00:00,,PRE_TRADE_PROJECTED_EQUITY_BREACH
REJECTED,GBPUSD,SELL,2019-11-07 12:00:00+00:00,,PRE_TRADE_PROJECTED_EQUITY_BREACH
REJECTED,EURUSD,SELL,2019-11-07 15:00:00+00:00,,PRE_TRADE_PROJECTED_EQUITY_BREACH
REJECTED,EURUSD,SELL,2019-11-08 10:00:00+00:00,,PRE_TRADE_PROJECTED_EQUITY_BREACH
REJECTED,EURUSD,SELL,2019-11-08 11:00:00+00:00,,PRE_TRADE_PROJECTED_EQUITY_BREACH
REJECTED,GBPUSD,SELL,2019-11-08 11:00:00+00:00,,PRE_TRADE_PROJECTED_EQUITY_BREACH
REJECTED,EURUSD,SELL,2019-11-08 15:00:00+00:00,,PRE_TRADE_PROJECTED_EQUITY_BREACH
REJECTED,GBPUSD,SELL,2019-11-08 15:00:00+00:00,,PRE_TRADE_PROJECTED_EQUITY_BREACH
REJECTED,EURUSD,SELL,2019-11-08 16:00:00+00:00,,PRE_TRADE_PROJECTED_EQUITY_BREACH
REJECTED,GBPUSD,SELL,2019-11-08 16:00:00+00:00,,PRE_TRADE_PROJECTED_EQUITY_BREACH
REJECTED,GBPUSD,SELL,2019-11-08 17:00:00+00:00,,PRE_TRADE_PROJECTED_EQUITY_BREACH
REJECTED,EURUSD,BUY,2019-11-11 10:00:00+00:00,,PRE_TRADE_PROJECTED_EQUITY_BREACH
REJECTED,GBPUSD,BUY,2019-11-11 11:00:00+00:00,,PRE_TRADE_PROJECTED_EQUITY_BREACH
REJECTED,EURUSD,BUY,2019-11-11 12:00:00+00:00,,PRE_TRADE_PROJECTED_EQUITY_BREACH
REJECTED,GBPUSD,BUY,2019-11-11 12:00:00+00:00,,PRE_TRADE_PROJECTED_EQUITY_BREACH
REJECTED,EURUSD,SELL,2019-11-12 08:00:00+00:00,,PRE_TRADE_PROJECTED_EQUITY_BREACH
REJECTED,GBPUSD,SELL,2019-11-12 08:00:00+00:00,,PRE_TRADE_PROJECTED_EQUITY_BREACH
REJECTED,EURUSD,SELL,2019-11-12 11:00:00+00:00,,PRE_TRADE_PROJECTED_EQUITY_BREACH
REJECTED,EURUSD,SELL,2019-11-13 17:00:00+00:00,,PRE_TRADE_PROJECTED_EQUITY_BREACH
REJECTED,EURUSD,SELL,2019-11-14 06:00:00+00:00,,PRE_TRADE_PROJECTED_EQUITY_BREACH
REJECTED,EURUSD,SELL,2019-11-14 11:00:00+00:00,,PRE_TRADE_PROJECTED_EQUITY_BREACH
REJECTED,GBPUSD,BUY,2019-11-14 16:00:00+00:00,,PRE_TRADE_PROJECTED_EQUITY_BREACH
REJECTED,EURUSD,BUY,2019-11-14 18:00:00+00:00,,PRE_TRADE_PROJECTED_EQUITY_BREACH
REJECTED,EURUSD,BUY,2019-11-15 02:00:00+00:00,,PRE_TRADE_PROJECTED_EQUITY_BREACH
REJECTED,EURUSD,BUY,2019-11-15 11:00:00+00:00,,PRE_TRADE_PROJECTED_EQUITY_BREACH
REJECTED,EURUSD,BUY,2019-11-15 13:00:00+00:00,,PRE_TRADE_PROJECTED_EQUITY_BREACH
REJECTED,EURUSD,BUY,2019-11-15 14:00:00+00:00,,PRE_TRADE_PROJECTED_EQUITY_BREACH
REJECTED,GBPUSD,BUY,2019-11-15 14:00:00+00:00,,PRE_TRADE_PROJECTED_EQUITY_BREACH
REJECTED,EURUSD,BUY,2019-11-15 15:00:00+00:00,,PRE_TRADE_PROJECTED_EQUITY_BREACH
REJECTED,EURUSD,BUY,2019-11-15 18:00:00+00:00,,PRE_TRADE_PROJECTED_EQUITY_BREACH
REJECTED,EURUSD,BUY,2019-11-18 01:00:00+00:00,,PRE_TRADE_PROJECTED_EQUITY_BREACH
REJECTED,EURUSD,BUY,2019-11-18 02:00:00+00:00,,PRE_TRADE_PROJECTED_EQUITY_BREACH
REJECTED,GBPUSD,BUY,2019-11-18 02:00:00+00:00,,PRE_TRADE_PROJECTED_EQUITY_BREACH
REJECTED,EURUSD,BUY,2019-11-18 03:00:00+00:00,,PRE_TRADE_PROJECTED_EQUITY_BREACH
REJECTED,GBPUSD,BUY,2019-11-18 03:00:00+00:00,,PRE_TRADE_PROJECTED_EQUITY_BREACH
REJECTED,GBPUSD,BUY,2019-11-18 07:00:00+00:00,,PRE_TRADE_PROJECTED_EQUITY_BREACH
REJECTED,GBPUSD,BUY,2019-11-18 08:00:00+00:00,,PRE_TRADE_PROJECTED_EQUITY_BREACH
REJECTED,GBPUSD,BUY,2019-11-18 09:00:00+00:00,,PRE_TRADE_PROJECTED_EQUITY_BREACH
REJECTED,EURUSD,BUY,2019-11-18 15:00:00+00:00,,PRE_TRADE_PROJECTED_EQUITY_BREACH
REJECTED,GBPUSD,SELL,2019-11-19 10:00:00+00:00,,PRE_TRADE_PROJECTED_EQUITY_BREACH
REJECTED,GBPUSD,SELL,2019-11-19 16:00:00+00:00,,PRE_TRADE_PROJECTED_EQUITY_BREACH
REJECTED,GBPUSD,SELL,2019-11-19 19:00:00+00:00,,PRE_TRADE_PROJECTED_EQUITY_BREACH
REJECTED,GBPUSD,SELL,2019-11-20 01:00:00+00:00,,PRE_TRADE_PROJECTED_EQUITY_BREACH
REJECTED,EURUSD,SELL,2019-11-20 08:00:00+00:00,,PRE_TRADE_PROJECTED_EQUITY_BREACH
REJECTED,GBPUSD,SELL,2019-11-20 08:00:00+00:00,,PRE_TRADE_PROJECTED_EQUITY_BREACH
REJECTED,GBPUSD,BUY,2019-11-21 02:00:00+00:00,,PRE_TRADE_PROJECTED_EQUITY_BREACH
REJECTED,GBPUSD,BUY,2019-11-21 07:00:00+00:00,,PRE_TRADE_PROJECTED_EQUITY_BREACH
REJECTED,EURUSD,BUY,2019-11-21 08:00:00+00:00,,PRE_TRADE_PROJECTED_EQUITY_BREACH
REJECTED,GBPUSD,BUY,2019-11-21 08:00:00+00:00,,PRE_TRADE_PROJECTED_EQUITY_BREACH
REJECTED,GBPUSD,BUY,2019-11-21 09:00:00+00:00,,PRE_TRADE_PROJECTED_EQUITY_BREACH
REJECTED,GBPUSD,BUY,2019-11-21 11:00:00+00:00,,PRE_TRADE_PROJECTED_EQUITY_BREACH
REJECTED,EURUSD,BUY,2019-11-21 12:00:00+00:00,,PRE_TRADE_PROJECTED_EQUITY_BREACH
REJECTED,GBPUSD,BUY,2019-11-21 12:00:00+00:00,,PRE_TRADE_PROJECTED_EQUITY_BREACH
REJECTED,EURUSD,SELL,2019-11-21 17:00:00+00:00,,PRE_TRADE_PROJECTED_EQUITY_BREACH
REJECTED,EURUSD,SELL,2019-11-21 18:00:00+00:00,,PRE_TRADE_PROJECTED_EQUITY_BREACH
REJECTED,GBPUSD,SELL,2019-11-21 18:00:00+00:00,,PRE_TRADE_PROJECTED_EQUITY_BREACH
REJECTED,GBPUSD,SELL,2019-11-22 09:00:00+00:00,,PRE_TRADE_PROJECTED_EQUITY_BREACH
REJECTED,GBPUSD,SELL,2019-11-22 12:00:00+00:00,,PRE_TRADE_PROJECTED_EQUITY_BREACH
REJECTED,EURUSD,SELL,2019-11-22 14:00:00+00:00,,PRE_TRADE_PROJECTED_EQUITY_BREACH
REJECTED,GBPUSD,SELL,2019-11-22 14:00:00+00:00,,PRE_TRADE_PROJECTED_EQUITY_BREACH
REJECTED,EURUSD,SELL,2019-11-22 15:00:00+00:00,,PRE_TRADE_PROJECTED_EQUITY_BREACH
REJECTED,GBPUSD,SELL,2019-11-22 15:00:00+00:00,,PRE_TRADE_PROJECTED_EQUITY_BREACH
REJECTED,EURUSD,SELL,2019-11-22 16:00:00+00:00,,PRE_TRADE_PROJECTED_EQUITY_BREACH
REJECTED,GBPUSD,SELL,2019-11-22 16:00:00+00:00,,PRE_TRADE_PROJECTED_EQUITY_BREACH
REJECTED,EURUSD,SELL,2019-11-22 17:00:00+00:00,,PRE_TRADE_PROJECTED_EQUITY_BREACH
REJECTED,EURUSD,SELL,2019-11-22 19:00:00+00:00,,PRE_TRADE_PROJECTED_EQUITY_BREACH
REJECTED,EURUSD,SELL,2019-11-25 09:00:00+00:00,,PRE_TRADE_PROJECTED_EQUITY_BREACH
REJECTED,GBPUSD,BUY,2019-11-25 09:00:00+00:00,,PRE_TRADE_PROJECTED_EQUITY_BREACH
REJECTED,GBPUSD,BUY,2019-11-25 14:00:00+00:00,,PRE_TRADE_PROJECTED_EQUITY_BREACH
REJECTED,GBPUSD,BUY,2019-11-25 15:00:00+00:00,,PRE_TRADE_PROJECTED_EQUITY_BREACH
REJECTED,GBPUSD,SELL,2019-11-26 09:00:00+00:00,,PRE_TRADE_PROJECTED_EQUITY_BREACH
REJECTED,GBPUSD,SELL,2019-11-26 10:00:00+00:00,,PRE_TRADE_PROJECTED_EQUITY_BREACH
REJECTED,GBPUSD,SELL,2019-11-26 15:00:00+00:00,,PRE_TRADE_PROJECTED_EQUITY_BREACH
REJECTED,GBPUSD,SELL,2019-11-27 07:00:00+00:00,,PRE_TRADE_PROJECTED_EQUITY_BREACH
REJECTED,GBPUSD,BUY,2019-11-27 10:00:00+00:00,,PRE_TRADE_PROJECTED_EQUITY_BREACH
REJECTED,GBPUSD,BUY,2019-11-27 11:00:00+00:00,,PRE_TRADE_PROJECTED_EQUITY_BREACH
REJECTED,EURUSD,SELL,2019-11-27 13:00:00+00:00,,PRE_TRADE_PROJECTED_EQUITY_BREACH
REJECTED,EURUSD,SELL,2019-11-27 14:00:00+00:00,,PRE_TRADE_PROJECTED_EQUITY_BREACH
REJECTED,GBPUSD,BUY,2019-11-27 18:00:00+00:00,,PRE_TRADE_PROJECTED_EQUITY_BREACH
REJECTED,GBPUSD,BUY,2019-11-27 21:00:00+00:00,,PRE_TRADE_PROJECTED_EQUITY_BREACH
REJECTED,GBPUSD,BUY,2019-11-27 22:00:00+00:00,,PRE_TRADE_PROJECTED_EQUITY_BREACH
REJECTED,EURUSD,BUY,2019-11-28 08:00:00+00:00,,PRE_TRADE_PROJECTED_EQUITY_BREACH
REJECTED,GBPUSD,SELL,2019-11-29 09:00:00+00:00,,PRE_TRADE_PROJECTED_EQUITY_BREACH
REJECTED,EURUSD,SELL,2019-11-29 11:00:00+00:00,,PRE_TRADE_PROJECTED_EQUITY_BREACH
REJECTED,EURUSD,SELL,2019-11-29 13:00:00+00:00,,PRE_TRADE_PROJECTED_EQUITY_BREACH
REJECTED,EURUSD,BUY,2019-11-29 15:00:00+00:00,,PRE_TRADE_PROJECTED_EQUITY_BREACH
REJECTED,GBPUSD,BUY,2019-11-29 15:00:00+00:00,,PRE_TRADE_PROJECTED_EQUITY_BREACH
REJECTED,EURUSD,BUY,2019-12-02 13:00:00+00:00,,PRE_TRADE_PROJECTED_EQUITY_BREACH
REJECTED,EURUSD,BUY,2019-12-02 14:00:00+00:00,,PRE_TRADE_PROJECTED_EQUITY_BREACH
REJECTED,EURUSD,BUY,2019-12-02 15:00:00+00:00,,PRE_TRADE_PROJECTED_EQUITY_BREACH
REJECTED,GBPUSD,BUY,2019-12-02 20:00:00+00:00,,PRE_TRADE_PROJECTED_EQUITY_BREACH
REJECTED,GBPUSD,BUY,2019-12-03 07:00:00+00:00,,PRE_TRADE_PROJECTED_EQUITY_BREACH
REJECTED,GBPUSD,BUY,2019-12-03 08:00:00+00:00,,PRE_TRADE_PROJECTED_EQUITY_BREACH
REJECTED,GBPUSD,BUY,2019-12-03 12:00:00+00:00,,PRE_TRADE_PROJECTED_EQUITY_BREACH
REJECTED,EURUSD,BUY,2019-12-03 16:00:00+00:00,,PRE_TRADE_PROJECTED_EQUITY_BREACH
REJECTED,GBPUSD,BUY,2019-12-04 08:00:00+00:00,,PRE_TRADE_PROJECTED_EQUITY_BREACH
REJECTED,GBPUSD,BUY,2019-12-04 09:00:00+00:00,,PRE_TRADE_PROJECTED_EQUITY_BREACH
REJECTED,GBPUSD,BUY,2019-12-04 12:00:00+00:00,,PRE_TRADE_PROJECTED_EQUITY_BREACH
REJECTED,EURUSD,BUY,2019-12-04 13:00:00+00:00,,PRE_TRADE_PROJECTED_EQUITY_BREACH
REJECTED,GBPUSD,BUY,2019-12-05 07:00:00+00:00,,PRE_TRADE_PROJECTED_EQUITY_BREACH
REJECTED,GBPUSD,BUY,2019-12-05 14:00:00+00:00,,PRE_TRADE_PROJECTED_EQUITY_BREACH
REJECTED,GBPUSD,BUY,2019-12-05 16:00:00+00:00,,PRE_TRADE_PROJECTED_EQUITY_BREACH
REJECTED,GBPUSD,SELL,2019-12-06 09:00:00+00:00,,PRE_TRADE_PROJECTED_EQUITY_BREACH
REJECTED,EURUSD,SELL,2019-12-06 12:00:00+00:00,,PRE_TRADE_PROJECTED_EQUITY_BREACH
REJECTED,EURUSD,SELL,2019-12-06 13:00:00+00:00,,PRE_TRADE_PROJECTED_EQUITY_BREACH
REJECTED,EURUSD,SELL,2019-12-06 14:00:00+00:00,,PRE_TRADE_PROJECTED_EQUITY_BREACH
REJECTED,EURUSD,SELL,2019-12-06 15:00:00+00:00,,PRE_TRADE_PROJECTED_EQUITY_BREACH
REJECTED,GBPUSD,SELL,2019-12-06 15:00:00+00:00,,PRE_TRADE_PROJECTED_EQUITY_BREACH
REJECTED,GBPUSD,BUY,2019-12-09 06:00:00+00:00,,PRE_TRADE_PROJECTED_EQUITY_BREACH
REJECTED,EURUSD,BUY,2019-12-09 12:00:00+00:00,,PRE_TRADE_PROJECTED_EQUITY_BREACH
REJECTED,GBPUSD,SELL,2019-12-09 21:00:00+00:00,,PRE_TRADE_PROJECTED_EQUITY_BREACH
REJECTED,GBPUSD,BUY,2019-12-10 10:00:00+00:00,,PRE_TRADE_PROJECTED_EQUITY_BREACH
REJECTED,EURUSD,BUY,2019-12-10 11:00:00+00:00,,PRE_TRADE_PROJECTED_EQUITY_BREACH
REJECTED,EURUSD,BUY,2019-12-10 15:00:00+00:00,,PRE_TRADE_PROJECTED_EQUITY_BREACH
REJECTED,GBPUSD,BUY,2019-12-10 19:00:00+00:00,,PRE_TRADE_PROJECTED_EQUITY_BREACH
REJECTED,GBPUSD,SELL,2019-12-10 22:00:00+00:00,,PRE_TRADE_PROJECTED_EQUITY_BREACH
REJECTED,EURUSD,SELL,2019-12-11 12:00:00+00:00,,PRE_TRADE_PROJECTED_EQUITY_BREACH
REJECTED,EURUSD,BUY,2019-12-11 18:00:00+00:00,,PRE_TRADE_PROJECTED_EQUITY_BREACH
REJECTED,EURUSD,BUY,2019-12-11 19:00:00+00:00,,PRE_TRADE_PROJECTED_EQUITY_BREACH
REJECTED,GBPUSD,BUY,2019-12-11 19:00:00+00:00,,PRE_TRADE_PROJECTED_EQUITY_BREACH
REJECTED,GBPUSD,BUY,2019-12-12 01:00:00+00:00,,PRE_TRADE_PROJECTED_EQUITY_BREACH
REJECTED,EURUSD,SELL,2019-12-12 17:00:00+00:00,,PRE_TRADE_PROJECTED_EQUITY_BREACH
REJECTED,GBPUSD,SELL,2019-12-12 17:00:00+00:00,,PRE_TRADE_PROJECTED_EQUITY_BREACH
REJECTED,GBPUSD,SELL,2019-12-12 18:00:00+00:00,,PRE_TRADE_PROJECTED_EQUITY_BREACH
REJECTED,EURUSD,BUY,2019-12-12 22:00:00+00:00,,PRE_TRADE_PROJECTED_EQUITY_BREACH
REJECTED,GBPUSD,BUY,2019-12-12 22:00:00+00:00,,PRE_TRADE_PROJECTED_EQUITY_BREACH
REJECTED,EURUSD,BUY,2019-12-16 13:00:00+00:00,,PRE_TRADE_PROJECTED_EQUITY_BREACH
REJECTED,GBPUSD,SELL,2019-12-16 22:00:00+00:00,,PRE_TRADE_PROJECTED_EQUITY_BREACH
REJECTED,GBPUSD,SELL,2019-12-17 08:00:00+00:00,,PRE_TRADE_PROJECTED_EQUITY_BREACH
REJECTED,EURUSD,BUY,2019-12-17 10:00:00+00:00,,PRE_TRADE_PROJECTED_EQUITY_BREACH
REJECTED,EURUSD,BUY,2019-12-17 11:00:00+00:00,,PRE_TRADE_PROJECTED_EQUITY_BREACH
REJECTED,EURUSD,BUY,2019-12-17 12:00:00+00:00,,PRE_TRADE_PROJECTED_EQUITY_BREACH
REJECTED,GBPUSD,SELL,2019-12-17 13:00:00+00:00,,PRE_TRADE_PROJECTED_EQUITY_BREACH
REJECTED,GBPUSD,SELL,2019-12-17 16:00:00+00:00,,PRE_TRADE_PROJECTED_EQUITY_BREACH
REJECTED,GBPUSD,SELL,2019-12-18 01:00:00+00:00,,PRE_TRADE_PROJECTED_EQUITY_BREACH
REJECTED,GBPUSD,SELL,2019-12-18 02:00:00+00:00,,PRE_TRADE_PROJECTED_EQUITY_BREACH
REJECTED,EURUSD,SELL,2019-12-18 08:00:00+00:00,,PRE_TRADE_PROJECTED_EQUITY_BREACH
REJECTED,EURUSD,SELL,2019-12-18 12:00:00+00:00,,PRE_TRADE_PROJECTED_EQUITY_BREACH
REJECTED,EURUSD,SELL,2019-12-18 13:00:00+00:00,,PRE_TRADE_PROJECTED_EQUITY_BREACH
REJECTED,EURUSD,BUY,2019-12-19 09:00:00+00:00,,PRE_TRADE_PROJECTED_EQUITY_BREACH
REJECTED,EURUSD,BUY,2019-12-19 10:00:00+00:00,,PRE_TRADE_PROJECTED_EQUITY_BREACH
REJECTED,EURUSD,SELL,2019-12-20 11:00:00+00:00,,PRE_TRADE_PROJECTED_EQUITY_BREACH
REJECTED,GBPUSD,BUY,2019-12-20 13:00:00+00:00,,PRE_TRADE_PROJECTED_EQUITY_BREACH
REJECTED,EURUSD,SELL,2019-12-20 14:00:00+00:00,,PRE_TRADE_PROJECTED_EQUITY_BREACH
REJECTED,EURUSD,SELL,2019-12-20 16:00:00+00:00,,PRE_TRADE_PROJECTED_EQUITY_BREACH
REJECTED,EURUSD,SELL,2019-12-20 17:00:00+00:00,,PRE_TRADE_PROJECTED_EQUITY_BREACH
REJECTED,GBPUSD,SELL,2019-12-20 20:00:00+00:00,,PRE_TRADE_PROJECTED_EQUITY_BREACH
REJECTED,GBPUSD,SELL,2019-12-20 21:00:00+00:00,,PRE_TRADE_PROJECTED_EQUITY_BREACH
REJECTED,GBPUSD,SELL,2019-12-23 10:00:00+00:00,,PRE_TRADE_PROJECTED_EQUITY_BREACH
REJECTED,GBPUSD,SELL,2019-12-23 12:00:00+00:00,,PRE_TRADE_PROJECTED_EQUITY_BREACH
REJECTED,GBPUSD,SELL,2019-12-23 13:00:00+00:00,,PRE_TRADE_PROJECTED_EQUITY_BREACH
REJECTED,EURUSD,SELL,2019-12-24 10:00:00+00:00,,PRE_TRADE_PROJECTED_EQUITY_BREACH
REJECTED,GBPUSD,BUY,2019-12-24 15:00:00+00:00,,PRE_TRADE_PROJECTED_EQUITY_BREACH
REJECTED,GBPUSD,BUY,2019-12-25 22:00:00+00:00,,PRE_TRADE_PROJECTED_EQUITY_BREACH
REJECTED,EURUSD,BUY,2019-12-25 23:00:00+00:00,,PRE_TRADE_PROJECTED_EQUITY_BREACH
REJECTED,GBPUSD,BUY,2019-12-26 00:00:00+00:00,,PRE_TRADE_PROJECTED_EQUITY_BREACH
REJECTED,GBPUSD,BUY,2019-12-26 01:00:00+00:00,,PRE_TRADE_PROJECTED_EQUITY_BREACH
REJECTED,EURUSD,BUY,2019-12-26 13:00:00+00:00,,PRE_TRADE_PROJECTED_EQUITY_BREACH
REJECTED,GBPUSD,BUY,2019-12-26 15:00:00+00:00,,PRE_TRADE_PROJECTED_EQUITY_BREACH
REJECTED,EURUSD,BUY,2019-12-26 16:00:00+00:00,,PRE_TRADE_PROJECTED_EQUITY_BREACH
REJECTED,GBPUSD,BUY,2019-12-26 16:00:00+00:00,,PRE_TRADE_PROJECTED_EQUITY_BREACH
REJECTED,EURUSD,BUY,2019-12-26 17:00:00+00:00,,PRE_TRADE_PROJECTED_EQUITY_BREACH
REJECTED,EURUSD,BUY,2019-12-26 18:00:00+00:00,,PRE_TRADE_PROJECTED_EQUITY_BREACH
REJECTED,EURUSD,BUY,2019-12-27 01:00:00+00:00,,PRE_TRADE_PROJECTED_EQUITY_BREACH
REJECTED,EURUSD,BUY,2019-12-27 02:00:00+00:00,,PRE_TRADE_PROJECTED_EQUITY_BREACH
REJECTED,EURUSD,BUY,2019-12-27 03:00:00+00:00,,PRE_TRADE_PROJECTED_EQUITY_BREACH
REJECTED,EURUSD,BUY,2019-12-27 04:00:00+00:00,,PRE_TRADE_PROJECTED_EQUITY_BREACH
REJECTED,EURUSD,BUY,2019-12-27 07:00:00+00:00,,PRE_TRADE_PROJECTED_EQUITY_BREACH
REJECTED,GBPUSD,BUY,2019-12-27 07:00:00+00:00,,PRE_TRADE_PROJECTED_EQUITY_BREACH
REJECTED,EURUSD,BUY,2019-12-27 08:00:00+00:00,,PRE_TRADE_PROJECTED_EQUITY_BREACH
REJECTED,GBPUSD,BUY,2019-12-27 08:00:00+00:00,,PRE_TRADE_PROJECTED_EQUITY_BREACH
REJECTED,EURUSD,BUY,2019-12-27 10:00:00+00:00,,PRE_TRADE_PROJECTED_EQUITY_BREACH
REJECTED,GBPUSD,BUY,2019-12-27 11:00:00+00:00,,PRE_TRADE_PROJECTED_EQUITY_BREACH
REJECTED,EURUSD,BUY,2019-12-27 12:00:00+00:00,,PRE_TRADE_PROJECTED_EQUITY_BREACH
REJECTED,GBPUSD,BUY,2019-12-27 12:00:00+00:00,,PRE_TRADE_PROJECTED_EQUITY_BREACH
REJECTED,EURUSD,BUY,2019-12-27 17:00:00+00:00,,PRE_TRADE_PROJECTED_EQUITY_BREACH
REJECTED,EURUSD,BUY,2019-12-27 19:00:00+00:00,,PRE_TRADE_PROJECTED_EQUITY_BREACH
REJECTED,EURUSD,BUY,2019-12-30 01:00:00+00:00,,PRE_TRADE_PROJECTED_EQUITY_BREACH
REJECTED,EURUSD,BUY,2019-12-30 02:00:00+00:00,,PRE_TRADE_PROJECTED_EQUITY_BREACH
REJECTED,GBPUSD,BUY,2019-12-30 02:00:00+00:00,,PRE_TRADE_PROJECTED_EQUITY_BREACH
REJECTED,GBPUSD,BUY,2019-12-30 12:00:00+00:00,,PRE_TRADE_PROJECTED_EQUITY_BREACH
REJECTED,GBPUSD,BUY,2019-12-30 14:00:00+00:00,,PRE_TRADE_PROJECTED_EQUITY_BREACH
REJECTED,EURUSD,BUY,2019-12-30 16:00:00+00:00,,PRE_TRADE_PROJECTED_EQUITY_BREACH
REJECTED,GBPUSD,BUY,2019-12-31 09:00:00+00:00,,PRE_TRADE_PROJECTED_EQUITY_BREACH
REJECTED,GBPUSD,BUY,2019-12-31 10:00:00+00:00,,PRE_TRADE_PROJECTED_EQUITY_BREACH
REJECTED,EURUSD,BUY,2019-12-31 11:00:00+00:00,,PRE_TRADE_PROJECTED_EQUITY_BREACH
REJECTED,GBPUSD,BUY,2019-12-31 11:00:00+00:00,,PRE_TRADE_PROJECTED_EQUITY_BREACH
REJECTED,EURUSD,BUY,2019-12-31 12:00:00+00:00,,PRE_TRADE_PROJECTED_EQUITY_BREACH
REJECTED,EURUSD,BUY,2019-12-31 13:00:00+00:00,,PRE_TRADE_PROJECTED_EQUITY_BREACH
REJECTED,GBPUSD,BUY,2019-12-31 13:00:00+00:00,,PRE_TRADE_PROJECTED_EQUITY_BREACH
REJECTED,GBPUSD,BUY,2019-12-31 15:00:00+00:00,,PRE_TRADE_PROJECTED_EQUITY_BREACH
REJECTED,GBPUSD,BUY,2019-12-31 16:00:00+00:00,,PRE_TRADE_PROJECTED_EQUITY_BREACH
REJECTED,EURUSD,SELL,2020-01-02 04:00:00+00:00,,PRE_TRADE_PROJECTED_EQUITY_BREACH
REJECTED,EURUSD,SELL,2020-01-02 10:00:00+00:00,,PRE_TRADE_PROJECTED_EQUITY_BREACH
REJECTED,EURUSD,SELL,2020-01-02 11:00:00+00:00,,PRE_TRADE_PROJECTED_EQUITY_BREACH
REJECTED,GBPUSD,SELL,2020-01-02 11:00:00+00:00,,PRE_TRADE_PROJECTED_EQUITY_BREACH
REJECTED,GBPUSD,SELL,2020-01-02 13:00:00+00:00,,PRE_TRADE_PROJECTED_EQUITY_BREACH
REJECTED,EURUSD,SELL,2020-01-02 14:00:00+00:00,,PRE_TRADE_PROJECTED_EQUITY_BREACH
REJECTED,GBPUSD,SELL,2020-01-02 14:00:00+00:00,,PRE_TRADE_PROJECTED_EQUITY_BREACH
REJECTED,EURUSD,SELL,2020-01-02 16:00:00+00:00,,PRE_TRADE_PROJECTED_EQUITY_BREACH
REJECTED,GBPUSD,SELL,2020-01-02 16:00:00+00:00,,PRE_TRADE_PROJECTED_EQUITY_BREACH
REJECTED,EURUSD,SELL,2020-01-03 07:00:00+00:00,,PRE_TRADE_PROJECTED_EQUITY_BREACH
REJECTED,GBPUSD,SELL,2020-01-03 07:00:00+00:00,,PRE_TRADE_PROJECTED_EQUITY_BREACH
REJECTED,EURUSD,SELL,2020-01-03 08:00:00+00:00,,PRE_TRADE_PROJECTED_EQUITY_BREACH
REJECTED,EURUSD,SELL,2020-01-03 09:00:00+00:00,,PRE_TRADE_PROJECTED_EQUITY_BREACH
REJECTED,GBPUSD,SELL,2020-01-03 09:00:00+00:00,,PRE_TRADE_PROJECTED_EQUITY_BREACH
REJECTED,EURUSD,SELL,2020-01-03 10:00:00+00:00,,PRE_TRADE_PROJECTED_EQUITY_BREACH
REJECTED,EURUSD,SELL,2020-01-03 11:00:00+00:00,,PRE_TRADE_PROJECTED_EQUITY_BREACH
REJECTED,GBPUSD,SELL,2020-01-03 11:00:00+00:00,,PRE_TRADE_PROJECTED_EQUITY_BREACH
REJECTED,EURUSD,BUY,2020-01-06 09:00:00+00:00,,PRE_TRADE_PROJECTED_EQUITY_BREACH
REJECTED,GBPUSD,BUY,2020-01-06 09:00:00+00:00,,PRE_TRADE_PROJECTED_EQUITY_BREACH
REJECTED,EURUSD,BUY,2020-01-06 10:00:00+00:00,,PRE_TRADE_PROJECTED_EQUITY_BREACH
REJECTED,GBPUSD,BUY,2020-01-06 10:00:00+00:00,,PRE_TRADE_PROJECTED_EQUITY_BREACH
REJECTED,EURUSD,BUY,2020-01-06 11:00:00+00:00,,PRE_TRADE_PROJECTED_EQUITY_BREACH
REJECTED,GBPUSD,BUY,2020-01-06 22:00:00+00:00,,PRE_TRADE_PROJECTED_EQUITY_BREACH
REJECTED,EURUSD,SELL,2020-01-07 07:00:00+00:00,,PRE_TRADE_PROJECTED_EQUITY_BREACH
REJECTED,GBPUSD,BUY,2020-01-07 08:00:00+00:00,,PRE_TRADE_PROJECTED_EQUITY_BREACH
REJECTED,GBPUSD,SELL,2020-01-07 12:00:00+00:00,,PRE_TRADE_PROJECTED_EQUITY_BREACH
REJECTED,EURUSD,SELL,2020-01-07 13:00:00+00:00,,PRE_TRADE_PROJECTED_EQUITY_BREACH
REJECTED,EURUSD,SELL,2020-01-07 14:00:00+00:00,,PRE_TRADE_PROJECTED_EQUITY_BREACH
REJECTED,EURUSD,SELL,2020-01-07 15:00:00+00:00,,PRE_TRADE_PROJECTED_EQUITY_BREACH
REJECTED,GBPUSD,BUY,2020-01-08 08:00:00+00:00,,PRE_TRADE_PROJECTED_EQUITY_BREACH
REJECTED,EURUSD,SELL,2020-01-08 12:00:00+00:00,,PRE_TRADE_PROJECTED_EQUITY_BREACH
REJECTED,EURUSD,SELL,2020-01-08 21:00:00+00:00,,PRE_TRADE_PROJECTED_EQUITY_BREACH
REJECTED,EURUSD,SELL,2020-01-09 09:00:00+00:00,,PRE_TRADE_PROJECTED_EQUITY_BREACH
REJECTED,GBPUSD,SELL,2020-01-09 09:00:00+00:00,,PRE_TRADE_PROJECTED_EQUITY_BREACH
REJECTED,GBPUSD,BUY,2020-01-10 06:00:00+00:00,,PRE_TRADE_PROJECTED_EQUITY_BREACH
REJECTED,EURUSD,BUY,2020-01-10 16:00:00+00:00,,PRE_TRADE_PROJECTED_EQUITY_BREACH
REJECTED,EURUSD,BUY,2020-01-10 17:00:00+00:00,,PRE_TRADE_PROJECTED_EQUITY_BREACH
REJECTED,GBPUSD,SELL,2020-01-12 22:00:00+00:00,,PRE_TRADE_PROJECTED_EQUITY_BREACH
REJECTED,EURUSD,BUY,2020-01-13 03:00:00+00:00,,PRE_TRADE_PROJECTED_EQUITY_BREACH
REJECTED,GBPUSD,SELL,2020-01-13 07:00:00+00:00,,PRE_TRADE_PROJECTED_EQUITY_BREACH
REJECTED,GBPUSD,SELL,2020-01-13 09:00:00+00:00,,PRE_TRADE_PROJECTED_EQUITY_BREACH
REJECTED,EURUSD,SELL,2020-01-14 12:00:00+00:00,,PRE_TRADE_PROJECTED_EQUITY_BREACH
REJECTED,EURUSD,SELL,2020-01-14 13:00:00+00:00,,PRE_TRADE_PROJECTED_EQUITY_BREACH
REJECTED,GBPUSD,BUY,2020-01-14 16:00:00+00:00,,PRE_TRADE_PROJECTED_EQUITY_BREACH
REJECTED,GBPUSD,BUY,2020-01-14 17:00:00+00:00,,PRE_TRADE_PROJECTED_EQUITY_BREACH
REJECTED,GBPUSD,BUY,2020-01-14 18:00:00+00:00,,PRE_TRADE_PROJECTED_EQUITY_BREACH
REJECTED,EURUSD,BUY,2020-01-15 06:00:00+00:00,,PRE_TRADE_PROJECTED_EQUITY_BREACH
REJECTED,EURUSD,BUY,2020-01-15 10:00:00+00:00,,PRE_TRADE_PROJECTED_EQUITY_BREACH
REJECTED,EURUSD,BUY,2020-01-15 11:00:00+00:00,,PRE_TRADE_PROJECTED_EQUITY_BREACH
REJECTED,GBPUSD,BUY,2020-01-15 22:00:00+00:00,,PRE_TRADE_PROJECTED_EQUITY_BREACH
REJECTED,EURUSD,BUY,2020-01-16 12:00:00+00:00,,PRE_TRADE_PROJECTED_EQUITY_BREACH
REJECTED,GBPUSD,BUY,2020-01-16 12:00:00+00:00,,PRE_TRADE_PROJECTED_EQUITY_BREACH
REJECTED,EURUSD,SELL,2020-01-16 14:00:00+00:00,,PRE_TRADE_PROJECTED_EQUITY_BREACH
REJECTED,EURUSD,SELL,2020-01-16 15:00:00+00:00,,PRE_TRADE_PROJECTED_EQUITY_BREACH
REJECTED,EURUSD,SELL,2020-01-16 16:00:00+00:00,,PRE_TRADE_PROJECTED_EQUITY_BREACH
REJECTED,GBPUSD,BUY,2020-01-16 16:00:00+00:00,,PRE_TRADE_PROJECTED_EQUITY_BREACH
REJECTED,GBPUSD,BUY,2020-01-17 06:00:00+00:00,,PRE_TRADE_PROJECTED_EQUITY_BREACH
REJECTED,GBPUSD,BUY,2020-01-17 08:00:00+00:00,,PRE_TRADE_PROJECTED_EQUITY_BREACH
REJECTED,EURUSD,SELL,2020-01-17 09:00:00+00:00,,PRE_TRADE_PROJECTED_EQUITY_BREACH
REJECTED,EURUSD,SELL,2020-01-17 10:00:00+00:00,,PRE_TRADE_PROJECTED_EQUITY_BREACH
REJECTED,EURUSD,SELL,2020-01-17 11:00:00+00:00,,PRE_TRADE_PROJECTED_EQUITY_BREACH
REJECTED,EURUSD,SELL,2020-01-17 13:00:00+00:00,,PRE_TRADE_PROJECTED_EQUITY_BREACH
REJECTED,EURUSD,SELL,2020-01-17 15:00:00+00:00,,PRE_TRADE_PROJECTED_EQUITY_BREACH
REJECTED,GBPUSD,SELL,2020-01-17 21:00:00+00:00,,PRE_TRADE_PROJECTED_EQUITY_BREACH
REJECTED,GBPUSD,SELL,2020-01-19 22:00:00+00:00,,PRE_TRADE_PROJECTED_EQUITY_BREACH
REJECTED,GBPUSD,SELL,2020-01-20 07:00:00+00:00,,PRE_TRADE_PROJECTED_EQUITY_BREACH
REJECTED,GBPUSD,SELL,2020-01-20 08:00:00+00:00,,PRE_TRADE_PROJECTED_EQUITY_BREACH
REJECTED,EURUSD,BUY,2020-01-21 04:00:00+00:00,,PRE_TRADE_PROJECTED_EQUITY_BREACH
REJECTED,GBPUSD,BUY,2020-01-21 09:00:00+00:00,,PRE_TRADE_PROJECTED_EQUITY_BREACH
REJECTED,EURUSD,BUY,2020-01-21 10:00:00+00:00,,PRE_TRADE_PROJECTED_EQUITY_BREACH
REJECTED,GBPUSD,BUY,2020-01-21 11:00:00+00:00,,PRE_TRADE_PROJECTED_EQUITY_BREACH
REJECTED,EURUSD,BUY,2020-01-21 13:00:00+00:00,,PRE_TRADE_PROJECTED_EQUITY_BREACH
REJECTED,GBPUSD,BUY,2020-01-21 13:00:00+00:00,,PRE_TRADE_PROJECTED_EQUITY_BREACH
REJECTED,EURUSD,SELL,2020-01-21 21:00:00+00:00,,PRE_TRADE_PROJECTED_EQUITY_BREACH
REJECTED,GBPUSD,BUY,2020-01-22 11:00:00+00:00,,PRE_TRADE_PROJECTED_EQUITY_BREACH
REJECTED,GBPUSD,BUY,2020-01-22 12:00:00+00:00,,PRE_TRADE_PROJECTED_EQUITY_BREACH
REJECTED,GBPUSD,BUY,2020-01-22 13:00:00+00:00,,PRE_TRADE_PROJECTED_EQUITY_BREACH
REJECTED,EURUSD,SELL,2020-01-22 14:00:00+00:00,,PRE_TRADE_PROJECTED_EQUITY_BREACH
REJECTED,EURUSD,SELL,2020-01-23 14:00:00+00:00,,PRE_TRADE_PROJECTED_EQUITY_BREACH
REJECTED,EURUSD,SELL,2020-01-23 15:00:00+00:00,,PRE_TRADE_PROJECTED_EQUITY_BREACH
REJECTED,GBPUSD,BUY,2020-01-24 08:00:00+00:00,,PRE_TRADE_PROJECTED_EQUITY_BREACH
REJECTED,EURUSD,SELL,2020-01-24 09:00:00+00:00,,PRE_TRADE_PROJECTED_EQUITY_BREACH
REJECTED,GBPUSD,SELL,2020-01-24 09:00:00+00:00,,PRE_TRADE_PROJECTED_EQUITY_BREACH
REJECTED,EURUSD,SELL,2020-01-24 12:00:00+00:00,,PRE_TRADE_PROJECTED_EQUITY_BREACH
REJECTED,EURUSD,SELL,2020-01-24 15:00:00+00:00,,PRE_TRADE_PROJECTED_EQUITY_BREACH
REJECTED,GBPUSD,SELL,2020-01-24 15:00:00+00:00,,PRE_TRADE_PROJECTED_EQUITY_BREACH
REJECTED,EURUSD,SELL,2020-01-27 15:00:00+00:00,,PRE_TRADE_PROJECTED_EQUITY_BREACH
REJECTED,GBPUSD,SELL,2020-01-28 07:00:00+00:00,,PRE_TRADE_PROJECTED_EQUITY_BREACH
REJECTED,GBPUSD,SELL,2020-01-28 08:00:00+00:00,,PRE_TRADE_PROJECTED_EQUITY_BREACH
REJECTED,EURUSD,SELL,2020-01-28 12:00:00+00:00,,PRE_TRADE_PROJECTED_EQUITY_BREACH
REJECTED,GBPUSD,SELL,2020-01-28 14:00:00+00:00,,PRE_TRADE_PROJECTED_EQUITY_BREACH
REJECTED,GBPUSD,SELL,2020-01-28 15:00:00+00:00,,PRE_TRADE_PROJECTED_EQUITY_BREACH
REJECTED,EURUSD,SELL,2020-01-29 13:00:00+00:00,,PRE_TRADE_PROJECTED_EQUITY_BREACH
REJECTED,GBPUSD,SELL,2020-01-29 13:00:00+00:00,,PRE_TRADE_PROJECTED_EQUITY_BREACH
REJECTED,EURUSD,BUY,2020-01-30 11:00:00+00:00,,PRE_TRADE_PROJECTED_EQUITY_BREACH
REJECTED,GBPUSD,BUY,2020-01-30 11:00:00+00:00,,PRE_TRADE_PROJECTED_EQUITY_BREACH
REJECTED,GBPUSD,BUY,2020-01-30 12:00:00+00:00,,PRE_TRADE_PROJECTED_EQUITY_BREACH
REJECTED,EURUSD,BUY,2020-01-30 15:00:00+00:00,,PRE_TRADE_PROJECTED_EQUITY_BREACH
REJECTED,EURUSD,BUY,2020-01-30 17:00:00+00:00,,PRE_TRADE_PROJECTED_EQUITY_BREACH
REJECTED,GBPUSD,BUY,2020-01-31 07:00:00+00:00,,PRE_TRADE_PROJECTED_EQUITY_BREACH
REJECTED,GBPUSD,BUY,2020-01-31 08:00:00+00:00,,PRE_TRADE_PROJECTED_EQUITY_BREACH
REJECTED,EURUSD,BUY,2020-01-31 12:00:00+00:00,,PRE_TRADE_PROJECTED_EQUITY_BREACH
REJECTED,EURUSD,BUY,2020-01-31 13:00:00+00:00,,PRE_TRADE_PROJECTED_EQUITY_BREACH
REJECTED,GBPUSD,BUY,2020-01-31 13:00:00+00:00,,PRE_TRADE_PROJECTED_EQUITY_BREACH
REJECTED,EURUSD,BUY,2020-01-31 14:00:00+00:00,,PRE_TRADE_PROJECTED_EQUITY_BREACH
REJECTED,GBPUSD,BUY,2020-01-31 14:00:00+00:00,,PRE_TRADE_PROJECTED_EQUITY_BREACH
REJECTED,EURUSD,BUY,2020-01-31 15:00:00+00:00,,PRE_TRADE_PROJECTED_EQUITY_BREACH
REJECTED,GBPUSD,BUY,2020-01-31 15:00:00+00:00,,PRE_TRADE_PROJECTED_EQUITY_BREACH
REJECTED,GBPUSD,BUY,2020-01-31 16:00:00+00:00,,PRE_TRADE_PROJECTED_EQUITY_BREACH
REJECTED,GBPUSD,BUY,2020-01-31 17:00:00+00:00,,PRE_TRADE_PROJECTED_EQUITY_BREACH
REJECTED,GBPUSD,BUY,2020-01-31 19:00:00+00:00,,PRE_TRADE_PROJECTED_EQUITY_BREACH
REJECTED,EURUSD,BUY,2020-01-31 20:00:00+00:00,,PRE_TRADE_PROJECTED_EQUITY_BREACH
REJECTED,GBPUSD,BUY,2020-01-31 20:00:00+00:00,,PRE_TRADE_PROJECTED_EQUITY_BREACH
REJECTED,EURUSD,BUY,2020-01-31 21:00:00+00:00,,PRE_TRADE_PROJECTED_EQUITY_BREACH
REJECTED,GBPUSD,SELL,2020-02-03 08:00:00+00:00,,PRE_TRADE_PROJECTED_EQUITY_BREACH
REJECTED,GBPUSD,SELL,2020-02-03 09:00:00+00:00,,PRE_TRADE_PROJECTED_EQUITY_BREACH
REJECTED,GBPUSD,SELL,2020-02-03 10:00:00+00:00,,PRE_TRADE_PROJECTED_EQUITY_BREACH
REJECTED,EURUSD,SELL,2020-02-03 14:00:00+00:00,,PRE_TRADE_PROJECTED_EQUITY_BREACH
REJECTED,GBPUSD,SELL,2020-02-03 14:00:00+00:00,,PRE_TRADE_PROJECTED_EQUITY_BREACH
REJECTED,GBPUSD,SELL,2020-02-03 15:00:00+00:00,,PRE_TRADE_PROJECTED_EQUITY_BREACH
REJECTED,GBPUSD,SELL,2020-02-04 07:00:00+00:00,,PRE_TRADE_PROJECTED_EQUITY_BREACH
REJECTED,EURUSD,SELL,2020-02-04 12:00:00+00:00,,PRE_TRADE_PROJECTED_EQUITY_BREACH
REJECTED,GBPUSD,BUY,2020-02-04 13:00:00+00:00,,PRE_TRADE_PROJECTED_EQUITY_BREACH
REJECTED,EURUSD,SELL,2020-02-04 15:00:00+00:00,,PRE_TRADE_PROJECTED_EQUITY_BREACH
REJECTED,GBPUSD,BUY,2020-02-05 08:00:00+00:00,,PRE_TRADE_PROJECTED_EQUITY_BREACH
REJECTED,EURUSD,SELL,2020-02-05 09:00:00+00:00,,PRE_TRADE_PROJECTED_EQUITY_BREACH
REJECTED,GBPUSD,BUY,2020-02-05 09:00:00+00:00,,PRE_TRADE_PROJECTED_EQUITY_BREACH
REJECTED,EURUSD,SELL,2020-02-05 10:00:00+00:00,,PRE_TRADE_PROJECTED_EQUITY_BREACH
REJECTED,EURUSD,SELL,2020-02-05 13:00:00+00:00,,PRE_TRADE_PROJECTED_EQUITY_BREACH
REJECTED,EURUSD,SELL,2020-02-05 14:00:00+00:00,,PRE_TRADE_PROJECTED_EQUITY_BREACH
REJECTED,GBPUSD,SELL,2020-02-05 14:00:00+00:00,,PRE_TRADE_PROJECTED_EQUITY_BREACH
REJECTED,EURUSD,SELL,2020-02-05 19:00:00+00:00,,PRE_TRADE_PROJECTED_EQUITY_BREACH
REJECTED,EURUSD,SELL,2020-02-06 14:00:00+00:00,,PRE_TRADE_PROJECTED_EQUITY_BREACH
REJECTED,EURUSD,SELL,2020-02-06 15:00:00+00:00,,PRE_TRADE_PROJECTED_EQUITY_BREACH
REJECTED,GBPUSD,SELL,2020-02-06 15:00:00+00:00,,PRE_TRADE_PROJECTED_EQUITY_BREACH
REJECTED,EURUSD,SELL,2020-02-07 08:00:00+00:00,,PRE_TRADE_PROJECTED_EQUITY_BREACH
REJECTED,EURUSD,SELL,2020-02-07 09:00:00+00:00,,PRE_TRADE_PROJECTED_EQUITY_BREACH
REJECTED,GBPUSD,BUY,2020-02-07 12:00:00+00:00,,PRE_TRADE_PROJECTED_EQUITY_BREACH
REJECTED,GBPUSD,SELL,2020-02-07 16:00:00+00:00,,PRE_TRADE_PROJECTED_EQUITY_BREACH
REJECTED,EURUSD,SELL,2020-02-07 17:00:00+00:00,,PRE_TRADE_PROJECTED_EQUITY_BREACH
REJECTED,GBPUSD,SELL,2020-02-07 18:00:00+00:00,,PRE_TRADE_PROJECTED_EQUITY_BREACH
REJECTED,GBPUSD,SELL,2020-02-07 19:00:00+00:00,,PRE_TRADE_PROJECTED_EQUITY_BREACH
REJECTED,GBPUSD,SELL,2020-02-07 20:00:00+00:00,,PRE_TRADE_PROJECTED_EQUITY_BREACH
REJECTED,GBPUSD,SELL,2020-02-07 21:00:00+00:00,,PRE_TRADE_PROJECTED_EQUITY_BREACH
REJECTED,GBPUSD,SELL,2020-02-10 07:00:00+00:00,,PRE_TRADE_PROJECTED_EQUITY_BREACH
REJECTED,EURUSD,SELL,2020-02-10 13:00:00+00:00,,PRE_TRADE_PROJECTED_EQUITY_BREACH
REJECTED,EURUSD,SELL,2020-02-10 14:00:00+00:00,,PRE_TRADE_PROJECTED_EQUITY_BREACH
REJECTED,EURUSD,SELL,2020-02-10 15:00:00+00:00,,PRE_TRADE_PROJECTED_EQUITY_BREACH
REJECTED,EURUSD,SELL,2020-02-10 16:00:00+00:00,,PRE_TRADE_PROJECTED_EQUITY_BREACH
REJECTED,EURUSD,SELL,2020-02-11 13:00:00+00:00,,PRE_TRADE_PROJECTED_EQUITY_BREACH
REJECTED,GBPUSD,BUY,2020-02-11 14:00:00+00:00,,PRE_TRADE_PROJECTED_EQUITY_BREACH
REJECTED,GBPUSD,BUY,2020-02-12 09:00:00+00:00,,PRE_TRADE_PROJECTED_EQUITY_BREACH
REJECTED,EURUSD,SELL,2020-02-12 15:00:00+00:00,,PRE_TRADE_PROJECTED_EQUITY_BREACH
REJECTED,EURUSD,SELL,2020-02-12 17:00:00+00:00,,PRE_TRADE_PROJECTED_EQUITY_BREACH
REJECTED,EURUSD,SELL,2020-02-12 18:00:00+00:00,,PRE_TRADE_PROJECTED_EQUITY_BREACH
REJECTED,EURUSD,SELL,2020-02-12 19:00:00+00:00,,PRE_TRADE_PROJECTED_EQUITY_BREACH
REJECTED,GBPUSD,SELL,2020-02-13 04:00:00+00:00,,PRE_TRADE_PROJECTED_EQUITY_BREACH
REJECTED,GBPUSD,BUY,2020-02-13 10:00:00+00:00,,PRE_TRADE_PROJECTED_EQUITY_BREACH
REJECTED,EURUSD,SELL,2020-02-13 11:00:00+00:00,,PRE_TRADE_PROJECTED_EQUITY_BREACH
REJECTED,GBPUSD,BUY,2020-02-13 12:00:00+00:00,,PRE_TRADE_PROJECTED_EQUITY_BREACH
REJECTED,GBPUSD,BUY,2020-02-13 15:00:00+00:00,,PRE_TRADE_PROJECTED_EQUITY_BREACH
REJECTED,EURUSD,BUY,2020-02-14 13:00:00+00:00,,PRE_TRADE_PROJECTED_EQUITY_BREACH
REJECTED,GBPUSD,SELL,2020-02-14 13:00:00+00:00,,PRE_TRADE_PROJECTED_EQUITY_BREACH
REJECTED,EURUSD,SELL,2020-02-14 21:00:00+00:00,,PRE_TRADE_PROJECTED_EQUITY_BREACH
REJECTED,GBPUSD,SELL,2020-02-17 14:00:00+00:00,,PRE_TRADE_PROJECTED_EQUITY_BREACH
REJECTED,GBPUSD,SELL,2020-02-17 19:00:00+00:00,,PRE_TRADE_PROJECTED_EQUITY_BREACH
REJECTED,EURUSD,SELL,2020-02-18 00:00:00+00:00,,PRE_TRADE_PROJECTED_EQUITY_BREACH
REJECTED,GBPUSD,SELL,2020-02-18 00:00:00+00:00,,PRE_TRADE_PROJECTED_EQUITY_BREACH
REJECTED,GBPUSD,SELL,2020-02-18 06:00:00+00:00,,PRE_TRADE_PROJECTED_EQUITY_BREACH
REJECTED,GBPUSD,SELL,2020-02-18 08:00:00+00:00,,PRE_TRADE_PROJECTED_EQUITY_BREACH
REJECTED,GBPUSD,BUY,2020-02-18 10:00:00+00:00,,PRE_TRADE_PROJECTED_EQUITY_BREACH
REJECTED,GBPUSD,BUY,2020-02-18 11:00:00+00:00,,PRE_TRADE_PROJECTED_EQUITY_BREACH
REJECTED,EURUSD,SELL,2020-02-18 12:00:00+00:00,,PRE_TRADE_PROJECTED_EQUITY_BREACH
REJECTED,EURUSD,SELL,2020-02-18 13:00:00+00:00,,PRE_TRADE_PROJECTED_EQUITY_BREACH
REJECTED,GBPUSD,SELL,2020-02-19 14:00:00+00:00,,PRE_TRADE_PROJECTED_EQUITY_BREACH
REJECTED,GBPUSD,SELL,2020-02-19 17:00:00+00:00,,PRE_TRADE_PROJECTED_EQUITY_BREACH
REJECTED,GBPUSD,SELL,2020-02-19 18:00:00+00:00,,PRE_TRADE_PROJECTED_EQUITY_BREACH
REJECTED,EURUSD,BUY,2020-02-19 20:00:00+00:00,,PRE_TRADE_PROJECTED_EQUITY_BREACH
REJECTED,GBPUSD,SELL,2020-02-20 02:00:00+00:00,,PRE_TRADE_PROJECTED_EQUITY_BREACH
REJECTED,GBPUSD,SELL,2020-02-20 07:00:00+00:00,,PRE_TRADE_PROJECTED_EQUITY_BREACH
REJECTED,GBPUSD,SELL,2020-02-20 10:00:00+00:00,,PRE_TRADE_PROJECTED_EQUITY_BREACH
REJECTED,GBPUSD,SELL,2020-02-20 11:00:00+00:00,,PRE_TRADE_PROJECTED_EQUITY_BREACH
REJECTED,EURUSD,BUY,2020-02-20 14:00:00+00:00,,PRE_TRADE_PROJECTED_EQUITY_BREACH
REJECTED,GBPUSD,BUY,2020-02-21 08:00:00+00:00,,PRE_TRADE_PROJECTED_EQUITY_BREACH
REJECTED,GBPUSD,BUY,2020-02-21 11:00:00+00:00,,PRE_TRADE_PROJECTED_EQUITY_BREACH
REJECTED,EURUSD,BUY,2020-02-21 14:00:00+00:00,,PRE_TRADE_PROJECTED_EQUITY_BREACH
REJECTED,EURUSD,BUY,2020-02-21 15:00:00+00:00,,PRE_TRADE_PROJECTED_EQUITY_BREACH
REJECTED,GBPUSD,BUY,2020-02-21 15:00:00+00:00,,PRE_TRADE_PROJECTED_EQUITY_BREACH
REJECTED,GBPUSD,BUY,2020-02-21 18:00:00+00:00,,PRE_TRADE_PROJECTED_EQUITY_BREACH
REJECTED,GBPUSD,SELL,2020-02-24 09:00:00+00:00,,PRE_TRADE_PROJECTED_EQUITY_BREACH
REJECTED,EURUSD,BUY,2020-02-24 17:00:00+00:00,,PRE_TRADE_PROJECTED_EQUITY_BREACH
REJECTED,GBPUSD,BUY,2020-02-25 07:00:00+00:00,,PRE_TRADE_PROJECTED_EQUITY_BREACH
REJECTED,GBPUSD,BUY,2020-02-25 08:00:00+00:00,,PRE_TRADE_PROJECTED_EQUITY_BREACH
REJECTED,GBPUSD,BUY,2020-02-25 09:00:00+00:00,,PRE_TRADE_PROJECTED_EQUITY_BREACH
REJECTED,GBPUSD,BUY,2020-02-25 15:00:00+00:00,,PRE_TRADE_PROJECTED_EQUITY_BREACH
REJECTED,EURUSD,BUY,2020-02-25 16:00:00+00:00,,PRE_TRADE_PROJECTED_EQUITY_BREACH
REJECTED,EURUSD,BUY,2020-02-25 17:00:00+00:00,,PRE_TRADE_PROJECTED_EQUITY_BREACH
REJECTED,EURUSD,BUY,2020-02-26 08:00:00+00:00,,PRE_TRADE_PROJECTED_EQUITY_BREACH
REJECTED,GBPUSD,SELL,2020-02-26 09:00:00+00:00,,PRE_TRADE_PROJECTED_EQUITY_BREACH
REJECTED,GBPUSD,SELL,2020-02-26 10:00:00+00:00,,PRE_TRADE_PROJECTED_EQUITY_BREACH
REJECTED,GBPUSD,SELL,2020-02-26 17:00:00+00:00,,PRE_TRADE_PROJECTED_EQUITY_BREACH
REJECTED,GBPUSD,SELL,2020-02-26 18:00:00+00:00,,PRE_TRADE_PROJECTED_EQUITY_BREACH
REJECTED,GBPUSD,SELL,2020-02-26 21:00:00+00:00,,PRE_TRADE_PROJECTED_EQUITY_BREACH
REJECTED,EURUSD,BUY,2020-02-27 07:00:00+00:00,,PRE_TRADE_PROJECTED_EQUITY_BREACH
REJECTED,EURUSD,BUY,2020-02-27 08:00:00+00:00,,PRE_TRADE_PROJECTED_EQUITY_BREACH
REJECTED,GBPUSD,SELL,2020-02-27 10:00:00+00:00,,PRE_TRADE_PROJECTED_EQUITY_BREACH
REJECTED,EURUSD,BUY,2020-02-27 12:00:00+00:00,,PRE_TRADE_PROJECTED_EQUITY_BREACH
REJECTED,EURUSD,BUY,2020-02-27 13:00:00+00:00,,PRE_TRADE_PROJECTED_EQUITY_BREACH
REJECTED,EURUSD,BUY,2020-02-28 08:00:00+00:00,,PRE_TRADE_PROJECTED_EQUITY_BREACH
REJECTED,EURUSD,BUY,2020-02-28 09:00:00+00:00,,PRE_TRADE_PROJECTED_EQUITY_BREACH
REJECTED,GBPUSD,SELL,2020-02-28 13:00:00+00:00,,PRE_TRADE_PROJECTED_EQUITY_BREACH
REJECTED,EURUSD,SELL,2020-02-28 14:00:00+00:00,,PRE_TRADE_PROJECTED_EQUITY_BREACH
REJECTED,GBPUSD,SELL,2020-02-28 14:00:00+00:00,,PRE_TRADE_PROJECTED_EQUITY_BREACH
REJECTED,GBPUSD,SELL,2020-02-28 15:00:00+00:00,,PRE_TRADE_PROJECTED_EQUITY_BREACH
REJECTED,EURUSD,BUY,2020-03-02 08:00:00+00:00,,PRE_TRADE_PROJECTED_EQUITY_BREACH
REJECTED,EURUSD,BUY,2020-03-02 11:00:00+00:00,,PRE_TRADE_PROJECTED_EQUITY_BREACH
REJECTED,EURUSD,BUY,2020-03-02 17:00:00+00:00,,PRE_TRADE_PROJECTED_EQUITY_BREACH
REJECTED,EURUSD,BUY,2020-03-03 15:00:00+00:00,,PRE_TRADE_PROJECTED_EQUITY_BREACH
REJECTED,GBPUSD,BUY,2020-03-03 15:00:00+00:00,,PRE_TRADE_PROJECTED_EQUITY_BREACH
REJECTED,EURUSD,SELL,2020-03-04 12:00:00+00:00,,PRE_TRADE_PROJECTED_EQUITY_BREACH
REJECTED,GBPUSD,BUY,2020-03-04 16:00:00+00:00,,PRE_TRADE_PROJECTED_EQUITY_BREACH
REJECTED,GBPUSD,BUY,2020-03-04 18:00:00+00:00,,PRE_TRADE_PROJECTED_EQUITY_BREACH
REJECTED,GBPUSD,BUY,2020-03-05 05:00:00+00:00,,PRE_TRADE_PROJECTED_EQUITY_BREACH
REJECTED,GBPUSD,BUY,2020-03-05 08:00:00+00:00,,PRE_TRADE_PROJECTED_EQUITY_BREACH
REJECTED,EURUSD,BUY,2020-03-05 09:00:00+00:00,,PRE_TRADE_PROJECTED_EQUITY_BREACH
REJECTED,GBPUSD,BUY,2020-03-05 09:00:00+00:00,,PRE_TRADE_PROJECTED_EQUITY_BREACH
REJECTED,EURUSD,BUY,2020-03-05 11:00:00+00:00,,PRE_TRADE_PROJECTED_EQUITY_BREACH
REJECTED,EURUSD,BUY,2020-03-05 12:00:00+00:00,,PRE_TRADE_PROJECTED_EQUITY_BREACH
REJECTED,EURUSD,BUY,2020-03-05 16:00:00+00:00,,PRE_TRADE_PROJECTED_EQUITY_BREACH
REJECTED,GBPUSD,BUY,2020-03-05 16:00:00+00:00,,PRE_TRADE_PROJECTED_EQUITY_BREACH
REJECTED,EURUSD,BUY,2020-03-05 17:00:00+00:00,,PRE_TRADE_PROJECTED_EQUITY_BREACH
REJECTED,EURUSD,BUY,2020-03-05 20:00:00+00:00,,PRE_TRADE_PROJECTED_EQUITY_BREACH
REJECTED,GBPUSD,BUY,2020-03-05 20:00:00+00:00,,PRE_TRADE_PROJECTED_EQUITY_BREACH
REJECTED,EURUSD,BUY,2020-03-05 21:00:00+00:00,,PRE_TRADE_PROJECTED_EQUITY_BREACH
REJECTED,EURUSD,BUY,2020-03-06 01:00:00+00:00,,PRE_TRADE_PROJECTED_EQUITY_BREACH
REJECTED,GBPUSD,BUY,2020-03-06 07:00:00+00:00,,PRE_TRADE_PROJECTED_EQUITY_BREACH
REJECTED,EURUSD,BUY,2020-03-06 08:00:00+00:00,,PRE_TRADE_PROJECTED_EQUITY_BREACH
REJECTED,EURUSD,BUY,2020-03-06 09:00:00+00:00,,PRE_TRADE_PROJECTED_EQUITY_BREACH
REJECTED,GBPUSD,BUY,2020-03-06 09:00:00+00:00,,PRE_TRADE_PROJECTED_EQUITY_BREACH
REJECTED,EURUSD,BUY,2020-03-06 10:00:00+00:00,,PRE_TRADE_PROJECTED_EQUITY_BREACH
REJECTED,EURUSD,BUY,2020-03-06 11:00:00+00:00,,PRE_TRADE_PROJECTED_EQUITY_BREACH
REJECTED,EURUSD,BUY,2020-03-06 14:00:00+00:00,,PRE_TRADE_PROJECTED_EQUITY_BREACH
REJECTED,GBPUSD,BUY,2020-03-06 14:00:00+00:00,,PRE_TRADE_PROJECTED_EQUITY_BREACH
REJECTED,GBPUSD,BUY,2020-03-08 21:00:00+00:00,,PRE_TRADE_PROJECTED_EQUITY_BREACH
REJECTED,EURUSD,BUY,2020-03-08 22:00:00+00:00,,PRE_TRADE_PROJECTED_EQUITY_BREACH
REJECTED,GBPUSD,BUY,2020-03-08 22:00:00+00:00,,PRE_TRADE_PROJECTED_EQUITY_BREACH
REJECTED,EURUSD,BUY,2020-03-09 01:00:00+00:00,,PRE_TRADE_PROJECTED_EQUITY_BREACH
REJECTED,GBPUSD,BUY,2020-03-09 07:00:00+00:00,,PRE_TRADE_PROJECTED_EQUITY_BREACH
REJECTED,EURUSD,SELL,2020-03-10 05:00:00+00:00,,PRE_TRADE_PROJECTED_EQUITY_BREACH
REJECTED,GBPUSD,SELL,2020-03-10 05:00:00+00:00,,PRE_TRADE_PROJECTED_EQUITY_BREACH
REJECTED,GBPUSD,SELL,2020-03-10 06:00:00+00:00,,PRE_TRADE_PROJECTED_EQUITY_BREACH
REJECTED,GBPUSD,SELL,2020-03-10 14:00:00+00:00,,PRE_TRADE_PROJECTED_EQUITY_BREACH
REJECTED,GBPUSD,SELL,2020-03-10 15:00:00+00:00,,PRE_TRADE_PROJECTED_EQUITY_BREACH
REJECTED,EURUSD,SELL,2020-03-10 16:00:00+00:00,,PRE_TRADE_PROJECTED_EQUITY_BREACH
REJECTED,GBPUSD,SELL,2020-03-10 16:00:00+00:00,,PRE_TRADE_PROJECTED_EQUITY_BREACH
REJECTED,EURUSD,SELL,2020-03-10 18:00:00+00:00,,PRE_TRADE_PROJECTED_EQUITY_BREACH
REJECTED,GBPUSD,SELL,2020-03-11 19:00:00+00:00,,PRE_TRADE_PROJECTED_EQUITY_BREACH
REJECTED,GBPUSD,SELL,2020-03-12 06:00:00+00:00,,PRE_TRADE_PROJECTED_EQUITY_BREACH
REJECTED,GBPUSD,SELL,2020-03-12 08:00:00+00:00,,PRE_TRADE_PROJECTED_EQUITY_BREACH
REJECTED,EURUSD,SELL,2020-03-12 09:00:00+00:00,,PRE_TRADE_PROJECTED_EQUITY_BREACH
REJECTED,GBPUSD,SELL,2020-03-12 09:00:00+00:00,,PRE_TRADE_PROJECTED_EQUITY_BREACH
REJECTED,EURUSD,SELL,2020-03-12 10:00:00+00:00,,PRE_TRADE_PROJECTED_EQUITY_BREACH
REJECTED,GBPUSD,SELL,2020-03-12 11:00:00+00:00,,PRE_TRADE_PROJECTED_EQUITY_BREACH
REJECTED,GBPUSD,SELL,2020-03-12 12:00:00+00:00,,PRE_TRADE_PROJECTED_EQUITY_BREACH
REJECTED,GBPUSD,SELL,2020-03-12 13:00:00+00:00,,PRE_TRADE_PROJECTED_EQUITY_BREACH
REJECTED,EURUSD,SELL,2020-03-12 14:00:00+00:00,,PRE_TRADE_PROJECTED_EQUITY_BREACH
REJECTED,EURUSD,SELL,2020-03-12 15:00:00+00:00,,PRE_TRADE_PROJECTED_EQUITY_BREACH
REJECTED,GBPUSD,SELL,2020-03-12 15:00:00+00:00,,PRE_TRADE_PROJECTED_EQUITY_BREACH
REJECTED,GBPUSD,SELL,2020-03-13 12:00:00+00:00,,PRE_TRADE_PROJECTED_EQUITY_BREACH
REJECTED,EURUSD,SELL,2020-03-13 15:00:00+00:00,,PRE_TRADE_PROJECTED_EQUITY_BREACH
REJECTED,GBPUSD,SELL,2020-03-13 15:00:00+00:00,,PRE_TRADE_PROJECTED_EQUITY_BREACH
REJECTED,GBPUSD,SELL,2020-03-13 16:00:00+00:00,,PRE_TRADE_PROJECTED_EQUITY_BREACH
REJECTED,GBPUSD,SELL,2020-03-13 18:00:00+00:00,,PRE_TRADE_PROJECTED_EQUITY_BREACH
REJECTED,GBPUSD,SELL,2020-03-13 20:00:00+00:00,,PRE_TRADE_PROJECTED_EQUITY_BREACH
REJECTED,EURUSD,BUY,2020-03-16 08:00:00+00:00,,PRE_TRADE_PROJECTED_EQUITY_BREACH
REJECTED,GBPUSD,SELL,2020-03-17 07:00:00+00:00,,PRE_TRADE_PROJECTED_EQUITY_BREACH
REJECTED,EURUSD,SELL,2020-03-17 09:00:00+00:00,,PRE_TRADE_PROJECTED_EQUITY_BREACH
REJECTED,GBPUSD,SELL,2020-03-17 09:00:00+00:00,,PRE_TRADE_PROJECTED_EQUITY_BREACH
REJECTED,EURUSD,SELL,2020-03-17 10:00:00+00:00,,PRE_TRADE_PROJECTED_EQUITY_BREACH
REJECTED,GBPUSD,SELL,2020-03-17 10:00:00+00:00,,PRE_TRADE_PROJECTED_EQUITY_BREACH
REJECTED,EURUSD,SELL,2020-03-17 11:00:00+00:00,,PRE_TRADE_PROJECTED_EQUITY_BREACH
REJECTED,EURUSD,SELL,2020-03-17 12:00:00+00:00,,PRE_TRADE_PROJECTED_EQUITY_BREACH
REJECTED,GBPUSD,SELL,2020-03-17 13:00:00+00:00,,PRE_TRADE_PROJECTED_EQUITY_BREACH
REJECTED,EURUSD,SELL,2020-03-17 14:00:00+00:00,,PRE_TRADE_PROJECTED_EQUITY_BREACH
REJECTED,GBPUSD,SELL,2020-03-17 14:00:00+00:00,,PRE_TRADE_PROJECTED_EQUITY_BREACH
REJECTED,GBPUSD,SELL,2020-03-17 15:00:00+00:00,,PRE_TRADE_PROJECTED_EQUITY_BREACH
REJECTED,GBPUSD,SELL,2020-03-18 11:00:00+00:00,,PRE_TRADE_PROJECTED_EQUITY_BREACH
REJECTED,EURUSD,SELL,2020-03-18 12:00:00+00:00,,PRE_TRADE_PROJECTED_EQUITY_BREACH
REJECTED,GBPUSD,SELL,2020-03-18 12:00:00+00:00,,PRE_TRADE_PROJECTED_EQUITY_BREACH
REJECTED,EURUSD,SELL,2020-03-18 13:00:00+00:00,,PRE_TRADE_PROJECTED_EQUITY_BREACH
REJECTED,GBPUSD,SELL,2020-03-18 13:00:00+00:00,,PRE_TRADE_PROJECTED_EQUITY_BREACH
REJECTED,EURUSD,SELL,2020-03-18 14:00:00+00:00,,PRE_TRADE_PROJECTED_EQUITY_BREACH
REJECTED,EURUSD,SELL,2020-03-18 15:00:00+00:00,,PRE_TRADE_PROJECTED_EQUITY_BREACH
REJECTED,EURUSD,SELL,2020-03-18 16:00:00+00:00,,PRE_TRADE_PROJECTED_EQUITY_BREACH
REJECTED,GBPUSD,SELL,2020-03-18 16:00:00+00:00,,PRE_TRADE_PROJECTED_EQUITY_BREACH
REJECTED,EURUSD,SELL,2020-03-19 10:00:00+00:00,,PRE_TRADE_PROJECTED_EQUITY_BREACH
REJECTED,EURUSD,SELL,2020-03-19 11:00:00+00:00,,PRE_TRADE_PROJECTED_EQUITY_BREACH
REJECTED,GBPUSD,BUY,2020-03-19 14:00:00+00:00,,PRE_TRADE_PROJECTED_EQUITY_BREACH
REJECTED,EURUSD,SELL,2020-03-19 15:00:00+00:00,,PRE_TRADE_PROJECTED_EQUITY_BREACH
REJECTED,EURUSD,SELL,2020-03-19 16:00:00+00:00,,PRE_TRADE_PROJECTED_EQUITY_BREACH
REJECTED,GBPUSD,SELL,2020-03-19 21:00:00+00:00,,PRE_TRADE_PROJECTED_EQUITY_BREACH
REJECTED,GBPUSD,BUY,2020-03-20 07:00:00+00:00,,PRE_TRADE_PROJECTED_EQUITY_BREACH
REJECTED,GBPUSD,BUY,2020-03-20 08:00:00+00:00,,PRE_TRADE_PROJECTED_EQUITY_BREACH
REJECTED,GBPUSD,SELL,2020-03-22 22:00:00+00:00,,PRE_TRADE_PROJECTED_EQUITY_BREACH
REJECTED,GBPUSD,SELL,2020-03-23 11:00:00+00:00,,PRE_TRADE_PROJECTED_EQUITY_BREACH
REJECTED,EURUSD,BUY,2020-03-23 12:00:00+00:00,,PRE_TRADE_PROJECTED_EQUITY_BREACH
REJECTED,GBPUSD,SELL,2020-03-23 15:00:00+00:00,,PRE_TRADE_PROJECTED_EQUITY_BREACH
REJECTED,EURUSD,BUY,2020-03-24 06:00:00+00:00,,PRE_TRADE_PROJECTED_EQUITY_BREACH
REJECTED,GBPUSD,BUY,2020-03-24 09:00:00+00:00,,PRE_TRADE_PROJECTED_EQUITY_BREACH
REJECTED,EURUSD,BUY,2020-03-24 10:00:00+00:00,,PRE_TRADE_PROJECTED_EQUITY_BREACH
REJECTED,GBPUSD,BUY,2020-03-24 10:00:00+00:00,,PRE_TRADE_PROJECTED_EQUITY_BREACH
REJECTED,GBPUSD,BUY,2020-03-25 02:00:00+00:00,,PRE_TRADE_PROJECTED_EQUITY_BREACH
REJECTED,GBPUSD,BUY,2020-03-25 05:00:00+00:00,,PRE_TRADE_PROJECTED_EQUITY_BREACH
REJECTED,GBPUSD,BUY,2020-03-25 08:00:00+00:00,,PRE_TRADE_PROJECTED_EQUITY_BREACH
REJECTED,GBPUSD,BUY,2020-03-25 09:00:00+00:00,,PRE_TRADE_PROJECTED_EQUITY_BREACH
REJECTED,GBPUSD,SELL,2020-03-25 14:00:00+00:00,,PRE_TRADE_PROJECTED_EQUITY_BREACH
REJECTED,EURUSD,BUY,2020-03-25 16:00:00+00:00,,PRE_TRADE_PROJECTED_EQUITY_BREACH
REJECTED,EURUSD,BUY,2020-03-25 17:00:00+00:00,,PRE_TRADE_PROJECTED_EQUITY_BREACH
REJECTED,EURUSD,BUY,2020-03-25 19:00:00+00:00,,PRE_TRADE_PROJECTED_EQUITY_BREACH
REJECTED,EURUSD,BUY,2020-03-26 00:00:00+00:00,,PRE_TRADE_PROJECTED_EQUITY_BREACH
REJECTED,GBPUSD,BUY,2020-03-26 07:00:00+00:00,,PRE_TRADE_PROJECTED_EQUITY_BREACH
REJECTED,EURUSD,BUY,2020-03-26 08:00:00+00:00,,PRE_TRADE_PROJECTED_EQUITY_BREACH
REJECTED,EURUSD,BUY,2020-03-26 09:00:00+00:00,,PRE_TRADE_PROJECTED_EQUITY_BREACH
REJECTED,EURUSD,BUY,2020-03-26 10:00:00+00:00,,PRE_TRADE_PROJECTED_EQUITY_BREACH
REJECTED,EURUSD,BUY,2020-03-26 11:00:00+00:00,,PRE_TRADE_PROJECTED_EQUITY_BREACH
REJECTED,GBPUSD,BUY,2020-03-26 11:00:00+00:00,,PRE_TRADE_PROJECTED_EQUITY_BREACH
REJECTED,GBPUSD,BUY,2020-03-26 13:00:00+00:00,,PRE_TRADE_PROJECTED_EQUITY_BREACH
REJECTED,EURUSD,BUY,2020-03-26 14:00:00+00:00,,PRE_TRADE_PROJECTED_EQUITY_BREACH
REJECTED,GBPUSD,BUY,2020-03-26 14:00:00+00:00,,PRE_TRADE_PROJECTED_EQUITY_BREACH
REJECTED,EURUSD,BUY,2020-03-26 15:00:00+00:00,,PRE_TRADE_PROJECTED_EQUITY_BREACH
REJECTED,GBPUSD,BUY,2020-03-26 15:00:00+00:00,,PRE_TRADE_PROJECTED_EQUITY_BREACH
REJECTED,EURUSD,BUY,2020-03-26 16:00:00+00:00,,PRE_TRADE_PROJECTED_EQUITY_BREACH
REJECTED,GBPUSD,BUY,2020-03-26 16:00:00+00:00,,PRE_TRADE_PROJECTED_EQUITY_BREACH
REJECTED,EURUSD,BUY,2020-03-26 19:00:00+00:00,,PRE_TRADE_PROJECTED_EQUITY_BREACH
REJECTED,GBPUSD,BUY,2020-03-26 19:00:00+00:00,,PRE_TRADE_PROJECTED_EQUITY_BREACH
REJECTED,EURUSD,BUY,2020-03-27 02:00:00+00:00,,PRE_TRADE_PROJECTED_EQUITY_BREACH
REJECTED,GBPUSD,BUY,2020-03-27 02:00:00+00:00,,PRE_TRADE_PROJECTED_EQUITY_BREACH
REJECTED,EURUSD,BUY,2020-03-27 03:00:00+00:00,,PRE_TRADE_PROJECTED_EQUITY_BREACH
REJECTED,GBPUSD,BUY,2020-03-27 03:00:00+00:00,,PRE_TRADE_PROJECTED_EQUITY_BREACH
REJECTED,EURUSD,SELL,2020-03-27 12:00:00+00:00,,PRE_TRADE_PROJECTED_EQUITY_BREACH
REJECTED,GBPUSD,BUY,2020-03-27 15:00:00+00:00,,PRE_TRADE_PROJECTED_EQUITY_BREACH
REJECTED,GBPUSD,BUY,2020-03-27 16:00:00+00:00,,PRE_TRADE_PROJECTED_EQUITY_BREACH
REJECTED,EURUSD,BUY,2020-03-27 17:00:00+00:00,,PRE_TRADE_PROJECTED_EQUITY_BREACH
REJECTED,EURUSD,BUY,2020-03-27 18:00:00+00:00,,PRE_TRADE_PROJECTED_EQUITY_BREACH
REJECTED,GBPUSD,BUY,2020-03-27 18:00:00+00:00,,PRE_TRADE_PROJECTED_EQUITY_BREACH
REJECTED,EURUSD,BUY,2020-03-27 19:00:00+00:00,,PRE_TRADE_PROJECTED_EQUITY_BREACH
REJECTED,EURUSD,BUY,2020-03-27 20:00:00+00:00,,PRE_TRADE_PROJECTED_EQUITY_BREACH
REJECTED,EURUSD,SELL,2020-03-31 09:00:00+00:00,,PRE_TRADE_PROJECTED_EQUITY_BREACH
REJECTED,EURUSD,SELL,2020-03-31 10:00:00+00:00,,PRE_TRADE_PROJECTED_EQUITY_BREACH
REJECTED,EURUSD,SELL,2020-03-31 11:00:00+00:00,,PRE_TRADE_PROJECTED_EQUITY_BREACH
REJECTED,GBPUSD,BUY,2020-04-02 10:00:00+00:00,,PRE_TRADE_PROJECTED_EQUITY_BREACH
REJECTED,EURUSD,SELL,2020-04-02 13:00:00+00:00,,PRE_TRADE_PROJECTED_EQUITY_BREACH
REJECTED,EURUSD,SELL,2020-04-02 14:00:00+00:00,,PRE_TRADE_PROJECTED_EQUITY_BREACH
REJECTED,EURUSD,SELL,2020-04-02 18:00:00+00:00,,PRE_TRADE_PROJECTED_EQUITY_BREACH
REJECTED,EURUSD,SELL,2020-04-03 08:00:00+00:00,,PRE_TRADE_PROJECTED_EQUITY_BREACH
REJECTED,GBPUSD,SELL,2020-04-03 08:00:00+00:00,,PRE_TRADE_PROJECTED_EQUITY_BREACH
REJECTED,GBPUSD,SELL,2020-04-03 09:00:00+00:00,,PRE_TRADE_PROJECTED_EQUITY_BREACH
REJECTED,EURUSD,SELL,2020-04-03 13:00:00+00:00,,PRE_TRADE_PROJECTED_EQUITY_BREACH
REJECTED,GBPUSD,SELL,2020-04-03 13:00:00+00:00,,PRE_TRADE_PROJECTED_EQUITY_BREACH
REJECTED,GBPUSD,BUY,2020-04-06 08:00:00+00:00,,PRE_TRADE_PROJECTED_EQUITY_BREACH
REJECTED,GBPUSD,SELL,2020-04-06 23:00:00+00:00,,PRE_TRADE_PROJECTED_EQUITY_BREACH
REJECTED,EURUSD,BUY,2020-04-07 05:00:00+00:00,,PRE_TRADE_PROJECTED_EQUITY_BREACH
REJECTED,EURUSD,BUY,2020-04-07 07:00:00+00:00,,PRE_TRADE_PROJECTED_EQUITY_BREACH
REJECTED,EURUSD,BUY,2020-04-07 08:00:00+00:00,,PRE_TRADE_PROJECTED_EQUITY_BREACH
REJECTED,GBPUSD,BUY,2020-04-07 08:00:00+00:00,,PRE_TRADE_PROJECTED_EQUITY_BREACH
REJECTED,EURUSD,BUY,2020-04-07 13:00:00+00:00,,PRE_TRADE_PROJECTED_EQUITY_BREACH
REJECTED,GBPUSD,BUY,2020-04-07 13:00:00+00:00,,PRE_TRADE_PROJECTED_EQUITY_BREACH
REJECTED,EURUSD,SELL,2020-04-08 07:00:00+00:00,,PRE_TRADE_PROJECTED_EQUITY_BREACH
REJECTED,GBPUSD,BUY,2020-04-08 12:00:00+00:00,,PRE_TRADE_PROJECTED_EQUITY_BREACH
REJECTED,GBPUSD,BUY,2020-04-08 14:00:00+00:00,,PRE_TRADE_PROJECTED_EQUITY_BREACH
REJECTED,GBPUSD,BUY,2020-04-09 10:00:00+00:00,,PRE_TRADE_PROJECTED_EQUITY_BREACH
REJECTED,GBPUSD,BUY,2020-04-09 11:00:00+00:00,,PRE_TRADE_PROJECTED_EQUITY_BREACH
REJECTED,EURUSD,BUY,2020-04-09 13:00:00+00:00,,PRE_TRADE_PROJECTED_EQUITY_BREACH
REJECTED,EURUSD,BUY,2020-04-09 14:00:00+00:00,,PRE_TRADE_PROJECTED_EQUITY_BREACH
REJECTED,GBPUSD,BUY,2020-04-09 14:00:00+00:00,,PRE_TRADE_PROJECTED_EQUITY_BREACH
REJECTED,GBPUSD,BUY,2020-04-09 18:00:00+00:00,,PRE_TRADE_PROJECTED_EQUITY_BREACH
REJECTED,EURUSD,BUY,2020-04-13 07:00:00+00:00,,PRE_TRADE_PROJECTED_EQUITY_BREACH
REJECTED,GBPUSD,BUY,2020-04-13 07:00:00+00:00,,PRE_TRADE_PROJECTED_EQUITY_BREACH
REJECTED,EURUSD,SELL,2020-04-13 11:00:00+00:00,,PRE_TRADE_PROJECTED_EQUITY_BREACH
REJECTED,EURUSD,SELL,2020-04-13 15:00:00+00:00,,PRE_TRADE_PROJECTED_EQUITY_BREACH
REJECTED,GBPUSD,BUY,2020-04-14 02:00:00+00:00,,PRE_TRADE_PROJECTED_EQUITY_BREACH
REJECTED,GBPUSD,BUY,2020-04-14 03:00:00+00:00,,PRE_TRADE_PROJECTED_EQUITY_BREACH
REJECTED,GBPUSD,BUY,2020-04-14 04:00:00+00:00,,PRE_TRADE_PROJECTED_EQUITY_BREACH
REJECTED,EURUSD,BUY,2020-04-14 12:00:00+00:00,,PRE_TRADE_PROJECTED_EQUITY_BREACH
REJECTED,EURUSD,BUY,2020-04-14 13:00:00+00:00,,PRE_TRADE_PROJECTED_EQUITY_BREACH
REJECTED,GBPUSD,BUY,2020-04-14 13:00:00+00:00,,PRE_TRADE_PROJECTED_EQUITY_BREACH
REJECTED,GBPUSD,BUY,2020-04-14 14:00:00+00:00,,PRE_TRADE_PROJECTED_EQUITY_BREACH
REJECTED,GBPUSD,BUY,2020-04-14 16:00:00+00:00,,PRE_TRADE_PROJECTED_EQUITY_BREACH
REJECTED,GBPUSD,BUY,2020-04-14 18:00:00+00:00,,PRE_TRADE_PROJECTED_EQUITY_BREACH
REJECTED,EURUSD,BUY,2020-04-14 20:00:00+00:00,,PRE_TRADE_PROJECTED_EQUITY_BREACH
REJECTED,EURUSD,SELL,2020-04-15 08:00:00+00:00,,PRE_TRADE_PROJECTED_EQUITY_BREACH
REJECTED,GBPUSD,SELL,2020-04-15 08:00:00+00:00,,PRE_TRADE_PROJECTED_EQUITY_BREACH
REJECTED,GBPUSD,SELL,2020-04-15 09:00:00+00:00,,PRE_TRADE_PROJECTED_EQUITY_BREACH
REJECTED,EURUSD,SELL,2020-04-15 11:00:00+00:00,,PRE_TRADE_PROJECTED_EQUITY_BREACH
REJECTED,GBPUSD,SELL,2020-04-15 12:00:00+00:00,,PRE_TRADE_PROJECTED_EQUITY_BREACH
REJECTED,EURUSD,SELL,2020-04-15 13:00:00+00:00,,PRE_TRADE_PROJECTED_EQUITY_BREACH
REJECTED,GBPUSD,SELL,2020-04-15 13:00:00+00:00,,PRE_TRADE_PROJECTED_EQUITY_BREACH
REJECTED,EURUSD,SELL,2020-04-16 15:00:00+00:00,,PRE_TRADE_PROJECTED_EQUITY_BREACH
REJECTED,GBPUSD,SELL,2020-04-16 15:00:00+00:00,,PRE_TRADE_PROJECTED_EQUITY_BREACH
REJECTED,EURUSD,SELL,2020-04-16 16:00:00+00:00,,PRE_TRADE_PROJECTED_EQUITY_BREACH
REJECTED,GBPUSD,SELL,2020-04-16 16:00:00+00:00,,PRE_TRADE_PROJECTED_EQUITY_BREACH
REJECTED,GBPUSD,BUY,2020-04-17 02:00:00+00:00,,PRE_TRADE_PROJECTED_EQUITY_BREACH
REJECTED,EURUSD,BUY,2020-04-17 14:00:00+00:00,,PRE_TRADE_PROJECTED_EQUITY_BREACH
REJECTED,EURUSD,BUY,2020-04-17 15:00:00+00:00,,PRE_TRADE_PROJECTED_EQUITY_BREACH
REJECTED,EURUSD,SELL,2020-04-21 03:00:00+00:00,,PRE_TRADE_PROJECTED_EQUITY_BREACH
REJECTED,GBPUSD,SELL,2020-04-21 03:00:00+00:00,,PRE_TRADE_PROJECTED_EQUITY_BREACH
REJECTED,GBPUSD,SELL,2020-04-21 10:00:00+00:00,,PRE_TRADE_PROJECTED_EQUITY_BREACH
REJECTED,GBPUSD,SELL,2020-04-21 12:00:00+00:00,,PRE_TRADE_PROJECTED_EQUITY_BREACH
REJECTED,GBPUSD,SELL,2020-04-21 13:00:00+00:00,,PRE_TRADE_PROJECTED_EQUITY_BREACH
REJECTED,GBPUSD,SELL,2020-04-21 16:00:00+00:00,,PRE_TRADE_PROJECTED_EQUITY_BREACH
REJECTED,GBPUSD,BUY,2020-04-22 10:00:00+00:00,,PRE_TRADE_PROJECTED_EQUITY_BREACH
REJECTED,EURUSD,BUY,2020-04-22 12:00:00+00:00,,PRE_TRADE_PROJECTED_EQUITY_BREACH
REJECTED,GBPUSD,BUY,2020-04-22 12:00:00+00:00,,PRE_TRADE_PROJECTED_EQUITY_BREACH
REJECTED,EURUSD,SELL,2020-04-22 15:00:00+00:00,,PRE_TRADE_PROJECTED_EQUITY_BREACH
REJECTED,EURUSD,SELL,2020-04-22 17:00:00+00:00,,PRE_TRADE_PROJECTED_EQUITY_BREACH
REJECTED,EURUSD,SELL,2020-04-23 08:00:00+00:00,,PRE_TRADE_PROJECTED_EQUITY_BREACH
REJECTED,EURUSD,SELL,2020-04-23 10:00:00+00:00,,PRE_TRADE_PROJECTED_EQUITY_BREACH
REJECTED,GBPUSD,BUY,2020-04-23 15:00:00+00:00,,PRE_TRADE_PROJECTED_EQUITY_BREACH
REJECTED,EURUSD,SELL,2020-04-24 07:00:00+00:00,,PRE_TRADE_PROJECTED_EQUITY_BREACH
REJECTED,GBPUSD,SELL,2020-04-24 07:00:00+00:00,,PRE_TRADE_PROJECTED_EQUITY_BREACH
REJECTED,GBPUSD,SELL,2020-04-24 08:00:00+00:00,,PRE_TRADE_PROJECTED_EQUITY_BREACH
REJECTED,EURUSD,BUY,2020-04-24 15:00:00+00:00,,PRE_TRADE_PROJECTED_EQUITY_BREACH
REJECTED,GBPUSD,BUY,2020-04-27 02:00:00+00:00,,PRE_TRADE_PROJECTED_EQUITY_BREACH
REJECTED,EURUSD,BUY,2020-04-27 05:00:00+00:00,,PRE_TRADE_PROJECTED_EQUITY_BREACH
REJECTED,GBPUSD,BUY,2020-04-27 05:00:00+00:00,,PRE_TRADE_PROJECTED_EQUITY_BREACH
REJECTED,EURUSD,BUY,2020-04-27 06:00:00+00:00,,PRE_TRADE_PROJECTED_EQUITY_BREACH
REJECTED,EURUSD,SELL,2020-04-28 07:00:00+00:00,,PRE_TRADE_PROJECTED_EQUITY_BREACH
REJECTED,GBPUSD,BUY,2020-04-28 08:00:00+00:00,,PRE_TRADE_PROJECTED_EQUITY_BREACH
REJECTED,EURUSD,BUY,2020-04-28 10:00:00+00:00,,PRE_TRADE_PROJECTED_EQUITY_BREACH
REJECTED,GBPUSD,BUY,2020-04-28 10:00:00+00:00,,PRE_TRADE_PROJECTED_EQUITY_BREACH
REJECTED,EURUSD,BUY,2020-04-28 12:00:00+00:00,,PRE_TRADE_PROJECTED_EQUITY_BREACH
REJECTED,GBPUSD,SELL,2020-04-29 10:00:00+00:00,,PRE_TRADE_PROJECTED_EQUITY_BREACH
REJECTED,GBPUSD,SELL,2020-04-29 11:00:00+00:00,,PRE_TRADE_PROJECTED_EQUITY_BREACH
REJECTED,GBPUSD,BUY,2020-04-30 10:00:00+00:00,,PRE_TRADE_PROJECTED_EQUITY_BREACH
REJECTED,GBPUSD,BUY,2020-04-30 11:00:00+00:00,,PRE_TRADE_PROJECTED_EQUITY_BREACH
REJECTED,EURUSD,BUY,2020-04-30 15:00:00+00:00,,PRE_TRADE_PROJECTED_EQUITY_BREACH
REJECTED,GBPUSD,BUY,2020-04-30 15:00:00+00:00,,PRE_TRADE_PROJECTED_EQUITY_BREACH
REJECTED,EURUSD,BUY,2020-05-01 09:00:00+00:00,,PRE_TRADE_PROJECTED_EQUITY_BREACH
REJECTED,EURUSD,BUY,2020-05-01 10:00:00+00:00,,PRE_TRADE_PROJECTED_EQUITY_BREACH
REJECTED,GBPUSD,SELL,2020-05-01 12:00:00+00:00,,PRE_TRADE_PROJECTED_EQUITY_BREACH
REJECTED,EURUSD,BUY,2020-05-01 15:00:00+00:00,,PRE_TRADE_PROJECTED_EQUITY_BREACH
REJECTED,GBPUSD,SELL,2020-05-01 16:00:00+00:00,,PRE_TRADE_PROJECTED_EQUITY_BREACH
REJECTED,GBPUSD,SELL,2020-05-01 18:00:00+00:00,,PRE_TRADE_PROJECTED_EQUITY_BREACH
REJECTED,GBPUSD,SELL,2020-05-01 19:00:00+00:00,,PRE_TRADE_PROJECTED_EQUITY_BREACH
REJECTED,GBPUSD,SELL,2020-05-03 22:00:00+00:00,,PRE_TRADE_PROJECTED_EQUITY_BREACH
REJECTED,GBPUSD,SELL,2020-05-03 23:00:00+00:00,,PRE_TRADE_PROJECTED_EQUITY_BREACH
REJECTED,GBPUSD,SELL,2020-05-04 01:00:00+00:00,,PRE_TRADE_PROJECTED_EQUITY_BREACH
REJECTED,EURUSD,SELL,2020-05-04 03:00:00+00:00,,PRE_TRADE_PROJECTED_EQUITY_BREACH
REJECTED,EURUSD,SELL,2020-05-04 04:00:00+00:00,,PRE_TRADE_PROJECTED_EQUITY_BREACH
REJECTED,EURUSD,SELL,2020-05-04 05:00:00+00:00,,PRE_TRADE_PROJECTED_EQUITY_BREACH
REJECTED,EURUSD,SELL,2020-05-04 06:00:00+00:00,,PRE_TRADE_PROJECTED_EQUITY_BREACH
REJECTED,GBPUSD,SELL,2020-05-04 06:00:00+00:00,,PRE_TRADE_PROJECTED_EQUITY_BREACH
REJECTED,GBPUSD,SELL,2020-05-04 11:00:00+00:00,,PRE_TRADE_PROJECTED_EQUITY_BREACH
REJECTED,EURUSD,SELL,2020-05-04 15:00:00+00:00,,PRE_TRADE_PROJECTED_EQUITY_BREACH
REJECTED,EURUSD,SELL,2020-05-04 17:00:00+00:00,,PRE_TRADE_PROJECTED_EQUITY_BREACH
REJECTED,GBPUSD,BUY,2020-05-05 06:00:00+00:00,,PRE_TRADE_PROJECTED_EQUITY_BREACH
REJECTED,EURUSD,SELL,2020-05-05 09:00:00+00:00,,PRE_TRADE_PROJECTED_EQUITY_BREACH
REJECTED,EURUSD,SELL,2020-05-06 09:00:00+00:00,,PRE_TRADE_PROJECTED_EQUITY_BREACH
REJECTED,GBPUSD,SELL,2020-05-06 09:00:00+00:00,,PRE_TRADE_PROJECTED_EQUITY_BREACH
REJECTED,EURUSD,SELL,2020-05-06 10:00:00+00:00,,PRE_TRADE_PROJECTED_EQUITY_BREACH
REJECTED,GBPUSD,SELL,2020-05-06 23:00:00+00:00,,PRE_TRADE_PROJECTED_EQUITY_BREACH
REJECTED,GBPUSD,SELL,2020-05-07 00:00:00+00:00,,PRE_TRADE_PROJECTED_EQUITY_BREACH
REJECTED,GBPUSD,SELL,2020-05-07 01:00:00+00:00,,PRE_TRADE_PROJECTED_EQUITY_BREACH
REJECTED,GBPUSD,SELL,2020-05-07 14:00:00+00:00,,PRE_TRADE_PROJECTED_EQUITY_BREACH
REJECTED,GBPUSD,SELL,2020-05-07 15:00:00+00:00,,PRE_TRADE_PROJECTED_EQUITY_BREACH
REJECTED,EURUSD,BUY,2020-05-07 18:00:00+00:00,,PRE_TRADE_PROJECTED_EQUITY_BREACH
REJECTED,EURUSD,BUY,2020-05-08 01:00:00+00:00,,PRE_TRADE_PROJECTED_EQUITY_BREACH
REJECTED,EURUSD,BUY,2020-05-08 02:00:00+00:00,,PRE_TRADE_PROJECTED_EQUITY_BREACH
REJECTED,EURUSD,BUY,2020-05-08 15:00:00+00:00,,PRE_TRADE_PROJECTED_EQUITY_BREACH
REJECTED,GBPUSD,BUY,2020-05-08 15:00:00+00:00,,PRE_TRADE_PROJECTED_EQUITY_BREACH
REJECTED,GBPUSD,SELL,2020-05-11 11:00:00+00:00,,PRE_TRADE_PROJECTED_EQUITY_BREACH
REJECTED,GBPUSD,SELL,2020-05-11 12:00:00+00:00,,PRE_TRADE_PROJECTED_EQUITY_BREACH
REJECTED,EURUSD,SELL,2020-05-12 01:00:00+00:00,,PRE_TRADE_PROJECTED_EQUITY_BREACH
REJECTED,EURUSD,BUY,2020-05-12 12:00:00+00:00,,PRE_TRADE_PROJECTED_EQUITY_BREACH
REJECTED,GBPUSD,BUY,2020-05-12 12:00:00+00:00,,PRE_TRADE_PROJECTED_EQUITY_BREACH
REJECTED,EURUSD,BUY,2020-05-12 13:00:00+00:00,,PRE_TRADE_PROJECTED_EQUITY_BREACH
REJECTED,EURUSD,BUY,2020-05-12 14:00:00+00:00,,PRE_TRADE_PROJECTED_EQUITY_BREACH
REJECTED,GBPUSD,SELL,2020-05-12 18:00:00+00:00,,PRE_TRADE_PROJECTED_EQUITY_BREACH
REJECTED,GBPUSD,SELL,2020-05-12 21:00:00+00:00,,PRE_TRADE_PROJECTED_EQUITY_BREACH
REJECTED,GBPUSD,SELL,2020-05-13 00:00:00+00:00,,PRE_TRADE_PROJECTED_EQUITY_BREACH
REJECTED,EURUSD,BUY,2020-05-13 13:00:00+00:00,,PRE_TRADE_PROJECTED_EQUITY_BREACH
REJECTED,GBPUSD,SELL,2020-05-13 15:00:00+00:00,,PRE_TRADE_PROJECTED_EQUITY_BREACH
REJECTED,EURUSD,SELL,2020-05-13 17:00:00+00:00,,PRE_TRADE_PROJECTED_EQUITY_BREACH
REJECTED,EURUSD,SELL,2020-05-13 18:00:00+00:00,,PRE_TRADE_PROJECTED_EQUITY_BREACH
REJECTED,EURUSD,SELL,2020-05-14 02:00:00+00:00,,PRE_TRADE_PROJECTED_EQUITY_BREACH
REJECTED,GBPUSD,SELL,2020-05-14 02:00:00+00:00,,PRE_TRADE_PROJECTED_EQUITY_BREACH
REJECTED,GBPUSD,SELL,2020-05-14 06:00:00+00:00,,PRE_TRADE_PROJECTED_EQUITY_BREACH
REJECTED,GBPUSD,SELL,2020-05-14 07:00:00+00:00,,PRE_TRADE_PROJECTED_EQUITY_BREACH
REJECTED,EURUSD,SELL,2020-05-14 11:00:00+00:00,,PRE_TRADE_PROJECTED_EQUITY_BREACH
REJECTED,GBPUSD,BUY,2020-05-15 00:00:00+00:00,,PRE_TRADE_PROJECTED_EQUITY_BREACH
REJECTED,GBPUSD,SELL,2020-05-15 12:00:00+00:00,,PRE_TRADE_PROJECTED_EQUITY_BREACH
REJECTED,EURUSD,BUY,2020-05-15 13:00:00+00:00,,PRE_TRADE_PROJECTED_EQUITY_BREACH
REJECTED,GBPUSD,SELL,2020-05-15 15:00:00+00:00,,PRE_TRADE_PROJECTED_EQUITY_BREACH
REJECTED,GBPUSD,SELL,2020-05-15 21:00:00+00:00,,PRE_TRADE_PROJECTED_EQUITY_BREACH
REJECTED,GBPUSD,SELL,2020-05-17 22:00:00+00:00,,PRE_TRADE_PROJECTED_EQUITY_BREACH
REJECTED,GBPUSD,BUY,2020-05-18 12:00:00+00:00,,PRE_TRADE_PROJECTED_EQUITY_BREACH
REJECTED,EURUSD,BUY,2020-05-18 13:00:00+00:00,,PRE_TRADE_PROJECTED_EQUITY_BREACH
REJECTED,GBPUSD,BUY,2020-05-18 13:00:00+00:00,,PRE_TRADE_PROJECTED_EQUITY_BREACH
REJECTED,EURUSD,BUY,2020-05-18 14:00:00+00:00,,PRE_TRADE_PROJECTED_EQUITY_BREACH
REJECTED,GBPUSD,BUY,2020-05-18 14:00:00+00:00,,PRE_TRADE_PROJECTED_EQUITY_BREACH
REJECTED,EURUSD,BUY,2020-05-18 16:00:00+00:00,,PRE_TRADE_PROJECTED_EQUITY_BREACH
REJECTED,EURUSD,BUY,2020-05-19 07:00:00+00:00,,PRE_TRADE_PROJECTED_EQUITY_BREACH
REJECTED,GBPUSD,BUY,2020-05-19 07:00:00+00:00,,PRE_TRADE_PROJECTED_EQUITY_BREACH
REJECTED,EURUSD,BUY,2020-05-19 09:00:00+00:00,,PRE_TRADE_PROJECTED_EQUITY_BREACH
REJECTED,EURUSD,BUY,2020-05-19 11:00:00+00:00,,PRE_TRADE_PROJECTED_EQUITY_BREACH
REJECTED,GBPUSD,BUY,2020-05-19 19:00:00+00:00,,PRE_TRADE_PROJECTED_EQUITY_BREACH
REJECTED,EURUSD,BUY,2020-05-20 12:00:00+00:00,,PRE_TRADE_PROJECTED_EQUITY_BREACH
REJECTED,EURUSD,BUY,2020-05-20 14:00:00+00:00,,PRE_TRADE_PROJECTED_EQUITY_BREACH
REJECTED,EURUSD,BUY,2020-05-20 15:00:00+00:00,,PRE_TRADE_PROJECTED_EQUITY_BREACH
REJECTED,GBPUSD,SELL,2020-05-21 01:00:00+00:00,,PRE_TRADE_PROJECTED_EQUITY_BREACH
REJECTED,GBPUSD,SELL,2020-05-21 02:00:00+00:00,,PRE_TRADE_PROJECTED_EQUITY_BREACH
REJECTED,GBPUSD,SELL,2020-05-21 06:00:00+00:00,,PRE_TRADE_PROJECTED_EQUITY_BREACH
REJECTED,EURUSD,SELL,2020-05-21 15:00:00+00:00,,PRE_TRADE_PROJECTED_EQUITY_BREACH
REJECTED,EURUSD,SELL,2020-05-22 04:00:00+00:00,,PRE_TRADE_PROJECTED_EQUITY_BREACH
REJECTED,EURUSD,SELL,2020-05-22 05:00:00+00:00,,PRE_TRADE_PROJECTED_EQUITY_BREACH
REJECTED,EURUSD,SELL,2020-05-22 08:00:00+00:00,,PRE_TRADE_PROJECTED_EQUITY_BREACH
REJECTED,GBPUSD,SELL,2020-05-22 08:00:00+00:00,,PRE_TRADE_PROJECTED_EQUITY_BREACH
REJECTED,EURUSD,SELL,2020-05-22 09:00:00+00:00,,PRE_TRADE_PROJECTED_EQUITY_BREACH
REJECTED,EURUSD,SELL,2020-05-22 10:00:00+00:00,,PRE_TRADE_PROJECTED_EQUITY_BREACH
REJECTED,EURUSD,SELL,2020-05-25 07:00:00+00:00,,PRE_TRADE_PROJECTED_EQUITY_BREACH
REJECTED,EURUSD,BUY,2020-05-25 12:00:00+00:00,,PRE_TRADE_PROJECTED_EQUITY_BREACH
REJECTED,GBPUSD,BUY,2020-05-25 14:00:00+00:00,,PRE_TRADE_PROJECTED_EQUITY_BREACH
REJECTED,GBPUSD,BUY,2020-05-26 01:00:00+00:00,,PRE_TRADE_PROJECTED_EQUITY_BREACH
REJECTED,EURUSD,BUY,2020-05-26 04:00:00+00:00,,PRE_TRADE_PROJECTED_EQUITY_BREACH
REJECTED,EURUSD,BUY,2020-05-26 06:00:00+00:00,,PRE_TRADE_PROJECTED_EQUITY_BREACH
REJECTED,GBPUSD,BUY,2020-05-26 07:00:00+00:00,,PRE_TRADE_PROJECTED_EQUITY_BREACH
REJECTED,EURUSD,BUY,2020-05-26 08:00:00+00:00,,PRE_TRADE_PROJECTED_EQUITY_BREACH
REJECTED,GBPUSD,BUY,2020-05-26 08:00:00+00:00,,PRE_TRADE_PROJECTED_EQUITY_BREACH
REJECTED,EURUSD,BUY,2020-05-26 09:00:00+00:00,,PRE_TRADE_PROJECTED_EQUITY_BREACH
REJECTED,GBPUSD,BUY,2020-05-26 09:00:00+00:00,,PRE_TRADE_PROJECTED_EQUITY_BREACH
REJECTED,EURUSD,BUY,2020-05-26 10:00:00+00:00,,PRE_TRADE_PROJECTED_EQUITY_BREACH
REJECTED,GBPUSD,BUY,2020-05-26 10:00:00+00:00,,PRE_TRADE_PROJECTED_EQUITY_BREACH
REJECTED,EURUSD,BUY,2020-05-26 12:00:00+00:00,,PRE_TRADE_PROJECTED_EQUITY_BREACH
REJECTED,GBPUSD,BUY,2020-05-26 12:00:00+00:00,,PRE_TRADE_PROJECTED_EQUITY_BREACH
REJECTED,GBPUSD,BUY,2020-05-26 13:00:00+00:00,,PRE_TRADE_PROJECTED_EQUITY_BREACH
REJECTED,EURUSD,BUY,2020-05-26 15:00:00+00:00,,PRE_TRADE_PROJECTED_EQUITY_BREACH
REJECTED,GBPUSD,BUY,2020-05-26 15:00:00+00:00,,PRE_TRADE_PROJECTED_EQUITY_BREACH
REJECTED,EURUSD,BUY,2020-05-26 19:00:00+00:00,,PRE_TRADE_PROJECTED_EQUITY_BREACH
REJECTED,GBPUSD,SELL,2020-05-27 08:00:00+00:00,,PRE_TRADE_PROJECTED_EQUITY_BREACH
REJECTED,EURUSD,BUY,2020-05-27 10:00:00+00:00,,PRE_TRADE_PROJECTED_EQUITY_BREACH
REJECTED,GBPUSD,SELL,2020-05-27 13:00:00+00:00,,PRE_TRADE_PROJECTED_EQUITY_BREACH
REJECTED,GBPUSD,SELL,2020-05-27 14:00:00+00:00,,PRE_TRADE_PROJECTED_EQUITY_BREACH
REJECTED,GBPUSD,SELL,2020-05-27 15:00:00+00:00,,PRE_TRADE_PROJECTED_EQUITY_BREACH
REJECTED,EURUSD,BUY,2020-05-28 14:00:00+00:00,,PRE_TRADE_PROJECTED_EQUITY_BREACH
REJECTED,EURUSD,BUY,2020-05-28 15:00:00+00:00,,PRE_TRADE_PROJECTED_EQUITY_BREACH
REJECTED,GBPUSD,BUY,2020-05-28 15:00:00+00:00,,PRE_TRADE_PROJECTED_EQUITY_BREACH
REJECTED,EURUSD,BUY,2020-05-28 16:00:00+00:00,,PRE_TRADE_PROJECTED_EQUITY_BREACH
REJECTED,EURUSD,BUY,2020-05-28 17:00:00+00:00,,PRE_TRADE_PROJECTED_EQUITY_BREACH
REJECTED,GBPUSD,BUY,2020-05-28 17:00:00+00:00,,PRE_TRADE_PROJECTED_EQUITY_BREACH
REJECTED,GBPUSD,BUY,2020-05-28 19:00:00+00:00,,PRE_TRADE_PROJECTED_EQUITY_BREACH
REJECTED,EURUSD,BUY,2020-05-29 05:00:00+00:00,,PRE_TRADE_PROJECTED_EQUITY_BREACH
REJECTED,EURUSD,BUY,2020-05-29 06:00:00+00:00,,PRE_TRADE_PROJECTED_EQUITY_BREACH
REJECTED,GBPUSD,BUY,2020-05-29 06:00:00+00:00,,PRE_TRADE_PROJECTED_EQUITY_BREACH
REJECTED,EURUSD,BUY,2020-05-29 09:00:00+00:00,,PRE_TRADE_PROJECTED_EQUITY_BREACH
REJECTED,EURUSD,BUY,2020-05-29 10:00:00+00:00,,PRE_TRADE_PROJECTED_EQUITY_BREACH
REJECTED,GBPUSD,BUY,2020-05-29 12:00:00+00:00,,PRE_TRADE_PROJECTED_EQUITY_BREACH
REJECTED,GBPUSD,BUY,2020-06-01 02:00:00+00:00,,PRE_TRADE_PROJECTED_EQUITY_BREACH
REJECTED,GBPUSD,BUY,2020-06-01 08:00:00+00:00,,PRE_TRADE_PROJECTED_EQUITY_BREACH
REJECTED,GBPUSD,BUY,2020-06-01 15:00:00+00:00,,PRE_TRADE_PROJECTED_EQUITY_BREACH
REJECTED,GBPUSD,BUY,2020-06-01 19:00:00+00:00,,PRE_TRADE_PROJECTED_EQUITY_BREACH
REJECTED,GBPUSD,BUY,2020-06-01 20:00:00+00:00,,PRE_TRADE_PROJECTED_EQUITY_BREACH
REJECTED,GBPUSD,BUY,2020-06-02 01:00:00+00:00,,PRE_TRADE_PROJECTED_EQUITY_BREACH
REJECTED,GBPUSD,BUY,2020-06-02 07:00:00+00:00,,PRE_TRADE_PROJECTED_EQUITY_BREACH
REJECTED,EURUSD,BUY,2020-06-02 09:00:00+00:00,,PRE_TRADE_PROJECTED_EQUITY_BREACH
REJECTED,EURUSD,BUY,2020-06-02 10:00:00+00:00,,PRE_TRADE_PROJECTED_EQUITY_BREACH
REJECTED,GBPUSD,BUY,2020-06-02 10:00:00+00:00,,PRE_TRADE_PROJECTED_EQUITY_BREACH
REJECTED,EURUSD,BUY,2020-06-02 14:00:00+00:00,,PRE_TRADE_PROJECTED_EQUITY_BREACH
REJECTED,GBPUSD,BUY,2020-06-03 00:00:00+00:00,,PRE_TRADE_PROJECTED_EQUITY_BREACH
REJECTED,GBPUSD,BUY,2020-06-03 01:00:00+00:00,,PRE_TRADE_PROJECTED_EQUITY_BREACH
REJECTED,EURUSD,BUY,2020-06-03 04:00:00+00:00,,PRE_TRADE_PROJECTED_EQUITY_BREACH
REJECTED,EURUSD,BUY,2020-06-03 08:00:00+00:00,,PRE_TRADE_PROJECTED_EQUITY_BREACH
REJECTED,EURUSD,BUY,2020-06-03 16:00:00+00:00,,PRE_TRADE_PROJECTED_EQUITY_BREACH
REJECTED,GBPUSD,SELL,2020-06-04 01:00:00+00:00,,PRE_TRADE_PROJECTED_EQUITY_BREACH
REJECTED,GBPUSD,SELL,2020-06-04 08:00:00+00:00,,PRE_TRADE_PROJECTED_EQUITY_BREACH
REJECTED,EURUSD,BUY,2020-06-04 12:00:00+00:00,,PRE_TRADE_PROJECTED_EQUITY_BREACH
REJECTED,EURUSD,BUY,2020-06-04 15:00:00+00:00,,PRE_TRADE_PROJECTED_EQUITY_BREACH
REJECTED,GBPUSD,BUY,2020-06-04 15:00:00+00:00,,PRE_TRADE_PROJECTED_EQUITY_BREACH
REJECTED,EURUSD,BUY,2020-06-05 06:00:00+00:00,,PRE_TRADE_PROJECTED_EQUITY_BREACH
REJECTED,GBPUSD,BUY,2020-06-05 06:00:00+00:00,,PRE_TRADE_PROJECTED_EQUITY_BREACH
REJECTED,GBPUSD,BUY,2020-06-05 07:00:00+00:00,,PRE_TRADE_PROJECTED_EQUITY_BREACH
REJECTED,GBPUSD,BUY,2020-06-05 08:00:00+00:00,,PRE_TRADE_PROJECTED_EQUITY_BREACH
REJECTED,EURUSD,SELL,2020-06-05 13:00:00+00:00,,PRE_TRADE_PROJECTED_EQUITY_BREACH
REJECTED,GBPUSD,BUY,2020-06-05 15:00:00+00:00,,PRE_TRADE_PROJECTED_EQUITY_BREACH
REJECTED,EURUSD,SELL,2020-06-08 11:00:00+00:00,,PRE_TRADE_PROJECTED_EQUITY_BREACH
REJECTED,GBPUSD,SELL,2020-06-08 11:00:00+00:00,,PRE_TRADE_PROJECTED_EQUITY_BREACH
REJECTED,GBPUSD,BUY,2020-06-08 20:00:00+00:00,,PRE_TRADE_PROJECTED_EQUITY_BREACH
REJECTED,EURUSD,SELL,2020-06-09 07:00:00+00:00,,PRE_TRADE_PROJECTED_EQUITY_BREACH
REJECTED,GBPUSD,SELL,2020-06-09 09:00:00+00:00,,PRE_TRADE_PROJECTED_EQUITY_BREACH
REJECTED,EURUSD,BUY,2020-06-09 14:00:00+00:00,,PRE_TRADE_PROJECTED_EQUITY_BREACH
REJECTED,GBPUSD,BUY,2020-06-10 06:00:00+00:00,,PRE_TRADE_PROJECTED_EQUITY_BREACH
REJECTED,EURUSD,BUY,2020-06-10 12:00:00+00:00,,PRE_TRADE_PROJECTED_EQUITY_BREACH
REJECTED,GBPUSD,BUY,2020-06-10 12:00:00+00:00,,PRE_TRADE_PROJECTED_EQUITY_BREACH
REJECTED,EURUSD,BUY,2020-06-10 19:00:00+00:00,,PRE_TRADE_PROJECTED_EQUITY_BREACH
REJECTED,GBPUSD,SELL,2020-06-11 00:00:00+00:00,,PRE_TRADE_PROJECTED_EQUITY_BREACH
REJECTED,GBPUSD,SELL,2020-06-11 04:00:00+00:00,,PRE_TRADE_PROJECTED_EQUITY_BREACH
REJECTED,GBPUSD,SELL,2020-06-11 05:00:00+00:00,,PRE_TRADE_PROJECTED_EQUITY_BREACH
REJECTED,GBPUSD,SELL,2020-06-11 06:00:00+00:00,,PRE_TRADE_PROJECTED_EQUITY_BREACH
REJECTED,GBPUSD,SELL,2020-06-11 13:00:00+00:00,,PRE_TRADE_PROJECTED_EQUITY_BREACH
REJECTED,EURUSD,SELL,2020-06-11 18:00:00+00:00,,PRE_TRADE_PROJECTED_EQUITY_BREACH
REJECTED,GBPUSD,SELL,2020-06-11 18:00:00+00:00,,PRE_TRADE_PROJECTED_EQUITY_BREACH
REJECTED,EURUSD,SELL,2020-06-11 19:00:00+00:00,,PRE_TRADE_PROJECTED_EQUITY_BREACH
REJECTED,GBPUSD,SELL,2020-06-11 20:00:00+00:00,,PRE_TRADE_PROJECTED_EQUITY_BREACH
REJECTED,GBPUSD,SELL,2020-06-11 23:00:00+00:00,,PRE_TRADE_PROJECTED_EQUITY_BREACH
REJECTED,EURUSD,SELL,2020-06-12 01:00:00+00:00,,PRE_TRADE_PROJECTED_EQUITY_BREACH
REJECTED,GBPUSD,SELL,2020-06-12 01:00:00+00:00,,PRE_TRADE_PROJECTED_EQUITY_BREACH
REJECTED,EURUSD,SELL,2020-06-12 15:00:00+00:00,,PRE_TRADE_PROJECTED_EQUITY_BREACH
REJECTED,GBPUSD,SELL,2020-06-12 15:00:00+00:00,,PRE_TRADE_PROJECTED_EQUITY_BREACH
REJECTED,GBPUSD,SELL,2020-06-12 16:00:00+00:00,,PRE_TRADE_PROJECTED_EQUITY_BREACH
REJECTED,GBPUSD,SELL,2020-06-12 17:00:00+00:00,,PRE_TRADE_PROJECTED_EQUITY_BREACH
REJECTED,EURUSD,SELL,2020-06-12 18:00:00+00:00,,PRE_TRADE_PROJECTED_EQUITY_BREACH
REJECTED,GBPUSD,SELL,2020-06-12 18:00:00+00:00,,PRE_TRADE_PROJECTED_EQUITY_BREACH
REJECTED,GBPUSD,SELL,2020-06-15 07:00:00+00:00,,PRE_TRADE_PROJECTED_EQUITY_BREACH
REJECTED,EURUSD,BUY,2020-06-15 14:00:00+00:00,,PRE_TRADE_PROJECTED_EQUITY_BREACH
REJECTED,GBPUSD,BUY,2020-06-15 14:00:00+00:00,,PRE_TRADE_PROJECTED_EQUITY_BREACH
REJECTED,EURUSD,BUY,2020-06-15 18:00:00+00:00,,PRE_TRADE_PROJECTED_EQUITY_BREACH
REJECTED,EURUSD,BUY,2020-06-15 19:00:00+00:00,,PRE_TRADE_PROJECTED_EQUITY_BREACH
REJECTED,GBPUSD,BUY,2020-06-15 19:00:00+00:00,,PRE_TRADE_PROJECTED_EQUITY_BREACH
REJECTED,GBPUSD,BUY,2020-06-15 21:00:00+00:00,,PRE_TRADE_PROJECTED_EQUITY_BREACH
REJECTED,GBPUSD,BUY,2020-06-15 22:00:00+00:00,,PRE_TRADE_PROJECTED_EQUITY_BREACH
REJECTED,GBPUSD,BUY,2020-06-15 23:00:00+00:00,,PRE_TRADE_PROJECTED_EQUITY_BREACH
REJECTED,EURUSD,BUY,2020-06-16 00:00:00+00:00,,PRE_TRADE_PROJECTED_EQUITY_BREACH
REJECTED,GBPUSD,BUY,2020-06-16 00:00:00+00:00,,PRE_TRADE_PROJECTED_EQUITY_BREACH
REJECTED,EURUSD,BUY,2020-06-16 03:00:00+00:00,,PRE_TRADE_PROJECTED_EQUITY_BREACH
REJECTED,GBPUSD,BUY,2020-06-16 03:00:00+00:00,,PRE_TRADE_PROJECTED_EQUITY_BREACH
REJECTED,EURUSD,SELL,2020-06-16 14:00:00+00:00,,PRE_TRADE_PROJECTED_EQUITY_BREACH
REJECTED,EURUSD,SELL,2020-06-16 15:00:00+00:00,,PRE_TRADE_PROJECTED_EQUITY_BREACH
REJECTED,GBPUSD,SELL,2020-06-17 03:00:00+00:00,,PRE_TRADE_PROJECTED_EQUITY_BREACH
REJECTED,GBPUSD,SELL,2020-06-17 10:00:00+00:00,,PRE_TRADE_PROJECTED_EQUITY_BREACH
REJECTED,EURUSD,SELL,2020-06-17 14:00:00+00:00,,PRE_TRADE_PROJECTED_EQUITY_BREACH
REJECTED,GBPUSD,SELL,2020-06-18 10:00:00+00:00,,PRE_TRADE_PROJECTED_EQUITY_BREACH
REJECTED,GBPUSD,SELL,2020-06-18 13:00:00+00:00,,PRE_TRADE_PROJECTED_EQUITY_BREACH
REJECTED,EURUSD,SELL,2020-06-18 14:00:00+00:00,,PRE_TRADE_PROJECTED_EQUITY_BREACH
REJECTED,GBPUSD,SELL,2020-06-18 14:00:00+00:00,,PRE_TRADE_PROJECTED_EQUITY_BREACH
REJECTED,GBPUSD,SELL,2020-06-18 15:00:00+00:00,,PRE_TRADE_PROJECTED_EQUITY_BREACH
REJECTED,EURUSD,SELL,2020-06-18 17:00:00+00:00,,PRE_TRADE_PROJECTED_EQUITY_BREACH
REJECTED,GBPUSD,SELL,2020-06-19 11:00:00+00:00,,PRE_TRADE_PROJECTED_EQUITY_BREACH
REJECTED,GBPUSD,SELL,2020-06-19 12:00:00+00:00,,PRE_TRADE_PROJECTED_EQUITY_BREACH
REJECTED,EURUSD,BUY,2020-06-19 13:00:00+00:00,,PRE_TRADE_PROJECTED_EQUITY_BREACH
REJECTED,EURUSD,SELL,2020-06-19 15:00:00+00:00,,PRE_TRADE_PROJECTED_EQUITY_BREACH
REJECTED,GBPUSD,BUY,2020-06-22 08:00:00+00:00,,PRE_TRADE_PROJECTED_EQUITY_BREACH
REJECTED,GBPUSD,BUY,2020-06-22 09:00:00+00:00,,PRE_TRADE_PROJECTED_EQUITY_BREACH
REJECTED,EURUSD,BUY,2020-06-22 14:00:00+00:00,,PRE_TRADE_PROJECTED_EQUITY_BREACH
REJECTED,EURUSD,BUY,2020-06-22 15:00:00+00:00,,PRE_TRADE_PROJECTED_EQUITY_BREACH
REJECTED,GBPUSD,BUY,2020-06-22 15:00:00+00:00,,PRE_TRADE_PROJECTED_EQUITY_BREACH
REJECTED,GBPUSD,BUY,2020-06-22 17:00:00+00:00,,PRE_TRADE_PROJECTED_EQUITY_BREACH
REJECTED,GBPUSD,BUY,2020-06-22 19:00:00+00:00,,PRE_TRADE_PROJECTED_EQUITY_BREACH
REJECTED,EURUSD,BUY,2020-06-22 23:00:00+00:00,,PRE_TRADE_PROJECTED_EQUITY_BREACH
REJECTED,GBPUSD,BUY,2020-06-22 23:00:00+00:00,,PRE_TRADE_PROJECTED_EQUITY_BREACH
REJECTED,EURUSD,BUY,2020-06-23 00:00:00+00:00,,PRE_TRADE_PROJECTED_EQUITY_BREACH
REJECTED,GBPUSD,BUY,2020-06-23 00:00:00+00:00,,PRE_TRADE_PROJECTED_EQUITY_BREACH
REJECTED,EURUSD,BUY,2020-06-23 08:00:00+00:00,,PRE_TRADE_PROJECTED_EQUITY_BREACH
REJECTED,EURUSD,BUY,2020-06-23 13:00:00+00:00,,PRE_TRADE_PROJECTED_EQUITY_BREACH
REJECTED,GBPUSD,BUY,2020-06-23 15:00:00+00:00,,PRE_TRADE_PROJECTED_EQUITY_BREACH
REJECTED,GBPUSD,BUY,2020-06-23 18:00:00+00:00,,PRE_TRADE_PROJECTED_EQUITY_BREACH
REJECTED,EURUSD,SELL,2020-06-24 14:00:00+00:00,,PRE_TRADE_PROJECTED_EQUITY_BREACH
REJECTED,GBPUSD,SELL,2020-06-24 15:00:00+00:00,,PRE_TRADE_PROJECTED_EQUITY_BREACH
REJECTED,GBPUSD,SELL,2020-06-24 16:00:00+00:00,,PRE_TRADE_PROJECTED_EQUITY_BREACH
REJECTED,EURUSD,SELL,2020-06-24 20:00:00+00:00,,PRE_TRADE_PROJECTED_EQUITY_BREACH
REJECTED,EURUSD,SELL,2020-06-24 21:00:00+00:00,,PRE_TRADE_PROJECTED_EQUITY_BREACH
REJECTED,GBPUSD,SELL,2020-06-25 00:00:00+00:00,,PRE_TRADE_PROJECTED_EQUITY_BREACH
REJECTED,EURUSD,SELL,2020-06-25 03:00:00+00:00,,PRE_TRADE_PROJECTED_EQUITY_BREACH
REJECTED,EURUSD,SELL,2020-06-25 04:00:00+00:00,,PRE_TRADE_PROJECTED_EQUITY_BREACH
REJECTED,EURUSD,SELL,2020-06-25 07:00:00+00:00,,PRE_TRADE_PROJECTED_EQUITY_BREACH
REJECTED,EURUSD,SELL,2020-06-25 08:00:00+00:00,,PRE_TRADE_PROJECTED_EQUITY_BREACH
REJECTED,EURUSD,SELL,2020-06-25 11:00:00+00:00,,PRE_TRADE_PROJECTED_EQUITY_BREACH
REJECTED,EURUSD,SELL,2020-06-25 12:00:00+00:00,,PRE_TRADE_PROJECTED_EQUITY_BREACH
REJECTED,EURUSD,BUY,2020-06-26 09:00:00+00:00,,PRE_TRADE_PROJECTED_EQUITY_BREACH
REJECTED,GBPUSD,SELL,2020-06-26 10:00:00+00:00,,PRE_TRADE_PROJECTED_EQUITY_BREACH
REJECTED,GBPUSD,SELL,2020-06-26 13:00:00+00:00,,PRE_TRADE_PROJECTED_EQUITY_BREACH
REJECTED,GBPUSD,SELL,2020-06-26 14:00:00+00:00,,PRE_TRADE_PROJECTED_EQUITY_BREACH
REJECTED,EURUSD,SELL,2020-06-26 15:00:00+00:00,,PRE_TRADE_PROJECTED_EQUITY_BREACH
REJECTED,GBPUSD,SELL,2020-06-26 15:00:00+00:00,,PRE_TRADE_PROJECTED_EQUITY_BREACH
REJECTED,EURUSD,BUY,2020-06-29 03:00:00+00:00,,PRE_TRADE_PROJECTED_EQUITY_BREACH
REJECTED,EURUSD,BUY,2020-06-29 06:00:00+00:00,,PRE_TRADE_PROJECTED_EQUITY_BREACH
REJECTED,EURUSD,BUY,2020-06-29 10:00:00+00:00,,PRE_TRADE_PROJECTED_EQUITY_BREACH
REJECTED,EURUSD,BUY,2020-06-29 11:00:00+00:00,,PRE_TRADE_PROJECTED_EQUITY_BREACH
REJECTED,GBPUSD,SELL,2020-06-29 15:00:00+00:00,,PRE_TRADE_PROJECTED_EQUITY_BREACH
REJECTED,EURUSD,SELL,2020-06-30 07:00:00+00:00,,PRE_TRADE_PROJECTED_EQUITY_BREACH
REJECTED,EURUSD,SELL,2020-06-30 12:00:00+00:00,,PRE_TRADE_PROJECTED_EQUITY_BREACH
REJECTED,GBPUSD,BUY,2020-06-30 15:00:00+00:00,,PRE_TRADE_PROJECTED_EQUITY_BREACH
REJECTED,GBPUSD,BUY,2020-06-30 16:00:00+00:00,,PRE_TRADE_PROJECTED_EQUITY_BREACH
REJECTED,GBPUSD,BUY,2020-06-30 21:00:00+00:00,,PRE_TRADE_PROJECTED_EQUITY_BREACH
REJECTED,GBPUSD,BUY,2020-07-01 14:00:00+00:00,,PRE_TRADE_PROJECTED_EQUITY_BREACH
REJECTED,EURUSD,BUY,2020-07-01 15:00:00+00:00,,PRE_TRADE_PROJECTED_EQUITY_BREACH
REJECTED,GBPUSD,BUY,2020-07-01 15:00:00+00:00,,PRE_TRADE_PROJECTED_EQUITY_BREACH
REJECTED,GBPUSD,BUY,2020-07-01 16:00:00+00:00,,PRE_TRADE_PROJECTED_EQUITY_BREACH
REJECTED,GBPUSD,BUY,2020-07-01 17:00:00+00:00,,PRE_TRADE_PROJECTED_EQUITY_BREACH
REJECTED,GBPUSD,BUY,2020-07-02 05:00:00+00:00,,PRE_TRADE_PROJECTED_EQUITY_BREACH
REJECTED,EURUSD,BUY,2020-07-02 08:00:00+00:00,,PRE_TRADE_PROJECTED_EQUITY_BREACH
REJECTED,EURUSD,BUY,2020-07-02 09:00:00+00:00,,PRE_TRADE_PROJECTED_EQUITY_BREACH
REJECTED,GBPUSD,BUY,2020-07-02 09:00:00+00:00,,PRE_TRADE_PROJECTED_EQUITY_BREACH
REJECTED,EURUSD,SELL,2020-07-02 15:00:00+00:00,,PRE_TRADE_PROJECTED_EQUITY_BREACH
REJECTED,EURUSD,BUY,2020-07-06 01:00:00+00:00,,PRE_TRADE_PROJECTED_EQUITY_BREACH
REJECTED,EURUSD,BUY,2020-07-06 02:00:00+00:00,,PRE_TRADE_PROJECTED_EQUITY_BREACH
REJECTED,EURUSD,BUY,2020-07-06 03:00:00+00:00,,PRE_TRADE_PROJECTED_EQUITY_BREACH
REJECTED,EURUSD,BUY,2020-07-06 04:00:00+00:00,,PRE_TRADE_PROJECTED_EQUITY_BREACH
REJECTED,GBPUSD,BUY,2020-07-06 04:00:00+00:00,,PRE_TRADE_PROJECTED_EQUITY_BREACH
REJECTED,EURUSD,BUY,2020-07-06 05:00:00+00:00,,PRE_TRADE_PROJECTED_EQUITY_BREACH
REJECTED,GBPUSD,BUY,2020-07-06 05:00:00+00:00,,PRE_TRADE_PROJECTED_EQUITY_BREACH
REJECTED,GBPUSD,BUY,2020-07-06 06:00:00+00:00,,PRE_TRADE_PROJECTED_EQUITY_BREACH
REJECTED,GBPUSD,BUY,2020-07-06 07:00:00+00:00,,PRE_TRADE_PROJECTED_EQUITY_BREACH
REJECTED,EURUSD,BUY,2020-07-06 12:00:00+00:00,,PRE_TRADE_PROJECTED_EQUITY_BREACH
REJECTED,EURUSD,BUY,2020-07-06 13:00:00+00:00,,PRE_TRADE_PROJECTED_EQUITY_BREACH
REJECTED,EURUSD,SELL,2020-07-07 08:00:00+00:00,,PRE_TRADE_PROJECTED_EQUITY_BREACH
REJECTED,EURUSD,SELL,2020-07-07 09:00:00+00:00,,PRE_TRADE_PROJECTED_EQUITY_BREACH
REJECTED,GBPUSD,BUY,2020-07-07 13:00:00+00:00,,PRE_TRADE_PROJECTED_EQUITY_BREACH
REJECTED,GBPUSD,BUY,2020-07-07 14:00:00+00:00,,PRE_TRADE_PROJECTED_EQUITY_BREACH
REJECTED,GBPUSD,BUY,2020-07-07 15:00:00+00:00,,PRE_TRADE_PROJECTED_EQUITY_BREACH
REJECTED,EURUSD,BUY,2020-07-08 14:00:00+00:00,,PRE_TRADE_PROJECTED_EQUITY_BREACH
REJECTED,GBPUSD,BUY,2020-07-08 14:00:00+00:00,,PRE_TRADE_PROJECTED_EQUITY_BREACH
REJECTED,GBPUSD,BUY,2020-07-08 15:00:00+00:00,,PRE_TRADE_PROJECTED_EQUITY_BREACH
REJECTED,GBPUSD,BUY,2020-07-08 17:00:00+00:00,,PRE_TRADE_PROJECTED_EQUITY_BREACH
REJECTED,GBPUSD,BUY,2020-07-08 18:00:00+00:00,,PRE_TRADE_PROJECTED_EQUITY_BREACH
REJECTED,GBPUSD,BUY,2020-07-08 19:00:00+00:00,,PRE_TRADE_PROJECTED_EQUITY_BREACH
REJECTED,EURUSD,BUY,2020-07-09 04:00:00+00:00,,PRE_TRADE_PROJECTED_EQUITY_BREACH
REJECTED,GBPUSD,BUY,2020-07-09 04:00:00+00:00,,PRE_TRADE_PROJECTED_EQUITY_BREACH
REJECTED,EURUSD,BUY,2020-07-09 05:00:00+00:00,,PRE_TRADE_PROJECTED_EQUITY_BREACH
REJECTED,GBPUSD,BUY,2020-07-09 05:00:00+00:00,,PRE_TRADE_PROJECTED_EQUITY_BREACH
REJECTED,GBPUSD,BUY,2020-07-09 07:00:00+00:00,,PRE_TRADE_PROJECTED_EQUITY_BREACH
REJECTED,GBPUSD,BUY,2020-07-09 10:00:00+00:00,,PRE_TRADE_PROJECTED_EQUITY_BREACH
REJECTED,EURUSD,SELL,2020-07-09 15:00:00+00:00,,PRE_TRADE_PROJECTED_EQUITY_BREACH
REJECTED,EURUSD,SELL,2020-07-09 20:00:00+00:00,,PRE_TRADE_PROJECTED_EQUITY_BREACH
REJECTED,EURUSD,SELL,2020-07-10 01:00:00+00:00,,PRE_TRADE_PROJECTED_EQUITY_BREACH
REJECTED,GBPUSD,SELL,2020-07-10 01:00:00+00:00,,PRE_TRADE_PROJECTED_EQUITY_BREACH
REJECTED,EURUSD,BUY,2020-07-10 14:00:00+00:00,,PRE_TRADE_PROJECTED_EQUITY_BREACH
REJECTED,GBPUSD,BUY,2020-07-10 14:00:00+00:00,,PRE_TRADE_PROJECTED_EQUITY_BREACH
REJECTED,EURUSD,BUY,2020-07-10 15:00:00+00:00,,PRE_TRADE_PROJECTED_EQUITY_BREACH
REJECTED,GBPUSD,BUY,2020-07-10 15:00:00+00:00,,PRE_TRADE_PROJECTED_EQUITY_BREACH
REJECTED,EURUSD,BUY,2020-07-13 14:00:00+00:00,,PRE_TRADE_PROJECTED_EQUITY_BREACH
REJECTED,EURUSD,BUY,2020-07-13 15:00:00+00:00,,PRE_TRADE_PROJECTED_EQUITY_BREACH
REJECTED,GBPUSD,SELL,2020-07-13 19:00:00+00:00,,PRE_TRADE_PROJECTED_EQUITY_BREACH
REJECTED,GBPUSD,SELL,2020-07-13 20:00:00+00:00,,PRE_TRADE_PROJECTED_EQUITY_BREACH
REJECTED,GBPUSD,SELL,2020-07-14 01:00:00+00:00,,PRE_TRADE_PROJECTED_EQUITY_BREACH
REJECTED,GBPUSD,SELL,2020-07-14 07:00:00+00:00,,PRE_TRADE_PROJECTED_EQUITY_BREACH
REJECTED,GBPUSD,SELL,2020-07-14 08:00:00+00:00,,PRE_TRADE_PROJECTED_EQUITY_BREACH
REJECTED,EURUSD,BUY,2020-07-14 12:00:00+00:00,,PRE_TRADE_PROJECTED_EQUITY_BREACH
REJECTED,EURUSD,BUY,2020-07-14 14:00:00+00:00,,PRE_TRADE_PROJECTED_EQUITY_BREACH
REJECTED,EURUSD,BUY,2020-07-14 15:00:00+00:00,,PRE_TRADE_PROJECTED_EQUITY_BREACH
REJECTED,EURUSD,BUY,2020-07-14 23:00:00+00:00,,PRE_TRADE_PROJECTED_EQUITY_BREACH
REJECTED,GBPUSD,BUY,2020-07-14 23:00:00+00:00,,PRE_TRADE_PROJECTED_EQUITY_BREACH
REJECTED,EURUSD,BUY,2020-07-15 01:00:00+00:00,,PRE_TRADE_PROJECTED_EQUITY_BREACH
REJECTED,GBPUSD,BUY,2020-07-15 07:00:00+00:00,,PRE_TRADE_PROJECTED_EQUITY_BREACH
REJECTED,EURUSD,BUY,2020-07-15 08:00:00+00:00,,PRE_TRADE_PROJECTED_EQUITY_BREACH
REJECTED,GBPUSD,BUY,2020-07-15 08:00:00+00:00,,PRE_TRADE_PROJECTED_EQUITY_BREACH
REJECTED,GBPUSD,BUY,2020-07-15 13:00:00+00:00,,PRE_TRADE_PROJECTED_EQUITY_BREACH
REJECTED,GBPUSD,SELL,2020-07-16 03:00:00+00:00,,PRE_TRADE_PROJECTED_EQUITY_BREACH
REJECTED,GBPUSD,SELL,2020-07-16 07:00:00+00:00,,PRE_TRADE_PROJECTED_EQUITY_BREACH
REJECTED,EURUSD,SELL,2020-07-16 10:00:00+00:00,,PRE_TRADE_PROJECTED_EQUITY_BREACH
REJECTED,GBPUSD,SELL,2020-07-16 10:00:00+00:00,,PRE_TRADE_PROJECTED_EQUITY_BREACH
REJECTED,EURUSD,BUY,2020-07-16 14:00:00+00:00,,PRE_TRADE_PROJECTED_EQUITY_BREACH
REJECTED,GBPUSD,BUY,2020-07-16 15:00:00+00:00,,PRE_TRADE_PROJECTED_EQUITY_BREACH
REJECTED,GBPUSD,BUY,2020-07-16 16:00:00+00:00,,PRE_TRADE_PROJECTED_EQUITY_BREACH
REJECTED,GBPUSD,SELL,2020-07-17 13:00:00+00:00,,PRE_TRADE_PROJECTED_EQUITY_BREACH
REJECTED,EURUSD,BUY,2020-07-17 14:00:00+00:00,,PRE_TRADE_PROJECTED_EQUITY_BREACH
REJECTED,EURUSD,BUY,2020-07-20 06:00:00+00:00,,PRE_TRADE_PROJECTED_EQUITY_BREACH
REJECTED,EURUSD,BUY,2020-07-20 07:00:00+00:00,,PRE_TRADE_PROJECTED_EQUITY_BREACH
REJECTED,GBPUSD,BUY,2020-07-20 09:00:00+00:00,,PRE_TRADE_PROJECTED_EQUITY_BREACH
REJECTED,GBPUSD,BUY,2020-07-20 11:00:00+00:00,,PRE_TRADE_PROJECTED_EQUITY_BREACH
REJECTED,GBPUSD,BUY,2020-07-20 12:00:00+00:00,,PRE_TRADE_PROJECTED_EQUITY_BREACH
REJECTED,GBPUSD,BUY,2020-07-20 15:00:00+00:00,,PRE_TRADE_PROJECTED_EQUITY_BREACH
REJECTED,GBPUSD,BUY,2020-07-20 16:00:00+00:00,,PRE_TRADE_PROJECTED_EQUITY_BREACH
REJECTED,GBPUSD,BUY,2020-07-20 19:00:00+00:00,,PRE_TRADE_PROJECTED_EQUITY_BREACH
REJECTED,GBPUSD,BUY,2020-07-21 01:00:00+00:00,,PRE_TRADE_PROJECTED_EQUITY_BREACH
REJECTED,GBPUSD,BUY,2020-07-21 07:00:00+00:00,,PRE_TRADE_PROJECTED_EQUITY_BREACH
REJECTED,EURUSD,BUY,2020-07-21 15:00:00+00:00,,PRE_TRADE_PROJECTED_EQUITY_BREACH
REJECTED,GBPUSD,BUY,2020-07-21 15:00:00+00:00,,PRE_TRADE_PROJECTED_EQUITY_BREACH
REJECTED,EURUSD,BUY,2020-07-21 16:00:00+00:00,,PRE_TRADE_PROJECTED_EQUITY_BREACH
REJECTED,EURUSD,BUY,2020-07-21 17:00:00+00:00,,PRE_TRADE_PROJECTED_EQUITY_BREACH
REJECTED,EURUSD,BUY,2020-07-21 18:00:00+00:00,,PRE_TRADE_PROJECTED_EQUITY_BREACH
REJECTED,GBPUSD,BUY,2020-07-21 18:00:00+00:00,,PRE_TRADE_PROJECTED_EQUITY_BREACH
REJECTED,EURUSD,BUY,2020-07-22 03:00:00+00:00,,PRE_TRADE_PROJECTED_EQUITY_BREACH
REJECTED,GBPUSD,SELL,2020-07-22 09:00:00+00:00,,PRE_TRADE_PROJECTED_EQUITY_BREACH
REJECTED,EURUSD,BUY,2020-07-22 11:00:00+00:00,,PRE_TRADE_PROJECTED_EQUITY_BREACH
REJECTED,EURUSD,BUY,2020-07-22 13:00:00+00:00,,PRE_TRADE_PROJECTED_EQUITY_BREACH
REJECTED,GBPUSD,BUY,2020-07-23 07:00:00+00:00,,PRE_TRADE_PROJECTED_EQUITY_BREACH
REJECTED,GBPUSD,SELL,2020-07-23 12:00:00+00:00,,PRE_TRADE_PROJECTED_EQUITY_BREACH
REJECTED,EURUSD,SELL,2020-07-23 13:00:00+00:00,,PRE_TRADE_PROJECTED_EQUITY_BREACH
REJECTED,GBPUSD,SELL,2020-07-23 13:00:00+00:00,,PRE_TRADE_PROJECTED_EQUITY_BREACH
REJECTED,EURUSD,BUY,2020-07-23 16:00:00+00:00,,PRE_TRADE_PROJECTED_EQUITY_BREACH
REJECTED,GBPUSD,BUY,2020-07-23 16:00:00+00:00,,PRE_TRADE_PROJECTED_EQUITY_BREACH
REJECTED,EURUSD,BUY,2020-07-24 15:00:00+00:00,,PRE_TRADE_PROJECTED_EQUITY_BREACH
REJECTED,GBPUSD,BUY,2020-07-24 15:00:00+00:00,,PRE_TRADE_PROJECTED_EQUITY_BREACH
REJECTED,EURUSD,BUY,2020-07-24 18:00:00+00:00,,PRE_TRADE_PROJECTED_EQUITY_BREACH
REJECTED,EURUSD,BUY,2020-07-24 21:00:00+00:00,,PRE_TRADE_PROJECTED_EQUITY_BREACH
REJECTED,EURUSD,BUY,2020-07-27 01:00:00+00:00,,PRE_TRADE_PROJECTED_EQUITY_BREACH
REJECTED,GBPUSD,BUY,2020-07-27 01:00:00+00:00,,PRE_TRADE_PROJECTED_EQUITY_BREACH
REJECTED,GBPUSD,BUY,2020-07-27 02:00:00+00:00,,PRE_TRADE_PROJECTED_EQUITY_BREACH
REJECTED,EURUSD,BUY,2020-07-27 03:00:00+00:00,,PRE_TRADE_PROJECTED_EQUITY_BREACH
REJECTED,GBPUSD,BUY,2020-07-27 03:00:00+00:00,,PRE_TRADE_PROJECTED_EQUITY_BREACH
REJECTED,EURUSD,BUY,2020-07-27 11:00:00+00:00,,PRE_TRADE_PROJECTED_EQUITY_BREACH
REJECTED,GBPUSD,BUY,2020-07-27 11:00:00+00:00,,PRE_TRADE_PROJECTED_EQUITY_BREACH
REJECTED,EURUSD,BUY,2020-07-27 12:00:00+00:00,,PRE_TRADE_PROJECTED_EQUITY_BREACH
REJECTED,GBPUSD,BUY,2020-07-27 12:00:00+00:00,,PRE_TRADE_PROJECTED_EQUITY_BREACH
REJECTED,EURUSD,BUY,2020-07-27 15:00:00+00:00,,PRE_TRADE_PROJECTED_EQUITY_BREACH
REJECTED,GBPUSD,BUY,2020-07-27 15:00:00+00:00,,PRE_TRADE_PROJECTED_EQUITY_BREACH
REJECTED,EURUSD,SELL,2020-07-28 08:00:00+00:00,,PRE_TRADE_PROJECTED_EQUITY_BREACH
REJECTED,GBPUSD,BUY,2020-07-28 14:00:00+00:00,,PRE_TRADE_PROJECTED_EQUITY_BREACH
REJECTED,GBPUSD,BUY,2020-07-28 15:00:00+00:00,,PRE_TRADE_PROJECTED_EQUITY_BREACH
REJECTED,GBPUSD,BUY,2020-07-28 16:00:00+00:00,,PRE_TRADE_PROJECTED_EQUITY_BREACH
REJECTED,EURUSD,BUY,2020-07-29 07:00:00+00:00,,PRE_TRADE_PROJECTED_EQUITY_BREACH
REJECTED,EURUSD,BUY,2020-07-29 08:00:00+00:00,,PRE_TRADE_PROJECTED_EQUITY_BREACH
REJECTED,GBPUSD,BUY,2020-07-29 08:00:00+00:00,,PRE_TRADE_PROJECTED_EQUITY_BREACH
REJECTED,GBPUSD,BUY,2020-07-29 14:00:00+00:00,,PRE_TRADE_PROJECTED_EQUITY_BREACH
REJECTED,EURUSD,BUY,2020-07-29 15:00:00+00:00,,PRE_TRADE_PROJECTED_EQUITY_BREACH
REJECTED,EURUSD,BUY,2020-07-29 18:00:00+00:00,,PRE_TRADE_PROJECTED_EQUITY_BREACH
REJECTED,GBPUSD,BUY,2020-07-30 11:00:00+00:00,,PRE_TRADE_PROJECTED_EQUITY_BREACH
REJECTED,GBPUSD,BUY,2020-07-30 12:00:00+00:00,,PRE_TRADE_PROJECTED_EQUITY_BREACH
REJECTED,GBPUSD,BUY,2020-07-30 13:00:00+00:00,,PRE_TRADE_PROJECTED_EQUITY_BREACH
REJECTED,GBPUSD,BUY,2020-07-30 14:00:00+00:00,,PRE_TRADE_PROJECTED_EQUITY_BREACH
REJECTED,EURUSD,BUY,2020-07-30 18:00:00+00:00,,PRE_TRADE_PROJECTED_EQUITY_BREACH
REJECTED,GBPUSD,BUY,2020-07-30 18:00:00+00:00,,PRE_TRADE_PROJECTED_EQUITY_BREACH
REJECTED,EURUSD,BUY,2020-07-30 19:00:00+00:00,,PRE_TRADE_PROJECTED_EQUITY_BREACH
REJECTED,GBPUSD,BUY,2020-07-30 19:00:00+00:00,,PRE_TRADE_PROJECTED_EQUITY_BREACH
REJECTED,EURUSD,BUY,2020-07-30 20:00:00+00:00,,PRE_TRADE_PROJECTED_EQUITY_BREACH
REJECTED,EURUSD,BUY,2020-07-30 21:00:00+00:00,,PRE_TRADE_PROJECTED_EQUITY_BREACH
REJECTED,GBPUSD,BUY,2020-07-30 21:00:00+00:00,,PRE_TRADE_PROJECTED_EQUITY_BREACH
REJECTED,EURUSD,BUY,2020-07-31 00:00:00+00:00,,PRE_TRADE_PROJECTED_EQUITY_BREACH
REJECTED,GBPUSD,BUY,2020-07-31 00:00:00+00:00,,PRE_TRADE_PROJECTED_EQUITY_BREACH
REJECTED,EURUSD,BUY,2020-07-31 03:00:00+00:00,,PRE_TRADE_PROJECTED_EQUITY_BREACH
REJECTED,GBPUSD,BUY,2020-07-31 13:00:00+00:00,,PRE_TRADE_PROJECTED_EQUITY_BREACH
REJECTED,GBPUSD,BUY,2020-07-31 14:00:00+00:00,,PRE_TRADE_PROJECTED_EQUITY_BREACH
REJECTED,EURUSD,SELL,2020-07-31 17:00:00+00:00,,PRE_TRADE_PROJECTED_EQUITY_BREACH
REJECTED,EURUSD,SELL,2020-08-03 01:00:00+00:00,,PRE_TRADE_PROJECTED_EQUITY_BREACH
REJECTED,GBPUSD,SELL,2020-08-03 10:00:00+00:00,,PRE_TRADE_PROJECTED_EQUITY_BREACH
REJECTED,EURUSD,SELL,2020-08-03 11:00:00+00:00,,PRE_TRADE_PROJECTED_EQUITY_BREACH
REJECTED,GBPUSD,SELL,2020-08-03 11:00:00+00:00,,PRE_TRADE_PROJECTED_EQUITY_BREACH
REJECTED,EURUSD,SELL,2020-08-03 13:00:00+00:00,,PRE_TRADE_PROJECTED_EQUITY_BREACH
REJECTED,EURUSD,BUY,2020-08-04 08:00:00+00:00,,PRE_TRADE_PROJECTED_EQUITY_BREACH
REJECTED,GBPUSD,SELL,2020-08-04 12:00:00+00:00,,PRE_TRADE_PROJECTED_EQUITY_BREACH
REJECTED,EURUSD,SELL,2020-08-04 13:00:00+00:00,,PRE_TRADE_PROJECTED_EQUITY_BREACH
REJECTED,GBPUSD,SELL,2020-08-04 13:00:00+00:00,,PRE_TRADE_PROJECTED_EQUITY_BREACH
REJECTED,EURUSD,BUY,2020-08-05 00:00:00+00:00,,PRE_TRADE_PROJECTED_EQUITY_BREACH
REJECTED,EURUSD,BUY,2020-08-05 03:00:00+00:00,,PRE_TRADE_PROJECTED_EQUITY_BREACH
REJECTED,GBPUSD,BUY,2020-08-05 05:00:00+00:00,,PRE_TRADE_PROJECTED_EQUITY_BREACH
REJECTED,EURUSD,BUY,2020-08-05 07:00:00+00:00,,PRE_TRADE_PROJECTED_EQUITY_BREACH
REJECTED,GBPUSD,BUY,2020-08-05 08:00:00+00:00,,PRE_TRADE_PROJECTED_EQUITY_BREACH
REJECTED,EURUSD,BUY,2020-08-05 09:00:00+00:00,,PRE_TRADE_PROJECTED_EQUITY_BREACH
REJECTED,EURUSD,BUY,2020-08-05 10:00:00+00:00,,PRE_TRADE_PROJECTED_EQUITY_BREACH
REJECTED,GBPUSD,BUY,2020-08-05 10:00:00+00:00,,PRE_TRADE_PROJECTED_EQUITY_BREACH
REJECTED,GBPUSD,BUY,2020-08-05 12:00:00+00:00,,PRE_TRADE_PROJECTED_EQUITY_BREACH
REJECTED,EURUSD,BUY,2020-08-05 13:00:00+00:00,,PRE_TRADE_PROJECTED_EQUITY_BREACH
REJECTED,EURUSD,BUY,2020-08-05 14:00:00+00:00,,PRE_TRADE_PROJECTED_EQUITY_BREACH
REJECTED,GBPUSD,BUY,2020-08-05 14:00:00+00:00,,PRE_TRADE_PROJECTED_EQUITY_BREACH
REJECTED,GBPUSD,BUY,2020-08-06 07:00:00+00:00,,PRE_TRADE_PROJECTED_EQUITY_BREACH
REJECTED,GBPUSD,SELL,2020-08-07 03:00:00+00:00,,PRE_TRADE_PROJECTED_EQUITY_BREACH
REJECTED,GBPUSD,SELL,2020-08-07 04:00:00+00:00,,PRE_TRADE_PROJECTED_EQUITY_BREACH
REJECTED,EURUSD,SELL,2020-08-07 10:00:00+00:00,,PRE_TRADE_PROJECTED_EQUITY_BREACH
REJECTED,GBPUSD,SELL,2020-08-07 11:00:00+00:00,,PRE_TRADE_PROJECTED_EQUITY_BREACH
REJECTED,EURUSD,SELL,2020-08-07 14:00:00+00:00,,PRE_TRADE_PROJECTED_EQUITY_BREACH
REJECTED,GBPUSD,SELL,2020-08-07 14:00:00+00:00,,PRE_TRADE_PROJECTED_EQUITY_BREACH
REJECTED,EURUSD,SELL,2020-08-10 11:00:00+00:00,,PRE_TRADE_PROJECTED_EQUITY_BREACH
REJECTED,GBPUSD,BUY,2020-08-10 14:00:00+00:00,,PRE_TRADE_PROJECTED_EQUITY_BREACH
REJECTED,EURUSD,SELL,2020-08-11 01:00:00+00:00,,PRE_TRADE_PROJECTED_EQUITY_BREACH
REJECTED,EURUSD,BUY,2020-08-11 11:00:00+00:00,,PRE_TRADE_PROJECTED_EQUITY_BREACH
REJECTED,GBPUSD,SELL,2020-08-11 20:00:00+00:00,,PRE_TRADE_PROJECTED_EQUITY_BREACH
REJECTED,EURUSD,SELL,2020-08-12 03:00:00+00:00,,PRE_TRADE_PROJECTED_EQUITY_BREACH
REJECTED,GBPUSD,SELL,2020-08-12 03:00:00+00:00,,PRE_TRADE_PROJECTED_EQUITY_BREACH
REJECTED,EURUSD,SELL,2020-08-12 05:00:00+00:00,,PRE_TRADE_PROJECTED_EQUITY_BREACH
REJECTED,EURUSD,BUY,2020-08-12 13:00:00+00:00,,PRE_TRADE_PROJECTED_EQUITY_BREACH
REJECTED,EURUSD,BUY,2020-08-12 15:00:00+00:00,,PRE_TRADE_PROJECTED_EQUITY_BREACH
REJECTED,EURUSD,BUY,2020-08-13 07:00:00+00:00,,PRE_TRADE_PROJECTED_EQUITY_BREACH
REJECTED,GBPUSD,BUY,2020-08-13 08:00:00+00:00,,PRE_TRADE_PROJECTED_EQUITY_BREACH
REJECTED,EURUSD,BUY,2020-08-13 09:00:00+00:00,,PRE_TRADE_PROJECTED_EQUITY_BREACH
REJECTED,GBPUSD,BUY,2020-08-13 09:00:00+00:00,,PRE_TRADE_PROJECTED_EQUITY_BREACH
REJECTED,EURUSD,BUY,2020-08-13 11:00:00+00:00,,PRE_TRADE_PROJECTED_EQUITY_BREACH
REJECTED,GBPUSD,BUY,2020-08-13 11:00:00+00:00,,PRE_TRADE_PROJECTED_EQUITY_BREACH
REJECTED,EURUSD,BUY,2020-08-13 14:00:00+00:00,,PRE_TRADE_PROJECTED_EQUITY_BREACH
REJECTED,GBPUSD,BUY,2020-08-13 14:00:00+00:00,,PRE_TRADE_PROJECTED_EQUITY_BREACH
REJECTED,GBPUSD,BUY,2020-08-14 13:00:00+00:00,,PRE_TRADE_PROJECTED_EQUITY_BREACH
REJECTED,EURUSD,BUY,2020-08-14 14:00:00+00:00,,PRE_TRADE_PROJECTED_EQUITY_BREACH
REJECTED,EURUSD,BUY,2020-08-14 17:00:00+00:00,,PRE_TRADE_PROJECTED_EQUITY_BREACH
REJECTED,EURUSD,BUY,2020-08-17 00:00:00+00:00,,PRE_TRADE_PROJECTED_EQUITY_BREACH
REJECTED,EURUSD,BUY,2020-08-17 03:00:00+00:00,,PRE_TRADE_PROJECTED_EQUITY_BREACH
REJECTED,EURUSD,BUY,2020-08-17 14:00:00+00:00,,PRE_TRADE_PROJECTED_EQUITY_BREACH
REJECTED,EURUSD,BUY,2020-08-18 01:00:00+00:00,,PRE_TRADE_PROJECTED_EQUITY_BREACH
REJECTED,GBPUSD,BUY,2020-08-18 01:00:00+00:00,,PRE_TRADE_PROJECTED_EQUITY_BREACH
REJECTED,GBPUSD,BUY,2020-08-18 07:00:00+00:00,,PRE_TRADE_PROJECTED_EQUITY_BREACH
REJECTED,EURUSD,BUY,2020-08-18 09:00:00+00:00,,PRE_TRADE_PROJECTED_EQUITY_BREACH
REJECTED,EURUSD,BUY,2020-08-18 13:00:00+00:00,,PRE_TRADE_PROJECTED_EQUITY_BREACH
REJECTED,GBPUSD,BUY,2020-08-18 13:00:00+00:00,,PRE_TRADE_PROJECTED_EQUITY_BREACH
REJECTED,EURUSD,BUY,2020-08-18 14:00:00+00:00,,PRE_TRADE_PROJECTED_EQUITY_BREACH
REJECTED,GBPUSD,BUY,2020-08-18 14:00:00+00:00,,PRE_TRADE_PROJECTED_EQUITY_BREACH
REJECTED,GBPUSD,BUY,2020-08-19 00:00:00+00:00,,PRE_TRADE_PROJECTED_EQUITY_BREACH
REJECTED,GBPUSD,BUY,2020-08-19 01:00:00+00:00,,PRE_TRADE_PROJECTED_EQUITY_BREACH
REJECTED,EURUSD,SELL,2020-08-19 15:00:00+00:00,,PRE_TRADE_PROJECTED_EQUITY_BREACH
REJECTED,GBPUSD,SELL,2020-08-19 15:00:00+00:00,,PRE_TRADE_PROJECTED_EQUITY_BREACH
REJECTED,EURUSD,SELL,2020-08-19 17:00:00+00:00,,PRE_TRADE_PROJECTED_EQUITY_BREACH
REJECTED,GBPUSD,SELL,2020-08-19 17:00:00+00:00,,PRE_TRADE_PROJECTED_EQUITY_BREACH
REJECTED,EURUSD,SELL,2020-08-19 19:00:00+00:00,,PRE_TRADE_PROJECTED_EQUITY_BREACH
REJECTED,GBPUSD,SELL,2020-08-19 19:00:00+00:00,,PRE_TRADE_PROJECTED_EQUITY_BREACH
REJECTED,GBPUSD,SELL,2020-08-20 06:00:00+00:00,,PRE_TRADE_PROJECTED_EQUITY_BREACH
REJECTED,GBPUSD,BUY,2020-08-20 16:00:00+00:00,,PRE_TRADE_PROJECTED_EQUITY_BREACH
REJECTED,GBPUSD,BUY,2020-08-20 19:00:00+00:00,,PRE_TRADE_PROJECTED_EQUITY_BREACH
REJECTED,GBPUSD,BUY,2020-08-20 20:00:00+00:00,,PRE_TRADE_PROJECTED_EQUITY_BREACH
REJECTED,EURUSD,BUY,2020-08-21 00:00:00+00:00,,PRE_TRADE_PROJECTED_EQUITY_BREACH
REJECTED,EURUSD,BUY,2020-08-21 01:00:00+00:00,,PRE_TRADE_PROJECTED_EQUITY_BREACH
REJECTED,GBPUSD,BUY,2020-08-21 01:00:00+00:00,,PRE_TRADE_PROJECTED_EQUITY_BREACH
REJECTED,EURUSD,BUY,2020-08-21 05:00:00+00:00,,PRE_TRADE_PROJECTED_EQUITY_BREACH
REJECTED,GBPUSD,BUY,2020-08-21 05:00:00+00:00,,PRE_TRADE_PROJECTED_EQUITY_BREACH
REJECTED,EURUSD,BUY,2020-08-21 06:00:00+00:00,,PRE_TRADE_PROJECTED_EQUITY_BREACH
REJECTED,GBPUSD,BUY,2020-08-21 06:00:00+00:00,,PRE_TRADE_PROJECTED_EQUITY_BREACH
REJECTED,EURUSD,SELL,2020-08-21 12:00:00+00:00,,PRE_TRADE_PROJECTED_EQUITY_BREACH
REJECTED,GBPUSD,SELL,2020-08-21 12:00:00+00:00,,PRE_TRADE_PROJECTED_EQUITY_BREACH
REJECTED,GBPUSD,SELL,2020-08-21 14:00:00+00:00,,PRE_TRADE_PROJECTED_EQUITY_BREACH
REJECTED,EURUSD,BUY,2020-08-24 08:00:00+00:00,,PRE_TRADE_PROJECTED_EQUITY_BREACH
REJECTED,EURUSD,BUY,2020-08-24 09:00:00+00:00,,PRE_TRADE_PROJECTED_EQUITY_BREACH
REJECTED,EURUSD,BUY,2020-08-24 10:00:00+00:00,,PRE_TRADE_PROJECTED_EQUITY_BREACH
REJECTED,GBPUSD,BUY,2020-08-24 10:00:00+00:00,,PRE_TRADE_PROJECTED_EQUITY_BREACH
REJECTED,GBPUSD,BUY,2020-08-24 12:00:00+00:00,,PRE_TRADE_PROJECTED_EQUITY_BREACH
REJECTED,GBPUSD,SELL,2020-08-24 15:00:00+00:00,,PRE_TRADE_PROJECTED_EQUITY_BREACH
REJECTED,GBPUSD,BUY,2020-08-25 11:00:00+00:00,,PRE_TRADE_PROJECTED_EQUITY_BREACH
REJECTED,EURUSD,SELL,2020-08-26 12:00:00+00:00,,PRE_TRADE_PROJECTED_EQUITY_BREACH
REJECTED,EURUSD,SELL,2020-08-26 13:00:00+00:00,,PRE_TRADE_PROJECTED_EQUITY_BREACH
REJECTED,GBPUSD,BUY,2020-08-26 14:00:00+00:00,,PRE_TRADE_PROJECTED_EQUITY_BREACH
REJECTED,GBPUSD,BUY,2020-08-26 15:00:00+00:00,,PRE_TRADE_PROJECTED_EQUITY_BREACH
REJECTED,EURUSD,BUY,2020-08-27 00:00:00+00:00,,PRE_TRADE_PROJECTED_EQUITY_BREACH
REJECTED,EURUSD,SELL,2020-08-27 11:00:00+00:00,,PRE_TRADE_PROJECTED_EQUITY_BREACH
REJECTED,EURUSD,BUY,2020-08-28 09:00:00+00:00,,PRE_TRADE_PROJECTED_EQUITY_BREACH
REJECTED,GBPUSD,BUY,2020-08-28 11:00:00+00:00,,PRE_TRADE_PROJECTED_EQUITY_BREACH
REJECTED,GBPUSD,BUY,2020-08-28 12:00:00+00:00,,PRE_TRADE_PROJECTED_EQUITY_BREACH
REJECTED,GBPUSD,BUY,2020-08-28 15:00:00+00:00,,PRE_TRADE_PROJECTED_EQUITY_BREACH
REJECTED,EURUSD,BUY,2020-08-31 12:00:00+00:00,,PRE_TRADE_PROJECTED_EQUITY_BREACH
REJECTED,EURUSD,BUY,2020-08-31 15:00:00+00:00,,PRE_TRADE_PROJECTED_EQUITY_BREACH
REJECTED,GBPUSD,BUY,2020-08-31 15:00:00+00:00,,PRE_TRADE_PROJECTED_EQUITY_BREACH
REJECTED,EURUSD,BUY,2020-09-01 02:00:00+00:00,,PRE_TRADE_PROJECTED_EQUITY_BREACH
REJECTED,GBPUSD,BUY,2020-09-01 02:00:00+00:00,,PRE_TRADE_PROJECTED_EQUITY_BREACH
REJECTED,EURUSD,BUY,2020-09-01 03:00:00+00:00,,PRE_TRADE_PROJECTED_EQUITY_BREACH
REJECTED,GBPUSD,BUY,2020-09-01 03:00:00+00:00,,PRE_TRADE_PROJECTED_EQUITY_BREACH
REJECTED,GBPUSD,BUY,2020-09-01 06:00:00+00:00,,PRE_TRADE_PROJECTED_EQUITY_BREACH
REJECTED,GBPUSD,BUY,2020-09-01 08:00:00+00:00,,PRE_TRADE_PROJECTED_EQUITY_BREACH
REJECTED,GBPUSD,BUY,2020-09-01 10:00:00+00:00,,PRE_TRADE_PROJECTED_EQUITY_BREACH
REJECTED,GBPUSD,BUY,2020-09-01 11:00:00+00:00,,PRE_TRADE_PROJECTED_EQUITY_BREACH
REJECTED,GBPUSD,BUY,2020-09-01 12:00:00+00:00,,PRE_TRADE_PROJECTED_EQUITY_BREACH
REJECTED,EURUSD,SELL,2020-09-01 18:00:00+00:00,,PRE_TRADE_PROJECTED_EQUITY_BREACH
REJECTED,EURUSD,SELL,2020-09-02 08:00:00+00:00,,PRE_TRADE_PROJECTED_EQUITY_BREACH
REJECTED,GBPUSD,SELL,2020-09-02 08:00:00+00:00,,PRE_TRADE_PROJECTED_EQUITY_BREACH
REJECTED,EURUSD,SELL,2020-09-02 09:00:00+00:00,,PRE_TRADE_PROJECTED_EQUITY_BREACH
REJECTED,EURUSD,SELL,2020-09-02 14:00:00+00:00,,PRE_TRADE_PROJECTED_EQUITY_BREACH
REJECTED,GBPUSD,SELL,2020-09-02 14:00:00+00:00,,PRE_TRADE_PROJECTED_EQUITY_BREACH
REJECTED,EURUSD,SELL,2020-09-03 04:00:00+00:00,,PRE_TRADE_PROJECTED_EQUITY_BREACH
REJECTED,EURUSD,SELL,2020-09-03 05:00:00+00:00,,PRE_TRADE_PROJECTED_EQUITY_BREACH
REJECTED,EURUSD,SELL,2020-09-03 06:00:00+00:00,,PRE_TRADE_PROJECTED_EQUITY_BREACH
REJECTED,GBPUSD,SELL,2020-09-03 10:00:00+00:00,,PRE_TRADE_PROJECTED_EQUITY_BREACH
REJECTED,GBPUSD,SELL,2020-09-03 11:00:00+00:00,,PRE_TRADE_PROJECTED_EQUITY_BREACH
REJECTED,EURUSD,BUY,2020-09-03 19:00:00+00:00,,PRE_TRADE_PROJECTED_EQUITY_BREACH
REJECTED,GBPUSD,BUY,2020-09-04 09:00:00+00:00,,PRE_TRADE_PROJECTED_EQUITY_BREACH
REJECTED,EURUSD,SELL,2020-09-04 13:00:00+00:00,,PRE_TRADE_PROJECTED_EQUITY_BREACH
REJECTED,GBPUSD,SELL,2020-09-04 13:00:00+00:00,,PRE_TRADE_PROJECTED_EQUITY_BREACH
REJECTED,EURUSD,SELL,2020-09-04 14:00:00+00:00,,PRE_TRADE_PROJECTED_EQUITY_BREACH
REJECTED,GBPUSD,SELL,2020-09-04 14:00:00+00:00,,PRE_TRADE_PROJECTED_EQUITY_BREACH
REJECTED,GBPUSD,SELL,2020-09-07 11:00:00+00:00,,PRE_TRADE_PROJECTED_EQUITY_BREACH
REJECTED,EURUSD,SELL,2020-09-08 01:00:00+00:00,,PRE_TRADE_PROJECTED_EQUITY_BREACH
REJECTED,EURUSD,SELL,2020-09-08 02:00:00+00:00,,PRE_TRADE_PROJECTED_EQUITY_BREACH
REJECTED,GBPUSD,SELL,2020-09-08 05:00:00+00:00,,PRE_TRADE_PROJECTED_EQUITY_BREACH
REJECTED,GBPUSD,SELL,2020-09-08 09:00:00+00:00,,PRE_TRADE_PROJECTED_EQUITY_BREACH
REJECTED,EURUSD,SELL,2020-09-08 10:00:00+00:00,,PRE_TRADE_PROJECTED_EQUITY_BREACH
REJECTED,GBPUSD,SELL,2020-09-08 10:00:00+00:00,,PRE_TRADE_PROJECTED_EQUITY_BREACH
REJECTED,GBPUSD,SELL,2020-09-08 11:00:00+00:00,,PRE_TRADE_PROJECTED_EQUITY_BREACH
REJECTED,EURUSD,SELL,2020-09-08 14:00:00+00:00,,PRE_TRADE_PROJECTED_EQUITY_BREACH
REJECTED,GBPUSD,SELL,2020-09-08 19:00:00+00:00,,PRE_TRADE_PROJECTED_EQUITY_BREACH
REJECTED,GBPUSD,SELL,2020-09-08 21:00:00+00:00,,PRE_TRADE_PROJECTED_EQUITY_BREACH
REJECTED,GBPUSD,SELL,2020-09-08 22:00:00+00:00,,PRE_TRADE_PROJECTED_EQUITY_BREACH
REJECTED,GBPUSD,SELL,2020-09-08 23:00:00+00:00,,PRE_TRADE_PROJECTED_EQUITY_BREACH
REJECTED,GBPUSD,SELL,2020-09-09 07:00:00+00:00,,PRE_TRADE_PROJECTED_EQUITY_BREACH
REJECTED,EURUSD,SELL,2020-09-09 11:00:00+00:00,,PRE_TRADE_PROJECTED_EQUITY_BREACH
REJECTED,GBPUSD,SELL,2020-09-09 12:00:00+00:00,,PRE_TRADE_PROJECTED_EQUITY_BREACH
REJECTED,EURUSD,BUY,2020-09-10 12:00:00+00:00,,PRE_TRADE_PROJECTED_EQUITY_BREACH
REJECTED,GBPUSD,SELL,2020-09-10 12:00:00+00:00,,PRE_TRADE_PROJECTED_EQUITY_BREACH
REJECTED,EURUSD,BUY,2020-09-10 13:00:00+00:00,,PRE_TRADE_PROJECTED_EQUITY_BREACH
REJECTED,GBPUSD,SELL,2020-09-10 15:00:00+00:00,,PRE_TRADE_PROJECTED_EQUITY_BREACH
REJECTED,GBPUSD,SELL,2020-09-10 16:00:00+00:00,,PRE_TRADE_PROJECTED_EQUITY_BREACH
REJECTED,GBPUSD,SELL,2020-09-10 17:00:00+00:00,,PRE_TRADE_PROJECTED_EQUITY_BREACH
REJECTED,EURUSD,BUY,2020-09-14 11:00:00+00:00,,PRE_TRADE_PROJECTED_EQUITY_BREACH
REJECTED,GBPUSD,BUY,2020-09-14 11:00:00+00:00,,PRE_TRADE_PROJECTED_EQUITY_BREACH
REJECTED,GBPUSD,BUY,2020-09-14 14:00:00+00:00,,PRE_TRADE_PROJECTED_EQUITY_BREACH
REJECTED,EURUSD,BUY,2020-09-15 04:00:00+00:00,,PRE_TRADE_PROJECTED_EQUITY_BREACH
REJECTED,EURUSD,BUY,2020-09-15 05:00:00+00:00,,PRE_TRADE_PROJECTED_EQUITY_BREACH
REJECTED,EURUSD,BUY,2020-09-15 06:00:00+00:00,,PRE_TRADE_PROJECTED_EQUITY_BREACH
REJECTED,GBPUSD,BUY,2020-09-15 11:00:00+00:00,,PRE_TRADE_PROJECTED_EQUITY_BREACH
REJECTED,EURUSD,SELL,2020-09-15 15:00:00+00:00,,PRE_TRADE_PROJECTED_EQUITY_BREACH
REJECTED,EURUSD,SELL,2020-09-16 01:00:00+00:00,,PRE_TRADE_PROJECTED_EQUITY_BREACH
REJECTED,GBPUSD,BUY,2020-09-16 10:00:00+00:00,,PRE_TRADE_PROJECTED_EQUITY_BREACH
REJECTED,GBPUSD,BUY,2020-09-16 11:00:00+00:00,,PRE_TRADE_PROJECTED_EQUITY_BREACH
REJECTED,GBPUSD,BUY,2020-09-16 12:00:00+00:00,,PRE_TRADE_PROJECTED_EQUITY_BREACH
REJECTED,GBPUSD,BUY,2020-09-16 13:00:00+00:00,,PRE_TRADE_PROJECTED_EQUITY_BREACH
REJECTED,GBPUSD,BUY,2020-09-16 15:00:00+00:00,,PRE_TRADE_PROJECTED_EQUITY_BREACH
REJECTED,EURUSD,SELL,2020-09-16 19:00:00+00:00,,PRE_TRADE_PROJECTED_EQUITY_BREACH
REJECTED,EURUSD,SELL,2020-09-17 01:00:00+00:00,,PRE_TRADE_PROJECTED_EQUITY_BREACH
REJECTED,EURUSD,SELL,2020-09-17 02:00:00+00:00,,PRE_TRADE_PROJECTED_EQUITY_BREACH
REJECTED,EURUSD,SELL,2020-09-17 04:00:00+00:00,,PRE_TRADE_PROJECTED_EQUITY_BREACH
REJECTED,GBPUSD,SELL,2020-09-17 13:00:00+00:00,,PRE_TRADE_PROJECTED_EQUITY_BREACH
REJECTED,EURUSD,BUY,2020-09-17 16:00:00+00:00,,PRE_TRADE_PROJECTED_EQUITY_BREACH
REJECTED,EURUSD,BUY,2020-09-17 18:00:00+00:00,,PRE_TRADE_PROJECTED_EQUITY_BREACH
REJECTED,EURUSD,BUY,2020-09-17 19:00:00+00:00,,PRE_TRADE_PROJECTED_EQUITY_BREACH
REJECTED,EURUSD,BUY,2020-09-17 20:00:00+00:00,,PRE_TRADE_PROJECTED_EQUITY_BREACH
REJECTED,EURUSD,BUY,2020-09-18 07:00:00+00:00,,PRE_TRADE_PROJECTED_EQUITY_BREACH
REJECTED,GBPUSD,SELL,2020-09-21 08:00:00+00:00,,PRE_TRADE_PROJECTED_EQUITY_BREACH
REJECTED,EURUSD,SELL,2020-09-21 09:00:00+00:00,,PRE_TRADE_PROJECTED_EQUITY_BREACH
REJECTED,GBPUSD,SELL,2020-09-21 09:00:00+00:00,,PRE_TRADE_PROJECTED_EQUITY_BREACH
REJECTED,EURUSD,SELL,2020-09-21 10:00:00+00:00,,PRE_TRADE_PROJECTED_EQUITY_BREACH
REJECTED,EURUSD,SELL,2020-09-21 13:00:00+00:00,,PRE_TRADE_PROJECTED_EQUITY_BREACH
REJECTED,EURUSD,SELL,2020-09-21 14:00:00+00:00,,PRE_TRADE_PROJECTED_EQUITY_BREACH
REJECTED,GBPUSD,SELL,2020-09-21 14:00:00+00:00,,PRE_TRADE_PROJECTED_EQUITY_BREACH
REJECTED,EURUSD,SELL,2020-09-21 15:00:00+00:00,,PRE_TRADE_PROJECTED_EQUITY_BREACH
REJECTED,GBPUSD,SELL,2020-09-21 15:00:00+00:00,,PRE_TRADE_PROJECTED_EQUITY_BREACH
REJECTED,EURUSD,SELL,2020-09-22 08:00:00+00:00,,PRE_TRADE_PROJECTED_EQUITY_BREACH
REJECTED,GBPUSD,SELL,2020-09-22 08:00:00+00:00,,PRE_TRADE_PROJECTED_EQUITY_BREACH
REJECTED,GBPUSD,BUY,2020-09-22 11:00:00+00:00,,PRE_TRADE_PROJECTED_EQUITY_BREACH
REJECTED,EURUSD,SELL,2020-09-22 15:00:00+00:00,,PRE_TRADE_PROJECTED_EQUITY_BREACH
REJECTED,EURUSD,SELL,2020-09-22 16:00:00+00:00,,PRE_TRADE_PROJECTED_EQUITY_BREACH
REJECTED,EURUSD,SELL,2020-09-23 01:00:00+00:00,,PRE_TRADE_PROJECTED_EQUITY_BREACH
REJECTED,GBPUSD,SELL,2020-09-23 07:00:00+00:00,,PRE_TRADE_PROJECTED_EQUITY_BREACH
REJECTED,GBPUSD,BUY,2020-09-23 15:00:00+00:00,,PRE_TRADE_PROJECTED_EQUITY_BREACH
REJECTED,EURUSD,SELL,2020-09-23 19:00:00+00:00,,PRE_TRADE_PROJECTED_EQUITY_BREACH
REJECTED,EURUSD,SELL,2020-09-24 10:00:00+00:00,,PRE_TRADE_PROJECTED_EQUITY_BREACH
REJECTED,GBPUSD,BUY,2020-09-25 08:00:00+00:00,,PRE_TRADE_PROJECTED_EQUITY_BREACH
REJECTED,EURUSD,SELL,2020-09-25 12:00:00+00:00,,PRE_TRADE_PROJECTED_EQUITY_BREACH
REJECTED,EURUSD,SELL,2020-09-25 15:00:00+00:00,,PRE_TRADE_PROJECTED_EQUITY_BREACH
REJECTED,GBPUSD,BUY,2020-09-28 07:00:00+00:00,,PRE_TRADE_PROJECTED_EQUITY_BREACH
REJECTED,GBPUSD,BUY,2020-09-28 08:00:00+00:00,,PRE_TRADE_PROJECTED_EQUITY_BREACH
REJECTED,GBPUSD,BUY,2020-09-28 09:00:00+00:00,,PRE_TRADE_PROJECTED_EQUITY_BREACH
REJECTED,EURUSD,BUY,2020-09-28 10:00:00+00:00,,PRE_TRADE_PROJECTED_EQUITY_BREACH
REJECTED,GBPUSD,BUY,2020-09-28 10:00:00+00:00,,PRE_TRADE_PROJECTED_EQUITY_BREACH
REJECTED,EURUSD,BUY,2020-09-28 11:00:00+00:00,,PRE_TRADE_PROJECTED_EQUITY_BREACH
REJECTED,GBPUSD,BUY,2020-09-28 11:00:00+00:00,,PRE_TRADE_PROJECTED_EQUITY_BREACH
REJECTED,EURUSD,BUY,2020-09-28 12:00:00+00:00,,PRE_TRADE_PROJECTED_EQUITY_BREACH
REJECTED,EURUSD,BUY,2020-09-29 10:00:00+00:00,,PRE_TRADE_PROJECTED_EQUITY_BREACH
REJECTED,EURUSD,BUY,2020-09-29 11:00:00+00:00,,PRE_TRADE_PROJECTED_EQUITY_BREACH
REJECTED,EURUSD,BUY,2020-09-29 12:00:00+00:00,,PRE_TRADE_PROJECTED_EQUITY_BREACH
REJECTED,EURUSD,BUY,2020-09-29 14:00:00+00:00,,PRE_TRADE_PROJECTED_EQUITY_BREACH
REJECTED,EURUSD,BUY,2020-09-29 15:00:00+00:00,,PRE_TRADE_PROJECTED_EQUITY_BREACH
REJECTED,GBPUSD,SELL,2020-09-30 08:00:00+00:00,,PRE_TRADE_PROJECTED_EQUITY_BREACH
REJECTED,GBPUSD,BUY,2020-09-30 15:00:00+00:00,,PRE_TRADE_PROJECTED_EQUITY_BREACH
REJECTED,EURUSD,BUY,2020-10-01 07:00:00+00:00,,PRE_TRADE_PROJECTED_EQUITY_BREACH
REJECTED,EURUSD,BUY,2020-10-01 12:00:00+00:00,,PRE_TRADE_PROJECTED_EQUITY_BREACH
REJECTED,GBPUSD,BUY,2020-10-01 12:00:00+00:00,,PRE_TRADE_PROJECTED_EQUITY_BREACH
REJECTED,EURUSD,SELL,2020-10-02 03:00:00+00:00,,PRE_TRADE_PROJECTED_EQUITY_BREACH
REJECTED,EURUSD,SELL,2020-10-02 05:00:00+00:00,,PRE_TRADE_PROJECTED_EQUITY_BREACH
REJECTED,EURUSD,BUY,2020-10-05 09:00:00+00:00,,PRE_TRADE_PROJECTED_EQUITY_BREACH
REJECTED,EURUSD,BUY,2020-10-05 10:00:00+00:00,,PRE_TRADE_PROJECTED_EQUITY_BREACH
REJECTED,EURUSD,BUY,2020-10-05 12:00:00+00:00,,PRE_TRADE_PROJECTED_EQUITY_BREACH
REJECTED,GBPUSD,BUY,2020-10-05 13:00:00+00:00,,PRE_TRADE_PROJECTED_EQUITY_BREACH
REJECTED,EURUSD,BUY,2020-10-05 14:00:00+00:00,,PRE_TRADE_PROJECTED_EQUITY_BREACH
REJECTED,GBPUSD,BUY,2020-10-05 14:00:00+00:00,,PRE_TRADE_PROJECTED_EQUITY_BREACH
REJECTED,GBPUSD,BUY,2020-10-06 00:00:00+00:00,,PRE_TRADE_PROJECTED_EQUITY_BREACH
REJECTED,GBPUSD,SELL,2020-10-06 11:00:00+00:00,,PRE_TRADE_PROJECTED_EQUITY_BREACH
REJECTED,EURUSD,SELL,2020-10-06 19:00:00+00:00,,PRE_TRADE_PROJECTED_EQUITY_BREACH
REJECTED,GBPUSD,SELL,2020-10-06 19:00:00+00:00,,PRE_TRADE_PROJECTED_EQUITY_BREACH
REJECTED,EURUSD,SELL,2020-10-06 21:00:00+00:00,,PRE_TRADE_PROJECTED_EQUITY_BREACH
REJECTED,GBPUSD,SELL,2020-10-06 21:00:00+00:00,,PRE_TRADE_PROJECTED_EQUITY_BREACH
REJECTED,EURUSD,SELL,2020-10-07 02:00:00+00:00,,PRE_TRADE_PROJECTED_EQUITY_BREACH
REJECTED,GBPUSD,SELL,2020-10-07 11:00:00+00:00,,PRE_TRADE_PROJECTED_EQUITY_BREACH
REJECTED,GBPUSD,BUY,2020-10-08 03:00:00+00:00,,PRE_TRADE_PROJECTED_EQUITY_BREACH
REJECTED,GBPUSD,BUY,2020-10-08 06:00:00+00:00,,PRE_TRADE_PROJECTED_EQUITY_BREACH
REJECTED,GBPUSD,BUY,2020-10-08 07:00:00+00:00,,PRE_TRADE_PROJECTED_EQUITY_BREACH
REJECTED,EURUSD,SELL,2020-10-08 14:00:00+00:00,,PRE_TRADE_PROJECTED_EQUITY_BREACH
REJECTED,EURUSD,BUY,2020-10-09 09:00:00+00:00,,PRE_TRADE_PROJECTED_EQUITY_BREACH
REJECTED,EURUSD,BUY,2020-10-09 13:00:00+00:00,,PRE_TRADE_PROJECTED_EQUITY_BREACH
REJECTED,GBPUSD,BUY,2020-10-09 15:00:00+00:00,,PRE_TRADE_PROJECTED_EQUITY_BREACH
REJECTED,GBPUSD,BUY,2020-10-09 16:00:00+00:00,,PRE_TRADE_PROJECTED_EQUITY_BREACH
REJECTED,GBPUSD,BUY,2020-10-09 17:00:00+00:00,,PRE_TRADE_PROJECTED_EQUITY_BREACH
REJECTED,GBPUSD,BUY,2020-10-09 18:00:00+00:00,,PRE_TRADE_PROJECTED_EQUITY_BREACH
REJECTED,GBPUSD,BUY,2020-10-09 20:00:00+00:00,,PRE_TRADE_PROJECTED_EQUITY_BREACH
REJECTED,GBPUSD,BUY,2020-10-12 07:00:00+00:00,,PRE_TRADE_PROJECTED_EQUITY_BREACH
REJECTED,EURUSD,SELL,2020-10-12 12:00:00+00:00,,PRE_TRADE_PROJECTED_EQUITY_BREACH
REJECTED,GBPUSD,BUY,2020-10-12 15:00:00+00:00,,PRE_TRADE_PROJECTED_EQUITY_BREACH
REJECTED,EURUSD,SELL,2020-10-13 08:00:00+00:00,,PRE_TRADE_PROJECTED_EQUITY_BREACH
REJECTED,GBPUSD,SELL,2020-10-13 13:00:00+00:00,,PRE_TRADE_PROJECTED_EQUITY_BREACH
REJECTED,EURUSD,SELL,2020-10-13 14:00:00+00:00,,PRE_TRADE_PROJECTED_EQUITY_BREACH
REJECTED,GBPUSD,SELL,2020-10-13 14:00:00+00:00,,PRE_TRADE_PROJECTED_EQUITY_BREACH
REJECTED,EURUSD,SELL,2020-10-13 15:00:00+00:00,,PRE_TRADE_PROJECTED_EQUITY_BREACH
REJECTED,EURUSD,SELL,2020-10-13 17:00:00+00:00,,PRE_TRADE_PROJECTED_EQUITY_BREACH
REJECTED,GBPUSD,SELL,2020-10-13 17:00:00+00:00,,PRE_TRADE_PROJECTED_EQUITY_BREACH
REJECTED,GBPUSD,SELL,2020-10-13 18:00:00+00:00,,PRE_TRADE_PROJECTED_EQUITY_BREACH
REJECTED,GBPUSD,SELL,2020-10-14 07:00:00+00:00,,PRE_TRADE_PROJECTED_EQUITY_BREACH
REJECTED,GBPUSD,SELL,2020-10-14 08:00:00+00:00,,PRE_TRADE_PROJECTED_EQUITY_BREACH
REJECTED,EURUSD,BUY,2020-10-14 13:00:00+00:00,,PRE_TRADE_PROJECTED_EQUITY_BREACH
REJECTED,GBPUSD,BUY,2020-10-14 13:00:00+00:00,,PRE_TRADE_PROJECTED_EQUITY_BREACH
REJECTED,EURUSD,SELL,2020-10-15 09:00:00+00:00,,PRE_TRADE_PROJECTED_EQUITY_BREACH
REJECTED,GBPUSD,SELL,2020-10-15 09:00:00+00:00,,PRE_TRADE_PROJECTED_EQUITY_BREACH
REJECTED,GBPUSD,SELL,2020-10-15 12:00:00+00:00,,PRE_TRADE_PROJECTED_EQUITY_BREACH
REJECTED,EURUSD,SELL,2020-10-15 13:00:00+00:00,,PRE_TRADE_PROJECTED_EQUITY_BREACH
REJECTED,EURUSD,BUY,2020-10-16 12:00:00+00:00,,PRE_TRADE_PROJECTED_EQUITY_BREACH
REJECTED,GBPUSD,BUY,2020-10-19 08:00:00+00:00,,PRE_TRADE_PROJECTED_EQUITY_BREACH
REJECTED,GBPUSD,BUY,2020-10-19 09:00:00+00:00,,PRE_TRADE_PROJECTED_EQUITY_BREACH
REJECTED,EURUSD,BUY,2020-10-19 10:00:00+00:00,,PRE_TRADE_PROJECTED_EQUITY_BREACH
REJECTED,EURUSD,BUY,2020-10-19 11:00:00+00:00,,PRE_TRADE_PROJECTED_EQUITY_BREACH
REJECTED,EURUSD,BUY,2020-10-19 12:00:00+00:00,,PRE_TRADE_PROJECTED_EQUITY_BREACH
REJECTED,EURUSD,BUY,2020-10-20 10:00:00+00:00,,PRE_TRADE_PROJECTED_EQUITY_BREACH
REJECTED,EURUSD,BUY,2020-10-20 11:00:00+00:00,,PRE_TRADE_PROJECTED_EQUITY_BREACH
REJECTED,EURUSD,BUY,2020-10-20 14:00:00+00:00,,PRE_TRADE_PROJECTED_EQUITY_BREACH
REJECTED,EURUSD,BUY,2020-10-20 15:00:00+00:00,,PRE_TRADE_PROJECTED_EQUITY_BREACH
REJECTED,EURUSD,BUY,2020-10-21 04:00:00+00:00,,PRE_TRADE_PROJECTED_EQUITY_BREACH
REJECTED,EURUSD,BUY,2020-10-21 07:00:00+00:00,,PRE_TRADE_PROJECTED_EQUITY_BREACH
REJECTED,GBPUSD,BUY,2020-10-21 07:00:00+00:00,,PRE_TRADE_PROJECTED_EQUITY_BREACH
REJECTED,EURUSD,BUY,2020-10-21 08:00:00+00:00,,PRE_TRADE_PROJECTED_EQUITY_BREACH
REJECTED,GBPUSD,BUY,2020-10-21 08:00:00+00:00,,PRE_TRADE_PROJECTED_EQUITY_BREACH
REJECTED,GBPUSD,BUY,2020-10-21 11:00:00+00:00,,PRE_TRADE_PROJECTED_EQUITY_BREACH
REJECTED,GBPUSD,BUY,2020-10-21 13:00:00+00:00,,PRE_TRADE_PROJECTED_EQUITY_BREACH
REJECTED,GBPUSD,BUY,2020-10-21 14:00:00+00:00,,PRE_TRADE_PROJECTED_EQUITY_BREACH
REJECTED,EURUSD,BUY,2020-10-21 15:00:00+00:00,,PRE_TRADE_PROJECTED_EQUITY_BREACH
REJECTED,GBPUSD,BUY,2020-10-21 15:00:00+00:00,,PRE_TRADE_PROJECTED_EQUITY_BREACH
REJECTED,EURUSD,SELL,2020-10-22 10:00:00+00:00,,PRE_TRADE_PROJECTED_EQUITY_BREACH
REJECTED,EURUSD,SELL,2020-10-22 12:00:00+00:00,,PRE_TRADE_PROJECTED_EQUITY_BREACH
REJECTED,EURUSD,SELL,2020-10-23 01:00:00+00:00,,PRE_TRADE_PROJECTED_EQUITY_BREACH
REJECTED,EURUSD,BUY,2020-10-23 09:00:00+00:00,,PRE_TRADE_PROJECTED_EQUITY_BREACH
REJECTED,GBPUSD,SELL,2020-10-23 15:00:00+00:00,,PRE_TRADE_PROJECTED_EQUITY_BREACH
REJECTED,EURUSD,BUY,2020-10-23 20:00:00+00:00,,PRE_TRADE_PROJECTED_EQUITY_BREACH
REJECTED,GBPUSD,SELL,2020-10-26 07:00:00+00:00,,PRE_TRADE_PROJECTED_EQUITY_BREACH
REJECTED,EURUSD,SELL,2020-10-26 08:00:00+00:00,,PRE_TRADE_PROJECTED_EQUITY_BREACH
REJECTED,EURUSD,SELL,2020-10-26 09:00:00+00:00,,PRE_TRADE_PROJECTED_EQUITY_BREACH
REJECTED,EURUSD,BUY,2020-10-27 05:00:00+00:00,,PRE_TRADE_PROJECTED_EQUITY_BREACH
REJECTED,GBPUSD,BUY,2020-10-27 11:00:00+00:00,,PRE_TRADE_PROJECTED_EQUITY_BREACH
REJECTED,GBPUSD,BUY,2020-10-27 15:00:00+00:00,,PRE_TRADE_PROJECTED_EQUITY_BREACH
REJECTED,EURUSD,SELL,2020-10-27 20:00:00+00:00,,PRE_TRADE_PROJECTED_EQUITY_BREACH
REJECTED,EURUSD,SELL,2020-10-27 21:00:00+00:00,,PRE_TRADE_PROJECTED_EQUITY_BREACH
REJECTED,EURUSD,SELL,2020-10-27 22:00:00+00:00,,PRE_TRADE_PROJECTED_EQUITY_BREACH
REJECTED,EURUSD,SELL,2020-10-28 06:00:00+00:00,,PRE_TRADE_PROJECTED_EQUITY_BREACH
REJECTED,GBPUSD,SELL,2020-10-28 08:00:00+00:00,,PRE_TRADE_PROJECTED_EQUITY_BREACH
REJECTED,EURUSD,SELL,2020-10-28 09:00:00+00:00,,PRE_TRADE_PROJECTED_EQUITY_BREACH
REJECTED,GBPUSD,SELL,2020-10-28 09:00:00+00:00,,PRE_TRADE_PROJECTED_EQUITY_BREACH
REJECTED,EURUSD,SELL,2020-10-28 10:00:00+00:00,,PRE_TRADE_PROJECTED_EQUITY_BREACH
REJECTED,EURUSD,SELL,2020-10-28 11:00:00+00:00,,PRE_TRADE_PROJECTED_EQUITY_BREACH
REJECTED,GBPUSD,SELL,2020-10-28 11:00:00+00:00,,PRE_TRADE_PROJECTED_EQUITY_BREACH
REJECTED,EURUSD,SELL,2020-10-28 12:00:00+00:00,,PRE_TRADE_PROJECTED_EQUITY_BREACH
REJECTED,GBPUSD,SELL,2020-10-28 12:00:00+00:00,,PRE_TRADE_PROJECTED_EQUITY_BREACH
REJECTED,GBPUSD,BUY,2020-10-29 05:00:00+00:00,,PRE_TRADE_PROJECTED_EQUITY_BREACH
REJECTED,EURUSD,SELL,2020-10-29 10:00:00+00:00,,PRE_TRADE_PROJECTED_EQUITY_BREACH
REJECTED,EURUSD,SELL,2020-10-29 11:00:00+00:00,,PRE_TRADE_PROJECTED_EQUITY_BREACH
REJECTED,GBPUSD,SELL,2020-10-29 11:00:00+00:00,,PRE_TRADE_PROJECTED_EQUITY_BREACH
REJECTED,GBPUSD,SELL,2020-10-29 12:00:00+00:00,,PRE_TRADE_PROJECTED_EQUITY_BREACH
REJECTED,EURUSD,SELL,2020-10-29 13:00:00+00:00,,PRE_TRADE_PROJECTED_EQUITY_BREACH
REJECTED,EURUSD,SELL,2020-10-29 15:00:00+00:00,,PRE_TRADE_PROJECTED_EQUITY_BREACH
REJECTED,GBPUSD,SELL,2020-10-29 15:00:00+00:00,,PRE_TRADE_PROJECTED_EQUITY_BREACH
REJECTED,GBPUSD,BUY,2020-10-30 09:00:00+00:00,,PRE_TRADE_PROJECTED_EQUITY_BREACH
REJECTED,GBPUSD,BUY,2020-10-30 10:00:00+00:00,,PRE_TRADE_PROJECTED_EQUITY_BREACH
REJECTED,GBPUSD,BUY,2020-10-30 11:00:00+00:00,,PRE_TRADE_PROJECTED_EQUITY_BREACH
REJECTED,EURUSD,BUY,2020-10-30 12:00:00+00:00,,PRE_TRADE_PROJECTED_EQUITY_BREACH
REJECTED,EURUSD,SELL,2020-10-30 15:00:00+00:00,,PRE_TRADE_PROJECTED_EQUITY_BREACH
REJECTED,EURUSD,SELL,2020-11-02 04:00:00+00:00,,PRE_TRADE_PROJECTED_EQUITY_BREACH
REJECTED,GBPUSD,SELL,2020-11-02 08:00:00+00:00,,PRE_TRADE_PROJECTED_EQUITY_BREACH
REJECTED,EURUSD,BUY,2020-11-03 06:00:00+00:00,,PRE_TRADE_PROJECTED_EQUITY_BREACH
REJECTED,EURUSD,BUY,2020-11-03 07:00:00+00:00,,PRE_TRADE_PROJECTED_EQUITY_BREACH
REJECTED,GBPUSD,BUY,2020-11-03 07:00:00+00:00,,PRE_TRADE_PROJECTED_EQUITY_BREACH
REJECTED,EURUSD,BUY,2020-11-03 08:00:00+00:00,,PRE_TRADE_PROJECTED_EQUITY_BREACH
REJECTED,GBPUSD,BUY,2020-11-03 08:00:00+00:00,,PRE_TRADE_PROJECTED_EQUITY_BREACH
REJECTED,EURUSD,BUY,2020-11-03 09:00:00+00:00,,PRE_TRADE_PROJECTED_EQUITY_BREACH
REJECTED,GBPUSD,BUY,2020-11-03 09:00:00+00:00,,PRE_TRADE_PROJECTED_EQUITY_BREACH
REJECTED,EURUSD,BUY,2020-11-03 11:00:00+00:00,,PRE_TRADE_PROJECTED_EQUITY_BREACH
REJECTED,GBPUSD,BUY,2020-11-03 14:00:00+00:00,,PRE_TRADE_PROJECTED_EQUITY_BREACH
REJECTED,EURUSD,BUY,2020-11-03 15:00:00+00:00,,PRE_TRADE_PROJECTED_EQUITY_BREACH
REJECTED,GBPUSD,BUY,2020-11-03 15:00:00+00:00,,PRE_TRADE_PROJECTED_EQUITY_BREACH
REJECTED,EURUSD,BUY,2020-11-03 23:00:00+00:00,,PRE_TRADE_PROJECTED_EQUITY_BREACH
REJECTED,GBPUSD,BUY,2020-11-03 23:00:00+00:00,,PRE_TRADE_PROJECTED_EQUITY_BREACH
REJECTED,EURUSD,SELL,2020-11-04 02:00:00+00:00,,PRE_TRADE_PROJECTED_EQUITY_BREACH
REJECTED,EURUSD,BUY,2020-11-05 07:00:00+00:00,,PRE_TRADE_PROJECTED_EQUITY_BREACH
REJECTED,EURUSD,BUY,2020-11-05 08:00:00+00:00,,PRE_TRADE_PROJECTED_EQUITY_BREACH
REJECTED,EURUSD,BUY,2020-11-05 09:00:00+00:00,,PRE_TRADE_PROJECTED_EQUITY_BREACH
REJECTED,GBPUSD,BUY,2020-11-05 09:00:00+00:00,,PRE_TRADE_PROJECTED_EQUITY_BREACH
REJECTED,EURUSD,BUY,2020-11-05 10:00:00+00:00,,PRE_TRADE_PROJECTED_EQUITY_BREACH
REJECTED,GBPUSD,BUY,2020-11-05 10:00:00+00:00,,PRE_TRADE_PROJECTED_EQUITY_BREACH
REJECTED,EURUSD,BUY,2020-11-05 12:00:00+00:00,,PRE_TRADE_PROJECTED_EQUITY_BREACH
REJECTED,GBPUSD,BUY,2020-11-05 12:00:00+00:00,,PRE_TRADE_PROJECTED_EQUITY_BREACH
REJECTED,GBPUSD,BUY,2020-11-05 15:00:00+00:00,,PRE_TRADE_PROJECTED_EQUITY_BREACH
REJECTED,GBPUSD,BUY,2020-11-05 16:00:00+00:00,,PRE_TRADE_PROJECTED_EQUITY_BREACH
REJECTED,GBPUSD,BUY,2020-11-05 19:00:00+00:00,,PRE_TRADE_PROJECTED_EQUITY_BREACH
REJECTED,EURUSD,BUY,2020-11-06 10:00:00+00:00,,PRE_TRADE_PROJECTED_EQUITY_BREACH
REJECTED,EURUSD,BUY,2020-11-06 11:00:00+00:00,,PRE_TRADE_PROJECTED_EQUITY_BREACH
REJECTED,EURUSD,BUY,2020-11-06 13:00:00+00:00,,PRE_TRADE_PROJECTED_EQUITY_BREACH
REJECTED,GBPUSD,BUY,2020-11-06 16:00:00+00:00,,PRE_TRADE_PROJECTED_EQUITY_BREACH
REJECTED,EURUSD,BUY,2020-11-08 23:00:00+00:00,,PRE_TRADE_PROJECTED_EQUITY_BREACH
REJECTED,GBPUSD,BUY,2020-11-08 23:00:00+00:00,,PRE_TRADE_PROJECTED_EQUITY_BREACH
REJECTED,EURUSD,SELL,2020-11-09 15:00:00+00:00,,PRE_TRADE_PROJECTED_EQUITY_BREACH
REJECTED,EURUSD,SELL,2020-11-09 16:00:00+00:00,,PRE_TRADE_PROJECTED_EQUITY_BREACH
REJECTED,GBPUSD,BUY,2020-11-10 08:00:00+00:00,,PRE_TRADE_PROJECTED_EQUITY_BREACH
REJECTED,GBPUSD,BUY,2020-11-10 09:00:00+00:00,,PRE_TRADE_PROJECTED_EQUITY_BREACH
REJECTED,EURUSD,SELL,2020-11-10 10:00:00+00:00,,PRE_TRADE_PROJECTED_EQUITY_BREACH
REJECTED,GBPUSD,BUY,2020-11-10 11:00:00+00:00,,PRE_TRADE_PROJECTED_EQUITY_BREACH
REJECTED,EURUSD,SELL,2020-11-11 08:00:00+00:00,,PRE_TRADE_PROJECTED_EQUITY_BREACH
REJECTED,EURUSD,SELL,2020-11-11 11:00:00+00:00,,PRE_TRADE_PROJECTED_EQUITY_BREACH
REJECTED,EURUSD,SELL,2020-11-11 14:00:00+00:00,,PRE_TRADE_PROJECTED_EQUITY_BREACH
REJECTED,GBPUSD,SELL,2020-11-11 14:00:00+00:00,,PRE_TRADE_PROJECTED_EQUITY_BREACH
REJECTED,GBPUSD,SELL,2020-11-11 15:00:00+00:00,,PRE_TRADE_PROJECTED_EQUITY_BREACH
REJECTED,GBPUSD,SELL,2020-11-12 06:00:00+00:00,,PRE_TRADE_PROJECTED_EQUITY_BREACH
REJECTED,GBPUSD,SELL,2020-11-12 07:00:00+00:00,,PRE_TRADE_PROJECTED_EQUITY_BREACH
REJECTED,EURUSD,BUY,2020-11-12 08:00:00+00:00,,PRE_TRADE_PROJECTED_EQUITY_BREACH
REJECTED,EURUSD,BUY,2020-11-12 09:00:00+00:00,,PRE_TRADE_PROJECTED_EQUITY_BREACH
REJECTED,GBPUSD,SELL,2020-11-12 11:00:00+00:00,,PRE_TRADE_PROJECTED_EQUITY_BREACH
REJECTED,GBPUSD,SELL,2020-11-12 12:00:00+00:00,,PRE_TRADE_PROJECTED_EQUITY_BREACH
REJECTED,GBPUSD,SELL,2020-11-12 15:00:00+00:00,,PRE_TRADE_PROJECTED_EQUITY_BREACH
REJECTED,GBPUSD,SELL,2020-11-12 17:00:00+00:00,,PRE_TRADE_PROJECTED_EQUITY_BREACH
REJECTED,EURUSD,BUY,2020-11-13 09:00:00+00:00,,PRE_TRADE_PROJECTED_EQUITY_BREACH
REJECTED,GBPUSD,BUY,2020-11-13 17:00:00+00:00,,PRE_TRADE_PROJECTED_EQUITY_BREACH
REJECTED,GBPUSD,BUY,2020-11-13 20:00:00+00:00,,PRE_TRADE_PROJECTED_EQUITY_BREACH
REJECTED,GBPUSD,BUY,2020-11-13 21:00:00+00:00,,PRE_TRADE_PROJECTED_EQUITY_BREACH
REJECTED,EURUSD,BUY,2020-11-15 23:00:00+00:00,,PRE_TRADE_PROJECTED_EQUITY_BREACH
REJECTED,GBPUSD,BUY,2020-11-15 23:00:00+00:00,,PRE_TRADE_PROJECTED_EQUITY_BREACH
REJECTED,EURUSD,BUY,2020-11-16 02:00:00+00:00,,PRE_TRADE_PROJECTED_EQUITY_BREACH
REJECTED,GBPUSD,BUY,2020-11-16 02:00:00+00:00,,PRE_TRADE_PROJECTED_EQUITY_BREACH
REJECTED,EURUSD,BUY,2020-11-16 03:00:00+00:00,,PRE_TRADE_PROJECTED_EQUITY_BREACH
REJECTED,GBPUSD,BUY,2020-11-16 03:00:00+00:00,,PRE_TRADE_PROJECTED_EQUITY_BREACH
REJECTED,EURUSD,BUY,2020-11-16 07:00:00+00:00,,PRE_TRADE_PROJECTED_EQUITY_BREACH
REJECTED,EURUSD,BUY,2020-11-16 08:00:00+00:00,,PRE_TRADE_PROJECTED_EQUITY_BREACH
REJECTED,EURUSD,SELL,2020-11-16 13:00:00+00:00,,PRE_TRADE_PROJECTED_EQUITY_BREACH
REJECTED,EURUSD,BUY,2020-11-17 08:00:00+00:00,,PRE_TRADE_PROJECTED_EQUITY_BREACH
REJECTED,GBPUSD,BUY,2020-11-17 10:00:00+00:00,,PRE_TRADE_PROJECTED_EQUITY_BREACH
REJECTED,EURUSD,BUY,2020-11-17 11:00:00+00:00,,PRE_TRADE_PROJECTED_EQUITY_BREACH
REJECTED,GBPUSD,BUY,2020-11-17 11:00:00+00:00,,PRE_TRADE_PROJECTED_EQUITY_BREACH
REJECTED,EURUSD,BUY,2020-11-17 13:00:00+00:00,,PRE_TRADE_PROJECTED_EQUITY_BREACH
REJECTED,GBPUSD,BUY,2020-11-18 07:00:00+00:00,,PRE_TRADE_PROJECTED_EQUITY_BREACH
REJECTED,GBPUSD,BUY,2020-11-18 08:00:00+00:00,,PRE_TRADE_PROJECTED_EQUITY_BREACH
REJECTED,GBPUSD,BUY,2020-11-18 09:00:00+00:00,,PRE_TRADE_PROJECTED_EQUITY_BREACH
REJECTED,GBPUSD,BUY,2020-11-18 15:00:00+00:00,,PRE_TRADE_PROJECTED_EQUITY_BREACH
REJECTED,EURUSD,SELL,2020-11-18 23:00:00+00:00,,PRE_TRADE_PROJECTED_EQUITY_BREACH
REJECTED,EURUSD,SELL,2020-11-19 00:00:00+00:00,,PRE_TRADE_PROJECTED_EQUITY_BREACH
REJECTED,GBPUSD,SELL,2020-11-19 00:00:00+00:00,,PRE_TRADE_PROJECTED_EQUITY_BREACH
REJECTED,EURUSD,SELL,2020-11-19 08:00:00+00:00,,PRE_TRADE_PROJECTED_EQUITY_BREACH
REJECTED,GBPUSD,SELL,2020-11-19 08:00:00+00:00,,PRE_TRADE_PROJECTED_EQUITY_BREACH
REJECTED,EURUSD,BUY,2020-11-19 19:00:00+00:00,,PRE_TRADE_PROJECTED_EQUITY_BREACH
REJECTED,EURUSD,BUY,2020-11-19 20:00:00+00:00,,PRE_TRADE_PROJECTED_EQUITY_BREACH
REJECTED,GBPUSD,BUY,2020-11-19 20:00:00+00:00,,PRE_TRADE_PROJECTED_EQUITY_BREACH
REJECTED,EURUSD,BUY,2020-11-20 04:00:00+00:00,,PRE_TRADE_PROJECTED_EQUITY_BREACH
REJECTED,GBPUSD,BUY,2020-11-22 23:00:00+00:00,,PRE_TRADE_PROJECTED_EQUITY_BREACH
REJECTED,GBPUSD,BUY,2020-11-23 00:00:00+00:00,,PRE_TRADE_PROJECTED_EQUITY_BREACH
REJECTED,GBPUSD,BUY,2020-11-23 01:00:00+00:00,,PRE_TRADE_PROJECTED_EQUITY_BREACH
REJECTED,GBPUSD,BUY,2020-11-23 08:00:00+00:00,,PRE_TRADE_PROJECTED_EQUITY_BREACH
REJECTED,EURUSD,BUY,2020-11-23 10:00:00+00:00,,PRE_TRADE_PROJECTED_EQUITY_BREACH
REJECTED,EURUSD,BUY,2020-11-23 11:00:00+00:00,,PRE_TRADE_PROJECTED_EQUITY_BREACH
REJECTED,GBPUSD,BUY,2020-11-23 12:00:00+00:00,,PRE_TRADE_PROJECTED_EQUITY_BREACH
REJECTED,EURUSD,SELL,2020-11-23 15:00:00+00:00,,PRE_TRADE_PROJECTED_EQUITY_BREACH
REJECTED,EURUSD,BUY,2020-11-24 23:00:00+00:00,,PRE_TRADE_PROJECTED_EQUITY_BREACH
REJECTED,EURUSD,BUY,2020-11-25 03:00:00+00:00,,PRE_TRADE_PROJECTED_EQUITY_BREACH
REJECTED,GBPUSD,BUY,2020-11-25 07:00:00+00:00,,PRE_TRADE_PROJECTED_EQUITY_BREACH
REJECTED,GBPUSD,BUY,2020-11-26 01:00:00+00:00,,PRE_TRADE_PROJECTED_EQUITY_BREACH
REJECTED,EURUSD,BUY,2020-11-26 06:00:00+00:00,,PRE_TRADE_PROJECTED_EQUITY_BREACH
REJECTED,EURUSD,SELL,2020-11-26 12:00:00+00:00,,PRE_TRADE_PROJECTED_EQUITY_BREACH
REJECTED,GBPUSD,SELL,2020-11-26 13:00:00+00:00,,PRE_TRADE_PROJECTED_EQUITY_BREACH
REJECTED,GBPUSD,SELL,2020-11-26 14:00:00+00:00,,PRE_TRADE_PROJECTED_EQUITY_BREACH
REJECTED,EURUSD,BUY,2020-11-27 05:00:00+00:00,,PRE_TRADE_PROJECTED_EQUITY_BREACH
REJECTED,EURUSD,BUY,2020-11-27 08:00:00+00:00,,PRE_TRADE_PROJECTED_EQUITY_BREACH
REJECTED,GBPUSD,SELL,2020-11-27 10:00:00+00:00,,PRE_TRADE_PROJECTED_EQUITY_BREACH
REJECTED,EURUSD,BUY,2020-11-27 13:00:00+00:00,,PRE_TRADE_PROJECTED_EQUITY_BREACH
REJECTED,EURUSD,BUY,2020-11-27 14:00:00+00:00,,PRE_TRADE_PROJECTED_EQUITY_BREACH
REJECTED,EURUSD,BUY,2020-11-27 16:00:00+00:00,,PRE_TRADE_PROJECTED_EQUITY_BREACH
REJECTED,GBPUSD,SELL,2020-11-27 16:00:00+00:00,,PRE_TRADE_PROJECTED_EQUITY_BREACH
REJECTED,EURUSD,BUY,2020-11-29 22:00:00+00:00,,PRE_TRADE_PROJECTED_EQUITY_BREACH
REJECTED,EURUSD,BUY,2020-11-29 23:00:00+00:00,,PRE_TRADE_PROJECTED_EQUITY_BREACH
REJECTED,GBPUSD,BUY,2020-12-01 05:00:00+00:00,,PRE_TRADE_PROJECTED_EQUITY_BREACH
REJECTED,GBPUSD,BUY,2020-12-01 07:00:00+00:00,,PRE_TRADE_PROJECTED_EQUITY_BREACH
REJECTED,EURUSD,BUY,2020-12-01 08:00:00+00:00,,PRE_TRADE_PROJECTED_EQUITY_BREACH
REJECTED,GBPUSD,BUY,2020-12-01 08:00:00+00:00,,PRE_TRADE_PROJECTED_EQUITY_BREACH
REJECTED,EURUSD,BUY,2020-12-01 13:00:00+00:00,,PRE_TRADE_PROJECTED_EQUITY_BREACH
REJECTED,EURUSD,BUY,2020-12-01 14:00:00+00:00,,PRE_TRADE_PROJECTED_EQUITY_BREACH
REJECTED,EURUSD,BUY,2020-12-01 15:00:00+00:00,,PRE_TRADE_PROJECTED_EQUITY_BREACH
REJECTED,EURUSD,BUY,2020-12-01 20:00:00+00:00,,PRE_TRADE_PROJECTED_EQUITY_BREACH
REJECTED,EURUSD,BUY,2020-12-02 03:00:00+00:00,,PRE_TRADE_PROJECTED_EQUITY_BREACH
REJECTED,GBPUSD,SELL,2020-12-02 12:00:00+00:00,,PRE_TRADE_PROJECTED_EQUITY_BREACH
REJECTED,EURUSD,BUY,2020-12-02 21:00:00+00:00,,PRE_TRADE_PROJECTED_EQUITY_BREACH
REJECTED,EURUSD,BUY,2020-12-03 02:00:00+00:00,,PRE_TRADE_PROJECTED_EQUITY_BREACH
REJECTED,EURUSD,BUY,2020-12-03 03:00:00+00:00,,PRE_TRADE_PROJECTED_EQUITY_BREACH
REJECTED,GBPUSD,BUY,2020-12-03 06:00:00+00:00,,PRE_TRADE_PROJECTED_EQUITY_BREACH
REJECTED,GBPUSD,BUY,2020-12-03 10:00:00+00:00,,PRE_TRADE_PROJECTED_EQUITY_BREACH
REJECTED,GBPUSD,BUY,2020-12-03 11:00:00+00:00,,PRE_TRADE_PROJECTED_EQUITY_BREACH
REJECTED,EURUSD,BUY,2020-12-03 12:00:00+00:00,,PRE_TRADE_PROJECTED_EQUITY_BREACH
REJECTED,GBPUSD,BUY,2020-12-03 13:00:00+00:00,,PRE_TRADE_PROJECTED_EQUITY_BREACH
REJECTED,GBPUSD,BUY,2020-12-03 15:00:00+00:00,,PRE_TRADE_PROJECTED_EQUITY_BREACH
REJECTED,GBPUSD,SELL,2020-12-04 08:00:00+00:00,,PRE_TRADE_PROJECTED_EQUITY_BREACH
REJECTED,EURUSD,BUY,2020-12-04 10:00:00+00:00,,PRE_TRADE_PROJECTED_EQUITY_BREACH
REJECTED,GBPUSD,BUY,2020-12-04 13:00:00+00:00,,PRE_TRADE_PROJECTED_EQUITY_BREACH
REJECTED,GBPUSD,BUY,2020-12-04 14:00:00+00:00,,PRE_TRADE_PROJECTED_EQUITY_BREACH
REJECTED,EURUSD,SELL,2020-12-04 20:00:00+00:00,,PRE_TRADE_PROJECTED_EQUITY_BREACH
REJECTED,GBPUSD,SELL,2020-12-07 07:00:00+00:00,,PRE_TRADE_PROJECTED_EQUITY_BREACH
REJECTED,EURUSD,SELL,2020-12-07 08:00:00+00:00,,PRE_TRADE_PROJECTED_EQUITY_BREACH
REJECTED,GBPUSD,SELL,2020-12-07 08:00:00+00:00,,PRE_TRADE_PROJECTED_EQUITY_BREACH
REJECTED,EURUSD,BUY,2020-12-09 06:00:00+00:00,,PRE_TRADE_PROJECTED_EQUITY_BREACH
REJECTED,GBPUSD,BUY,2020-12-09 08:00:00+00:00,,PRE_TRADE_PROJECTED_EQUITY_BREACH
REJECTED,GBPUSD,BUY,2020-12-09 09:00:00+00:00,,PRE_TRADE_PROJECTED_EQUITY_BREACH
REJECTED,GBPUSD,BUY,2020-12-09 10:00:00+00:00,,PRE_TRADE_PROJECTED_EQUITY_BREACH
REJECTED,EURUSD,SELL,2020-12-09 14:00:00+00:00,,PRE_TRADE_PROJECTED_EQUITY_BREACH
REJECTED,EURUSD,SELL,2020-12-09 15:00:00+00:00,,PRE_TRADE_PROJECTED_EQUITY_BREACH
REJECTED,GBPUSD,SELL,2020-12-10 07:00:00+00:00,,PRE_TRADE_PROJECTED_EQUITY_BREACH
REJECTED,GBPUSD,SELL,2020-12-10 11:00:00+00:00,,PRE_TRADE_PROJECTED_EQUITY_BREACH
REJECTED,EURUSD,BUY,2020-12-10 12:00:00+00:00,,PRE_TRADE_PROJECTED_EQUITY_BREACH
REJECTED,EURUSD,BUY,2020-12-10 13:00:00+00:00,,PRE_TRADE_PROJECTED_EQUITY_BREACH
REJECTED,EURUSD,BUY,2020-12-10 14:00:00+00:00,,PRE_TRADE_PROJECTED_EQUITY_BREACH
REJECTED,GBPUSD,SELL,2020-12-11 08:00:00+00:00,,PRE_TRADE_PROJECTED_EQUITY_BREACH
REJECTED,GBPUSD,SELL,2020-12-11 11:00:00+00:00,,PRE_TRADE_PROJECTED_EQUITY_BREACH
REJECTED,GBPUSD,SELL,2020-12-11 12:00:00+00:00,,PRE_TRADE_PROJECTED_EQUITY_BREACH
REJECTED,EURUSD,SELL,2020-12-11 15:00:00+00:00,,PRE_TRADE_PROJECTED_EQUITY_BREACH
REJECTED,GBPUSD,BUY,2020-12-13 22:00:00+00:00,,PRE_TRADE_PROJECTED_EQUITY_BREACH
REJECTED,EURUSD,BUY,2020-12-14 07:00:00+00:00,,PRE_TRADE_PROJECTED_EQUITY_BREACH
REJECTED,GBPUSD,BUY,2020-12-14 07:00:00+00:00,,PRE_TRADE_PROJECTED_EQUITY_BREACH
REJECTED,GBPUSD,BUY,2020-12-14 08:00:00+00:00,,PRE_TRADE_PROJECTED_EQUITY_BREACH
REJECTED,EURUSD,BUY,2020-12-14 09:00:00+00:00,,PRE_TRADE_PROJECTED_EQUITY_BREACH
REJECTED,GBPUSD,BUY,2020-12-14 09:00:00+00:00,,PRE_TRADE_PROJECTED_EQUITY_BREACH
REJECTED,GBPUSD,BUY,2020-12-14 10:00:00+00:00,,PRE_TRADE_PROJECTED_EQUITY_BREACH
REJECTED,EURUSD,BUY,2020-12-14 13:00:00+00:00,,PRE_TRADE_PROJECTED_EQUITY_BREACH
REJECTED,GBPUSD,SELL,2020-12-15 08:00:00+00:00,,PRE_TRADE_PROJECTED_EQUITY_BREACH
REJECTED,GBPUSD,BUY,2020-12-15 15:00:00+00:00,,PRE_TRADE_PROJECTED_EQUITY_BREACH
REJECTED,GBPUSD,BUY,2020-12-15 16:00:00+00:00,,PRE_TRADE_PROJECTED_EQUITY_BREACH
REJECTED,GBPUSD,BUY,2020-12-15 21:00:00+00:00,,PRE_TRADE_PROJECTED_EQUITY_BREACH
REJECTED,GBPUSD,BUY,2020-12-16 07:00:00+00:00,,PRE_TRADE_PROJECTED_EQUITY_BREACH
REJECTED,EURUSD,BUY,2020-12-16 08:00:00+00:00,,PRE_TRADE_PROJECTED_EQUITY_BREACH
REJECTED,GBPUSD,BUY,2020-12-16 08:00:00+00:00,,PRE_TRADE_PROJECTED_EQUITY_BREACH
REJECTED,GBPUSD,BUY,2020-12-16 11:00:00+00:00,,PRE_TRADE_PROJECTED_EQUITY_BREACH
REJECTED,EURUSD,BUY,2020-12-17 04:00:00+00:00,,PRE_TRADE_PROJECTED_EQUITY_BREACH
REJECTED,GBPUSD,BUY,2020-12-17 05:00:00+00:00,,PRE_TRADE_PROJECTED_EQUITY_BREACH
REJECTED,GBPUSD,BUY,2020-12-17 06:00:00+00:00,,PRE_TRADE_PROJECTED_EQUITY_BREACH
REJECTED,GBPUSD,BUY,2020-12-17 07:00:00+00:00,,PRE_TRADE_PROJECTED_EQUITY_BREACH
REJECTED,GBPUSD,BUY,2020-12-17 08:00:00+00:00,,PRE_TRADE_PROJECTED_EQUITY_BREACH
REJECTED,GBPUSD,BUY,2020-12-17 10:00:00+00:00,,PRE_TRADE_PROJECTED_EQUITY_BREACH
REJECTED,GBPUSD,BUY,2020-12-17 11:00:00+00:00,,PRE_TRADE_PROJECTED_EQUITY_BREACH
REJECTED,EURUSD,BUY,2020-12-17 12:00:00+00:00,,PRE_TRADE_PROJECTED_EQUITY_BREACH
REJECTED,GBPUSD,SELL,2020-12-18 02:00:00+00:00,,PRE_TRADE_PROJECTED_EQUITY_BREACH
REJECTED,GBPUSD,SELL,2020-12-18 04:00:00+00:00,,PRE_TRADE_PROJECTED_EQUITY_BREACH
REJECTED,GBPUSD,SELL,2020-12-18 09:00:00+00:00,,PRE_TRADE_PROJECTED_EQUITY_BREACH
REJECTED,EURUSD,SELL,2020-12-18 14:00:00+00:00,,PRE_TRADE_PROJECTED_EQUITY_BREACH
REJECTED,GBPUSD,SELL,2020-12-20 22:00:00+00:00,,PRE_TRADE_PROJECTED_EQUITY_BREACH
REJECTED,EURUSD,SELL,2020-12-20 23:00:00+00:00,,PRE_TRADE_PROJECTED_EQUITY_BREACH
REJECTED,GBPUSD,SELL,2020-12-21 01:00:00+00:00,,PRE_TRADE_PROJECTED_EQUITY_BREACH
REJECTED,EURUSD,SELL,2020-12-21 02:00:00+00:00,,PRE_TRADE_PROJECTED_EQUITY_BREACH
REJECTED,GBPUSD,SELL,2020-12-21 02:00:00+00:00,,PRE_TRADE_PROJECTED_EQUITY_BREACH
REJECTED,EURUSD,SELL,2020-12-21 07:00:00+00:00,,PRE_TRADE_PROJECTED_EQUITY_BREACH
REJECTED,GBPUSD,SELL,2020-12-21 07:00:00+00:00,,PRE_TRADE_PROJECTED_EQUITY_BREACH
REJECTED,GBPUSD,SELL,2020-12-21 09:00:00+00:00,,PRE_TRADE_PROJECTED_EQUITY_BREACH
REJECTED,EURUSD,SELL,2020-12-21 10:00:00+00:00,,PRE_TRADE_PROJECTED_EQUITY_BREACH
REJECTED,EURUSD,BUY,2020-12-21 18:00:00+00:00,,PRE_TRADE_PROJECTED_EQUITY_BREACH
REJECTED,EURUSD,BUY,2020-12-21 19:00:00+00:00,,PRE_TRADE_PROJECTED_EQUITY_BREACH
REJECTED,GBPUSD,BUY,2020-12-21 19:00:00+00:00,,PRE_TRADE_PROJECTED_EQUITY_BREACH
REJECTED,GBPUSD,SELL,2020-12-22 14:00:00+00:00,,PRE_TRADE_PROJECTED_EQUITY_BREACH
REJECTED,EURUSD,SELL,2020-12-22 15:00:00+00:00,,PRE_TRADE_PROJECTED_EQUITY_BREACH
REJECTED,GBPUSD,SELL,2020-12-22 15:00:00+00:00,,PRE_TRADE_PROJECTED_EQUITY_BREACH
REJECTED,GBPUSD,BUY,2020-12-23 13:00:00+00:00,,PRE_TRADE_PROJECTED_EQUITY_BREACH
REJECTED,EURUSD,BUY,2020-12-23 14:00:00+00:00,,PRE_TRADE_PROJECTED_EQUITY_BREACH
REJECTED,GBPUSD,BUY,2020-12-23 14:00:00+00:00,,PRE_TRADE_PROJECTED_EQUITY_BREACH
REJECTED,GBPUSD,BUY,2020-12-24 08:00:00+00:00,,PRE_TRADE_PROJECTED_EQUITY_BREACH
REJECTED,EURUSD,SELL,2020-12-25 00:00:00+00:00,,PRE_TRADE_PROJECTED_EQUITY_BREACH
REJECTED,EURUSD,BUY,2020-12-27 23:00:00+00:00,,PRE_TRADE_PROJECTED_EQUITY_BREACH
REJECTED,EURUSD,BUY,2020-12-28 02:00:00+00:00,,PRE_TRADE_PROJECTED_EQUITY_BREACH
REJECTED,EURUSD,BUY,2020-12-28 05:00:00+00:00,,PRE_TRADE_PROJECTED_EQUITY_BREACH
REJECTED,EURUSD,BUY,2020-12-28 06:00:00+00:00,,PRE_TRADE_PROJECTED_EQUITY_BREACH
REJECTED,EURUSD,BUY,2020-12-28 07:00:00+00:00,,PRE_TRADE_PROJECTED_EQUITY_BREACH
REJECTED,EURUSD,BUY,2020-12-28 08:00:00+00:00,,PRE_TRADE_PROJECTED_EQUITY_BREACH
REJECTED,EURUSD,BUY,2020-12-28 09:00:00+00:00,,PRE_TRADE_PROJECTED_EQUITY_BREACH
REJECTED,GBPUSD,SELL,2020-12-28 10:00:00+00:00,,PRE_TRADE_PROJECTED_EQUITY_BREACH
REJECTED,GBPUSD,SELL,2020-12-28 15:00:00+00:00,,PRE_TRADE_PROJECTED_EQUITY_BREACH
REJECTED,EURUSD,BUY,2020-12-29 14:00:00+00:00,,PRE_TRADE_PROJECTED_EQUITY_BREACH
REJECTED,EURUSD,BUY,2020-12-30 01:00:00+00:00,,PRE_TRADE_PROJECTED_EQUITY_BREACH
REJECTED,GBPUSD,BUY,2020-12-30 01:00:00+00:00,,PRE_TRADE_PROJECTED_EQUITY_BREACH
REJECTED,GBPUSD,BUY,2020-12-30 02:00:00+00:00,,PRE_TRADE_PROJECTED_EQUITY_BREACH
REJECTED,GBPUSD,BUY,2020-12-30 09:00:00+00:00,,PRE_TRADE_PROJECTED_EQUITY_BREACH
REJECTED,GBPUSD,BUY,2020-12-30 10:00:00+00:00,,PRE_TRADE_PROJECTED_EQUITY_BREACH
REJECTED,EURUSD,BUY,2020-12-30 14:00:00+00:00,,PRE_TRADE_PROJECTED_EQUITY_BREACH
REJECTED,GBPUSD,BUY,2020-12-30 23:00:00+00:00,,PRE_TRADE_PROJECTED_EQUITY_BREACH
REJECTED,GBPUSD,BUY,2020-12-31 00:00:00+00:00,,PRE_TRADE_PROJECTED_EQUITY_BREACH
REJECTED,GBPUSD,BUY,2020-12-31 07:00:00+00:00,,PRE_TRADE_PROJECTED_EQUITY_BREACH
REJECTED,GBPUSD,BUY,2020-12-31 08:00:00+00:00,,PRE_TRADE_PROJECTED_EQUITY_BREACH
REJECTED,GBPUSD,BUY,2020-12-31 10:00:00+00:00,,PRE_TRADE_PROJECTED_EQUITY_BREACH
REJECTED,EURUSD,SELL,2020-12-31 15:00:00+00:00,,PRE_TRADE_PROJECTED_EQUITY_BREACH
REJECTED,EURUSD,SELL,2020-12-31 18:00:00+00:00,,PRE_TRADE_PROJECTED_EQUITY_BREACH
REJECTED,EURUSD,SELL,2020-12-31 19:00:00+00:00,,PRE_TRADE_PROJECTED_EQUITY_BREACH
REJECTED,GBPUSD,BUY,2021-01-04 02:00:00+00:00,,PRE_TRADE_PROJECTED_EQUITY_BREACH
REJECTED,GBPUSD,BUY,2021-01-04 03:00:00+00:00,,PRE_TRADE_PROJECTED_EQUITY_BREACH
REJECTED,EURUSD,BUY,2021-01-04 09:00:00+00:00,,PRE_TRADE_PROJECTED_EQUITY_BREACH
REJECTED,EURUSD,BUY,2021-01-04 12:00:00+00:00,,PRE_TRADE_PROJECTED_EQUITY_BREACH
REJECTED,GBPUSD,SELL,2021-01-04 13:00:00+00:00,,PRE_TRADE_PROJECTED_EQUITY_BREACH
REJECTED,GBPUSD,SELL,2021-01-04 14:00:00+00:00,,PRE_TRADE_PROJECTED_EQUITY_BREACH
REJECTED,GBPUSD,SELL,2021-01-04 15:00:00+00:00,,PRE_TRADE_PROJECTED_EQUITY_BREACH
REJECTED,GBPUSD,SELL,2021-01-04 16:00:00+00:00,,PRE_TRADE_PROJECTED_EQUITY_BREACH
REJECTED,EURUSD,BUY,2021-01-05 16:00:00+00:00,,PRE_TRADE_PROJECTED_EQUITY_BREACH
REJECTED,GBPUSD,BUY,2021-01-05 16:00:00+00:00,,PRE_TRADE_PROJECTED_EQUITY_BREACH
REJECTED,EURUSD,BUY,2021-01-05 17:00:00+00:00,,PRE_TRADE_PROJECTED_EQUITY_BREACH
REJECTED,GBPUSD,BUY,2021-01-05 17:00:00+00:00,,PRE_TRADE_PROJECTED_EQUITY_BREACH
REJECTED,EURUSD,BUY,2021-01-06 00:00:00+00:00,,PRE_TRADE_PROJECTED_EQUITY_BREACH
REJECTED,EURUSD,BUY,2021-01-06 07:00:00+00:00,,PRE_TRADE_PROJECTED_EQUITY_BREACH
REJECTED,GBPUSD,BUY,2021-01-06 07:00:00+00:00,,PRE_TRADE_PROJECTED_EQUITY_BREACH
REJECTED,GBPUSD,SELL,2021-01-06 13:00:00+00:00,,PRE_TRADE_PROJECTED_EQUITY_BREACH
REJECTED,EURUSD,SELL,2021-01-07 10:00:00+00:00,,PRE_TRADE_PROJECTED_EQUITY_BREACH
REJECTED,GBPUSD,SELL,2021-01-07 15:00:00+00:00,,PRE_TRADE_PROJECTED_EQUITY_BREACH
REJECTED,EURUSD,SELL,2021-01-08 08:00:00+00:00,,PRE_TRADE_PROJECTED_EQUITY_BREACH
REJECTED,GBPUSD,BUY,2021-01-08 13:00:00+00:00,,PRE_TRADE_PROJECTED_EQUITY_BREACH
REJECTED,EURUSD,SELL,2021-01-08 18:00:00+00:00,,PRE_TRADE_PROJECTED_EQUITY_BREACH
REJECTED,EURUSD,SELL,2021-01-10 23:00:00+00:00,,PRE_TRADE_PROJECTED_EQUITY_BREACH
REJECTED,GBPUSD,SELL,2021-01-10 23:00:00+00:00,,PRE_TRADE_PROJECTED_EQUITY_BREACH
REJECTED,EURUSD,SELL,2021-01-11 01:00:00+00:00,,PRE_TRADE_PROJECTED_EQUITY_BREACH
REJECTED,GBPUSD,SELL,2021-01-11 01:00:00+00:00,,PRE_TRADE_PROJECTED_EQUITY_BREACH
REJECTED,GBPUSD,SELL,2021-01-11 07:00:00+00:00,,PRE_TRADE_PROJECTED_EQUITY_BREACH
REJECTED,EURUSD,SELL,2021-01-11 09:00:00+00:00,,PRE_TRADE_PROJECTED_EQUITY_BREACH
REJECTED,GBPUSD,SELL,2021-01-11 12:00:00+00:00,,PRE_TRADE_PROJECTED_EQUITY_BREACH
REJECTED,EURUSD,SELL,2021-01-11 13:00:00+00:00,,PRE_TRADE_PROJECTED_EQUITY_BREACH
REJECTED,EURUSD,SELL,2021-01-11 14:00:00+00:00,,PRE_TRADE_PROJECTED_EQUITY_BREACH
REJECTED,GBPUSD,SELL,2021-01-11 14:00:00+00:00,,PRE_TRADE_PROJECTED_EQUITY_BREACH
REJECTED,GBPUSD,BUY,2021-01-12 05:00:00+00:00,,PRE_TRADE_PROJECTED_EQUITY_BREACH
REJECTED,GBPUSD,BUY,2021-01-12 06:00:00+00:00,,PRE_TRADE_PROJECTED_EQUITY_BREACH
REJECTED,GBPUSD,BUY,2021-01-12 09:00:00+00:00,,PRE_TRADE_PROJECTED_EQUITY_BREACH
REJECTED,GBPUSD,BUY,2021-01-12 15:00:00+00:00,,PRE_TRADE_PROJECTED_EQUITY_BREACH
REJECTED,GBPUSD,BUY,2021-01-12 16:00:00+00:00,,PRE_TRADE_PROJECTED_EQUITY_BREACH
REJECTED,EURUSD,BUY,2021-01-12 18:00:00+00:00,,PRE_TRADE_PROJECTED_EQUITY_BREACH
REJECTED,GBPUSD,BUY,2021-01-12 18:00:00+00:00,,PRE_TRADE_PROJECTED_EQUITY_BREACH
REJECTED,EURUSD,BUY,2021-01-12 19:00:00+00:00,,PRE_TRADE_PROJECTED_EQUITY_BREACH
REJECTED,GBPUSD,BUY,2021-01-12 19:00:00+00:00,,PRE_TRADE_PROJECTED_EQUITY_BREACH
REJECTED,EURUSD,BUY,2021-01-13 01:00:00+00:00,,PRE_TRADE_PROJECTED_EQUITY_BREACH
REJECTED,GBPUSD,BUY,2021-01-13 03:00:00+00:00,,PRE_TRADE_PROJECTED_EQUITY_BREACH
REJECTED,GBPUSD,SELL,2021-01-13 15:00:00+00:00,,PRE_TRADE_PROJECTED_EQUITY_BREACH
REJECTED,GBPUSD,SELL,2021-01-13 16:00:00+00:00,,PRE_TRADE_PROJECTED_EQUITY_BREACH
REJECTED,EURUSD,SELL,2021-01-14 12:00:00+00:00,,PRE_TRADE_PROJECTED_EQUITY_BREACH
REJECTED,EURUSD,SELL,2021-01-14 13:00:00+00:00,,PRE_TRADE_PROJECTED_EQUITY_BREACH
REJECTED,GBPUSD,BUY,2021-01-14 16:00:00+00:00,,PRE_TRADE_PROJECTED_EQUITY_BREACH
REJECTED,GBPUSD,SELL,2021-01-15 12:00:00+00:00,,PRE_TRADE_PROJECTED_EQUITY_BREACH
REJECTED,GBPUSD,SELL,2021-01-15 13:00:00+00:00,,PRE_TRADE_PROJECTED_EQUITY_BREACH
REJECTED,EURUSD,SELL,2021-01-15 14:00:00+00:00,,PRE_TRADE_PROJECTED_EQUITY_BREACH
REJECTED,GBPUSD,SELL,2021-01-15 14:00:00+00:00,,PRE_TRADE_PROJECTED_EQUITY_BREACH
REJECTED,EURUSD,SELL,2021-01-15 15:00:00+00:00,,PRE_TRADE_PROJECTED_EQUITY_BREACH
REJECTED,GBPUSD,SELL,2021-01-15 15:00:00+00:00,,PRE_TRADE_PROJECTED_EQUITY_BREACH
REJECTED,EURUSD,SELL,2021-01-15 18:00:00+00:00,,PRE_TRADE_PROJECTED_EQUITY_BREACH
REJECTED,EURUSD,SELL,2021-01-15 19:00:00+00:00,,PRE_TRADE_PROJECTED_EQUITY_BREACH
REJECTED,EURUSD,SELL,2021-01-15 21:00:00+00:00,,PRE_TRADE_PROJECTED_EQUITY_BREACH
REJECTED,EURUSD,SELL,2021-01-17 23:00:00+00:00,,PRE_TRADE_PROJECTED_EQUITY_BREACH
REJECTED,GBPUSD,SELL,2021-01-17 23:00:00+00:00,,PRE_TRADE_PROJECTED_EQUITY_BREACH
REJECTED,GBPUSD,SELL,2021-01-18 04:00:00+00:00,,PRE_TRADE_PROJECTED_EQUITY_BREACH
REJECTED,GBPUSD,SELL,2021-01-18 07:00:00+00:00,,PRE_TRADE_PROJECTED_EQUITY_BREACH
REJECTED,GBPUSD,SELL,2021-01-18 08:00:00+00:00,,PRE_TRADE_PROJECTED_EQUITY_BREACH
REJECTED,EURUSD,SELL,2021-01-18 09:00:00+00:00,,PRE_TRADE_PROJECTED_EQUITY_BREACH
REJECTED,GBPUSD,BUY,2021-01-19 00:00:00+00:00,,PRE_TRADE_PROJECTED_EQUITY_BREACH
REJECTED,EURUSD,BUY,2021-01-19 01:00:00+00:00,,PRE_TRADE_PROJECTED_EQUITY_BREACH
REJECTED,GBPUSD,BUY,2021-01-19 01:00:00+00:00,,PRE_TRADE_PROJECTED_EQUITY_BREACH
REJECTED,EURUSD,BUY,2021-01-19 07:00:00+00:00,,PRE_TRADE_PROJECTED_EQUITY_BREACH
REJECTED,EURUSD,BUY,2021-01-19 08:00:00+00:00,,PRE_TRADE_PROJECTED_EQUITY_BREACH
REJECTED,EURUSD,BUY,2021-01-19 10:00:00+00:00,,PRE_TRADE_PROJECTED_EQUITY_BREACH
REJECTED,GBPUSD,BUY,2021-01-19 10:00:00+00:00,,PRE_TRADE_PROJECTED_EQUITY_BREACH
REJECTED,GBPUSD,BUY,2021-01-19 19:00:00+00:00,,PRE_TRADE_PROJECTED_EQUITY_BREACH
REJECTED,GBPUSD,BUY,2021-01-19 23:00:00+00:00,,PRE_TRADE_PROJECTED_EQUITY_BREACH
REJECTED,GBPUSD,BUY,2021-01-20 02:00:00+00:00,,PRE_TRADE_PROJECTED_EQUITY_BREACH
REJECTED,GBPUSD,BUY,2021-01-20 07:00:00+00:00,,PRE_TRADE_PROJECTED_EQUITY_BREACH
REJECTED,GBPUSD,BUY,2021-01-20 08:00:00+00:00,,PRE_TRADE_PROJECTED_EQUITY_BREACH
REJECTED,GBPUSD,BUY,2021-01-20 09:00:00+00:00,,PRE_TRADE_PROJECTED_EQUITY_BREACH
REJECTED,GBPUSD,BUY,2021-01-20 10:00:00+00:00,,PRE_TRADE_PROJECTED_EQUITY_BREACH
REJECTED,EURUSD,SELL,2021-01-20 11:00:00+00:00,,PRE_TRADE_PROJECTED_EQUITY_BREACH
REJECTED,EURUSD,SELL,2021-01-20 12:00:00+00:00,,PRE_TRADE_PROJECTED_EQUITY_BREACH
REJECTED,EURUSD,SELL,2021-01-20 14:00:00+00:00,,PRE_TRADE_PROJECTED_EQUITY_BREACH
REJECTED,GBPUSD,BUY,2021-01-21 08:00:00+00:00,,PRE_TRADE_PROJECTED_EQUITY_BREACH
REJECTED,EURUSD,BUY,2021-01-21 09:00:00+00:00,,PRE_TRADE_PROJECTED_EQUITY_BREACH
REJECTED,GBPUSD,BUY,2021-01-21 09:00:00+00:00,,PRE_TRADE_PROJECTED_EQUITY_BREACH
REJECTED,GBPUSD,SELL,2021-01-22 06:00:00+00:00,,PRE_TRADE_PROJECTED_EQUITY_BREACH
REJECTED,GBPUSD,SELL,2021-01-22 07:00:00+00:00,,PRE_TRADE_PROJECTED_EQUITY_BREACH
REJECTED,EURUSD,BUY,2021-01-22 08:00:00+00:00,,PRE_TRADE_PROJECTED_EQUITY_BREACH
REJECTED,GBPUSD,SELL,2021-01-22 13:00:00+00:00,,PRE_TRADE_PROJECTED_EQUITY_BREACH
REJECTED,GBPUSD,BUY,2021-01-25 05:00:00+00:00,,PRE_TRADE_PROJECTED_EQUITY_BREACH
REJECTED,EURUSD,SELL,2021-01-25 09:00:00+00:00,,PRE_TRADE_PROJECTED_EQUITY_BREACH
REJECTED,EURUSD,SELL,2021-01-25 14:00:00+00:00,,PRE_TRADE_PROJECTED_EQUITY_BREACH
REJECTED,GBPUSD,SELL,2021-01-25 14:00:00+00:00,,PRE_TRADE_PROJECTED_EQUITY_BREACH
REJECTED,GBPUSD,SELL,2021-01-26 06:00:00+00:00,,PRE_TRADE_PROJECTED_EQUITY_BREACH
REJECTED,EURUSD,SELL,2021-01-26 07:00:00+00:00,,PRE_TRADE_PROJECTED_EQUITY_BREACH
REJECTED,GBPUSD,SELL,2021-01-26 07:00:00+00:00,,PRE_TRADE_PROJECTED_EQUITY_BREACH
REJECTED,GBPUSD,BUY,2021-01-26 12:00:00+00:00,,PRE_TRADE_PROJECTED_EQUITY_BREACH
REJECTED,EURUSD,BUY,2021-01-26 13:00:00+00:00,,PRE_TRADE_PROJECTED_EQUITY_BREACH
REJECTED,GBPUSD,BUY,2021-01-26 13:00:00+00:00,,PRE_TRADE_PROJECTED_EQUITY_BREACH
REJECTED,GBPUSD,BUY,2021-01-26 14:00:00+00:00,,PRE_TRADE_PROJECTED_EQUITY_BREACH
REJECTED,EURUSD,BUY,2021-01-26 15:00:00+00:00,,PRE_TRADE_PROJECTED_EQUITY_BREACH
REJECTED,GBPUSD,BUY,2021-01-26 15:00:00+00:00,,PRE_TRADE_PROJECTED_EQUITY_BREACH
REJECTED,GBPUSD,BUY,2021-01-27 07:00:00+00:00,,PRE_TRADE_PROJECTED_EQUITY_BREACH
REJECTED,EURUSD,SELL,2021-01-27 09:00:00+00:00,,PRE_TRADE_PROJECTED_EQUITY_BREACH
REJECTED,EURUSD,SELL,2021-01-27 11:00:00+00:00,,PRE_TRADE_PROJECTED_EQUITY_BREACH
REJECTED,GBPUSD,SELL,2021-01-27 11:00:00+00:00,,PRE_TRADE_PROJECTED_EQUITY_BREACH
REJECTED,EURUSD,SELL,2021-01-27 12:00:00+00:00,,PRE_TRADE_PROJECTED_EQUITY_BREACH
REJECTED,EURUSD,SELL,2021-01-27 14:00:00+00:00,,PRE_TRADE_PROJECTED_EQUITY_BREACH
REJECTED,GBPUSD,SELL,2021-01-27 14:00:00+00:00,,PRE_TRADE_PROJECTED_EQUITY_BREACH
REJECTED,GBPUSD,SELL,2021-01-28 08:00:00+00:00,,PRE_TRADE_PROJECTED_EQUITY_BREACH
REJECTED,GBPUSD,BUY,2021-01-28 18:00:00+00:00,,PRE_TRADE_PROJECTED_EQUITY_BREACH
REJECTED,EURUSD,SELL,2021-02-01 08:00:00+00:00,,PRE_TRADE_PROJECTED_EQUITY_BREACH
REJECTED,EURUSD,SELL,2021-02-01 10:00:00+00:00,,PRE_TRADE_PROJECTED_EQUITY_BREACH
REJECTED,GBPUSD,SELL,2021-02-01 13:00:00+00:00,,PRE_TRADE_PROJECTED_EQUITY_BREACH
REJECTED,GBPUSD,SELL,2021-02-01 15:00:00+00:00,,PRE_TRADE_PROJECTED_EQUITY_BREACH
REJECTED,EURUSD,SELL,2021-02-01 16:00:00+00:00,,PRE_TRADE_PROJECTED_EQUITY_BREACH
REJECTED,EURUSD,SELL,2021-02-01 20:00:00+00:00,,PRE_TRADE_PROJECTED_EQUITY_BREACH
REJECTED,EURUSD,SELL,2021-02-02 10:00:00+00:00,,PRE_TRADE_PROJECTED_EQUITY_BREACH
REJECTED,EURUSD,SELL,2021-02-02 11:00:00+00:00,,PRE_TRADE_PROJECTED_EQUITY_BREACH
REJECTED,EURUSD,SELL,2021-02-02 14:00:00+00:00,,PRE_TRADE_PROJECTED_EQUITY_BREACH
REJECTED,GBPUSD,SELL,2021-02-02 14:00:00+00:00,,PRE_TRADE_PROJECTED_EQUITY_BREACH
REJECTED,EURUSD,SELL,2021-02-02 16:00:00+00:00,,PRE_TRADE_PROJECTED_EQUITY_BREACH
REJECTED,GBPUSD,SELL,2021-02-04 03:00:00+00:00,,PRE_TRADE_PROJECTED_EQUITY_BREACH
REJECTED,GBPUSD,SELL,2021-02-04 05:00:00+00:00,,PRE_TRADE_PROJECTED_EQUITY_BREACH
REJECTED,GBPUSD,SELL,2021-02-04 07:00:00+00:00,,PRE_TRADE_PROJECTED_EQUITY_BREACH
REJECTED,EURUSD,SELL,2021-02-04 08:00:00+00:00,,PRE_TRADE_PROJECTED_EQUITY_BREACH
REJECTED,GBPUSD,SELL,2021-02-04 08:00:00+00:00,,PRE_TRADE_PROJECTED_EQUITY_BREACH
REJECTED,EURUSD,SELL,2021-02-04 09:00:00+00:00,,PRE_TRADE_PROJECTED_EQUITY_BREACH
REJECTED,GBPUSD,SELL,2021-02-04 11:00:00+00:00,,PRE_TRADE_PROJECTED_EQUITY_BREACH
REJECTED,GBPUSD,BUY,2021-02-04 12:00:00+00:00,,PRE_TRADE_PROJECTED_EQUITY_BREACH
REJECTED,GBPUSD,BUY,2021-02-04 13:00:00+00:00,,PRE_TRADE_PROJECTED_EQUITY_BREACH
REJECTED,EURUSD,SELL,2021-02-04 14:00:00+00:00,,PRE_TRADE_PROJECTED_EQUITY_BREACH
REJECTED,EURUSD,SELL,2021-02-04 17:00:00+00:00,,PRE_TRADE_PROJECTED_EQUITY_BREACH
REJECTED,EURUSD,SELL,2021-02-05 02:00:00+00:00,,PRE_TRADE_PROJECTED_EQUITY_BREACH
REJECTED,GBPUSD,BUY,2021-02-05 08:00:00+00:00,,PRE_TRADE_PROJECTED_EQUITY_BREACH
REJECTED,EURUSD,BUY,2021-02-05 12:00:00+00:00,,PRE_TRADE_PROJECTED_EQUITY_BREACH
REJECTED,EURUSD,BUY,2021-02-05 13:00:00+00:00,,PRE_TRADE_PROJECTED_EQUITY_BREACH
REJECTED,GBPUSD,BUY,2021-02-05 14:00:00+00:00,,PRE_TRADE_PROJECTED_EQUITY_BREACH
REJECTED,EURUSD,BUY,2021-02-05 16:00:00+00:00,,PRE_TRADE_PROJECTED_EQUITY_BREACH
REJECTED,EURUSD,BUY,2021-02-05 18:00:00+00:00,,PRE_TRADE_PROJECTED_EQUITY_BREACH
REJECTED,EURUSD,BUY,2021-02-05 20:00:00+00:00,,PRE_TRADE_PROJECTED_EQUITY_BREACH
REJECTED,GBPUSD,SELL,2021-02-08 10:00:00+00:00,,PRE_TRADE_PROJECTED_EQUITY_BREACH
REJECTED,GBPUSD,SELL,2021-02-08 11:00:00+00:00,,PRE_TRADE_PROJECTED_EQUITY_BREACH
REJECTED,EURUSD,BUY,2021-02-08 14:00:00+00:00,,PRE_TRADE_PROJECTED_EQUITY_BREACH
REJECTED,GBPUSD,BUY,2021-02-09 00:00:00+00:00,,PRE_TRADE_PROJECTED_EQUITY_BREACH
REJECTED,GBPUSD,BUY,2021-02-09 01:00:00+00:00,,PRE_TRADE_PROJECTED_EQUITY_BREACH
REJECTED,EURUSD,BUY,2021-02-09 02:00:00+00:00,,PRE_TRADE_PROJECTED_EQUITY_BREACH
REJECTED,GBPUSD,BUY,2021-02-09 02:00:00+00:00,,PRE_TRADE_PROJECTED_EQUITY_BREACH
REJECTED,EURUSD,BUY,2021-02-09 08:00:00+00:00,,PRE_TRADE_PROJECTED_EQUITY_BREACH
REJECTED,EURUSD,BUY,2021-02-09 09:00:00+00:00,,PRE_TRADE_PROJECTED_EQUITY_BREACH
REJECTED,GBPUSD,BUY,2021-02-09 15:00:00+00:00,,PRE_TRADE_PROJECTED_EQUITY_BREACH
REJECTED,GBPUSD,BUY,2021-02-09 18:00:00+00:00,,PRE_TRADE_PROJECTED_EQUITY_BREACH
REJECTED,EURUSD,BUY,2021-02-09 19:00:00+00:00,,PRE_TRADE_PROJECTED_EQUITY_BREACH
REJECTED,GBPUSD,BUY,2021-02-09 19:00:00+00:00,,PRE_TRADE_PROJECTED_EQUITY_BREACH
REJECTED,EURUSD,BUY,2021-02-10 02:00:00+00:00,,PRE_TRADE_PROJECTED_EQUITY_BREACH
REJECTED,GBPUSD,BUY,2021-02-10 02:00:00+00:00,,PRE_TRADE_PROJECTED_EQUITY_BREACH
REJECTED,EURUSD,BUY,2021-02-10 03:00:00+00:00,,PRE_TRADE_PROJECTED_EQUITY_BREACH
REJECTED,EURUSD,BUY,2021-02-10 07:00:00+00:00,,PRE_TRADE_PROJECTED_EQUITY_BREACH
REJECTED,GBPUSD,BUY,2021-02-10 07:00:00+00:00,,PRE_TRADE_PROJECTED_EQUITY_BREACH
REJECTED,EURUSD,BUY,2021-02-10 08:00:00+00:00,,PRE_TRADE_PROJECTED_EQUITY_BREACH
REJECTED,GBPUSD,BUY,2021-02-10 08:00:00+00:00,,PRE_TRADE_PROJECTED_EQUITY_BREACH
REJECTED,GBPUSD,SELL,2021-02-11 08:00:00+00:00,,PRE_TRADE_PROJECTED_EQUITY_BREACH
REJECTED,EURUSD,BUY,2021-02-11 13:00:00+00:00,,PRE_TRADE_PROJECTED_EQUITY_BREACH
REJECTED,GBPUSD,SELL,2021-02-11 14:00:00+00:00,,PRE_TRADE_PROJECTED_EQUITY_BREACH
REJECTED,GBPUSD,SELL,2021-02-12 02:00:00+00:00,,PRE_TRADE_PROJECTED_EQUITY_BREACH
REJECTED,EURUSD,SELL,2021-02-12 07:00:00+00:00,,PRE_TRADE_PROJECTED_EQUITY_BREACH
REJECTED,EURUSD,SELL,2021-02-12 08:00:00+00:00,,PRE_TRADE_PROJECTED_EQUITY_BREACH
REJECTED,GBPUSD,SELL,2021-02-12 08:00:00+00:00,,PRE_TRADE_PROJECTED_EQUITY_BREACH
REJECTED,EURUSD,SELL,2021-02-12 13:00:00+00:00,,PRE_TRADE_PROJECTED_EQUITY_BREACH
REJECTED,GBPUSD,BUY,2021-02-12 14:00:00+00:00,,PRE_TRADE_PROJECTED_EQUITY_BREACH
REJECTED,GBPUSD,BUY,2021-02-12 15:00:00+00:00,,PRE_TRADE_PROJECTED_EQUITY_BREACH
REJECTED,GBPUSD,BUY,2021-02-12 16:00:00+00:00,,PRE_TRADE_PROJECTED_EQUITY_BREACH
REJECTED,GBPUSD,BUY,2021-02-12 17:00:00+00:00,,PRE_TRADE_PROJECTED_EQUITY_BREACH
REJECTED,GBPUSD,BUY,2021-02-14 23:00:00+00:00,,PRE_TRADE_PROJECTED_EQUITY_BREACH
REJECTED,GBPUSD,BUY,2021-02-15 00:00:00+00:00,,PRE_TRADE_PROJECTED_EQUITY_BREACH
REJECTED,GBPUSD,BUY,2021-02-15 01:00:00+00:00,,PRE_TRADE_PROJECTED_EQUITY_BREACH
REJECTED,EURUSD,BUY,2021-02-15 02:00:00+00:00,,PRE_TRADE_PROJECTED_EQUITY_BREACH
REJECTED,GBPUSD,BUY,2021-02-15 02:00:00+00:00,,PRE_TRADE_PROJECTED_EQUITY_BREACH
REJECTED,EURUSD,BUY,2021-02-15 03:00:00+00:00,,PRE_TRADE_PROJECTED_EQUITY_BREACH
REJECTED,EURUSD,BUY,2021-02-15 05:00:00+00:00,,PRE_TRADE_PROJECTED_EQUITY_BREACH
REJECTED,GBPUSD,BUY,2021-02-15 07:00:00+00:00,,PRE_TRADE_PROJECTED_EQUITY_BREACH
REJECTED,GBPUSD,BUY,2021-02-15 16:00:00+00:00,,PRE_TRADE_PROJECTED_EQUITY_BREACH
REJECTED,GBPUSD,BUY,2021-02-16 00:00:00+00:00,,PRE_TRADE_PROJECTED_EQUITY_BREACH
REJECTED,GBPUSD,BUY,2021-02-16 01:00:00+00:00,,PRE_TRADE_PROJECTED_EQUITY_BREACH
REJECTED,GBPUSD,BUY,2021-02-16 02:00:00+00:00,,PRE_TRADE_PROJECTED_EQUITY_BREACH
REJECTED,EURUSD,BUY,2021-02-16 08:00:00+00:00,,PRE_TRADE_PROJECTED_EQUITY_BREACH
REJECTED,EURUSD,BUY,2021-02-16 10:00:00+00:00,,PRE_TRADE_PROJECTED_EQUITY_BREACH
REJECTED,EURUSD,SELL,2021-02-16 13:00:00+00:00,,PRE_TRADE_PROJECTED_EQUITY_BREACH
REJECTED,GBPUSD,SELL,2021-02-16 13:00:00+00:00,,PRE_TRADE_PROJECTED_EQUITY_BREACH
REJECTED,EURUSD,SELL,2021-02-16 14:00:00+00:00,,PRE_TRADE_PROJECTED_EQUITY_BREACH
REJECTED,GBPUSD,SELL,2021-02-16 14:00:00+00:00,,PRE_TRADE_PROJECTED_EQUITY_BREACH
REJECTED,EURUSD,SELL,2021-02-16 23:00:00+00:00,,PRE_TRADE_PROJECTED_EQUITY_BREACH
REJECTED,GBPUSD,SELL,2021-02-17 00:00:00+00:00,,PRE_TRADE_PROJECTED_EQUITY_BREACH
REJECTED,EURUSD,SELL,2021-02-17 07:00:00+00:00,,PRE_TRADE_PROJECTED_EQUITY_BREACH
REJECTED,GBPUSD,SELL,2021-02-17 11:00:00+00:00,,PRE_TRADE_PROJECTED_EQUITY_BREACH
REJECTED,EURUSD,SELL,2021-02-17 13:00:00+00:00,,PRE_TRADE_PROJECTED_EQUITY_BREACH
REJECTED,GBPUSD,SELL,2021-02-17 13:00:00+00:00,,PRE_TRADE_PROJECTED_EQUITY_BREACH
REJECTED,EURUSD,BUY,2021-02-18 08:00:00+00:00,,PRE_TRADE_PROJECTED_EQUITY_BREACH
REJECTED,GBPUSD,BUY,2021-02-18 08:00:00+00:00,,PRE_TRADE_PROJECTED_EQUITY_BREACH
REJECTED,EURUSD,BUY,2021-02-18 09:00:00+00:00,,PRE_TRADE_PROJECTED_EQUITY_BREACH
REJECTED,GBPUSD,BUY,2021-02-18 09:00:00+00:00,,PRE_TRADE_PROJECTED_EQUITY_BREACH
REJECTED,GBPUSD,BUY,2021-02-18 11:00:00+00:00,,PRE_TRADE_PROJECTED_EQUITY_BREACH
REJECTED,EURUSD,BUY,2021-02-18 12:00:00+00:00,,PRE_TRADE_PROJECTED_EQUITY_BREACH
REJECTED,GBPUSD,BUY,2021-02-18 12:00:00+00:00,,PRE_TRADE_PROJECTED_EQUITY_BREACH
REJECTED,GBPUSD,BUY,2021-02-18 13:00:00+00:00,,PRE_TRADE_PROJECTED_EQUITY_BREACH
REJECTED,EURUSD,BUY,2021-02-18 20:00:00+00:00,,PRE_TRADE_PROJECTED_EQUITY_BREACH
REJECTED,EURUSD,BUY,2021-02-19 00:00:00+00:00,,PRE_TRADE_PROJECTED_EQUITY_BREACH
REJECTED,EURUSD,BUY,2021-02-19 07:00:00+00:00,,PRE_TRADE_PROJECTED_EQUITY_BREACH
REJECTED,EURUSD,BUY,2021-02-19 08:00:00+00:00,,PRE_TRADE_PROJECTED_EQUITY_BREACH
REJECTED,GBPUSD,BUY,2021-02-19 08:00:00+00:00,,PRE_TRADE_PROJECTED_EQUITY_BREACH
REJECTED,EURUSD,BUY,2021-02-19 09:00:00+00:00,,PRE_TRADE_PROJECTED_EQUITY_BREACH
REJECTED,EURUSD,BUY,2021-02-19 10:00:00+00:00,,PRE_TRADE_PROJECTED_EQUITY_BREACH
REJECTED,GBPUSD,BUY,2021-02-19 12:00:00+00:00,,PRE_TRADE_PROJECTED_EQUITY_BREACH
REJECTED,GBPUSD,BUY,2021-02-19 13:00:00+00:00,,PRE_TRADE_PROJECTED_EQUITY_BREACH
REJECTED,EURUSD,SELL,2021-02-22 08:00:00+00:00,,PRE_TRADE_PROJECTED_EQUITY_BREACH
REJECTED,EURUSD,BUY,2021-02-22 13:00:00+00:00,,PRE_TRADE_PROJECTED_EQUITY_BREACH
REJECTED,EURUSD,BUY,2021-02-22 16:00:00+00:00,,PRE_TRADE_PROJECTED_EQUITY_BREACH
REJECTED,GBPUSD,BUY,2021-02-22 16:00:00+00:00,,PRE_TRADE_PROJECTED_EQUITY_BREACH
REJECTED,EURUSD,BUY,2021-02-22 17:00:00+00:00,,PRE_TRADE_PROJECTED_EQUITY_BREACH
REJECTED,GBPUSD,BUY,2021-02-22 17:00:00+00:00,,PRE_TRADE_PROJECTED_EQUITY_BREACH
REJECTED,EURUSD,BUY,2021-02-23 00:00:00+00:00,,PRE_TRADE_PROJECTED_EQUITY_BREACH
REJECTED,EURUSD,BUY,2021-02-23 01:00:00+00:00,,PRE_TRADE_PROJECTED_EQUITY_BREACH
REJECTED,GBPUSD,BUY,2021-02-23 08:00:00+00:00,,PRE_TRADE_PROJECTED_EQUITY_BREACH
REJECTED,GBPUSD,BUY,2021-02-23 15:00:00+00:00,,PRE_TRADE_PROJECTED_EQUITY_BREACH
REJECTED,GBPUSD,BUY,2021-02-23 23:00:00+00:00,,PRE_TRADE_PROJECTED_EQUITY_BREACH
REJECTED,GBPUSD,BUY,2021-02-24 00:00:00+00:00,,PRE_TRADE_PROJECTED_EQUITY_BREACH
REJECTED,GBPUSD,BUY,2021-02-24 01:00:00+00:00,,PRE_TRADE_PROJECTED_EQUITY_BREACH
REJECTED,EURUSD,BUY,2021-02-24 08:00:00+00:00,,PRE_TRADE_PROJECTED_EQUITY_BREACH
REJECTED,EURUSD,SELL,2021-02-24 13:00:00+00:00,,PRE_TRADE_PROJECTED_EQUITY_BREACH
REJECTED,EURUSD,SELL,2021-02-24 15:00:00+00:00,,PRE_TRADE_PROJECTED_EQUITY_BREACH
REJECTED,EURUSD,BUY,2021-02-25 04:00:00+00:00,,PRE_TRADE_PROJECTED_EQUITY_BREACH
REJECTED,EURUSD,BUY,2021-02-25 05:00:00+00:00,,PRE_TRADE_PROJECTED_EQUITY_BREACH
REJECTED,EURUSD,BUY,2021-02-25 07:00:00+00:00,,PRE_TRADE_PROJECTED_EQUITY_BREACH
REJECTED,EURUSD,BUY,2021-02-25 08:00:00+00:00,,PRE_TRADE_PROJECTED_EQUITY_BREACH
REJECTED,EURUSD,BUY,2021-02-25 09:00:00+00:00,,PRE_TRADE_PROJECTED_EQUITY_BREACH
REJECTED,GBPUSD,BUY,2021-02-25 09:00:00+00:00,,PRE_TRADE_PROJECTED_EQUITY_BREACH
REJECTED,EURUSD,BUY,2021-02-25 10:00:00+00:00,,PRE_TRADE_PROJECTED_EQUITY_BREACH
REJECTED,EURUSD,BUY,2021-02-25 14:00:00+00:00,,PRE_TRADE_PROJECTED_EQUITY_BREACH
REJECTED,GBPUSD,SELL,2021-02-25 16:00:00+00:00,,PRE_TRADE_PROJECTED_EQUITY_BREACH
REJECTED,GBPUSD,SELL,2021-02-25 17:00:00+00:00,,PRE_TRADE_PROJECTED_EQUITY_BREACH
REJECTED,GBPUSD,SELL,2021-02-25 18:00:00+00:00,,PRE_TRADE_PROJECTED_EQUITY_BREACH
REJECTED,EURUSD,SELL,2021-02-25 23:00:00+00:00,,PRE_TRADE_PROJECTED_EQUITY_BREACH
REJECTED,EURUSD,SELL,2021-02-26 00:00:00+00:00,,PRE_TRADE_PROJECTED_EQUITY_BREACH
REJECTED,GBPUSD,SELL,2021-02-26 00:00:00+00:00,,PRE_TRADE_PROJECTED_EQUITY_BREACH
REJECTED,EURUSD,SELL,2021-02-26 07:00:00+00:00,,PRE_TRADE_PROJECTED_EQUITY_BREACH
REJECTED,GBPUSD,SELL,2021-02-26 07:00:00+00:00,,PRE_TRADE_PROJECTED_EQUITY_BREACH
REJECTED,EURUSD,SELL,2021-02-26 09:00:00+00:00,,PRE_TRADE_PROJECTED_EQUITY_BREACH
REJECTED,EURUSD,SELL,2021-02-26 10:00:00+00:00,,PRE_TRADE_PROJECTED_EQUITY_BREACH
REJECTED,GBPUSD,SELL,2021-02-26 10:00:00+00:00,,PRE_TRADE_PROJECTED_EQUITY_BREACH
REJECTED,EURUSD,SELL,2021-02-26 11:00:00+00:00,,PRE_TRADE_PROJECTED_EQUITY_BREACH
REJECTED,EURUSD,SELL,2021-02-26 16:00:00+00:00,,PRE_TRADE_PROJECTED_EQUITY_BREACH
REJECTED,EURUSD,SELL,2021-02-26 17:00:00+00:00,,PRE_TRADE_PROJECTED_EQUITY_BREACH
REJECTED,EURUSD,SELL,2021-02-26 20:00:00+00:00,,PRE_TRADE_PROJECTED_EQUITY_BREACH
REJECTED,EURUSD,SELL,2021-03-01 08:00:00+00:00,,PRE_TRADE_PROJECTED_EQUITY_BREACH
REJECTED,EURUSD,SELL,2021-03-01 09:00:00+00:00,,PRE_TRADE_PROJECTED_EQUITY_BREACH
REJECTED,EURUSD,SELL,2021-03-02 02:00:00+00:00,,PRE_TRADE_PROJECTED_EQUITY_BREACH
REJECTED,GBPUSD,SELL,2021-03-02 02:00:00+00:00,,PRE_TRADE_PROJECTED_EQUITY_BREACH
REJECTED,GBPUSD,SELL,2021-03-02 04:00:00+00:00,,PRE_TRADE_PROJECTED_EQUITY_BREACH
REJECTED,EURUSD,SELL,2021-03-02 07:00:00+00:00,,PRE_TRADE_PROJECTED_EQUITY_BREACH
REJECTED,EURUSD,SELL,2021-03-02 08:00:00+00:00,,PRE_TRADE_PROJECTED_EQUITY_BREACH
REJECTED,EURUSD,BUY,2021-03-02 15:00:00+00:00,,PRE_TRADE_PROJECTED_EQUITY_BREACH
REJECTED,GBPUSD,BUY,2021-03-02 15:00:00+00:00,,PRE_TRADE_PROJECTED_EQUITY_BREACH
REJECTED,EURUSD,BUY,2021-03-02 16:00:00+00:00,,PRE_TRADE_PROJECTED_EQUITY_BREACH
REJECTED,GBPUSD,BUY,2021-03-02 16:00:00+00:00,,PRE_TRADE_PROJECTED_EQUITY_BREACH
REJECTED,GBPUSD,BUY,2021-03-02 17:00:00+00:00,,PRE_TRADE_PROJECTED_EQUITY_BREACH
REJECTED,EURUSD,BUY,2021-03-02 18:00:00+00:00,,PRE_TRADE_PROJECTED_EQUITY_BREACH
REJECTED,GBPUSD,BUY,2021-03-02 18:00:00+00:00,,PRE_TRADE_PROJECTED_EQUITY_BREACH
REJECTED,GBPUSD,BUY,2021-03-03 07:00:00+00:00,,PRE_TRADE_PROJECTED_EQUITY_BREACH
REJECTED,EURUSD,SELL,2021-03-03 13:00:00+00:00,,PRE_TRADE_PROJECTED_EQUITY_BREACH
REJECTED,EURUSD,SELL,2021-03-04 08:00:00+00:00,,PRE_TRADE_PROJECTED_EQUITY_BREACH
REJECTED,EURUSD,SELL,2021-03-04 09:00:00+00:00,,PRE_TRADE_PROJECTED_EQUITY_BREACH
REJECTED,GBPUSD,BUY,2021-03-04 15:00:00+00:00,,PRE_TRADE_PROJECTED_EQUITY_BREACH
REJECTED,EURUSD,SELL,2021-03-04 17:00:00+00:00,,PRE_TRADE_PROJECTED_EQUITY_BREACH
REJECTED,EURUSD,SELL,2021-03-04 18:00:00+00:00,,PRE_TRADE_PROJECTED_EQUITY_BREACH
REJECTED,GBPUSD,SELL,2021-03-04 18:00:00+00:00,,PRE_TRADE_PROJECTED_EQUITY_BREACH
REJECTED,EURUSD,SELL,2021-03-05 07:00:00+00:00,,PRE_TRADE_PROJECTED_EQUITY_BREACH
REJECTED,EURUSD,SELL,2021-03-05 08:00:00+00:00,,PRE_TRADE_PROJECTED_EQUITY_BREACH
REJECTED,GBPUSD,SELL,2021-03-05 08:00:00+00:00,,PRE_TRADE_PROJECTED_EQUITY_BREACH
REJECTED,GBPUSD,SELL,2021-03-05 09:00:00+00:00,,PRE_TRADE_PROJECTED_EQUITY_BREACH
REJECTED,GBPUSD,SELL,2021-03-05 10:00:00+00:00,,PRE_TRADE_PROJECTED_EQUITY_BREACH
REJECTED,EURUSD,SELL,2021-03-08 06:00:00+00:00,,PRE_TRADE_PROJECTED_EQUITY_BREACH
REJECTED,EURUSD,SELL,2021-03-08 07:00:00+00:00,,PRE_TRADE_PROJECTED_EQUITY_BREACH
REJECTED,EURUSD,SELL,2021-03-08 08:00:00+00:00,,PRE_TRADE_PROJECTED_EQUITY_BREACH
REJECTED,EURUSD,SELL,2021-03-08 09:00:00+00:00,,PRE_TRADE_PROJECTED_EQUITY_BREACH
REJECTED,EURUSD,SELL,2021-03-08 12:00:00+00:00,,PRE_TRADE_PROJECTED_EQUITY_BREACH
REJECTED,EURUSD,SELL,2021-03-08 16:00:00+00:00,,PRE_TRADE_PROJECTED_EQUITY_BREACH
REJECTED,EURUSD,SELL,2021-03-08 20:00:00+00:00,,PRE_TRADE_PROJECTED_EQUITY_BREACH
REJECTED,EURUSD,SELL,2021-03-09 00:00:00+00:00,,PRE_TRADE_PROJECTED_EQUITY_BREACH
REJECTED,GBPUSD,BUY,2021-03-09 07:00:00+00:00,,PRE_TRADE_PROJECTED_EQUITY_BREACH
REJECTED,EURUSD,BUY,2021-03-09 08:00:00+00:00,,PRE_TRADE_PROJECTED_EQUITY_BREACH
REJECTED,GBPUSD,BUY,2021-03-09 08:00:00+00:00,,PRE_TRADE_PROJECTED_EQUITY_BREACH
REJECTED,EURUSD,BUY,2021-03-09 09:00:00+00:00,,PRE_TRADE_PROJECTED_EQUITY_BREACH
REJECTED,GBPUSD,BUY,2021-03-09 14:00:00+00:00,,PRE_TRADE_PROJECTED_EQUITY_BREACH
REJECTED,EURUSD,SELL,2021-03-10 05:00:00+00:00,,PRE_TRADE_PROJECTED_EQUITY_BREACH
REJECTED,GBPUSD,SELL,2021-03-10 05:00:00+00:00,,PRE_TRADE_PROJECTED_EQUITY_BREACH
REJECTED,EURUSD,BUY,2021-03-10 13:00:00+00:00,,PRE_TRADE_PROJECTED_EQUITY_BREACH
REJECTED,EURUSD,BUY,2021-03-10 14:00:00+00:00,,PRE_TRADE_PROJECTED_EQUITY_BREACH
REJECTED,EURUSD,BUY,2021-03-10 20:00:00+00:00,,PRE_TRADE_PROJECTED_EQUITY_BREACH
REJECTED,EURUSD,BUY,2021-03-10 21:00:00+00:00,,PRE_TRADE_PROJECTED_EQUITY_BREACH
REJECTED,EURUSD,BUY,2021-03-11 07:00:00+00:00,,PRE_TRADE_PROJECTED_EQUITY_BREACH
REJECTED,EURUSD,BUY,2021-03-11 08:00:00+00:00,,PRE_TRADE_PROJECTED_EQUITY_BREACH
REJECTED,GBPUSD,BUY,2021-03-11 10:00:00+00:00,,PRE_TRADE_PROJECTED_EQUITY_BREACH
REJECTED,GBPUSD,BUY,2021-03-11 13:00:00+00:00,,PRE_TRADE_PROJECTED_EQUITY_BREACH
REJECTED,EURUSD,BUY,2021-03-11 16:00:00+00:00,,PRE_TRADE_PROJECTED_EQUITY_BREACH
REJECTED,EURUSD,BUY,2021-03-11 18:00:00+00:00,,PRE_TRADE_PROJECTED_EQUITY_BREACH
REJECTED,GBPUSD,BUY,2021-03-11 19:00:00+00:00,,PRE_TRADE_PROJECTED_EQUITY_BREACH
REJECTED,GBPUSD,BUY,2021-03-11 20:00:00+00:00,,PRE_TRADE_PROJECTED_EQUITY_BREACH
REJECTED,EURUSD,SELL,2021-03-12 09:00:00+00:00,,PRE_TRADE_PROJECTED_EQUITY_BREACH
REJECTED,GBPUSD,SELL,2021-03-12 09:00:00+00:00,,PRE_TRADE_PROJECTED_EQUITY_BREACH
REJECTED,GBPUSD,SELL,2021-03-12 11:00:00+00:00,,PRE_TRADE_PROJECTED_EQUITY_BREACH
REJECTED,GBPUSD,SELL,2021-03-15 14:00:00+00:00,,PRE_TRADE_PROJECTED_EQUITY_BREACH
REJECTED,GBPUSD,SELL,2021-03-15 15:00:00+00:00,,PRE_TRADE_PROJECTED_EQUITY_BREACH
REJECTED,GBPUSD,SELL,2021-03-16 07:00:00+00:00,,PRE_TRADE_PROJECTED_EQUITY_BREACH
REJECTED,GBPUSD,SELL,2021-03-16 08:00:00+00:00,,PRE_TRADE_PROJECTED_EQUITY_BREACH
REJECTED,EURUSD,BUY,2021-03-16 10:00:00+00:00,,PRE_TRADE_PROJECTED_EQUITY_BREACH
REJECTED,EURUSD,BUY,2021-03-16 11:00:00+00:00,,PRE_TRADE_PROJECTED_EQUITY_BREACH
REJECTED,EURUSD,SELL,2021-03-16 13:00:00+00:00,,PRE_TRADE_PROJECTED_EQUITY_BREACH
REJECTED,EURUSD,SELL,2021-03-16 15:00:00+00:00,,PRE_TRADE_PROJECTED_EQUITY_BREACH
REJECTED,GBPUSD,BUY,2021-03-17 06:00:00+00:00,,PRE_TRADE_PROJECTED_EQUITY_BREACH
REJECTED,GBPUSD,BUY,2021-03-17 07:00:00+00:00,,PRE_TRADE_PROJECTED_EQUITY_BREACH
REJECTED,GBPUSD,SELL,2021-03-17 17:00:00+00:00,,PRE_TRADE_PROJECTED_EQUITY_BREACH
REJECTED,EURUSD,BUY,2021-03-17 18:00:00+00:00,,PRE_TRADE_PROJECTED_EQUITY_BREACH
REJECTED,GBPUSD,BUY,2021-03-17 18:00:00+00:00,,PRE_TRADE_PROJECTED_EQUITY_BREACH
REJECTED,GBPUSD,BUY,2021-03-17 19:00:00+00:00,,PRE_TRADE_PROJECTED_EQUITY_BREACH
REJECTED,GBPUSD,BUY,2021-03-17 23:00:00+00:00,,PRE_TRADE_PROJECTED_EQUITY_BREACH
REJECTED,GBPUSD,BUY,2021-03-18 06:00:00+00:00,,PRE_TRADE_PROJECTED_EQUITY_BREACH
REJECTED,EURUSD,SELL,2021-03-19 09:00:00+00:00,,PRE_TRADE_PROJECTED_EQUITY_BREACH
REJECTED,GBPUSD,SELL,2021-03-19 12:00:00+00:00,,PRE_TRADE_PROJECTED_EQUITY_BREACH
REJECTED,EURUSD,SELL,2021-03-19 13:00:00+00:00,,PRE_TRADE_PROJECTED_EQUITY_BREACH
REJECTED,GBPUSD,SELL,2021-03-19 13:00:00+00:00,,PRE_TRADE_PROJECTED_EQUITY_BREACH
REJECTED,GBPUSD,SELL,2021-03-22 00:00:00+00:00,,PRE_TRADE_PROJECTED_EQUITY_BREACH
REJECTED,GBPUSD,SELL,2021-03-22 01:00:00+00:00,,PRE_TRADE_PROJECTED_EQUITY_BREACH
REJECTED,EURUSD,BUY,2021-03-22 11:00:00+00:00,,PRE_TRADE_PROJECTED_EQUITY_BREACH
REJECTED,EURUSD,BUY,2021-03-22 15:00:00+00:00,,PRE_TRADE_PROJECTED_EQUITY_BREACH
REJECTED,EURUSD,BUY,2021-03-22 17:00:00+00:00,,PRE_TRADE_PROJECTED_EQUITY_BREACH
REJECTED,EURUSD,SELL,2021-03-23 07:00:00+00:00,,PRE_TRADE_PROJECTED_EQUITY_BREACH
REJECTED,EURUSD,SELL,2021-03-23 08:00:00+00:00,,PRE_TRADE_PROJECTED_EQUITY_BREACH
REJECTED,GBPUSD,SELL,2021-03-23 08:00:00+00:00,,PRE_TRADE_PROJECTED_EQUITY_BREACH
REJECTED,GBPUSD,SELL,2021-03-23 09:00:00+00:00,,PRE_TRADE_PROJECTED_EQUITY_BREACH
REJECTED,EURUSD,SELL,2021-03-23 10:00:00+00:00,,PRE_TRADE_PROJECTED_EQUITY_BREACH
REJECTED,EURUSD,SELL,2021-03-23 11:00:00+00:00,,PRE_TRADE_PROJECTED_EQUITY_BREACH
REJECTED,EURUSD,SELL,2021-03-23 13:00:00+00:00,,PRE_TRADE_PROJECTED_EQUITY_BREACH
REJECTED,EURUSD,SELL,2021-03-23 17:00:00+00:00,,PRE_TRADE_PROJECTED_EQUITY_BREACH
REJECTED,EURUSD,SELL,2021-03-23 18:00:00+00:00,,PRE_TRADE_PROJECTED_EQUITY_BREACH
REJECTED,EURUSD,SELL,2021-03-23 19:00:00+00:00,,PRE_TRADE_PROJECTED_EQUITY_BREACH
REJECTED,GBPUSD,SELL,2021-03-23 19:00:00+00:00,,PRE_TRADE_PROJECTED_EQUITY_BREACH
REJECTED,GBPUSD,SELL,2021-03-23 20:00:00+00:00,,PRE_TRADE_PROJECTED_EQUITY_BREACH
REJECTED,EURUSD,SELL,2021-03-23 23:00:00+00:00,,PRE_TRADE_PROJECTED_EQUITY_BREACH
REJECTED,GBPUSD,SELL,2021-03-23 23:00:00+00:00,,PRE_TRADE_PROJECTED_EQUITY_BREACH
REJECTED,GBPUSD,SELL,2021-03-24 04:00:00+00:00,,PRE_TRADE_PROJECTED_EQUITY_BREACH
REJECTED,EURUSD,SELL,2021-03-24 07:00:00+00:00,,PRE_TRADE_PROJECTED_EQUITY_BREACH
REJECTED,GBPUSD,SELL,2021-03-24 07:00:00+00:00,,PRE_TRADE_PROJECTED_EQUITY_BREACH
REJECTED,EURUSD,SELL,2021-03-24 20:00:00+00:00,,PRE_TRADE_PROJECTED_EQUITY_BREACH
REJECTED,GBPUSD,SELL,2021-03-25 07:00:00+00:00,,PRE_TRADE_PROJECTED_EQUITY_BREACH
REJECTED,EURUSD,SELL,2021-03-25 12:00:00+00:00,,PRE_TRADE_PROJECTED_EQUITY_BREACH
REJECTED,EURUSD,SELL,2021-03-25 15:00:00+00:00,,PRE_TRADE_PROJECTED_EQUITY_BREACH
REJECTED,EURUSD,SELL,2021-03-25 16:00:00+00:00,,PRE_TRADE_PROJECTED_EQUITY_BREACH
REJECTED,GBPUSD,BUY,2021-03-25 23:00:00+00:00,,PRE_TRADE_PROJECTED_EQUITY_BREACH
REJECTED,GBPUSD,BUY,2021-03-26 00:00:00+00:00,,PRE_TRADE_PROJECTED_EQUITY_BREACH
REJECTED,GBPUSD,BUY,2021-03-26 01:00:00+00:00,,PRE_TRADE_PROJECTED_EQUITY_BREACH
REJECTED,GBPUSD,BUY,2021-03-26 05:00:00+00:00,,PRE_TRADE_PROJECTED_EQUITY_BREACH
REJECTED,GBPUSD,BUY,2021-03-26 09:00:00+00:00,,PRE_TRADE_PROJECTED_EQUITY_BREACH
REJECTED,GBPUSD,BUY,2021-03-26 13:00:00+00:00,,PRE_TRADE_PROJECTED_EQUITY_BREACH
REJECTED,EURUSD,SELL,2021-03-29 09:00:00+00:00,,PRE_TRADE_PROJECTED_EQUITY_BREACH
REJECTED,GBPUSD,BUY,2021-03-29 12:00:00+00:00,,PRE_TRADE_PROJECTED_EQUITY_BREACH
REJECTED,EURUSD,SELL,2021-03-30 07:00:00+00:00,,PRE_TRADE_PROJECTED_EQUITY_BREACH
REJECTED,GBPUSD,SELL,2021-03-30 07:00:00+00:00,,PRE_TRADE_PROJECTED_EQUITY_BREACH
REJECTED,EURUSD,SELL,2021-03-30 08:00:00+00:00,,PRE_TRADE_PROJECTED_EQUITY_BREACH
REJECTED,EURUSD,SELL,2021-03-30 11:00:00+00:00,,PRE_TRADE_PROJECTED_EQUITY_BREACH
REJECTED,GBPUSD,SELL,2021-03-30 12:00:00+00:00,,PRE_TRADE_PROJECTED_EQUITY_BREACH
REJECTED,EURUSD,SELL,2021-03-30 14:00:00+00:00,,PRE_TRADE_PROJECTED_EQUITY_BREACH
REJECTED,GBPUSD,SELL,2021-03-30 14:00:00+00:00,,PRE_TRADE_PROJECTED_EQUITY_BREACH
REJECTED,GBPUSD,SELL,2021-03-30 15:00:00+00:00,,PRE_TRADE_PROJECTED_EQUITY_BREACH
REJECTED,EURUSD,SELL,2021-03-31 03:00:00+00:00,,PRE_TRADE_PROJECTED_EQUITY_BREACH
REJECTED,EURUSD,BUY,2021-03-31 09:00:00+00:00,,PRE_TRADE_PROJECTED_EQUITY_BREACH
REJECTED,GBPUSD,BUY,2021-03-31 09:00:00+00:00,,PRE_TRADE_PROJECTED_EQUITY_BREACH
REJECTED,EURUSD,BUY,2021-03-31 15:00:00+00:00,,PRE_TRADE_PROJECTED_EQUITY_BREACH
REJECTED,GBPUSD,BUY,2021-03-31 15:00:00+00:00,,PRE_TRADE_PROJECTED_EQUITY_BREACH
REJECTED,EURUSD,SELL,2021-04-01 05:00:00+00:00,,PRE_TRADE_PROJECTED_EQUITY_BREACH
REJECTED,GBPUSD,BUY,2021-04-01 14:00:00+00:00,,PRE_TRADE_PROJECTED_EQUITY_BREACH
REJECTED,EURUSD,BUY,2021-04-01 16:00:00+00:00,,PRE_TRADE_PROJECTED_EQUITY_BREACH
REJECTED,GBPUSD,BUY,2021-04-02 01:00:00+00:00,,PRE_TRADE_PROJECTED_EQUITY_BREACH
REJECTED,EURUSD,SELL,2021-04-05 08:00:00+00:00,,PRE_TRADE_PROJECTED_EQUITY_BREACH
REJECTED,GBPUSD,BUY,2021-04-05 09:00:00+00:00,,PRE_TRADE_PROJECTED_EQUITY_BREACH
REJECTED,EURUSD,SELL,2021-04-05 10:00:00+00:00,,PRE_TRADE_PROJECTED_EQUITY_BREACH
REJECTED,EURUSD,BUY,2021-04-05 13:00:00+00:00,,PRE_TRADE_PROJECTED_EQUITY_BREACH
REJECTED,GBPUSD,BUY,2021-04-05 13:00:00+00:00,,PRE_TRADE_PROJECTED_EQUITY_BREACH
REJECTED,EURUSD,BUY,2021-04-05 14:00:00+00:00,,PRE_TRADE_PROJECTED_EQUITY_BREACH
REJECTED,GBPUSD,BUY,2021-04-05 14:00:00+00:00,,PRE_TRADE_PROJECTED_EQUITY_BREACH
REJECTED,GBPUSD,BUY,2021-04-05 16:00:00+00:00,,PRE_TRADE_PROJECTED_EQUITY_BREACH
REJECTED,EURUSD,BUY,2021-04-05 17:00:00+00:00,,PRE_TRADE_PROJECTED_EQUITY_BREACH
REJECTED,GBPUSD,BUY,2021-04-06 06:00:00+00:00,,PRE_TRADE_PROJECTED_EQUITY_BREACH
REJECTED,GBPUSD,SELL,2021-04-06 09:00:00+00:00,,PRE_TRADE_PROJECTED_EQUITY_BREACH
REJECTED,GBPUSD,SELL,2021-04-06 10:00:00+00:00,,PRE_TRADE_PROJECTED_EQUITY_BREACH
REJECTED,EURUSD,BUY,2021-04-06 13:00:00+00:00,,PRE_TRADE_PROJECTED_EQUITY_BREACH
REJECTED,EURUSD,BUY,2021-04-06 14:00:00+00:00,,PRE_TRADE_PROJECTED_EQUITY_BREACH
REJECTED,EURUSD,BUY,2021-04-06 16:00:00+00:00,,PRE_TRADE_PROJECTED_EQUITY_BREACH
REJECTED,EURUSD,BUY,2021-04-06 17:00:00+00:00,,PRE_TRADE_PROJECTED_EQUITY_BREACH
REJECTED,GBPUSD,SELL,2021-04-06 18:00:00+00:00,,PRE_TRADE_PROJECTED_EQUITY_BREACH
REJECTED,EURUSD,BUY,2021-04-06 19:00:00+00:00,,PRE_TRADE_PROJECTED_EQUITY_BREACH
REJECTED,GBPUSD,SELL,2021-04-07 07:00:00+00:00,,PRE_TRADE_PROJECTED_EQUITY_BREACH
REJECTED,EURUSD,BUY,2021-04-07 09:00:00+00:00,,PRE_TRADE_PROJECTED_EQUITY_BREACH
REJECTED,EURUSD,BUY,2021-04-07 11:00:00+00:00,,PRE_TRADE_PROJECTED_EQUITY_BREACH
REJECTED,GBPUSD,SELL,2021-04-07 13:00:00+00:00,,PRE_TRADE_PROJECTED_EQUITY_BREACH
REJECTED,GBPUSD,SELL,2021-04-07 14:00:00+00:00,,PRE_TRADE_PROJECTED_EQUITY_BREACH
REJECTED,EURUSD,BUY,2021-04-07 15:00:00+00:00,,PRE_TRADE_PROJECTED_EQUITY_BREACH
REJECTED,EURUSD,BUY,2021-04-08 14:00:00+00:00,,PRE_TRADE_PROJECTED_EQUITY_BREACH
REJECTED,EURUSD,BUY,2021-04-08 17:00:00+00:00,,PRE_TRADE_PROJECTED_EQUITY_BREACH
REJECTED,GBPUSD,SELL,2021-04-09 06:00:00+00:00,,PRE_TRADE_PROJECTED_EQUITY_BREACH
REJECTED,GBPUSD,SELL,2021-04-09 07:00:00+00:00,,PRE_TRADE_PROJECTED_EQUITY_BREACH
REJECTED,EURUSD,SELL,2021-04-09 11:00:00+00:00,,PRE_TRADE_PROJECTED_EQUITY_BREACH
REJECTED,EURUSD,SELL,2021-04-09 13:00:00+00:00,,PRE_TRADE_PROJECTED_EQUITY_BREACH
REJECTED,GBPUSD,BUY,2021-04-12 11:00:00+00:00,,PRE_TRADE_PROJECTED_EQUITY_BREACH
REJECTED,GBPUSD,SELL,2021-04-13 05:00:00+00:00,,PRE_TRADE_PROJECTED_EQUITY_BREACH
REJECTED,EURUSD,SELL,2021-04-13 07:00:00+00:00,,PRE_TRADE_PROJECTED_EQUITY_BREACH
REJECTED,GBPUSD,SELL,2021-04-13 12:00:00+00:00,,PRE_TRADE_PROJECTED_EQUITY_BREACH
REJECTED,EURUSD,BUY,2021-04-13 13:00:00+00:00,,PRE_TRADE_PROJECTED_EQUITY_BREACH
REJECTED,EURUSD,BUY,2021-04-13 14:00:00+00:00,,PRE_TRADE_PROJECTED_EQUITY_BREACH
REJECTED,EURUSD,BUY,2021-04-13 19:00:00+00:00,,PRE_TRADE_PROJECTED_EQUITY_BREACH
REJECTED,EURUSD,BUY,2021-04-13 20:00:00+00:00,,PRE_TRADE_PROJECTED_EQUITY_BREACH
REJECTED,EURUSD,BUY,2021-04-14 06:00:00+00:00,,PRE_TRADE_PROJECTED_EQUITY_BREACH
REJECTED,EURUSD,BUY,2021-04-14 07:00:00+00:00,,PRE_TRADE_PROJECTED_EQUITY_BREACH
REJECTED,GBPUSD,BUY,2021-04-14 07:00:00+00:00,,PRE_TRADE_PROJECTED_EQUITY_BREACH
REJECTED,EURUSD,BUY,2021-04-14 16:00:00+00:00,,PRE_TRADE_PROJECTED_EQUITY_BREACH
REJECTED,EURUSD,BUY,2021-04-14 17:00:00+00:00,,PRE_TRADE_PROJECTED_EQUITY_BREACH
REJECTED,EURUSD,SELL,2021-04-15 13:00:00+00:00,,PRE_TRADE_PROJECTED_EQUITY_BREACH
REJECTED,GBPUSD,SELL,2021-04-16 02:00:00+00:00,,PRE_TRADE_PROJECTED_EQUITY_BREACH
REJECTED,EURUSD,SELL,2021-04-16 03:00:00+00:00,,PRE_TRADE_PROJECTED_EQUITY_BREACH
REJECTED,GBPUSD,SELL,2021-04-16 07:00:00+00:00,,PRE_TRADE_PROJECTED_EQUITY_BREACH
REJECTED,EURUSD,BUY,2021-04-16 08:00:00+00:00,,PRE_TRADE_PROJECTED_EQUITY_BREACH
REJECTED,GBPUSD,BUY,2021-04-16 12:00:00+00:00,,PRE_TRADE_PROJECTED_EQUITY_BREACH
REJECTED,GBPUSD,BUY,2021-04-16 15:00:00+00:00,,PRE_TRADE_PROJECTED_EQUITY_BREACH
REJECTED,GBPUSD,BUY,2021-04-16 16:00:00+00:00,,PRE_TRADE_PROJECTED_EQUITY_BREACH
REJECTED,GBPUSD,BUY,2021-04-16 18:00:00+00:00,,PRE_TRADE_PROJECTED_EQUITY_BREACH
REJECTED,GBPUSD,BUY,2021-04-16 19:00:00+00:00,,PRE_TRADE_PROJECTED_EQUITY_BREACH
REJECTED,GBPUSD,BUY,2021-04-16 20:00:00+00:00,,PRE_TRADE_PROJECTED_EQUITY_BREACH
REJECTED,EURUSD,SELL,2021-04-19 02:00:00+00:00,,PRE_TRADE_PROJECTED_EQUITY_BREACH
REJECTED,GBPUSD,BUY,2021-04-19 05:00:00+00:00,,PRE_TRADE_PROJECTED_EQUITY_BREACH
REJECTED,EURUSD,BUY,2021-04-19 08:00:00+00:00,,PRE_TRADE_PROJECTED_EQUITY_BREACH
REJECTED,GBPUSD,BUY,2021-04-19 08:00:00+00:00,,PRE_TRADE_PROJECTED_EQUITY_BREACH
REJECTED,EURUSD,BUY,2021-04-19 09:00:00+00:00,,PRE_TRADE_PROJECTED_EQUITY_BREACH
REJECTED,EURUSD,BUY,2021-04-19 10:00:00+00:00,,PRE_TRADE_PROJECTED_EQUITY_BREACH
REJECTED,GBPUSD,BUY,2021-04-19 10:00:00+00:00,,PRE_TRADE_PROJECTED_EQUITY_BREACH
REJECTED,EURUSD,BUY,2021-04-19 11:00:00+00:00,,PRE_TRADE_PROJECTED_EQUITY_BREACH
REJECTED,GBPUSD,BUY,2021-04-19 11:00:00+00:00,,PRE_TRADE_PROJECTED_EQUITY_BREACH
REJECTED,GBPUSD,BUY,2021-04-19 12:00:00+00:00,,PRE_TRADE_PROJECTED_EQUITY_BREACH
REJECTED,GBPUSD,BUY,2021-04-19 13:00:00+00:00,,PRE_TRADE_PROJECTED_EQUITY_BREACH
REJECTED,GBPUSD,BUY,2021-04-19 15:00:00+00:00,,PRE_TRADE_PROJECTED_EQUITY_BREACH
REJECTED,EURUSD,BUY,2021-04-20 03:00:00+00:00,,PRE_TRADE_PROJECTED_EQUITY_BREACH
REJECTED,GBPUSD,BUY,2021-04-20 03:00:00+00:00,,PRE_TRADE_PROJECTED_EQUITY_BREACH
REJECTED,EURUSD,BUY,2021-04-20 04:00:00+00:00,,PRE_TRADE_PROJECTED_EQUITY_BREACH
REJECTED,GBPUSD,BUY,2021-04-20 04:00:00+00:00,,PRE_TRADE_PROJECTED_EQUITY_BREACH
REJECTED,EURUSD,BUY,2021-04-20 07:00:00+00:00,,PRE_TRADE_PROJECTED_EQUITY_BREACH
REJECTED,GBPUSD,SELL,2021-04-20 13:00:00+00:00,,PRE_TRADE_PROJECTED_EQUITY_BREACH
REJECTED,GBPUSD,SELL,2021-04-20 19:00:00+00:00,,PRE_TRADE_PROJECTED_EQUITY_BREACH
REJECTED,GBPUSD,SELL,2021-04-21 05:00:00+00:00,,PRE_TRADE_PROJECTED_EQUITY_BREACH
REJECTED,EURUSD,SELL,2021-04-21 08:00:00+00:00,,PRE_TRADE_PROJECTED_EQUITY_BREACH
REJECTED,EURUSD,BUY,2021-04-22 02:00:00+00:00,,PRE_TRADE_PROJECTED_EQUITY_BREACH
REJECTED,EURUSD,BUY,2021-04-22 03:00:00+00:00,,PRE_TRADE_PROJECTED_EQUITY_BREACH
REJECTED,EURUSD,BUY,2021-04-22 11:00:00+00:00,,PRE_TRADE_PROJECTED_EQUITY_BREACH
REJECTED,EURUSD,BUY,2021-04-22 13:00:00+00:00,,PRE_TRADE_PROJECTED_EQUITY_BREACH
REJECTED,GBPUSD,SELL,2021-04-22 13:00:00+00:00,,PRE_TRADE_PROJECTED_EQUITY_BREACH
REJECTED,GBPUSD,SELL,2021-04-22 14:00:00+00:00,,PRE_TRADE_PROJECTED_EQUITY_BREACH
REJECTED,EURUSD,BUY,2021-04-23 13:00:00+00:00,,PRE_TRADE_PROJECTED_EQUITY_BREACH
REJECTED,EURUSD,BUY,2021-04-23 17:00:00+00:00,,PRE_TRADE_PROJECTED_EQUITY_BREACH
REJECTED,EURUSD,BUY,2021-04-23 18:00:00+00:00,,PRE_TRADE_PROJECTED_EQUITY_BREACH
REJECTED,EURUSD,BUY,2021-04-23 19:00:00+00:00,,PRE_TRADE_PROJECTED_EQUITY_BREACH
REJECTED,EURUSD,BUY,2021-04-23 20:00:00+00:00,,PRE_TRADE_PROJECTED_EQUITY_BREACH
REJECTED,EURUSD,BUY,2021-04-26 01:00:00+00:00,,PRE_TRADE_PROJECTED_EQUITY_BREACH
REJECTED,EURUSD,BUY,2021-04-26 02:00:00+00:00,,PRE_TRADE_PROJECTED_EQUITY_BREACH
REJECTED,GBPUSD,BUY,2021-04-26 02:00:00+00:00,,PRE_TRADE_PROJECTED_EQUITY_BREACH
REJECTED,EURUSD,BUY,2021-04-26 03:00:00+00:00,,PRE_TRADE_PROJECTED_EQUITY_BREACH
REJECTED,GBPUSD,BUY,2021-04-26 03:00:00+00:00,,PRE_TRADE_PROJECTED_EQUITY_BREACH
REJECTED,GBPUSD,BUY,2021-04-26 08:00:00+00:00,,PRE_TRADE_PROJECTED_EQUITY_BREACH
REJECTED,EURUSD,SELL,2021-04-26 14:00:00+00:00,,PRE_TRADE_PROJECTED_EQUITY_BREACH
REJECTED,EURUSD,SELL,2021-04-27 09:00:00+00:00,,PRE_TRADE_PROJECTED_EQUITY_BREACH
REJECTED,GBPUSD,SELL,2021-04-27 09:00:00+00:00,,PRE_TRADE_PROJECTED_EQUITY_BREACH
REJECTED,GBPUSD,BUY,2021-04-27 11:00:00+00:00,,PRE_TRADE_PROJECTED_EQUITY_BREACH
REJECTED,EURUSD,SELL,2021-04-28 07:00:00+00:00,,PRE_TRADE_PROJECTED_EQUITY_BREACH
REJECTED,GBPUSD,SELL,2021-04-28 07:00:00+00:00,,PRE_TRADE_PROJECTED_EQUITY_BREACH
REJECTED,EURUSD,BUY,2021-04-28 19:00:00+00:00,,PRE_TRADE_PROJECTED_EQUITY_BREACH
REJECTED,GBPUSD,BUY,2021-04-28 19:00:00+00:00,,PRE_TRADE_PROJECTED_EQUITY_BREACH
REJECTED,EURUSD,BUY,2021-04-29 00:00:00+00:00,,PRE_TRADE_PROJECTED_EQUITY_BREACH
REJECTED,EURUSD,BUY,2021-04-29 01:00:00+00:00,,PRE_TRADE_PROJECTED_EQUITY_BREACH
REJECTED,GBPUSD,BUY,2021-04-29 01:00:00+00:00,,PRE_TRADE_PROJECTED_EQUITY_BREACH
REJECTED,EURUSD,BUY,2021-04-29 02:00:00+00:00,,PRE_TRADE_PROJECTED_EQUITY_BREACH
REJECTED,EURUSD,SELL,2021-04-30 08:00:00+00:00,,PRE_TRADE_PROJECTED_EQUITY_BREACH
REJECTED,GBPUSD,SELL,2021-04-30 08:00:00+00:00,,PRE_TRADE_PROJECTED_EQUITY_BREACH
REJECTED,EURUSD,SELL,2021-04-30 09:00:00+00:00,,PRE_TRADE_PROJECTED_EQUITY_BREACH
REJECTED,GBPUSD,SELL,2021-04-30 09:00:00+00:00,,PRE_TRADE_PROJECTED_EQUITY_BREACH
REJECTED,EURUSD,SELL,2021-04-30 11:00:00+00:00,,PRE_TRADE_PROJECTED_EQUITY_BREACH
REJECTED,GBPUSD,SELL,2021-04-30 13:00:00+00:00,,PRE_TRADE_PROJECTED_EQUITY_BREACH
REJECTED,EURUSD,SELL,2021-04-30 14:00:00+00:00,,PRE_TRADE_PROJECTED_EQUITY_BREACH
REJECTED,EURUSD,SELL,2021-04-30 15:00:00+00:00,,PRE_TRADE_PROJECTED_EQUITY_BREACH
REJECTED,GBPUSD,SELL,2021-04-30 15:00:00+00:00,,PRE_TRADE_PROJECTED_EQUITY_BREACH
REJECTED,EURUSD,SELL,2021-04-30 16:00:00+00:00,,PRE_TRADE_PROJECTED_EQUITY_BREACH
REJECTED,GBPUSD,SELL,2021-04-30 16:00:00+00:00,,PRE_TRADE_PROJECTED_EQUITY_BREACH
REJECTED,EURUSD,SELL,2021-04-30 18:00:00+00:00,,PRE_TRADE_PROJECTED_EQUITY_BREACH
REJECTED,GBPUSD,SELL,2021-04-30 18:00:00+00:00,,PRE_TRADE_PROJECTED_EQUITY_BREACH
REJECTED,GBPUSD,BUY,2021-05-03 14:00:00+00:00,,PRE_TRADE_PROJECTED_EQUITY_BREACH
REJECTED,EURUSD,BUY,2021-05-03 15:00:00+00:00,,PRE_TRADE_PROJECTED_EQUITY_BREACH
REJECTED,GBPUSD,BUY,2021-05-03 15:00:00+00:00,,PRE_TRADE_PROJECTED_EQUITY_BREACH
REJECTED,EURUSD,SELL,2021-05-04 06:00:00+00:00,,PRE_TRADE_PROJECTED_EQUITY_BREACH
REJECTED,EURUSD,SELL,2021-05-04 07:00:00+00:00,,PRE_TRADE_PROJECTED_EQUITY_BREACH
REJECTED,EURUSD,SELL,2021-05-04 08:00:00+00:00,,PRE_TRADE_PROJECTED_EQUITY_BREACH
REJECTED,EURUSD,SELL,2021-05-04 09:00:00+00:00,,PRE_TRADE_PROJECTED_EQUITY_BREACH
REJECTED,GBPUSD,SELL,2021-05-04 13:00:00+00:00,,PRE_TRADE_PROJECTED_EQUITY_BREACH
REJECTED,GBPUSD,BUY,2021-05-05 01:00:00+00:00,,PRE_TRADE_PROJECTED_EQUITY_BREACH
REJECTED,GBPUSD,BUY,2021-05-05 02:00:00+00:00,,PRE_TRADE_PROJECTED_EQUITY_BREACH
REJECTED,GBPUSD,BUY,2021-05-05 04:00:00+00:00,,PRE_TRADE_PROJECTED_EQUITY_BREACH
REJECTED,EURUSD,SELL,2021-05-05 07:00:00+00:00,,PRE_TRADE_PROJECTED_EQUITY_BREACH
REJECTED,EURUSD,BUY,2021-05-06 08:00:00+00:00,,PRE_TRADE_PROJECTED_EQUITY_BREACH
REJECTED,EURUSD,BUY,2021-05-06 09:00:00+00:00,,PRE_TRADE_PROJECTED_EQUITY_BREACH
REJECTED,EURUSD,BUY,2021-05-06 10:00:00+00:00,,PRE_TRADE_PROJECTED_EQUITY_BREACH
REJECTED,EURUSD,BUY,2021-05-06 13:00:00+00:00,,PRE_TRADE_PROJECTED_EQUITY_BREACH
REJECTED,EURUSD,BUY,2021-05-06 14:00:00+00:00,,PRE_TRADE_PROJECTED_EQUITY_BREACH
REJECTED,EURUSD,BUY,2021-05-07 08:00:00+00:00,,PRE_TRADE_PROJECTED_EQUITY_BREACH
REJECTED,EURUSD,BUY,2021-05-07 13:00:00+00:00,,PRE_TRADE_PROJECTED_EQUITY_BREACH
REJECTED,GBPUSD,BUY,2021-05-07 13:00:00+00:00,,PRE_TRADE_PROJECTED_EQUITY_BREACH
REJECTED,GBPUSD,BUY,2021-05-07 15:00:00+00:00,,PRE_TRADE_PROJECTED_EQUITY_BREACH
REJECTED,EURUSD,BUY,2021-05-07 16:00:00+00:00,,PRE_TRADE_PROJECTED_EQUITY_BREACH
REJECTED,GBPUSD,BUY,2021-05-07 16:00:00+00:00,,PRE_TRADE_PROJECTED_EQUITY_BREACH
REJECTED,EURUSD,BUY,2021-05-07 19:00:00+00:00,,PRE_TRADE_PROJECTED_EQUITY_BREACH
REJECTED,EURUSD,BUY,2021-05-07 20:00:00+00:00,,PRE_TRADE_PROJECTED_EQUITY_BREACH
REJECTED,GBPUSD,BUY,2021-05-07 20:00:00+00:00,,PRE_TRADE_PROJECTED_EQUITY_BREACH
REJECTED,GBPUSD,BUY,2021-05-09 23:00:00+00:00,,PRE_TRADE_PROJECTED_EQUITY_BREACH
REJECTED,GBPUSD,BUY,2021-05-10 00:00:00+00:00,,PRE_TRADE_PROJECTED_EQUITY_BREACH
REJECTED,GBPUSD,BUY,2021-05-10 07:00:00+00:00,,PRE_TRADE_PROJECTED_EQUITY_BREACH
REJECTED,GBPUSD,BUY,2021-05-10 08:00:00+00:00,,PRE_TRADE_PROJECTED_EQUITY_BREACH
REJECTED,GBPUSD,BUY,2021-05-10 09:00:00+00:00,,PRE_TRADE_PROJECTED_EQUITY_BREACH
REJECTED,GBPUSD,BUY,2021-05-10 11:00:00+00:00,,PRE_TRADE_PROJECTED_EQUITY_BREACH
REJECTED,GBPUSD,BUY,2021-05-10 12:00:00+00:00,,PRE_TRADE_PROJECTED_EQUITY_BREACH
REJECTED,GBPUSD,BUY,2021-05-10 13:00:00+00:00,,PRE_TRADE_PROJECTED_EQUITY_BREACH
REJECTED,EURUSD,SELL,2021-05-10 21:00:00+00:00,,PRE_TRADE_PROJECTED_EQUITY_BREACH
REJECTED,EURUSD,BUY,2021-05-11 14:00:00+00:00,,PRE_TRADE_PROJECTED_EQUITY_BREACH
REJECTED,GBPUSD,BUY,2021-05-11 17:00:00+00:00,,PRE_TRADE_PROJECTED_EQUITY_BREACH
REJECTED,EURUSD,SELL,2021-05-12 04:00:00+00:00,,PRE_TRADE_PROJECTED_EQUITY_BREACH
REJECTED,GBPUSD,SELL,2021-05-12 17:00:00+00:00,,PRE_TRADE_PROJECTED_EQUITY_BREACH
REJECTED,EURUSD,SELL,2021-05-13 09:00:00+00:00,,PRE_TRADE_PROJECTED_EQUITY_BREACH
REJECTED,GBPUSD,SELL,2021-05-13 09:00:00+00:00,,PRE_TRADE_PROJECTED_EQUITY_BREACH
REJECTED,GBPUSD,SELL,2021-05-13 11:00:00+00:00,,PRE_TRADE_PROJECTED_EQUITY_BREACH
REJECTED,EURUSD,BUY,2021-05-14 07:00:00+00:00,,PRE_TRADE_PROJECTED_EQUITY_BREACH
REJECTED,GBPUSD,BUY,2021-05-14 07:00:00+00:00,,PRE_TRADE_PROJECTED_EQUITY_BREACH
REJECTED,EURUSD,BUY,2021-05-14 08:00:00+00:00,,PRE_TRADE_PROJECTED_EQUITY_BREACH
REJECTED,EURUSD,BUY,2021-05-14 09:00:00+00:00,,PRE_TRADE_PROJECTED_EQUITY_BREACH
REJECTED,GBPUSD,BUY,2021-05-14 13:00:00+00:00,,PRE_TRADE_PROJECTED_EQUITY_BREACH
REJECTED,EURUSD,BUY,2021-05-14 14:00:00+00:00,,PRE_TRADE_PROJECTED_EQUITY_BREACH
REJECTED,GBPUSD,BUY,2021-05-14 14:00:00+00:00,,PRE_TRADE_PROJECTED_EQUITY_BREACH
REJECTED,EURUSD,BUY,2021-05-17 10:00:00+00:00,,PRE_TRADE_PROJECTED_EQUITY_BREACH
REJECTED,EURUSD,BUY,2021-05-17 11:00:00+00:00,,PRE_TRADE_PROJECTED_EQUITY_BREACH
REJECTED,GBPUSD,BUY,2021-05-17 16:00:00+00:00,,PRE_TRADE_PROJECTED_EQUITY_BREACH
REJECTED,GBPUSD,BUY,2021-05-17 17:00:00+00:00,,PRE_TRADE_PROJECTED_EQUITY_BREACH
REJECTED,GBPUSD,BUY,2021-05-17 18:00:00+00:00,,PRE_TRADE_PROJECTED_EQUITY_BREACH
REJECTED,GBPUSD,BUY,2021-05-17 19:00:00+00:00,,PRE_TRADE_PROJECTED_EQUITY_BREACH
REJECTED,GBPUSD,BUY,2021-05-18 00:00:00+00:00,,PRE_TRADE_PROJECTED_EQUITY_BREACH
REJECTED,GBPUSD,BUY,2021-05-18 01:00:00+00:00,,PRE_TRADE_PROJECTED_EQUITY_BREACH
REJECTED,GBPUSD,BUY,2021-05-18 02:00:00+00:00,,PRE_TRADE_PROJECTED_EQUITY_BREACH
REJECTED,EURUSD,BUY,2021-05-18 07:00:00+00:00,,PRE_TRADE_PROJECTED_EQUITY_BREACH
REJECTED,GBPUSD,BUY,2021-05-18 07:00:00+00:00,,PRE_TRADE_PROJECTED_EQUITY_BREACH
REJECTED,EURUSD,BUY,2021-05-18 08:00:00+00:00,,PRE_TRADE_PROJECTED_EQUITY_BREACH
REJECTED,GBPUSD,BUY,2021-05-18 08:00:00+00:00,,PRE_TRADE_PROJECTED_EQUITY_BREACH
REJECTED,EURUSD,BUY,2021-05-18 09:00:00+00:00,,PRE_TRADE_PROJECTED_EQUITY_BREACH
REJECTED,GBPUSD,BUY,2021-05-18 09:00:00+00:00,,PRE_TRADE_PROJECTED_EQUITY_BREACH
REJECTED,EURUSD,BUY,2021-05-19 06:00:00+00:00,,PRE_TRADE_PROJECTED_EQUITY_BREACH
REJECTED,GBPUSD,SELL,2021-05-19 08:00:00+00:00,,PRE_TRADE_PROJECTED_EQUITY_BREACH
REJECTED,GBPUSD,SELL,2021-05-19 10:00:00+00:00,,PRE_TRADE_PROJECTED_EQUITY_BREACH
REJECTED,GBPUSD,SELL,2021-05-19 11:00:00+00:00,,PRE_TRADE_PROJECTED_EQUITY_BREACH
REJECTED,EURUSD,SELL,2021-05-19 19:00:00+00:00,,PRE_TRADE_PROJECTED_EQUITY_BREACH
REJECTED,GBPUSD,SELL,2021-05-19 19:00:00+00:00,,PRE_TRADE_PROJECTED_EQUITY_BREACH
REJECTED,EURUSD,BUY,2021-05-20 16:00:00+00:00,,PRE_TRADE_PROJECTED_EQUITY_BREACH
REJECTED,GBPUSD,BUY,2021-05-20 16:00:00+00:00,,PRE_TRADE_PROJECTED_EQUITY_BREACH
REJECTED,GBPUSD,BUY,2021-05-20 19:00:00+00:00,,PRE_TRADE_PROJECTED_EQUITY_BREACH
REJECTED,EURUSD,BUY,2021-05-20 20:00:00+00:00,,PRE_TRADE_PROJECTED_EQUITY_BREACH
REJECTED,GBPUSD,BUY,2021-05-20 20:00:00+00:00,,PRE_TRADE_PROJECTED_EQUITY_BREACH
REJECTED,EURUSD,BUY,2021-05-20 22:00:00+00:00,,PRE_TRADE_PROJECTED_EQUITY_BREACH
REJECTED,EURUSD,BUY,2021-05-21 01:00:00+00:00,,PRE_TRADE_PROJECTED_EQUITY_BREACH
REJECTED,GBPUSD,BUY,2021-05-21 09:00:00+00:00,,PRE_TRADE_PROJECTED_EQUITY_BREACH
REJECTED,GBPUSD,BUY,2021-05-21 10:00:00+00:00,,PRE_TRADE_PROJECTED_EQUITY_BREACH
REJECTED,EURUSD,SELL,2021-05-21 12:00:00+00:00,,PRE_TRADE_PROJECTED_EQUITY_BREACH
REJECTED,GBPUSD,SELL,2021-05-21 15:00:00+00:00,,PRE_TRADE_PROJECTED_EQUITY_BREACH
REJECTED,EURUSD,SELL,2021-05-21 17:00:00+00:00,,PRE_TRADE_PROJECTED_EQUITY_BREACH
REJECTED,GBPUSD,SELL,2021-05-21 17:00:00+00:00,,PRE_TRADE_PROJECTED_EQUITY_BREACH
REJECTED,EURUSD,BUY,2021-05-24 10:00:00+00:00,,PRE_TRADE_PROJECTED_EQUITY_BREACH
REJECTED,EURUSD,BUY,2021-05-24 11:00:00+00:00,,PRE_TRADE_PROJECTED_EQUITY_BREACH
REJECTED,EURUSD,BUY,2021-05-24 14:00:00+00:00,,PRE_TRADE_PROJECTED_EQUITY_BREACH
REJECTED,GBPUSD,BUY,2021-05-25 04:00:00+00:00,,PRE_TRADE_PROJECTED_EQUITY_BREACH
REJECTED,EURUSD,BUY,2021-05-25 07:00:00+00:00,,PRE_TRADE_PROJECTED_EQUITY_BREACH
REJECTED,GBPUSD,BUY,2021-05-25 07:00:00+00:00,,PRE_TRADE_PROJECTED_EQUITY_BREACH
REJECTED,EURUSD,BUY,2021-05-25 08:00:00+00:00,,PRE_TRADE_PROJECTED_EQUITY_BREACH
REJECTED,GBPUSD,SELL,2021-05-25 13:00:00+00:00,,PRE_TRADE_PROJECTED_EQUITY_BREACH
REJECTED,GBPUSD,SELL,2021-05-25 14:00:00+00:00,,PRE_TRADE_PROJECTED_EQUITY_BREACH
REJECTED,GBPUSD,SELL,2021-05-25 16:00:00+00:00,,PRE_TRADE_PROJECTED_EQUITY_BREACH
REJECTED,EURUSD,SELL,2021-05-26 13:00:00+00:00,,PRE_TRADE_PROJECTED_EQUITY_BREACH
REJECTED,GBPUSD,SELL,2021-05-26 14:00:00+00:00,,PRE_TRADE_PROJECTED_EQUITY_BREACH
REJECTED,EURUSD,SELL,2021-05-26 15:00:00+00:00,,PRE_TRADE_PROJECTED_EQUITY_BREACH
REJECTED,EURUSD,SELL,2021-05-26 16:00:00+00:00,,PRE_TRADE_PROJECTED_EQUITY_BREACH
REJECTED,EURUSD,SELL,2021-05-26 18:00:00+00:00,,PRE_TRADE_PROJECTED_EQUITY_BREACH
REJECTED,GBPUSD,SELL,2021-05-27 01:00:00+00:00,,PRE_TRADE_PROJECTED_EQUITY_BREACH
REJECTED,GBPUSD,BUY,2021-05-27 12:00:00+00:00,,PRE_TRADE_PROJECTED_EQUITY_BREACH
REJECTED,GBPUSD,BUY,2021-05-27 15:00:00+00:00,,PRE_TRADE_PROJECTED_EQUITY_BREACH
REJECTED,GBPUSD,BUY,2021-05-27 18:00:00+00:00,,PRE_TRADE_PROJECTED_EQUITY_BREACH
REJECTED,GBPUSD,BUY,2021-05-27 19:00:00+00:00,,PRE_TRADE_PROJECTED_EQUITY_BREACH
REJECTED,EURUSD,SELL,2021-05-28 06:00:00+00:00,,PRE_TRADE_PROJECTED_EQUITY_BREACH
REJECTED,EURUSD,SELL,2021-05-28 12:00:00+00:00,,PRE_TRADE_PROJECTED_EQUITY_BREACH
REJECTED,GBPUSD,SELL,2021-05-28 12:00:00+00:00,,PRE_TRADE_PROJECTED_EQUITY_BREACH
REJECTED,EURUSD,SELL,2021-05-28 13:00:00+00:00,,PRE_TRADE_PROJECTED_EQUITY_BREACH
REJECTED,GBPUSD,SELL,2021-05-28 13:00:00+00:00,,PRE_TRADE_PROJECTED_EQUITY_BREACH
REJECTED,EURUSD,BUY,2021-06-01 01:00:00+00:00,,PRE_TRADE_PROJECTED_EQUITY_BREACH
REJECTED,GBPUSD,BUY,2021-06-01 01:00:00+00:00,,PRE_TRADE_PROJECTED_EQUITY_BREACH
REJECTED,GBPUSD,BUY,2021-06-01 02:00:00+00:00,,PRE_TRADE_PROJECTED_EQUITY_BREACH
REJECTED,EURUSD,BUY,2021-06-01 08:00:00+00:00,,PRE_TRADE_PROJECTED_EQUITY_BREACH
REJECTED,GBPUSD,SELL,2021-06-01 13:00:00+00:00,,PRE_TRADE_PROJECTED_EQUITY_BREACH
REJECTED,EURUSD,BUY,2021-06-01 15:00:00+00:00,,PRE_TRADE_PROJECTED_EQUITY_BREACH
REJECTED,GBPUSD,SELL,2021-06-01 20:00:00+00:00,,PRE_TRADE_PROJECTED_EQUITY_BREACH
REJECTED,EURUSD,SELL,2021-06-01 21:00:00+00:00,,PRE_TRADE_PROJECTED_EQUITY_BREACH
REJECTED,GBPUSD,SELL,2021-06-01 21:00:00+00:00,,PRE_TRADE_PROJECTED_EQUITY_BREACH
REJECTED,EURUSD,SELL,2021-06-02 07:00:00+00:00,,PRE_TRADE_PROJECTED_EQUITY_BREACH
REJECTED,EURUSD,SELL,2021-06-02 08:00:00+00:00,,PRE_TRADE_PROJECTED_EQUITY_BREACH
REJECTED,GBPUSD,SELL,2021-06-02 08:00:00+00:00,,PRE_TRADE_PROJECTED_EQUITY_BREACH
REJECTED,EURUSD,SELL,2021-06-02 09:00:00+00:00,,PRE_TRADE_PROJECTED_EQUITY_BREACH
REJECTED,GBPUSD,SELL,2021-06-02 11:00:00+00:00,,PRE_TRADE_PROJECTED_EQUITY_BREACH
REJECTED,EURUSD,SELL,2021-06-03 13:00:00+00:00,,PRE_TRADE_PROJECTED_EQUITY_BREACH
REJECTED,EURUSD,SELL,2021-06-03 14:00:00+00:00,,PRE_TRADE_PROJECTED_EQUITY_BREACH
REJECTED,GBPUSD,SELL,2021-06-03 14:00:00+00:00,,PRE_TRADE_PROJECTED_EQUITY_BREACH
REJECTED,EURUSD,SELL,2021-06-03 16:00:00+00:00,,PRE_TRADE_PROJECTED_EQUITY_BREACH
REJECTED,GBPUSD,SELL,2021-06-03 16:00:00+00:00,,PRE_TRADE_PROJECTED_EQUITY_BREACH
REJECTED,EURUSD,SELL,2021-06-03 17:00:00+00:00,,PRE_TRADE_PROJECTED_EQUITY_BREACH
REJECTED,GBPUSD,SELL,2021-06-03 18:00:00+00:00,,PRE_TRADE_PROJECTED_EQUITY_BREACH
REJECTED,EURUSD,SELL,2021-06-04 05:00:00+00:00,,PRE_TRADE_PROJECTED_EQUITY_BREACH
REJECTED,EURUSD,SELL,2021-06-04 06:00:00+00:00,,PRE_TRADE_PROJECTED_EQUITY_BREACH
REJECTED,EURUSD,BUY,2021-06-04 13:00:00+00:00,,PRE_TRADE_PROJECTED_EQUITY_BREACH
REJECTED,GBPUSD,BUY,2021-06-04 13:00:00+00:00,,PRE_TRADE_PROJECTED_EQUITY_BREACH
REJECTED,EURUSD,BUY,2021-06-04 14:00:00+00:00,,PRE_TRADE_PROJECTED_EQUITY_BREACH
REJECTED,GBPUSD,BUY,2021-06-04 14:00:00+00:00,,PRE_TRADE_PROJECTED_EQUITY_BREACH
REJECTED,EURUSD,BUY,2021-06-07 14:00:00+00:00,,PRE_TRADE_PROJECTED_EQUITY_BREACH
REJECTED,EURUSD,BUY,2021-06-07 15:00:00+00:00,,PRE_TRADE_PROJECTED_EQUITY_BREACH
REJECTED,EURUSD,BUY,2021-06-07 16:00:00+00:00,,PRE_TRADE_PROJECTED_EQUITY_BREACH
REJECTED,GBPUSD,BUY,2021-06-07 18:00:00+00:00,,PRE_TRADE_PROJECTED_EQUITY_BREACH
REJECTED,GBPUSD,SELL,2021-06-08 08:00:00+00:00,,PRE_TRADE_PROJECTED_EQUITY_BREACH
REJECTED,GBPUSD,SELL,2021-06-08 14:00:00+00:00,,PRE_TRADE_PROJECTED_EQUITY_BREACH
REJECTED,GBPUSD,BUY,2021-06-09 03:00:00+00:00,,PRE_TRADE_PROJECTED_EQUITY_BREACH
REJECTED,GBPUSD,BUY,2021-06-09 07:00:00+00:00,,PRE_TRADE_PROJECTED_EQUITY_BREACH
REJECTED,GBPUSD,BUY,2021-06-09 09:00:00+00:00,,PRE_TRADE_PROJECTED_EQUITY_BREACH
REJECTED,GBPUSD,SELL,2021-06-09 13:00:00+00:00,,PRE_TRADE_PROJECTED_EQUITY_BREACH
REJECTED,EURUSD,BUY,2021-06-09 14:00:00+00:00,,PRE_TRADE_PROJECTED_EQUITY_BREACH
REJECTED,GBPUSD,SELL,2021-06-09 15:00:00+00:00,,PRE_TRADE_PROJECTED_EQUITY_BREACH
REJECTED,GBPUSD,SELL,2021-06-09 17:00:00+00:00,,PRE_TRADE_PROJECTED_EQUITY_BREACH
REJECTED,GBPUSD,SELL,2021-06-09 20:00:00+00:00,,PRE_TRADE_PROJECTED_EQUITY_BREACH
REJECTED,EURUSD,SELL,2021-06-10 01:00:00+00:00,,PRE_TRADE_PROJECTED_EQUITY_BREACH
REJECTED,EURUSD,SELL,2021-06-10 02:00:00+00:00,,PRE_TRADE_PROJECTED_EQUITY_BREACH
REJECTED,EURUSD,SELL,2021-06-10 03:00:00+00:00,,PRE_TRADE_PROJECTED_EQUITY_BREACH
REJECTED,EURUSD,SELL,2021-06-10 05:00:00+00:00,,PRE_TRADE_PROJECTED_EQUITY_BREACH
REJECTED,GBPUSD,SELL,2021-06-10 05:00:00+00:00,,PRE_TRADE_PROJECTED_EQUITY_BREACH
REJECTED,EURUSD,SELL,2021-06-10 08:00:00+00:00,,PRE_TRADE_PROJECTED_EQUITY_BREACH
REJECTED,GBPUSD,SELL,2021-06-10 08:00:00+00:00,,PRE_TRADE_PROJECTED_EQUITY_BREACH
REJECTED,GBPUSD,BUY,2021-06-10 13:00:00+00:00,,PRE_TRADE_PROJECTED_EQUITY_BREACH
REJECTED,GBPUSD,BUY,2021-06-10 14:00:00+00:00,,PRE_TRADE_PROJECTED_EQUITY_BREACH
REJECTED,GBPUSD,BUY,2021-06-11 04:00:00+00:00,,PRE_TRADE_PROJECTED_EQUITY_BREACH
REJECTED,GBPUSD,BUY,2021-06-11 05:00:00+00:00,,PRE_TRADE_PROJECTED_EQUITY_BREACH
REJECTED,EURUSD,SELL,2021-06-11 11:00:00+00:00,,PRE_TRADE_PROJECTED_EQUITY_BREACH
REJECTED,EURUSD,SELL,2021-06-11 12:00:00+00:00,,PRE_TRADE_PROJECTED_EQUITY_BREACH
REJECTED,EURUSD,SELL,2021-06-11 13:00:00+00:00,,PRE_TRADE_PROJECTED_EQUITY_BREACH
REJECTED,GBPUSD,SELL,2021-06-11 13:00:00+00:00,,PRE_TRADE_PROJECTED_EQUITY_BREACH
REJECTED,EURUSD,SELL,2021-06-11 14:00:00+00:00,,PRE_TRADE_PROJECTED_EQUITY_BREACH
REJECTED,GBPUSD,SELL,2021-06-11 14:00:00+00:00,,PRE_TRADE_PROJECTED_EQUITY_BREACH
REJECTED,EURUSD,SELL,2021-06-11 15:00:00+00:00,,PRE_TRADE_PROJECTED_EQUITY_BREACH
REJECTED,EURUSD,SELL,2021-06-11 16:00:00+00:00,,PRE_TRADE_PROJECTED_EQUITY_BREACH
REJECTED,GBPUSD,SELL,2021-06-14 09:00:00+00:00,,PRE_TRADE_PROJECTED_EQUITY_BREACH
REJECTED,EURUSD,BUY,2021-06-15 07:00:00+00:00,,PRE_TRADE_PROJECTED_EQUITY_BREACH
REJECTED,EURUSD,BUY,2021-06-15 08:00:00+00:00,,PRE_TRADE_PROJECTED_EQUITY_BREACH
REJECTED,GBPUSD,SELL,2021-06-15 09:00:00+00:00,,PRE_TRADE_PROJECTED_EQUITY_BREACH
REJECTED,GBPUSD,SELL,2021-06-15 10:00:00+00:00,,PRE_TRADE_PROJECTED_EQUITY_BREACH
REJECTED,EURUSD,SELL,2021-06-15 12:00:00+00:00,,PRE_TRADE_PROJECTED_EQUITY_BREACH
REJECTED,GBPUSD,SELL,2021-06-15 12:00:00+00:00,,PRE_TRADE_PROJECTED_EQUITY_BREACH
REJECTED,GBPUSD,BUY,2021-06-16 07:00:00+00:00,,PRE_TRADE_PROJECTED_EQUITY_BREACH
REJECTED,EURUSD,SELL,2021-06-16 19:00:00+00:00,,PRE_TRADE_PROJECTED_EQUITY_BREACH
REJECTED,GBPUSD,SELL,2021-06-16 19:00:00+00:00,,PRE_TRADE_PROJECTED_EQUITY_BREACH
REJECTED,EURUSD,SELL,2021-06-16 20:00:00+00:00,,PRE_TRADE_PROJECTED_EQUITY_BREACH
REJECTED,GBPUSD,SELL,2021-06-16 20:00:00+00:00,,PRE_TRADE_PROJECTED_EQUITY_BREACH
REJECTED,EURUSD,SELL,2021-06-16 21:00:00+00:00,,PRE_TRADE_PROJECTED_EQUITY_BREACH
REJECTED,GBPUSD,SELL,2021-06-16 21:00:00+00:00,,PRE_TRADE_PROJECTED_EQUITY_BREACH
REJECTED,EURUSD,SELL,2021-06-16 22:00:00+00:00,,PRE_TRADE_PROJECTED_EQUITY_BREACH
REJECTED,GBPUSD,SELL,2021-06-17 01:00:00+00:00,,PRE_TRADE_PROJECTED_EQUITY_BREACH
REJECTED,EURUSD,SELL,2021-06-17 08:00:00+00:00,,PRE_TRADE_PROJECTED_EQUITY_BREACH
REJECTED,EURUSD,SELL,2021-06-17 11:00:00+00:00,,PRE_TRADE_PROJECTED_EQUITY_BREACH
REJECTED,GBPUSD,SELL,2021-06-17 11:00:00+00:00,,PRE_TRADE_PROJECTED_EQUITY_BREACH
REJECTED,GBPUSD,SELL,2021-06-17 13:00:00+00:00,,PRE_TRADE_PROJECTED_EQUITY_BREACH
REJECTED,EURUSD,SELL,2021-06-17 16:00:00+00:00,,PRE_TRADE_PROJECTED_EQUITY_BREACH
REJECTED,GBPUSD,SELL,2021-06-17 16:00:00+00:00,,PRE_TRADE_PROJECTED_EQUITY_BREACH
REJECTED,EURUSD,SELL,2021-06-17 17:00:00+00:00,,PRE_TRADE_PROJECTED_EQUITY_BREACH
REJECTED,GBPUSD,SELL,2021-06-17 17:00:00+00:00,,PRE_TRADE_PROJECTED_EQUITY_BREACH
REJECTED,EURUSD,SELL,2021-06-18 07:00:00+00:00,,PRE_TRADE_PROJECTED_EQUITY_BREACH
REJECTED,GBPUSD,SELL,2021-06-18 07:00:00+00:00,,PRE_TRADE_PROJECTED_EQUITY_BREACH
REJECTED,GBPUSD,SELL,2021-06-18 13:00:00+00:00,,PRE_TRADE_PROJECTED_EQUITY_BREACH
REJECTED,EURUSD,SELL,2021-06-18 14:00:00+00:00,,PRE_TRADE_PROJECTED_EQUITY_BREACH
REJECTED,GBPUSD,SELL,2021-06-18 14:00:00+00:00,,PRE_TRADE_PROJECTED_EQUITY_BREACH
REJECTED,EURUSD,SELL,2021-06-18 15:00:00+00:00,,PRE_TRADE_PROJECTED_EQUITY_BREACH
REJECTED,GBPUSD,SELL,2021-06-18 15:00:00+00:00,,PRE_TRADE_PROJECTED_EQUITY_BREACH
REJECTED,EURUSD,BUY,2021-06-21 10:00:00+00:00,,PRE_TRADE_PROJECTED_EQUITY_BREACH
REJECTED,GBPUSD,BUY,2021-06-21 10:00:00+00:00,,PRE_TRADE_PROJECTED_EQUITY_BREACH
REJECTED,EURUSD,BUY,2021-06-21 14:00:00+00:00,,PRE_TRADE_PROJECTED_EQUITY_BREACH
REJECTED,GBPUSD,BUY,2021-06-21 14:00:00+00:00,,PRE_TRADE_PROJECTED_EQUITY_BREACH
REJECTED,GBPUSD,BUY,2021-06-21 15:00:00+00:00,,PRE_TRADE_PROJECTED_EQUITY_BREACH
REJECTED,GBPUSD,BUY,2021-06-21 17:00:00+00:00,,PRE_TRADE_PROJECTED_EQUITY_BREACH
REJECTED,EURUSD,SELL,2021-06-22 10:00:00+00:00,,PRE_TRADE_PROJECTED_EQUITY_BREACH
REJECTED,EURUSD,BUY,2021-06-22 17:00:00+00:00,,PRE_TRADE_PROJECTED_EQUITY_BREACH
REJECTED,GBPUSD,BUY,2021-06-22 17:00:00+00:00,,PRE_TRADE_PROJECTED_EQUITY_BREACH
REJECTED,GBPUSD,BUY,2021-06-22 20:00:00+00:00,,PRE_TRADE_PROJECTED_EQUITY_BREACH
REJECTED,GBPUSD,BUY,2021-06-23 08:00:00+00:00,,PRE_TRADE_PROJECTED_EQUITY_BREACH
REJECTED,EURUSD,BUY,2021-06-23 13:00:00+00:00,,PRE_TRADE_PROJECTED_EQUITY_BREACH
REJECTED,EURUSD,BUY,2021-06-23 14:00:00+00:00,,PRE_TRADE_PROJECTED_EQUITY_BREACH
REJECTED,GBPUSD,BUY,2021-06-23 14:00:00+00:00,,PRE_TRADE_PROJECTED_EQUITY_BREACH
REJECTED,GBPUSD,SELL,2021-06-24 12:00:00+00:00,,PRE_TRADE_PROJECTED_EQUITY_BREACH
REJECTED,EURUSD,BUY,2021-06-24 13:00:00+00:00,,PRE_TRADE_PROJECTED_EQUITY_BREACH
REJECTED,EURUSD,BUY,2021-06-25 13:00:00+00:00,,PRE_TRADE_PROJECTED_EQUITY_BREACH
REJECTED,EURUSD,BUY,2021-06-25 14:00:00+00:00,,PRE_TRADE_PROJECTED_EQUITY_BREACH
REJECTED,GBPUSD,SELL,2021-06-25 18:00:00+00:00,,PRE_TRADE_PROJECTED_EQUITY_BREACH
REJECTED,GBPUSD,SELL,2021-06-25 19:00:00+00:00,,PRE_TRADE_PROJECTED_EQUITY_BREACH
REJECTED,EURUSD,SELL,2021-06-28 12:00:00+00:00,,PRE_TRADE_PROJECTED_EQUITY_BREACH
REJECTED,GBPUSD,SELL,2021-06-28 20:00:00+00:00,,PRE_TRADE_PROJECTED_EQUITY_BREACH
REJECTED,GBPUSD,SELL,2021-06-29 01:00:00+00:00,,PRE_TRADE_PROJECTED_EQUITY_BREACH
REJECTED,GBPUSD,SELL,2021-06-29 08:00:00+00:00,,PRE_TRADE_PROJECTED_EQUITY_BREACH
REJECTED,EURUSD,SELL,2021-06-29 09:00:00+00:00,,PRE_TRADE_PROJECTED_EQUITY_BREACH
REJECTED,GBPUSD,SELL,2021-06-29 09:00:00+00:00,,PRE_TRADE_PROJECTED_EQUITY_BREACH
REJECTED,EURUSD,SELL,2021-06-29 12:00:00+00:00,,PRE_TRADE_PROJECTED_EQUITY_BREACH
REJECTED,GBPUSD,SELL,2021-06-29 12:00:00+00:00,,PRE_TRADE_PROJECTED_EQUITY_BREACH
REJECTED,EURUSD,SELL,2021-06-29 13:00:00+00:00,,PRE_TRADE_PROJECTED_EQUITY_BREACH
REJECTED,GBPUSD,BUY,2021-06-30 11:00:00+00:00,,PRE_TRADE_PROJECTED_EQUITY_BREACH
REJECTED,EURUSD,SELL,2021-06-30 13:00:00+00:00,,PRE_TRADE_PROJECTED_EQUITY_BREACH
REJECTED,EURUSD,SELL,2021-06-30 14:00:00+00:00,,PRE_TRADE_PROJECTED_EQUITY_BREACH
REJECTED,EURUSD,SELL,2021-06-30 15:00:00+00:00,,PRE_TRADE_PROJECTED_EQUITY_BREACH
REJECTED,EURUSD,SELL,2021-06-30 16:00:00+00:00,,PRE_TRADE_PROJECTED_EQUITY_BREACH
REJECTED,GBPUSD,SELL,2021-06-30 16:00:00+00:00,,PRE_TRADE_PROJECTED_EQUITY_BREACH
REJECTED,GBPUSD,SELL,2021-06-30 17:00:00+00:00,,PRE_TRADE_PROJECTED_EQUITY_BREACH
REJECTED,EURUSD,SELL,2021-07-01 06:00:00+00:00,,PRE_TRADE_PROJECTED_EQUITY_BREACH
REJECTED,GBPUSD,SELL,2021-07-01 09:00:00+00:00,,PRE_TRADE_PROJECTED_EQUITY_BREACH
REJECTED,EURUSD,BUY,2021-07-01 12:00:00+00:00,,PRE_TRADE_PROJECTED_EQUITY_BREACH
REJECTED,GBPUSD,SELL,2021-07-01 19:00:00+00:00,,PRE_TRADE_PROJECTED_EQUITY_BREACH
REJECTED,EURUSD,SELL,2021-07-02 07:00:00+00:00,,PRE_TRADE_PROJECTED_EQUITY_BREACH
REJECTED,EURUSD,SELL,2021-07-02 08:00:00+00:00,,PRE_TRADE_PROJECTED_EQUITY_BREACH
REJECTED,GBPUSD,SELL,2021-07-02 11:00:00+00:00,,PRE_TRADE_PROJECTED_EQUITY_BREACH
REJECTED,GBPUSD,BUY,2021-07-02 13:00:00+00:00,,PRE_TRADE_PROJECTED_EQUITY_BREACH
REJECTED,GBPUSD,BUY,2021-07-02 16:00:00+00:00,,PRE_TRADE_PROJECTED_EQUITY_BREACH
REJECTED,GBPUSD,BUY,2021-07-02 17:00:00+00:00,,PRE_TRADE_PROJECTED_EQUITY_BREACH
REJECTED,EURUSD,BUY,2021-07-02 18:00:00+00:00,,PRE_TRADE_PROJECTED_EQUITY_BREACH
REJECTED,GBPUSD,BUY,2021-07-02 18:00:00+00:00,,PRE_TRADE_PROJECTED_EQUITY_BREACH
REJECTED,GBPUSD,BUY,2021-07-02 19:00:00+00:00,,PRE_TRADE_PROJECTED_EQUITY_BREACH
REJECTED,GBPUSD,BUY,2021-07-05 08:00:00+00:00,,PRE_TRADE_PROJECTED_EQUITY_BREACH
REJECTED,GBPUSD,BUY,2021-07-05 09:00:00+00:00,,PRE_TRADE_PROJECTED_EQUITY_BREACH
REJECTED,EURUSD,BUY,2021-07-05 10:00:00+00:00,,PRE_TRADE_PROJECTED_EQUITY_BREACH
REJECTED,GBPUSD,BUY,2021-07-05 11:00:00+00:00,,PRE_TRADE_PROJECTED_EQUITY_BREACH
REJECTED,GBPUSD,BUY,2021-07-06 02:00:00+00:00,,PRE_TRADE_PROJECTED_EQUITY_BREACH
REJECTED,GBPUSD,BUY,2021-07-06 03:00:00+00:00,,PRE_TRADE_PROJECTED_EQUITY_BREACH
REJECTED,GBPUSD,BUY,2021-07-06 04:00:00+00:00,,PRE_TRADE_PROJECTED_EQUITY_BREACH
REJECTED,EURUSD,BUY,2021-07-06 06:00:00+00:00,,PRE_TRADE_PROJECTED_EQUITY_BREACH
REJECTED,GBPUSD,BUY,2021-07-06 06:00:00+00:00,,PRE_TRADE_PROJECTED_EQUITY_BREACH
REJECTED,EURUSD,BUY,2021-07-06 07:00:00+00:00,,PRE_TRADE_PROJECTED_EQUITY_BREACH
REJECTED,GBPUSD,BUY,2021-07-06 07:00:00+00:00,,PRE_TRADE_PROJECTED_EQUITY_BREACH
REJECTED,EURUSD,SELL,2021-07-06 09:00:00+00:00,,PRE_TRADE_PROJECTED_EQUITY_BREACH
REJECTED,EURUSD,SELL,2021-07-06 10:00:00+00:00,,PRE_TRADE_PROJECTED_EQUITY_BREACH
REJECTED,GBPUSD,SELL,2021-07-06 15:00:00+00:00,,PRE_TRADE_PROJECTED_EQUITY_BREACH
REJECTED,EURUSD,SELL,2021-07-06 16:00:00+00:00,,PRE_TRADE_PROJECTED_EQUITY_BREACH
REJECTED,GBPUSD,SELL,2021-07-06 16:00:00+00:00,,PRE_TRADE_PROJECTED_EQUITY_BREACH
REJECTED,GBPUSD,SELL,2021-07-06 17:00:00+00:00,,PRE_TRADE_PROJECTED_EQUITY_BREACH
REJECTED,GBPUSD,BUY,2021-07-07 12:00:00+00:00,,PRE_TRADE_PROJECTED_EQUITY_BREACH
REJECTED,EURUSD,SELL,2021-07-07 14:00:00+00:00,,PRE_TRADE_PROJECTED_EQUITY_BREACH
REJECTED,EURUSD,SELL,2021-07-07 15:00:00+00:00,,PRE_TRADE_PROJECTED_EQUITY_BREACH
REJECTED,EURUSD,BUY,2021-07-08 10:00:00+00:00,,PRE_TRADE_PROJECTED_EQUITY_BREACH
REJECTED,EURUSD,BUY,2021-07-08 11:00:00+00:00,,PRE_TRADE_PROJECTED_EQUITY_BREACH
REJECTED,EURUSD,BUY,2021-07-08 13:00:00+00:00,,PRE_TRADE_PROJECTED_EQUITY_BREACH
REJECTED,GBPUSD,BUY,2021-07-09 10:00:00+00:00,,PRE_TRADE_PROJECTED_EQUITY_BREACH
REJECTED,GBPUSD,BUY,2021-07-09 11:00:00+00:00,,PRE_TRADE_PROJECTED_EQUITY_BREACH
REJECTED,GBPUSD,BUY,2021-07-09 12:00:00+00:00,,PRE_TRADE_PROJECTED_EQUITY_BREACH
REJECTED,EURUSD,BUY,2021-07-09 13:00:00+00:00,,PRE_TRADE_PROJECTED_EQUITY_BREACH
REJECTED,GBPUSD,BUY,2021-07-09 13:00:00+00:00,,PRE_TRADE_PROJECTED_EQUITY_BREACH
REJECTED,GBPUSD,BUY,2021-07-09 14:00:00+00:00,,PRE_TRADE_PROJECTED_EQUITY_BREACH
REJECTED,GBPUSD,BUY,2021-07-09 18:00:00+00:00,,PRE_TRADE_PROJECTED_EQUITY_BREACH
REJECTED,EURUSD,BUY,2021-07-09 19:00:00+00:00,,PRE_TRADE_PROJECTED_EQUITY_BREACH
REJECTED,GBPUSD,BUY,2021-07-09 19:00:00+00:00,,PRE_TRADE_PROJECTED_EQUITY_BREACH
REJECTED,EURUSD,BUY,2021-07-09 20:00:00+00:00,,PRE_TRADE_PROJECTED_EQUITY_BREACH
REJECTED,GBPUSD,BUY,2021-07-09 20:00:00+00:00,,PRE_TRADE_PROJECTED_EQUITY_BREACH
REJECTED,EURUSD,SELL,2021-07-12 10:00:00+00:00,,PRE_TRADE_PROJECTED_EQUITY_BREACH
REJECTED,EURUSD,SELL,2021-07-12 11:00:00+00:00,,PRE_TRADE_PROJECTED_EQUITY_BREACH
REJECTED,EURUSD,SELL,2021-07-12 12:00:00+00:00,,PRE_TRADE_PROJECTED_EQUITY_BREACH
REJECTED,EURUSD,SELL,2021-07-13 13:00:00+00:00,,PRE_TRADE_PROJECTED_EQUITY_BREACH
REJECTED,GBPUSD,SELL,2021-07-13 13:00:00+00:00,,PRE_TRADE_PROJECTED_EQUITY_BREACH
REJECTED,EURUSD,SELL,2021-07-13 18:00:00+00:00,,PRE_TRADE_PROJECTED_EQUITY_BREACH
REJECTED,EURUSD,SELL,2021-07-13 19:00:00+00:00,,PRE_TRADE_PROJECTED_EQUITY_BREACH
REJECTED,EURUSD,SELL,2021-07-13 20:00:00+00:00,,PRE_TRADE_PROJECTED_EQUITY_BREACH
REJECTED,GBPUSD,BUY,2021-07-14 11:00:00+00:00,,PRE_TRADE_PROJECTED_EQUITY_BREACH
REJECTED,EURUSD,BUY,2021-07-14 13:00:00+00:00,,PRE_TRADE_PROJECTED_EQUITY_BREACH
REJECTED,GBPUSD,BUY,2021-07-14 13:00:00+00:00,,PRE_TRADE_PROJECTED_EQUITY_BREACH
REJECTED,EURUSD,BUY,2021-07-14 17:00:00+00:00,,PRE_TRADE_PROJECTED_EQUITY_BREACH
REJECTED,EURUSD,BUY,2021-07-15 06:00:00+00:00,,PRE_TRADE_PROJECTED_EQUITY_BREACH
REJECTED,GBPUSD,SELL,2021-07-15 08:00:00+00:00,,PRE_TRADE_PROJECTED_EQUITY_BREACH
REJECTED,EURUSD,BUY,2021-07-15 09:00:00+00:00,,PRE_TRADE_PROJECTED_EQUITY_BREACH
REJECTED,EURUSD,SELL,2021-07-15 12:00:00+00:00,,PRE_TRADE_PROJECTED_EQUITY_BREACH
REJECTED,EURUSD,SELL,2021-07-15 13:00:00+00:00,,PRE_TRADE_PROJECTED_EQUITY_BREACH
REJECTED,EURUSD,SELL,2021-07-15 17:00:00+00:00,,PRE_TRADE_PROJECTED_EQUITY_BREACH
REJECTED,GBPUSD,SELL,2021-07-15 18:00:00+00:00,,PRE_TRADE_PROJECTED_EQUITY_BREACH
REJECTED,EURUSD,SELL,2021-07-16 12:00:00+00:00,,PRE_TRADE_PROJECTED_EQUITY_BREACH
REJECTED,GBPUSD,SELL,2021-07-16 15:00:00+00:00,,PRE_TRADE_PROJECTED_EQUITY_BREACH
REJECTED,GBPUSD,SELL,2021-07-16 19:00:00+00:00,,PRE_TRADE_PROJECTED_EQUITY_BREACH
REJECTED,GBPUSD,SELL,2021-07-16 20:00:00+00:00,,PRE_TRADE_PROJECTED_EQUITY_BREACH
REJECTED,GBPUSD,SELL,2021-07-19 01:00:00+00:00,,PRE_TRADE_PROJECTED_EQUITY_BREACH
REJECTED,GBPUSD,SELL,2021-07-19 03:00:00+00:00,,PRE_TRADE_PROJECTED_EQUITY_BREACH
REJECTED,EURUSD,SELL,2021-07-19 08:00:00+00:00,,PRE_TRADE_PROJECTED_EQUITY_BREACH
REJECTED,GBPUSD,SELL,2021-07-19 08:00:00+00:00,,PRE_TRADE_PROJECTED_EQUITY_BREACH
REJECTED,EURUSD,SELL,2021-07-19 09:00:00+00:00,,PRE_TRADE_PROJECTED_EQUITY_BREACH
REJECTED,GBPUSD,SELL,2021-07-19 09:00:00+00:00,,PRE_TRADE_PROJECTED_EQUITY_BREACH
REJECTED,EURUSD,BUY,2021-07-19 14:00:00+00:00,,PRE_TRADE_PROJECTED_EQUITY_BREACH
REJECTED,GBPUSD,SELL,2021-07-19 15:00:00+00:00,,PRE_TRADE_PROJECTED_EQUITY_BREACH
REJECTED,GBPUSD,SELL,2021-07-19 19:00:00+00:00,,PRE_TRADE_PROJECTED_EQUITY_BREACH
REJECTED,GBPUSD,SELL,2021-07-20 07:00:00+00:00,,PRE_TRADE_PROJECTED_EQUITY_BREACH
REJECTED,GBPUSD,SELL,2021-07-20 11:00:00+00:00,,PRE_TRADE_PROJECTED_EQUITY_BREACH
REJECTED,GBPUSD,SELL,2021-07-20 13:00:00+00:00,,PRE_TRADE_PROJECTED_EQUITY_BREACH
REJECTED,EURUSD,BUY,2021-07-21 14:00:00+00:00,,PRE_TRADE_PROJECTED_EQUITY_BREACH
REJECTED,GBPUSD,BUY,2021-07-21 14:00:00+00:00,,PRE_TRADE_PROJECTED_EQUITY_BREACH
REJECTED,EURUSD,BUY,2021-07-21 15:00:00+00:00,,PRE_TRADE_PROJECTED_EQUITY_BREACH
REJECTED,GBPUSD,BUY,2021-07-21 16:00:00+00:00,,PRE_TRADE_PROJECTED_EQUITY_BREACH
REJECTED,GBPUSD,BUY,2021-07-21 17:00:00+00:00,,PRE_TRADE_PROJECTED_EQUITY_BREACH
REJECTED,GBPUSD,BUY,2021-07-21 18:00:00+00:00,,PRE_TRADE_PROJECTED_EQUITY_BREACH
REJECTED,GBPUSD,BUY,2021-07-22 07:00:00+00:00,,PRE_TRADE_PROJECTED_EQUITY_BREACH
REJECTED,GBPUSD,BUY,2021-07-22 08:00:00+00:00,,PRE_TRADE_PROJECTED_EQUITY_BREACH
REJECTED,GBPUSD,BUY,2021-07-22 11:00:00+00:00,,PRE_TRADE_PROJECTED_EQUITY_BREACH
REJECTED,GBPUSD,BUY,2021-07-22 12:00:00+00:00,,PRE_TRADE_PROJECTED_EQUITY_BREACH
REJECTED,EURUSD,BUY,2021-07-22 14:00:00+00:00,,PRE_TRADE_PROJECTED_EQUITY_BREACH
REJECTED,EURUSD,SELL,2021-07-22 16:00:00+00:00,,PRE_TRADE_PROJECTED_EQUITY_BREACH
REJECTED,EURUSD,SELL,2021-07-22 17:00:00+00:00,,PRE_TRADE_PROJECTED_EQUITY_BREACH
REJECTED,GBPUSD,SELL,2021-07-23 09:00:00+00:00,,PRE_TRADE_PROJECTED_EQUITY_BREACH
REJECTED,EURUSD,BUY,2021-07-26 06:00:00+00:00,,PRE_TRADE_PROJECTED_EQUITY_BREACH
REJECTED,GBPUSD,BUY,2021-07-26 10:00:00+00:00,,PRE_TRADE_PROJECTED_EQUITY_BREACH
REJECTED,EURUSD,BUY,2021-07-26 14:00:00+00:00,,PRE_TRADE_PROJECTED_EQUITY_BREACH
REJECTED,GBPUSD,BUY,2021-07-26 14:00:00+00:00,,PRE_TRADE_PROJECTED_EQUITY_BREACH
REJECTED,EURUSD,BUY,2021-07-27 13:00:00+00:00,,PRE_TRADE_PROJECTED_EQUITY_BREACH
REJECTED,GBPUSD,BUY,2021-07-27 15:00:00+00:00,,PRE_TRADE_PROJECTED_EQUITY_BREACH
REJECTED,EURUSD,BUY,2021-07-27 16:00:00+00:00,,PRE_TRADE_PROJECTED_EQUITY_BREACH
REJECTED,GBPUSD,BUY,2021-07-27 16:00:00+00:00,,PRE_TRADE_PROJECTED_EQUITY_BREACH
REJECTED,EURUSD,SELL,2021-07-28 13:00:00+00:00,,PRE_TRADE_PROJECTED_EQUITY_BREACH
REJECTED,EURUSD,SELL,2021-07-28 14:00:00+00:00,,PRE_TRADE_PROJECTED_EQUITY_BREACH
REJECTED,GBPUSD,SELL,2021-07-28 14:00:00+00:00,,PRE_TRADE_PROJECTED_EQUITY_BREACH
REJECTED,EURUSD,BUY,2021-07-28 19:00:00+00:00,,PRE_TRADE_PROJECTED_EQUITY_BREACH
REJECTED,GBPUSD,BUY,2021-07-28 19:00:00+00:00,,PRE_TRADE_PROJECTED_EQUITY_BREACH
REJECTED,EURUSD,BUY,2021-07-28 20:00:00+00:00,,PRE_TRADE_PROJECTED_EQUITY_BREACH
REJECTED,GBPUSD,BUY,2021-07-29 02:00:00+00:00,,PRE_TRADE_PROJECTED_EQUITY_BREACH
REJECTED,EURUSD,BUY,2021-07-29 03:00:00+00:00,,PRE_TRADE_PROJECTED_EQUITY_BREACH
REJECTED,GBPUSD,BUY,2021-07-29 03:00:00+00:00,,PRE_TRADE_PROJECTED_EQUITY_BREACH
REJECTED,GBPUSD,BUY,2021-07-29 06:00:00+00:00,,PRE_TRADE_PROJECTED_EQUITY_BREACH
REJECTED,EURUSD,BUY,2021-07-29 08:00:00+00:00,,PRE_TRADE_PROJECTED_EQUITY_BREACH
REJECTED,EURUSD,BUY,2021-07-29 09:00:00+00:00,,PRE_TRADE_PROJECTED_EQUITY_BREACH
REJECTED,GBPUSD,BUY,2021-07-29 09:00:00+00:00,,PRE_TRADE_PROJECTED_EQUITY_BREACH
REJECTED,EURUSD,BUY,2021-07-29 13:00:00+00:00,,PRE_TRADE_PROJECTED_EQUITY_BREACH
REJECTED,GBPUSD,BUY,2021-07-29 14:00:00+00:00,,PRE_TRADE_PROJECTED_EQUITY_BREACH
REJECTED,EURUSD,BUY,2021-07-29 15:00:00+00:00,,PRE_TRADE_PROJECTED_EQUITY_BREACH
REJECTED,EURUSD,BUY,2021-07-29 19:00:00+00:00,,PRE_TRADE_PROJECTED_EQUITY_BREACH
REJECTED,GBPUSD,SELL,2021-07-30 06:00:00+00:00,,PRE_TRADE_PROJECTED_EQUITY_BREACH
REJECTED,EURUSD,BUY,2021-07-30 08:00:00+00:00,,PRE_TRADE_PROJECTED_EQUITY_BREACH
REJECTED,EURUSD,BUY,2021-07-30 09:00:00+00:00,,PRE_TRADE_PROJECTED_EQUITY_BREACH
REJECTED,EURUSD,SELL,2021-07-30 15:00:00+00:00,,PRE_TRADE_PROJECTED_EQUITY_BREACH
REJECTED,GBPUSD,SELL,2021-07-30 15:00:00+00:00,,PRE_TRADE_PROJECTED_EQUITY_BREACH
REJECTED,EURUSD,BUY,2021-08-02 10:00:00+00:00,,PRE_TRADE_PROJECTED_EQUITY_BREACH
REJECTED,GBPUSD,BUY,2021-08-03 11:00:00+00:00,,PRE_TRADE_PROJECTED_EQUITY_BREACH
REJECTED,EURUSD,BUY,2021-08-03 12:00:00+00:00,,PRE_TRADE_PROJECTED_EQUITY_BREACH
REJECTED,EURUSD,SELL,2021-08-03 15:00:00+00:00,,PRE_TRADE_PROJECTED_EQUITY_BREACH
REJECTED,GBPUSD,BUY,2021-08-04 07:00:00+00:00,,PRE_TRADE_PROJECTED_EQUITY_BREACH
REJECTED,EURUSD,SELL,2021-08-04 09:00:00+00:00,,PRE_TRADE_PROJECTED_EQUITY_BREACH
REJECTED,EURUSD,BUY,2021-08-04 13:00:00+00:00,,PRE_TRADE_PROJECTED_EQUITY_BREACH
REJECTED,EURUSD,BUY,2021-08-04 14:00:00+00:00,,PRE_TRADE_PROJECTED_EQUITY_BREACH
REJECTED,GBPUSD,BUY,2021-08-04 14:00:00+00:00,,PRE_TRADE_PROJECTED_EQUITY_BREACH
REJECTED,GBPUSD,SELL,2021-08-04 17:00:00+00:00,,PRE_TRADE_PROJECTED_EQUITY_BREACH
REJECTED,GBPUSD,SELL,2021-08-04 19:00:00+00:00,,PRE_TRADE_PROJECTED_EQUITY_BREACH
REJECTED,GBPUSD,SELL,2021-08-04 20:00:00+00:00,,PRE_TRADE_PROJECTED_EQUITY_BREACH
REJECTED,EURUSD,SELL,2021-08-05 01:00:00+00:00,,PRE_TRADE_PROJECTED_EQUITY_BREACH
REJECTED,GBPUSD,SELL,2021-08-05 03:00:00+00:00,,PRE_TRADE_PROJECTED_EQUITY_BREACH
REJECTED,EURUSD,BUY,2021-08-05 12:00:00+00:00,,PRE_TRADE_PROJECTED_EQUITY_BREACH
REJECTED,EURUSD,SELL,2021-08-06 01:00:00+00:00,,PRE_TRADE_PROJECTED_EQUITY_BREACH
REJECTED,EURUSD,SELL,2021-08-06 03:00:00+00:00,,PRE_TRADE_PROJECTED_EQUITY_BREACH
REJECTED,EURUSD,SELL,2021-08-06 09:00:00+00:00,,PRE_TRADE_PROJECTED_EQUITY_BREACH
REJECTED,EURUSD,SELL,2021-08-06 11:00:00+00:00,,PRE_TRADE_PROJECTED_EQUITY_BREACH
REJECTED,EURUSD,SELL,2021-08-06 13:00:00+00:00,,PRE_TRADE_PROJECTED_EQUITY_BREACH
REJECTED,GBPUSD,SELL,2021-08-06 13:00:00+00:00,,PRE_TRADE_PROJECTED_EQUITY_BREACH
REJECTED,EURUSD,SELL,2021-08-06 14:00:00+00:00,,PRE_TRADE_PROJECTED_EQUITY_BREACH
REJECTED,GBPUSD,SELL,2021-08-06 14:00:00+00:00,,PRE_TRADE_PROJECTED_EQUITY_BREACH
REJECTED,EURUSD,SELL,2021-08-06 15:00:00+00:00,,PRE_TRADE_PROJECTED_EQUITY_BREACH
REJECTED,GBPUSD,SELL,2021-08-06 15:00:00+00:00,,PRE_TRADE_PROJECTED_EQUITY_BREACH
REJECTED,EURUSD,SELL,2021-08-08 23:00:00+00:00,,PRE_TRADE_PROJECTED_EQUITY_BREACH
REJECTED,EURUSD,SELL,2021-08-09 00:00:00+00:00,,PRE_TRADE_PROJECTED_EQUITY_BREACH
REJECTED,GBPUSD,SELL,2021-08-09 15:00:00+00:00,,PRE_TRADE_PROJECTED_EQUITY_BREACH
REJECTED,EURUSD,SELL,2021-08-09 20:00:00+00:00,,PRE_TRADE_PROJECTED_EQUITY_BREACH
REJECTED,GBPUSD,SELL,2021-08-10 02:00:00+00:00,,PRE_TRADE_PROJECTED_EQUITY_BREACH
REJECTED,EURUSD,SELL,2021-08-10 08:00:00+00:00,,PRE_TRADE_PROJECTED_EQUITY_BREACH
REJECTED,EURUSD,SELL,2021-08-10 10:00:00+00:00,,PRE_TRADE_PROJECTED_EQUITY_BREACH
REJECTED,EURUSD,SELL,2021-08-10 13:00:00+00:00,,PRE_TRADE_PROJECTED_EQUITY_BREACH
REJECTED,GBPUSD,SELL,2021-08-10 17:00:00+00:00,,PRE_TRADE_PROJECTED_EQUITY_BREACH
REJECTED,GBPUSD,SELL,2021-08-11 01:00:00+00:00,,PRE_TRADE_PROJECTED_EQUITY_BREACH
REJECTED,EURUSD,SELL,2021-08-11 07:00:00+00:00,,PRE_TRADE_PROJECTED_EQUITY_BREACH
REJECTED,GBPUSD,SELL,2021-08-11 08:00:00+00:00,,PRE_TRADE_PROJECTED_EQUITY_BREACH
REJECTED,GBPUSD,SELL,2021-08-11 09:00:00+00:00,,PRE_TRADE_PROJECTED_EQUITY_BREACH
REJECTED,EURUSD,BUY,2021-08-11 13:00:00+00:00,,PRE_TRADE_PROJECTED_EQUITY_BREACH
REJECTED,GBPUSD,BUY,2021-08-11 13:00:00+00:00,,PRE_TRADE_PROJECTED_EQUITY_BREACH
REJECTED,GBPUSD,BUY,2021-08-11 17:00:00+00:00,,PRE_TRADE_PROJECTED_EQUITY_BREACH
REJECTED,GBPUSD,SELL,2021-08-12 12:00:00+00:00,,PRE_TRADE_PROJECTED_EQUITY_BREACH
REJECTED,GBPUSD,SELL,2021-08-12 17:00:00+00:00,,PRE_TRADE_PROJECTED_EQUITY_BREACH
REJECTED,GBPUSD,SELL,2021-08-12 18:00:00+00:00,,PRE_TRADE_PROJECTED_EQUITY_BREACH
REJECTED,GBPUSD,SELL,2021-08-12 19:00:00+00:00,,PRE_TRADE_PROJECTED_EQUITY_BREACH
REJECTED,EURUSD,BUY,2021-08-13 10:00:00+00:00,,PRE_TRADE_PROJECTED_EQUITY_BREACH
REJECTED,EURUSD,BUY,2021-08-13 12:00:00+00:00,,PRE_TRADE_PROJECTED_EQUITY_BREACH
REJECTED,EURUSD,BUY,2021-08-13 13:00:00+00:00,,PRE_TRADE_PROJECTED_EQUITY_BREACH
REJECTED,GBPUSD,BUY,2021-08-13 14:00:00+00:00,,PRE_TRADE_PROJECTED_EQUITY_BREACH
REJECTED,EURUSD,BUY,2021-08-13 15:00:00+00:00,,PRE_TRADE_PROJECTED_EQUITY_BREACH
REJECTED,GBPUSD,BUY,2021-08-13 15:00:00+00:00,,PRE_TRADE_PROJECTED_EQUITY_BREACH
REJECTED,GBPUSD,BUY,2021-08-13 16:00:00+00:00,,PRE_TRADE_PROJECTED_EQUITY_BREACH
REJECTED,GBPUSD,BUY,2021-08-13 17:00:00+00:00,,PRE_TRADE_PROJECTED_EQUITY_BREACH
REJECTED,GBPUSD,BUY,2021-08-13 18:00:00+00:00,,PRE_TRADE_PROJECTED_EQUITY_BREACH
REJECTED,EURUSD,SELL,2021-08-16 12:00:00+00:00,,PRE_TRADE_PROJECTED_EQUITY_BREACH
REJECTED,GBPUSD,SELL,2021-08-16 14:00:00+00:00,,PRE_TRADE_PROJECTED_EQUITY_BREACH
REJECTED,GBPUSD,SELL,2021-08-17 04:00:00+00:00,,PRE_TRADE_PROJECTED_EQUITY_BREACH
REJECTED,EURUSD,SELL,2021-08-17 07:00:00+00:00,,PRE_TRADE_PROJECTED_EQUITY_BREACH
REJECTED,GBPUSD,SELL,2021-08-17 07:00:00+00:00,,PRE_TRADE_PROJECTED_EQUITY_BREACH
REJECTED,EURUSD,SELL,2021-08-17 13:00:00+00:00,,PRE_TRADE_PROJECTED_EQUITY_BREACH
REJECTED,GBPUSD,SELL,2021-08-17 13:00:00+00:00,,PRE_TRADE_PROJECTED_EQUITY_BREACH
REJECTED,EURUSD,SELL,2021-08-17 14:00:00+00:00,,PRE_TRADE_PROJECTED_EQUITY_BREACH
REJECTED,GBPUSD,SELL,2021-08-17 14:00:00+00:00,,PRE_TRADE_PROJECTED_EQUITY_BREACH
REJECTED,EURUSD,SELL,2021-08-17 15:00:00+00:00,,PRE_TRADE_PROJECTED_EQUITY_BREACH
REJECTED,GBPUSD,SELL,2021-08-17 15:00:00+00:00,,PRE_TRADE_PROJECTED_EQUITY_BREACH
REJECTED,EURUSD,SELL,2021-08-17 16:00:00+00:00,,PRE_TRADE_PROJECTED_EQUITY_BREACH
REJECTED,EURUSD,SELL,2021-08-17 17:00:00+00:00,,PRE_TRADE_PROJECTED_EQUITY_BREACH
REJECTED,GBPUSD,SELL,2021-08-17 17:00:00+00:00,,PRE_TRADE_PROJECTED_EQUITY_BREACH
REJECTED,EURUSD,SELL,2021-08-17 23:00:00+00:00,,PRE_TRADE_PROJECTED_EQUITY_BREACH
REJECTED,GBPUSD,BUY,2021-08-18 12:00:00+00:00,,PRE_TRADE_PROJECTED_EQUITY_BREACH
REJECTED,GBPUSD,BUY,2021-08-18 14:00:00+00:00,,PRE_TRADE_PROJECTED_EQUITY_BREACH
REJECTED,EURUSD,SELL,2021-08-18 16:00:00+00:00,,PRE_TRADE_PROJECTED_EQUITY_BREACH
REJECTED,EURUSD,SELL,2021-08-19 01:00:00+00:00,,PRE_TRADE_PROJECTED_EQUITY_BREACH
REJECTED,GBPUSD,SELL,2021-08-19 02:00:00+00:00,,PRE_TRADE_PROJECTED_EQUITY_BREACH
REJECTED,EURUSD,SELL,2021-08-19 03:00:00+00:00,,PRE_TRADE_PROJECTED_EQUITY_BREACH
REJECTED,GBPUSD,SELL,2021-08-19 03:00:00+00:00,,PRE_TRADE_PROJECTED_EQUITY_BREACH
REJECTED,GBPUSD,SELL,2021-08-19 07:00:00+00:00,,PRE_TRADE_PROJECTED_EQUITY_BREACH
REJECTED,GBPUSD,SELL,2021-08-19 08:00:00+00:00,,PRE_TRADE_PROJECTED_EQUITY_BREACH
REJECTED,GBPUSD,SELL,2021-08-19 09:00:00+00:00,,PRE_TRADE_PROJECTED_EQUITY_BREACH
REJECTED,GBPUSD,SELL,2021-08-19 15:00:00+00:00,,PRE_TRADE_PROJECTED_EQUITY_BREACH
REJECTED,GBPUSD,SELL,2021-08-19 18:00:00+00:00,,PRE_TRADE_PROJECTED_EQUITY_BREACH
REJECTED,GBPUSD,SELL,2021-08-19 19:00:00+00:00,,PRE_TRADE_PROJECTED_EQUITY_BREACH
REJECTED,GBPUSD,SELL,2021-08-19 20:00:00+00:00,,PRE_TRADE_PROJECTED_EQUITY_BREACH
REJECTED,GBPUSD,SELL,2021-08-20 00:00:00+00:00,,PRE_TRADE_PROJECTED_EQUITY_BREACH
REJECTED,GBPUSD,SELL,2021-08-20 02:00:00+00:00,,PRE_TRADE_PROJECTED_EQUITY_BREACH
REJECTED,EURUSD,SELL,2021-08-20 12:00:00+00:00,,PRE_TRADE_PROJECTED_EQUITY_BREACH
REJECTED,GBPUSD,SELL,2021-08-20 13:00:00+00:00,,PRE_TRADE_PROJECTED_EQUITY_BREACH
REJECTED,EURUSD,BUY,2021-08-20 16:00:00+00:00,,PRE_TRADE_PROJECTED_EQUITY_BREACH
REJECTED,EURUSD,BUY,2021-08-20 17:00:00+00:00,,PRE_TRADE_PROJECTED_EQUITY_BREACH
REJECTED,GBPUSD,BUY,2021-08-23 01:00:00+00:00,,PRE_TRADE_PROJECTED_EQUITY_BREACH
REJECTED,EURUSD,BUY,2021-08-23 02:00:00+00:00,,PRE_TRADE_PROJECTED_EQUITY_BREACH
REJECTED,GBPUSD,BUY,2021-08-23 02:00:00+00:00,,PRE_TRADE_PROJECTED_EQUITY_BREACH
REJECTED,EURUSD,BUY,2021-08-23 04:00:00+00:00,,PRE_TRADE_PROJECTED_EQUITY_BREACH
REJECTED,EURUSD,BUY,2021-08-23 09:00:00+00:00,,PRE_TRADE_PROJECTED_EQUITY_BREACH
REJECTED,GBPUSD,BUY,2021-08-23 10:00:00+00:00,,PRE_TRADE_PROJECTED_EQUITY_BREACH
REJECTED,GBPUSD,BUY,2021-08-23 11:00:00+00:00,,PRE_TRADE_PROJECTED_EQUITY_BREACH
REJECTED,GBPUSD,BUY,2021-08-23 12:00:00+00:00,,PRE_TRADE_PROJECTED_EQUITY_BREACH
REJECTED,GBPUSD,BUY,2021-08-23 13:00:00+00:00,,PRE_TRADE_PROJECTED_EQUITY_BREACH
REJECTED,GBPUSD,BUY,2021-08-23 15:00:00+00:00,,PRE_TRADE_PROJECTED_EQUITY_BREACH
REJECTED,GBPUSD,BUY,2021-08-23 17:00:00+00:00,,PRE_TRADE_PROJECTED_EQUITY_BREACH
REJECTED,GBPUSD,BUY,2021-08-23 18:00:00+00:00,,PRE_TRADE_PROJECTED_EQUITY_BREACH
REJECTED,EURUSD,BUY,2021-08-23 19:00:00+00:00,,PRE_TRADE_PROJECTED_EQUITY_BREACH
REJECTED,GBPUSD,BUY,2021-08-23 19:00:00+00:00,,PRE_TRADE_PROJECTED_EQUITY_BREACH
REJECTED,GBPUSD,BUY,2021-08-24 06:00:00+00:00,,PRE_TRADE_PROJECTED_EQUITY_BREACH
REJECTED,EURUSD,BUY,2021-08-24 13:00:00+00:00,,PRE_TRADE_PROJECTED_EQUITY_BREACH
REJECTED,EURUSD,BUY,2021-08-24 15:00:00+00:00,,PRE_TRADE_PROJECTED_EQUITY_BREACH
REJECTED,GBPUSD,SELL,2021-08-25 13:00:00+00:00,,PRE_TRADE_PROJECTED_EQUITY_BREACH
REJECTED,EURUSD,BUY,2021-08-25 17:00:00+00:00,,PRE_TRADE_PROJECTED_EQUITY_BREACH
REJECTED,GBPUSD,BUY,2021-08-25 18:00:00+00:00,,PRE_TRADE_PROJECTED_EQUITY_BREACH
REJECTED,EURUSD,BUY,2021-08-25 19:00:00+00:00,,PRE_TRADE_PROJECTED_EQUITY_BREACH
REJECTED,GBPUSD,BUY,2021-08-25 19:00:00+00:00,,PRE_TRADE_PROJECTED_EQUITY_BREACH
REJECTED,EURUSD,BUY,2021-08-26 11:00:00+00:00,,PRE_TRADE_PROJECTED_EQUITY_BREACH
REJECTED,GBPUSD,SELL,2021-08-26 13:00:00+00:00,,PRE_TRADE_PROJECTED_EQUITY_BREACH
REJECTED,GBPUSD,SELL,2021-08-26 14:00:00+00:00,,PRE_TRADE_PROJECTED_EQUITY_BREACH
REJECTED,GBPUSD,SELL,2021-08-26 17:00:00+00:00,,PRE_TRADE_PROJECTED_EQUITY_BREACH
REJECTED,GBPUSD,SELL,2021-08-26 18:00:00+00:00,,PRE_TRADE_PROJECTED_EQUITY_BREACH
REJECTED,GBPUSD,SELL,2021-08-26 19:00:00+00:00,,PRE_TRADE_PROJECTED_EQUITY_BREACH
REJECTED,EURUSD,SELL,2021-08-27 01:00:00+00:00,,PRE_TRADE_PROJECTED_EQUITY_BREACH
REJECTED,GBPUSD,SELL,2021-08-27 01:00:00+00:00,,PRE_TRADE_PROJECTED_EQUITY_BREACH
REJECTED,GBPUSD,BUY,2021-08-27 13:00:00+00:00,,PRE_TRADE_PROJECTED_EQUITY_BREACH
REJECTED,GBPUSD,BUY,2021-08-27 14:00:00+00:00,,PRE_TRADE_PROJECTED_EQUITY_BREACH
REJECTED,EURUSD,BUY,2021-08-27 15:00:00+00:00,,PRE_TRADE_PROJECTED_EQUITY_BREACH
REJECTED,EURUSD,BUY,2021-08-30 01:00:00+00:00,,PRE_TRADE_PROJECTED_EQUITY_BREACH
REJECTED,EURUSD,BUY,2021-08-30 02:00:00+00:00,,PRE_TRADE_PROJECTED_EQUITY_BREACH
REJECTED,EURUSD,SELL,2021-08-30 13:00:00+00:00,,PRE_TRADE_PROJECTED_EQUITY_BREACH
REJECTED,GBPUSD,SELL,2021-08-30 13:00:00+00:00,,PRE_TRADE_PROJECTED_EQUITY_BREACH
REJECTED,EURUSD,BUY,2021-08-31 03:00:00+00:00,,PRE_TRADE_PROJECTED_EQUITY_BREACH
REJECTED,EURUSD,BUY,2021-08-31 04:00:00+00:00,,PRE_TRADE_PROJECTED_EQUITY_BREACH
REJECTED,GBPUSD,BUY,2021-08-31 04:00:00+00:00,,PRE_TRADE_PROJECTED_EQUITY_BREACH
REJECTED,GBPUSD,BUY,2021-08-31 05:00:00+00:00,,PRE_TRADE_PROJECTED_EQUITY_BREACH
REJECTED,EURUSD,BUY,2021-08-31 06:00:00+00:00,,PRE_TRADE_PROJECTED_EQUITY_BREACH
REJECTED,GBPUSD,BUY,2021-08-31 06:00:00+00:00,,PRE_TRADE_PROJECTED_EQUITY_BREACH
REJECTED,EURUSD,BUY,2021-08-31 11:00:00+00:00,,PRE_TRADE_PROJECTED_EQUITY_BREACH
REJECTED,EURUSD,BUY,2021-08-31 12:00:00+00:00,,PRE_TRADE_PROJECTED_EQUITY_BREACH
REJECTED,GBPUSD,SELL,2021-08-31 16:00:00+00:00,,PRE_TRADE_PROJECTED_EQUITY_BREACH
REJECTED,GBPUSD,SELL,2021-09-01 01:00:00+00:00,,PRE_TRADE_PROJECTED_EQUITY_BREACH
REJECTED,EURUSD,BUY,2021-09-01 13:00:00+00:00,,PRE_TRADE_PROJECTED_EQUITY_BREACH
REJECTED,GBPUSD,BUY,2021-09-01 13:00:00+00:00,,PRE_TRADE_PROJECTED_EQUITY_BREACH
REJECTED,EURUSD,BUY,2021-09-01 14:00:00+00:00,,PRE_TRADE_PROJECTED_EQUITY_BREACH
REJECTED,GBPUSD,BUY,2021-09-01 14:00:00+00:00,,PRE_TRADE_PROJECTED_EQUITY_BREACH
REJECTED,EURUSD,BUY,2021-09-01 15:00:00+00:00,,PRE_TRADE_PROJECTED_EQUITY_BREACH
REJECTED,EURUSD,BUY,2021-09-02 14:00:00+00:00,,PRE_TRADE_PROJECTED_EQUITY_BREACH
REJECTED,GBPUSD,BUY,2021-09-02 14:00:00+00:00,,PRE_TRADE_PROJECTED_EQUITY_BREACH
REJECTED,EURUSD,BUY,2021-09-02 15:00:00+00:00,,PRE_TRADE_PROJECTED_EQUITY_BREACH
REJECTED,GBPUSD,BUY,2021-09-02 15:00:00+00:00,,PRE_TRADE_PROJECTED_EQUITY_BREACH
REJECTED,EURUSD,BUY,2021-09-02 19:00:00+00:00,,PRE_TRADE_PROJECTED_EQUITY_BREACH
REJECTED,GBPUSD,BUY,2021-09-02 19:00:00+00:00,,PRE_TRADE_PROJECTED_EQUITY_BREACH
REJECTED,EURUSD,BUY,2021-09-03 01:00:00+00:00,,PRE_TRADE_PROJECTED_EQUITY_BREACH
REJECTED,GBPUSD,BUY,2021-09-03 01:00:00+00:00,,PRE_TRADE_PROJECTED_EQUITY_BREACH
REJECTED,EURUSD,BUY,2021-09-03 13:00:00+00:00,,PRE_TRADE_PROJECTED_EQUITY_BREACH
REJECTED,GBPUSD,BUY,2021-09-03 13:00:00+00:00,,PRE_TRADE_PROJECTED_EQUITY_BREACH
REJECTED,GBPUSD,BUY,2021-09-03 15:00:00+00:00,,PRE_TRADE_PROJECTED_EQUITY_BREACH
REJECTED,GBPUSD,BUY,2021-09-03 18:00:00+00:00,,PRE_TRADE_PROJECTED_EQUITY_BREACH
REJECTED,EURUSD,SELL,2021-09-06 08:00:00+00:00,,PRE_TRADE_PROJECTED_EQUITY_BREACH
REJECTED,GBPUSD,SELL,2021-09-06 15:00:00+00:00,,PRE_TRADE_PROJECTED_EQUITY_BREACH
REJECTED,EURUSD,BUY,2021-09-07 01:00:00+00:00,,PRE_TRADE_PROJECTED_EQUITY_BREACH
REJECTED,EURUSD,BUY,2021-09-07 02:00:00+00:00,,PRE_TRADE_PROJECTED_EQUITY_BREACH
REJECTED,GBPUSD,SELL,2021-09-07 09:00:00+00:00,,PRE_TRADE_PROJECTED_EQUITY_BREACH
REJECTED,GBPUSD,SELL,2021-09-07 11:00:00+00:00,,PRE_TRADE_PROJECTED_EQUITY_BREACH
REJECTED,GBPUSD,SELL,2021-09-07 12:00:00+00:00,,PRE_TRADE_PROJECTED_EQUITY_BREACH
REJECTED,EURUSD,SELL,2021-09-07 13:00:00+00:00,,PRE_TRADE_PROJECTED_EQUITY_BREACH
REJECTED,EURUSD,SELL,2021-09-08 07:00:00+00:00,,PRE_TRADE_PROJECTED_EQUITY_BREACH
REJECTED,GBPUSD,SELL,2021-09-08 07:00:00+00:00,,PRE_TRADE_PROJECTED_EQUITY_BREACH
REJECTED,EURUSD,SELL,2021-09-08 09:00:00+00:00,,PRE_TRADE_PROJECTED_EQUITY_BREACH
REJECTED,EURUSD,SELL,2021-09-08 10:00:00+00:00,,PRE_TRADE_PROJECTED_EQUITY_BREACH
REJECTED,GBPUSD,SELL,2021-09-08 15:00:00+00:00,,PRE_TRADE_PROJECTED_EQUITY_BREACH
REJECTED,GBPUSD,BUY,2021-09-09 08:00:00+00:00,,PRE_TRADE_PROJECTED_EQUITY_BREACH
REJECTED,EURUSD,BUY,2021-09-09 09:00:00+00:00,,PRE_TRADE_PROJECTED_EQUITY_BREACH
REJECTED,GBPUSD,BUY,2021-09-09 09:00:00+00:00,,PRE_TRADE_PROJECTED_EQUITY_BREACH
REJECTED,GBPUSD,BUY,2021-09-09 10:00:00+00:00,,PRE_TRADE_PROJECTED_EQUITY_BREACH
REJECTED,EURUSD,BUY,2021-09-09 12:00:00+00:00,,PRE_TRADE_PROJECTED_EQUITY_BREACH
REJECTED,GBPUSD,BUY,2021-09-09 12:00:00+00:00,,PRE_TRADE_PROJECTED_EQUITY_BREACH
REJECTED,GBPUSD,BUY,2021-09-09 17:00:00+00:00,,PRE_TRADE_PROJECTED_EQUITY_BREACH
REJECTED,EURUSD,BUY,2021-09-10 08:00:00+00:00,,PRE_TRADE_PROJECTED_EQUITY_BREACH
REJECTED,GBPUSD,BUY,2021-09-10 08:00:00+00:00,,PRE_TRADE_PROJECTED_EQUITY_BREACH
REJECTED,EURUSD,BUY,2021-09-10 09:00:00+00:00,,PRE_TRADE_PROJECTED_EQUITY_BREACH
REJECTED,EURUSD,SELL,2021-09-10 18:00:00+00:00,,PRE_TRADE_PROJECTED_EQUITY_BREACH
REJECTED,GBPUSD,SELL,2021-09-10 20:00:00+00:00,,PRE_TRADE_PROJECTED_EQUITY_BREACH
REJECTED,EURUSD,SELL,2021-09-10 21:00:00+00:00,,PRE_TRADE_PROJECTED_EQUITY_BREACH
REJECTED,EURUSD,SELL,2021-09-13 01:00:00+00:00,,PRE_TRADE_PROJECTED_EQUITY_BREACH
REJECTED,EURUSD,SELL,2021-09-13 02:00:00+00:00,,PRE_TRADE_PROJECTED_EQUITY_BREACH
REJECTED,EURUSD,SELL,2021-09-13 05:00:00+00:00,,PRE_TRADE_PROJECTED_EQUITY_BREACH
REJECTED,GBPUSD,SELL,2021-09-13 05:00:00+00:00,,PRE_TRADE_PROJECTED_EQUITY_BREACH
REJECTED,EURUSD,SELL,2021-09-13 06:00:00+00:00,,PRE_TRADE_PROJECTED_EQUITY_BREACH
REJECTED,EURUSD,SELL,2021-09-13 07:00:00+00:00,,PRE_TRADE_PROJECTED_EQUITY_BREACH
REJECTED,GBPUSD,SELL,2021-09-13 07:00:00+00:00,,PRE_TRADE_PROJECTED_EQUITY_BREACH
REJECTED,EURUSD,SELL,2021-09-13 12:00:00+00:00,,PRE_TRADE_PROJECTED_EQUITY_BREACH
REJECTED,GBPUSD,BUY,2021-09-13 15:00:00+00:00,,PRE_TRADE_PROJECTED_EQUITY_BREACH
REJECTED,EURUSD,BUY,2021-09-14 03:00:00+00:00,,PRE_TRADE_PROJECTED_EQUITY_BREACH
REJECTED,GBPUSD,BUY,2021-09-14 07:00:00+00:00,,PRE_TRADE_PROJECTED_EQUITY_BREACH
REJECTED,EURUSD,BUY,2021-09-14 08:00:00+00:00,,PRE_TRADE_PROJECTED_EQUITY_BREACH
REJECTED,GBPUSD,BUY,2021-09-14 08:00:00+00:00,,PRE_TRADE_PROJECTED_EQUITY_BREACH
REJECTED,EURUSD,BUY,2021-09-14 13:00:00+00:00,,PRE_TRADE_PROJECTED_EQUITY_BREACH
REJECTED,GBPUSD,BUY,2021-09-14 13:00:00+00:00,,PRE_TRADE_PROJECTED_EQUITY_BREACH
REJECTED,GBPUSD,SELL,2021-09-14 19:00:00+00:00,,PRE_TRADE_PROJECTED_EQUITY_BREACH
REJECTED,GBPUSD,SELL,2021-09-14 20:00:00+00:00,,PRE_TRADE_PROJECTED_EQUITY_BREACH
REJECTED,GBPUSD,SELL,2021-09-15 01:00:00+00:00,,PRE_TRADE_PROJECTED_EQUITY_BREACH
REJECTED,GBPUSD,SELL,2021-09-15 03:00:00+00:00,,PRE_TRADE_PROJECTED_EQUITY_BREACH
REJECTED,GBPUSD,BUY,2021-09-15 14:00:00+00:00,,PRE_TRADE_PROJECTED_EQUITY_BREACH
REJECTED,EURUSD,SELL,2021-09-16 06:00:00+00:00,,PRE_TRADE_PROJECTED_EQUITY_BREACH
REJECTED,EURUSD,SELL,2021-09-16 07:00:00+00:00,,PRE_TRADE_PROJECTED_EQUITY_BREACH
REJECTED,EURUSD,SELL,2021-09-16 08:00:00+00:00,,PRE_TRADE_PROJECTED_EQUITY_BREACH
REJECTED,EURUSD,SELL,2021-09-16 09:00:00+00:00,,PRE_TRADE_PROJECTED_EQUITY_BREACH
REJECTED,EURUSD,SELL,2021-09-16 10:00:00+00:00,,PRE_TRADE_PROJECTED_EQUITY_BREACH
REJECTED,EURUSD,SELL,2021-09-16 13:00:00+00:00,,PRE_TRADE_PROJECTED_EQUITY_BREACH
REJECTED,GBPUSD,SELL,2021-09-16 14:00:00+00:00,,PRE_TRADE_PROJECTED_EQUITY_BREACH
REJECTED,GBPUSD,SELL,2021-09-16 15:00:00+00:00,,PRE_TRADE_PROJECTED_EQUITY_BREACH
REJECTED,EURUSD,BUY,2021-09-17 12:00:00+00:00,,PRE_TRADE_PROJECTED_EQUITY_BREACH
REJECTED,GBPUSD,SELL,2021-09-17 14:00:00+00:00,,PRE_TRADE_PROJECTED_EQUITY_BREACH
REJECTED,EURUSD,SELL,2021-09-17 15:00:00+00:00,,PRE_TRADE_PROJECTED_EQUITY_BREACH
REJECTED,GBPUSD,SELL,2021-09-17 15:00:00+00:00,,PRE_TRADE_PROJECTED_EQUITY_BREACH
REJECTED,EURUSD,SELL,2021-09-17 16:00:00+00:00,,PRE_TRADE_PROJECTED_EQUITY_BREACH
REJECTED,EURUSD,SELL,2021-09-17 17:00:00+00:00,,PRE_TRADE_PROJECTED_EQUITY_BREACH
REJECTED,GBPUSD,SELL,2021-09-17 19:00:00+00:00,,PRE_TRADE_PROJECTED_EQUITY_BREACH
REJECTED,EURUSD,SELL,2021-09-17 21:00:00+00:00,,PRE_TRADE_PROJECTED_EQUITY_BREACH
REJECTED,EURUSD,SELL,2021-09-20 02:00:00+00:00,,PRE_TRADE_PROJECTED_EQUITY_BREACH
REJECTED,GBPUSD,SELL,2021-09-20 02:00:00+00:00,,PRE_TRADE_PROJECTED_EQUITY_BREACH
REJECTED,EURUSD,SELL,2021-09-20 03:00:00+00:00,,PRE_TRADE_PROJECTED_EQUITY_BREACH
REJECTED,GBPUSD,SELL,2021-09-20 03:00:00+00:00,,PRE_TRADE_PROJECTED_EQUITY_BREACH
REJECTED,GBPUSD,SELL,2021-09-20 07:00:00+00:00,,PRE_TRADE_PROJECTED_EQUITY_BREACH
REJECTED,GBPUSD,SELL,2021-09-20 08:00:00+00:00,,PRE_TRADE_PROJECTED_EQUITY_BREACH
REJECTED,GBPUSD,SELL,2021-09-20 12:00:00+00:00,,PRE_TRADE_PROJECTED_EQUITY_BREACH
REJECTED,GBPUSD,SELL,2021-09-20 17:00:00+00:00,,PRE_TRADE_PROJECTED_EQUITY_BREACH
REJECTED,EURUSD,BUY,2021-09-21 02:00:00+00:00,,PRE_TRADE_PROJECTED_EQUITY_BREACH
REJECTED,EURUSD,BUY,2021-09-21 12:00:00+00:00,,PRE_TRADE_PROJECTED_EQUITY_BREACH
REJECTED,GBPUSD,SELL,2021-09-22 08:00:00+00:00,,PRE_TRADE_PROJECTED_EQUITY_BREACH
REJECTED,GBPUSD,SELL,2021-09-22 13:00:00+00:00,,PRE_TRADE_PROJECTED_EQUITY_BREACH
REJECTED,EURUSD,SELL,2021-09-22 19:00:00+00:00,,PRE_TRADE_PROJECTED_EQUITY_BREACH
REJECTED,GBPUSD,SELL,2021-09-22 19:00:00+00:00,,PRE_TRADE_PROJECTED_EQUITY_BREACH
REJECTED,GBPUSD,BUY,2021-09-23 12:00:00+00:00,,PRE_TRADE_PROJECTED_EQUITY_BREACH
REJECTED,GBPUSD,BUY,2021-09-23 13:00:00+00:00,,PRE_TRADE_PROJECTED_EQUITY_BREACH
REJECTED,GBPUSD,BUY,2021-09-23 14:00:00+00:00,,PRE_TRADE_PROJECTED_EQUITY_BREACH
REJECTED,GBPUSD,SELL,2021-09-24 11:00:00+00:00,,PRE_TRADE_PROJECTED_EQUITY_BREACH
REJECTED,EURUSD,SELL,2021-09-24 12:00:00+00:00,,PRE_TRADE_PROJECTED_EQUITY_BREACH
REJECTED,GBPUSD,SELL,2021-09-24 12:00:00+00:00,,PRE_TRADE_PROJECTED_EQUITY_BREACH
REJECTED,EURUSD,SELL,2021-09-24 13:00:00+00:00,,PRE_TRADE_PROJECTED_EQUITY_BREACH
REJECTED,GBPUSD,SELL,2021-09-24 13:00:00+00:00,,PRE_TRADE_PROJECTED_EQUITY_BREACH
REJECTED,EURUSD,SELL,2021-09-27 08:00:00+00:00,,PRE_TRADE_PROJECTED_EQUITY_BREACH
REJECTED,EURUSD,SELL,2021-09-27 09:00:00+00:00,,PRE_TRADE_PROJECTED_EQUITY_BREACH
REJECTED,GBPUSD,BUY,2021-09-27 09:00:00+00:00,,PRE_TRADE_PROJECTED_EQUITY_BREACH
REJECTED,EURUSD,SELL,2021-09-28 07:00:00+00:00,,PRE_TRADE_PROJECTED_EQUITY_BREACH
REJECTED,GBPUSD,SELL,2021-09-28 08:00:00+00:00,,PRE_TRADE_PROJECTED_EQUITY_BREACH
REJECTED,GBPUSD,SELL,2021-09-28 10:00:00+00:00,,PRE_TRADE_PROJECTED_EQUITY_BREACH
REJECTED,GBPUSD,SELL,2021-09-28 11:00:00+00:00,,PRE_TRADE_PROJECTED_EQUITY_BREACH
REJECTED,GBPUSD,SELL,2021-09-28 13:00:00+00:00,,PRE_TRADE_PROJECTED_EQUITY_BREACH
REJECTED,EURUSD,SELL,2021-09-29 08:00:00+00:00,,PRE_TRADE_PROJECTED_EQUITY_BREACH
REJECTED,GBPUSD,SELL,2021-09-29 08:00:00+00:00,,PRE_TRADE_PROJECTED_EQUITY_BREACH
REJECTED,GBPUSD,SELL,2021-09-29 09:00:00+00:00,,PRE_TRADE_PROJECTED_EQUITY_BREACH
REJECTED,EURUSD,SELL,2021-09-29 12:00:00+00:00,,PRE_TRADE_PROJECTED_EQUITY_BREACH
REJECTED,GBPUSD,SELL,2021-09-29 12:00:00+00:00,,PRE_TRADE_PROJECTED_EQUITY_BREACH
REJECTED,GBPUSD,SELL,2021-09-29 13:00:00+00:00,,PRE_TRADE_PROJECTED_EQUITY_BREACH
REJECTED,EURUSD,SELL,2021-09-29 14:00:00+00:00,,PRE_TRADE_PROJECTED_EQUITY_BREACH
REJECTED,GBPUSD,SELL,2021-09-29 14:00:00+00:00,,PRE_TRADE_PROJECTED_EQUITY_BREACH
REJECTED,EURUSD,SELL,2021-09-29 15:00:00+00:00,,PRE_TRADE_PROJECTED_EQUITY_BREACH
REJECTED,GBPUSD,SELL,2021-09-29 15:00:00+00:00,,PRE_TRADE_PROJECTED_EQUITY_BREACH
REJECTED,EURUSD,SELL,2021-09-29 17:00:00+00:00,,PRE_TRADE_PROJECTED_EQUITY_BREACH
REJECTED,EURUSD,SELL,2021-09-29 18:00:00+00:00,,PRE_TRADE_PROJECTED_EQUITY_BREACH
REJECTED,EURUSD,SELL,2021-09-30 11:00:00+00:00,,PRE_TRADE_PROJECTED_EQUITY_BREACH
REJECTED,GBPUSD,BUY,2021-09-30 13:00:00+00:00,,PRE_TRADE_PROJECTED_EQUITY_BREACH
REJECTED,GBPUSD,BUY,2021-09-30 14:00:00+00:00,,PRE_TRADE_PROJECTED_EQUITY_BREACH
REJECTED,GBPUSD,BUY,2021-10-01 12:00:00+00:00,,PRE_TRADE_PROJECTED_EQUITY_BREACH
REJECTED,EURUSD,BUY,2021-10-01 13:00:00+00:00,,PRE_TRADE_PROJECTED_EQUITY_BREACH
REJECTED,GBPUSD,BUY,2021-10-01 13:00:00+00:00,,PRE_TRADE_PROJECTED_EQUITY_BREACH
REJECTED,GBPUSD,BUY,2021-10-01 14:00:00+00:00,,PRE_TRADE_PROJECTED_EQUITY_BREACH
REJECTED,EURUSD,BUY,2021-10-03 23:00:00+00:00,,PRE_TRADE_PROJECTED_EQUITY_BREACH
REJECTED,GBPUSD,BUY,2021-10-04 10:00:00+00:00,,PRE_TRADE_PROJECTED_EQUITY_BREACH
REJECTED,EURUSD,BUY,2021-10-04 11:00:00+00:00,,PRE_TRADE_PROJECTED_EQUITY_BREACH
REJECTED,GBPUSD,BUY,2021-10-04 11:00:00+00:00,,PRE_TRADE_PROJECTED_EQUITY_BREACH
REJECTED,EURUSD,BUY,2021-10-04 12:00:00+00:00,,PRE_TRADE_PROJECTED_EQUITY_BREACH
REJECTED,GBPUSD,BUY,2021-10-04 12:00:00+00:00,,PRE_TRADE_PROJECTED_EQUITY_BREACH
REJECTED,GBPUSD,BUY,2021-10-04 14:00:00+00:00,,PRE_TRADE_PROJECTED_EQUITY_BREACH
REJECTED,EURUSD,SELL,2021-10-05 04:00:00+00:00,,PRE_TRADE_PROJECTED_EQUITY_BREACH
REJECTED,EURUSD,SELL,2021-10-05 05:00:00+00:00,,PRE_TRADE_PROJECTED_EQUITY_BREACH
REJECTED,EURUSD,SELL,2021-10-05 06:00:00+00:00,,PRE_TRADE_PROJECTED_EQUITY_BREACH
REJECTED,EURUSD,SELL,2021-10-06 07:00:00+00:00,,PRE_TRADE_PROJECTED_EQUITY_BREACH
REJECTED,EURUSD,SELL,2021-10-06 08:00:00+00:00,,PRE_TRADE_PROJECTED_EQUITY_BREACH
REJECTED,GBPUSD,SELL,2021-10-06 08:00:00+00:00,,PRE_TRADE_PROJECTED_EQUITY_BREACH
REJECTED,EURUSD,SELL,2021-10-06 09:00:00+00:00,,PRE_TRADE_PROJECTED_EQUITY_BREACH
REJECTED,GBPUSD,SELL,2021-10-06 09:00:00+00:00,,PRE_TRADE_PROJECTED_EQUITY_BREACH
REJECTED,EURUSD,SELL,2021-10-06 10:00:00+00:00,,PRE_TRADE_PROJECTED_EQUITY_BREACH
REJECTED,EURUSD,SELL,2021-10-06 11:00:00+00:00,,PRE_TRADE_PROJECTED_EQUITY_BREACH
REJECTED,EURUSD,BUY,2021-10-07 07:00:00+00:00,,PRE_TRADE_PROJECTED_EQUITY_BREACH
REJECTED,GBPUSD,BUY,2021-10-07 07:00:00+00:00,,PRE_TRADE_PROJECTED_EQUITY_BREACH
REJECTED,GBPUSD,BUY,2021-10-07 15:00:00+00:00,,PRE_TRADE_PROJECTED_EQUITY_BREACH
REJECTED,EURUSD,SELL,2021-10-08 06:00:00+00:00,,PRE_TRADE_PROJECTED_EQUITY_BREACH
REJECTED,EURUSD,BUY,2021-10-08 13:00:00+00:00,,PRE_TRADE_PROJECTED_EQUITY_BREACH
REJECTED,GBPUSD,BUY,2021-10-08 13:00:00+00:00,,PRE_TRADE_PROJECTED_EQUITY_BREACH
REJECTED,GBPUSD,BUY,2021-10-11 07:00:00+00:00,,PRE_TRADE_PROJECTED_EQUITY_BREACH
REJECTED,EURUSD,SELL,2021-10-11 10:00:00+00:00,,PRE_TRADE_PROJECTED_EQUITY_BREACH
REJECTED,GBPUSD,SELL,2021-10-11 18:00:00+00:00,,PRE_TRADE_PROJECTED_EQUITY_BREACH
REJECTED,EURUSD,SELL,2021-10-11 20:00:00+00:00,,PRE_TRADE_PROJECTED_EQUITY_BREACH
REJECTED,GBPUSD,SELL,2021-10-11 20:00:00+00:00,,PRE_TRADE_PROJECTED_EQUITY_BREACH
REJECTED,EURUSD,SELL,2021-10-12 13:00:00+00:00,,PRE_TRADE_PROJECTED_EQUITY_BREACH
REJECTED,EURUSD,SELL,2021-10-12 17:00:00+00:00,,PRE_TRADE_PROJECTED_EQUITY_BREACH
REJECTED,EURUSD,BUY,2021-10-13 11:00:00+00:00,,PRE_TRADE_PROJECTED_EQUITY_BREACH
REJECTED,EURUSD,BUY,2021-10-13 15:00:00+00:00,,PRE_TRADE_PROJECTED_EQUITY_BREACH
REJECTED,EURUSD,BUY,2021-10-13 18:00:00+00:00,,PRE_TRADE_PROJECTED_EQUITY_BREACH
REJECTED,EURUSD,BUY,2021-10-13 20:00:00+00:00,,PRE_TRADE_PROJECTED_EQUITY_BREACH
REJECTED,GBPUSD,BUY,2021-10-13 20:00:00+00:00,,PRE_TRADE_PROJECTED_EQUITY_BREACH
REJECTED,EURUSD,BUY,2021-10-13 22:00:00+00:00,,PRE_TRADE_PROJECTED_EQUITY_BREACH
REJECTED,GBPUSD,BUY,2021-10-13 23:00:00+00:00,,PRE_TRADE_PROJECTED_EQUITY_BREACH
REJECTED,EURUSD,BUY,2021-10-14 07:00:00+00:00,,PRE_TRADE_PROJECTED_EQUITY_BREACH
REJECTED,GBPUSD,BUY,2021-10-14 07:00:00+00:00,,PRE_TRADE_PROJECTED_EQUITY_BREACH
REJECTED,EURUSD,BUY,2021-10-14 08:00:00+00:00,,PRE_TRADE_PROJECTED_EQUITY_BREACH
REJECTED,GBPUSD,BUY,2021-10-14 08:00:00+00:00,,PRE_TRADE_PROJECTED_EQUITY_BREACH
REJECTED,EURUSD,BUY,2021-10-14 09:00:00+00:00,,PRE_TRADE_PROJECTED_EQUITY_BREACH
REJECTED,GBPUSD,BUY,2021-10-14 09:00:00+00:00,,PRE_TRADE_PROJECTED_EQUITY_BREACH
REJECTED,GBPUSD,BUY,2021-10-14 10:00:00+00:00,,PRE_TRADE_PROJECTED_EQUITY_BREACH
REJECTED,GBPUSD,BUY,2021-10-15 11:00:00+00:00,,PRE_TRADE_PROJECTED_EQUITY_BREACH
REJECTED,GBPUSD,BUY,2021-10-15 12:00:00+00:00,,PRE_TRADE_PROJECTED_EQUITY_BREACH
REJECTED,GBPUSD,BUY,2021-10-15 15:00:00+00:00,,PRE_TRADE_PROJECTED_EQUITY_BREACH
REJECTED,EURUSD,SELL,2021-10-18 01:00:00+00:00,,PRE_TRADE_PROJECTED_EQUITY_BREACH
REJECTED,EURUSD,SELL,2021-10-18 04:00:00+00:00,,PRE_TRADE_PROJECTED_EQUITY_BREACH
REJECTED,EURUSD,SELL,2021-10-18 05:00:00+00:00,,PRE_TRADE_PROJECTED_EQUITY_BREACH
REJECTED,EURUSD,SELL,2021-10-18 07:00:00+00:00,,PRE_TRADE_PROJECTED_EQUITY_BREACH
REJECTED,EURUSD,BUY,2021-10-18 17:00:00+00:00,,PRE_TRADE_PROJECTED_EQUITY_BREACH
REJECTED,EURUSD,BUY,2021-10-19 01:00:00+00:00,,PRE_TRADE_PROJECTED_EQUITY_BREACH
REJECTED,GBPUSD,BUY,2021-10-19 01:00:00+00:00,,PRE_TRADE_PROJECTED_EQUITY_BREACH
REJECTED,EURUSD,BUY,2021-10-19 02:00:00+00:00,,PRE_TRADE_PROJECTED_EQUITY_BREACH
REJECTED,GBPUSD,BUY,2021-10-19 02:00:00+00:00,,PRE_TRADE_PROJECTED_EQUITY_BREACH
REJECTED,EURUSD,BUY,2021-10-19 03:00:00+00:00,,PRE_TRADE_PROJECTED_EQUITY_BREACH
REJECTED,EURUSD,BUY,2021-10-19 04:00:00+00:00,,PRE_TRADE_PROJECTED_EQUITY_BREACH
REJECTED,GBPUSD,BUY,2021-10-19 04:00:00+00:00,,PRE_TRADE_PROJECTED_EQUITY_BREACH
REJECTED,GBPUSD,BUY,2021-10-19 05:00:00+00:00,,PRE_TRADE_PROJECTED_EQUITY_BREACH
REJECTED,EURUSD,BUY,2021-10-19 09:00:00+00:00,,PRE_TRADE_PROJECTED_EQUITY_BREACH
REJECTED,GBPUSD,BUY,2021-10-19 09:00:00+00:00,,PRE_TRADE_PROJECTED_EQUITY_BREACH
REJECTED,EURUSD,BUY,2021-10-19 10:00:00+00:00,,PRE_TRADE_PROJECTED_EQUITY_BREACH
REJECTED,GBPUSD,BUY,2021-10-19 10:00:00+00:00,,PRE_TRADE_PROJECTED_EQUITY_BREACH
REJECTED,GBPUSD,BUY,2021-10-19 11:00:00+00:00,,PRE_TRADE_PROJECTED_EQUITY_BREACH
REJECTED,GBPUSD,SELL,2021-10-20 07:00:00+00:00,,PRE_TRADE_PROJECTED_EQUITY_BREACH
REJECTED,EURUSD,SELL,2021-10-20 08:00:00+00:00,,PRE_TRADE_PROJECTED_EQUITY_BREACH
REJECTED,GBPUSD,SELL,2021-10-20 08:00:00+00:00,,PRE_TRADE_PROJECTED_EQUITY_BREACH
REJECTED,GBPUSD,SELL,2021-10-20 11:00:00+00:00,,PRE_TRADE_PROJECTED_EQUITY_BREACH
REJECTED,GBPUSD,SELL,2021-10-20 12:00:00+00:00,,PRE_TRADE_PROJECTED_EQUITY_BREACH
REJECTED,GBPUSD,BUY,2021-10-20 15:00:00+00:00,,PRE_TRADE_PROJECTED_EQUITY_BREACH
REJECTED,EURUSD,BUY,2021-10-20 17:00:00+00:00,,PRE_TRADE_PROJECTED_EQUITY_BREACH
REJECTED,GBPUSD,BUY,2021-10-20 17:00:00+00:00,,PRE_TRADE_PROJECTED_EQUITY_BREACH
REJECTED,GBPUSD,BUY,2021-10-20 19:00:00+00:00,,PRE_TRADE_PROJECTED_EQUITY_BREACH
REJECTED,EURUSD,BUY,2021-10-21 02:00:00+00:00,,PRE_TRADE_PROJECTED_EQUITY_BREACH
REJECTED,EURUSD,BUY,2021-10-21 03:00:00+00:00,,PRE_TRADE_PROJECTED_EQUITY_BREACH
REJECTED,EURUSD,SELL,2021-10-21 18:00:00+00:00,,PRE_TRADE_PROJECTED_EQUITY_BREACH
REJECTED,GBPUSD,SELL,2021-10-21 18:00:00+00:00,,PRE_TRADE_PROJECTED_EQUITY_BREACH
REJECTED,EURUSD,SELL,2021-10-21 19:00:00+00:00,,PRE_TRADE_PROJECTED_EQUITY_BREACH
REJECTED,GBPUSD,SELL,2021-10-22 15:00:00+00:00,,PRE_TRADE_PROJECTED_EQUITY_BREACH
REJECTED,GBPUSD,SELL,2021-10-22 16:00:00+00:00,,PRE_TRADE_PROJECTED_EQUITY_BREACH
REJECTED,EURUSD,BUY,2021-10-25 04:00:00+00:00,,PRE_TRADE_PROJECTED_EQUITY_BREACH
REJECTED,EURUSD,SELL,2021-10-25 12:00:00+00:00,,PRE_TRADE_PROJECTED_EQUITY_BREACH
REJECTED,EURUSD,SELL,2021-10-25 13:00:00+00:00,,PRE_TRADE_PROJECTED_EQUITY_BREACH
REJECTED,GBPUSD,BUY,2021-10-26 07:00:00+00:00,,PRE_TRADE_PROJECTED_EQUITY_BREACH
REJECTED,GBPUSD,BUY,2021-10-26 10:00:00+00:00,,PRE_TRADE_PROJECTED_EQUITY_BREACH
REJECTED,EURUSD,BUY,2021-10-26 11:00:00+00:00,,PRE_TRADE_PROJECTED_EQUITY_BREACH
REJECTED,GBPUSD,BUY,2021-10-26 11:00:00+00:00,,PRE_TRADE_PROJECTED_EQUITY_BREACH
REJECTED,EURUSD,SELL,2021-10-26 15:00:00+00:00,,PRE_TRADE_PROJECTED_EQUITY_BREACH
REJECTED,EURUSD,SELL,2021-10-26 16:00:00+00:00,,PRE_TRADE_PROJECTED_EQUITY_BREACH
REJECTED,GBPUSD,SELL,2021-10-27 08:00:00+00:00,,PRE_TRADE_PROJECTED_EQUITY_BREACH
REJECTED,GBPUSD,SELL,2021-10-27 09:00:00+00:00,,PRE_TRADE_PROJECTED_EQUITY_BREACH
REJECTED,GBPUSD,SELL,2021-10-27 11:00:00+00:00,,PRE_TRADE_PROJECTED_EQUITY_BREACH
REJECTED,EURUSD,BUY,2021-10-27 13:00:00+00:00,,PRE_TRADE_PROJECTED_EQUITY_BREACH
REJECTED,GBPUSD,BUY,2021-10-28 08:00:00+00:00,,PRE_TRADE_PROJECTED_EQUITY_BREACH
REJECTED,EURUSD,BUY,2021-10-28 13:00:00+00:00,,PRE_TRADE_PROJECTED_EQUITY_BREACH
REJECTED,EURUSD,BUY,2021-10-28 14:00:00+00:00,,PRE_TRADE_PROJECTED_EQUITY_BREACH
REJECTED,GBPUSD,BUY,2021-10-28 14:00:00+00:00,,PRE_TRADE_PROJECTED_EQUITY_BREACH
REJECTED,EURUSD,BUY,2021-10-28 15:00:00+00:00,,PRE_TRADE_PROJECTED_EQUITY_BREACH
REJECTED,GBPUSD,BUY,2021-10-28 15:00:00+00:00,,PRE_TRADE_PROJECTED_EQUITY_BREACH
REJECTED,EURUSD,SELL,2021-10-29 13:00:00+00:00,,PRE_TRADE_PROJECTED_EQUITY_BREACH
REJECTED,GBPUSD,SELL,2021-10-29 13:00:00+00:00,,PRE_TRADE_PROJECTED_EQUITY_BREACH
REJECTED,EURUSD,SELL,2021-10-29 14:00:00+00:00,,PRE_TRADE_PROJECTED_EQUITY_BREACH
REJECTED,GBPUSD,SELL,2021-10-29 14:00:00+00:00,,PRE_TRADE_PROJECTED_EQUITY_BREACH
REJECTED,EURUSD,SELL,2021-10-29 15:00:00+00:00,,PRE_TRADE_PROJECTED_EQUITY_BREACH
REJECTED,GBPUSD,SELL,2021-10-29 15:00:00+00:00,,PRE_TRADE_PROJECTED_EQUITY_BREACH
REJECTED,EURUSD,SELL,2021-10-29 16:00:00+00:00,,PRE_TRADE_PROJECTED_EQUITY_BREACH
REJECTED,GBPUSD,SELL,2021-10-29 16:00:00+00:00,,PRE_TRADE_PROJECTED_EQUITY_BREACH
REJECTED,EURUSD,SELL,2021-10-29 17:00:00+00:00,,PRE_TRADE_PROJECTED_EQUITY_BREACH
REJECTED,GBPUSD,SELL,2021-10-29 17:00:00+00:00,,PRE_TRADE_PROJECTED_EQUITY_BREACH
REJECTED,GBPUSD,SELL,2021-11-01 07:00:00+00:00,,PRE_TRADE_PROJECTED_EQUITY_BREACH
REJECTED,EURUSD,BUY,2021-11-01 12:00:00+00:00,,PRE_TRADE_PROJECTED_EQUITY_BREACH
REJECTED,EURUSD,BUY,2021-11-01 14:00:00+00:00,,PRE_TRADE_PROJECTED_EQUITY_BREACH
REJECTED,EURUSD,BUY,2021-11-01 15:00:00+00:00,,PRE_TRADE_PROJECTED_EQUITY_BREACH
REJECTED,EURUSD,BUY,2021-11-01 17:00:00+00:00,,PRE_TRADE_PROJECTED_EQUITY_BREACH
REJECTED,EURUSD,BUY,2021-11-01 18:00:00+00:00,,PRE_TRADE_PROJECTED_EQUITY_BREACH
REJECTED,GBPUSD,SELL,2021-11-02 08:00:00+00:00,,PRE_TRADE_PROJECTED_EQUITY_BREACH
REJECTED,GBPUSD,SELL,2021-11-02 14:00:00+00:00,,PRE_TRADE_PROJECTED_EQUITY_BREACH
REJECTED,EURUSD,SELL,2021-11-02 15:00:00+00:00,,PRE_TRADE_PROJECTED_EQUITY_BREACH
REJECTED,GBPUSD,SELL,2021-11-02 15:00:00+00:00,,PRE_TRADE_PROJECTED_EQUITY_BREACH
REJECTED,GBPUSD,SELL,2021-11-02 16:00:00+00:00,,PRE_TRADE_PROJECTED_EQUITY_BREACH
REJECTED,GBPUSD,BUY,2021-11-03 11:00:00+00:00,,PRE_TRADE_PROJECTED_EQUITY_BREACH
REJECTED,GBPUSD,BUY,2021-11-03 12:00:00+00:00,,PRE_TRADE_PROJECTED_EQUITY_BREACH
REJECTED,EURUSD,SELL,2021-11-03 13:00:00+00:00,,PRE_TRADE_PROJECTED_EQUITY_BREACH
REJECTED,EURUSD,BUY,2021-11-03 18:00:00+00:00,,PRE_TRADE_PROJECTED_EQUITY_BREACH
REJECTED,GBPUSD,BUY,2021-11-03 18:00:00+00:00,,PRE_TRADE_PROJECTED_EQUITY_BREACH
REJECTED,EURUSD,SELL,2021-11-04 08:00:00+00:00,,PRE_TRADE_PROJECTED_EQUITY_BREACH
REJECTED,GBPUSD,SELL,2021-11-04 09:00:00+00:00,,PRE_TRADE_PROJECTED_EQUITY_BREACH
REJECTED,EURUSD,SELL,2021-11-04 10:00:00+00:00,,PRE_TRADE_PROJECTED_EQUITY_BREACH
REJECTED,GBPUSD,SELL,2021-11-04 12:00:00+00:00,,PRE_TRADE_PROJECTED_EQUITY_BREACH
REJECTED,GBPUSD,SELL,2021-11-04 13:00:00+00:00,,PRE_TRADE_PROJECTED_EQUITY_BREACH
REJECTED,GBPUSD,SELL,2021-11-04 14:00:00+00:00,,PRE_TRADE_PROJECTED_EQUITY_BREACH
REJECTED,GBPUSD,SELL,2021-11-04 15:00:00+00:00,,PRE_TRADE_PROJECTED_EQUITY_BREACH
REJECTED,GBPUSD,SELL,2021-11-05 08:00:00+00:00,,PRE_TRADE_PROJECTED_EQUITY_BREACH
REJECTED,GBPUSD,SELL,2021-11-05 09:00:00+00:00,,PRE_TRADE_PROJECTED_EQUITY_BREACH
REJECTED,EURUSD,SELL,2021-11-05 12:00:00+00:00,,PRE_TRADE_PROJECTED_EQUITY_BREACH
REJECTED,EURUSD,BUY,2021-11-05 16:00:00+00:00,,PRE_TRADE_PROJECTED_EQUITY_BREACH
REJECTED,GBPUSD,BUY,2021-11-08 11:00:00+00:00,,PRE_TRADE_PROJECTED_EQUITY_BREACH
REJECTED,GBPUSD,BUY,2021-11-08 12:00:00+00:00,,PRE_TRADE_PROJECTED_EQUITY_BREACH
REJECTED,GBPUSD,BUY,2021-11-08 13:00:00+00:00,,PRE_TRADE_PROJECTED_EQUITY_BREACH
REJECTED,GBPUSD,BUY,2021-11-08 14:00:00+00:00,,PRE_TRADE_PROJECTED_EQUITY_BREACH
REJECTED,EURUSD,BUY,2021-11-08 15:00:00+00:00,,PRE_TRADE_PROJECTED_EQUITY_BREACH
REJECTED,GBPUSD,BUY,2021-11-08 15:00:00+00:00,,PRE_TRADE_PROJECTED_EQUITY_BREACH
REJECTED,EURUSD,BUY,2021-11-09 04:00:00+00:00,,PRE_TRADE_PROJECTED_EQUITY_BREACH
REJECTED,EURUSD,BUY,2021-11-09 05:00:00+00:00,,PRE_TRADE_PROJECTED_EQUITY_BREACH
REJECTED,GBPUSD,BUY,2021-11-09 09:00:00+00:00,,PRE_TRADE_PROJECTED_EQUITY_BREACH
REJECTED,EURUSD,SELL,2021-11-09 12:00:00+00:00,,PRE_TRADE_PROJECTED_EQUITY_BREACH
REJECTED,EURUSD,SELL,2021-11-10 07:00:00+00:00,,PRE_TRADE_PROJECTED_EQUITY_BREACH
REJECTED,EURUSD,SELL,2021-11-10 11:00:00+00:00,,PRE_TRADE_PROJECTED_EQUITY_BREACH
REJECTED,GBPUSD,SELL,2021-11-10 11:00:00+00:00,,PRE_TRADE_PROJECTED_EQUITY_BREACH
REJECTED,EURUSD,SELL,2021-11-10 15:00:00+00:00,,PRE_TRADE_PROJECTED_EQUITY_BREACH
REJECTED,GBPUSD,SELL,2021-11-10 15:00:00+00:00,,PRE_TRADE_PROJECTED_EQUITY_BREACH
REJECTED,GBPUSD,SELL,2021-11-10 17:00:00+00:00,,PRE_TRADE_PROJECTED_EQUITY_BREACH
REJECTED,EURUSD,SELL,2021-11-10 18:00:00+00:00,,PRE_TRADE_PROJECTED_EQUITY_BREACH
REJECTED,GBPUSD,SELL,2021-11-10 18:00:00+00:00,,PRE_TRADE_PROJECTED_EQUITY_BREACH
REJECTED,GBPUSD,SELL,2021-11-10 19:00:00+00:00,,PRE_TRADE_PROJECTED_EQUITY_BREACH
REJECTED,EURUSD,SELL,2021-11-10 20:00:00+00:00,,PRE_TRADE_PROJECTED_EQUITY_BREACH
REJECTED,GBPUSD,SELL,2021-11-10 20:00:00+00:00,,PRE_TRADE_PROJECTED_EQUITY_BREACH
REJECTED,GBPUSD,SELL,2021-11-10 21:00:00+00:00,,PRE_TRADE_PROJECTED_EQUITY_BREACH
REJECTED,EURUSD,SELL,2021-11-11 02:00:00+00:00,,PRE_TRADE_PROJECTED_EQUITY_BREACH
REJECTED,EURUSD,SELL,2021-11-11 07:00:00+00:00,,PRE_TRADE_PROJECTED_EQUITY_BREACH
REJECTED,GBPUSD,SELL,2021-11-11 07:00:00+00:00,,PRE_TRADE_PROJECTED_EQUITY_BREACH
REJECTED,EURUSD,SELL,2021-11-11 17:00:00+00:00,,PRE_TRADE_PROJECTED_EQUITY_BREACH
REJECTED,EURUSD,SELL,2021-11-11 18:00:00+00:00,,PRE_TRADE_PROJECTED_EQUITY_BREACH
REJECTED,EURUSD,SELL,2021-11-11 19:00:00+00:00,,PRE_TRADE_PROJECTED_EQUITY_BREACH
REJECTED,EURUSD,SELL,2021-11-12 00:00:00+00:00,,PRE_TRADE_PROJECTED_EQUITY_BREACH
REJECTED,EURUSD,SELL,2021-11-12 01:00:00+00:00,,PRE_TRADE_PROJECTED_EQUITY_BREACH
REJECTED,GBPUSD,SELL,2021-11-12 01:00:00+00:00,,PRE_TRADE_PROJECTED_EQUITY_BREACH
REJECTED,GBPUSD,BUY,2021-11-15 01:00:00+00:00,,PRE_TRADE_PROJECTED_EQUITY_BREACH
REJECTED,GBPUSD,BUY,2021-11-15 11:00:00+00:00,,PRE_TRADE_PROJECTED_EQUITY_BREACH
REJECTED,EURUSD,SELL,2021-11-15 15:00:00+00:00,,PRE_TRADE_PROJECTED_EQUITY_BREACH
REJECTED,EURUSD,SELL,2021-11-15 17:00:00+00:00,,PRE_TRADE_PROJECTED_EQUITY_BREACH
REJECTED,EURUSD,SELL,2021-11-15 20:00:00+00:00,,PRE_TRADE_PROJECTED_EQUITY_BREACH
REJECTED,GBPUSD,BUY,2021-11-16 07:00:00+00:00,,PRE_TRADE_PROJECTED_EQUITY_BREACH
REJECTED,GBPUSD,BUY,2021-11-16 08:00:00+00:00,,PRE_TRADE_PROJECTED_EQUITY_BREACH
REJECTED,EURUSD,SELL,2021-11-16 14:00:00+00:00,,PRE_TRADE_PROJECTED_EQUITY_BREACH
REJECTED,EURUSD,SELL,2021-11-16 17:00:00+00:00,,PRE_TRADE_PROJECTED_EQUITY_BREACH
REJECTED,EURUSD,SELL,2021-11-16 19:00:00+00:00,,PRE_TRADE_PROJECTED_EQUITY_BREACH
REJECTED,EURUSD,SELL,2021-11-16 20:00:00+00:00,,PRE_TRADE_PROJECTED_EQUITY_BREACH
REJECTED,EURUSD,SELL,2021-11-17 03:00:00+00:00,,PRE_TRADE_PROJECTED_EQUITY_BREACH
REJECTED,GBPUSD,SELL,2021-11-17 03:00:00+00:00,,PRE_TRADE_PROJECTED_EQUITY_BREACH
REJECTED,GBPUSD,BUY,2021-11-17 18:00:00+00:00,,PRE_TRADE_PROJECTED_EQUITY_BREACH
REJECTED,EURUSD,BUY,2021-11-18 02:00:00+00:00,,PRE_TRADE_PROJECTED_EQUITY_BREACH
REJECTED,GBPUSD,BUY,2021-11-18 07:00:00+00:00,,PRE_TRADE_PROJECTED_EQUITY_BREACH
REJECTED,EURUSD,BUY,2021-11-18 11:00:00+00:00,,PRE_TRADE_PROJECTED_EQUITY_BREACH
REJECTED,GBPUSD,SELL,2021-11-18 13:00:00+00:00,,PRE_TRADE_PROJECTED_EQUITY_BREACH
REJECTED,EURUSD,BUY,2021-11-18 17:00:00+00:00,,PRE_TRADE_PROJECTED_EQUITY_BREACH
REJECTED,EURUSD,SELL,2021-11-19 08:00:00+00:00,,PRE_TRADE_PROJECTED_EQUITY_BREACH
REJECTED,GBPUSD,SELL,2021-11-19 08:00:00+00:00,,PRE_TRADE_PROJECTED_EQUITY_BREACH
REJECTED,EURUSD,SELL,2021-11-19 09:00:00+00:00,,PRE_TRADE_PROJECTED_EQUITY_BREACH
REJECTED,GBPUSD,SELL,2021-11-19 09:00:00+00:00,,PRE_TRADE_PROJECTED_EQUITY_BREACH
REJECTED,EURUSD,SELL,2021-11-19 12:00:00+00:00,,PRE_TRADE_PROJECTED_EQUITY_BREACH
REJECTED,EURUSD,SELL,2021-11-22 14:00:00+00:00,,PRE_TRADE_PROJECTED_EQUITY_BREACH
REJECTED,EURUSD,SELL,2021-11-22 19:00:00+00:00,,PRE_TRADE_PROJECTED_EQUITY_BREACH
REJECTED,GBPUSD,SELL,2021-11-22 19:00:00+00:00,,PRE_TRADE_PROJECTED_EQUITY_BREACH
REJECTED,GBPUSD,SELL,2021-11-23 10:00:00+00:00,,PRE_TRADE_PROJECTED_EQUITY_BREACH
REJECTED,GBPUSD,SELL,2021-11-23 11:00:00+00:00,,PRE_TRADE_PROJECTED_EQUITY_BREACH
REJECTED,GBPUSD,SELL,2021-11-23 12:00:00+00:00,,PRE_TRADE_PROJECTED_EQUITY_BREACH
REJECTED,EURUSD,SELL,2021-11-24 08:00:00+00:00,,PRE_TRADE_PROJECTED_EQUITY_BREACH
REJECTED,EURUSD,SELL,2021-11-24 09:00:00+00:00,,PRE_TRADE_PROJECTED_EQUITY_BREACH
REJECTED,GBPUSD,SELL,2021-11-24 12:00:00+00:00,,PRE_TRADE_PROJECTED_EQUITY_BREACH
REJECTED,GBPUSD,SELL,2021-11-24 14:00:00+00:00,,PRE_TRADE_PROJECTED_EQUITY_BREACH
REJECTED,EURUSD,BUY,2021-11-25 08:00:00+00:00,,PRE_TRADE_PROJECTED_EQUITY_BREACH
REJECTED,GBPUSD,SELL,2021-11-25 12:00:00+00:00,,PRE_TRADE_PROJECTED_EQUITY_BREACH
REJECTED,GBPUSD,SELL,2021-11-26 01:00:00+00:00,,PRE_TRADE_PROJECTED_EQUITY_BREACH
REJECTED,EURUSD,BUY,2021-11-26 06:00:00+00:00,,PRE_TRADE_PROJECTED_EQUITY_BREACH
REJECTED,EURUSD,BUY,2021-11-26 07:00:00+00:00,,PRE_TRADE_PROJECTED_EQUITY_BREACH
REJECTED,EURUSD,BUY,2021-11-26 08:00:00+00:00,,PRE_TRADE_PROJECTED_EQUITY_BREACH
REJECTED,EURUSD,BUY,2021-11-26 10:00:00+00:00,,PRE_TRADE_PROJECTED_EQUITY_BREACH
REJECTED,GBPUSD,BUY,2021-11-26 12:00:00+00:00,,PRE_TRADE_PROJECTED_EQUITY_BREACH
REJECTED,EURUSD,BUY,2021-11-26 15:00:00+00:00,,PRE_TRADE_PROJECTED_EQUITY_BREACH
REJECTED,EURUSD,BUY,2021-11-26 20:00:00+00:00,,PRE_TRADE_PROJECTED_EQUITY_BREACH
REJECTED,GBPUSD,BUY,2021-11-26 20:00:00+00:00,,PRE_TRADE_PROJECTED_EQUITY_BREACH
REJECTED,EURUSD,SELL,2021-11-29 07:00:00+00:00,,PRE_TRADE_PROJECTED_EQUITY_BREACH
REJECTED,GBPUSD,SELL,2021-11-29 14:00:00+00:00,,PRE_TRADE_PROJECTED_EQUITY_BREACH
REJECTED,GBPUSD,SELL,2021-11-29 15:00:00+00:00,,PRE_TRADE_PROJECTED_EQUITY_BREACH
REJECTED,GBPUSD,SELL,2021-11-29 16:00:00+00:00,,PRE_TRADE_PROJECTED_EQUITY_BREACH
REJECTED,EURUSD,BUY,2021-11-30 02:00:00+00:00,,PRE_TRADE_PROJECTED_EQUITY_BREACH
REJECTED,EURUSD,BUY,2021-11-30 05:00:00+00:00,,PRE_TRADE_PROJECTED_EQUITY_BREACH
REJECTED,EURUSD,BUY,2021-11-30 06:00:00+00:00,,PRE_TRADE_PROJECTED_EQUITY_BREACH
REJECTED,EURUSD,BUY,2021-11-30 07:00:00+00:00,,PRE_TRADE_PROJECTED_EQUITY_BREACH
REJECTED,EURUSD,BUY,2021-11-30 08:00:00+00:00,,PRE_TRADE_PROJECTED_EQUITY_BREACH
REJECTED,GBPUSD,BUY,2021-11-30 08:00:00+00:00,,PRE_TRADE_PROJECTED_EQUITY_BREACH
REJECTED,EURUSD,BUY,2021-11-30 09:00:00+00:00,,PRE_TRADE_PROJECTED_EQUITY_BREACH
REJECTED,GBPUSD,BUY,2021-11-30 09:00:00+00:00,,PRE_TRADE_PROJECTED_EQUITY_BREACH
REJECTED,EURUSD,BUY,2021-11-30 14:00:00+00:00,,PRE_TRADE_PROJECTED_EQUITY_BREACH
REJECTED,EURUSD,SELL,2021-11-30 15:00:00+00:00,,PRE_TRADE_PROJECTED_EQUITY_BREACH
REJECTED,GBPUSD,SELL,2021-11-30 15:00:00+00:00,,PRE_TRADE_PROJECTED_EQUITY_BREACH
REJECTED,GBPUSD,BUY,2021-12-01 13:00:00+00:00,,PRE_TRADE_PROJECTED_EQUITY_BREACH
REJECTED,GBPUSD,SELL,2021-12-01 20:00:00+00:00,,PRE_TRADE_PROJECTED_EQUITY_BREACH
REJECTED,EURUSD,SELL,2021-12-02 17:00:00+00:00,,PRE_TRADE_PROJECTED_EQUITY_BREACH
REJECTED,EURUSD,SELL,2021-12-03 06:00:00+00:00,,PRE_TRADE_PROJECTED_EQUITY_BREACH
REJECTED,GBPUSD,SELL,2021-12-03 06:00:00+00:00,,PRE_TRADE_PROJECTED_EQUITY_BREACH
REJECTED,GBPUSD,SELL,2021-12-03 07:00:00+00:00,,PRE_TRADE_PROJECTED_EQUITY_BREACH
REJECTED,GBPUSD,SELL,2021-12-03 14:00:00+00:00,,PRE_TRADE_PROJECTED_EQUITY_BREACH
REJECTED,EURUSD,SELL,2021-12-03 15:00:00+00:00,,PRE_TRADE_PROJECTED_EQUITY_BREACH
REJECTED,GBPUSD,SELL,2021-12-03 15:00:00+00:00,,PRE_TRADE_PROJECTED_EQUITY_BREACH
REJECTED,GBPUSD,BUY,2021-12-06 11:00:00+00:00,,PRE_TRADE_PROJECTED_EQUITY_BREACH
REJECTED,EURUSD,SELL,2021-12-06 15:00:00+00:00,,PRE_TRADE_PROJECTED_EQUITY_BREACH
REJECTED,EURUSD,SELL,2021-12-07 12:00:00+00:00,,PRE_TRADE_PROJECTED_EQUITY_BREACH
REJECTED,EURUSD,SELL,2021-12-07 13:00:00+00:00,,PRE_TRADE_PROJECTED_EQUITY_BREACH
REJECTED,GBPUSD,SELL,2021-12-07 13:00:00+00:00,,PRE_TRADE_PROJECTED_EQUITY_BREACH
REJECTED,EURUSD,BUY,2021-12-08 05:00:00+00:00,,PRE_TRADE_PROJECTED_EQUITY_BREACH
REJECTED,EURUSD,BUY,2021-12-08 13:00:00+00:00,,PRE_TRADE_PROJECTED_EQUITY_BREACH
REJECTED,EURUSD,BUY,2021-12-08 15:00:00+00:00,,PRE_TRADE_PROJECTED_EQUITY_BREACH
REJECTED,EURUSD,BUY,2021-12-08 17:00:00+00:00,,PRE_TRADE_PROJECTED_EQUITY_BREACH
REJECTED,GBPUSD,SELL,2021-12-09 10:00:00+00:00,,PRE_TRADE_PROJECTED_EQUITY_BREACH
REJECTED,EURUSD,SELL,2021-12-09 12:00:00+00:00,,PRE_TRADE_PROJECTED_EQUITY_BREACH
REJECTED,EURUSD,SELL,2021-12-09 14:00:00+00:00,,PRE_TRADE_PROJECTED_EQUITY_BREACH
REJECTED,EURUSD,SELL,2021-12-09 15:00:00+00:00,,PRE_TRADE_PROJECTED_EQUITY_BREACH
REJECTED,GBPUSD,BUY,2021-12-09 18:00:00+00:00,,PRE_TRADE_PROJECTED_EQUITY_BREACH
REJECTED,GBPUSD,BUY,2021-12-09 20:00:00+00:00,,PRE_TRADE_PROJECTED_EQUITY_BREACH
REJECTED,GBPUSD,BUY,2021-12-09 23:00:00+00:00,,PRE_TRADE_PROJECTED_EQUITY_BREACH
REJECTED,GBPUSD,BUY,2021-12-10 01:00:00+00:00,,PRE_TRADE_PROJECTED_EQUITY_BREACH
REJECTED,EURUSD,SELL,2021-12-10 10:00:00+00:00,,PRE_TRADE_PROJECTED_EQUITY_BREACH
REJECTED,EURUSD,BUY,2021-12-10 16:00:00+00:00,,PRE_TRADE_PROJECTED_EQUITY_BREACH
REJECTED,GBPUSD,BUY,2021-12-10 16:00:00+00:00,,PRE_TRADE_PROJECTED_EQUITY_BREACH
REJECTED,GBPUSD,SELL,2021-12-13 17:00:00+00:00,,PRE_TRADE_PROJECTED_EQUITY_BREACH
REJECTED,GBPUSD,SELL,2021-12-13 20:00:00+00:00,,PRE_TRADE_PROJECTED_EQUITY_BREACH
REJECTED,GBPUSD,SELL,2021-12-14 00:00:00+00:00,,PRE_TRADE_PROJECTED_EQUITY_BREACH
REJECTED,GBPUSD,SELL,2021-12-14 01:00:00+00:00,,PRE_TRADE_PROJECTED_EQUITY_BREACH
REJECTED,GBPUSD,SELL,2021-12-14 02:00:00+00:00,,PRE_TRADE_PROJECTED_EQUITY_BREACH
REJECTED,GBPUSD,SELL,2021-12-14 03:00:00+00:00,,PRE_TRADE_PROJECTED_EQUITY_BREACH
REJECTED,EURUSD,BUY,2021-12-14 10:00:00+00:00,,PRE_TRADE_PROJECTED_EQUITY_BREACH
REJECTED,EURUSD,BUY,2021-12-14 11:00:00+00:00,,PRE_TRADE_PROJECTED_EQUITY_BREACH
REJECTED,EURUSD,SELL,2021-12-14 19:00:00+00:00,,PRE_TRADE_PROJECTED_EQUITY_BREACH
REJECTED,EURUSD,SELL,2021-12-14 20:00:00+00:00,,PRE_TRADE_PROJECTED_EQUITY_BREACH
REJECTED,GBPUSD,BUY,2021-12-15 08:00:00+00:00,,PRE_TRADE_PROJECTED_EQUITY_BREACH
REJECTED,GBPUSD,SELL,2021-12-15 14:00:00+00:00,,PRE_TRADE_PROJECTED_EQUITY_BREACH
REJECTED,GBPUSD,SELL,2021-12-15 15:00:00+00:00,,PRE_TRADE_PROJECTED_EQUITY_BREACH
REJECTED,EURUSD,BUY,2021-12-15 20:00:00+00:00,,PRE_TRADE_PROJECTED_EQUITY_BREACH
REJECTED,EURUSD,BUY,2021-12-16 07:00:00+00:00,,PRE_TRADE_PROJECTED_EQUITY_BREACH
REJECTED,EURUSD,BUY,2021-12-16 08:00:00+00:00,,PRE_TRADE_PROJECTED_EQUITY_BREACH
REJECTED,GBPUSD,BUY,2021-12-16 08:00:00+00:00,,PRE_TRADE_PROJECTED_EQUITY_BREACH
REJECTED,EURUSD,BUY,2021-12-16 12:00:00+00:00,,PRE_TRADE_PROJECTED_EQUITY_BREACH
REJECTED,GBPUSD,BUY,2021-12-16 12:00:00+00:00,,PRE_TRADE_PROJECTED_EQUITY_BREACH
REJECTED,EURUSD,BUY,2021-12-16 13:00:00+00:00,,PRE_TRADE_PROJECTED_EQUITY_BREACH
REJECTED,GBPUSD,SELL,2021-12-17 10:00:00+00:00,,PRE_TRADE_PROJECTED_EQUITY_BREACH
REJECTED,EURUSD,SELL,2021-12-17 15:00:00+00:00,,PRE_TRADE_PROJECTED_EQUITY_BREACH
REJECTED,GBPUSD,SELL,2021-12-17 15:00:00+00:00,,PRE_TRADE_PROJECTED_EQUITY_BREACH
REJECTED,EURUSD,SELL,2021-12-17 18:00:00+00:00,,PRE_TRADE_PROJECTED_EQUITY_BREACH
REJECTED,GBPUSD,SELL,2021-12-17 18:00:00+00:00,,PRE_TRADE_PROJECTED_EQUITY_BREACH
REJECTED,EURUSD,SELL,2021-12-17 19:00:00+00:00,,PRE_TRADE_PROJECTED_EQUITY_BREACH
REJECTED,EURUSD,SELL,2021-12-17 20:00:00+00:00,,PRE_TRADE_PROJECTED_EQUITY_BREACH
REJECTED,GBPUSD,SELL,2021-12-17 20:00:00+00:00,,PRE_TRADE_PROJECTED_EQUITY_BREACH
REJECTED,GBPUSD,SELL,2021-12-17 21:00:00+00:00,,PRE_TRADE_PROJECTED_EQUITY_BREACH
REJECTED,GBPUSD,SELL,2021-12-19 23:00:00+00:00,,PRE_TRADE_PROJECTED_EQUITY_BREACH
REJECTED,GBPUSD,SELL,2021-12-20 07:00:00+00:00,,PRE_TRADE_PROJECTED_EQUITY_BREACH
REJECTED,GBPUSD,SELL,2021-12-20 09:00:00+00:00,,PRE_TRADE_PROJECTED_EQUITY_BREACH
REJECTED,EURUSD,BUY,2021-12-20 13:00:00+00:00,,PRE_TRADE_PROJECTED_EQUITY_BREACH
REJECTED,EURUSD,BUY,2021-12-20 14:00:00+00:00,,PRE_TRADE_PROJECTED_EQUITY_BREACH
REJECTED,EURUSD,SELL,2021-12-21 15:00:00+00:00,,PRE_TRADE_PROJECTED_EQUITY_BREACH
REJECTED,GBPUSD,BUY,2021-12-21 19:00:00+00:00,,PRE_TRADE_PROJECTED_EQUITY_BREACH
REJECTED,GBPUSD,BUY,2021-12-21 20:00:00+00:00,,PRE_TRADE_PROJECTED_EQUITY_BREACH
REJECTED,GBPUSD,BUY,2021-12-22 01:00:00+00:00,,PRE_TRADE_PROJECTED_EQUITY_BREACH
REJECTED,GBPUSD,BUY,2021-12-22 09:00:00+00:00,,PRE_TRADE_PROJECTED_EQUITY_BREACH
REJECTED,GBPUSD,BUY,2021-12-22 10:00:00+00:00,,PRE_TRADE_PROJECTED_EQUITY_BREACH
REJECTED,EURUSD,BUY,2021-12-22 11:00:00+00:00,,PRE_TRADE_PROJECTED_EQUITY_BREACH
REJECTED,EURUSD,BUY,2021-12-22 13:00:00+00:00,,PRE_TRADE_PROJECTED_EQUITY_BREACH
REJECTED,GBPUSD,BUY,2021-12-22 13:00:00+00:00,,PRE_TRADE_PROJECTED_EQUITY_BREACH
REJECTED,EURUSD,BUY,2021-12-22 15:00:00+00:00,,PRE_TRADE_PROJECTED_EQUITY_BREACH
REJECTED,GBPUSD,BUY,2021-12-22 15:00:00+00:00,,PRE_TRADE_PROJECTED_EQUITY_BREACH
REJECTED,EURUSD,BUY,2021-12-22 16:00:00+00:00,,PRE_TRADE_PROJECTED_EQUITY_BREACH
REJECTED,GBPUSD,BUY,2021-12-22 20:00:00+00:00,,PRE_TRADE_PROJECTED_EQUITY_BREACH
REJECTED,GBPUSD,BUY,2021-12-23 07:00:00+00:00,,PRE_TRADE_PROJECTED_EQUITY_BREACH
REJECTED,GBPUSD,BUY,2021-12-23 08:00:00+00:00,,PRE_TRADE_PROJECTED_EQUITY_BREACH
REJECTED,GBPUSD,BUY,2021-12-23 09:00:00+00:00,,PRE_TRADE_PROJECTED_EQUITY_BREACH
REJECTED,GBPUSD,BUY,2021-12-23 10:00:00+00:00,,PRE_TRADE_PROJECTED_EQUITY_BREACH
REJECTED,GBPUSD,BUY,2021-12-23 11:00:00+00:00,,PRE_TRADE_PROJECTED_EQUITY_BREACH
REJECTED,EURUSD,SELL,2021-12-23 12:00:00+00:00,,PRE_TRADE_PROJECTED_EQUITY_BREACH
REJECTED,EURUSD,SELL,2021-12-23 13:00:00+00:00,,PRE_TRADE_PROJECTED_EQUITY_BREACH
REJECTED,EURUSD,SELL,2021-12-24 15:00:00+00:00,,PRE_TRADE_PROJECTED_EQUITY_BREACH
REJECTED,GBPUSD,BUY,2021-12-27 13:00:00+00:00,,PRE_TRADE_PROJECTED_EQUITY_BREACH
REJECTED,GBPUSD,BUY,2021-12-28 09:00:00+00:00,,PRE_TRADE_PROJECTED_EQUITY_BREACH
REJECTED,GBPUSD,BUY,2021-12-28 10:00:00+00:00,,PRE_TRADE_PROJECTED_EQUITY_BREACH
REJECTED,GBPUSD,BUY,2021-12-28 11:00:00+00:00,,PRE_TRADE_PROJECTED_EQUITY_BREACH
REJECTED,EURUSD,SELL,2021-12-28 14:00:00+00:00,,PRE_TRADE_PROJECTED_EQUITY_BREACH
REJECTED,GBPUSD,SELL,2021-12-28 15:00:00+00:00,,PRE_TRADE_PROJECTED_EQUITY_BREACH
REJECTED,EURUSD,SELL,2021-12-29 08:00:00+00:00,,PRE_TRADE_PROJECTED_EQUITY_BREACH
REJECTED,EURUSD,SELL,2021-12-29 09:00:00+00:00,,PRE_TRADE_PROJECTED_EQUITY_BREACH
REJECTED,GBPUSD,BUY,2021-12-29 13:00:00+00:00,,PRE_TRADE_PROJECTED_EQUITY_BREACH
REJECTED,EURUSD,BUY,2021-12-29 14:00:00+00:00,,PRE_TRADE_PROJECTED_EQUITY_BREACH
REJECTED,GBPUSD,BUY,2021-12-29 14:00:00+00:00,,PRE_TRADE_PROJECTED_EQUITY_BREACH
REJECTED,GBPUSD,BUY,2021-12-29 15:00:00+00:00,,PRE_TRADE_PROJECTED_EQUITY_BREACH
REJECTED,GBPUSD,BUY,2021-12-30 01:00:00+00:00,,PRE_TRADE_PROJECTED_EQUITY_BREACH
REJECTED,GBPUSD,BUY,2021-12-30 12:00:00+00:00,,PRE_TRADE_PROJECTED_EQUITY_BREACH
REJECTED,GBPUSD,SELL,2021-12-31 11:00:00+00:00,,PRE_TRADE_PROJECTED_EQUITY_BREACH
REJECTED,EURUSD,BUY,2021-12-31 13:00:00+00:00,,PRE_TRADE_PROJECTED_EQUITY_BREACH
REJECTED,EURUSD,BUY,2021-12-31 15:00:00+00:00,,PRE_TRADE_PROJECTED_EQUITY_BREACH
REJECTED,GBPUSD,BUY,2021-12-31 15:00:00+00:00,,PRE_TRADE_PROJECTED_EQUITY_BREACH
REJECTED,EURUSD,BUY,2021-12-31 16:00:00+00:00,,PRE_TRADE_PROJECTED_EQUITY_BREACH
REJECTED,EURUSD,BUY,2021-12-31 17:00:00+00:00,,PRE_TRADE_PROJECTED_EQUITY_BREACH
REJECTED,GBPUSD,SELL,2022-01-03 13:00:00+00:00,,PRE_TRADE_PROJECTED_EQUITY_BREACH
REJECTED,EURUSD,SELL,2022-01-03 14:00:00+00:00,,PRE_TRADE_PROJECTED_EQUITY_BREACH
REJECTED,GBPUSD,SELL,2022-01-03 14:00:00+00:00,,PRE_TRADE_PROJECTED_EQUITY_BREACH
REJECTED,EURUSD,SELL,2022-01-03 15:00:00+00:00,,PRE_TRADE_PROJECTED_EQUITY_BREACH
REJECTED,GBPUSD,SELL,2022-01-03 15:00:00+00:00,,PRE_TRADE_PROJECTED_EQUITY_BREACH
REJECTED,EURUSD,SELL,2022-01-03 16:00:00+00:00,,PRE_TRADE_PROJECTED_EQUITY_BREACH
REJECTED,GBPUSD,BUY,2022-01-04 09:00:00+00:00,,PRE_TRADE_PROJECTED_EQUITY_BREACH
REJECTED,EURUSD,SELL,2022-01-04 11:00:00+00:00,,PRE_TRADE_PROJECTED_EQUITY_BREACH
REJECTED,EURUSD,SELL,2022-01-04 12:00:00+00:00,,PRE_TRADE_PROJECTED_EQUITY_BREACH
REJECTED,GBPUSD,BUY,2022-01-04 13:00:00+00:00,,PRE_TRADE_PROJECTED_EQUITY_BREACH
REJECTED,GBPUSD,BUY,2022-01-04 14:00:00+00:00,,PRE_TRADE_PROJECTED_EQUITY_BREACH
REJECTED,GBPUSD,BUY,2022-01-04 15:00:00+00:00,,PRE_TRADE_PROJECTED_EQUITY_BREACH
REJECTED,EURUSD,BUY,2022-01-05 14:00:00+00:00,,PRE_TRADE_PROJECTED_EQUITY_BREACH
REJECTED,GBPUSD,BUY,2022-01-05 15:00:00+00:00,,PRE_TRADE_PROJECTED_EQUITY_BREACH
REJECTED,GBPUSD,BUY,2022-01-05 16:00:00+00:00,,PRE_TRADE_PROJECTED_EQUITY_BREACH
REJECTED,GBPUSD,BUY,2022-01-05 17:00:00+00:00,,PRE_TRADE_PROJECTED_EQUITY_BREACH
REJECTED,GBPUSD,SELL,2022-01-06 04:00:00+00:00,,PRE_TRADE_PROJECTED_EQUITY_BREACH
REJECTED,EURUSD,SELL,2022-01-06 06:00:00+00:00,,PRE_TRADE_PROJECTED_EQUITY_BREACH
REJECTED,GBPUSD,SELL,2022-01-06 06:00:00+00:00,,PRE_TRADE_PROJECTED_EQUITY_BREACH
REJECTED,EURUSD,SELL,2022-01-06 07:00:00+00:00,,PRE_TRADE_PROJECTED_EQUITY_BREACH
REJECTED,GBPUSD,SELL,2022-01-06 07:00:00+00:00,,PRE_TRADE_PROJECTED_EQUITY_BREACH
REJECTED,EURUSD,BUY,2022-01-07 14:00:00+00:00,,PRE_TRADE_PROJECTED_EQUITY_BREACH
REJECTED,EURUSD,BUY,2022-01-07 15:00:00+00:00,,PRE_TRADE_PROJECTED_EQUITY_BREACH
REJECTED,GBPUSD,BUY,2022-01-07 15:00:00+00:00,,PRE_TRADE_PROJECTED_EQUITY_BREACH
REJECTED,EURUSD,BUY,2022-01-07 16:00:00+00:00,,PRE_TRADE_PROJECTED_EQUITY_BREACH
REJECTED,GBPUSD,BUY,2022-01-07 16:00:00+00:00,,PRE_TRADE_PROJECTED_EQUITY_BREACH
REJECTED,GBPUSD,BUY,2022-01-07 18:00:00+00:00,,PRE_TRADE_PROJECTED_EQUITY_BREACH
REJECTED,EURUSD,BUY,2022-01-07 19:00:00+00:00,,PRE_TRADE_PROJECTED_EQUITY_BREACH
REJECTED,GBPUSD,BUY,2022-01-07 19:00:00+00:00,,PRE_TRADE_PROJECTED_EQUITY_BREACH
REJECTED,EURUSD,SELL,2022-01-10 12:00:00+00:00,,PRE_TRADE_PROJECTED_EQUITY_BREACH
REJECTED,EURUSD,SELL,2022-01-10 13:00:00+00:00,,PRE_TRADE_PROJECTED_EQUITY_BREACH
REJECTED,GBPUSD,SELL,2022-01-10 13:00:00+00:00,,PRE_TRADE_PROJECTED_EQUITY_BREACH
REJECTED,GBPUSD,SELL,2022-01-10 14:00:00+00:00,,PRE_TRADE_PROJECTED_EQUITY_BREACH
REJECTED,EURUSD,BUY,2022-01-11 08:00:00+00:00,,PRE_TRADE_PROJECTED_EQUITY_BREACH
REJECTED,GBPUSD,BUY,2022-01-11 08:00:00+00:00,,PRE_TRADE_PROJECTED_EQUITY_BREACH
REJECTED,EURUSD,BUY,2022-01-11 16:00:00+00:00,,PRE_TRADE_PROJECTED_EQUITY_BREACH
REJECTED,GBPUSD,BUY,2022-01-11 16:00:00+00:00,,PRE_TRADE_PROJECTED_EQUITY_BREACH
REJECTED,GBPUSD,BUY,2022-01-11 19:00:00+00:00,,PRE_TRADE_PROJECTED_EQUITY_BREACH
REJECTED,GBPUSD,BUY,2022-01-11 20:00:00+00:00,,PRE_TRADE_PROJECTED_EQUITY_BREACH
REJECTED,GBPUSD,BUY,2022-01-11 21:00:00+00:00,,PRE_TRADE_PROJECTED_EQUITY_BREACH
REJECTED,GBPUSD,BUY,2022-01-12 00:00:00+00:00,,PRE_TRADE_PROJECTED_EQUITY_BREACH
REJECTED,GBPUSD,BUY,2022-01-12 02:00:00+00:00,,PRE_TRADE_PROJECTED_EQUITY_BREACH
REJECTED,GBPUSD,BUY,2022-01-12 03:00:00+00:00,,PRE_TRADE_PROJECTED_EQUITY_BREACH
REJECTED,EURUSD,BUY,2022-01-12 13:00:00+00:00,,PRE_TRADE_PROJECTED_EQUITY_BREACH
REJECTED,GBPUSD,BUY,2022-01-12 13:00:00+00:00,,PRE_TRADE_PROJECTED_EQUITY_BREACH
REJECTED,EURUSD,BUY,2022-01-12 14:00:00+00:00,,PRE_TRADE_PROJECTED_EQUITY_BREACH
REJECTED,GBPUSD,BUY,2022-01-12 14:00:00+00:00,,PRE_TRADE_PROJECTED_EQUITY_BREACH
REJECTED,EURUSD,BUY,2022-01-12 15:00:00+00:00,,PRE_TRADE_PROJECTED_EQUITY_BREACH
REJECTED,EURUSD,BUY,2022-01-12 16:00:00+00:00,,PRE_TRADE_PROJECTED_EQUITY_BREACH
REJECTED,GBPUSD,BUY,2022-01-12 16:00:00+00:00,,PRE_TRADE_PROJECTED_EQUITY_BREACH
REJECTED,EURUSD,BUY,2022-01-12 17:00:00+00:00,,PRE_TRADE_PROJECTED_EQUITY_BREACH
REJECTED,GBPUSD,BUY,2022-01-12 17:00:00+00:00,,PRE_TRADE_PROJECTED_EQUITY_BREACH
REJECTED,EURUSD,BUY,2022-01-12 19:00:00+00:00,,PRE_TRADE_PROJECTED_EQUITY_BREACH
REJECTED,GBPUSD,BUY,2022-01-12 19:00:00+00:00,,PRE_TRADE_PROJECTED_EQUITY_BREACH
REJECTED,GBPUSD,BUY,2022-01-13 02:00:00+00:00,,PRE_TRADE_PROJECTED_EQUITY_BREACH
REJECTED,EURUSD,BUY,2022-01-13 07:00:00+00:00,,PRE_TRADE_PROJECTED_EQUITY_BREACH
REJECTED,GBPUSD,BUY,2022-01-13 07:00:00+00:00,,PRE_TRADE_PROJECTED_EQUITY_BREACH
REJECTED,GBPUSD,BUY,2022-01-13 08:00:00+00:00,,PRE_TRADE_PROJECTED_EQUITY_BREACH
REJECTED,GBPUSD,SELL,2022-01-13 20:00:00+00:00,,PRE_TRADE_PROJECTED_EQUITY_BREACH
REJECTED,EURUSD,SELL,2022-01-14 12:00:00+00:00,,PRE_TRADE_PROJECTED_EQUITY_BREACH
REJECTED,EURUSD,SELL,2022-01-14 13:00:00+00:00,,PRE_TRADE_PROJECTED_EQUITY_BREACH
REJECTED,GBPUSD,SELL,2022-01-14 13:00:00+00:00,,PRE_TRADE_PROJECTED_EQUITY_BREACH
REJECTED,GBPUSD,SELL,2022-01-14 14:00:00+00:00,,PRE_TRADE_PROJECTED_EQUITY_BREACH
REJECTED,GBPUSD,SELL,2022-01-14 15:00:00+00:00,,PRE_TRADE_PROJECTED_EQUITY_BREACH
REJECTED,EURUSD,SELL,2022-01-14 16:00:00+00:00,,PRE_TRADE_PROJECTED_EQUITY_BREACH
REJECTED,GBPUSD,SELL,2022-01-14 16:00:00+00:00,,PRE_TRADE_PROJECTED_EQUITY_BREACH
REJECTED,EURUSD,SELL,2022-01-14 17:00:00+00:00,,PRE_TRADE_PROJECTED_EQUITY_BREACH
REJECTED,GBPUSD,SELL,2022-01-14 17:00:00+00:00,,PRE_TRADE_PROJECTED_EQUITY_BREACH
REJECTED,EURUSD,SELL,2022-01-17 12:00:00+00:00,,PRE_TRADE_PROJECTED_EQUITY_BREACH
REJECTED,GBPUSD,SELL,2022-01-17 12:00:00+00:00,,PRE_TRADE_PROJECTED_EQUITY_BREACH
REJECTED,GBPUSD,SELL,2022-01-18 03:00:00+00:00,,PRE_TRADE_PROJECTED_EQUITY_BREACH
REJECTED,GBPUSD,SELL,2022-01-18 10:00:00+00:00,,PRE_TRADE_PROJECTED_EQUITY_BREACH
REJECTED,GBPUSD,SELL,2022-01-18 11:00:00+00:00,,PRE_TRADE_PROJECTED_EQUITY_BREACH
REJECTED,EURUSD,SELL,2022-01-18 12:00:00+00:00,,PRE_TRADE_PROJECTED_EQUITY_BREACH
REJECTED,GBPUSD,SELL,2022-01-18 12:00:00+00:00,,PRE_TRADE_PROJECTED_EQUITY_BREACH
REJECTED,EURUSD,SELL,2022-01-18 13:00:00+00:00,,PRE_TRADE_PROJECTED_EQUITY_BREACH
REJECTED,EURUSD,SELL,2022-01-18 15:00:00+00:00,,PRE_TRADE_PROJECTED_EQUITY_BREACH
REJECTED,EURUSD,SELL,2022-01-18 16:00:00+00:00,,PRE_TRADE_PROJECTED_EQUITY_BREACH
REJECTED,EURUSD,SELL,2022-01-18 17:00:00+00:00,,PRE_TRADE_PROJECTED_EQUITY_BREACH
REJECTED,EURUSD,SELL,2022-01-18 20:00:00+00:00,,PRE_TRADE_PROJECTED_EQUITY_BREACH
REJECTED,GBPUSD,BUY,2022-01-19 10:00:00+00:00,,PRE_TRADE_PROJECTED_EQUITY_BREACH
REJECTED,EURUSD,BUY,2022-01-20 01:00:00+00:00,,PRE_TRADE_PROJECTED_EQUITY_BREACH
REJECTED,GBPUSD,BUY,2022-01-20 14:00:00+00:00,,PRE_TRADE_PROJECTED_EQUITY_BREACH
REJECTED,GBPUSD,BUY,2022-01-20 15:00:00+00:00,,PRE_TRADE_PROJECTED_EQUITY_BREACH
REJECTED,EURUSD,SELL,2022-01-20 17:00:00+00:00,,PRE_TRADE_PROJECTED_EQUITY_BREACH
REJECTED,EURUSD,SELL,2022-01-20 18:00:00+00:00,,PRE_TRADE_PROJECTED_EQUITY_BREACH
REJECTED,EURUSD,SELL,2022-01-20 19:00:00+00:00,,PRE_TRADE_PROJECTED_EQUITY_BREACH
REJECTED,EURUSD,SELL,2022-01-20 20:00:00+00:00,,PRE_TRADE_PROJECTED_EQUITY_BREACH
REJECTED,GBPUSD,SELL,2022-01-20 20:00:00+00:00,,PRE_TRADE_PROJECTED_EQUITY_BREACH
REJECTED,GBPUSD,SELL,2022-01-21 00:00:00+00:00,,PRE_TRADE_PROJECTED_EQUITY_BREACH
REJECTED,GBPUSD,SELL,2022-01-21 07:00:00+00:00,,PRE_TRADE_PROJECTED_EQUITY_BREACH
REJECTED,GBPUSD,SELL,2022-01-21 08:00:00+00:00,,PRE_TRADE_PROJECTED_EQUITY_BREACH
REJECTED,GBPUSD,SELL,2022-01-21 11:00:00+00:00,,PRE_TRADE_PROJECTED_EQUITY_BREACH
REJECTED,EURUSD,BUY,2022-01-21 13:00:00+00:00,,PRE_TRADE_PROJECTED_EQUITY_BREACH
REJECTED,EURUSD,SELL,2022-01-24 05:00:00+00:00,,PRE_TRADE_PROJECTED_EQUITY_BREACH
REJECTED,GBPUSD,SELL,2022-01-24 09:00:00+00:00,,PRE_TRADE_PROJECTED_EQUITY_BREACH
REJECTED,GBPUSD,SELL,2022-01-24 10:00:00+00:00,,PRE_TRADE_PROJECTED_EQUITY_BREACH
REJECTED,EURUSD,SELL,2022-01-24 11:00:00+00:00,,PRE_TRADE_PROJECTED_EQUITY_BREACH
REJECTED,GBPUSD,SELL,2022-01-24 11:00:00+00:00,,PRE_TRADE_PROJECTED_EQUITY_BREACH
REJECTED,EURUSD,SELL,2022-01-24 12:00:00+00:00,,PRE_TRADE_PROJECTED_EQUITY_BREACH
REJECTED,GBPUSD,SELL,2022-01-24 12:00:00+00:00,,PRE_TRADE_PROJECTED_EQUITY_BREACH
REJECTED,EURUSD,SELL,2022-01-24 13:00:00+00:00,,PRE_TRADE_PROJECTED_EQUITY_BREACH
REJECTED,GBPUSD,SELL,2022-01-24 13:00:00+00:00,,PRE_TRADE_PROJECTED_EQUITY_BREACH
REJECTED,GBPUSD,SELL,2022-01-24 15:00:00+00:00,,PRE_TRADE_PROJECTED_EQUITY_BREACH
REJECTED,EURUSD,SELL,2022-01-25 09:00:00+00:00,,PRE_TRADE_PROJECTED_EQUITY_BREACH
REJECTED,EURUSD,SELL,2022-01-25 10:00:00+00:00,,PRE_TRADE_PROJECTED_EQUITY_BREACH
REJECTED,EURUSD,SELL,2022-01-25 11:00:00+00:00,,PRE_TRADE_PROJECTED_EQUITY_BREACH
REJECTED,EURUSD,SELL,2022-01-25 12:00:00+00:00,,PRE_TRADE_PROJECTED_EQUITY_BREACH
REJECTED,GBPUSD,BUY,2022-01-25 18:00:00+00:00,,PRE_TRADE_PROJECTED_EQUITY_BREACH
REJECTED,GBPUSD,BUY,2022-01-25 19:00:00+00:00,,PRE_TRADE_PROJECTED_EQUITY_BREACH
REJECTED,EURUSD,SELL,2022-01-26 19:00:00+00:00,,PRE_TRADE_PROJECTED_EQUITY_BREACH
REJECTED,GBPUSD,SELL,2022-01-26 19:00:00+00:00,,PRE_TRADE_PROJECTED_EQUITY_BREACH
REJECTED,EURUSD,SELL,2022-01-26 20:00:00+00:00,,PRE_TRADE_PROJECTED_EQUITY_BREACH
REJECTED,EURUSD,SELL,2022-01-27 00:00:00+00:00,,PRE_TRADE_PROJECTED_EQUITY_BREACH
REJECTED,EURUSD,SELL,2022-01-27 02:00:00+00:00,,PRE_TRADE_PROJECTED_EQUITY_BREACH
REJECTED,GBPUSD,SELL,2022-01-27 02:00:00+00:00,,PRE_TRADE_PROJECTED_EQUITY_BREACH
REJECTED,EURUSD,SELL,2022-01-27 03:00:00+00:00,,PRE_TRADE_PROJECTED_EQUITY_BREACH
REJECTED,GBPUSD,SELL,2022-01-27 03:00:00+00:00,,PRE_TRADE_PROJECTED_EQUITY_BREACH
REJECTED,GBPUSD,SELL,2022-01-27 04:00:00+00:00,,PRE_TRADE_PROJECTED_EQUITY_BREACH
REJECTED,GBPUSD,SELL,2022-01-27 06:00:00+00:00,,PRE_TRADE_PROJECTED_EQUITY_BREACH
REJECTED,EURUSD,SELL,2022-01-27 07:00:00+00:00,,PRE_TRADE_PROJECTED_EQUITY_BREACH
REJECTED,GBPUSD,SELL,2022-01-27 07:00:00+00:00,,PRE_TRADE_PROJECTED_EQUITY_BREACH
REJECTED,EURUSD,SELL,2022-01-27 10:00:00+00:00,,PRE_TRADE_PROJECTED_EQUITY_BREACH
REJECTED,EURUSD,SELL,2022-01-27 11:00:00+00:00,,PRE_TRADE_PROJECTED_EQUITY_BREACH
REJECTED,GBPUSD,SELL,2022-01-27 11:00:00+00:00,,PRE_TRADE_PROJECTED_EQUITY_BREACH
REJECTED,EURUSD,SELL,2022-01-27 13:00:00+00:00,,PRE_TRADE_PROJECTED_EQUITY_BREACH
REJECTED,EURUSD,BUY,2022-01-28 13:00:00+00:00,,PRE_TRADE_PROJECTED_EQUITY_BREACH
REJECTED,GBPUSD,BUY,2022-01-28 13:00:00+00:00,,PRE_TRADE_PROJECTED_EQUITY_BREACH
REJECTED,GBPUSD,BUY,2022-01-31 07:00:00+00:00,,PRE_TRADE_PROJECTED_EQUITY_BREACH
REJECTED,GBPUSD,BUY,2022-01-31 09:00:00+00:00,,PRE_TRADE_PROJECTED_EQUITY_BREACH
REJECTED,EURUSD,BUY,2022-01-31 13:00:00+00:00,,PRE_TRADE_PROJECTED_EQUITY_BREACH
REJECTED,EURUSD,BUY,2022-01-31 15:00:00+00:00,,PRE_TRADE_PROJECTED_EQUITY_BREACH
REJECTED,EURUSD,BUY,2022-01-31 17:00:00+00:00,,PRE_TRADE_PROJECTED_EQUITY_BREACH
REJECTED,EURUSD,BUY,2022-01-31 18:00:00+00:00,,PRE_TRADE_PROJECTED_EQUITY_BREACH
REJECTED,EURUSD,BUY,2022-01-31 19:00:00+00:00,,PRE_TRADE_PROJECTED_EQUITY_BREACH
REJECTED,GBPUSD,BUY,2022-01-31 19:00:00+00:00,,PRE_TRADE_PROJECTED_EQUITY_BREACH
REJECTED,EURUSD,BUY,2022-02-01 07:00:00+00:00,,PRE_TRADE_PROJECTED_EQUITY_BREACH
REJECTED,GBPUSD,BUY,2022-02-01 07:00:00+00:00,,PRE_TRADE_PROJECTED_EQUITY_BREACH
REJECTED,GBPUSD,BUY,2022-02-01 08:00:00+00:00,,PRE_TRADE_PROJECTED_EQUITY_BREACH
REJECTED,GBPUSD,BUY,2022-02-01 09:00:00+00:00,,PRE_TRADE_PROJECTED_EQUITY_BREACH
REJECTED,EURUSD,BUY,2022-02-01 11:00:00+00:00,,PRE_TRADE_PROJECTED_EQUITY_BREACH
REJECTED,GBPUSD,BUY,2022-02-01 20:00:00+00:00,,PRE_TRADE_PROJECTED_EQUITY_BREACH
REJECTED,EURUSD,BUY,2022-02-02 07:00:00+00:00,,PRE_TRADE_PROJECTED_EQUITY_BREACH
REJECTED,GBPUSD,BUY,2022-02-02 07:00:00+00:00,,PRE_TRADE_PROJECTED_EQUITY_BREACH
REJECTED,EURUSD,BUY,2022-02-02 08:00:00+00:00,,PRE_TRADE_PROJECTED_EQUITY_BREACH
REJECTED,EURUSD,BUY,2022-02-02 10:00:00+00:00,,PRE_TRADE_PROJECTED_EQUITY_BREACH
REJECTED,GBPUSD,BUY,2022-02-02 10:00:00+00:00,,PRE_TRADE_PROJECTED_EQUITY_BREACH
REJECTED,EURUSD,BUY,2022-02-02 11:00:00+00:00,,PRE_TRADE_PROJECTED_EQUITY_BREACH
REJECTED,GBPUSD,BUY,2022-02-02 11:00:00+00:00,,PRE_TRADE_PROJECTED_EQUITY_BREACH
REJECTED,EURUSD,BUY,2022-02-02 12:00:00+00:00,,PRE_TRADE_PROJECTED_EQUITY_BREACH
REJECTED,GBPUSD,BUY,2022-02-02 12:00:00+00:00,,PRE_TRADE_PROJECTED_EQUITY_BREACH
REJECTED,EURUSD,SELL,2022-02-03 09:00:00+00:00,,PRE_TRADE_PROJECTED_EQUITY_BREACH
REJECTED,EURUSD,SELL,2022-02-03 10:00:00+00:00,,PRE_TRADE_PROJECTED_EQUITY_BREACH
REJECTED,GBPUSD,SELL,2022-02-03 10:00:00+00:00,,PRE_TRADE_PROJECTED_EQUITY_BREACH
REJECTED,EURUSD,BUY,2022-02-03 13:00:00+00:00,,PRE_TRADE_PROJECTED_EQUITY_BREACH
REJECTED,EURUSD,BUY,2022-02-03 14:00:00+00:00,,PRE_TRADE_PROJECTED_EQUITY_BREACH
REJECTED,EURUSD,BUY,2022-02-03 15:00:00+00:00,,PRE_TRADE_PROJECTED_EQUITY_BREACH
REJECTED,EURUSD,BUY,2022-02-03 16:00:00+00:00,,PRE_TRADE_PROJECTED_EQUITY_BREACH
REJECTED,EURUSD,BUY,2022-02-04 01:00:00+00:00,,PRE_TRADE_PROJECTED_EQUITY_BREACH
REJECTED,EURUSD,BUY,2022-02-04 02:00:00+00:00,,PRE_TRADE_PROJECTED_EQUITY_BREACH
REJECTED,GBPUSD,SELL,2022-02-04 10:00:00+00:00,,PRE_TRADE_PROJECTED_EQUITY_BREACH
REJECTED,EURUSD,BUY,2022-02-04 11:00:00+00:00,,PRE_TRADE_PROJECTED_EQUITY_BREACH
REJECTED,GBPUSD,SELL,2022-02-04 13:00:00+00:00,,PRE_TRADE_PROJECTED_EQUITY_BREACH
REJECTED,EURUSD,SELL,2022-02-04 14:00:00+00:00,,PRE_TRADE_PROJECTED_EQUITY_BREACH
REJECTED,GBPUSD,SELL,2022-02-07 10:00:00+00:00,,PRE_TRADE_PROJECTED_EQUITY_BREACH
REJECTED,EURUSD,SELL,2022-02-08 07:00:00+00:00,,PRE_TRADE_PROJECTED_EQUITY_BREACH
REJECTED,GBPUSD,BUY,2022-02-08 08:00:00+00:00,,PRE_TRADE_PROJECTED_EQUITY_BREACH
REJECTED,GBPUSD,BUY,2022-02-08 09:00:00+00:00,,PRE_TRADE_PROJECTED_EQUITY_BREACH
REJECTED,GBPUSD,BUY,2022-02-09 08:00:00+00:00,,PRE_TRADE_PROJECTED_EQUITY_BREACH
REJECTED,EURUSD,BUY,2022-02-09 10:00:00+00:00,,PRE_TRADE_PROJECTED_EQUITY_BREACH
REJECTED,GBPUSD,BUY,2022-02-09 10:00:00+00:00,,PRE_TRADE_PROJECTED_EQUITY_BREACH
REJECTED,EURUSD,SELL,2022-02-10 13:00:00+00:00,,PRE_TRADE_PROJECTED_EQUITY_BREACH
REJECTED,EURUSD,BUY,2022-02-10 15:00:00+00:00,,PRE_TRADE_PROJECTED_EQUITY_BREACH
REJECTED,GBPUSD,BUY,2022-02-10 15:00:00+00:00,,PRE_TRADE_PROJECTED_EQUITY_BREACH
REJECTED,EURUSD,BUY,2022-02-10 16:00:00+00:00,,PRE_TRADE_PROJECTED_EQUITY_BREACH
REJECTED,GBPUSD,BUY,2022-02-10 16:00:00+00:00,,PRE_TRADE_PROJECTED_EQUITY_BREACH
REJECTED,EURUSD,SELL,2022-02-11 18:00:00+00:00,,PRE_TRADE_PROJECTED_EQUITY_BREACH
REJECTED,EURUSD,SELL,2022-02-11 19:00:00+00:00,,PRE_TRADE_PROJECTED_EQUITY_BREACH
REJECTED,EURUSD,SELL,2022-02-14 08:00:00+00:00,,PRE_TRADE_PROJECTED_EQUITY_BREACH
REJECTED,GBPUSD,SELL,2022-02-14 08:00:00+00:00,,PRE_TRADE_PROJECTED_EQUITY_BREACH
REJECTED,EURUSD,BUY,2022-02-15 08:00:00+00:00,,PRE_TRADE_PROJECTED_EQUITY_BREACH
REJECTED,GBPUSD,BUY,2022-02-15 08:00:00+00:00,,PRE_TRADE_PROJECTED_EQUITY_BREACH
REJECTED,EURUSD,BUY,2022-02-15 13:00:00+00:00,,PRE_TRADE_PROJECTED_EQUITY_BREACH
REJECTED,GBPUSD,SELL,2022-02-15 14:00:00+00:00,,PRE_TRADE_PROJECTED_EQUITY_BREACH
REJECTED,EURUSD,BUY,2022-02-15 16:00:00+00:00,,PRE_TRADE_PROJECTED_EQUITY_BREACH
REJECTED,EURUSD,BUY,2022-02-16 07:00:00+00:00,,PRE_TRADE_PROJECTED_EQUITY_BREACH
REJECTED,GBPUSD,BUY,2022-02-16 07:00:00+00:00,,PRE_TRADE_PROJECTED_EQUITY_BREACH
REJECTED,EURUSD,BUY,2022-02-16 08:00:00+00:00,,PRE_TRADE_PROJECTED_EQUITY_BREACH
REJECTED,GBPUSD,BUY,2022-02-16 08:00:00+00:00,,PRE_TRADE_PROJECTED_EQUITY_BREACH
REJECTED,GBPUSD,BUY,2022-02-16 19:00:00+00:00,,PRE_TRADE_PROJECTED_EQUITY_BREACH
REJECTED,EURUSD,SELL,2022-02-17 03:00:00+00:00,,PRE_TRADE_PROJECTED_EQUITY_BREACH
REJECTED,GBPUSD,BUY,2022-02-17 09:00:00+00:00,,PRE_TRADE_PROJECTED_EQUITY_BREACH
REJECTED,GBPUSD,BUY,2022-02-17 10:00:00+00:00,,PRE_TRADE_PROJECTED_EQUITY_BREACH
REJECTED,GBPUSD,BUY,2022-02-17 12:00:00+00:00,,PRE_TRADE_PROJECTED_EQUITY_BREACH
REJECTED,GBPUSD,SELL,2022-02-18 15:00:00+00:00,,PRE_TRADE_PROJECTED_EQUITY_BREACH
REJECTED,EURUSD,SELL,2022-02-18 16:00:00+00:00,,PRE_TRADE_PROJECTED_EQUITY_BREACH
REJECTED,EURUSD,BUY,2022-02-21 07:00:00+00:00,,PRE_TRADE_PROJECTED_EQUITY_BREACH
REJECTED,GBPUSD,BUY,2022-02-21 07:00:00+00:00,,PRE_TRADE_PROJECTED_EQUITY_BREACH
REJECTED,GBPUSD,BUY,2022-02-21 08:00:00+00:00,,PRE_TRADE_PROJECTED_EQUITY_BREACH
REJECTED,EURUSD,SELL,2022-02-22 03:00:00+00:00,,PRE_TRADE_PROJECTED_EQUITY_BREACH
REJECTED,GBPUSD,SELL,2022-02-22 07:00:00+00:00,,PRE_TRADE_PROJECTED_EQUITY_BREACH
REJECTED,EURUSD,BUY,2022-02-22 10:00:00+00:00,,PRE_TRADE_PROJECTED_EQUITY_BREACH
REJECTED,GBPUSD,SELL,2022-02-22 14:00:00+00:00,,PRE_TRADE_PROJECTED_EQUITY_BREACH
REJECTED,GBPUSD,BUY,2022-02-23 07:00:00+00:00,,PRE_TRADE_PROJECTED_EQUITY_BREACH
REJECTED,EURUSD,BUY,2022-02-23 09:00:00+00:00,,PRE_TRADE_PROJECTED_EQUITY_BREACH
REJECTED,GBPUSD,SELL,2022-02-23 14:00:00+00:00,,PRE_TRADE_PROJECTED_EQUITY_BREACH
REJECTED,GBPUSD,SELL,2022-02-23 15:00:00+00:00,,PRE_TRADE_PROJECTED_EQUITY_BREACH
REJECTED,EURUSD,SELL,2022-02-23 16:00:00+00:00,,PRE_TRADE_PROJECTED_EQUITY_BREACH
REJECTED,GBPUSD,SELL,2022-02-23 16:00:00+00:00,,PRE_TRADE_PROJECTED_EQUITY_BREACH
REJECTED,GBPUSD,SELL,2022-02-23 19:00:00+00:00,,PRE_TRADE_PROJECTED_EQUITY_BREACH
REJECTED,EURUSD,SELL,2022-02-24 00:00:00+00:00,,PRE_TRADE_PROJECTED_EQUITY_BREACH
REJECTED,GBPUSD,SELL,2022-02-24 00:00:00+00:00,,PRE_TRADE_PROJECTED_EQUITY_BREACH
REJECTED,EURUSD,SELL,2022-02-24 02:00:00+00:00,,PRE_TRADE_PROJECTED_EQUITY_BREACH
REJECTED,GBPUSD,SELL,2022-02-24 02:00:00+00:00,,PRE_TRADE_PROJECTED_EQUITY_BREACH
REJECTED,EURUSD,SELL,2022-02-24 03:00:00+00:00,,PRE_TRADE_PROJECTED_EQUITY_BREACH
REJECTED,GBPUSD,SELL,2022-02-24 03:00:00+00:00,,PRE_TRADE_PROJECTED_EQUITY_BREACH
REJECTED,GBPUSD,SELL,2022-02-24 04:00:00+00:00,,PRE_TRADE_PROJECTED_EQUITY_BREACH
REJECTED,GBPUSD,SELL,2022-02-24 07:00:00+00:00,,PRE_TRADE_PROJECTED_EQUITY_BREACH
REJECTED,GBPUSD,SELL,2022-02-24 08:00:00+00:00,,PRE_TRADE_PROJECTED_EQUITY_BREACH
REJECTED,GBPUSD,SELL,2022-02-24 09:00:00+00:00,,PRE_TRADE_PROJECTED_EQUITY_BREACH
REJECTED,EURUSD,SELL,2022-02-24 10:00:00+00:00,,PRE_TRADE_PROJECTED_EQUITY_BREACH
REJECTED,GBPUSD,SELL,2022-02-24 10:00:00+00:00,,PRE_TRADE_PROJECTED_EQUITY_BREACH
REJECTED,GBPUSD,SELL,2022-02-24 11:00:00+00:00,,PRE_TRADE_PROJECTED_EQUITY_BREACH
REJECTED,GBPUSD,SELL,2022-02-24 13:00:00+00:00,,PRE_TRADE_PROJECTED_EQUITY_BREACH
REJECTED,EURUSD,SELL,2022-02-24 14:00:00+00:00,,PRE_TRADE_PROJECTED_EQUITY_BREACH
REJECTED,GBPUSD,SELL,2022-02-24 14:00:00+00:00,,PRE_TRADE_PROJECTED_EQUITY_BREACH
REJECTED,EURUSD,SELL,2022-02-24 15:00:00+00:00,,PRE_TRADE_PROJECTED_EQUITY_BREACH
REJECTED,GBPUSD,SELL,2022-02-24 15:00:00+00:00,,PRE_TRADE_PROJECTED_EQUITY_BREACH
REJECTED,EURUSD,BUY,2022-02-25 16:00:00+00:00,,PRE_TRADE_PROJECTED_EQUITY_BREACH
REJECTED,EURUSD,BUY,2022-02-25 21:00:00+00:00,,PRE_TRADE_PROJECTED_EQUITY_BREACH
REJECTED,EURUSD,SELL,2022-02-27 22:00:00+00:00,,PRE_TRADE_PROJECTED_EQUITY_BREACH
REJECTED,GBPUSD,SELL,2022-02-27 22:00:00+00:00,,PRE_TRADE_PROJECTED_EQUITY_BREACH
REJECTED,EURUSD,SELL,2022-03-01 10:00:00+00:00,,PRE_TRADE_PROJECTED_EQUITY_BREACH
REJECTED,EURUSD,SELL,2022-03-01 12:00:00+00:00,,PRE_TRADE_PROJECTED_EQUITY_BREACH
REJECTED,EURUSD,SELL,2022-03-01 15:00:00+00:00,,PRE_TRADE_PROJECTED_EQUITY_BREACH
REJECTED,GBPUSD,SELL,2022-03-01 15:00:00+00:00,,PRE_TRADE_PROJECTED_EQUITY_BREACH
REJECTED,EURUSD,SELL,2022-03-01 16:00:00+00:00,,PRE_TRADE_PROJECTED_EQUITY_BREACH
REJECTED,GBPUSD,SELL,2022-03-01 16:00:00+00:00,,PRE_TRADE_PROJECTED_EQUITY_BREACH
REJECTED,GBPUSD,SELL,2022-03-02 06:00:00+00:00,,PRE_TRADE_PROJECTED_EQUITY_BREACH
REJECTED,GBPUSD,BUY,2022-03-02 13:00:00+00:00,,PRE_TRADE_PROJECTED_EQUITY_BREACH
REJECTED,GBPUSD,BUY,2022-03-02 16:00:00+00:00,,PRE_TRADE_PROJECTED_EQUITY_BREACH
REJECTED,GBPUSD,BUY,2022-03-02 18:00:00+00:00,,PRE_TRADE_PROJECTED_EQUITY_BREACH
REJECTED,GBPUSD,BUY,2022-03-02 20:00:00+00:00,,PRE_TRADE_PROJECTED_EQUITY_BREACH
REJECTED,GBPUSD,BUY,2022-03-02 21:00:00+00:00,,PRE_TRADE_PROJECTED_EQUITY_BREACH
REJECTED,GBPUSD,BUY,2022-03-03 05:00:00+00:00,,PRE_TRADE_PROJECTED_EQUITY_BREACH
REJECTED,GBPUSD,BUY,2022-03-03 06:00:00+00:00,,PRE_TRADE_PROJECTED_EQUITY_BREACH
REJECTED,EURUSD,SELL,2022-03-03 15:00:00+00:00,,PRE_TRADE_PROJECTED_EQUITY_BREACH
REJECTED,GBPUSD,SELL,2022-03-03 15:00:00+00:00,,PRE_TRADE_PROJECTED_EQUITY_BREACH
REJECTED,EURUSD,SELL,2022-03-03 16:00:00+00:00,,PRE_TRADE_PROJECTED_EQUITY_BREACH
REJECTED,GBPUSD,SELL,2022-03-03 16:00:00+00:00,,PRE_TRADE_PROJECTED_EQUITY_BREACH
REJECTED,EURUSD,SELL,2022-03-04 00:00:00+00:00,,PRE_TRADE_PROJECTED_EQUITY_BREACH
REJECTED,GBPUSD,SELL,2022-03-04 08:00:00+00:00,,PRE_TRADE_PROJECTED_EQUITY_BREACH
REJECTED,EURUSD,SELL,2022-03-04 10:00:00+00:00,,PRE_TRADE_PROJECTED_EQUITY_BREACH
REJECTED,EURUSD,SELL,2022-03-04 11:00:00+00:00,,PRE_TRADE_PROJECTED_EQUITY_BREACH
REJECTED,GBPUSD,SELL,2022-03-04 11:00:00+00:00,,PRE_TRADE_PROJECTED_EQUITY_BREACH
REJECTED,EURUSD,SELL,2022-03-04 12:00:00+00:00,,PRE_TRADE_PROJECTED_EQUITY_BREACH
REJECTED,GBPUSD,SELL,2022-03-04 12:00:00+00:00,,PRE_TRADE_PROJECTED_EQUITY_BREACH
REJECTED,EURUSD,SELL,2022-03-04 13:00:00+00:00,,PRE_TRADE_PROJECTED_EQUITY_BREACH
REJECTED,GBPUSD,SELL,2022-03-04 13:00:00+00:00,,PRE_TRADE_PROJECTED_EQUITY_BREACH
REJECTED,EURUSD,SELL,2022-03-06 23:00:00+00:00,,PRE_TRADE_PROJECTED_EQUITY_BREACH
REJECTED,EURUSD,SELL,2022-03-07 00:00:00+00:00,,PRE_TRADE_PROJECTED_EQUITY_BREACH
REJECTED,EURUSD,SELL,2022-03-07 01:00:00+00:00,,PRE_TRADE_PROJECTED_EQUITY_BREACH
REJECTED,GBPUSD,SELL,2022-03-07 08:00:00+00:00,,PRE_TRADE_PROJECTED_EQUITY_BREACH
REJECTED,GBPUSD,SELL,2022-03-07 10:00:00+00:00,,PRE_TRADE_PROJECTED_EQUITY_BREACH
REJECTED,GBPUSD,SELL,2022-03-07 15:00:00+00:00,,PRE_TRADE_PROJECTED_EQUITY_BREACH
REJECTED,GBPUSD,SELL,2022-03-07 16:00:00+00:00,,PRE_TRADE_PROJECTED_EQUITY_BREACH
REJECTED,GBPUSD,SELL,2022-03-08 07:00:00+00:00,,PRE_TRADE_PROJECTED_EQUITY_BREACH
REJECTED,EURUSD,BUY,2022-03-08 17:00:00+00:00,,PRE_TRADE_PROJECTED_EQUITY_BREACH
REJECTED,EURUSD,BUY,2022-03-09 09:00:00+00:00,,PRE_TRADE_PROJECTED_EQUITY_BREACH
REJECTED,GBPUSD,BUY,2022-03-09 09:00:00+00:00,,PRE_TRADE_PROJECTED_EQUITY_BREACH
REJECTED,GBPUSD,BUY,2022-03-09 10:00:00+00:00,,PRE_TRADE_PROJECTED_EQUITY_BREACH
REJECTED,EURUSD,BUY,2022-03-09 13:00:00+00:00,,PRE_TRADE_PROJECTED_EQUITY_BREACH
REJECTED,EURUSD,BUY,2022-03-09 14:00:00+00:00,,PRE_TRADE_PROJECTED_EQUITY_BREACH
REJECTED,EURUSD,BUY,2022-03-09 16:00:00+00:00,,PRE_TRADE_PROJECTED_EQUITY_BREACH
REJECTED,EURUSD,BUY,2022-03-09 17:00:00+00:00,,PRE_TRADE_PROJECTED_EQUITY_BREACH
REJECTED,GBPUSD,BUY,2022-03-10 07:00:00+00:00,,PRE_TRADE_PROJECTED_EQUITY_BREACH
REJECTED,EURUSD,BUY,2022-03-10 12:00:00+00:00,,PRE_TRADE_PROJECTED_EQUITY_BREACH
REJECTED,EURUSD,SELL,2022-03-10 14:00:00+00:00,,PRE_TRADE_PROJECTED_EQUITY_BREACH
REJECTED,GBPUSD,SELL,2022-03-10 14:00:00+00:00,,PRE_TRADE_PROJECTED_EQUITY_BREACH
REJECTED,GBPUSD,SELL,2022-03-10 16:00:00+00:00,,PRE_TRADE_PROJECTED_EQUITY_BREACH
REJECTED,GBPUSD,SELL,2022-03-10 17:00:00+00:00,,PRE_TRADE_PROJECTED_EQUITY_BREACH
REJECTED,EURUSD,SELL,2022-03-10 20:00:00+00:00,,PRE_TRADE_PROJECTED_EQUITY_BREACH
REJECTED,GBPUSD,SELL,2022-03-10 20:00:00+00:00,,PRE_TRADE_PROJECTED_EQUITY_BREACH
REJECTED,GBPUSD,SELL,2022-03-11 01:00:00+00:00,,PRE_TRADE_PROJECTED_EQUITY_BREACH
REJECTED,GBPUSD,SELL,2022-03-11 05:00:00+00:00,,PRE_TRADE_PROJECTED_EQUITY_BREACH
REJECTED,GBPUSD,SELL,2022-03-11 08:00:00+00:00,,PRE_TRADE_PROJECTED_EQUITY_BREACH
REJECTED,EURUSD,SELL,2022-03-11 16:00:00+00:00,,PRE_TRADE_PROJECTED_EQUITY_BREACH
REJECTED,EURUSD,SELL,2022-03-11 17:00:00+00:00,,PRE_TRADE_PROJECTED_EQUITY_BREACH
REJECTED,GBPUSD,SELL,2022-03-11 17:00:00+00:00,,PRE_TRADE_PROJECTED_EQUITY_BREACH
REJECTED,EURUSD,SELL,2022-03-11 18:00:00+00:00,,PRE_TRADE_PROJECTED_EQUITY_BREACH
REJECTED,GBPUSD,SELL,2022-03-11 18:00:00+00:00,,PRE_TRADE_PROJECTED_EQUITY_BREACH
REJECTED,GBPUSD,SELL,2022-03-11 20:00:00+00:00,,PRE_TRADE_PROJECTED_EQUITY_BREACH
REJECTED,GBPUSD,SELL,2022-03-14 02:00:00+00:00,,PRE_TRADE_PROJECTED_EQUITY_BREACH
REJECTED,GBPUSD,SELL,2022-03-14 19:00:00+00:00,,PRE_TRADE_PROJECTED_EQUITY_BREACH
REJECTED,EURUSD,BUY,2022-03-15 07:00:00+00:00,,PRE_TRADE_PROJECTED_EQUITY_BREACH
REJECTED,GBPUSD,BUY,2022-03-15 12:00:00+00:00,,PRE_TRADE_PROJECTED_EQUITY_BREACH
REJECTED,GBPUSD,BUY,2022-03-16 11:00:00+00:00,,PRE_TRADE_PROJECTED_EQUITY_BREACH
REJECTED,EURUSD,BUY,2022-03-16 19:00:00+00:00,,PRE_TRADE_PROJECTED_EQUITY_BREACH
REJECTED,GBPUSD,BUY,2022-03-16 19:00:00+00:00,,PRE_TRADE_PROJECTED_EQUITY_BREACH
REJECTED,EURUSD,BUY,2022-03-17 00:00:00+00:00,,PRE_TRADE_PROJECTED_EQUITY_BREACH
REJECTED,GBPUSD,BUY,2022-03-17 00:00:00+00:00,,PRE_TRADE_PROJECTED_EQUITY_BREACH
REJECTED,GBPUSD,BUY,2022-03-17 02:00:00+00:00,,PRE_TRADE_PROJECTED_EQUITY_BREACH
REJECTED,GBPUSD,BUY,2022-03-17 06:00:00+00:00,,PRE_TRADE_PROJECTED_EQUITY_BREACH
REJECTED,GBPUSD,BUY,2022-03-17 07:00:00+00:00,,PRE_TRADE_PROJECTED_EQUITY_BREACH
REJECTED,EURUSD,BUY,2022-03-17 08:00:00+00:00,,PRE_TRADE_PROJECTED_EQUITY_BREACH
REJECTED,GBPUSD,BUY,2022-03-17 08:00:00+00:00,,PRE_TRADE_PROJECTED_EQUITY_BREACH
REJECTED,GBPUSD,BUY,2022-03-17 11:00:00+00:00,,PRE_TRADE_PROJECTED_EQUITY_BREACH
REJECTED,EURUSD,BUY,2022-03-17 13:00:00+00:00,,PRE_TRADE_PROJECTED_EQUITY_BREACH
REJECTED,EURUSD,BUY,2022-03-17 14:00:00+00:00,,PRE_TRADE_PROJECTED_EQUITY_BREACH
REJECTED,EURUSD,BUY,2022-03-17 15:00:00+00:00,,PRE_TRADE_PROJECTED_EQUITY_BREACH
REJECTED,EURUSD,BUY,2022-03-17 16:00:00+00:00,,PRE_TRADE_PROJECTED_EQUITY_BREACH
REJECTED,EURUSD,SELL,2022-03-18 10:00:00+00:00,,PRE_TRADE_PROJECTED_EQUITY_BREACH
REJECTED,EURUSD,SELL,2022-03-18 11:00:00+00:00,,PRE_TRADE_PROJECTED_EQUITY_BREACH
REJECTED,EURUSD,SELL,2022-03-18 12:00:00+00:00,,PRE_TRADE_PROJECTED_EQUITY_BREACH
REJECTED,GBPUSD,BUY,2022-03-18 16:00:00+00:00,,PRE_TRADE_PROJECTED_EQUITY_BREACH
REJECTED,GBPUSD,BUY,2022-03-18 17:00:00+00:00,,PRE_TRADE_PROJECTED_EQUITY_BREACH
REJECTED,GBPUSD,BUY,2022-03-21 14:00:00+00:00,,PRE_TRADE_PROJECTED_EQUITY_BREACH
REJECTED,GBPUSD,BUY,2022-03-21 15:00:00+00:00,,PRE_TRADE_PROJECTED_EQUITY_BREACH
REJECTED,EURUSD,SELL,2022-03-21 18:00:00+00:00,,PRE_TRADE_PROJECTED_EQUITY_BREACH
REJECTED,EURUSD,SELL,2022-03-21 19:00:00+00:00,,PRE_TRADE_PROJECTED_EQUITY_BREACH
REJECTED,EURUSD,SELL,2022-03-22 00:00:00+00:00,,PRE_TRADE_PROJECTED_EQUITY_BREACH
REJECTED,EURUSD,SELL,2022-03-22 06:00:00+00:00,,PRE_TRADE_PROJECTED_EQUITY_BREACH
REJECTED,GBPUSD,SELL,2022-03-22 06:00:00+00:00,,PRE_TRADE_PROJECTED_EQUITY_BREACH
REJECTED,GBPUSD,BUY,2022-03-22 10:00:00+00:00,,PRE_TRADE_PROJECTED_EQUITY_BREACH
REJECTED,GBPUSD,BUY,2022-03-22 11:00:00+00:00,,PRE_TRADE_PROJECTED_EQUITY_BREACH
REJECTED,GBPUSD,BUY,2022-03-22 12:00:00+00:00,,PRE_TRADE_PROJECTED_EQUITY_BREACH
REJECTED,GBPUSD,BUY,2022-03-22 13:00:00+00:00,,PRE_TRADE_PROJECTED_EQUITY_BREACH
REJECTED,GBPUSD,BUY,2022-03-23 01:00:00+00:00,,PRE_TRADE_PROJECTED_EQUITY_BREACH
REJECTED,GBPUSD,BUY,2022-03-23 02:00:00+00:00,,PRE_TRADE_PROJECTED_EQUITY_BREACH
REJECTED,EURUSD,SELL,2022-03-23 09:00:00+00:00,,PRE_TRADE_PROJECTED_EQUITY_BREACH
REJECTED,EURUSD,SELL,2022-03-23 11:00:00+00:00,,PRE_TRADE_PROJECTED_EQUITY_BREACH
REJECTED,GBPUSD,SELL,2022-03-23 11:00:00+00:00,,PRE_TRADE_PROJECTED_EQUITY_BREACH
REJECTED,GBPUSD,SELL,2022-03-23 12:00:00+00:00,,PRE_TRADE_PROJECTED_EQUITY_BREACH
REJECTED,EURUSD,SELL,2022-03-23 13:00:00+00:00,,PRE_TRADE_PROJECTED_EQUITY_BREACH
REJECTED,GBPUSD,SELL,2022-03-23 13:00:00+00:00,,PRE_TRADE_PROJECTED_EQUITY_BREACH
REJECTED,GBPUSD,SELL,2022-03-24 08:00:00+00:00,,PRE_TRADE_PROJECTED_EQUITY_BREACH
REJECTED,EURUSD,BUY,2022-03-25 01:00:00+00:00,,PRE_TRADE_PROJECTED_EQUITY_BREACH
REJECTED,GBPUSD,BUY,2022-03-25 04:00:00+00:00,,PRE_TRADE_PROJECTED_EQUITY_BREACH
REJECTED,GBPUSD,SELL,2022-03-25 08:00:00+00:00,,PRE_TRADE_PROJECTED_EQUITY_BREACH
REJECTED,EURUSD,SELL,2022-03-25 15:00:00+00:00,,PRE_TRADE_PROJECTED_EQUITY_BREACH
REJECTED,EURUSD,SELL,2022-03-25 20:00:00+00:00,,PRE_TRADE_PROJECTED_EQUITY_BREACH
REJECTED,EURUSD,SELL,2022-03-28 01:00:00+00:00,,PRE_TRADE_PROJECTED_EQUITY_BREACH
REJECTED,GBPUSD,SELL,2022-03-28 01:00:00+00:00,,PRE_TRADE_PROJECTED_EQUITY_BREACH
REJECTED,EURUSD,SELL,2022-03-28 02:00:00+00:00,,PRE_TRADE_PROJECTED_EQUITY_BREACH
REJECTED,GBPUSD,SELL,2022-03-28 06:00:00+00:00,,PRE_TRADE_PROJECTED_EQUITY_BREACH
REJECTED,GBPUSD,SELL,2022-03-28 12:00:00+00:00,,PRE_TRADE_PROJECTED_EQUITY_BREACH
REJECTED,GBPUSD,SELL,2022-03-28 13:00:00+00:00,,PRE_TRADE_PROJECTED_EQUITY_BREACH
REJECTED,GBPUSD,SELL,2022-03-28 14:00:00+00:00,,PRE_TRADE_PROJECTED_EQUITY_BREACH
REJECTED,EURUSD,BUY,2022-03-29 07:00:00+00:00,,PRE_TRADE_PROJECTED_EQUITY_BREACH
REJECTED,GBPUSD,SELL,2022-03-29 09:00:00+00:00,,PRE_TRADE_PROJECTED_EQUITY_BREACH
REJECTED,EURUSD,BUY,2022-03-29 10:00:00+00:00,,PRE_TRADE_PROJECTED_EQUITY_BREACH
REJECTED,EURUSD,BUY,2022-03-29 11:00:00+00:00,,PRE_TRADE_PROJECTED_EQUITY_BREACH
REJECTED,EURUSD,BUY,2022-03-29 12:00:00+00:00,,PRE_TRADE_PROJECTED_EQUITY_BREACH
REJECTED,GBPUSD,BUY,2022-03-29 12:00:00+00:00,,PRE_TRADE_PROJECTED_EQUITY_BREACH
REJECTED,EURUSD,BUY,2022-03-29 13:00:00+00:00,,PRE_TRADE_PROJECTED_EQUITY_BREACH
REJECTED,EURUSD,BUY,2022-03-29 14:00:00+00:00,,PRE_TRADE_PROJECTED_EQUITY_BREACH
REJECTED,EURUSD,BUY,2022-03-30 09:00:00+00:00,,PRE_TRADE_PROJECTED_EQUITY_BREACH
REJECTED,EURUSD,BUY,2022-03-30 14:00:00+00:00,,PRE_TRADE_PROJECTED_EQUITY_BREACH
REJECTED,GBPUSD,BUY,2022-03-30 14:00:00+00:00,,PRE_TRADE_PROJECTED_EQUITY_BREACH
REJECTED,EURUSD,BUY,2022-03-31 01:00:00+00:00,,PRE_TRADE_PROJECTED_EQUITY_BREACH
REJECTED,EURUSD,BUY,2022-03-31 02:00:00+00:00,,PRE_TRADE_PROJECTED_EQUITY_BREACH
REJECTED,EURUSD,SELL,2022-03-31 10:00:00+00:00,,PRE_TRADE_PROJECTED_EQUITY_BREACH
REJECTED,EURUSD,SELL,2022-03-31 11:00:00+00:00,,PRE_TRADE_PROJECTED_EQUITY_BREACH
REJECTED,GBPUSD,BUY,2022-03-31 15:00:00+00:00,,PRE_TRADE_PROJECTED_EQUITY_BREACH
REJECTED,GBPUSD,SELL,2022-04-01 13:00:00+00:00,,PRE_TRADE_PROJECTED_EQUITY_BREACH
REJECTED,GBPUSD,SELL,2022-04-01 14:00:00+00:00,,PRE_TRADE_PROJECTED_EQUITY_BREACH
REJECTED,EURUSD,SELL,2022-04-04 09:00:00+00:00,,PRE_TRADE_PROJECTED_EQUITY_BREACH
REJECTED,EURUSD,SELL,2022-04-04 10:00:00+00:00,,PRE_TRADE_PROJECTED_EQUITY_BREACH
REJECTED,EURUSD,SELL,2022-04-04 11:00:00+00:00,,PRE_TRADE_PROJECTED_EQUITY_BREACH
REJECTED,EURUSD,SELL,2022-04-04 12:00:00+00:00,,PRE_TRADE_PROJECTED_EQUITY_BREACH
REJECTED,EURUSD,SELL,2022-04-04 14:00:00+00:00,,PRE_TRADE_PROJECTED_EQUITY_BREACH
REJECTED,EURUSD,SELL,2022-04-04 17:00:00+00:00,,PRE_TRADE_PROJECTED_EQUITY_BREACH
REJECTED,EURUSD,SELL,2022-04-04 18:00:00+00:00,,PRE_TRADE_PROJECTED_EQUITY_BREACH
REJECTED,GBPUSD,BUY,2022-04-05 06:00:00+00:00,,PRE_TRADE_PROJECTED_EQUITY_BREACH
REJECTED,GBPUSD,BUY,2022-04-05 07:00:00+00:00,,PRE_TRADE_PROJECTED_EQUITY_BREACH
REJECTED,GBPUSD,BUY,2022-04-05 14:00:00+00:00,,PRE_TRADE_PROJECTED_EQUITY_BREACH
REJECTED,EURUSD,SELL,2022-04-05 15:00:00+00:00,,PRE_TRADE_PROJECTED_EQUITY_BREACH
REJECTED,EURUSD,SELL,2022-04-05 16:00:00+00:00,,PRE_TRADE_PROJECTED_EQUITY_BREACH
REJECTED,GBPUSD,SELL,2022-04-05 16:00:00+00:00,,PRE_TRADE_PROJECTED_EQUITY_BREACH
REJECTED,EURUSD,SELL,2022-04-05 17:00:00+00:00,,PRE_TRADE_PROJECTED_EQUITY_BREACH
REJECTED,GBPUSD,SELL,2022-04-05 17:00:00+00:00,,PRE_TRADE_PROJECTED_EQUITY_BREACH
REJECTED,EURUSD,SELL,2022-04-05 19:00:00+00:00,,PRE_TRADE_PROJECTED_EQUITY_BREACH
REJECTED,GBPUSD,SELL,2022-04-05 19:00:00+00:00,,PRE_TRADE_PROJECTED_EQUITY_BREACH
REJECTED,EURUSD,SELL,2022-04-06 01:00:00+00:00,,PRE_TRADE_PROJECTED_EQUITY_BREACH
REJECTED,GBPUSD,SELL,2022-04-06 01:00:00+00:00,,PRE_TRADE_PROJECTED_EQUITY_BREACH
REJECTED,EURUSD,SELL,2022-04-06 02:00:00+00:00,,PRE_TRADE_PROJECTED_EQUITY_BREACH
REJECTED,EURUSD,SELL,2022-04-06 06:00:00+00:00,,PRE_TRADE_PROJECTED_EQUITY_BREACH
REJECTED,EURUSD,BUY,2022-04-06 13:00:00+00:00,,PRE_TRADE_PROJECTED_EQUITY_BREACH
REJECTED,EURUSD,SELL,2022-04-07 09:00:00+00:00,,PRE_TRADE_PROJECTED_EQUITY_BREACH
REJECTED,EURUSD,SELL,2022-04-08 00:00:00+00:00,,PRE_TRADE_PROJECTED_EQUITY_BREACH
REJECTED,EURUSD,SELL,2022-04-08 05:00:00+00:00,,PRE_TRADE_PROJECTED_EQUITY_BREACH
REJECTED,GBPUSD,SELL,2022-04-08 07:00:00+00:00,,PRE_TRADE_PROJECTED_EQUITY_BREACH
REJECTED,EURUSD,SELL,2022-04-08 14:00:00+00:00,,PRE_TRADE_PROJECTED_EQUITY_BREACH
REJECTED,GBPUSD,SELL,2022-04-08 14:00:00+00:00,,PRE_TRADE_PROJECTED_EQUITY_BREACH
REJECTED,EURUSD,BUY,2022-04-10 22:00:00+00:00,,PRE_TRADE_PROJECTED_EQUITY_BREACH
REJECTED,EURUSD,BUY,2022-04-11 10:00:00+00:00,,PRE_TRADE_PROJECTED_EQUITY_BREACH
REJECTED,GBPUSD,BUY,2022-04-11 10:00:00+00:00,,PRE_TRADE_PROJECTED_EQUITY_BREACH
REJECTED,EURUSD,SELL,2022-04-12 02:00:00+00:00,,PRE_TRADE_PROJECTED_EQUITY_BREACH
REJECTED,EURUSD,SELL,2022-04-12 07:00:00+00:00,,PRE_TRADE_PROJECTED_EQUITY_BREACH
REJECTED,EURUSD,BUY,2022-04-12 13:00:00+00:00,,PRE_TRADE_PROJECTED_EQUITY_BREACH
REJECTED,GBPUSD,BUY,2022-04-12 13:00:00+00:00,,PRE_TRADE_PROJECTED_EQUITY_BREACH
REJECTED,EURUSD,SELL,2022-04-12 17:00:00+00:00,,PRE_TRADE_PROJECTED_EQUITY_BREACH
REJECTED,EURUSD,SELL,2022-04-12 18:00:00+00:00,,PRE_TRADE_PROJECTED_EQUITY_BREACH
REJECTED,EURUSD,SELL,2022-04-13 01:00:00+00:00,,PRE_TRADE_PROJECTED_EQUITY_BREACH
REJECTED,GBPUSD,SELL,2022-04-13 01:00:00+00:00,,PRE_TRADE_PROJECTED_EQUITY_BREACH
REJECTED,GBPUSD,SELL,2022-04-13 07:00:00+00:00,,PRE_TRADE_PROJECTED_EQUITY_BREACH
REJECTED,GBPUSD,BUY,2022-04-13 15:00:00+00:00,,PRE_TRADE_PROJECTED_EQUITY_BREACH
REJECTED,EURUSD,BUY,2022-04-13 16:00:00+00:00,,PRE_TRADE_PROJECTED_EQUITY_BREACH
REJECTED,GBPUSD,BUY,2022-04-13 16:00:00+00:00,,PRE_TRADE_PROJECTED_EQUITY_BREACH
REJECTED,EURUSD,BUY,2022-04-13 17:00:00+00:00,,PRE_TRADE_PROJECTED_EQUITY_BREACH
REJECTED,GBPUSD,BUY,2022-04-13 17:00:00+00:00,,PRE_TRADE_PROJECTED_EQUITY_BREACH
REJECTED,GBPUSD,BUY,2022-04-13 21:00:00+00:00,,PRE_TRADE_PROJECTED_EQUITY_BREACH
REJECTED,EURUSD,BUY,2022-04-14 00:00:00+00:00,,PRE_TRADE_PROJECTED_EQUITY_BREACH
REJECTED,EURUSD,BUY,2022-04-14 02:00:00+00:00,,PRE_TRADE_PROJECTED_EQUITY_BREACH
REJECTED,GBPUSD,BUY,2022-04-14 02:00:00+00:00,,PRE_TRADE_PROJECTED_EQUITY_BREACH
REJECTED,EURUSD,BUY,2022-04-14 05:00:00+00:00,,PRE_TRADE_PROJECTED_EQUITY_BREACH
REJECTED,EURUSD,BUY,2022-04-14 07:00:00+00:00,,PRE_TRADE_PROJECTED_EQUITY_BREACH
REJECTED,EURUSD,SELL,2022-04-14 13:00:00+00:00,,PRE_TRADE_PROJECTED_EQUITY_BREACH
REJECTED,EURUSD,SELL,2022-04-14 14:00:00+00:00,,PRE_TRADE_PROJECTED_EQUITY_BREACH
REJECTED,GBPUSD,SELL,2022-04-14 14:00:00+00:00,,PRE_TRADE_PROJECTED_EQUITY_BREACH
REJECTED,EURUSD,SELL,2022-04-18 01:00:00+00:00,,PRE_TRADE_PROJECTED_EQUITY_BREACH
REJECTED,GBPUSD,SELL,2022-04-18 01:00:00+00:00,,PRE_TRADE_PROJECTED_EQUITY_BREACH
REJECTED,EURUSD,SELL,2022-04-18 04:00:00+00:00,,PRE_TRADE_PROJECTED_EQUITY_BREACH
REJECTED,GBPUSD,SELL,2022-04-18 04:00:00+00:00,,PRE_TRADE_PROJECTED_EQUITY_BREACH
REJECTED,GBPUSD,SELL,2022-04-18 05:00:00+00:00,,PRE_TRADE_PROJECTED_EQUITY_BREACH
REJECTED,GBPUSD,SELL,2022-04-18 08:00:00+00:00,,PRE_TRADE_PROJECTED_EQUITY_BREACH
REJECTED,EURUSD,SELL,2022-04-18 17:00:00+00:00,,PRE_TRADE_PROJECTED_EQUITY_BREACH
REJECTED,EURUSD,SELL,2022-04-19 03:00:00+00:00,,PRE_TRADE_PROJECTED_EQUITY_BREACH
REJECTED,GBPUSD,SELL,2022-04-19 03:00:00+00:00,,PRE_TRADE_PROJECTED_EQUITY_BREACH
REJECTED,EURUSD,BUY,2022-04-20 04:00:00+00:00,,PRE_TRADE_PROJECTED_EQUITY_BREACH
REJECTED,GBPUSD,BUY,2022-04-20 04:00:00+00:00,,PRE_TRADE_PROJECTED_EQUITY_BREACH
REJECTED,EURUSD,BUY,2022-04-20 09:00:00+00:00,,PRE_TRADE_PROJECTED_EQUITY_BREACH
REJECTED,EURUSD,BUY,2022-04-20 10:00:00+00:00,,PRE_TRADE_PROJECTED_EQUITY_BREACH
REJECTED,GBPUSD,BUY,2022-04-20 11:00:00+00:00,,PRE_TRADE_PROJECTED_EQUITY_BREACH
REJECTED,GBPUSD,BUY,2022-04-20 23:00:00+00:00,,PRE_TRADE_PROJECTED_EQUITY_BREACH
REJECTED,EURUSD,BUY,2022-04-21 07:00:00+00:00,,PRE_TRADE_PROJECTED_EQUITY_BREACH
REJECTED,GBPUSD,BUY,2022-04-21 07:00:00+00:00,,PRE_TRADE_PROJECTED_EQUITY_BREACH
REJECTED,EURUSD,BUY,2022-04-21 08:00:00+00:00,,PRE_TRADE_PROJECTED_EQUITY_BREACH
REJECTED,GBPUSD,SELL,2022-04-21 12:00:00+00:00,,PRE_TRADE_PROJECTED_EQUITY_BREACH
REJECTED,EURUSD,SELL,2022-04-22 07:00:00+00:00,,PRE_TRADE_PROJECTED_EQUITY_BREACH
REJECTED,GBPUSD,SELL,2022-04-22 07:00:00+00:00,,PRE_TRADE_PROJECTED_EQUITY_BREACH
REJECTED,EURUSD,SELL,2022-04-22 08:00:00+00:00,,PRE_TRADE_PROJECTED_EQUITY_BREACH
REJECTED,GBPUSD,SELL,2022-04-22 08:00:00+00:00,,PRE_TRADE_PROJECTED_EQUITY_BREACH
REJECTED,EURUSD,SELL,2022-04-22 09:00:00+00:00,,PRE_TRADE_PROJECTED_EQUITY_BREACH
REJECTED,GBPUSD,SELL,2022-04-22 09:00:00+00:00,,PRE_TRADE_PROJECTED_EQUITY_BREACH
REJECTED,GBPUSD,SELL,2022-04-22 10:00:00+00:00,,PRE_TRADE_PROJECTED_EQUITY_BREACH
REJECTED,EURUSD,SELL,2022-04-22 15:00:00+00:00,,PRE_TRADE_PROJECTED_EQUITY_BREACH
REJECTED,GBPUSD,SELL,2022-04-22 15:00:00+00:00,,PRE_TRADE_PROJECTED_EQUITY_BREACH
REJECTED,GBPUSD,SELL,2022-04-22 17:00:00+00:00,,PRE_TRADE_PROJECTED_EQUITY_BREACH
REJECTED,GBPUSD,SELL,2022-04-22 19:00:00+00:00,,PRE_TRADE_PROJECTED_EQUITY_BREACH
REJECTED,GBPUSD,SELL,2022-04-25 01:00:00+00:00,,PRE_TRADE_PROJECTED_EQUITY_BREACH
REJECTED,GBPUSD,SELL,2022-04-25 02:00:00+00:00,,PRE_TRADE_PROJECTED_EQUITY_BREACH
REJECTED,EURUSD,SELL,2022-04-25 07:00:00+00:00,,PRE_TRADE_PROJECTED_EQUITY_BREACH
REJECTED,GBPUSD,SELL,2022-04-25 07:00:00+00:00,,PRE_TRADE_PROJECTED_EQUITY_BREACH
REJECTED,GBPUSD,SELL,2022-04-25 10:00:00+00:00,,PRE_TRADE_PROJECTED_EQUITY_BREACH
REJECTED,GBPUSD,SELL,2022-04-25 11:00:00+00:00,,PRE_TRADE_PROJECTED_EQUITY_BREACH
REJECTED,GBPUSD,SELL,2022-04-25 16:00:00+00:00,,PRE_TRADE_PROJECTED_EQUITY_BREACH
REJECTED,GBPUSD,BUY,2022-04-26 04:00:00+00:00,,PRE_TRADE_PROJECTED_EQUITY_BREACH
REJECTED,EURUSD,SELL,2022-04-26 08:00:00+00:00,,PRE_TRADE_PROJECTED_EQUITY_BREACH
REJECTED,EURUSD,SELL,2022-04-26 12:00:00+00:00,,PRE_TRADE_PROJECTED_EQUITY_BREACH
REJECTED,GBPUSD,SELL,2022-04-26 12:00:00+00:00,,PRE_TRADE_PROJECTED_EQUITY_BREACH
REJECTED,GBPUSD,SELL,2022-04-26 13:00:00+00:00,,PRE_TRADE_PROJECTED_EQUITY_BREACH
REJECTED,EURUSD,SELL,2022-04-26 15:00:00+00:00,,PRE_TRADE_PROJECTED_EQUITY_BREACH
REJECTED,GBPUSD,SELL,2022-04-26 15:00:00+00:00,,PRE_TRADE_PROJECTED_EQUITY_BREACH
REJECTED,GBPUSD,SELL,2022-04-26 16:00:00+00:00,,PRE_TRADE_PROJECTED_EQUITY_BREACH
REJECTED,GBPUSD,SELL,2022-04-26 18:00:00+00:00,,PRE_TRADE_PROJECTED_EQUITY_BREACH
REJECTED,EURUSD,SELL,2022-04-26 21:00:00+00:00,,PRE_TRADE_PROJECTED_EQUITY_BREACH
REJECTED,GBPUSD,SELL,2022-04-26 21:00:00+00:00,,PRE_TRADE_PROJECTED_EQUITY_BREACH
REJECTED,EURUSD,SELL,2022-04-27 03:00:00+00:00,,PRE_TRADE_PROJECTED_EQUITY_BREACH
REJECTED,EURUSD,SELL,2022-04-27 07:00:00+00:00,,PRE_TRADE_PROJECTED_EQUITY_BREACH
REJECTED,GBPUSD,SELL,2022-04-27 09:00:00+00:00,,PRE_TRADE_PROJECTED_EQUITY_BREACH
REJECTED,EURUSD,SELL,2022-04-27 12:00:00+00:00,,PRE_TRADE_PROJECTED_EQUITY_BREACH
REJECTED,EURUSD,SELL,2022-04-27 13:00:00+00:00,,PRE_TRADE_PROJECTED_EQUITY_BREACH
REJECTED,EURUSD,SELL,2022-04-27 15:00:00+00:00,,PRE_TRADE_PROJECTED_EQUITY_BREACH
REJECTED,GBPUSD,SELL,2022-04-27 15:00:00+00:00,,PRE_TRADE_PROJECTED_EQUITY_BREACH
REJECTED,EURUSD,SELL,2022-04-28 04:00:00+00:00,,PRE_TRADE_PROJECTED_EQUITY_BREACH
REJECTED,GBPUSD,SELL,2022-04-28 11:00:00+00:00,,PRE_TRADE_PROJECTED_EQUITY_BREACH
REJECTED,GBPUSD,SELL,2022-04-28 12:00:00+00:00,,PRE_TRADE_PROJECTED_EQUITY_BREACH
REJECTED,EURUSD,BUY,2022-04-29 07:00:00+00:00,,PRE_TRADE_PROJECTED_EQUITY_BREACH
REJECTED,GBPUSD,BUY,2022-04-29 07:00:00+00:00,,PRE_TRADE_PROJECTED_EQUITY_BREACH
REJECTED,EURUSD,BUY,2022-04-29 08:00:00+00:00,,PRE_TRADE_PROJECTED_EQUITY_BREACH
REJECTED,GBPUSD,BUY,2022-04-29 08:00:00+00:00,,PRE_TRADE_PROJECTED_EQUITY_BREACH
REJECTED,GBPUSD,BUY,2022-04-29 18:00:00+00:00,,PRE_TRADE_PROJECTED_EQUITY_BREACH
REJECTED,GBPUSD,SELL,2022-05-02 13:00:00+00:00,,PRE_TRADE_PROJECTED_EQUITY_BREACH
REJECTED,GBPUSD,SELL,2022-05-02 15:00:00+00:00,,PRE_TRADE_PROJECTED_EQUITY_BREACH
REJECTED,GBPUSD,SELL,2022-05-02 17:00:00+00:00,,PRE_TRADE_PROJECTED_EQUITY_BREACH
REJECTED,EURUSD,SELL,2022-05-02 18:00:00+00:00,,PRE_TRADE_PROJECTED_EQUITY_BREACH
REJECTED,GBPUSD,SELL,2022-05-02 18:00:00+00:00,,PRE_TRADE_PROJECTED_EQUITY_BREACH
REJECTED,EURUSD,SELL,2022-05-02 19:00:00+00:00,,PRE_TRADE_PROJECTED_EQUITY_BREACH
REJECTED,GBPUSD,SELL,2022-05-02 19:00:00+00:00,,PRE_TRADE_PROJECTED_EQUITY_BREACH
REJECTED,EURUSD,BUY,2022-05-03 12:00:00+00:00,,PRE_TRADE_PROJECTED_EQUITY_BREACH
REJECTED,EURUSD,BUY,2022-05-03 13:00:00+00:00,,PRE_TRADE_PROJECTED_EQUITY_BREACH
REJECTED,GBPUSD,BUY,2022-05-03 13:00:00+00:00,,PRE_TRADE_PROJECTED_EQUITY_BREACH
REJECTED,EURUSD,BUY,2022-05-04 13:00:00+00:00,,PRE_TRADE_PROJECTED_EQUITY_BREACH
REJECTED,GBPUSD,BUY,2022-05-04 13:00:00+00:00,,PRE_TRADE_PROJECTED_EQUITY_BREACH
REJECTED,EURUSD,BUY,2022-05-04 19:00:00+00:00,,PRE_TRADE_PROJECTED_EQUITY_BREACH
REJECTED,GBPUSD,BUY,2022-05-04 19:00:00+00:00,,PRE_TRADE_PROJECTED_EQUITY_BREACH
REJECTED,GBPUSD,BUY,2022-05-04 20:00:00+00:00,,PRE_TRADE_PROJECTED_EQUITY_BREACH
REJECTED,GBPUSD,SELL,2022-05-05 12:00:00+00:00,,PRE_TRADE_PROJECTED_EQUITY_BREACH
REJECTED,EURUSD,SELL,2022-05-05 16:00:00+00:00,,PRE_TRADE_PROJECTED_EQUITY_BREACH
REJECTED,GBPUSD,SELL,2022-05-05 16:00:00+00:00,,PRE_TRADE_PROJECTED_EQUITY_BREACH
REJECTED,GBPUSD,SELL,2022-05-05 18:00:00+00:00,,PRE_TRADE_PROJECTED_EQUITY_BREACH
REJECTED,EURUSD,SELL,2022-05-06 07:00:00+00:00,,PRE_TRADE_PROJECTED_EQUITY_BREACH
REJECTED,GBPUSD,SELL,2022-05-06 07:00:00+00:00,,PRE_TRADE_PROJECTED_EQUITY_BREACH
REJECTED,EURUSD,BUY,2022-05-06 11:00:00+00:00,,PRE_TRADE_PROJECTED_EQUITY_BREACH
REJECTED,GBPUSD,SELL,2022-05-09 05:00:00+00:00,,PRE_TRADE_PROJECTED_EQUITY_BREACH
REJECTED,GBPUSD,SELL,2022-05-09 06:00:00+00:00,,PRE_TRADE_PROJECTED_EQUITY_BREACH
REJECTED,EURUSD,SELL,2022-05-09 07:00:00+00:00,,PRE_TRADE_PROJECTED_EQUITY_BREACH
REJECTED,GBPUSD,SELL,2022-05-09 07:00:00+00:00,,PRE_TRADE_PROJECTED_EQUITY_BREACH
REJECTED,GBPUSD,BUY,2022-05-09 13:00:00+00:00,,PRE_TRADE_PROJECTED_EQUITY_BREACH
REJECTED,EURUSD,BUY,2022-05-09 17:00:00+00:00,,PRE_TRADE_PROJECTED_EQUITY_BREACH
REJECTED,GBPUSD,BUY,2022-05-11 09:00:00+00:00,,PRE_TRADE_PROJECTED_EQUITY_BREACH
REJECTED,GBPUSD,BUY,2022-05-11 10:00:00+00:00,,PRE_TRADE_PROJECTED_EQUITY_BREACH
REJECTED,EURUSD,SELL,2022-05-11 13:00:00+00:00,,PRE_TRADE_PROJECTED_EQUITY_BREACH
REJECTED,GBPUSD,SELL,2022-05-11 13:00:00+00:00,,PRE_TRADE_PROJECTED_EQUITY_BREACH
REJECTED,GBPUSD,SELL,2022-05-11 18:00:00+00:00,,PRE_TRADE_PROJECTED_EQUITY_BREACH
REJECTED,GBPUSD,SELL,2022-05-11 20:00:00+00:00,,PRE_TRADE_PROJECTED_EQUITY_BREACH
REJECTED,GBPUSD,SELL,2022-05-12 00:00:00+00:00,,PRE_TRADE_PROJECTED_EQUITY_BREACH
REJECTED,GBPUSD,SELL,2022-05-12 03:00:00+00:00,,PRE_TRADE_PROJECTED_EQUITY_BREACH
REJECTED,GBPUSD,SELL,2022-05-12 05:00:00+00:00,,PRE_TRADE_PROJECTED_EQUITY_BREACH
REJECTED,EURUSD,SELL,2022-05-12 06:00:00+00:00,,PRE_TRADE_PROJECTED_EQUITY_BREACH
REJECTED,GBPUSD,SELL,2022-05-12 06:00:00+00:00,,PRE_TRADE_PROJECTED_EQUITY_BREACH
REJECTED,EURUSD,SELL,2022-05-12 08:00:00+00:00,,PRE_TRADE_PROJECTED_EQUITY_BREACH
REJECTED,EURUSD,SELL,2022-05-12 09:00:00+00:00,,PRE_TRADE_PROJECTED_EQUITY_BREACH
REJECTED,GBPUSD,SELL,2022-05-12 09:00:00+00:00,,PRE_TRADE_PROJECTED_EQUITY_BREACH
REJECTED,EURUSD,SELL,2022-05-12 10:00:00+00:00,,PRE_TRADE_PROJECTED_EQUITY_BREACH
REJECTED,EURUSD,SELL,2022-05-12 12:00:00+00:00,,PRE_TRADE_PROJECTED_EQUITY_BREACH
REJECTED,EURUSD,SELL,2022-05-12 16:00:00+00:00,,PRE_TRADE_PROJECTED_EQUITY_BREACH
REJECTED,EURUSD,SELL,2022-05-12 17:00:00+00:00,,PRE_TRADE_PROJECTED_EQUITY_BREACH
REJECTED,GBPUSD,SELL,2022-05-13 14:00:00+00:00,,PRE_TRADE_PROJECTED_EQUITY_BREACH
REJECTED,GBPUSD,BUY,2022-05-13 16:00:00+00:00,,PRE_TRADE_PROJECTED_EQUITY_BREACH
REJECTED,GBPUSD,BUY,2022-05-13 21:00:00+00:00,,PRE_TRADE_PROJECTED_EQUITY_BREACH
REJECTED,GBPUSD,BUY,2022-05-16 01:00:00+00:00,,PRE_TRADE_PROJECTED_EQUITY_BREACH
REJECTED,EURUSD,BUY,2022-05-16 09:00:00+00:00,,PRE_TRADE_PROJECTED_EQUITY_BREACH
REJECTED,GBPUSD,BUY,2022-05-16 19:00:00+00:00,,PRE_TRADE_PROJECTED_EQUITY_BREACH
REJECTED,EURUSD,BUY,2022-05-17 01:00:00+00:00,,PRE_TRADE_PROJECTED_EQUITY_BREACH
REJECTED,GBPUSD,BUY,2022-05-17 01:00:00+00:00,,PRE_TRADE_PROJECTED_EQUITY_BREACH
REJECTED,GBPUSD,BUY,2022-05-17 02:00:00+00:00,,PRE_TRADE_PROJECTED_EQUITY_BREACH
REJECTED,GBPUSD,BUY,2022-05-17 06:00:00+00:00,,PRE_TRADE_PROJECTED_EQUITY_BREACH
REJECTED,EURUSD,BUY,2022-05-17 07:00:00+00:00,,PRE_TRADE_PROJECTED_EQUITY_BREACH
REJECTED,GBPUSD,BUY,2022-05-17 07:00:00+00:00,,PRE_TRADE_PROJECTED_EQUITY_BREACH
REJECTED,GBPUSD,BUY,2022-05-17 08:00:00+00:00,,PRE_TRADE_PROJECTED_EQUITY_BREACH
REJECTED,EURUSD,BUY,2022-05-17 09:00:00+00:00,,PRE_TRADE_PROJECTED_EQUITY_BREACH
REJECTED,GBPUSD,BUY,2022-05-17 09:00:00+00:00,,PRE_TRADE_PROJECTED_EQUITY_BREACH
REJECTED,EURUSD,BUY,2022-05-17 11:00:00+00:00,,PRE_TRADE_PROJECTED_EQUITY_BREACH
REJECTED,EURUSD,BUY,2022-05-17 12:00:00+00:00,,PRE_TRADE_PROJECTED_EQUITY_BREACH
REJECTED,GBPUSD,SELL,2022-05-18 07:00:00+00:00,,PRE_TRADE_PROJECTED_EQUITY_BREACH
REJECTED,GBPUSD,SELL,2022-05-18 08:00:00+00:00,,PRE_TRADE_PROJECTED_EQUITY_BREACH
REJECTED,EURUSD,SELL,2022-05-18 09:00:00+00:00,,PRE_TRADE_PROJECTED_EQUITY_BREACH
REJECTED,GBPUSD,SELL,2022-05-18 09:00:00+00:00,,PRE_TRADE_PROJECTED_EQUITY_BREACH
REJECTED,EURUSD,SELL,2022-05-18 16:00:00+00:00,,PRE_TRADE_PROJECTED_EQUITY_BREACH
REJECTED,EURUSD,SELL,2022-05-18 17:00:00+00:00,,PRE_TRADE_PROJECTED_EQUITY_BREACH
REJECTED,EURUSD,SELL,2022-05-18 18:00:00+00:00,,PRE_TRADE_PROJECTED_EQUITY_BREACH
REJECTED,GBPUSD,SELL,2022-05-18 18:00:00+00:00,,PRE_TRADE_PROJECTED_EQUITY_BREACH
REJECTED,EURUSD,SELL,2022-05-18 19:00:00+00:00,,PRE_TRADE_PROJECTED_EQUITY_BREACH
REJECTED,GBPUSD,SELL,2022-05-18 19:00:00+00:00,,PRE_TRADE_PROJECTED_EQUITY_BREACH
REJECTED,EURUSD,SELL,2022-05-18 20:00:00+00:00,,PRE_TRADE_PROJECTED_EQUITY_BREACH
REJECTED,GBPUSD,SELL,2022-05-18 20:00:00+00:00,,PRE_TRADE_PROJECTED_EQUITY_BREACH
REJECTED,EURUSD,SELL,2022-05-18 21:00:00+00:00,,PRE_TRADE_PROJECTED_EQUITY_BREACH
REJECTED,EURUSD,BUY,2022-05-19 11:00:00+00:00,,PRE_TRADE_PROJECTED_EQUITY_BREACH
REJECTED,GBPUSD,BUY,2022-05-19 11:00:00+00:00,,PRE_TRADE_PROJECTED_EQUITY_BREACH
REJECTED,EURUSD,BUY,2022-05-19 14:00:00+00:00,,PRE_TRADE_PROJECTED_EQUITY_BREACH
REJECTED,GBPUSD,BUY,2022-05-19 14:00:00+00:00,,PRE_TRADE_PROJECTED_EQUITY_BREACH
REJECTED,EURUSD,BUY,2022-05-19 15:00:00+00:00,,PRE_TRADE_PROJECTED_EQUITY_BREACH
REJECTED,EURUSD,BUY,2022-05-19 18:00:00+00:00,,PRE_TRADE_PROJECTED_EQUITY_BREACH
REJECTED,GBPUSD,BUY,2022-05-22 23:00:00+00:00,,PRE_TRADE_PROJECTED_EQUITY_BREACH
REJECTED,GBPUSD,BUY,2022-05-23 01:00:00+00:00,,PRE_TRADE_PROJECTED_EQUITY_BREACH
REJECTED,GBPUSD,BUY,2022-05-23 02:00:00+00:00,,PRE_TRADE_PROJECTED_EQUITY_BREACH
REJECTED,GBPUSD,BUY,2022-05-23 03:00:00+00:00,,PRE_TRADE_PROJECTED_EQUITY_BREACH
REJECTED,GBPUSD,BUY,2022-05-23 06:00:00+00:00,,PRE_TRADE_PROJECTED_EQUITY_BREACH
REJECTED,EURUSD,BUY,2022-05-23 09:00:00+00:00,,PRE_TRADE_PROJECTED_EQUITY_BREACH
REJECTED,EURUSD,BUY,2022-05-23 10:00:00+00:00,,PRE_TRADE_PROJECTED_EQUITY_BREACH
REJECTED,GBPUSD,BUY,2022-05-23 10:00:00+00:00,,PRE_TRADE_PROJECTED_EQUITY_BREACH
REJECTED,EURUSD,BUY,2022-05-23 19:00:00+00:00,,PRE_TRADE_PROJECTED_EQUITY_BREACH
REJECTED,EURUSD,BUY,2022-05-24 08:00:00+00:00,,PRE_TRADE_PROJECTED_EQUITY_BREACH
REJECTED,GBPUSD,SELL,2022-05-24 09:00:00+00:00,,PRE_TRADE_PROJECTED_EQUITY_BREACH
REJECTED,EURUSD,SELL,2022-05-25 08:00:00+00:00,,PRE_TRADE_PROJECTED_EQUITY_BREACH
REJECTED,EURUSD,SELL,2022-05-25 09:00:00+00:00,,PRE_TRADE_PROJECTED_EQUITY_BREACH
REJECTED,GBPUSD,SELL,2022-05-25 11:00:00+00:00,,PRE_TRADE_PROJECTED_EQUITY_BREACH
REJECTED,EURUSD,SELL,2022-05-25 13:00:00+00:00,,PRE_TRADE_PROJECTED_EQUITY_BREACH
REJECTED,GBPUSD,BUY,2022-05-25 19:00:00+00:00,,PRE_TRADE_PROJECTED_EQUITY_BREACH
REJECTED,GBPUSD,BUY,2022-05-26 01:00:00+00:00,,PRE_TRADE_PROJECTED_EQUITY_BREACH
REJECTED,EURUSD,BUY,2022-05-26 10:00:00+00:00,,PRE_TRADE_PROJECTED_EQUITY_BREACH
REJECTED,EURUSD,BUY,2022-05-26 11:00:00+00:00,,PRE_TRADE_PROJECTED_EQUITY_BREACH
REJECTED,GBPUSD,BUY,2022-05-26 11:00:00+00:00,,PRE_TRADE_PROJECTED_EQUITY_BREACH
REJECTED,EURUSD,BUY,2022-05-26 16:00:00+00:00,,PRE_TRADE_PROJECTED_EQUITY_BREACH
REJECTED,EURUSD,BUY,2022-05-27 00:00:00+00:00,,PRE_TRADE_PROJECTED_EQUITY_BREACH
REJECTED,EURUSD,BUY,2022-05-27 01:00:00+00:00,,PRE_TRADE_PROJECTED_EQUITY_BREACH
REJECTED,GBPUSD,BUY,2022-05-27 01:00:00+00:00,,PRE_TRADE_PROJECTED_EQUITY_BREACH
REJECTED,EURUSD,BUY,2022-05-27 02:00:00+00:00,,PRE_TRADE_PROJECTED_EQUITY_BREACH
REJECTED,GBPUSD,BUY,2022-05-27 02:00:00+00:00,,PRE_TRADE_PROJECTED_EQUITY_BREACH
REJECTED,EURUSD,SELL,2022-05-27 11:00:00+00:00,,PRE_TRADE_PROJECTED_EQUITY_BREACH
REJECTED,EURUSD,BUY,2022-05-30 05:00:00+00:00,,PRE_TRADE_PROJECTED_EQUITY_BREACH
REJECTED,EURUSD,BUY,2022-05-30 11:00:00+00:00,,PRE_TRADE_PROJECTED_EQUITY_BREACH
REJECTED,EURUSD,BUY,2022-05-30 15:00:00+00:00,,PRE_TRADE_PROJECTED_EQUITY_BREACH
REJECTED,GBPUSD,BUY,2022-05-30 16:00:00+00:00,,PRE_TRADE_PROJECTED_EQUITY_BREACH
REJECTED,EURUSD,BUY,2022-05-30 17:00:00+00:00,,PRE_TRADE_PROJECTED_EQUITY_BREACH
REJECTED,GBPUSD,SELL,2022-05-31 01:00:00+00:00,,PRE_TRADE_PROJECTED_EQUITY_BREACH
REJECTED,EURUSD,SELL,2022-05-31 07:00:00+00:00,,PRE_TRADE_PROJECTED_EQUITY_BREACH
REJECTED,GBPUSD,SELL,2022-05-31 07:00:00+00:00,,PRE_TRADE_PROJECTED_EQUITY_BREACH
REJECTED,EURUSD,SELL,2022-05-31 09:00:00+00:00,,PRE_TRADE_PROJECTED_EQUITY_BREACH
REJECTED,EURUSD,SELL,2022-05-31 10:00:00+00:00,,PRE_TRADE_PROJECTED_EQUITY_BREACH
REJECTED,EURUSD,SELL,2022-05-31 11:00:00+00:00,,PRE_TRADE_PROJECTED_EQUITY_BREACH
REJECTED,EURUSD,SELL,2022-05-31 13:00:00+00:00,,PRE_TRADE_PROJECTED_EQUITY_BREACH
REJECTED,GBPUSD,SELL,2022-05-31 13:00:00+00:00,,PRE_TRADE_PROJECTED_EQUITY_BREACH
REJECTED,GBPUSD,SELL,2022-06-01 14:00:00+00:00,,PRE_TRADE_PROJECTED_EQUITY_BREACH
REJECTED,EURUSD,SELL,2022-06-01 15:00:00+00:00,,PRE_TRADE_PROJECTED_EQUITY_BREACH
REJECTED,GBPUSD,SELL,2022-06-01 15:00:00+00:00,,PRE_TRADE_PROJECTED_EQUITY_BREACH
REJECTED,EURUSD,SELL,2022-06-01 16:00:00+00:00,,PRE_TRADE_PROJECTED_EQUITY_BREACH
REJECTED,GBPUSD,SELL,2022-06-01 16:00:00+00:00,,PRE_TRADE_PROJECTED_EQUITY_BREACH
REJECTED,GBPUSD,BUY,2022-06-02 11:00:00+00:00,,PRE_TRADE_PROJECTED_EQUITY_BREACH
REJECTED,GBPUSD,BUY,2022-06-02 12:00:00+00:00,,PRE_TRADE_PROJECTED_EQUITY_BREACH
REJECTED,EURUSD,BUY,2022-06-02 13:00:00+00:00,,PRE_TRADE_PROJECTED_EQUITY_BREACH
REJECTED,EURUSD,BUY,2022-06-02 16:00:00+00:00,,PRE_TRADE_PROJECTED_EQUITY_BREACH
REJECTED,EURUSD,BUY,2022-06-02 17:00:00+00:00,,PRE_TRADE_PROJECTED_EQUITY_BREACH
REJECTED,GBPUSD,BUY,2022-06-02 17:00:00+00:00,,PRE_TRADE_PROJECTED_EQUITY_BREACH
REJECTED,EURUSD,BUY,2022-06-02 18:00:00+00:00,,PRE_TRADE_PROJECTED_EQUITY_BREACH
REJECTED,EURUSD,BUY,2022-06-03 01:00:00+00:00,,PRE_TRADE_PROJECTED_EQUITY_BREACH
REJECTED,EURUSD,SELL,2022-06-03 13:00:00+00:00,,PRE_TRADE_PROJECTED_EQUITY_BREACH
REJECTED,GBPUSD,SELL,2022-06-03 13:00:00+00:00,,PRE_TRADE_PROJECTED_EQUITY_BREACH
REJECTED,GBPUSD,SELL,2022-06-03 16:00:00+00:00,,PRE_TRADE_PROJECTED_EQUITY_BREACH
REJECTED,GBPUSD,SELL,2022-06-03 21:00:00+00:00,,PRE_TRADE_PROJECTED_EQUITY_BREACH
REJECTED,GBPUSD,SELL,2022-06-06 01:00:00+00:00,,PRE_TRADE_PROJECTED_EQUITY_BREACH
REJECTED,GBPUSD,SELL,2022-06-07 05:00:00+00:00,,PRE_TRADE_PROJECTED_EQUITY_BREACH
REJECTED,GBPUSD,SELL,2022-06-07 06:00:00+00:00,,PRE_TRADE_PROJECTED_EQUITY_BREACH
REJECTED,EURUSD,SELL,2022-06-07 12:00:00+00:00,,PRE_TRADE_PROJECTED_EQUITY_BREACH
REJECTED,EURUSD,SELL,2022-06-07 13:00:00+00:00,,PRE_TRADE_PROJECTED_EQUITY_BREACH
REJECTED,GBPUSD,BUY,2022-06-07 15:00:00+00:00,,PRE_TRADE_PROJECTED_EQUITY_BREACH
REJECTED,GBPUSD,BUY,2022-06-07 16:00:00+00:00,,PRE_TRADE_PROJECTED_EQUITY_BREACH
REJECTED,EURUSD,BUY,2022-06-08 11:00:00+00:00,,PRE_TRADE_PROJECTED_EQUITY_BREACH
REJECTED,EURUSD,BUY,2022-06-08 12:00:00+00:00,,PRE_TRADE_PROJECTED_EQUITY_BREACH
REJECTED,EURUSD,BUY,2022-06-08 14:00:00+00:00,,PRE_TRADE_PROJECTED_EQUITY_BREACH
REJECTED,GBPUSD,SELL,2022-06-09 07:00:00+00:00,,PRE_TRADE_PROJECTED_EQUITY_BREACH
REJECTED,EURUSD,SELL,2022-06-09 08:00:00+00:00,,PRE_TRADE_PROJECTED_EQUITY_BREACH
REJECTED,GBPUSD,SELL,2022-06-09 08:00:00+00:00,,PRE_TRADE_PROJECTED_EQUITY_BREACH
REJECTED,EURUSD,SELL,2022-06-09 14:00:00+00:00,,PRE_TRADE_PROJECTED_EQUITY_BREACH
REJECTED,GBPUSD,BUY,2022-06-09 14:00:00+00:00,,PRE_TRADE_PROJECTED_EQUITY_BREACH
REJECTED,EURUSD,SELL,2022-06-09 15:00:00+00:00,,PRE_TRADE_PROJECTED_EQUITY_BREACH
REJECTED,EURUSD,SELL,2022-06-09 18:00:00+00:00,,PRE_TRADE_PROJECTED_EQUITY_BREACH
REJECTED,EURUSD,SELL,2022-06-09 20:00:00+00:00,,PRE_TRADE_PROJECTED_EQUITY_BREACH
REJECTED,GBPUSD,SELL,2022-06-09 20:00:00+00:00,,PRE_TRADE_PROJECTED_EQUITY_BREACH
REJECTED,GBPUSD,SELL,2022-06-10 08:00:00+00:00,,PRE_TRADE_PROJECTED_EQUITY_BREACH
REJECTED,EURUSD,SELL,2022-06-10 10:00:00+00:00,,PRE_TRADE_PROJECTED_EQUITY_BREACH
REJECTED,GBPUSD,SELL,2022-06-10 10:00:00+00:00,,PRE_TRADE_PROJECTED_EQUITY_BREACH
REJECTED,GBPUSD,SELL,2022-06-10 11:00:00+00:00,,PRE_TRADE_PROJECTED_EQUITY_BREACH
REJECTED,EURUSD,SELL,2022-06-10 12:00:00+00:00,,PRE_TRADE_PROJECTED_EQUITY_BREACH
REJECTED,EURUSD,SELL,2022-06-10 13:00:00+00:00,,PRE_TRADE_PROJECTED_EQUITY_BREACH
REJECTED,GBPUSD,SELL,2022-06-10 13:00:00+00:00,,PRE_TRADE_PROJECTED_EQUITY_BREACH
REJECTED,GBPUSD,SELL,2022-06-10 14:00:00+00:00,,PRE_TRADE_PROJECTED_EQUITY_BREACH
REJECTED,GBPUSD,SELL,2022-06-10 15:00:00+00:00,,PRE_TRADE_PROJECTED_EQUITY_BREACH
REJECTED,GBPUSD,SELL,2022-06-10 16:00:00+00:00,,PRE_TRADE_PROJECTED_EQUITY_BREACH
REJECTED,GBPUSD,SELL,2022-06-10 17:00:00+00:00,,PRE_TRADE_PROJECTED_EQUITY_BREACH
REJECTED,GBPUSD,SELL,2022-06-10 18:00:00+00:00,,PRE_TRADE_PROJECTED_EQUITY_BREACH
REJECTED,GBPUSD,SELL,2022-06-12 23:00:00+00:00,,PRE_TRADE_PROJECTED_EQUITY_BREACH
REJECTED,EURUSD,SELL,2022-06-13 00:00:00+00:00,,PRE_TRADE_PROJECTED_EQUITY_BREACH
REJECTED,GBPUSD,SELL,2022-06-13 00:00:00+00:00,,PRE_TRADE_PROJECTED_EQUITY_BREACH
REJECTED,EURUSD,SELL,2022-06-13 01:00:00+00:00,,PRE_TRADE_PROJECTED_EQUITY_BREACH
REJECTED,GBPUSD,SELL,2022-06-13 02:00:00+00:00,,PRE_TRADE_PROJECTED_EQUITY_BREACH
REJECTED,EURUSD,SELL,2022-06-13 07:00:00+00:00,,PRE_TRADE_PROJECTED_EQUITY_BREACH
REJECTED,GBPUSD,SELL,2022-06-13 07:00:00+00:00,,PRE_TRADE_PROJECTED_EQUITY_BREACH
REJECTED,EURUSD,SELL,2022-06-13 08:00:00+00:00,,PRE_TRADE_PROJECTED_EQUITY_BREACH
REJECTED,GBPUSD,SELL,2022-06-13 09:00:00+00:00,,PRE_TRADE_PROJECTED_EQUITY_BREACH
REJECTED,GBPUSD,SELL,2022-06-13 10:00:00+00:00,,PRE_TRADE_PROJECTED_EQUITY_BREACH
REJECTED,EURUSD,SELL,2022-06-13 12:00:00+00:00,,PRE_TRADE_PROJECTED_EQUITY_BREACH
REJECTED,GBPUSD,SELL,2022-06-13 12:00:00+00:00,,PRE_TRADE_PROJECTED_EQUITY_BREACH
REJECTED,EURUSD,SELL,2022-06-13 14:00:00+00:00,,PRE_TRADE_PROJECTED_EQUITY_BREACH
REJECTED,EURUSD,SELL,2022-06-13 15:00:00+00:00,,PRE_TRADE_PROJECTED_EQUITY_BREACH
REJECTED,GBPUSD,SELL,2022-06-13 15:00:00+00:00,,PRE_TRADE_PROJECTED_EQUITY_BREACH
REJECTED,EURUSD,SELL,2022-06-13 20:00:00+00:00,,PRE_TRADE_PROJECTED_EQUITY_BREACH
REJECTED,GBPUSD,SELL,2022-06-14 10:00:00+00:00,,PRE_TRADE_PROJECTED_EQUITY_BREACH
REJECTED,GBPUSD,SELL,2022-06-14 11:00:00+00:00,,PRE_TRADE_PROJECTED_EQUITY_BREACH
REJECTED,GBPUSD,SELL,2022-06-14 12:00:00+00:00,,PRE_TRADE_PROJECTED_EQUITY_BREACH
REJECTED,GBPUSD,SELL,2022-06-14 14:00:00+00:00,,PRE_TRADE_PROJECTED_EQUITY_BREACH
REJECTED,GBPUSD,SELL,2022-06-14 15:00:00+00:00,,PRE_TRADE_PROJECTED_EQUITY_BREACH
REJECTED,GBPUSD,SELL,2022-06-14 18:00:00+00:00,,PRE_TRADE_PROJECTED_EQUITY_BREACH
REJECTED,GBPUSD,SELL,2022-06-14 19:00:00+00:00,,PRE_TRADE_PROJECTED_EQUITY_BREACH
REJECTED,GBPUSD,BUY,2022-06-15 10:00:00+00:00,,PRE_TRADE_PROJECTED_EQUITY_BREACH
REJECTED,GBPUSD,BUY,2022-06-15 12:00:00+00:00,,PRE_TRADE_PROJECTED_EQUITY_BREACH
REJECTED,EURUSD,SELL,2022-06-15 16:00:00+00:00,,PRE_TRADE_PROJECTED_EQUITY_BREACH
REJECTED,EURUSD,SELL,2022-06-15 17:00:00+00:00,,PRE_TRADE_PROJECTED_EQUITY_BREACH
REJECTED,GBPUSD,BUY,2022-06-15 20:00:00+00:00,,PRE_TRADE_PROJECTED_EQUITY_BREACH
REJECTED,GBPUSD,BUY,2022-06-16 13:00:00+00:00,,PRE_TRADE_PROJECTED_EQUITY_BREACH
REJECTED,GBPUSD,BUY,2022-06-16 14:00:00+00:00,,PRE_TRADE_PROJECTED_EQUITY_BREACH
REJECTED,EURUSD,BUY,2022-06-16 15:00:00+00:00,,PRE_TRADE_PROJECTED_EQUITY_BREACH
REJECTED,EURUSD,BUY,2022-06-16 16:00:00+00:00,,PRE_TRADE_PROJECTED_EQUITY_BREACH
REJECTED,GBPUSD,BUY,2022-06-16 16:00:00+00:00,,PRE_TRADE_PROJECTED_EQUITY_BREACH
REJECTED,EURUSD,BUY,2022-06-16 17:00:00+00:00,,PRE_TRADE_PROJECTED_EQUITY_BREACH
REJECTED,GBPUSD,BUY,2022-06-16 17:00:00+00:00,,PRE_TRADE_PROJECTED_EQUITY_BREACH
REJECTED,EURUSD,BUY,2022-06-16 18:00:00+00:00,,PRE_TRADE_PROJECTED_EQUITY_BREACH
REJECTED,EURUSD,SELL,2022-06-17 12:00:00+00:00,,PRE_TRADE_PROJECTED_EQUITY_BREACH
REJECTED,GBPUSD,SELL,2022-06-17 14:00:00+00:00,,PRE_TRADE_PROJECTED_EQUITY_BREACH
REJECTED,EURUSD,SELL,2022-06-17 15:00:00+00:00,,PRE_TRADE_PROJECTED_EQUITY_BREACH
REJECTED,GBPUSD,SELL,2022-06-17 15:00:00+00:00,,PRE_TRADE_PROJECTED_EQUITY_BREACH
REJECTED,EURUSD,BUY,2022-06-21 08:00:00+00:00,,PRE_TRADE_PROJECTED_EQUITY_BREACH
REJECTED,GBPUSD,BUY,2022-06-21 08:00:00+00:00,,PRE_TRADE_PROJECTED_EQUITY_BREACH
REJECTED,EURUSD,BUY,2022-06-21 09:00:00+00:00,,PRE_TRADE_PROJECTED_EQUITY_BREACH
REJECTED,GBPUSD,BUY,2022-06-21 09:00:00+00:00,,PRE_TRADE_PROJECTED_EQUITY_BREACH
REJECTED,EURUSD,SELL,2022-06-22 01:00:00+00:00,,PRE_TRADE_PROJECTED_EQUITY_BREACH
REJECTED,EURUSD,SELL,2022-06-22 02:00:00+00:00,,PRE_TRADE_PROJECTED_EQUITY_BREACH
REJECTED,GBPUSD,SELL,2022-06-22 02:00:00+00:00,,PRE_TRADE_PROJECTED_EQUITY_BREACH
REJECTED,EURUSD,SELL,2022-06-22 05:00:00+00:00,,PRE_TRADE_PROJECTED_EQUITY_BREACH
REJECTED,GBPUSD,SELL,2022-06-22 05:00:00+00:00,,PRE_TRADE_PROJECTED_EQUITY_BREACH
REJECTED,EURUSD,SELL,2022-06-22 06:00:00+00:00,,PRE_TRADE_PROJECTED_EQUITY_BREACH
REJECTED,GBPUSD,SELL,2022-06-22 08:00:00+00:00,,PRE_TRADE_PROJECTED_EQUITY_BREACH
REJECTED,EURUSD,BUY,2022-06-22 14:00:00+00:00,,PRE_TRADE_PROJECTED_EQUITY_BREACH
REJECTED,EURUSD,BUY,2022-06-22 15:00:00+00:00,,PRE_TRADE_PROJECTED_EQUITY_BREACH
REJECTED,GBPUSD,BUY,2022-06-22 15:00:00+00:00,,PRE_TRADE_PROJECTED_EQUITY_BREACH
REJECTED,EURUSD,SELL,2022-06-23 08:00:00+00:00,,PRE_TRADE_PROJECTED_EQUITY_BREACH
REJECTED,GBPUSD,SELL,2022-06-23 08:00:00+00:00,,PRE_TRADE_PROJECTED_EQUITY_BREACH
REJECTED,EURUSD,SELL,2022-06-23 09:00:00+00:00,,PRE_TRADE_PROJECTED_EQUITY_BREACH
REJECTED,GBPUSD,BUY,2022-06-23 14:00:00+00:00,,PRE_TRADE_PROJECTED_EQUITY_BREACH
REJECTED,GBPUSD,BUY,2022-06-24 10:00:00+00:00,,PRE_TRADE_PROJECTED_EQUITY_BREACH
REJECTED,EURUSD,BUY,2022-06-27 08:00:00+00:00,,PRE_TRADE_PROJECTED_EQUITY_BREACH
REJECTED,GBPUSD,BUY,2022-06-27 08:00:00+00:00,,PRE_TRADE_PROJECTED_EQUITY_BREACH
REJECTED,EURUSD,BUY,2022-06-27 15:00:00+00:00,,PRE_TRADE_PROJECTED_EQUITY_BREACH
REJECTED,EURUSD,BUY,2022-06-27 16:00:00+00:00,,PRE_TRADE_PROJECTED_EQUITY_BREACH
REJECTED,GBPUSD,SELL,2022-06-28 11:00:00+00:00,,PRE_TRADE_PROJECTED_EQUITY_BREACH
REJECTED,EURUSD,SELL,2022-06-28 12:00:00+00:00,,PRE_TRADE_PROJECTED_EQUITY_BREACH
REJECTED,GBPUSD,SELL,2022-06-28 12:00:00+00:00,,PRE_TRADE_PROJECTED_EQUITY_BREACH
REJECTED,EURUSD,SELL,2022-06-28 13:00:00+00:00,,PRE_TRADE_PROJECTED_EQUITY_BREACH
REJECTED,GBPUSD,SELL,2022-06-28 13:00:00+00:00,,PRE_TRADE_PROJECTED_EQUITY_BREACH
REJECTED,EURUSD,SELL,2022-06-28 14:00:00+00:00,,PRE_TRADE_PROJECTED_EQUITY_BREACH
REJECTED,EURUSD,SELL,2022-06-28 15:00:00+00:00,,PRE_TRADE_PROJECTED_EQUITY_BREACH
REJECTED,GBPUSD,SELL,2022-06-28 15:00:00+00:00,,PRE_TRADE_PROJECTED_EQUITY_BREACH
REJECTED,EURUSD,SELL,2022-06-29 07:00:00+00:00,,PRE_TRADE_PROJECTED_EQUITY_BREACH
REJECTED,GBPUSD,SELL,2022-06-29 10:00:00+00:00,,PRE_TRADE_PROJECTED_EQUITY_BREACH
REJECTED,EURUSD,SELL,2022-06-29 14:00:00+00:00,,PRE_TRADE_PROJECTED_EQUITY_BREACH
REJECTED,GBPUSD,SELL,2022-06-29 14:00:00+00:00,,PRE_TRADE_PROJECTED_EQUITY_BREACH
REJECTED,EURUSD,SELL,2022-06-29 17:00:00+00:00,,PRE_TRADE_PROJECTED_EQUITY_BREACH
REJECTED,EURUSD,SELL,2022-06-29 19:00:00+00:00,,PRE_TRADE_PROJECTED_EQUITY_BREACH
REJECTED,EURUSD,SELL,2022-06-30 10:00:00+00:00,,PRE_TRADE_PROJECTED_EQUITY_BREACH
REJECTED,EURUSD,SELL,2022-06-30 11:00:00+00:00,,PRE_TRADE_PROJECTED_EQUITY_BREACH
REJECTED,EURUSD,SELL,2022-06-30 12:00:00+00:00,,PRE_TRADE_PROJECTED_EQUITY_BREACH
REJECTED,EURUSD,BUY,2022-06-30 17:00:00+00:00,,PRE_TRADE_PROJECTED_EQUITY_BREACH
REJECTED,GBPUSD,SELL,2022-07-01 10:00:00+00:00,,PRE_TRADE_PROJECTED_EQUITY_BREACH
REJECTED,GBPUSD,SELL,2022-07-01 11:00:00+00:00,,PRE_TRADE_PROJECTED_EQUITY_BREACH
REJECTED,GBPUSD,SELL,2022-07-01 12:00:00+00:00,,PRE_TRADE_PROJECTED_EQUITY_BREACH
REJECTED,EURUSD,SELL,2022-07-01 13:00:00+00:00,,PRE_TRADE_PROJECTED_EQUITY_BREACH
REJECTED,GBPUSD,SELL,2022-07-01 13:00:00+00:00,,PRE_TRADE_PROJECTED_EQUITY_BREACH
REJECTED,EURUSD,SELL,2022-07-01 14:00:00+00:00,,PRE_TRADE_PROJECTED_EQUITY_BREACH
REJECTED,EURUSD,SELL,2022-07-01 15:00:00+00:00,,PRE_TRADE_PROJECTED_EQUITY_BREACH
REJECTED,GBPUSD,BUY,2022-07-04 08:00:00+00:00,,PRE_TRADE_PROJECTED_EQUITY_BREACH
REJECTED,GBPUSD,BUY,2022-07-04 11:00:00+00:00,,PRE_TRADE_PROJECTED_EQUITY_BREACH
REJECTED,GBPUSD,BUY,2022-07-04 12:00:00+00:00,,PRE_TRADE_PROJECTED_EQUITY_BREACH
REJECTED,EURUSD,SELL,2022-07-05 08:00:00+00:00,,PRE_TRADE_PROJECTED_EQUITY_BREACH
REJECTED,GBPUSD,SELL,2022-07-05 08:00:00+00:00,,PRE_TRADE_PROJECTED_EQUITY_BREACH
REJECTED,EURUSD,SELL,2022-07-05 09:00:00+00:00,,PRE_TRADE_PROJECTED_EQUITY_BREACH
REJECTED,GBPUSD,SELL,2022-07-05 09:00:00+00:00,,PRE_TRADE_PROJECTED_EQUITY_BREACH
REJECTED,EURUSD,SELL,2022-07-05 10:00:00+00:00,,PRE_TRADE_PROJECTED_EQUITY_BREACH
REJECTED,GBPUSD,SELL,2022-07-05 10:00:00+00:00,,PRE_TRADE_PROJECTED_EQUITY_BREACH
REJECTED,GBPUSD,SELL,2022-07-05 11:00:00+00:00,,PRE_TRADE_PROJECTED_EQUITY_BREACH
REJECTED,GBPUSD,SELL,2022-07-05 12:00:00+00:00,,PRE_TRADE_PROJECTED_EQUITY_BREACH
REJECTED,GBPUSD,SELL,2022-07-05 13:00:00+00:00,,PRE_TRADE_PROJECTED_EQUITY_BREACH
REJECTED,EURUSD,SELL,2022-07-05 14:00:00+00:00,,PRE_TRADE_PROJECTED_EQUITY_BREACH
REJECTED,GBPUSD,SELL,2022-07-05 14:00:00+00:00,,PRE_TRADE_PROJECTED_EQUITY_BREACH
REJECTED,EURUSD,SELL,2022-07-05 15:00:00+00:00,,PRE_TRADE_PROJECTED_EQUITY_BREACH
REJECTED,GBPUSD,SELL,2022-07-05 15:00:00+00:00,,PRE_TRADE_PROJECTED_EQUITY_BREACH
REJECTED,EURUSD,SELL,2022-07-06 10:00:00+00:00,,PRE_TRADE_PROJECTED_EQUITY_BREACH
REJECTED,EURUSD,SELL,2022-07-06 11:00:00+00:00,,PRE_TRADE_PROJECTED_EQUITY_BREACH
REJECTED,GBPUSD,BUY,2022-07-07 09:00:00+00:00,,PRE_TRADE_PROJECTED_EQUITY_BREACH
REJECTED,GBPUSD,BUY,2022-07-07 10:00:00+00:00,,PRE_TRADE_PROJECTED_EQUITY_BREACH
REJECTED,EURUSD,SELL,2022-07-07 16:00:00+00:00,,PRE_TRADE_PROJECTED_EQUITY_BREACH
REJECTED,GBPUSD,BUY,2022-07-07 20:00:00+00:00,,PRE_TRADE_PROJECTED_EQUITY_BREACH
REJECTED,GBPUSD,BUY,2022-07-08 01:00:00+00:00,,PRE_TRADE_PROJECTED_EQUITY_BREACH
REJECTED,EURUSD,SELL,2022-07-08 08:00:00+00:00,,PRE_TRADE_PROJECTED_EQUITY_BREACH
REJECTED,GBPUSD,SELL,2022-07-08 08:00:00+00:00,,PRE_TRADE_PROJECTED_EQUITY_BREACH
REJECTED,EURUSD,SELL,2022-07-11 08:00:00+00:00,,PRE_TRADE_PROJECTED_EQUITY_BREACH
REJECTED,EURUSD,SELL,2022-07-11 10:00:00+00:00,,PRE_TRADE_PROJECTED_EQUITY_BREACH
REJECTED,GBPUSD,SELL,2022-07-11 10:00:00+00:00,,PRE_TRADE_PROJECTED_EQUITY_BREACH
REJECTED,EURUSD,SELL,2022-07-11 12:00:00+00:00,,PRE_TRADE_PROJECTED_EQUITY_BREACH
REJECTED,GBPUSD,SELL,2022-07-11 12:00:00+00:00,,PRE_TRADE_PROJECTED_EQUITY_BREACH
REJECTED,EURUSD,SELL,2022-07-11 13:00:00+00:00,,PRE_TRADE_PROJECTED_EQUITY_BREACH
REJECTED,GBPUSD,SELL,2022-07-11 13:00:00+00:00,,PRE_TRADE_PROJECTED_EQUITY_BREACH
REJECTED,EURUSD,SELL,2022-07-11 14:00:00+00:00,,PRE_TRADE_PROJECTED_EQUITY_BREACH
REJECTED,GBPUSD,SELL,2022-07-11 14:00:00+00:00,,PRE_TRADE_PROJECTED_EQUITY_BREACH
REJECTED,EURUSD,SELL,2022-07-11 20:00:00+00:00,,PRE_TRADE_PROJECTED_EQUITY_BREACH
REJECTED,EURUSD,SELL,2022-07-12 02:00:00+00:00,,PRE_TRADE_PROJECTED_EQUITY_BREACH
REJECTED,GBPUSD,SELL,2022-07-12 06:00:00+00:00,,PRE_TRADE_PROJECTED_EQUITY_BREACH
REJECTED,GBPUSD,SELL,2022-07-12 08:00:00+00:00,,PRE_TRADE_PROJECTED_EQUITY_BREACH
REJECTED,GBPUSD,SELL,2022-07-13 13:00:00+00:00,,PRE_TRADE_PROJECTED_EQUITY_BREACH
REJECTED,EURUSD,BUY,2022-07-13 15:00:00+00:00,,PRE_TRADE_PROJECTED_EQUITY_BREACH
REJECTED,EURUSD,SELL,2022-07-14 13:00:00+00:00,,PRE_TRADE_PROJECTED_EQUITY_BREACH
REJECTED,GBPUSD,SELL,2022-07-14 13:00:00+00:00,,PRE_TRADE_PROJECTED_EQUITY_BREACH
REJECTED,EURUSD,SELL,2022-07-14 14:00:00+00:00,,PRE_TRADE_PROJECTED_EQUITY_BREACH
REJECTED,GBPUSD,SELL,2022-07-14 14:00:00+00:00,,PRE_TRADE_PROJECTED_EQUITY_BREACH
REJECTED,EURUSD,BUY,2022-07-15 11:00:00+00:00,,PRE_TRADE_PROJECTED_EQUITY_BREACH
REJECTED,EURUSD,BUY,2022-07-15 13:00:00+00:00,,PRE_TRADE_PROJECTED_EQUITY_BREACH
REJECTED,EURUSD,BUY,2022-07-15 16:00:00+00:00,,PRE_TRADE_PROJECTED_EQUITY_BREACH
REJECTED,GBPUSD,BUY,2022-07-18 00:00:00+00:00,,PRE_TRADE_PROJECTED_EQUITY_BREACH
REJECTED,EURUSD,BUY,2022-07-18 02:00:00+00:00,,PRE_TRADE_PROJECTED_EQUITY_BREACH
REJECTED,GBPUSD,BUY,2022-07-18 02:00:00+00:00,,PRE_TRADE_PROJECTED_EQUITY_BREACH
REJECTED,GBPUSD,BUY,2022-07-18 07:00:00+00:00,,PRE_TRADE_PROJECTED_EQUITY_BREACH
REJECTED,EURUSD,BUY,2022-07-18 08:00:00+00:00,,PRE_TRADE_PROJECTED_EQUITY_BREACH
REJECTED,GBPUSD,BUY,2022-07-18 08:00:00+00:00,,PRE_TRADE_PROJECTED_EQUITY_BREACH
REJECTED,EURUSD,BUY,2022-07-18 10:00:00+00:00,,PRE_TRADE_PROJECTED_EQUITY_BREACH
REJECTED,GBPUSD,BUY,2022-07-18 10:00:00+00:00,,PRE_TRADE_PROJECTED_EQUITY_BREACH
REJECTED,GBPUSD,BUY,2022-07-18 11:00:00+00:00,,PRE_TRADE_PROJECTED_EQUITY_BREACH
REJECTED,GBPUSD,BUY,2022-07-18 14:00:00+00:00,,PRE_TRADE_PROJECTED_EQUITY_BREACH
REJECTED,EURUSD,BUY,2022-07-18 15:00:00+00:00,,PRE_TRADE_PROJECTED_EQUITY_BREACH
REJECTED,GBPUSD,BUY,2022-07-18 15:00:00+00:00,,PRE_TRADE_PROJECTED_EQUITY_BREACH
REJECTED,EURUSD,BUY,2022-07-19 08:00:00+00:00,,PRE_TRADE_PROJECTED_EQUITY_BREACH
REJECTED,EURUSD,BUY,2022-07-19 09:00:00+00:00,,PRE_TRADE_PROJECTED_EQUITY_BREACH
REJECTED,EURUSD,BUY,2022-07-19 11:00:00+00:00,,PRE_TRADE_PROJECTED_EQUITY_BREACH
REJECTED,EURUSD,SELL,2022-07-20 11:00:00+00:00,,PRE_TRADE_PROJECTED_EQUITY_BREACH
REJECTED,GBPUSD,SELL,2022-07-20 11:00:00+00:00,,PRE_TRADE_PROJECTED_EQUITY_BREACH
REJECTED,EURUSD,SELL,2022-07-20 18:00:00+00:00,,PRE_TRADE_PROJECTED_EQUITY_BREACH
REJECTED,GBPUSD,SELL,2022-07-21 08:00:00+00:00,,PRE_TRADE_PROJECTED_EQUITY_BREACH
REJECTED,EURUSD,BUY,2022-07-21 13:00:00+00:00,,PRE_TRADE_PROJECTED_EQUITY_BREACH
REJECTED,EURUSD,SELL,2022-07-22 08:00:00+00:00,,PRE_TRADE_PROJECTED_EQUITY_BREACH
REJECTED,GBPUSD,BUY,2022-07-22 14:00:00+00:00,,PRE_TRADE_PROJECTED_EQUITY_BREACH
REJECTED,GBPUSD,BUY,2022-07-25 12:00:00+00:00,,PRE_TRADE_PROJECTED_EQUITY_BREACH
REJECTED,EURUSD,SELL,2022-07-26 10:00:00+00:00,,PRE_TRADE_PROJECTED_EQUITY_BREACH
REJECTED,GBPUSD,SELL,2022-07-26 10:00:00+00:00,,PRE_TRADE_PROJECTED_EQUITY_BREACH
REJECTED,EURUSD,SELL,2022-07-26 11:00:00+00:00,,PRE_TRADE_PROJECTED_EQUITY_BREACH
REJECTED,GBPUSD,SELL,2022-07-26 11:00:00+00:00,,PRE_TRADE_PROJECTED_EQUITY_BREACH
REJECTED,EURUSD,SELL,2022-07-26 12:00:00+00:00,,PRE_TRADE_PROJECTED_EQUITY_BREACH
REJECTED,EURUSD,SELL,2022-07-26 16:00:00+00:00,,PRE_TRADE_PROJECTED_EQUITY_BREACH
REJECTED,GBPUSD,BUY,2022-07-27 05:00:00+00:00,,PRE_TRADE_PROJECTED_EQUITY_BREACH
REJECTED,GBPUSD,BUY,2022-07-27 06:00:00+00:00,,PRE_TRADE_PROJECTED_EQUITY_BREACH
REJECTED,EURUSD,SELL,2022-07-27 16:00:00+00:00,,PRE_TRADE_PROJECTED_EQUITY_BREACH
REJECTED,EURUSD,BUY,2022-07-27 19:00:00+00:00,,PRE_TRADE_PROJECTED_EQUITY_BREACH
REJECTED,GBPUSD,BUY,2022-07-27 19:00:00+00:00,,PRE_TRADE_PROJECTED_EQUITY_BREACH
REJECTED,GBPUSD,BUY,2022-07-28 09:00:00+00:00,,PRE_TRADE_PROJECTED_EQUITY_BREACH
REJECTED,EURUSD,BUY,2022-07-29 07:00:00+00:00,,PRE_TRADE_PROJECTED_EQUITY_BREACH
REJECTED,GBPUSD,BUY,2022-07-29 07:00:00+00:00,,PRE_TRADE_PROJECTED_EQUITY_BREACH
REJECTED,GBPUSD,SELL,2022-07-29 14:00:00+00:00,,PRE_TRADE_PROJECTED_EQUITY_BREACH
REJECTED,EURUSD,BUY,2022-08-01 09:00:00+00:00,,PRE_TRADE_PROJECTED_EQUITY_BREACH
REJECTED,GBPUSD,BUY,2022-08-01 09:00:00+00:00,,PRE_TRADE_PROJECTED_EQUITY_BREACH
REJECTED,GBPUSD,BUY,2022-08-01 10:00:00+00:00,,PRE_TRADE_PROJECTED_EQUITY_BREACH
REJECTED,EURUSD,BUY,2022-08-01 15:00:00+00:00,,PRE_TRADE_PROJECTED_EQUITY_BREACH
REJECTED,GBPUSD,BUY,2022-08-01 15:00:00+00:00,,PRE_TRADE_PROJECTED_EQUITY_BREACH
REJECTED,EURUSD,BUY,2022-08-02 01:00:00+00:00,,PRE_TRADE_PROJECTED_EQUITY_BREACH
REJECTED,EURUSD,SELL,2022-08-02 08:00:00+00:00,,PRE_TRADE_PROJECTED_EQUITY_BREACH
REJECTED,GBPUSD,SELL,2022-08-02 08:00:00+00:00,,PRE_TRADE_PROJECTED_EQUITY_BREACH
REJECTED,EURUSD,SELL,2022-08-02 13:00:00+00:00,,PRE_TRADE_PROJECTED_EQUITY_BREACH
REJECTED,EURUSD,SELL,2022-08-02 15:00:00+00:00,,PRE_TRADE_PROJECTED_EQUITY_BREACH
REJECTED,GBPUSD,SELL,2022-08-02 19:00:00+00:00,,PRE_TRADE_PROJECTED_EQUITY_BREACH
REJECTED,EURUSD,SELL,2022-08-02 20:00:00+00:00,,PRE_TRADE_PROJECTED_EQUITY_BREACH
REJECTED,EURUSD,SELL,2022-08-02 21:00:00+00:00,,PRE_TRADE_PROJECTED_EQUITY_BREACH
REJECTED,GBPUSD,SELL,2022-08-02 21:00:00+00:00,,PRE_TRADE_PROJECTED_EQUITY_BREACH
REJECTED,EURUSD,SELL,2022-08-02 22:00:00+00:00,,PRE_TRADE_PROJECTED_EQUITY_BREACH
REJECTED,EURUSD,SELL,2022-08-03 00:00:00+00:00,,PRE_TRADE_PROJECTED_EQUITY_BREACH
REJECTED,GBPUSD,SELL,2022-08-03 00:00:00+00:00,,PRE_TRADE_PROJECTED_EQUITY_BREACH
REJECTED,EURUSD,SELL,2022-08-03 15:00:00+00:00,,PRE_TRADE_PROJECTED_EQUITY_BREACH
REJECTED,GBPUSD,SELL,2022-08-03 15:00:00+00:00,,PRE_TRADE_PROJECTED_EQUITY_BREACH
REJECTED,GBPUSD,BUY,2022-08-04 11:00:00+00:00,,PRE_TRADE_PROJECTED_EQUITY_BREACH
REJECTED,GBPUSD,SELL,2022-08-04 12:00:00+00:00,,PRE_TRADE_PROJECTED_EQUITY_BREACH
REJECTED,EURUSD,BUY,2022-08-04 15:00:00+00:00,,PRE_TRADE_PROJECTED_EQUITY_BREACH
REJECTED,EURUSD,BUY,2022-08-04 16:00:00+00:00,,PRE_TRADE_PROJECTED_EQUITY_BREACH
REJECTED,EURUSD,BUY,2022-08-04 17:00:00+00:00,,PRE_TRADE_PROJECTED_EQUITY_BREACH
REJECTED,EURUSD,BUY,2022-08-04 19:00:00+00:00,,PRE_TRADE_PROJECTED_EQUITY_BREACH
REJECTED,EURUSD,SELL,2022-08-05 13:00:00+00:00,,PRE_TRADE_PROJECTED_EQUITY_BREACH
REJECTED,GBPUSD,SELL,2022-08-05 13:00:00+00:00,,PRE_TRADE_PROJECTED_EQUITY_BREACH
REJECTED,EURUSD,BUY,2022-08-08 15:00:00+00:00,,PRE_TRADE_PROJECTED_EQUITY_BREACH
REJECTED,EURUSD,BUY,2022-08-09 09:00:00+00:00,,PRE_TRADE_PROJECTED_EQUITY_BREACH
REJECTED,EURUSD,BUY,2022-08-10 11:00:00+00:00,,PRE_TRADE_PROJECTED_EQUITY_BREACH
REJECTED,EURUSD,BUY,2022-08-10 12:00:00+00:00,,PRE_TRADE_PROJECTED_EQUITY_BREACH
REJECTED,GBPUSD,BUY,2022-08-10 12:00:00+00:00,,PRE_TRADE_PROJECTED_EQUITY_BREACH
REJECTED,EURUSD,BUY,2022-08-10 13:00:00+00:00,,PRE_TRADE_PROJECTED_EQUITY_BREACH
REJECTED,GBPUSD,BUY,2022-08-10 13:00:00+00:00,,PRE_TRADE_PROJECTED_EQUITY_BREACH
REJECTED,EURUSD,BUY,2022-08-10 15:00:00+00:00,,PRE_TRADE_PROJECTED_EQUITY_BREACH
REJECTED,GBPUSD,BUY,2022-08-10 15:00:00+00:00,,PRE_TRADE_PROJECTED_EQUITY_BREACH
REJECTED,EURUSD,BUY,2022-08-11 13:00:00+00:00,,PRE_TRADE_PROJECTED_EQUITY_BREACH
REJECTED,EURUSD,BUY,2022-08-11 14:00:00+00:00,,PRE_TRADE_PROJECTED_EQUITY_BREACH
REJECTED,EURUSD,SELL,2022-08-12 08:00:00+00:00,,PRE_TRADE_PROJECTED_EQUITY_BREACH
REJECTED,GBPUSD,SELL,2022-08-12 10:00:00+00:00,,PRE_TRADE_PROJECTED_EQUITY_BREACH
REJECTED,GBPUSD,SELL,2022-08-12 11:00:00+00:00,,PRE_TRADE_PROJECTED_EQUITY_BREACH
REJECTED,EURUSD,SELL,2022-08-12 12:00:00+00:00,,PRE_TRADE_PROJECTED_EQUITY_BREACH
REJECTED,EURUSD,SELL,2022-08-12 13:00:00+00:00,,PRE_TRADE_PROJECTED_EQUITY_BREACH
REJECTED,GBPUSD,SELL,2022-08-12 13:00:00+00:00,,PRE_TRADE_PROJECTED_EQUITY_BREACH
REJECTED,EURUSD,SELL,2022-08-12 15:00:00+00:00,,PRE_TRADE_PROJECTED_EQUITY_BREACH
REJECTED,EURUSD,SELL,2022-08-15 07:00:00+00:00,,PRE_TRADE_PROJECTED_EQUITY_BREACH
REJECTED,EURUSD,SELL,2022-08-15 09:00:00+00:00,,PRE_TRADE_PROJECTED_EQUITY_BREACH
REJECTED,GBPUSD,SELL,2022-08-15 09:00:00+00:00,,PRE_TRADE_PROJECTED_EQUITY_BREACH
REJECTED,EURUSD,SELL,2022-08-15 10:00:00+00:00,,PRE_TRADE_PROJECTED_EQUITY_BREACH
REJECTED,GBPUSD,SELL,2022-08-15 10:00:00+00:00,,PRE_TRADE_PROJECTED_EQUITY_BREACH
REJECTED,EURUSD,SELL,2022-08-15 16:00:00+00:00,,PRE_TRADE_PROJECTED_EQUITY_BREACH
REJECTED,EURUSD,SELL,2022-08-15 17:00:00+00:00,,PRE_TRADE_PROJECTED_EQUITY_BREACH
REJECTED,EURUSD,SELL,2022-08-15 18:00:00+00:00,,PRE_TRADE_PROJECTED_EQUITY_BREACH
REJECTED,EURUSD,SELL,2022-08-15 19:00:00+00:00,,PRE_TRADE_PROJECTED_EQUITY_BREACH
REJECTED,GBPUSD,SELL,2022-08-16 01:00:00+00:00,,PRE_TRADE_PROJECTED_EQUITY_BREACH
REJECTED,EURUSD,SELL,2022-08-16 10:00:00+00:00,,PRE_TRADE_PROJECTED_EQUITY_BREACH
REJECTED,GBPUSD,BUY,2022-08-16 14:00:00+00:00,,PRE_TRADE_PROJECTED_EQUITY_BREACH
REJECTED,EURUSD,BUY,2022-08-16 15:00:00+00:00,,PRE_TRADE_PROJECTED_EQUITY_BREACH
REJECTED,GBPUSD,BUY,2022-08-16 15:00:00+00:00,,PRE_TRADE_PROJECTED_EQUITY_BREACH
REJECTED,GBPUSD,BUY,2022-08-17 05:00:00+00:00,,PRE_TRADE_PROJECTED_EQUITY_BREACH
REJECTED,GBPUSD,SELL,2022-08-17 15:00:00+00:00,,PRE_TRADE_PROJECTED_EQUITY_BREACH
REJECTED,GBPUSD,SELL,2022-08-17 16:00:00+00:00,,PRE_TRADE_PROJECTED_EQUITY_BREACH
REJECTED,GBPUSD,SELL,2022-08-18 06:00:00+00:00,,PRE_TRADE_PROJECTED_EQUITY_BREACH
REJECTED,GBPUSD,SELL,2022-08-18 07:00:00+00:00,,PRE_TRADE_PROJECTED_EQUITY_BREACH
REJECTED,EURUSD,SELL,2022-08-18 14:00:00+00:00,,PRE_TRADE_PROJECTED_EQUITY_BREACH
REJECTED,GBPUSD,SELL,2022-08-18 16:00:00+00:00,,PRE_TRADE_PROJECTED_EQUITY_BREACH
REJECTED,EURUSD,SELL,2022-08-18 17:00:00+00:00,,PRE_TRADE_PROJECTED_EQUITY_BREACH
REJECTED,GBPUSD,SELL,2022-08-18 17:00:00+00:00,,PRE_TRADE_PROJECTED_EQUITY_BREACH
REJECTED,EURUSD,SELL,2022-08-18 18:00:00+00:00,,PRE_TRADE_PROJECTED_EQUITY_BREACH
REJECTED,GBPUSD,SELL,2022-08-18 18:00:00+00:00,,PRE_TRADE_PROJECTED_EQUITY_BREACH
REJECTED,EURUSD,SELL,2022-08-19 01:00:00+00:00,,PRE_TRADE_PROJECTED_EQUITY_BREACH
REJECTED,GBPUSD,SELL,2022-08-19 01:00:00+00:00,,PRE_TRADE_PROJECTED_EQUITY_BREACH
REJECTED,GBPUSD,SELL,2022-08-19 05:00:00+00:00,,PRE_TRADE_PROJECTED_EQUITY_BREACH
REJECTED,GBPUSD,SELL,2022-08-19 10:00:00+00:00,,PRE_TRADE_PROJECTED_EQUITY_BREACH
REJECTED,EURUSD,SELL,2022-08-19 11:00:00+00:00,,PRE_TRADE_PROJECTED_EQUITY_BREACH
REJECTED,GBPUSD,SELL,2022-08-19 11:00:00+00:00,,PRE_TRADE_PROJECTED_EQUITY_BREACH
REJECTED,EURUSD,SELL,2022-08-19 12:00:00+00:00,,PRE_TRADE_PROJECTED_EQUITY_BREACH
REJECTED,GBPUSD,SELL,2022-08-19 12:00:00+00:00,,PRE_TRADE_PROJECTED_EQUITY_BREACH
REJECTED,EURUSD,SELL,2022-08-19 15:00:00+00:00,,PRE_TRADE_PROJECTED_EQUITY_BREACH
REJECTED,GBPUSD,SELL,2022-08-19 15:00:00+00:00,,PRE_TRADE_PROJECTED_EQUITY_BREACH
REJECTED,EURUSD,SELL,2022-08-19 16:00:00+00:00,,PRE_TRADE_PROJECTED_EQUITY_BREACH
REJECTED,EURUSD,SELL,2022-08-22 01:00:00+00:00,,PRE_TRADE_PROJECTED_EQUITY_BREACH
REJECTED,EURUSD,SELL,2022-08-22 07:00:00+00:00,,PRE_TRADE_PROJECTED_EQUITY_BREACH
REJECTED,EURUSD,SELL,2022-08-22 08:00:00+00:00,,PRE_TRADE_PROJECTED_EQUITY_BREACH
REJECTED,EURUSD,SELL,2022-08-22 14:00:00+00:00,,PRE_TRADE_PROJECTED_EQUITY_BREACH
REJECTED,GBPUSD,SELL,2022-08-22 14:00:00+00:00,,PRE_TRADE_PROJECTED_EQUITY_BREACH
REJECTED,EURUSD,SELL,2022-08-22 15:00:00+00:00,,PRE_TRADE_PROJECTED_EQUITY_BREACH
REJECTED,EURUSD,SELL,2022-08-22 16:00:00+00:00,,PRE_TRADE_PROJECTED_EQUITY_BREACH
REJECTED,GBPUSD,SELL,2022-08-22 16:00:00+00:00,,PRE_TRADE_PROJECTED_EQUITY_BREACH
REJECTED,EURUSD,SELL,2022-08-22 18:00:00+00:00,,PRE_TRADE_PROJECTED_EQUITY_BREACH
REJECTED,EURUSD,SELL,2022-08-23 06:00:00+00:00,,PRE_TRADE_PROJECTED_EQUITY_BREACH
REJECTED,EURUSD,SELL,2022-08-23 07:00:00+00:00,,PRE_TRADE_PROJECTED_EQUITY_BREACH
REJECTED,GBPUSD,SELL,2022-08-23 07:00:00+00:00,,PRE_TRADE_PROJECTED_EQUITY_BREACH
REJECTED,EURUSD,BUY,2022-08-23 14:00:00+00:00,,PRE_TRADE_PROJECTED_EQUITY_BREACH
REJECTED,GBPUSD,BUY,2022-08-23 14:00:00+00:00,,PRE_TRADE_PROJECTED_EQUITY_BREACH
REJECTED,GBPUSD,BUY,2022-08-23 15:00:00+00:00,,PRE_TRADE_PROJECTED_EQUITY_BREACH
REJECTED,EURUSD,SELL,2022-08-24 11:00:00+00:00,,PRE_TRADE_PROJECTED_EQUITY_BREACH
REJECTED,GBPUSD,SELL,2022-08-24 11:00:00+00:00,,PRE_TRADE_PROJECTED_EQUITY_BREACH
REJECTED,EURUSD,BUY,2022-08-24 15:00:00+00:00,,PRE_TRADE_PROJECTED_EQUITY_BREACH
REJECTED,GBPUSD,BUY,2022-08-25 05:00:00+00:00,,PRE_TRADE_PROJECTED_EQUITY_BREACH
REJECTED,EURUSD,BUY,2022-08-25 07:00:00+00:00,,PRE_TRADE_PROJECTED_EQUITY_BREACH
REJECTED,GBPUSD,BUY,2022-08-25 07:00:00+00:00,,PRE_TRADE_PROJECTED_EQUITY_BREACH
REJECTED,GBPUSD,SELL,2022-08-26 07:00:00+00:00,,PRE_TRADE_PROJECTED_EQUITY_BREACH
REJECTED,EURUSD,BUY,2022-08-26 10:00:00+00:00,,PRE_TRADE_PROJECTED_EQUITY_BREACH
REJECTED,EURUSD,BUY,2022-08-26 11:00:00+00:00,,PRE_TRADE_PROJECTED_EQUITY_BREACH
REJECTED,EURUSD,BUY,2022-08-26 13:00:00+00:00,,PRE_TRADE_PROJECTED_EQUITY_BREACH
REJECTED,GBPUSD,BUY,2022-08-26 13:00:00+00:00,,PRE_TRADE_PROJECTED_EQUITY_BREACH
REJECTED,EURUSD,BUY,2022-08-26 14:00:00+00:00,,PRE_TRADE_PROJECTED_EQUITY_BREACH
REJECTED,GBPUSD,BUY,2022-08-26 14:00:00+00:00,,PRE_TRADE_PROJECTED_EQUITY_BREACH
REJECTED,GBPUSD,SELL,2022-08-26 19:00:00+00:00,,PRE_TRADE_PROJECTED_EQUITY_BREACH
REJECTED,GBPUSD,SELL,2022-08-26 20:00:00+00:00,,PRE_TRADE_PROJECTED_EQUITY_BREACH
REJECTED,GBPUSD,SELL,2022-08-28 22:00:00+00:00,,PRE_TRADE_PROJECTED_EQUITY_BREACH
REJECTED,GBPUSD,SELL,2022-08-28 23:00:00+00:00,,PRE_TRADE_PROJECTED_EQUITY_BREACH
REJECTED,EURUSD,SELL,2022-08-29 00:00:00+00:00,,PRE_TRADE_PROJECTED_EQUITY_BREACH
REJECTED,GBPUSD,SELL,2022-08-29 00:00:00+00:00,,PRE_TRADE_PROJECTED_EQUITY_BREACH
REJECTED,EURUSD,SELL,2022-08-29 01:00:00+00:00,,PRE_TRADE_PROJECTED_EQUITY_BREACH
REJECTED,GBPUSD,SELL,2022-08-29 01:00:00+00:00,,PRE_TRADE_PROJECTED_EQUITY_BREACH
REJECTED,GBPUSD,SELL,2022-08-29 02:00:00+00:00,,PRE_TRADE_PROJECTED_EQUITY_BREACH
REJECTED,EURUSD,SELL,2022-08-29 05:00:00+00:00,,PRE_TRADE_PROJECTED_EQUITY_BREACH
REJECTED,GBPUSD,SELL,2022-08-29 05:00:00+00:00,,PRE_TRADE_PROJECTED_EQUITY_BREACH
REJECTED,EURUSD,BUY,2022-08-29 13:00:00+00:00,,PRE_TRADE_PROJECTED_EQUITY_BREACH
REJECTED,GBPUSD,SELL,2022-08-30 15:00:00+00:00,,PRE_TRADE_PROJECTED_EQUITY_BREACH
REJECTED,EURUSD,SELL,2022-08-31 09:00:00+00:00,,PRE_TRADE_PROJECTED_EQUITY_BREACH
REJECTED,GBPUSD,SELL,2022-08-31 11:00:00+00:00,,PRE_TRADE_PROJECTED_EQUITY_BREACH
REJECTED,EURUSD,BUY,2022-08-31 15:00:00+00:00,,PRE_TRADE_PROJECTED_EQUITY_BREACH
REJECTED,EURUSD,BUY,2022-08-31 16:00:00+00:00,,PRE_TRADE_PROJECTED_EQUITY_BREACH
REJECTED,GBPUSD,SELL,2022-09-01 00:00:00+00:00,,PRE_TRADE_PROJECTED_EQUITY_BREACH
REJECTED,GBPUSD,SELL,2022-09-01 01:00:00+00:00,,PRE_TRADE_PROJECTED_EQUITY_BREACH
REJECTED,GBPUSD,SELL,2022-09-01 11:00:00+00:00,,PRE_TRADE_PROJECTED_EQUITY_BREACH
REJECTED,EURUSD,SELL,2022-09-01 13:00:00+00:00,,PRE_TRADE_PROJECTED_EQUITY_BREACH
REJECTED,EURUSD,SELL,2022-09-01 14:00:00+00:00,,PRE_TRADE_PROJECTED_EQUITY_BREACH
REJECTED,EURUSD,SELL,2022-09-01 15:00:00+00:00,,PRE_TRADE_PROJECTED_EQUITY_BREACH
REJECTED,GBPUSD,SELL,2022-09-01 15:00:00+00:00,,PRE_TRADE_PROJECTED_EQUITY_BREACH
REJECTED,EURUSD,BUY,2022-09-02 10:00:00+00:00,,PRE_TRADE_PROJECTED_EQUITY_BREACH
REJECTED,GBPUSD,SELL,2022-09-02 14:00:00+00:00,,PRE_TRADE_PROJECTED_EQUITY_BREACH
REJECTED,EURUSD,BUY,2022-09-02 16:00:00+00:00,,PRE_TRADE_PROJECTED_EQUITY_BREACH
REJECTED,GBPUSD,SELL,2022-09-02 17:00:00+00:00,,PRE_TRADE_PROJECTED_EQUITY_BREACH
REJECTED,GBPUSD,SELL,2022-09-02 18:00:00+00:00,,PRE_TRADE_PROJECTED_EQUITY_BREACH
REJECTED,EURUSD,SELL,2022-09-04 22:00:00+00:00,,PRE_TRADE_PROJECTED_EQUITY_BREACH
REJECTED,GBPUSD,SELL,2022-09-04 22:00:00+00:00,,PRE_TRADE_PROJECTED_EQUITY_BREACH
REJECTED,EURUSD,SELL,2022-09-05 06:00:00+00:00,,PRE_TRADE_PROJECTED_EQUITY_BREACH
REJECTED,GBPUSD,SELL,2022-09-05 06:00:00+00:00,,PRE_TRADE_PROJECTED_EQUITY_BREACH
REJECTED,GBPUSD,BUY,2022-09-05 23:00:00+00:00,,PRE_TRADE_PROJECTED_EQUITY_BREACH
REJECTED,EURUSD,BUY,2022-09-06 00:00:00+00:00,,PRE_TRADE_PROJECTED_EQUITY_BREACH
REJECTED,EURUSD,BUY,2022-09-06 01:00:00+00:00,,PRE_TRADE_PROJECTED_EQUITY_BREACH
REJECTED,GBPUSD,BUY,2022-09-06 01:00:00+00:00,,PRE_TRADE_PROJECTED_EQUITY_BREACH
REJECTED,GBPUSD,BUY,2022-09-06 02:00:00+00:00,,PRE_TRADE_PROJECTED_EQUITY_BREACH
REJECTED,EURUSD,SELL,2022-09-06 13:00:00+00:00,,PRE_TRADE_PROJECTED_EQUITY_BREACH
REJECTED,EURUSD,SELL,2022-09-06 14:00:00+00:00,,PRE_TRADE_PROJECTED_EQUITY_BREACH
REJECTED,GBPUSD,SELL,2022-09-07 01:00:00+00:00,,PRE_TRADE_PROJECTED_EQUITY_BREACH
REJECTED,GBPUSD,SELL,2022-09-07 03:00:00+00:00,,PRE_TRADE_PROJECTED_EQUITY_BREACH
REJECTED,GBPUSD,SELL,2022-09-07 11:00:00+00:00,,PRE_TRADE_PROJECTED_EQUITY_BREACH
REJECTED,GBPUSD,SELL,2022-09-07 12:00:00+00:00,,PRE_TRADE_PROJECTED_EQUITY_BREACH
REJECTED,GBPUSD,SELL,2022-09-07 14:00:00+00:00,,PRE_TRADE_PROJECTED_EQUITY_BREACH
REJECTED,EURUSD,BUY,2022-09-07 15:00:00+00:00,,PRE_TRADE_PROJECTED_EQUITY_BREACH
REJECTED,EURUSD,BUY,2022-09-07 17:00:00+00:00,,PRE_TRADE_PROJECTED_EQUITY_BREACH
REJECTED,EURUSD,BUY,2022-09-07 18:00:00+00:00,,PRE_TRADE_PROJECTED_EQUITY_BREACH
REJECTED,EURUSD,BUY,2022-09-07 20:00:00+00:00,,PRE_TRADE_PROJECTED_EQUITY_BREACH
REJECTED,GBPUSD,BUY,2022-09-07 20:00:00+00:00,,PRE_TRADE_PROJECTED_EQUITY_BREACH
REJECTED,GBPUSD,BUY,2022-09-07 23:00:00+00:00,,PRE_TRADE_PROJECTED_EQUITY_BREACH
REJECTED,EURUSD,BUY,2022-09-08 12:00:00+00:00,,PRE_TRADE_PROJECTED_EQUITY_BREACH
REJECTED,GBPUSD,BUY,2022-09-08 12:00:00+00:00,,PRE_TRADE_PROJECTED_EQUITY_BREACH
REJECTED,EURUSD,SELL,2022-09-08 14:00:00+00:00,,PRE_TRADE_PROJECTED_EQUITY_BREACH
REJECTED,EURUSD,BUY,2022-09-09 01:00:00+00:00,,PRE_TRADE_PROJECTED_EQUITY_BREACH
REJECTED,EURUSD,BUY,2022-09-09 02:00:00+00:00,,PRE_TRADE_PROJECTED_EQUITY_BREACH
REJECTED,EURUSD,BUY,2022-09-09 03:00:00+00:00,,PRE_TRADE_PROJECTED_EQUITY_BREACH
REJECTED,GBPUSD,BUY,2022-09-09 03:00:00+00:00,,PRE_TRADE_PROJECTED_EQUITY_BREACH
REJECTED,GBPUSD,BUY,2022-09-09 04:00:00+00:00,,PRE_TRADE_PROJECTED_EQUITY_BREACH
REJECTED,GBPUSD,BUY,2022-09-09 05:00:00+00:00,,PRE_TRADE_PROJECTED_EQUITY_BREACH
REJECTED,GBPUSD,BUY,2022-09-09 07:00:00+00:00,,PRE_TRADE_PROJECTED_EQUITY_BREACH
REJECTED,EURUSD,BUY,2022-09-09 08:00:00+00:00,,PRE_TRADE_PROJECTED_EQUITY_BREACH
REJECTED,GBPUSD,BUY,2022-09-09 08:00:00+00:00,,PRE_TRADE_PROJECTED_EQUITY_BREACH
REJECTED,EURUSD,BUY,2022-09-12 07:00:00+00:00,,PRE_TRADE_PROJECTED_EQUITY_BREACH
REJECTED,GBPUSD,BUY,2022-09-12 07:00:00+00:00,,PRE_TRADE_PROJECTED_EQUITY_BREACH
REJECTED,EURUSD,BUY,2022-09-12 08:00:00+00:00,,PRE_TRADE_PROJECTED_EQUITY_BREACH
REJECTED,GBPUSD,BUY,2022-09-12 08:00:00+00:00,,PRE_TRADE_PROJECTED_EQUITY_BREACH
REJECTED,GBPUSD,BUY,2022-09-13 07:00:00+00:00,,PRE_TRADE_PROJECTED_EQUITY_BREACH
REJECTED,EURUSD,BUY,2022-09-13 10:00:00+00:00,,PRE_TRADE_PROJECTED_EQUITY_BREACH
REJECTED,EURUSD,BUY,2022-09-13 11:00:00+00:00,,PRE_TRADE_PROJECTED_EQUITY_BREACH
REJECTED,GBPUSD,BUY,2022-09-13 12:00:00+00:00,,PRE_TRADE_PROJECTED_EQUITY_BREACH
REJECTED,EURUSD,SELL,2022-09-13 13:00:00+00:00,,PRE_TRADE_PROJECTED_EQUITY_BREACH
REJECTED,GBPUSD,SELL,2022-09-13 13:00:00+00:00,,PRE_TRADE_PROJECTED_EQUITY_BREACH
REJECTED,EURUSD,SELL,2022-09-13 16:00:00+00:00,,PRE_TRADE_PROJECTED_EQUITY_BREACH
REJECTED,GBPUSD,SELL,2022-09-13 16:00:00+00:00,,PRE_TRADE_PROJECTED_EQUITY_BREACH
REJECTED,EURUSD,SELL,2022-09-13 18:00:00+00:00,,PRE_TRADE_PROJECTED_EQUITY_BREACH
REJECTED,EURUSD,SELL,2022-09-13 19:00:00+00:00,,PRE_TRADE_PROJECTED_EQUITY_BREACH
REJECTED,GBPUSD,SELL,2022-09-13 19:00:00+00:00,,PRE_TRADE_PROJECTED_EQUITY_BREACH
REJECTED,EURUSD,SELL,2022-09-13 20:00:00+00:00,,PRE_TRADE_PROJECTED_EQUITY_BREACH
REJECTED,GBPUSD,SELL,2022-09-13 20:00:00+00:00,,PRE_TRADE_PROJECTED_EQUITY_BREACH
REJECTED,EURUSD,SELL,2022-09-13 21:00:00+00:00,,PRE_TRADE_PROJECTED_EQUITY_BREACH
REJECTED,GBPUSD,SELL,2022-09-13 21:00:00+00:00,,PRE_TRADE_PROJECTED_EQUITY_BREACH
REJECTED,EURUSD,SELL,2022-09-13 22:00:00+00:00,,PRE_TRADE_PROJECTED_EQUITY_BREACH
REJECTED,GBPUSD,BUY,2022-09-14 15:00:00+00:00,,PRE_TRADE_PROJECTED_EQUITY_BREACH
REJECTED,EURUSD,SELL,2022-09-15 05:00:00+00:00,,PRE_TRADE_PROJECTED_EQUITY_BREACH
REJECTED,EURUSD,SELL,2022-09-15 06:00:00+00:00,,PRE_TRADE_PROJECTED_EQUITY_BREACH
REJECTED,GBPUSD,SELL,2022-09-15 06:00:00+00:00,,PRE_TRADE_PROJECTED_EQUITY_BREACH
REJECTED,GBPUSD,SELL,2022-09-15 16:00:00+00:00,,PRE_TRADE_PROJECTED_EQUITY_BREACH
REJECTED,GBPUSD,SELL,2022-09-16 00:00:00+00:00,,PRE_TRADE_PROJECTED_EQUITY_BREACH
REJECTED,GBPUSD,SELL,2022-09-16 07:00:00+00:00,,PRE_TRADE_PROJECTED_EQUITY_BREACH
REJECTED,EURUSD,SELL,2022-09-16 08:00:00+00:00,,PRE_TRADE_PROJECTED_EQUITY_BREACH
REJECTED,GBPUSD,SELL,2022-09-16 08:00:00+00:00,,PRE_TRADE_PROJECTED_EQUITY_BREACH
REJECTED,EURUSD,BUY,2022-09-16 15:00:00+00:00,,PRE_TRADE_PROJECTED_EQUITY_BREACH
REJECTED,GBPUSD,SELL,2022-09-19 09:00:00+00:00,,PRE_TRADE_PROJECTED_EQUITY_BREACH
REJECTED,GBPUSD,SELL,2022-09-19 10:00:00+00:00,,PRE_TRADE_PROJECTED_EQUITY_BREACH
REJECTED,GBPUSD,BUY,2022-09-20 00:00:00+00:00,,PRE_TRADE_PROJECTED_EQUITY_BREACH
REJECTED,EURUSD,BUY,2022-09-20 01:00:00+00:00,,PRE_TRADE_PROJECTED_EQUITY_BREACH
REJECTED,EURUSD,SELL,2022-09-20 12:00:00+00:00,,PRE_TRADE_PROJECTED_EQUITY_BREACH
REJECTED,EURUSD,SELL,2022-09-20 13:00:00+00:00,,PRE_TRADE_PROJECTED_EQUITY_BREACH
REJECTED,GBPUSD,SELL,2022-09-20 14:00:00+00:00,,PRE_TRADE_PROJECTED_EQUITY_BREACH
REJECTED,GBPUSD,SELL,2022-09-20 18:00:00+00:00,,PRE_TRADE_PROJECTED_EQUITY_BREACH
REJECTED,EURUSD,SELL,2022-09-21 06:00:00+00:00,,PRE_TRADE_PROJECTED_EQUITY_BREACH
REJECTED,EURUSD,SELL,2022-09-21 07:00:00+00:00,,PRE_TRADE_PROJECTED_EQUITY_BREACH
REJECTED,GBPUSD,SELL,2022-09-21 07:00:00+00:00,,PRE_TRADE_PROJECTED_EQUITY_BREACH
REJECTED,EURUSD,SELL,2022-09-21 15:00:00+00:00,,PRE_TRADE_PROJECTED_EQUITY_BREACH
REJECTED,GBPUSD,SELL,2022-09-22 01:00:00+00:00,,PRE_TRADE_PROJECTED_EQUITY_BREACH
REJECTED,GBPUSD,SELL,2022-09-22 07:00:00+00:00,,PRE_TRADE_PROJECTED_EQUITY_BREACH
REJECTED,GBPUSD,SELL,2022-09-23 07:00:00+00:00,,PRE_TRADE_PROJECTED_EQUITY_BREACH
REJECTED,EURUSD,SELL,2022-09-23 08:00:00+00:00,,PRE_TRADE_PROJECTED_EQUITY_BREACH
REJECTED,GBPUSD,SELL,2022-09-23 08:00:00+00:00,,PRE_TRADE_PROJECTED_EQUITY_BREACH
REJECTED,EURUSD,SELL,2022-09-23 09:00:00+00:00,,PRE_TRADE_PROJECTED_EQUITY_BREACH
REJECTED,GBPUSD,SELL,2022-09-23 10:00:00+00:00,,PRE_TRADE_PROJECTED_EQUITY_BREACH
REJECTED,GBPUSD,SELL,2022-09-23 11:00:00+00:00,,PRE_TRADE_PROJECTED_EQUITY_BREACH
REJECTED,EURUSD,SELL,2022-09-23 14:00:00+00:00,,PRE_TRADE_PROJECTED_EQUITY_BREACH
REJECTED,GBPUSD,SELL,2022-09-23 14:00:00+00:00,,PRE_TRADE_PROJECTED_EQUITY_BREACH
REJECTED,EURUSD,SELL,2022-09-23 15:00:00+00:00,,PRE_TRADE_PROJECTED_EQUITY_BREACH
REJECTED,GBPUSD,SELL,2022-09-23 15:00:00+00:00,,PRE_TRADE_PROJECTED_EQUITY_BREACH
REJECTED,GBPUSD,SELL,2022-09-23 17:00:00+00:00,,PRE_TRADE_PROJECTED_EQUITY_BREACH
REJECTED,EURUSD,SELL,2022-09-23 18:00:00+00:00,,PRE_TRADE_PROJECTED_EQUITY_BREACH
REJECTED,EURUSD,SELL,2022-09-23 19:00:00+00:00,,PRE_TRADE_PROJECTED_EQUITY_BREACH
REJECTED,GBPUSD,SELL,2022-09-23 19:00:00+00:00,,PRE_TRADE_PROJECTED_EQUITY_BREACH
REJECTED,GBPUSD,SELL,2022-09-25 22:00:00+00:00,,PRE_TRADE_PROJECTED_EQUITY_BREACH
REJECTED,EURUSD,SELL,2022-09-26 01:00:00+00:00,,PRE_TRADE_PROJECTED_EQUITY_BREACH
REJECTED,GBPUSD,SELL,2022-09-26 01:00:00+00:00,,PRE_TRADE_PROJECTED_EQUITY_BREACH
REJECTED,EURUSD,SELL,2022-09-27 17:00:00+00:00,,PRE_TRADE_PROJECTED_EQUITY_BREACH
REJECTED,EURUSD,SELL,2022-09-28 02:00:00+00:00,,PRE_TRADE_PROJECTED_EQUITY_BREACH
REJECTED,EURUSD,SELL,2022-09-28 03:00:00+00:00,,PRE_TRADE_PROJECTED_EQUITY_BREACH
REJECTED,GBPUSD,SELL,2022-09-28 03:00:00+00:00,,PRE_TRADE_PROJECTED_EQUITY_BREACH
REJECTED,EURUSD,SELL,2022-09-28 07:00:00+00:00,,PRE_TRADE_PROJECTED_EQUITY_BREACH
REJECTED,GBPUSD,SELL,2022-09-28 12:00:00+00:00,,PRE_TRADE_PROJECTED_EQUITY_BREACH
REJECTED,EURUSD,BUY,2022-09-28 14:00:00+00:00,,PRE_TRADE_PROJECTED_EQUITY_BREACH
REJECTED,EURUSD,BUY,2022-09-28 16:00:00+00:00,,PRE_TRADE_PROJECTED_EQUITY_BREACH
REJECTED,EURUSD,BUY,2022-09-28 17:00:00+00:00,,PRE_TRADE_PROJECTED_EQUITY_BREACH
REJECTED,GBPUSD,BUY,2022-09-28 17:00:00+00:00,,PRE_TRADE_PROJECTED_EQUITY_BREACH
REJECTED,EURUSD,BUY,2022-09-28 18:00:00+00:00,,PRE_TRADE_PROJECTED_EQUITY_BREACH
REJECTED,GBPUSD,BUY,2022-09-28 18:00:00+00:00,,PRE_TRADE_PROJECTED_EQUITY_BREACH
REJECTED,GBPUSD,BUY,2022-09-29 14:00:00+00:00,,PRE_TRADE_PROJECTED_EQUITY_BREACH
REJECTED,EURUSD,BUY,2022-09-29 15:00:00+00:00,,PRE_TRADE_PROJECTED_EQUITY_BREACH
REJECTED,GBPUSD,BUY,2022-09-29 15:00:00+00:00,,PRE_TRADE_PROJECTED_EQUITY_BREACH
REJECTED,EURUSD,BUY,2022-09-29 16:00:00+00:00,,PRE_TRADE_PROJECTED_EQUITY_BREACH
REJECTED,GBPUSD,BUY,2022-09-29 16:00:00+00:00,,PRE_TRADE_PROJECTED_EQUITY_BREACH
REJECTED,EURUSD,BUY,2022-09-29 20:00:00+00:00,,PRE_TRADE_PROJECTED_EQUITY_BREACH
REJECTED,EURUSD,BUY,2022-09-29 21:00:00+00:00,,PRE_TRADE_PROJECTED_EQUITY_BREACH
REJECTED,GBPUSD,BUY,2022-09-29 21:00:00+00:00,,PRE_TRADE_PROJECTED_EQUITY_BREACH
REJECTED,EURUSD,BUY,2022-09-29 22:00:00+00:00,,PRE_TRADE_PROJECTED_EQUITY_BREACH
REJECTED,GBPUSD,BUY,2022-09-29 22:00:00+00:00,,PRE_TRADE_PROJECTED_EQUITY_BREACH
REJECTED,GBPUSD,BUY,2022-09-29 23:00:00+00:00,,PRE_TRADE_PROJECTED_EQUITY_BREACH
REJECTED,GBPUSD,BUY,2022-09-30 09:00:00+00:00,,PRE_TRADE_PROJECTED_EQUITY_BREACH
REJECTED,EURUSD,SELL,2022-09-30 12:00:00+00:00,,PRE_TRADE_PROJECTED_EQUITY_BREACH
REJECTED,GBPUSD,BUY,2022-10-03 06:00:00+00:00,,PRE_TRADE_PROJECTED_EQUITY_BREACH
REJECTED,GBPUSD,BUY,2022-10-04 00:00:00+00:00,,PRE_TRADE_PROJECTED_EQUITY_BREACH
REJECTED,GBPUSD,BUY,2022-10-04 06:00:00+00:00,,PRE_TRADE_PROJECTED_EQUITY_BREACH
REJECTED,EURUSD,BUY,2022-10-04 07:00:00+00:00,,PRE_TRADE_PROJECTED_EQUITY_BREACH
REJECTED,GBPUSD,BUY,2022-10-04 07:00:00+00:00,,PRE_TRADE_PROJECTED_EQUITY_BREACH
REJECTED,EURUSD,BUY,2022-10-04 08:00:00+00:00,,PRE_TRADE_PROJECTED_EQUITY_BREACH
REJECTED,GBPUSD,BUY,2022-10-04 08:00:00+00:00,,PRE_TRADE_PROJECTED_EQUITY_BREACH
REJECTED,EURUSD,BUY,2022-10-04 13:00:00+00:00,,PRE_TRADE_PROJECTED_EQUITY_BREACH
REJECTED,EURUSD,BUY,2022-10-04 15:00:00+00:00,,PRE_TRADE_PROJECTED_EQUITY_BREACH
REJECTED,EURUSD,BUY,2022-10-04 16:00:00+00:00,,PRE_TRADE_PROJECTED_EQUITY_BREACH
REJECTED,GBPUSD,BUY,2022-10-04 16:00:00+00:00,,PRE_TRADE_PROJECTED_EQUITY_BREACH
REJECTED,GBPUSD,BUY,2022-10-04 17:00:00+00:00,,PRE_TRADE_PROJECTED_EQUITY_BREACH
REJECTED,EURUSD,BUY,2022-10-04 19:00:00+00:00,,PRE_TRADE_PROJECTED_EQUITY_BREACH
REJECTED,EURUSD,SELL,2022-10-05 12:00:00+00:00,,PRE_TRADE_PROJECTED_EQUITY_BREACH
REJECTED,GBPUSD,SELL,2022-10-05 12:00:00+00:00,,PRE_TRADE_PROJECTED_EQUITY_BREACH
REJECTED,GBPUSD,SELL,2022-10-05 13:00:00+00:00,,PRE_TRADE_PROJECTED_EQUITY_BREACH
REJECTED,EURUSD,SELL,2022-10-05 14:00:00+00:00,,PRE_TRADE_PROJECTED_EQUITY_BREACH
REJECTED,GBPUSD,SELL,2022-10-05 14:00:00+00:00,,PRE_TRADE_PROJECTED_EQUITY_BREACH
REJECTED,EURUSD,SELL,2022-10-05 15:00:00+00:00,,PRE_TRADE_PROJECTED_EQUITY_BREACH
REJECTED,GBPUSD,SELL,2022-10-05 15:00:00+00:00,,PRE_TRADE_PROJECTED_EQUITY_BREACH
REJECTED,EURUSD,SELL,2022-10-06 14:00:00+00:00,,PRE_TRADE_PROJECTED_EQUITY_BREACH
REJECTED,GBPUSD,SELL,2022-10-06 14:00:00+00:00,,PRE_TRADE_PROJECTED_EQUITY_BREACH
REJECTED,GBPUSD,SELL,2022-10-06 15:00:00+00:00,,PRE_TRADE_PROJECTED_EQUITY_BREACH
REJECTED,EURUSD,SELL,2022-10-06 16:00:00+00:00,,PRE_TRADE_PROJECTED_EQUITY_BREACH
REJECTED,GBPUSD,SELL,2022-10-06 16:00:00+00:00,,PRE_TRADE_PROJECTED_EQUITY_BREACH
REJECTED,EURUSD,SELL,2022-10-06 17:00:00+00:00,,PRE_TRADE_PROJECTED_EQUITY_BREACH
REJECTED,EURUSD,SELL,2022-10-07 07:00:00+00:00,,PRE_TRADE_PROJECTED_EQUITY_BREACH
REJECTED,EURUSD,SELL,2022-10-07 13:00:00+00:00,,PRE_TRADE_PROJECTED_EQUITY_BREACH
REJECTED,GBPUSD,SELL,2022-10-07 19:00:00+00:00,,PRE_TRADE_PROJECTED_EQUITY_BREACH
REJECTED,EURUSD,SELL,2022-10-10 06:00:00+00:00,,PRE_TRADE_PROJECTED_EQUITY_BREACH
REJECTED,EURUSD,SELL,2022-10-10 08:00:00+00:00,,PRE_TRADE_PROJECTED_EQUITY_BREACH
REJECTED,EURUSD,SELL,2022-10-10 09:00:00+00:00,,PRE_TRADE_PROJECTED_EQUITY_BREACH
REJECTED,GBPUSD,SELL,2022-10-10 09:00:00+00:00,,PRE_TRADE_PROJECTED_EQUITY_BREACH
REJECTED,EURUSD,SELL,2022-10-11 05:00:00+00:00,,PRE_TRADE_PROJECTED_EQUITY_BREACH
REJECTED,GBPUSD,SELL,2022-10-11 07:00:00+00:00,,PRE_TRADE_PROJECTED_EQUITY_BREACH
REJECTED,EURUSD,BUY,2022-10-11 16:00:00+00:00,,PRE_TRADE_PROJECTED_EQUITY_BREACH
REJECTED,GBPUSD,BUY,2022-10-11 16:00:00+00:00,,PRE_TRADE_PROJECTED_EQUITY_BREACH
REJECTED,EURUSD,BUY,2022-10-11 17:00:00+00:00,,PRE_TRADE_PROJECTED_EQUITY_BREACH
REJECTED,GBPUSD,SELL,2022-10-11 20:00:00+00:00,,PRE_TRADE_PROJECTED_EQUITY_BREACH
REJECTED,GBPUSD,SELL,2022-10-11 21:00:00+00:00,,PRE_TRADE_PROJECTED_EQUITY_BREACH
REJECTED,EURUSD,BUY,2022-10-13 10:00:00+00:00,,PRE_TRADE_PROJECTED_EQUITY_BREACH
REJECTED,GBPUSD,BUY,2022-10-13 10:00:00+00:00,,PRE_TRADE_PROJECTED_EQUITY_BREACH
REJECTED,EURUSD,BUY,2022-10-13 12:00:00+00:00,,PRE_TRADE_PROJECTED_EQUITY_BREACH
REJECTED,GBPUSD,BUY,2022-10-13 12:00:00+00:00,,PRE_TRADE_PROJECTED_EQUITY_BREACH
REJECTED,EURUSD,SELL,2022-10-13 13:00:00+00:00,,PRE_TRADE_PROJECTED_EQUITY_BREACH
REJECTED,EURUSD,BUY,2022-10-13 16:00:00+00:00,,PRE_TRADE_PROJECTED_EQUITY_BREACH
REJECTED,GBPUSD,BUY,2022-10-13 16:00:00+00:00,,PRE_TRADE_PROJECTED_EQUITY_BREACH
REJECTED,GBPUSD,SELL,2022-10-14 12:00:00+00:00,,PRE_TRADE_PROJECTED_EQUITY_BREACH
REJECTED,EURUSD,BUY,2022-10-17 13:00:00+00:00,,PRE_TRADE_PROJECTED_EQUITY_BREACH
REJECTED,GBPUSD,BUY,2022-10-17 13:00:00+00:00,,PRE_TRADE_PROJECTED_EQUITY_BREACH
REJECTED,EURUSD,BUY,2022-10-17 15:00:00+00:00,,PRE_TRADE_PROJECTED_EQUITY_BREACH
REJECTED,GBPUSD,BUY,2022-10-17 15:00:00+00:00,,PRE_TRADE_PROJECTED_EQUITY_BREACH
REJECTED,EURUSD,BUY,2022-10-17 16:00:00+00:00,,PRE_TRADE_PROJECTED_EQUITY_BREACH
REJECTED,EURUSD,BUY,2022-10-18 05:00:00+00:00,,PRE_TRADE_PROJECTED_EQUITY_BREACH
REJECTED,GBPUSD,SELL,2022-10-18 10:00:00+00:00,,PRE_TRADE_PROJECTED_EQUITY_BREACH
REJECTED,GBPUSD,SELL,2022-10-18 11:00:00+00:00,,PRE_TRADE_PROJECTED_EQUITY_BREACH
REJECTED,EURUSD,SELL,2022-10-19 11:00:00+00:00,,PRE_TRADE_PROJECTED_EQUITY_BREACH
REJECTED,GBPUSD,SELL,2022-10-19 17:00:00+00:00,,PRE_TRADE_PROJECTED_EQUITY_BREACH
REJECTED,GBPUSD,SELL,2022-10-20 09:00:00+00:00,,PRE_TRADE_PROJECTED_EQUITY_BREACH
REJECTED,EURUSD,BUY,2022-10-20 11:00:00+00:00,,PRE_TRADE_PROJECTED_EQUITY_BREACH
REJECTED,EURUSD,BUY,2022-10-20 12:00:00+00:00,,PRE_TRADE_PROJECTED_EQUITY_BREACH
REJECTED,EURUSD,BUY,2022-10-20 15:00:00+00:00,,PRE_TRADE_PROJECTED_EQUITY_BREACH
REJECTED,GBPUSD,BUY,2022-10-20 15:00:00+00:00,,PRE_TRADE_PROJECTED_EQUITY_BREACH
REJECTED,EURUSD,SELL,2022-10-21 09:00:00+00:00,,PRE_TRADE_PROJECTED_EQUITY_BREACH
REJECTED,GBPUSD,SELL,2022-10-21 09:00:00+00:00,,PRE_TRADE_PROJECTED_EQUITY_BREACH
REJECTED,EURUSD,SELL,2022-10-21 10:00:00+00:00,,PRE_TRADE_PROJECTED_EQUITY_BREACH
REJECTED,GBPUSD,SELL,2022-10-21 10:00:00+00:00,,PRE_TRADE_PROJECTED_EQUITY_BREACH
REJECTED,EURUSD,BUY,2022-10-21 16:00:00+00:00,,PRE_TRADE_PROJECTED_EQUITY_BREACH
REJECTED,GBPUSD,BUY,2022-10-21 16:00:00+00:00,,PRE_TRADE_PROJECTED_EQUITY_BREACH
REJECTED,GBPUSD,BUY,2022-10-21 20:00:00+00:00,,PRE_TRADE_PROJECTED_EQUITY_BREACH
REJECTED,EURUSD,BUY,2022-10-23 22:00:00+00:00,,PRE_TRADE_PROJECTED_EQUITY_BREACH
REJECTED,GBPUSD,BUY,2022-10-23 22:00:00+00:00,,PRE_TRADE_PROJECTED_EQUITY_BREACH
REJECTED,EURUSD,BUY,2022-10-25 01:00:00+00:00,,PRE_TRADE_PROJECTED_EQUITY_BREACH
REJECTED,GBPUSD,BUY,2022-10-25 13:00:00+00:00,,PRE_TRADE_PROJECTED_EQUITY_BREACH
REJECTED,EURUSD,BUY,2022-10-25 14:00:00+00:00,,PRE_TRADE_PROJECTED_EQUITY_BREACH
REJECTED,GBPUSD,BUY,2022-10-25 14:00:00+00:00,,PRE_TRADE_PROJECTED_EQUITY_BREACH
REJECTED,EURUSD,BUY,2022-10-26 07:00:00+00:00,,PRE_TRADE_PROJECTED_EQUITY_BREACH
REJECTED,EURUSD,BUY,2022-10-26 08:00:00+00:00,,PRE_TRADE_PROJECTED_EQUITY_BREACH
REJECTED,GBPUSD,BUY,2022-10-26 08:00:00+00:00,,PRE_TRADE_PROJECTED_EQUITY_BREACH
REJECTED,EURUSD,BUY,2022-10-26 09:00:00+00:00,,PRE_TRADE_PROJECTED_EQUITY_BREACH
REJECTED,GBPUSD,BUY,2022-10-26 09:00:00+00:00,,PRE_TRADE_PROJECTED_EQUITY_BREACH
REJECTED,EURUSD,BUY,2022-10-26 15:00:00+00:00,,PRE_TRADE_PROJECTED_EQUITY_BREACH
REJECTED,EURUSD,BUY,2022-10-26 16:00:00+00:00,,PRE_TRADE_PROJECTED_EQUITY_BREACH
REJECTED,EURUSD,BUY,2022-10-27 00:00:00+00:00,,PRE_TRADE_PROJECTED_EQUITY_BREACH
REJECTED,GBPUSD,BUY,2022-10-27 00:00:00+00:00,,PRE_TRADE_PROJECTED_EQUITY_BREACH
REJECTED,EURUSD,SELL,2022-10-27 13:00:00+00:00,,PRE_TRADE_PROJECTED_EQUITY_BREACH
REJECTED,EURUSD,SELL,2022-10-27 19:00:00+00:00,,PRE_TRADE_PROJECTED_EQUITY_BREACH
REJECTED,GBPUSD,SELL,2022-10-28 07:00:00+00:00,,PRE_TRADE_PROJECTED_EQUITY_BREACH
REJECTED,EURUSD,SELL,2022-10-28 08:00:00+00:00,,PRE_TRADE_PROJECTED_EQUITY_BREACH
REJECTED,GBPUSD,SELL,2022-10-28 08:00:00+00:00,,PRE_TRADE_PROJECTED_EQUITY_BREACH
REJECTED,GBPUSD,BUY,2022-10-28 19:00:00+00:00,,PRE_TRADE_PROJECTED_EQUITY_BREACH
REJECTED,GBPUSD,BUY,2022-10-28 20:00:00+00:00,,PRE_TRADE_PROJECTED_EQUITY_BREACH
REJECTED,EURUSD,SELL,2022-10-31 08:00:00+00:00,,PRE_TRADE_PROJECTED_EQUITY_BREACH
REJECTED,EURUSD,SELL,2022-10-31 12:00:00+00:00,,PRE_TRADE_PROJECTED_EQUITY_BREACH
REJECTED,GBPUSD,SELL,2022-10-31 12:00:00+00:00,,PRE_TRADE_PROJECTED_EQUITY_BREACH
REJECTED,EURUSD,SELL,2022-10-31 13:00:00+00:00,,PRE_TRADE_PROJECTED_EQUITY_BREACH
REJECTED,GBPUSD,SELL,2022-10-31 13:00:00+00:00,,PRE_TRADE_PROJECTED_EQUITY_BREACH
REJECTED,GBPUSD,SELL,2022-10-31 17:00:00+00:00,,PRE_TRADE_PROJECTED_EQUITY_BREACH
REJECTED,EURUSD,SELL,2022-11-01 14:00:00+00:00,,PRE_TRADE_PROJECTED_EQUITY_BREACH
REJECTED,GBPUSD,SELL,2022-11-02 15:00:00+00:00,,PRE_TRADE_PROJECTED_EQUITY_BREACH
REJECTED,EURUSD,SELL,2022-11-02 19:00:00+00:00,,PRE_TRADE_PROJECTED_EQUITY_BREACH
REJECTED,GBPUSD,SELL,2022-11-02 19:00:00+00:00,,PRE_TRADE_PROJECTED_EQUITY_BREACH
REJECTED,EURUSD,SELL,2022-11-02 20:00:00+00:00,,PRE_TRADE_PROJECTED_EQUITY_BREACH
REJECTED,GBPUSD,SELL,2022-11-02 20:00:00+00:00,,PRE_TRADE_PROJECTED_EQUITY_BREACH
REJECTED,GBPUSD,SELL,2022-11-02 23:00:00+00:00,,PRE_TRADE_PROJECTED_EQUITY_BREACH
REJECTED,EURUSD,SELL,2022-11-03 07:00:00+00:00,,PRE_TRADE_PROJECTED_EQUITY_BREACH
REJECTED,GBPUSD,SELL,2022-11-03 07:00:00+00:00,,PRE_TRADE_PROJECTED_EQUITY_BREACH
REJECTED,EURUSD,SELL,2022-11-03 08:00:00+00:00,,PRE_TRADE_PROJECTED_EQUITY_BREACH
REJECTED,GBPUSD,SELL,2022-11-03 08:00:00+00:00,,PRE_TRADE_PROJECTED_EQUITY_BREACH
REJECTED,EURUSD,SELL,2022-11-03 09:00:00+00:00,,PRE_TRADE_PROJECTED_EQUITY_BREACH
REJECTED,EURUSD,SELL,2022-11-03 10:00:00+00:00,,PRE_TRADE_PROJECTED_EQUITY_BREACH
REJECTED,GBPUSD,SELL,2022-11-03 12:00:00+00:00,,PRE_TRADE_PROJECTED_EQUITY_BREACH
REJECTED,EURUSD,BUY,2022-11-04 11:00:00+00:00,,PRE_TRADE_PROJECTED_EQUITY_BREACH
REJECTED,EURUSD,BUY,2022-11-04 12:00:00+00:00,,PRE_TRADE_PROJECTED_EQUITY_BREACH
REJECTED,GBPUSD,BUY,2022-11-04 12:00:00+00:00,,PRE_TRADE_PROJECTED_EQUITY_BREACH
REJECTED,EURUSD,BUY,2022-11-04 13:00:00+00:00,,PRE_TRADE_PROJECTED_EQUITY_BREACH
REJECTED,EURUSD,BUY,2022-11-04 14:00:00+00:00,,PRE_TRADE_PROJECTED_EQUITY_BREACH
REJECTED,GBPUSD,BUY,2022-11-04 14:00:00+00:00,,PRE_TRADE_PROJECTED_EQUITY_BREACH
REJECTED,EURUSD,BUY,2022-11-04 18:00:00+00:00,,PRE_TRADE_PROJECTED_EQUITY_BREACH
REJECTED,GBPUSD,BUY,2022-11-04 18:00:00+00:00,,PRE_TRADE_PROJECTED_EQUITY_BREACH
REJECTED,EURUSD,BUY,2022-11-04 19:00:00+00:00,,PRE_TRADE_PROJECTED_EQUITY_BREACH
REJECTED,GBPUSD,BUY,2022-11-04 19:00:00+00:00,,PRE_TRADE_PROJECTED_EQUITY_BREACH
REJECTED,EURUSD,BUY,2022-11-07 08:00:00+00:00,,PRE_TRADE_PROJECTED_EQUITY_BREACH
REJECTED,GBPUSD,BUY,2022-11-07 08:00:00+00:00,,PRE_TRADE_PROJECTED_EQUITY_BREACH
REJECTED,GBPUSD,BUY,2022-11-07 09:00:00+00:00,,PRE_TRADE_PROJECTED_EQUITY_BREACH
REJECTED,EURUSD,BUY,2022-11-07 17:00:00+00:00,,PRE_TRADE_PROJECTED_EQUITY_BREACH
REJECTED,GBPUSD,BUY,2022-11-07 17:00:00+00:00,,PRE_TRADE_PROJECTED_EQUITY_BREACH
REJECTED,EURUSD,BUY,2022-11-07 18:00:00+00:00,,PRE_TRADE_PROJECTED_EQUITY_BREACH
REJECTED,GBPUSD,BUY,2022-11-07 18:00:00+00:00,,PRE_TRADE_PROJECTED_EQUITY_BREACH
REJECTED,GBPUSD,SELL,2022-11-08 12:00:00+00:00,,PRE_TRADE_PROJECTED_EQUITY_BREACH
REJECTED,EURUSD,BUY,2022-11-08 15:00:00+00:00,,PRE_TRADE_PROJECTED_EQUITY_BREACH
REJECTED,GBPUSD,BUY,2022-11-08 15:00:00+00:00,,PRE_TRADE_PROJECTED_EQUITY_BREACH
REJECTED,EURUSD,BUY,2022-11-08 16:00:00+00:00,,PRE_TRADE_PROJECTED_EQUITY_BREACH
REJECTED,GBPUSD,BUY,2022-11-08 16:00:00+00:00,,PRE_TRADE_PROJECTED_EQUITY_BREACH
REJECTED,GBPUSD,SELL,2022-11-09 10:00:00+00:00,,PRE_TRADE_PROJECTED_EQUITY_BREACH
REJECTED,EURUSD,SELL,2022-11-09 13:00:00+00:00,,PRE_TRADE_PROJECTED_EQUITY_BREACH
REJECTED,GBPUSD,SELL,2022-11-09 13:00:00+00:00,,PRE_TRADE_PROJECTED_EQUITY_BREACH
REJECTED,EURUSD,SELL,2022-11-09 14:00:00+00:00,,PRE_TRADE_PROJECTED_EQUITY_BREACH
REJECTED,GBPUSD,SELL,2022-11-09 14:00:00+00:00,,PRE_TRADE_PROJECTED_EQUITY_BREACH
REJECTED,GBPUSD,SELL,2022-11-09 15:00:00+00:00,,PRE_TRADE_PROJECTED_EQUITY_BREACH
REJECTED,GBPUSD,SELL,2022-11-09 18:00:00+00:00,,PRE_TRADE_PROJECTED_EQUITY_BREACH
REJECTED,EURUSD,SELL,2022-11-09 19:00:00+00:00,,PRE_TRADE_PROJECTED_EQUITY_BREACH
REJECTED,EURUSD,SELL,2022-11-10 08:00:00+00:00,,PRE_TRADE_PROJECTED_EQUITY_BREACH
REJECTED,EURUSD,SELL,2022-11-10 09:00:00+00:00,,PRE_TRADE_PROJECTED_EQUITY_BREACH
REJECTED,EURUSD,SELL,2022-11-10 10:00:00+00:00,,PRE_TRADE_PROJECTED_EQUITY_BREACH
REJECTED,EURUSD,BUY,2022-11-10 13:00:00+00:00,,PRE_TRADE_PROJECTED_EQUITY_BREACH
REJECTED,GBPUSD,BUY,2022-11-10 13:00:00+00:00,,PRE_TRADE_PROJECTED_EQUITY_BREACH
REJECTED,EURUSD,BUY,2022-11-10 14:00:00+00:00,,PRE_TRADE_PROJECTED_EQUITY_BREACH
REJECTED,GBPUSD,BUY,2022-11-10 14:00:00+00:00,,PRE_TRADE_PROJECTED_EQUITY_BREACH
REJECTED,EURUSD,BUY,2022-11-10 15:00:00+00:00,,PRE_TRADE_PROJECTED_EQUITY_BREACH
REJECTED,GBPUSD,BUY,2022-11-10 15:00:00+00:00,,PRE_TRADE_PROJECTED_EQUITY_BREACH
REJECTED,GBPUSD,BUY,2022-11-10 19:00:00+00:00,,PRE_TRADE_PROJECTED_EQUITY_BREACH
REJECTED,EURUSD,BUY,2022-11-10 20:00:00+00:00,,PRE_TRADE_PROJECTED_EQUITY_BREACH
REJECTED,GBPUSD,BUY,2022-11-10 20:00:00+00:00,,PRE_TRADE_PROJECTED_EQUITY_BREACH
REJECTED,EURUSD,BUY,2022-11-10 21:00:00+00:00,,PRE_TRADE_PROJECTED_EQUITY_BREACH
REJECTED,EURUSD,BUY,2022-11-11 07:00:00+00:00,,PRE_TRADE_PROJECTED_EQUITY_BREACH
REJECTED,GBPUSD,BUY,2022-11-11 07:00:00+00:00,,PRE_TRADE_PROJECTED_EQUITY_BREACH
REJECTED,EURUSD,BUY,2022-11-11 08:00:00+00:00,,PRE_TRADE_PROJECTED_EQUITY_BREACH
REJECTED,GBPUSD,BUY,2022-11-11 08:00:00+00:00,,PRE_TRADE_PROJECTED_EQUITY_BREACH
REJECTED,EURUSD,BUY,2022-11-11 11:00:00+00:00,,PRE_TRADE_PROJECTED_EQUITY_BREACH
REJECTED,EURUSD,BUY,2022-11-11 12:00:00+00:00,,PRE_TRADE_PROJECTED_EQUITY_BREACH
REJECTED,GBPUSD,BUY,2022-11-11 12:00:00+00:00,,PRE_TRADE_PROJECTED_EQUITY_BREACH
REJECTED,EURUSD,BUY,2022-11-11 15:00:00+00:00,,PRE_TRADE_PROJECTED_EQUITY_BREACH
REJECTED,EURUSD,BUY,2022-11-11 16:00:00+00:00,,PRE_TRADE_PROJECTED_EQUITY_BREACH
REJECTED,EURUSD,BUY,2022-11-11 17:00:00+00:00,,PRE_TRADE_PROJECTED_EQUITY_BREACH
REJECTED,EURUSD,BUY,2022-11-11 18:00:00+00:00,,PRE_TRADE_PROJECTED_EQUITY_BREACH
REJECTED,GBPUSD,BUY,2022-11-11 18:00:00+00:00,,PRE_TRADE_PROJECTED_EQUITY_BREACH
REJECTED,EURUSD,BUY,2022-11-11 19:00:00+00:00,,PRE_TRADE_PROJECTED_EQUITY_BREACH
REJECTED,GBPUSD,BUY,2022-11-11 19:00:00+00:00,,PRE_TRADE_PROJECTED_EQUITY_BREACH
REJECTED,GBPUSD,SELL,2022-11-14 14:00:00+00:00,,PRE_TRADE_PROJECTED_EQUITY_BREACH
REJECTED,EURUSD,BUY,2022-11-14 18:00:00+00:00,,PRE_TRADE_PROJECTED_EQUITY_BREACH
REJECTED,EURUSD,BUY,2022-11-15 07:00:00+00:00,,PRE_TRADE_PROJECTED_EQUITY_BREACH
REJECTED,GBPUSD,BUY,2022-11-15 07:00:00+00:00,,PRE_TRADE_PROJECTED_EQUITY_BREACH
REJECTED,GBPUSD,BUY,2022-11-15 08:00:00+00:00,,PRE_TRADE_PROJECTED_EQUITY_BREACH
REJECTED,EURUSD,BUY,2022-11-15 10:00:00+00:00,,PRE_TRADE_PROJECTED_EQUITY_BREACH
REJECTED,GBPUSD,BUY,2022-11-15 10:00:00+00:00,,PRE_TRADE_PROJECTED_EQUITY_BREACH
REJECTED,GBPUSD,BUY,2022-11-15 11:00:00+00:00,,PRE_TRADE_PROJECTED_EQUITY_BREACH
REJECTED,GBPUSD,BUY,2022-11-15 12:00:00+00:00,,PRE_TRADE_PROJECTED_EQUITY_BREACH
REJECTED,EURUSD,BUY,2022-11-15 13:00:00+00:00,,PRE_TRADE_PROJECTED_EQUITY_BREACH
REJECTED,GBPUSD,BUY,2022-11-15 13:00:00+00:00,,PRE_TRADE_PROJECTED_EQUITY_BREACH
REJECTED,EURUSD,SELL,2022-11-15 18:00:00+00:00,,PRE_TRADE_PROJECTED_EQUITY_BREACH
REJECTED,GBPUSD,BUY,2022-11-17 07:00:00+00:00,,PRE_TRADE_PROJECTED_EQUITY_BREACH
REJECTED,EURUSD,SELL,2022-11-17 10:00:00+00:00,,PRE_TRADE_PROJECTED_EQUITY_BREACH
REJECTED,EURUSD,SELL,2022-11-17 13:00:00+00:00,,PRE_TRADE_PROJECTED_EQUITY_BREACH
REJECTED,GBPUSD,SELL,2022-11-17 13:00:00+00:00,,PRE_TRADE_PROJECTED_EQUITY_BREACH
REJECTED,EURUSD,SELL,2022-11-18 14:00:00+00:00,,PRE_TRADE_PROJECTED_EQUITY_BREACH
REJECTED,GBPUSD,SELL,2022-11-21 00:00:00+00:00,,PRE_TRADE_PROJECTED_EQUITY_BREACH
REJECTED,GBPUSD,SELL,2022-11-21 01:00:00+00:00,,PRE_TRADE_PROJECTED_EQUITY_BREACH
REJECTED,EURUSD,SELL,2022-11-21 02:00:00+00:00,,PRE_TRADE_PROJECTED_EQUITY_BREACH
REJECTED,GBPUSD,SELL,2022-11-21 02:00:00+00:00,,PRE_TRADE_PROJECTED_EQUITY_BREACH
REJECTED,EURUSD,SELL,2022-11-21 04:00:00+00:00,,PRE_TRADE_PROJECTED_EQUITY_BREACH
REJECTED,GBPUSD,SELL,2022-11-21 04:00:00+00:00,,PRE_TRADE_PROJECTED_EQUITY_BREACH
REJECTED,EURUSD,SELL,2022-11-21 06:00:00+00:00,,PRE_TRADE_PROJECTED_EQUITY_BREACH
REJECTED,GBPUSD,SELL,2022-11-21 06:00:00+00:00,,PRE_TRADE_PROJECTED_EQUITY_BREACH
REJECTED,EURUSD,SELL,2022-11-21 07:00:00+00:00,,PRE_TRADE_PROJECTED_EQUITY_BREACH
REJECTED,EURUSD,SELL,2022-11-21 09:00:00+00:00,,PRE_TRADE_PROJECTED_EQUITY_BREACH
REJECTED,GBPUSD,SELL,2022-11-21 09:00:00+00:00,,PRE_TRADE_PROJECTED_EQUITY_BREACH
REJECTED,GBPUSD,SELL,2022-11-21 15:00:00+00:00,,PRE_TRADE_PROJECTED_EQUITY_BREACH
REJECTED,GBPUSD,BUY,2022-11-22 01:00:00+00:00,,PRE_TRADE_PROJECTED_EQUITY_BREACH
REJECTED,EURUSD,BUY,2022-11-22 08:00:00+00:00,,PRE_TRADE_PROJECTED_EQUITY_BREACH
REJECTED,GBPUSD,BUY,2022-11-22 12:00:00+00:00,,PRE_TRADE_PROJECTED_EQUITY_BREACH
REJECTED,EURUSD,BUY,2022-11-22 17:00:00+00:00,,PRE_TRADE_PROJECTED_EQUITY_BREACH
REJECTED,EURUSD,BUY,2022-11-22 18:00:00+00:00,,PRE_TRADE_PROJECTED_EQUITY_BREACH
REJECTED,EURUSD,BUY,2022-11-22 23:00:00+00:00,,PRE_TRADE_PROJECTED_EQUITY_BREACH
REJECTED,EURUSD,BUY,2022-11-23 02:00:00+00:00,,PRE_TRADE_PROJECTED_EQUITY_BREACH
REJECTED,EURUSD,BUY,2022-11-23 05:00:00+00:00,,PRE_TRADE_PROJECTED_EQUITY_BREACH
REJECTED,EURUSD,BUY,2022-11-23 06:00:00+00:00,,PRE_TRADE_PROJECTED_EQUITY_BREACH
REJECTED,EURUSD,BUY,2022-11-23 07:00:00+00:00,,PRE_TRADE_PROJECTED_EQUITY_BREACH
REJECTED,GBPUSD,BUY,2022-11-23 09:00:00+00:00,,PRE_TRADE_PROJECTED_EQUITY_BREACH
REJECTED,GBPUSD,BUY,2022-11-23 11:00:00+00:00,,PRE_TRADE_PROJECTED_EQUITY_BREACH
REJECTED,GBPUSD,BUY,2022-11-23 13:00:00+00:00,,PRE_TRADE_PROJECTED_EQUITY_BREACH
REJECTED,EURUSD,BUY,2022-11-23 14:00:00+00:00,,PRE_TRADE_PROJECTED_EQUITY_BREACH
REJECTED,GBPUSD,BUY,2022-11-23 14:00:00+00:00,,PRE_TRADE_PROJECTED_EQUITY_BREACH
REJECTED,EURUSD,BUY,2022-11-23 15:00:00+00:00,,PRE_TRADE_PROJECTED_EQUITY_BREACH
REJECTED,GBPUSD,BUY,2022-11-23 15:00:00+00:00,,PRE_TRADE_PROJECTED_EQUITY_BREACH
REJECTED,EURUSD,BUY,2022-11-23 19:00:00+00:00,,PRE_TRADE_PROJECTED_EQUITY_BREACH
REJECTED,EURUSD,BUY,2022-11-23 23:00:00+00:00,,PRE_TRADE_PROJECTED_EQUITY_BREACH
REJECTED,EURUSD,BUY,2022-11-24 01:00:00+00:00,,PRE_TRADE_PROJECTED_EQUITY_BREACH
REJECTED,GBPUSD,BUY,2022-11-24 01:00:00+00:00,,PRE_TRADE_PROJECTED_EQUITY_BREACH
REJECTED,EURUSD,BUY,2022-11-24 02:00:00+00:00,,PRE_TRADE_PROJECTED_EQUITY_BREACH
REJECTED,GBPUSD,BUY,2022-11-24 02:00:00+00:00,,PRE_TRADE_PROJECTED_EQUITY_BREACH
REJECTED,EURUSD,BUY,2022-11-24 03:00:00+00:00,,PRE_TRADE_PROJECTED_EQUITY_BREACH
REJECTED,GBPUSD,BUY,2022-11-24 03:00:00+00:00,,PRE_TRADE_PROJECTED_EQUITY_BREACH
REJECTED,GBPUSD,BUY,2022-11-24 04:00:00+00:00,,PRE_TRADE_PROJECTED_EQUITY_BREACH
REJECTED,GBPUSD,BUY,2022-11-24 11:00:00+00:00,,PRE_TRADE_PROJECTED_EQUITY_BREACH
REJECTED,GBPUSD,BUY,2022-11-24 14:00:00+00:00,,PRE_TRADE_PROJECTED_EQUITY_BREACH
REJECTED,EURUSD,SELL,2022-11-25 09:00:00+00:00,,PRE_TRADE_PROJECTED_EQUITY_BREACH
REJECTED,GBPUSD,SELL,2022-11-25 09:00:00+00:00,,PRE_TRADE_PROJECTED_EQUITY_BREACH
REJECTED,EURUSD,SELL,2022-11-25 12:00:00+00:00,,PRE_TRADE_PROJECTED_EQUITY_BREACH
REJECTED,EURUSD,SELL,2022-11-25 13:00:00+00:00,,PRE_TRADE_PROJECTED_EQUITY_BREACH
REJECTED,GBPUSD,SELL,2022-11-27 23:00:00+00:00,,PRE_TRADE_PROJECTED_EQUITY_BREACH
REJECTED,EURUSD,SELL,2022-11-28 01:00:00+00:00,,PRE_TRADE_PROJECTED_EQUITY_BREACH
REJECTED,GBPUSD,SELL,2022-11-28 01:00:00+00:00,,PRE_TRADE_PROJECTED_EQUITY_BREACH
REJECTED,EURUSD,BUY,2022-11-28 08:00:00+00:00,,PRE_TRADE_PROJECTED_EQUITY_BREACH
REJECTED,EURUSD,BUY,2022-11-28 09:00:00+00:00,,PRE_TRADE_PROJECTED_EQUITY_BREACH
REJECTED,EURUSD,BUY,2022-11-28 10:00:00+00:00,,PRE_TRADE_PROJECTED_EQUITY_BREACH
REJECTED,GBPUSD,SELL,2022-11-28 17:00:00+00:00,,PRE_TRADE_PROJECTED_EQUITY_BREACH
REJECTED,GBPUSD,SELL,2022-11-28 18:00:00+00:00,,PRE_TRADE_PROJECTED_EQUITY_BREACH
REJECTED,EURUSD,SELL,2022-11-28 19:00:00+00:00,,PRE_TRADE_PROJECTED_EQUITY_BREACH
REJECTED,GBPUSD,SELL,2022-11-28 19:00:00+00:00,,PRE_TRADE_PROJECTED_EQUITY_BREACH
REJECTED,EURUSD,SELL,2022-11-28 20:00:00+00:00,,PRE_TRADE_PROJECTED_EQUITY_BREACH
REJECTED,GBPUSD,SELL,2022-11-28 20:00:00+00:00,,PRE_TRADE_PROJECTED_EQUITY_BREACH
REJECTED,GBPUSD,SELL,2022-11-29 19:00:00+00:00,,PRE_TRADE_PROJECTED_EQUITY_BREACH
REJECTED,EURUSD,SELL,2022-11-30 15:00:00+00:00,,PRE_TRADE_PROJECTED_EQUITY_BREACH
REJECTED,GBPUSD,SELL,2022-11-30 15:00:00+00:00,,PRE_TRADE_PROJECTED_EQUITY_BREACH
REJECTED,EURUSD,BUY,2022-11-30 19:00:00+00:00,,PRE_TRADE_PROJECTED_EQUITY_BREACH
REJECTED,GBPUSD,BUY,2022-11-30 19:00:00+00:00,,PRE_TRADE_PROJECTED_EQUITY_BREACH
REJECTED,EURUSD,BUY,2022-12-01 00:00:00+00:00,,PRE_TRADE_PROJECTED_EQUITY_BREACH
REJECTED,GBPUSD,BUY,2022-12-01 00:00:00+00:00,,PRE_TRADE_PROJECTED_EQUITY_BREACH
REJECTED,EURUSD,BUY,2022-12-01 06:00:00+00:00,,PRE_TRADE_PROJECTED_EQUITY_BREACH
REJECTED,GBPUSD,BUY,2022-12-01 06:00:00+00:00,,PRE_TRADE_PROJECTED_EQUITY_BREACH
REJECTED,GBPUSD,BUY,2022-12-01 08:00:00+00:00,,PRE_TRADE_PROJECTED_EQUITY_BREACH
REJECTED,GBPUSD,BUY,2022-12-01 09:00:00+00:00,,PRE_TRADE_PROJECTED_EQUITY_BREACH
REJECTED,GBPUSD,BUY,2022-12-01 11:00:00+00:00,,PRE_TRADE_PROJECTED_EQUITY_BREACH
REJECTED,GBPUSD,BUY,2022-12-01 12:00:00+00:00,,PRE_TRADE_PROJECTED_EQUITY_BREACH
REJECTED,EURUSD,BUY,2022-12-01 13:00:00+00:00,,PRE_TRADE_PROJECTED_EQUITY_BREACH
REJECTED,GBPUSD,BUY,2022-12-01 13:00:00+00:00,,PRE_TRADE_PROJECTED_EQUITY_BREACH
REJECTED,EURUSD,BUY,2022-12-01 14:00:00+00:00,,PRE_TRADE_PROJECTED_EQUITY_BREACH
REJECTED,GBPUSD,BUY,2022-12-01 14:00:00+00:00,,PRE_TRADE_PROJECTED_EQUITY_BREACH
REJECTED,EURUSD,SELL,2022-12-02 13:00:00+00:00,,PRE_TRADE_PROJECTED_EQUITY_BREACH
REJECTED,GBPUSD,SELL,2022-12-02 13:00:00+00:00,,PRE_TRADE_PROJECTED_EQUITY_BREACH
REJECTED,EURUSD,BUY,2022-12-05 01:00:00+00:00,,PRE_TRADE_PROJECTED_EQUITY_BREACH
REJECTED,GBPUSD,BUY,2022-12-05 01:00:00+00:00,,PRE_TRADE_PROJECTED_EQUITY_BREACH
REJECTED,EURUSD,BUY,2022-12-05 03:00:00+00:00,,PRE_TRADE_PROJECTED_EQUITY_BREACH
REJECTED,GBPUSD,BUY,2022-12-05 03:00:00+00:00,,PRE_TRADE_PROJECTED_EQUITY_BREACH
REJECTED,GBPUSD,BUY,2022-12-05 04:00:00+00:00,,PRE_TRADE_PROJECTED_EQUITY_BREACH
REJECTED,EURUSD,BUY,2022-12-05 12:00:00+00:00,,PRE_TRADE_PROJECTED_EQUITY_BREACH
REJECTED,GBPUSD,SELL,2022-12-05 15:00:00+00:00,,PRE_TRADE_PROJECTED_EQUITY_BREACH
REJECTED,EURUSD,SELL,2022-12-05 16:00:00+00:00,,PRE_TRADE_PROJECTED_EQUITY_BREACH
REJECTED,GBPUSD,SELL,2022-12-05 16:00:00+00:00,,PRE_TRADE_PROJECTED_EQUITY_BREACH
REJECTED,GBPUSD,BUY,2022-12-06 12:00:00+00:00,,PRE_TRADE_PROJECTED_EQUITY_BREACH
REJECTED,EURUSD,SELL,2022-12-06 18:00:00+00:00,,PRE_TRADE_PROJECTED_EQUITY_BREACH
REJECTED,GBPUSD,SELL,2022-12-06 18:00:00+00:00,,PRE_TRADE_PROJECTED_EQUITY_BREACH
REJECTED,GBPUSD,SELL,2022-12-06 21:00:00+00:00,,PRE_TRADE_PROJECTED_EQUITY_BREACH
REJECTED,EURUSD,SELL,2022-12-07 06:00:00+00:00,,PRE_TRADE_PROJECTED_EQUITY_BREACH
REJECTED,GBPUSD,SELL,2022-12-07 06:00:00+00:00,,PRE_TRADE_PROJECTED_EQUITY_BREACH
REJECTED,EURUSD,BUY,2022-12-07 12:00:00+00:00,,PRE_TRADE_PROJECTED_EQUITY_BREACH
REJECTED,EURUSD,BUY,2022-12-07 13:00:00+00:00,,PRE_TRADE_PROJECTED_EQUITY_BREACH
REJECTED,GBPUSD,BUY,2022-12-07 13:00:00+00:00,,PRE_TRADE_PROJECTED_EQUITY_BREACH
REJECTED,EURUSD,BUY,2022-12-08 14:00:00+00:00,,PRE_TRADE_PROJECTED_EQUITY_BREACH
REJECTED,EURUSD,BUY,2022-12-08 15:00:00+00:00,,PRE_TRADE_PROJECTED_EQUITY_BREACH
REJECTED,EURUSD,BUY,2022-12-08 16:00:00+00:00,,PRE_TRADE_PROJECTED_EQUITY_BREACH
REJECTED,EURUSD,BUY,2022-12-09 01:00:00+00:00,,PRE_TRADE_PROJECTED_EQUITY_BREACH
REJECTED,GBPUSD,BUY,2022-12-09 01:00:00+00:00,,PRE_TRADE_PROJECTED_EQUITY_BREACH
REJECTED,GBPUSD,BUY,2022-12-09 03:00:00+00:00,,PRE_TRADE_PROJECTED_EQUITY_BREACH
REJECTED,GBPUSD,BUY,2022-12-09 12:00:00+00:00,,PRE_TRADE_PROJECTED_EQUITY_BREACH
REJECTED,GBPUSD,BUY,2022-12-09 16:00:00+00:00,,PRE_TRADE_PROJECTED_EQUITY_BREACH
REJECTED,EURUSD,BUY,2022-12-13 13:00:00+00:00,,PRE_TRADE_PROJECTED_EQUITY_BREACH
REJECTED,GBPUSD,BUY,2022-12-13 13:00:00+00:00,,PRE_TRADE_PROJECTED_EQUITY_BREACH
REJECTED,EURUSD,BUY,2022-12-14 18:00:00+00:00,,PRE_TRADE_PROJECTED_EQUITY_BREACH
REJECTED,GBPUSD,BUY,2022-12-14 18:00:00+00:00,,PRE_TRADE_PROJECTED_EQUITY_BREACH
REJECTED,GBPUSD,SELL,2022-12-15 08:00:00+00:00,,PRE_TRADE_PROJECTED_EQUITY_BREACH
REJECTED,EURUSD,BUY,2022-12-15 14:00:00+00:00,,PRE_TRADE_PROJECTED_EQUITY_BREACH
REJECTED,GBPUSD,SELL,2022-12-15 15:00:00+00:00,,PRE_TRADE_PROJECTED_EQUITY_BREACH
REJECTED,GBPUSD,SELL,2022-12-15 16:00:00+00:00,,PRE_TRADE_PROJECTED_EQUITY_BREACH
REJECTED,EURUSD,SELL,2022-12-15 17:00:00+00:00,,PRE_TRADE_PROJECTED_EQUITY_BREACH
REJECTED,GBPUSD,SELL,2022-12-15 17:00:00+00:00,,PRE_TRADE_PROJECTED_EQUITY_BREACH
REJECTED,GBPUSD,SELL,2022-12-16 09:00:00+00:00,,PRE_TRADE_PROJECTED_EQUITY_BREACH
REJECTED,EURUSD,SELL,2022-12-16 20:00:00+00:00,,PRE_TRADE_PROJECTED_EQUITY_BREACH
REJECTED,EURUSD,SELL,2022-12-16 21:00:00+00:00,,PRE_TRADE_PROJECTED_EQUITY_BREACH
REJECTED,EURUSD,SELL,2022-12-19 15:00:00+00:00,,PRE_TRADE_PROJECTED_EQUITY_BREACH
REJECTED,GBPUSD,SELL,2022-12-19 15:00:00+00:00,,PRE_TRADE_PROJECTED_EQUITY_BREACH
REJECTED,GBPUSD,SELL,2022-12-20 05:00:00+00:00,,PRE_TRADE_PROJECTED_EQUITY_BREACH
REJECTED,GBPUSD,SELL,2022-12-21 11:00:00+00:00,,PRE_TRADE_PROJECTED_EQUITY_BREACH
REJECTED,GBPUSD,SELL,2022-12-21 16:00:00+00:00,,PRE_TRADE_PROJECTED_EQUITY_BREACH
REJECTED,GBPUSD,SELL,2022-12-21 17:00:00+00:00,,PRE_TRADE_PROJECTED_EQUITY_BREACH
REJECTED,GBPUSD,SELL,2022-12-22 11:00:00+00:00,,PRE_TRADE_PROJECTED_EQUITY_BREACH
REJECTED,GBPUSD,SELL,2022-12-22 13:00:00+00:00,,PRE_TRADE_PROJECTED_EQUITY_BREACH
REJECTED,GBPUSD,SELL,2022-12-22 14:00:00+00:00,,PRE_TRADE_PROJECTED_EQUITY_BREACH
REJECTED,EURUSD,SELL,2022-12-22 18:00:00+00:00,,PRE_TRADE_PROJECTED_EQUITY_BREACH
REJECTED,GBPUSD,BUY,2022-12-23 10:00:00+00:00,,PRE_TRADE_PROJECTED_EQUITY_BREACH
REJECTED,EURUSD,BUY,2022-12-26 21:00:00+00:00,,PRE_TRADE_PROJECTED_EQUITY_BREACH
REJECTED,EURUSD,BUY,2022-12-26 23:00:00+00:00,,PRE_TRADE_PROJECTED_EQUITY_BREACH
REJECTED,GBPUSD,BUY,2022-12-26 23:00:00+00:00,,PRE_TRADE_PROJECTED_EQUITY_BREACH
REJECTED,EURUSD,BUY,2022-12-27 01:00:00+00:00,,PRE_TRADE_PROJECTED_EQUITY_BREACH
REJECTED,GBPUSD,BUY,2022-12-27 01:00:00+00:00,,PRE_TRADE_PROJECTED_EQUITY_BREACH
REJECTED,EURUSD,BUY,2022-12-27 06:00:00+00:00,,PRE_TRADE_PROJECTED_EQUITY_BREACH
REJECTED,GBPUSD,BUY,2022-12-27 06:00:00+00:00,,PRE_TRADE_PROJECTED_EQUITY_BREACH
REJECTED,GBPUSD,SELL,2022-12-27 11:00:00+00:00,,PRE_TRADE_PROJECTED_EQUITY_BREACH
REJECTED,GBPUSD,SELL,2022-12-27 12:00:00+00:00,,PRE_TRADE_PROJECTED_EQUITY_BREACH
REJECTED,GBPUSD,SELL,2022-12-27 13:00:00+00:00,,PRE_TRADE_PROJECTED_EQUITY_BREACH
REJECTED,GBPUSD,BUY,2022-12-28 10:00:00+00:00,,PRE_TRADE_PROJECTED_EQUITY_BREACH
REJECTED,GBPUSD,BUY,2022-12-28 11:00:00+00:00,,PRE_TRADE_PROJECTED_EQUITY_BREACH
REJECTED,GBPUSD,BUY,2022-12-28 14:00:00+00:00,,PRE_TRADE_PROJECTED_EQUITY_BREACH
REJECTED,EURUSD,SELL,2022-12-28 15:00:00+00:00,,PRE_TRADE_PROJECTED_EQUITY_BREACH
REJECTED,EURUSD,SELL,2022-12-28 20:00:00+00:00,,PRE_TRADE_PROJECTED_EQUITY_BREACH
REJECTED,EURUSD,BUY,2022-12-29 17:00:00+00:00,,PRE_TRADE_PROJECTED_EQUITY_BREACH
REJECTED,GBPUSD,BUY,2022-12-30 14:00:00+00:00,,PRE_TRADE_PROJECTED_EQUITY_BREACH
REJECTED,EURUSD,BUY,2022-12-30 17:00:00+00:00,,PRE_TRADE_PROJECTED_EQUITY_BREACH
ACCEPTED,EURUSD,SELL,2015-01-02 21:00:00+00:00,1.20032,CLOSED_DISCRETIONARY_EXIT
ACCEPTED,EURUSD,BUY,2015-01-06 07:00:00+00:00,1.19611,CLOSED_SL
ACCEPTED,GBPUSD,SELL,2015-01-02 20:00:00+00:00,1.53354,CLOSED_DISCRETIONARY_EXIT
ACCEPTED,GBPUSD,BUY,2015-01-09 10:00:00+00:00,1.51325,CLOSED_SL
ACCEPTED,GBPUSD,BUY,2015-01-11 23:00:00+00:00,1.51915,CLOSED_SL
ACCEPTED,EURUSD,BUY,2015-01-11 23:00:00+00:00,1.18678,CLOSED_SL
ACCEPTED,GBPUSD,SELL,2015-01-13 09:00:00+00:00,1.51200,CLOSED_SL
ACCEPTED,EURUSD,SELL,2015-01-13 13:00:00+00:00,1.17809,CLOSED_DISCRETIONARY_EXIT
ACCEPTED,GBPUSD,BUY,2015-01-14 08:00:00+00:00,1.52095,CLOSED_SL
ACCEPTED,EURUSD,SELL,2015-01-14 10:00:00+00:00,1.17444,CLOSED_SL_GAP
ACCEPTED,EURUSD,BUY,2015-01-14 14:00:00+00:00,1.18265,CLOSED_SL
ACCEPTED,GBPUSD,BUY,2015-01-14 14:00:00+00:00,1.52582,CLOSED_DISCRETIONARY_EXIT
ACCEPTED,EURUSD,SELL,2015-01-15 10:00:00+00:00,1.17238,CLOSED_DISCRETIONARY_EXIT
ACCEPTED,EURUSD,BUY,2015-01-19 10:00:00+00:00,1.16171,CLOSED_DISCRETIONARY_EXIT
ACCEPTED,GBPUSD,SELL,2015-01-19 20:00:00+00:00,1.51087,CLOSED_DISCRETIONARY_EXIT
ACCEPTED,GBPUSD,BUY,2015-01-20 14:00:00+00:00,1.51988,CLOSED_SL
ACCEPTED,EURUSD,SELL,2015-01-20 17:00:00+00:00,1.15584,CLOSED_DISCRETIONARY_EXIT
ACCEPTED,GBPUSD,SELL,2015-01-21 10:00:00+00:00,1.51147,CLOSED_DISCRETIONARY_EXIT
ACCEPTED,EURUSD,BUY,2015-01-21 13:00:00+00:00,1.15900,CLOSED_DISCRETIONARY_EXIT
ACCEPTED,GBPUSD,BUY,2015-01-22 10:00:00+00:00,1.51604,CLOSED_SL
ACCEPTED,EURUSD,SELL,2015-01-22 15:00:00+00:00,1.14624,CLOSED_DISCRETIONARY_EXIT
ACCEPTED,GBPUSD,BUY,2015-01-26 08:00:00+00:00,1.50403,CLOSED_DISCRETIONARY_EXIT
ACCEPTED,EURUSD,SELL,2015-01-28 21:00:00+00:00,1.12896,CLOSED_DISCRETIONARY_EXIT
ACCEPTED,GBPUSD,SELL,2015-01-29 09:00:00+00:00,1.51226,CLOSED_DISCRETIONARY_EXIT
ACCEPTED,GBPUSD,SELL,2015-01-30 16:00:00+00:00,1.50159,CLOSED_SL
ACCEPTED,EURUSD,SELL,2015-01-30 16:00:00+00:00,1.12831,CLOSED_SL
ACCEPTED,EURUSD,BUY,2015-02-02 10:00:00+00:00,1.13528,CLOSED_SL
ACCEPTED,GBPUSD,SELL,2015-02-03 08:00:00+00:00,1.49996,CLOSED_SL
ACCEPTED,EURUSD,SELL,2015-02-04 22:00:00+00:00,1.13433,CLOSED_SL
ACCEPTED,GBPUSD,BUY,2015-02-03 13:00:00+00:00,1.50737,CLOSED_DISCRETIONARY_EXIT
ACCEPTED,EURUSD,SELL,2015-02-06 14:00:00+00:00,1.13941,CLOSED_DISCRETIONARY_EXIT
ACCEPTED,EURUSD,SELL,2015-02-09 13:00:00+00:00,1.12727,CLOSED_SL
ACCEPTED,EURUSD,SELL,2015-02-10 11:00:00+00:00,1.12814,CLOSED_SL
ACCEPTED,GBPUSD,BUY,2015-02-10 16:00:00+00:00,1.52606,CLOSED_DISCRETIONARY_EXIT
ACCEPTED,GBPUSD,BUY,2015-02-11 10:00:00+00:00,1.52939,CLOSED_SL
ACCEPTED,GBPUSD,SELL,2015-02-11 17:00:00+00:00,1.52300,CLOSED_SL
ACCEPTED,EURUSD,BUY,2015-02-11 22:00:00+00:00,1.13364,CLOSED_DISCRETIONARY_EXIT
ACCEPTED,GBPUSD,BUY,2015-02-12 11:00:00+00:00,1.53234,CLOSED_DISCRETIONARY_EXIT
ACCEPTED,GBPUSD,SELL,2015-02-16 11:00:00+00:00,1.53740,CLOSED_DISCRETIONARY_EXIT
ACCEPTED,EURUSD,SELL,2015-02-16 17:00:00+00:00,1.13728,CLOSED_DISCRETIONARY_EXIT
ACCEPTED,GBPUSD,BUY,2015-02-17 11:00:00+00:00,1.53910,CLOSED_SL
ACCEPTED,EURUSD,BUY,2015-02-17 12:00:00+00:00,1.14401,CLOSED_SL
ACCEPTED,EURUSD,SELL,2015-02-18 12:00:00+00:00,1.13705,CLOSED_SL
ACCEPTED,GBPUSD,BUY,2015-02-18 10:00:00+00:00,1.54375,CLOSED_DISCRETIONARY_EXIT
ACCEPTED,EURUSD,BUY,2015-02-20 18:00:00+00:00,1.13931,CLOSED_DISCRETIONARY_EXIT
ACCEPTED,GBPUSD,SELL,2015-02-19 14:00:00+00:00,1.54143,CLOSED_DISCRETIONARY_EXIT
ACCEPTED,GBPUSD,BUY,2015-02-23 16:00:00+00:00,1.54507,CLOSED_DISCRETIONARY_EXIT
ACCEPTED,GBPUSD,BUY,2015-02-25 07:00:00+00:00,1.54969,CLOSED_DISCRETIONARY_EXIT
ACCEPTED,EURUSD,SELL,2015-02-26 13:00:00+00:00,1.13196,CLOSED_DISCRETIONARY_EXIT
ACCEPTED,GBPUSD,SELL,2015-02-27 09:00:00+00:00,1.53886,CLOSED_SL
ACCEPTED,GBPUSD,BUY,2015-02-27 16:00:00+00:00,1.54523,CLOSED_SL
ACCEPTED,EURUSD,SELL,2015-03-02 00:00:00+00:00,1.11608,CLOSED_DISCRETIONARY_EXIT
ACCEPTED,GBPUSD,SELL,2015-03-02 13:00:00+00:00,1.53832,CLOSED_DISCRETIONARY_EXIT
ACCEPTED,GBPUSD,SELL,2015-03-03 13:00:00+00:00,1.53503,CLOSED_SL
ACCEPTED,EURUSD,SELL,2015-03-03 10:00:00+00:00,1.11722,CLOSED_SL
ACCEPTED,GBPUSD,SELL,2015-03-04 07:00:00+00:00,1.53437,CLOSED_SL
ACCEPTED,GBPUSD,SELL,2015-03-04 10:00:00+00:00,1.53344,CLOSED_DISCRETIONARY_EXIT
ACCEPTED,EURUSD,SELL,2015-03-04 09:00:00+00:00,1.11347,CLOSED_DISCRETIONARY_EXIT
ACCEPTED,EURUSD,SELL,2015-03-10 01:00:00+00:00,1.08350,CLOSED_DISCRETIONARY_EXIT
ACCEPTED,EURUSD,BUY,2015-03-12 09:00:00+00:00,1.06364,CLOSED_SL
ACCEPTED,GBPUSD,SELL,2015-03-12 17:00:00+00:00,1.49054,CLOSED_DISCRETIONARY_EXIT
ACCEPTED,GBPUSD,BUY,2015-03-16 15:00:00+00:00,1.48181,CLOSED_SL
ACCEPTED,EURUSD,BUY,2015-03-16 15:00:00+00:00,1.05984,CLOSED_DISCRETIONARY_EXIT
ACCEPTED,GBPUSD,SELL,2015-03-17 13:00:00+00:00,1.47504,CLOSED_SL
ACCEPTED,EURUSD,BUY,2015-03-18 17:00:00+00:00,1.06430,CLOSED_DISCRETIONARY_EXIT
ACCEPTED,EURUSD,SELL,2015-03-19 17:00:00+00:00,1.06204,CLOSED_DISCRETIONARY_EXIT
ACCEPTED,GBPUSD,SELL,2015-03-19 17:00:00+00:00,1.47258,CLOSED_DISCRETIONARY_EXIT
ACCEPTED,EURUSD,BUY,2015-03-20 13:00:00+00:00,1.07152,CLOSED_DISCRETIONARY_EXIT
ACCEPTED,EURUSD,BUY,2015-03-23 13:00:00+00:00,1.08964,CLOSED_DISCRETIONARY_EXIT
ACCEPTED,EURUSD,BUY,2015-03-24 10:00:00+00:00,1.09872,CLOSED_SL
ACCEPTED,GBPUSD,SELL,2015-03-24 15:00:00+00:00,1.48872,CLOSED_DISCRETIONARY_EXIT
ACCEPTED,GBPUSD,BUY,2015-03-25 13:00:00+00:00,1.49162,CLOSED_SL
ACCEPTED,EURUSD,BUY,2015-03-25 13:00:00+00:00,1.09906,CLOSED_DISCRETIONARY_EXIT
ACCEPTED,GBPUSD,SELL,2015-03-26 15:00:00+00:00,1.48502,CLOSED_DISCRETIONARY_EXIT
ACCEPTED,EURUSD,SELL,2015-03-26 19:00:00+00:00,1.08659,CLOSED_SL
ACCEPTED,EURUSD,BUY,2015-03-27 18:00:00+00:00,1.09193,CLOSED_SL_GAP
ACCEPTED,GBPUSD,BUY,2015-03-27 12:00:00+00:00,1.48823,CLOSED_DISCRETIONARY_EXIT
ACCEPTED,GBPUSD,SELL,2015-03-30 08:00:00+00:00,1.48124,CLOSED_SL
ACCEPTED,GBPUSD,SELL,2015-03-30 12:00:00+00:00,1.48007,CLOSED_SL
ACCEPTED,EURUSD,BUY,2015-04-01 06:00:00+00:00,1.07867,CLOSED_SL
ACCEPTED,GBPUSD,BUY,2015-03-31 16:00:00+00:00,1.48483,CLOSED_SL
ACCEPTED,GBPUSD,SELL,2015-04-01 10:00:00+00:00,1.47593,CLOSED_SL
ACCEPTED,GBPUSD,BUY,2015-04-02 08:00:00+00:00,1.48488,CLOSED_SL
ACCEPTED,EURUSD,BUY,2015-04-02 08:00:00+00:00,1.08103,CLOSED_DISCRETIONARY_EXIT
ACCEPTED,EURUSD,SELL,2015-04-06 21:00:00+00:00,1.09421,CLOSED_DISCRETIONARY_EXIT
ACCEPTED,GBPUSD,SELL,2015-04-06 21:00:00+00:00,1.48896,CLOSED_DISCRETIONARY_EXIT
ACCEPTED,GBPUSD,BUY,2015-04-08 11:00:00+00:00,1.49368,CLOSED_SL
ACCEPTED,EURUSD,SELL,2015-04-08 16:00:00+00:00,1.07907,CLOSED_DISCRETIONARY_EXIT
ACCEPTED,EURUSD,BUY,2015-04-14 14:00:00+00:00,1.06379,CLOSED_DISCRETIONARY_EXIT
ACCEPTED,GBPUSD,BUY,2015-04-14 14:00:00+00:00,1.47313,CLOSED_DISCRETIONARY_EXIT
ACCEPTED,GBPUSD,BUY,2015-04-15 19:00:00+00:00,1.48298,CLOSED_DISCRETIONARY_EXIT
ACCEPTED,GBPUSD,SELL,2015-04-21 03:00:00+00:00,1.48804,CLOSED_DISCRETIONARY_EXIT
ACCEPTED,EURUSD,SELL,2015-04-20 12:00:00+00:00,1.07261,CLOSED_DISCRETIONARY_EXIT
ACCEPTED,GBPUSD,BUY,2015-04-21 16:00:00+00:00,1.49343,CLOSED_DISCRETIONARY_EXIT
ACCEPTED,EURUSD,SELL,2015-04-23 02:00:00+00:00,1.07063,CLOSED_SL
ACCEPTED,EURUSD,BUY,2015-04-23 11:00:00+00:00,1.07517,CLOSED_DISCRETIONARY_EXIT
ACCEPTED,EURUSD,BUY,2015-04-24 08:00:00+00:00,1.08746,CLOSED_SL
ACCEPTED,GBPUSD,BUY,2015-04-24 08:00:00+00:00,1.51167,CLOSED_DISCRETIONARY_EXIT
ACCEPTED,GBPUSD,SELL,2015-04-27 13:00:00+00:00,1.51194,CLOSED_SL
ACCEPTED,GBPUSD,BUY,2015-04-27 16:00:00+00:00,1.52111,CLOSED_DISCRETIONARY_EXIT
ACCEPTED,EURUSD,BUY,2015-04-28 12:00:00+00:00,1.09424,CLOSED_DISCRETIONARY_EXIT
ACCEPTED,GBPUSD,BUY,2015-04-28 12:00:00+00:00,1.52898,CLOSED_DISCRETIONARY_EXIT
ACCEPTED,EURUSD,BUY,2015-04-30 09:00:00+00:00,1.12217,CLOSED_SL
ACCEPTED,GBPUSD,SELL,2015-04-30 14:00:00+00:00,1.53745,CLOSED_DISCRETIONARY_EXIT
ACCEPTED,EURUSD,BUY,2015-04-30 20:00:00+00:00,1.12590,CLOSED_DISCRETIONARY_EXIT
ACCEPTED,GBPUSD,SELL,2015-05-01 10:00:00+00:00,1.52909,CLOSED_DISCRETIONARY_EXIT
ACCEPTED,GBPUSD,BUY,2015-05-05 14:00:00+00:00,1.51590,CLOSED_DISCRETIONARY_EXIT
ACCEPTED,GBPUSD,SELL,2015-05-07 10:00:00+00:00,1.51925,CLOSED_SL
ACCEPTED,EURUSD,SELL,2015-05-07 13:00:00+00:00,1.12971,CLOSED_DISCRETIONARY_EXIT
ACCEPTED,EURUSD,SELL,2015-05-11 02:00:00+00:00,1.11666,CLOSED_DISCRETIONARY_EXIT
ACCEPTED,GBPUSD,BUY,2015-05-07 20:00:00+00:00,1.52601,CLOSED_DISCRETIONARY_EXIT
ACCEPTED,GBPUSD,BUY,2015-05-13 10:00:00+00:00,1.57253,CLOSED_SL
ACCEPTED,EURUSD,BUY,2015-05-12 09:00:00+00:00,1.12270,CLOSED_DISCRETIONARY_EXIT
ACCEPTED,GBPUSD,SELL,2015-05-15 12:00:00+00:00,1.57231,CLOSED_SL
ACCEPTED,GBPUSD,BUY,2015-05-15 16:00:00+00:00,1.57903,CLOSED_SL
ACCEPTED,EURUSD,BUY,2015-05-15 16:00:00+00:00,1.14388,CLOSED_DISCRETIONARY_EXIT
ACCEPTED,GBPUSD,SELL,2015-05-18 09:00:00+00:00,1.56833,CLOSED_DISCRETIONARY_EXIT
ACCEPTED,GBPUSD,SELL,2015-05-19 09:00:00+00:00,1.55953,CLOSED_DISCRETIONARY_EXIT
ACCEPTED,GBPUSD,BUY,2015-05-20 14:00:00+00:00,1.55691,CLOSED_SL
ACCEPTED,EURUSD,SELL,2015-05-19 09:00:00+00:00,1.11823,CLOSED_DISCRETIONARY_EXIT
ACCEPTED,GBPUSD,BUY,2015-05-21 10:00:00+00:00,1.56633,CLOSED_DISCRETIONARY_EXIT
ACCEPTED,EURUSD,BUY,2015-05-22 11:00:00+00:00,1.11935,CLOSED_SL_GAP
ACCEPTED,GBPUSD,SELL,2015-05-22 13:00:00+00:00,1.56337,CLOSED_DISCRETIONARY_EXIT
ACCEPTED,GBPUSD,SELL,2015-05-26 02:00:00+00:00,1.54541,CLOSED_DISCRETIONARY_EXIT
ACCEPTED,EURUSD,SELL,2015-05-26 02:00:00+00:00,1.09437,CLOSED_DISCRETIONARY_EXIT
ACCEPTED,GBPUSD,BUY,2015-05-27 07:00:00+00:00,1.54303,CLOSED_SL
ACCEPTED,EURUSD,SELL,2015-05-27 13:00:00+00:00,1.08616,CLOSED_SL
ACCEPTED,GBPUSD,SELL,2015-05-27 13:00:00+00:00,1.53685,CLOSED_DISCRETIONARY_EXIT
ACCEPTED,EURUSD,BUY,2015-05-28 08:00:00+00:00,1.09358,CLOSED_SL
ACCEPTED,GBPUSD,SELL,2015-05-28 12:00:00+00:00,1.52919,CLOSED_DISCRETIONARY_EXIT
ACCEPTED,EURUSD,BUY,2015-05-28 20:00:00+00:00,1.09547,CLOSED_DISCRETIONARY_EXIT
ACCEPTED,GBPUSD,SELL,2015-05-29 12:00:00+00:00,1.52470,CLOSED_SL
ACCEPTED,EURUSD,BUY,2015-05-29 11:00:00+00:00,1.09879,CLOSED_SL
ACCEPTED,EURUSD,SELL,2015-06-01 09:00:00+00:00,1.09064,CLOSED_SL
ACCEPTED,GBPUSD,SELL,2015-06-01 10:00:00+00:00,1.52280,CLOSED_DISCRETIONARY_EXIT
ACCEPTED,EURUSD,BUY,2015-06-02 12:00:00+00:00,1.10198,CLOSED_DISCRETIONARY_EXIT
ACCEPTED,EURUSD,BUY,2015-06-03 15:00:00+00:00,1.12211,CLOSED_DISCRETIONARY_EXIT
ACCEPTED,EURUSD,BUY,2015-06-04 10:00:00+00:00,1.13377,CLOSED_SL
ACCEPTED,GBPUSD,BUY,2015-06-04 10:00:00+00:00,1.53981,CLOSED_SL
ACCEPTED,EURUSD,SELL,2015-06-05 00:00:00+00:00,1.12023,CLOSED_DISCRETIONARY_EXIT
ACCEPTED,GBPUSD,SELL,2015-06-05 08:00:00+00:00,1.53358,CLOSED_DISCRETIONARY_EXIT
ACCEPTED,EURUSD,BUY,2015-06-08 14:00:00+00:00,1.11828,CLOSED_DISCRETIONARY_EXIT
ACCEPTED,EURUSD,SELL,2015-06-09 14:00:00+00:00,1.12264,CLOSED_SL
ACCEPTED,GBPUSD,BUY,2015-06-09 17:00:00+00:00,1.53832,CLOSED_DISCRETIONARY_EXIT
ACCEPTED,GBPUSD,BUY,2015-06-11 21:00:00+00:00,1.55312,CLOSED_SL
ACCEPTED,EURUSD,SELL,2015-06-11 13:00:00+00:00,1.12343,CLOSED_DISCRETIONARY_EXIT
ACCEPTED,GBPUSD,BUY,2015-06-12 16:00:00+00:00,1.55688,CLOSED_SL
ACCEPTED,GBPUSD,BUY,2015-06-15 17:00:00+00:00,1.55726,CLOSED_DISCRETIONARY_EXIT
ACCEPTED,EURUSD,SELL,2015-06-16 13:00:00+00:00,1.12334,CLOSED_DISCRETIONARY_EXIT
ACCEPTED,EURUSD,BUY,2015-06-17 09:00:00+00:00,1.12706,CLOSED_SL
ACCEPTED,EURUSD,SELL,2015-06-17 16:00:00+00:00,1.12328,CLOSED_SL
ACCEPTED,GBPUSD,BUY,2015-06-16 20:00:00+00:00,1.56502,CLOSED_DISCRETIONARY_EXIT
ACCEPTED,EURUSD,SELL,2015-06-19 09:00:00+00:00,1.13169,CLOSED_SL
ACCEPTED,EURUSD,BUY,2015-06-22 06:00:00+00:00,1.13978,CLOSED_SL
ACCEPTED,GBPUSD,BUY,2015-06-22 06:00:00+00:00,1.59031,CLOSED_SL
ACCEPTED,GBPUSD,SELL,2015-06-22 12:00:00+00:00,1.58186,CLOSED_DISCRETIONARY_EXIT
ACCEPTED,GBPUSD,BUY,2015-06-24 08:00:00+00:00,1.58020,CLOSED_SL
ACCEPTED,GBPUSD,SELL,2015-06-24 17:00:00+00:00,1.56799,CLOSED_SL
ACCEPTED,GBPUSD,BUY,2015-06-25 13:00:00+00:00,1.57334,CLOSED_SL
ACCEPTED,EURUSD,SELL,2015-06-26 14:00:00+00:00,1.11776,CLOSED_DISCRETIONARY_EXIT
ACCEPTED,GBPUSD,BUY,2015-06-29 17:00:00+00:00,1.57642,CLOSED_SL
ACCEPTED,EURUSD,BUY,2015-06-29 17:00:00+00:00,1.11800,CLOSED_DISCRETIONARY_EXIT
ACCEPTED,GBPUSD,SELL,2015-07-01 00:00:00+00:00,1.56828,CLOSED_DISCRETIONARY_EXIT
ACCEPTED,EURUSD,BUY,2015-07-02 14:00:00+00:00,1.10954,CLOSED_DISCRETIONARY_EXIT
ACCEPTED,EURUSD,SELL,2015-07-03 18:00:00+00:00,1.10720,CLOSED_SL
ACCEPTED,GBPUSD,SELL,2015-07-03 17:00:00+00:00,1.55725,CLOSED_SL_GAP
ACCEPTED,EURUSD,SELL,2015-07-05 23:00:00+00:00,1.09815,CLOSED_SL
ACCEPTED,GBPUSD,SELL,2015-07-05 23:00:00+00:00,1.55470,CLOSED_SL
ACCEPTED,GBPUSD,BUY,2015-07-06 17:00:00+00:00,1.56197,CLOSED_DISCRETIONARY_EXIT
ACCEPTED,EURUSD,SELL,2015-07-07 10:00:00+00:00,1.09669,CLOSED_SL
ACCEPTED,GBPUSD,SELL,2015-07-07 10:00:00+00:00,1.55069,CLOSED_DISCRETIONARY_EXIT
ACCEPTED,EURUSD,BUY,2015-07-09 07:00:00+00:00,1.11000,CLOSED_SL
ACCEPTED,EURUSD,SELL,2015-07-09 18:00:00+00:00,1.10032,CLOSED_SL
ACCEPTED,GBPUSD,SELL,2015-07-09 18:00:00+00:00,1.53535,CLOSED_DISCRETIONARY_EXIT
ACCEPTED,EURUSD,BUY,2015-07-10 05:00:00+00:00,1.10988,CLOSED_DISCRETIONARY_EXIT
ACCEPTED,GBPUSD,BUY,2015-07-13 11:00:00+00:00,1.55753,CLOSED_SL
ACCEPTED,EURUSD,SELL,2015-07-13 10:00:00+00:00,1.10623,CLOSED_DISCRETIONARY_EXIT
ACCEPTED,GBPUSD,BUY,2015-07-14 11:00:00+00:00,1.55842,CLOSED_DISCRETIONARY_EXIT
ACCEPTED,EURUSD,SELL,2015-07-15 14:00:00+00:00,1.09731,CLOSED_DISCRETIONARY_EXIT
ACCEPTED,GBPUSD,BUY,2015-07-17 08:00:00+00:00,1.56656,CLOSED_SL
ACCEPTED,GBPUSD,SELL,2015-07-17 14:00:00+00:00,1.55822,CLOSED_SL
ACCEPTED,EURUSD,SELL,2015-07-17 14:00:00+00:00,1.08655,CLOSED_DISCRETIONARY_EXIT
ACCEPTED,EURUSD,BUY,2015-07-21 13:00:00+00:00,1.08737,CLOSED_DISCRETIONARY_EXIT
ACCEPTED,GBPUSD,SELL,2015-07-21 12:00:00+00:00,1.55443,CLOSED_SL
ACCEPTED,EURUSD,SELL,2015-07-22 14:00:00+00:00,1.09037,CLOSED_DISCRETIONARY_EXIT
ACCEPTED,GBPUSD,BUY,2015-07-22 08:00:00+00:00,1.56155,CLOSED_DISCRETIONARY_EXIT
ACCEPTED,GBPUSD,SELL,2015-07-23 14:00:00+00:00,1.55556,CLOSED_DISCRETIONARY_EXIT
ACCEPTED,GBPUSD,BUY,2015-07-27 03:00:00+00:00,1.55311,CLOSED_SL
ACCEPTED,EURUSD,BUY,2015-07-27 04:00:00+00:00,1.10103,CLOSED_DISCRETIONARY_EXIT
ACCEPTED,EURUSD,SELL,2015-07-28 12:00:00+00:00,1.10304,CLOSED_SL
ACCEPTED,EURUSD,SELL,2015-07-29 17:00:00+00:00,1.10235,CLOSED_SL
ACCEPTED,GBPUSD,BUY,2015-07-28 11:00:00+00:00,1.56092,CLOSED_DISCRETIONARY_EXIT
ACCEPTED,EURUSD,SELL,2015-07-29 20:00:00+00:00,1.10091,CLOSED_DISCRETIONARY_EXIT
ACCEPTED,EURUSD,BUY,2015-07-31 11:00:00+00:00,1.09765,CLOSED_DISCRETIONARY_EXIT
ACCEPTED,GBPUSD,SELL,2015-08-03 11:00:00+00:00,1.55961,CLOSED_DISCRETIONARY_EXIT
ACCEPTED,GBPUSD,BUY,2015-08-04 13:00:00+00:00,1.56213,CLOSED_SL
ACCEPTED,GBPUSD,BUY,2015-08-04 18:00:00+00:00,1.56325,CLOSED_SL
ACCEPTED,EURUSD,SELL,2015-08-04 19:00:00+00:00,1.09166,CLOSED_DISCRETIONARY_EXIT
ACCEPTED,EURUSD,BUY,2015-08-07 09:00:00+00:00,1.09412,CLOSED_SL
ACCEPTED,GBPUSD,SELL,2015-08-06 12:00:00+00:00,1.55792,CLOSED_DISCRETIONARY_EXIT
ACCEPTED,GBPUSD,BUY,2015-08-10 14:00:00+00:00,1.55110,CLOSED_DISCRETIONARY_EXIT
ACCEPTED,EURUSD,BUY,2015-08-11 14:00:00+00:00,1.10733,CLOSED_SL
ACCEPTED,EURUSD,BUY,2015-08-12 09:00:00+00:00,1.11163,CLOSED_DISCRETIONARY_EXIT
ACCEPTED,EURUSD,SELL,2015-08-13 09:00:00+00:00,1.11128,CLOSED_SL
ACCEPTED,GBPUSD,SELL,2015-08-13 15:00:00+00:00,1.55817,CLOSED_SL
ACCEPTED,EURUSD,BUY,2015-08-14 12:00:00+00:00,1.11751,CLOSED_SL
ACCEPTED,GBPUSD,BUY,2015-08-14 12:00:00+00:00,1.56316,CLOSED_DISCRETIONARY_EXIT
ACCEPTED,EURUSD,SELL,2015-08-14 16:00:00+00:00,1.11113,CLOSED_DISCRETIONARY_EXIT
ACCEPTED,EURUSD,SELL,2015-08-18 14:00:00+00:00,1.10315,CLOSED_DISCRETIONARY_EXIT
ACCEPTED,GBPUSD,BUY,2015-08-18 10:00:00+00:00,1.56715,CLOSED_DISCRETIONARY_EXIT
ACCEPTED,GBPUSD,SELL,2015-08-19 16:00:00+00:00,1.56405,CLOSED_SL
ACCEPTED,GBPUSD,SELL,2015-08-20 10:00:00+00:00,1.56211,CLOSED_SL
ACCEPTED,EURUSD,BUY,2015-08-19 19:00:00+00:00,1.11203,CLOSED_DISCRETIONARY_EXIT
ACCEPTED,EURUSD,SELL,2015-08-25 12:00:00+00:00,1.14956,CLOSED_DISCRETIONARY_EXIT
ACCEPTED,GBPUSD,SELL,2015-08-26 10:00:00+00:00,1.56792,CLOSED_DISCRETIONARY_EXIT
ACCEPTED,EURUSD,SELL,2015-08-28 16:00:00+00:00,1.12159,CLOSED_DISCRETIONARY_EXIT
ACCEPTED,GBPUSD,SELL,2015-08-31 16:00:00+00:00,1.53759,CLOSED_DISCRETIONARY_EXIT
ACCEPTED,EURUSD,BUY,2015-09-01 04:00:00+00:00,1.12712,CLOSED_DISCRETIONARY_EXIT
ACCEPTED,GBPUSD,SELL,2015-09-01 10:00:00+00:00,1.53326,CLOSED_DISCRETIONARY_EXIT
ACCEPTED,GBPUSD,BUY,2015-09-07 17:00:00+00:00,1.52810,CLOSED_DISCRETIONARY_EXIT
ACCEPTED,EURUSD,SELL,2015-09-09 13:00:00+00:00,1.11384,CLOSED_SL
ACCEPTED,EURUSD,BUY,2015-09-09 23:00:00+00:00,1.12165,CLOSED_DISCRETIONARY_EXIT
ACCEPTED,GBPUSD,SELL,2015-09-09 10:00:00+00:00,1.53560,CLOSED_DISCRETIONARY_EXIT
ACCEPTED,GBPUSD,BUY,2015-09-10 17:00:00+00:00,1.54584,CLOSED_DISCRETIONARY_EXIT
ACCEPTED,EURUSD,BUY,2015-09-10 17:00:00+00:00,1.12636,CLOSED_DISCRETIONARY_EXIT
ACCEPTED,GBPUSD,SELL,2015-09-11 13:00:00+00:00,1.54159,CLOSED_SL
ACCEPTED,GBPUSD,BUY,2015-09-14 09:00:00+00:00,1.54655,CLOSED_SL
ACCEPTED,EURUSD,BUY,2015-09-11 17:00:00+00:00,1.13374,CLOSED_DISCRETIONARY_EXIT
ACCEPTED,GBPUSD,SELL,2015-09-14 14:00:00+00:00,1.53988,CLOSED_SL
ACCEPTED,GBPUSD,BUY,2015-09-15 09:00:00+00:00,1.54432,CLOSED_SL
ACCEPTED,EURUSD,SELL,2015-09-14 14:00:00+00:00,1.13020,CLOSED_DISCRETIONARY_EXIT
ACCEPTED,GBPUSD,SELL,2015-09-15 14:00:00+00:00,1.53939,CLOSED_DISCRETIONARY_EXIT
ACCEPTED,EURUSD,SELL,2015-09-16 11:00:00+00:00,1.12332,CLOSED_SL
ACCEPTED,GBPUSD,BUY,2015-09-16 12:00:00+00:00,1.54306,CLOSED_DISCRETIONARY_EXIT
ACCEPTED,GBPUSD,SELL,2015-09-18 20:00:00+00:00,1.55514,CLOSED_DISCRETIONARY_EXIT
ACCEPTED,EURUSD,SELL,2015-09-21 13:00:00+00:00,1.12520,CLOSED_DISCRETIONARY_EXIT
ACCEPTED,EURUSD,BUY,2015-09-23 12:00:00+00:00,1.11613,CLOSED_SL
ACCEPTED,GBPUSD,SELL,2015-09-23 14:00:00+00:00,1.52541,CLOSED_DISCRETIONARY_EXIT
ACCEPTED,GBPUSD,SELL,2015-09-24 14:00:00+00:00,1.52187,CLOSED_SL
ACCEPTED,EURUSD,BUY,2015-09-23 15:00:00+00:00,1.11781,CLOSED_DISCRETIONARY_EXIT
ACCEPTED,EURUSD,SELL,2015-09-25 09:00:00+00:00,1.11268,CLOSED_SL
ACCEPTED,GBPUSD,SELL,2015-09-25 13:00:00+00:00,1.51620,CLOSED_SL
ACCEPTED,GBPUSD,BUY,2015-09-28 10:00:00+00:00,1.52321,CLOSED_SL
ACCEPTED,EURUSD,SELL,2015-09-28 14:00:00+00:00,1.11568,CLOSED_SL
ACCEPTED,EURUSD,BUY,2015-09-28 17:00:00+00:00,1.12357,CLOSED_DISCRETIONARY_EXIT
ACCEPTED,EURUSD,SELL,2015-09-29 14:00:00+00:00,1.12049,CLOSED_SL
ACCEPTED,GBPUSD,SELL,2015-09-29 13:00:00+00:00,1.51461,CLOSED_DISCRETIONARY_EXIT
ACCEPTED,GBPUSD,BUY,2015-09-30 10:00:00+00:00,1.51795,CLOSED_SL
ACCEPTED,EURUSD,SELL,2015-09-30 14:00:00+00:00,1.11937,CLOSED_DISCRETIONARY_EXIT
ACCEPTED,GBPUSD,BUY,2015-10-01 15:00:00+00:00,1.51700,CLOSED_SL
ACCEPTED,EURUSD,BUY,2015-10-01 15:00:00+00:00,1.11981,CLOSED_DISCRETIONARY_EXIT
ACCEPTED,EURUSD,BUY,2015-10-02 14:00:00+00:00,1.12879,CLOSED_SL
ACCEPTED,GBPUSD,BUY,2015-10-02 14:00:00+00:00,1.52269,CLOSED_SL
ACCEPTED,EURUSD,SELL,2015-10-05 17:00:00+00:00,1.11975,CLOSED_DISCRETIONARY_EXIT
ACCEPTED,EURUSD,BUY,2015-10-06 13:00:00+00:00,1.12285,CLOSED_DISCRETIONARY_EXIT
ACCEPTED,GBPUSD,BUY,2015-10-06 15:00:00+00:00,1.51950,CLOSED_DISCRETIONARY_EXIT
ACCEPTED,EURUSD,BUY,2015-10-08 09:00:00+00:00,1.12916,CLOSED_SL
ACCEPTED,GBPUSD,SELL,2015-10-08 13:00:00+00:00,1.52899,CLOSED_SL
ACCEPTED,GBPUSD,SELL,2015-10-09 16:00:00+00:00,1.53078,CLOSED_DISCRETIONARY_EXIT
ACCEPTED,EURUSD,BUY,2015-10-09 09:00:00+00:00,1.13383,CLOSED_DISCRETIONARY_EXIT
ACCEPTED,EURUSD,SELL,2015-10-13 01:00:00+00:00,1.13519,CLOSED_SL
ACCEPTED,GBPUSD,SELL,2015-10-13 02:00:00+00:00,1.53134,CLOSED_SL
ACCEPTED,GBPUSD,BUY,2015-10-13 08:00:00+00:00,1.53780,CLOSED_SL
ACCEPTED,EURUSD,BUY,2015-10-13 09:00:00+00:00,1.14045,CLOSED_SL
ACCEPTED,GBPUSD,SELL,2015-10-13 10:00:00+00:00,1.52406,CLOSED_DISCRETIONARY_EXIT
ACCEPTED,EURUSD,BUY,2015-10-14 09:00:00+00:00,1.14155,CLOSED_DISCRETIONARY_EXIT
ACCEPTED,GBPUSD,BUY,2015-10-14 09:00:00+00:00,1.53121,CLOSED_DISCRETIONARY_EXIT
ACCEPTED,GBPUSD,SELL,2015-10-15 14:00:00+00:00,1.54308,CLOSED_SL
ACCEPTED,GBPUSD,SELL,2015-10-19 03:00:00+00:00,1.54333,CLOSED_DISCRETIONARY_EXIT
ACCEPTED,GBPUSD,BUY,2015-10-19 12:00:00+00:00,1.54957,CLOSED_SL
ACCEPTED,EURUSD,SELL,2015-10-15 14:00:00+00:00,1.13831,CLOSED_DISCRETIONARY_EXIT
ACCEPTED,GBPUSD,SELL,2015-10-20 20:00:00+00:00,1.54412,CLOSED_DISCRETIONARY_EXIT
ACCEPTED,EURUSD,BUY,2015-10-20 09:00:00+00:00,1.13482,CLOSED_DISCRETIONARY_EXIT
ACCEPTED,GBPUSD,SELL,2015-10-21 19:00:00+00:00,1.54141,CLOSED_SL
ACCEPTED,EURUSD,SELL,2015-10-22 07:00:00+00:00,1.13276,CLOSED_DISCRETIONARY_EXIT
ACCEPTED,EURUSD,SELL,2015-10-23 14:00:00+00:00,1.10466,CLOSED_DISCRETIONARY_EXIT
ACCEPTED,GBPUSD,BUY,2015-10-26 16:00:00+00:00,1.53618,CLOSED_DISCRETIONARY_EXIT
ACCEPTED,GBPUSD,SELL,2015-10-27 15:00:00+00:00,1.53134,CLOSED_DISCRETIONARY_EXIT
ACCEPTED,EURUSD,BUY,2015-10-28 12:00:00+00:00,1.10655,CLOSED_SL
ACCEPTED,EURUSD,SELL,2015-10-28 20:00:00+00:00,1.09004,CLOSED_DISCRETIONARY_EXIT
ACCEPTED,GBPUSD,SELL,2015-10-28 20:00:00+00:00,1.52499,CLOSED_DISCRETIONARY_EXIT
ACCEPTED,EURUSD,BUY,2015-10-29 23:00:00+00:00,1.09873,CLOSED_DISCRETIONARY_EXIT
ACCEPTED,GBPUSD,BUY,2015-10-29 20:00:00+00:00,1.53178,CLOSED_DISCRETIONARY_EXIT
ACCEPTED,EURUSD,SELL,2015-11-03 10:00:00+00:00,1.09846,CLOSED_DISCRETIONARY_EXIT
ACCEPTED,EURUSD,SELL,2015-11-05 08:00:00+00:00,1.08359,CLOSED_SL
ACCEPTED,GBPUSD,SELL,2015-11-05 13:00:00+00:00,1.52867,CLOSED_DISCRETIONARY_EXIT
ACCEPTED,GBPUSD,BUY,2015-11-09 12:00:00+00:00,1.51045,CLOSED_DISCRETIONARY_EXIT
ACCEPTED,EURUSD,SELL,2015-11-10 13:00:00+00:00,1.07012,CLOSED_SL
ACCEPTED,GBPUSD,BUY,2015-11-11 02:00:00+00:00,1.51675,CLOSED_SL
ACCEPTED,GBPUSD,BUY,2015-11-11 16:00:00+00:00,1.52014,CLOSED_DISCRETIONARY_EXIT
ACCEPTED,EURUSD,BUY,2015-11-12 21:00:00+00:00,1.08104,CLOSED_SL
ACCEPTED,GBPUSD,SELL,2015-11-13 16:00:00+00:00,1.51953,CLOSED_SL
ACCEPTED,GBPUSD,BUY,2015-11-17 15:00:00+00:00,1.52235,CLOSED_DISCRETIONARY_EXIT
ACCEPTED,EURUSD,SELL,2015-11-13 14:00:00+00:00,1.07354,CLOSED_DISCRETIONARY_EXIT
ACCEPTED,EURUSD,BUY,2015-11-18 10:00:00+00:00,1.06803,CLOSED_SL
ACCEPTED,GBPUSD,BUY,2015-11-19 01:00:00+00:00,1.52520,CLOSED_DISCRETIONARY_EXIT
ACCEPTED,GBPUSD,SELL,2015-11-20 13:00:00+00:00,1.52485,CLOSED_DISCRETIONARY_EXIT
ACCEPTED,EURUSD,BUY,2015-11-24 09:00:00+00:00,1.06627,CLOSED_SL
ACCEPTED,GBPUSD,SELL,2015-11-24 13:00:00+00:00,1.50814,CLOSED_DISCRETIONARY_EXIT
ACCEPTED,EURUSD,BUY,2015-11-25 03:00:00+00:00,1.06761,CLOSED_SL
ACCEPTED,GBPUSD,BUY,2015-11-25 14:00:00+00:00,1.51182,CLOSED_SL
ACCEPTED,GBPUSD,BUY,2015-11-25 19:00:00+00:00,1.51309,CLOSED_DISCRETIONARY_EXIT
ACCEPTED,EURUSD,SELL,2015-11-25 10:00:00+00:00,1.06113,CLOSED_DISCRETIONARY_EXIT
ACCEPTED,EURUSD,BUY,2015-11-27 07:00:00+00:00,1.06326,CLOSED_SL
ACCEPTED,GBPUSD,SELL,2015-11-27 10:00:00+00:00,1.50357,CLOSED_SL
ACCEPTED,GBPUSD,SELL,2015-11-29 22:00:00+00:00,1.50331,CLOSED_SL
ACCEPTED,EURUSD,SELL,2015-11-27 10:00:00+00:00,1.05841,CLOSED_SL
ACCEPTED,GBPUSD,BUY,2015-12-01 02:00:00+00:00,1.50809,CLOSED_DISCRETIONARY_EXIT
ACCEPTED,EURUSD,SELL,2015-12-02 11:00:00+00:00,1.05903,CLOSED_SL
ACCEPTED,GBPUSD,SELL,2015-12-02 10:00:00+00:00,1.50386,CLOSED_DISCRETIONARY_EXIT
ACCEPTED,EURUSD,BUY,2015-12-03 13:00:00+00:00,1.06666,CLOSED_DISCRETIONARY_EXIT
ACCEPTED,GBPUSD,BUY,2015-12-03 13:00:00+00:00,1.49726,CLOSED_DISCRETIONARY_EXIT
ACCEPTED,EURUSD,SELL,2015-12-07 09:00:00+00:00,1.08146,CLOSED_SL
ACCEPTED,GBPUSD,SELL,2015-12-07 09:00:00+00:00,1.50752,CLOSED_DISCRETIONARY_EXIT
ACCEPTED,EURUSD,BUY,2015-12-08 06:00:00+00:00,1.08614,CLOSED_DISCRETIONARY_EXIT
ACCEPTED,GBPUSD,SELL,2015-12-10 13:00:00+00:00,1.51369,CLOSED_SL
ACCEPTED,EURUSD,SELL,2015-12-10 11:00:00+00:00,1.09402,CLOSED_DISCRETIONARY_EXIT
ACCEPTED,EURUSD,BUY,2015-12-11 12:00:00+00:00,1.09730,CLOSED_SL_GAP
ACCEPTED,EURUSD,BUY,2015-12-11 15:00:00+00:00,1.10085,CLOSED_SL
ACCEPTED,GBPUSD,BUY,2015-12-11 15:00:00+00:00,1.52195,CLOSED_DISCRETIONARY_EXIT
ACCEPTED,EURUSD,BUY,2015-12-14 16:00:00+00:00,1.10285,CLOSED_SL
ACCEPTED,GBPUSD,SELL,2015-12-14 12:00:00+00:00,1.51193,CLOSED_SL
ACCEPTED,EURUSD,BUY,2015-12-15 08:00:00+00:00,1.10536,CLOSED_SL
ACCEPTED,EURUSD,SELL,2015-12-15 14:00:00+00:00,1.09710,CLOSED_DISCRETIONARY_EXIT
ACCEPTED,EURUSD,BUY,2015-12-16 20:00:00+00:00,1.09792,CLOSED_SL
ACCEPTED,GBPUSD,BUY,2015-12-16 20:00:00+00:00,1.50620,CLOSED_SL
ACCEPTED,EURUSD,SELL,2015-12-17 00:00:00+00:00,1.08734,CLOSED_DISCRETIONARY_EXIT
ACCEPTED,EURUSD,BUY,2015-12-18 21:00:00+00:00,1.08740,CLOSED_DISCRETIONARY_EXIT
ACCEPTED,GBPUSD,SELL,2015-12-22 12:00:00+00:00,1.48722,CLOSED_DISCRETIONARY_EXIT
ACCEPTED,EURUSD,SELL,2015-12-23 09:00:00+00:00,1.09186,CLOSED_DISCRETIONARY_EXIT
ACCEPTED,GBPUSD,BUY,2015-12-23 11:00:00+00:00,1.48778,CLOSED_DISCRETIONARY_EXIT
ACCEPTED,GBPUSD,SELL,2015-12-28 18:00:00+00:00,1.48777,CLOSED_SL
ACCEPTED,EURUSD,BUY,2015-12-24 09:00:00+00:00,1.09562,CLOSED_SL
ACCEPTED,GBPUSD,SELL,2015-12-29 11:00:00+00:00,1.48442,CLOSED_DISCRETIONARY_EXIT
ACCEPTED,EURUSD,SELL,2015-12-31 12:00:00+00:00,1.08914,CLOSED_DISCRETIONARY_EXIT
ACCEPTED,EURUSD,BUY,2016-01-04 09:00:00+00:00,1.09250,CLOSED_SL
ACCEPTED,EURUSD,SELL,2016-01-04 16:00:00+00:00,1.08016,CLOSED_DISCRETIONARY_EXIT
ACCEPTED,GBPUSD,SELL,2016-01-04 16:00:00+00:00,1.46888,CLOSED_DISCRETIONARY_EXIT
ACCEPTED,EURUSD,BUY,2016-01-06 20:00:00+00:00,1.07895,CLOSED_DISCRETIONARY_EXIT
ACCEPTED,EURUSD,SELL,2016-01-08 14:00:00+00:00,1.08409,CLOSED_SL
ACCEPTED,EURUSD,BUY,2016-01-10 23:00:00+00:00,1.09453,CLOSED_SL
ACCEPTED,GBPUSD,SELL,2016-01-08 16:00:00+00:00,1.45405,CLOSED_DISCRETIONARY_EXIT
ACCEPTED,GBPUSD,BUY,2016-01-11 14:00:00+00:00,1.45885,CLOSED_SL
ACCEPTED,EURUSD,SELL,2016-01-11 16:00:00+00:00,1.08512,CLOSED_SL
ACCEPTED,GBPUSD,SELL,2016-01-12 10:00:00+00:00,1.44880,CLOSED_DISCRETIONARY_EXIT
ACCEPTED,GBPUSD,SELL,2016-01-14 10:00:00+00:00,1.43746,CLOSED_SL
ACCEPTED,EURUSD,BUY,2016-01-14 09:00:00+00:00,1.09140,CLOSED_SL
ACCEPTED,EURUSD,SELL,2016-01-14 16:00:00+00:00,1.08396,CLOSED_DISCRETIONARY_EXIT
ACCEPTED,EURUSD,BUY,2016-01-15 14:00:00+00:00,1.09578,CLOSED_SL
ACCEPTED,GBPUSD,SELL,2016-01-15 09:00:00+00:00,1.43571,CLOSED_DISCRETIONARY_EXIT
ACCEPTED,GBPUSD,SELL,2016-01-18 20:00:00+00:00,1.42447,CLOSED_DISCRETIONARY_EXIT
ACCEPTED,GBPUSD,BUY,2016-01-19 10:00:00+00:00,1.43130,CLOSED_SL
ACCEPTED,EURUSD,SELL,2016-01-18 16:00:00+00:00,1.08719,CLOSED_SL
ACCEPTED,GBPUSD,SELL,2016-01-19 13:00:00+00:00,1.42195,CLOSED_DISCRETIONARY_EXIT
ACCEPTED,EURUSD,BUY,2016-01-19 18:00:00+00:00,1.09281,CLOSED_DISCRETIONARY_EXIT
ACCEPTED,EURUSD,SELL,2016-01-21 00:00:00+00:00,1.08743,CLOSED_DISCRETIONARY_EXIT
ACCEPTED,GBPUSD,BUY,2016-01-20 15:00:00+00:00,1.42045,CLOSED_SL
ACCEPTED,GBPUSD,SELL,2016-01-21 11:00:00+00:00,1.41482,CLOSED_SL
ACCEPTED,GBPUSD,BUY,2016-01-21 18:00:00+00:00,1.42084,CLOSED_DISCRETIONARY_EXIT
ACCEPTED,EURUSD,SELL,2016-01-22 20:00:00+00:00,1.07901,CLOSED_DISCRETIONARY_EXIT
ACCEPTED,EURUSD,BUY,2016-01-25 15:00:00+00:00,1.08396,CLOSED_DISCRETIONARY_EXIT
ACCEPTED,GBPUSD,SELL,2016-01-26 01:00:00+00:00,1.42200,CLOSED_SL
ACCEPTED,GBPUSD,BUY,2016-01-26 15:00:00+00:00,1.42855,CLOSED_DISCRETIONARY_EXIT
ACCEPTED,EURUSD,BUY,2016-01-27 13:00:00+00:00,1.08900,CLOSED_SL
ACCEPTED,GBPUSD,SELL,2016-01-27 16:00:00+00:00,1.42587,CLOSED_SL
ACCEPTED,EURUSD,BUY,2016-01-28 16:00:00+00:00,1.09406,CLOSED_SL
ACCEPTED,GBPUSD,BUY,2016-01-28 16:00:00+00:00,1.43899,CLOSED_SL_GAP
ACCEPTED,GBPUSD,SELL,2016-01-29 11:00:00+00:00,1.43000,CLOSED_DISCRETIONARY_EXIT
ACCEPTED,EURUSD,BUY,2016-02-01 12:00:00+00:00,1.08686,CLOSED_DISCRETIONARY_EXIT
ACCEPTED,GBPUSD,BUY,2016-02-03 10:00:00+00:00,1.44535,CLOSED_DISCRETIONARY_EXIT
ACCEPTED,EURUSD,BUY,2016-02-04 10:00:00+00:00,1.11638,CLOSED_DISCRETIONARY_EXIT
ACCEPTED,GBPUSD,SELL,2016-02-05 08:00:00+00:00,1.45175,CLOSED_SL
ACCEPTED,GBPUSD,SELL,2016-02-05 14:00:00+00:00,1.44819,CLOSED_DISCRETIONARY_EXIT
ACCEPTED,EURUSD,SELL,2016-02-05 14:00:00+00:00,1.11596,CLOSED_DISCRETIONARY_EXIT
ACCEPTED,EURUSD,BUY,2016-02-08 20:00:00+00:00,1.12127,CLOSED_DISCRETIONARY_EXIT
ACCEPTED,GBPUSD,SELL,2016-02-08 12:00:00+00:00,1.44181,CLOSED_SL
ACCEPTED,GBPUSD,BUY,2016-02-09 11:00:00+00:00,1.44677,CLOSED_SL
ACCEPTED,EURUSD,BUY,2016-02-09 14:00:00+00:00,1.12898,CLOSED_DISCRETIONARY_EXIT
ACCEPTED,GBPUSD,BUY,2016-02-10 11:00:00+00:00,1.45198,CLOSED_SL
ACCEPTED,EURUSD,SELL,2016-02-10 14:00:00+00:00,1.12333,CLOSED_SL
ACCEPTED,EURUSD,BUY,2016-02-11 01:00:00+00:00,1.13040,CLOSED_DISCRETIONARY_EXIT
ACCEPTED,GBPUSD,SELL,2016-02-11 09:00:00+00:00,1.44339,CLOSED_SL
ACCEPTED,GBPUSD,BUY,2016-02-12 08:00:00+00:00,1.44959,CLOSED_DISCRETIONARY_EXIT
ACCEPTED,EURUSD,SELL,2016-02-12 08:00:00+00:00,1.12892,CLOSED_DISCRETIONARY_EXIT
ACCEPTED,GBPUSD,SELL,2016-02-17 07:00:00+00:00,1.42738,CLOSED_DISCRETIONARY_EXIT
ACCEPTED,GBPUSD,BUY,2016-02-18 12:00:00+00:00,1.43708,CLOSED_SL
ACCEPTED,EURUSD,SELL,2016-02-18 12:00:00+00:00,1.10974,CLOSED_DISCRETIONARY_EXIT
ACCEPTED,GBPUSD,SELL,2016-02-19 08:00:00+00:00,1.43116,CLOSED_DISCRETIONARY_EXIT
ACCEPTED,GBPUSD,BUY,2016-02-19 18:00:00+00:00,1.43536,CLOSED_SL_GAP
ACCEPTED,GBPUSD,BUY,2016-02-21 22:00:00+00:00,1.42667,CLOSED_SL
ACCEPTED,GBPUSD,SELL,2016-02-22 08:00:00+00:00,1.42077,CLOSED_DISCRETIONARY_EXIT
ACCEPTED,GBPUSD,BUY,2016-02-25 13:00:00+00:00,1.39853,CLOSED_SL
ACCEPTED,EURUSD,BUY,2016-02-26 02:00:00+00:00,1.10517,CLOSED_SL
ACCEPTED,GBPUSD,BUY,2016-02-26 10:00:00+00:00,1.40267,CLOSED_SL
ACCEPTED,EURUSD,SELL,2016-02-26 14:00:00+00:00,1.09731,CLOSED_DISCRETIONARY_EXIT
ACCEPTED,GBPUSD,BUY,2016-02-29 16:00:00+00:00,1.39299,CLOSED_DISCRETIONARY_EXIT
ACCEPTED,EURUSD,SELL,2016-02-29 11:00:00+00:00,1.09037,CLOSED_DISCRETIONARY_EXIT
ACCEPTED,GBPUSD,BUY,2016-03-02 12:00:00+00:00,1.40027,CLOSED_DISCRETIONARY_EXIT
ACCEPTED,EURUSD,BUY,2016-03-03 09:00:00+00:00,1.08771,CLOSED_DISCRETIONARY_EXIT
ACCEPTED,GBPUSD,BUY,2016-03-07 17:00:00+00:00,1.42540,CLOSED_DISCRETIONARY_EXIT
ACCEPTED,EURUSD,BUY,2016-03-08 08:00:00+00:00,1.10361,CLOSED_SL
ACCEPTED,GBPUSD,SELL,2016-03-08 15:00:00+00:00,1.41837,CLOSED_SL
ACCEPTED,EURUSD,BUY,2016-03-08 16:00:00+00:00,1.10584,CLOSED_SL
ACCEPTED,EURUSD,SELL,2016-03-08 19:00:00+00:00,1.09972,CLOSED_DISCRETIONARY_EXIT
ACCEPTED,EURUSD,BUY,2016-03-09 17:00:00+00:00,1.10218,CLOSED_SL
ACCEPTED,EURUSD,SELL,2016-03-10 13:00:00+00:00,1.08457,CLOSED_SL
ACCEPTED,GBPUSD,SELL,2016-03-10 13:00:00+00:00,1.41548,CLOSED_SL
ACCEPTED,EURUSD,BUY,2016-03-10 15:00:00+00:00,1.10424,CLOSED_DISCRETIONARY_EXIT
ACCEPTED,GBPUSD,BUY,2016-03-11 15:00:00+00:00,1.43431,CLOSED_DISCRETIONARY_EXIT
ACCEPTED,EURUSD,SELL,2016-03-14 19:00:00+00:00,1.10853,CLOSED_SL
ACCEPTED,GBPUSD,SELL,2016-03-14 15:00:00+00:00,1.43227,CLOSED_DISCRETIONARY_EXIT
ACCEPTED,GBPUSD,BUY,2016-03-16 20:00:00+00:00,1.42275,CLOSED_DISCRETIONARY_EXIT
ACCEPTED,EURUSD,BUY,2016-03-16 20:00:00+00:00,1.11981,CLOSED_DISCRETIONARY_EXIT
ACCEPTED,EURUSD,SELL,2016-03-18 10:00:00+00:00,1.12638,CLOSED_SL
ACCEPTED,GBPUSD,BUY,2016-03-18 17:00:00+00:00,1.45154,CLOSED_SL_GAP
ACCEPTED,GBPUSD,SELL,2016-03-21 08:00:00+00:00,1.44133,CLOSED_DISCRETIONARY_EXIT
ACCEPTED,GBPUSD,SELL,2016-03-22 09:00:00+00:00,1.43448,CLOSED_DISCRETIONARY_EXIT
ACCEPTED,GBPUSD,BUY,2016-03-24 12:00:00+00:00,1.41391,CLOSED_DISCRETIONARY_EXIT
ACCEPTED,GBPUSD,BUY,2016-03-28 09:00:00+00:00,1.41728,CLOSED_DISCRETIONARY_EXIT
ACCEPTED,GBPUSD,BUY,2016-03-29 13:00:00+00:00,1.42904,CLOSED_DISCRETIONARY_EXIT
ACCEPTED,GBPUSD,SELL,2016-03-31 03:00:00+00:00,1.43513,CLOSED_DISCRETIONARY_EXIT
ACCEPTED,EURUSD,BUY,2016-03-31 11:00:00+00:00,1.13668,CLOSED_DISCRETIONARY_EXIT
ACCEPTED,EURUSD,BUY,2016-04-01 13:00:00+00:00,1.14199,CLOSED_SL
ACCEPTED,GBPUSD,SELL,2016-04-01 12:00:00+00:00,1.42859,CLOSED_DISCRETIONARY_EXIT
ACCEPTED,GBPUSD,BUY,2016-04-04 13:00:00+00:00,1.42702,CLOSED_DISCRETIONARY_EXIT
ACCEPTED,EURUSD,SELL,2016-04-05 09:00:00+00:00,1.13568,CLOSED_SL
ACCEPTED,GBPUSD,SELL,2016-04-05 09:00:00+00:00,1.42187,CLOSED_DISCRETIONARY_EXIT
ACCEPTED,GBPUSD,SELL,2016-04-06 10:00:00+00:00,1.41108,CLOSED_SL
ACCEPTED,EURUSD,BUY,2016-04-06 17:00:00+00:00,1.14288,CLOSED_SL
ACCEPTED,EURUSD,SELL,2016-04-07 15:00:00+00:00,1.13515,CLOSED_DISCRETIONARY_EXIT
ACCEPTED,GBPUSD,BUY,2016-04-08 09:00:00+00:00,1.41244,CLOSED_SL
ACCEPTED,EURUSD,BUY,2016-04-08 16:00:00+00:00,1.14072,CLOSED_DISCRETIONARY_EXIT
ACCEPTED,GBPUSD,BUY,2016-04-11 06:00:00+00:00,1.41403,CLOSED_DISCRETIONARY_EXIT
ACCEPTED,GBPUSD,SELL,2016-04-12 16:00:00+00:00,1.42076,CLOSED_SL
ACCEPTED,EURUSD,SELL,2016-04-12 15:00:00+00:00,1.13708,CLOSED_DISCRETIONARY_EXIT
ACCEPTED,GBPUSD,BUY,2016-04-15 11:00:00+00:00,1.41806,CLOSED_DISCRETIONARY_EXIT
ACCEPTED,GBPUSD,SELL,2016-04-18 08:00:00+00:00,1.41397,CLOSED_SL
ACCEPTED,GBPUSD,BUY,2016-04-18 16:00:00+00:00,1.42743,CLOSED_DISCRETIONARY_EXIT
ACCEPTED,EURUSD,BUY,2016-04-18 16:00:00+00:00,1.13300,CLOSED_DISCRETIONARY_EXIT
ACCEPTED,EURUSD,SELL,2016-04-20 15:00:00+00:00,1.13391,CLOSED_DISCRETIONARY_EXIT
ACCEPTED,GBPUSD,BUY,2016-04-21 14:00:00+00:00,1.44315,CLOSED_SL
ACCEPTED,EURUSD,BUY,2016-04-21 14:00:00+00:00,1.13773,CLOSED_SL
ACCEPTED,EURUSD,SELL,2016-04-22 16:00:00+00:00,1.12398,CLOSED_DISCRETIONARY_EXIT
ACCEPTED,GBPUSD,BUY,2016-04-22 12:00:00+00:00,1.43785,CLOSED_DISCRETIONARY_EXIT
ACCEPTED,GBPUSD,BUY,2016-04-25 13:00:00+00:00,1.45106,CLOSED_DISCRETIONARY_EXIT
ACCEPTED,GBPUSD,SELL,2016-04-27 16:00:00+00:00,1.45368,CLOSED_SL
ACCEPTED,EURUSD,BUY,2016-04-25 17:00:00+00:00,1.12736,CLOSED_DISCRETIONARY_EXIT
ACCEPTED,GBPUSD,BUY,2016-04-29 02:00:00+00:00,1.46315,CLOSED_SL
ACCEPTED,EURUSD,BUY,2016-04-29 14:00:00+00:00,1.14156,CLOSED_DISCRETIONARY_EXIT
ACCEPTED,GBPUSD,SELL,2016-05-03 16:00:00+00:00,1.45513,CLOSED_DISCRETIONARY_EXIT
ACCEPTED,EURUSD,SELL,2016-05-03 17:00:00+00:00,1.15069,CLOSED_DISCRETIONARY_EXIT
ACCEPTED,EURUSD,BUY,2016-05-06 14:00:00+00:00,1.14363,CLOSED_SL
ACCEPTED,GBPUSD,SELL,2016-05-06 14:00:00+00:00,1.44551,CLOSED_DISCRETIONARY_EXIT
ACCEPTED,GBPUSD,SELL,2016-05-09 09:00:00+00:00,1.43867,CLOSED_SL
ACCEPTED,EURUSD,SELL,2016-05-10 12:00:00+00:00,1.13625,CLOSED_SL
ACCEPTED,GBPUSD,BUY,2016-05-10 11:00:00+00:00,1.44544,CLOSED_DISCRETIONARY_EXIT
ACCEPTED,EURUSD,BUY,2016-05-11 14:00:00+00:00,1.14072,CLOSED_DISCRETIONARY_EXIT
ACCEPTED,EURUSD,SELL,2016-05-12 12:00:00+00:00,1.13911,CLOSED_SL
ACCEPTED,GBPUSD,BUY,2016-05-12 15:00:00+00:00,1.45219,CLOSED_SL
ACCEPTED,EURUSD,SELL,2016-05-13 08:00:00+00:00,1.13420,CLOSED_DISCRETIONARY_EXIT
ACCEPTED,GBPUSD,SELL,2016-05-13 08:00:00+00:00,1.44022,CLOSED_DISCRETIONARY_EXIT
ACCEPTED,EURUSD,BUY,2016-05-16 14:00:00+00:00,1.13373,CLOSED_SL
ACCEPTED,EURUSD,SELL,2016-05-17 14:00:00+00:00,1.13110,CLOSED_SL
ACCEPTED,GBPUSD,BUY,2016-05-16 14:00:00+00:00,1.43850,CLOSED_DISCRETIONARY_EXIT
ACCEPTED,GBPUSD,BUY,2016-05-18 13:00:00+00:00,1.45509,CLOSED_DISCRETIONARY_EXIT
ACCEPTED,EURUSD,SELL,2016-05-18 03:00:00+00:00,1.12911,CLOSED_DISCRETIONARY_EXIT
ACCEPTED,GBPUSD,SELL,2016-05-20 09:00:00+00:00,1.45674,CLOSED_DISCRETIONARY_EXIT
ACCEPTED,EURUSD,SELL,2016-05-23 15:00:00+00:00,1.11927,CLOSED_SL
ACCEPTED,GBPUSD,SELL,2016-05-23 12:00:00+00:00,1.44695,CLOSED_SL
ACCEPTED,EURUSD,SELL,2016-05-24 09:00:00+00:00,1.11824,CLOSED_DISCRETIONARY_EXIT
ACCEPTED,GBPUSD,BUY,2016-05-24 09:00:00+00:00,1.45414,CLOSED_DISCRETIONARY_EXIT
ACCEPTED,EURUSD,BUY,2016-05-26 14:00:00+00:00,1.12015,CLOSED_SL
ACCEPTED,GBPUSD,SELL,2016-05-26 17:00:00+00:00,1.46721,CLOSED_DISCRETIONARY_EXIT
ACCEPTED,EURUSD,BUY,2016-05-31 01:00:00+00:00,1.11483,CLOSED_SL
ACCEPTED,GBPUSD,BUY,2016-05-31 02:00:00+00:00,1.46638,CLOSED_SL
ACCEPTED,GBPUSD,SELL,2016-05-31 09:00:00+00:00,1.45873,CLOSED_SL
ACCEPTED,EURUSD,BUY,2016-05-31 13:00:00+00:00,1.11631,CLOSED_SL
ACCEPTED,GBPUSD,SELL,2016-05-31 16:00:00+00:00,1.45551,CLOSED_DISCRETIONARY_EXIT
ACCEPTED,EURUSD,BUY,2016-06-01 13:00:00+00:00,1.11751,CLOSED_DISCRETIONARY_EXIT
ACCEPTED,EURUSD,SELL,2016-06-02 15:00:00+00:00,1.11620,CLOSED_SL
ACCEPTED,GBPUSD,BUY,2016-06-03 14:00:00+00:00,1.45290,CLOSED_SL_GAP
ACCEPTED,GBPUSD,SELL,2016-06-06 01:00:00+00:00,1.43869,CLOSED_SL
ACCEPTED,EURUSD,BUY,2016-06-03 14:00:00+00:00,1.12883,CLOSED_DISCRETIONARY_EXIT
ACCEPTED,EURUSD,BUY,2016-06-06 18:00:00+00:00,1.13787,CLOSED_SL
ACCEPTED,GBPUSD,BUY,2016-06-07 05:00:00+00:00,1.44777,CLOSED_DISCRETIONARY_EXIT
ACCEPTED,GBPUSD,SELL,2016-06-08 09:00:00+00:00,1.45197,CLOSED_SL
ACCEPTED,GBPUSD,BUY,2016-06-08 13:00:00+00:00,1.45941,CLOSED_SL
ACCEPTED,EURUSD,BUY,2016-06-08 13:00:00+00:00,1.13828,CLOSED_DISCRETIONARY_EXIT
ACCEPTED,EURUSD,SELL,2016-06-09 14:00:00+00:00,1.13260,CLOSED_DISCRETIONARY_EXIT
ACCEPTED,GBPUSD,SELL,2016-06-09 03:00:00+00:00,1.44990,CLOSED_DISCRETIONARY_EXIT
ACCEPTED,GBPUSD,BUY,2016-06-13 16:00:00+00:00,1.42815,CLOSED_SL
ACCEPTED,EURUSD,BUY,2016-06-13 16:00:00+00:00,1.13014,CLOSED_DISCRETIONARY_EXIT
ACCEPTED,EURUSD,SELL,2016-06-14 10:00:00+00:00,1.12353,CLOSED_DISCRETIONARY_EXIT
ACCEPTED,GBPUSD,SELL,2016-06-14 09:00:00+00:00,1.41318,CLOSED_DISCRETIONARY_EXIT
ACCEPTED,GBPUSD,BUY,2016-06-15 10:00:00+00:00,1.41918,CLOSED_SL
ACCEPTED,GBPUSD,SELL,2016-06-16 08:00:00+00:00,1.41420,CLOSED_SL
ACCEPTED,EURUSD,BUY,2016-06-15 19:00:00+00:00,1.12662,CLOSED_DISCRETIONARY_EXIT
ACCEPTED,EURUSD,SELL,2016-06-16 12:00:00+00:00,1.12115,CLOSED_SL
ACCEPTED,GBPUSD,BUY,2016-06-17 01:00:00+00:00,1.42949,CLOSED_DISCRETIONARY_EXIT
ACCEPTED,EURUSD,SELL,2016-06-21 22:00:00+00:00,1.12390,CLOSED_DISCRETIONARY_EXIT
ACCEPTED,GBPUSD,SELL,2016-06-21 21:00:00+00:00,1.46273,CLOSED_SL
ACCEPTED,EURUSD,BUY,2016-06-22 14:00:00+00:00,1.13145,CLOSED_SL
ACCEPTED,GBPUSD,BUY,2016-06-22 14:00:00+00:00,1.47261,CLOSED_SL
ACCEPTED,EURUSD,BUY,2016-06-23 10:00:00+00:00,1.13549,CLOSED_SL
ACCEPTED,GBPUSD,BUY,2016-06-22 23:00:00+00:00,1.48027,CLOSED_SL
ACCEPTED,GBPUSD,SELL,2016-06-24 01:00:00+00:00,1.45573,CLOSED_DISCRETIONARY_EXIT
ACCEPTED,GBPUSD,BUY,2016-06-28 09:00:00+00:00,1.33424,CLOSED_DISCRETIONARY_EXIT
ACCEPTED,EURUSD,BUY,2016-06-28 08:00:00+00:00,1.10720,CLOSED_DISCRETIONARY_EXIT
ACCEPTED,EURUSD,BUY,2016-06-30 12:00:00+00:00,1.11457,CLOSED_SL
ACCEPTED,EURUSD,SELL,2016-06-30 17:00:00+00:00,1.10342,CLOSED_SL
ACCEPTED,GBPUSD,SELL,2016-06-30 17:00:00+00:00,1.32403,CLOSED_DISCRETIONARY_EXIT
ACCEPTED,EURUSD,BUY,2016-07-01 15:00:00+00:00,1.11526,CLOSED_DISCRETIONARY_EXIT
ACCEPTED,EURUSD,SELL,2016-07-04 10:00:00+00:00,1.11082,CLOSED_SL
ACCEPTED,EURUSD,BUY,2016-07-04 19:00:00+00:00,1.11551,CLOSED_DISCRETIONARY_EXIT
ACCEPTED,GBPUSD,SELL,2016-07-05 08:00:00+00:00,1.31845,CLOSED_DISCRETIONARY_EXIT
ACCEPTED,GBPUSD,BUY,2016-07-07 11:00:00+00:00,1.30026,CLOSED_SL
ACCEPTED,EURUSD,SELL,2016-07-08 14:00:00+00:00,1.10243,CLOSED_SL
ACCEPTED,GBPUSD,SELL,2016-07-11 09:00:00+00:00,1.28925,CLOSED_SL
ACCEPTED,EURUSD,BUY,2016-07-11 15:00:00+00:00,1.10652,CLOSED_DISCRETIONARY_EXIT
ACCEPTED,EURUSD,SELL,2016-07-13 09:00:00+00:00,1.10465,CLOSED_SL
ACCEPTED,GBPUSD,BUY,2016-07-12 17:00:00+00:00,1.32337,CLOSED_DISCRETIONARY_EXIT
ACCEPTED,GBPUSD,SELL,2016-07-13 16:00:00+00:00,1.32146,CLOSED_SL
ACCEPTED,EURUSD,BUY,2016-07-13 16:00:00+00:00,1.11028,CLOSED_DISCRETIONARY_EXIT
ACCEPTED,GBPUSD,SELL,2016-07-15 15:00:00+00:00,1.32928,CLOSED_DISCRETIONARY_EXIT
ACCEPTED,EURUSD,SELL,2016-07-15 15:00:00+00:00,1.10813,CLOSED_DISCRETIONARY_EXIT
ACCEPTED,EURUSD,BUY,2016-07-18 17:00:00+00:00,1.10764,CLOSED_DISCRETIONARY_EXIT
ACCEPTED,GBPUSD,SELL,2016-07-19 09:00:00+00:00,1.31853,CLOSED_DISCRETIONARY_EXIT
ACCEPTED,GBPUSD,BUY,2016-07-20 11:00:00+00:00,1.31886,CLOSED_DISCRETIONARY_EXIT
ACCEPTED,EURUSD,SELL,2016-07-21 16:00:00+00:00,1.09936,CLOSED_SL
ACCEPTED,GBPUSD,SELL,2016-07-22 11:00:00+00:00,1.31239,CLOSED_DISCRETIONARY_EXIT
ACCEPTED,GBPUSD,SELL,2016-07-26 08:00:00+00:00,1.30803,CLOSED_SL
ACCEPTED,EURUSD,BUY,2016-07-26 06:00:00+00:00,1.10057,CLOSED_SL
ACCEPTED,GBPUSD,BUY,2016-07-26 15:00:00+00:00,1.31522,CLOSED_SL
ACCEPTED,EURUSD,SELL,2016-07-26 16:00:00+00:00,1.09808,CLOSED_DISCRETIONARY_EXIT
ACCEPTED,GBPUSD,SELL,2016-07-27 11:00:00+00:00,1.30921,CLOSED_SL
ACCEPTED,GBPUSD,BUY,2016-07-27 20:00:00+00:00,1.31835,CLOSED_DISCRETIONARY_EXIT
ACCEPTED,EURUSD,BUY,2016-07-27 20:00:00+00:00,1.10201,CLOSED_DISCRETIONARY_EXIT
ACCEPTED,EURUSD,BUY,2016-07-29 11:00:00+00:00,1.11114,CLOSED_DISCRETIONARY_EXIT
ACCEPTED,EURUSD,BUY,2016-08-02 09:00:00+00:00,1.12005,CLOSED_DISCRETIONARY_EXIT
ACCEPTED,GBPUSD,BUY,2016-08-02 14:00:00+00:00,1.32761,CLOSED_DISCRETIONARY_EXIT
ACCEPTED,EURUSD,SELL,2016-08-03 11:00:00+00:00,1.11915,CLOSED_DISCRETIONARY_EXIT
ACCEPTED,EURUSD,BUY,2016-08-05 10:00:00+00:00,1.11512,CLOSED_SL
ACCEPTED,GBPUSD,BUY,2016-08-05 11:00:00+00:00,1.31636,CLOSED_SL
ACCEPTED,EURUSD,SELL,2016-08-05 14:00:00+00:00,1.10835,CLOSED_DISCRETIONARY_EXIT
ACCEPTED,EURUSD,SELL,2016-08-08 15:00:00+00:00,1.10736,CLOSED_DISCRETIONARY_EXIT
ACCEPTED,EURUSD,BUY,2016-08-09 10:00:00+00:00,1.10950,CLOSED_SL
ACCEPTED,GBPUSD,SELL,2016-08-05 14:00:00+00:00,1.30472,CLOSED_DISCRETIONARY_EXIT
ACCEPTED,EURUSD,BUY,2016-08-09 15:00:00+00:00,1.11021,CLOSED_DISCRETIONARY_EXIT
ACCEPTED,EURUSD,SELL,2016-08-11 09:00:00+00:00,1.11482,CLOSED_SL
ACCEPTED,EURUSD,SELL,2016-08-11 22:00:00+00:00,1.11363,CLOSED_SL
ACCEPTED,GBPUSD,SELL,2016-08-11 09:00:00+00:00,1.29618,CLOSED_SL
ACCEPTED,GBPUSD,BUY,2016-08-12 14:00:00+00:00,1.30131,CLOSED_SL
ACCEPTED,EURUSD,BUY,2016-08-12 14:00:00+00:00,1.12098,CLOSED_SL
ACCEPTED,GBPUSD,SELL,2016-08-12 16:00:00+00:00,1.29345,CLOSED_DISCRETIONARY_EXIT
ACCEPTED,EURUSD,BUY,2016-08-15 15:00:00+00:00,1.11910,CLOSED_DISCRETIONARY_EXIT
ACCEPTED,EURUSD,BUY,2016-08-18 03:00:00+00:00,1.13225,CLOSED_DISCRETIONARY_EXIT
ACCEPTED,GBPUSD,SELL,2016-08-19 09:00:00+00:00,1.31261,CLOSED_DISCRETIONARY_EXIT
ACCEPTED,GBPUSD,BUY,2016-08-22 10:00:00+00:00,1.31164,CLOSED_DISCRETIONARY_EXIT
ACCEPTED,EURUSD,SELL,2016-08-23 17:00:00+00:00,1.13070,CLOSED_DISCRETIONARY_EXIT
ACCEPTED,GBPUSD,BUY,2016-08-24 10:00:00+00:00,1.32222,CLOSED_DISCRETIONARY_EXIT
ACCEPTED,GBPUSD,SELL,2016-08-25 08:00:00+00:00,1.32126,CLOSED_DISCRETIONARY_EXIT
ACCEPTED,EURUSD,BUY,2016-08-25 10:00:00+00:00,1.12852,CLOSED_SL
ACCEPTED,EURUSD,SELL,2016-08-26 17:00:00+00:00,1.12369,CLOSED_DISCRETIONARY_EXIT
ACCEPTED,EURUSD,SELL,2016-08-30 15:00:00+00:00,1.11463,CLOSED_DISCRETIONARY_EXIT
ACCEPTED,GBPUSD,SELL,2016-08-29 08:00:00+00:00,1.31056,CLOSED_DISCRETIONARY_EXIT
ACCEPTED,GBPUSD,BUY,2016-08-31 10:00:00+00:00,1.31481,CLOSED_SL
ACCEPTED,GBPUSD,BUY,2016-09-01 10:00:00+00:00,1.32553,CLOSED_DISCRETIONARY_EXIT
ACCEPTED,GBPUSD,SELL,2016-09-02 12:00:00+00:00,1.32563,CLOSED_SL
ACCEPTED,EURUSD,SELL,2016-09-05 15:00:00+00:00,1.11445,CLOSED_DISCRETIONARY_EXIT
ACCEPTED,GBPUSD,BUY,2016-09-02 14:00:00+00:00,1.33320,CLOSED_DISCRETIONARY_EXIT
ACCEPTED,GBPUSD,SELL,2016-09-07 16:00:00+00:00,1.33401,CLOSED_DISCRETIONARY_EXIT
ACCEPTED,EURUSD,BUY,2016-09-08 10:00:00+00:00,1.12735,CLOSED_SL
ACCEPTED,GBPUSD,SELL,2016-09-08 15:00:00+00:00,1.32992,CLOSED_DISCRETIONARY_EXIT
ACCEPTED,EURUSD,SELL,2016-09-09 14:00:00+00:00,1.12335,CLOSED_DISCRETIONARY_EXIT
ACCEPTED,GBPUSD,BUY,2016-09-12 15:00:00+00:00,1.33000,CLOSED_DISCRETIONARY_EXIT
ACCEPTED,GBPUSD,SELL,2016-09-13 11:00:00+00:00,1.32643,CLOSED_DISCRETIONARY_EXIT
ACCEPTED,GBPUSD,SELL,2016-09-14 15:00:00+00:00,1.31405,CLOSED_SL
ACCEPTED,EURUSD,BUY,2016-09-14 17:00:00+00:00,1.12710,CLOSED_SL
ACCEPTED,GBPUSD,BUY,2016-09-14 19:00:00+00:00,1.32291,CLOSED_DISCRETIONARY_EXIT
ACCEPTED,EURUSD,SELL,2016-09-16 11:00:00+00:00,1.12219,CLOSED_DISCRETIONARY_EXIT
ACCEPTED,GBPUSD,SELL,2016-09-16 12:00:00+00:00,1.31708,CLOSED_DISCRETIONARY_EXIT
ACCEPTED,GBPUSD,BUY,2016-09-19 15:00:00+00:00,1.30920,CLOSED_SL
ACCEPTED,EURUSD,BUY,2016-09-19 15:00:00+00:00,1.11768,CLOSED_DISCRETIONARY_EXIT
ACCEPTED,EURUSD,BUY,2016-09-20 08:00:00+00:00,1.12014,CLOSED_SL
ACCEPTED,GBPUSD,SELL,2016-09-20 10:00:00+00:00,1.30109,CLOSED_DISCRETIONARY_EXIT
ACCEPTED,EURUSD,SELL,2016-09-21 06:00:00+00:00,1.11303,CLOSED_SL
ACCEPTED,EURUSD,BUY,2016-09-21 17:00:00+00:00,1.11648,CLOSED_SL
ACCEPTED,EURUSD,BUY,2016-09-21 20:00:00+00:00,1.11789,CLOSED_DISCRETIONARY_EXIT
ACCEPTED,EURUSD,SELL,2016-09-23 04:00:00+00:00,1.11973,CLOSED_SL
ACCEPTED,GBPUSD,SELL,2016-09-23 05:00:00+00:00,1.30388,CLOSED_DISCRETIONARY_EXIT
ACCEPTED,EURUSD,BUY,2016-09-23 18:00:00+00:00,1.12323,CLOSED_DISCRETIONARY_EXIT
ACCEPTED,GBPUSD,BUY,2016-09-27 18:00:00+00:00,1.30216,CLOSED_DISCRETIONARY_EXIT
ACCEPTED,EURUSD,SELL,2016-09-27 13:00:00+00:00,1.12256,CLOSED_DISCRETIONARY_EXIT
ACCEPTED,EURUSD,BUY,2016-09-28 14:00:00+00:00,1.12278,CLOSED_SL
ACCEPTED,GBPUSD,BUY,2016-09-29 01:00:00+00:00,1.30374,CLOSED_SL
ACCEPTED,EURUSD,BUY,2016-09-29 17:00:00+00:00,1.12452,CLOSED_SL
ACCEPTED,GBPUSD,SELL,2016-09-29 16:00:00+00:00,1.29812,CLOSED_DISCRETIONARY_EXIT
ACCEPTED,GBPUSD,BUY,2016-09-30 17:00:00+00:00,1.30131,CLOSED_SL
ACCEPTED,EURUSD,BUY,2016-09-30 16:00:00+00:00,1.12401,CLOSED_DISCRETIONARY_EXIT
ACCEPTED,GBPUSD,SELL,2016-10-03 08:00:00+00:00,1.29025,CLOSED_DISCRETIONARY_EXIT
ACCEPTED,GBPUSD,BUY,2016-10-05 15:00:00+00:00,1.27570,CLOSED_DISCRETIONARY_EXIT
ACCEPTED,EURUSD,SELL,2016-10-06 11:00:00+00:00,1.11803,CLOSED_DISCRETIONARY_EXIT
ACCEPTED,GBPUSD,SELL,2016-10-06 13:00:00+00:00,1.26613,CLOSED_DISCRETIONARY_EXIT
ACCEPTED,EURUSD,SELL,2016-10-12 07:00:00+00:00,1.10392,CLOSED_DISCRETIONARY_EXIT
ACCEPTED,EURUSD,BUY,2016-10-13 19:00:00+00:00,1.10547,CLOSED_DISCRETIONARY_EXIT
ACCEPTED,GBPUSD,BUY,2016-10-13 18:00:00+00:00,1.22496,CLOSED_DISCRETIONARY_EXIT
ACCEPTED,EURUSD,SELL,2016-10-14 09:00:00+00:00,1.10117,CLOSED_DISCRETIONARY_EXIT
ACCEPTED,EURUSD,BUY,2016-10-18 01:00:00+00:00,1.10118,CLOSED_DISCRETIONARY_EXIT
ACCEPTED,GBPUSD,BUY,2016-10-18 01:00:00+00:00,1.22195,CLOSED_DISCRETIONARY_EXIT
ACCEPTED,EURUSD,SELL,2016-10-18 14:00:00+00:00,1.09808,CLOSED_SL
ACCEPTED,GBPUSD,SELL,2016-10-20 14:00:00+00:00,1.22316,CLOSED_SL
ACCEPTED,GBPUSD,BUY,2016-10-24 09:00:00+00:00,1.22438,CLOSED_SL
ACCEPTED,EURUSD,SELL,2016-10-20 15:00:00+00:00,1.09494,CLOSED_DISCRETIONARY_EXIT
ACCEPTED,EURUSD,SELL,2016-10-25 14:00:00+00:00,1.08580,CLOSED_SL
ACCEPTED,GBPUSD,SELL,2016-10-25 14:00:00+00:00,1.21805,CLOSED_SL
ACCEPTED,EURUSD,BUY,2016-10-26 08:00:00+00:00,1.09073,CLOSED_DISCRETIONARY_EXIT
ACCEPTED,GBPUSD,BUY,2016-10-26 22:00:00+00:00,1.22447,CLOSED_SL
ACCEPTED,GBPUSD,SELL,2016-10-27 16:00:00+00:00,1.21777,CLOSED_DISCRETIONARY_EXIT
ACCEPTED,EURUSD,BUY,2016-10-28 14:00:00+00:00,1.09273,CLOSED_DISCRETIONARY_EXIT
ACCEPTED,EURUSD,BUY,2016-11-01 13:00:00+00:00,1.10282,CLOSED_DISCRETIONARY_EXIT
ACCEPTED,GBPUSD,BUY,2016-10-31 19:00:00+00:00,1.22289,CLOSED_DISCRETIONARY_EXIT
ACCEPTED,GBPUSD,SELL,2016-11-07 06:00:00+00:00,1.24405,CLOSED_DISCRETIONARY_EXIT
ACCEPTED,GBPUSD,SELL,2016-11-08 14:00:00+00:00,1.23778,CLOSED_SL
ACCEPTED,EURUSD,SELL,2016-11-08 18:00:00+00:00,1.10228,CLOSED_SL
ACCEPTED,EURUSD,SELL,2016-11-09 01:00:00+00:00,1.09941,CLOSED_SL
ACCEPTED,EURUSD,BUY,2016-11-09 03:00:00+00:00,1.11255,CLOSED_SL
ACCEPTED,EURUSD,SELL,2016-11-09 15:00:00+00:00,1.09510,CLOSED_DISCRETIONARY_EXIT
ACCEPTED,GBPUSD,BUY,2016-11-10 15:00:00+00:00,1.24823,CLOSED_DISCRETIONARY_EXIT
ACCEPTED,EURUSD,SELL,2016-11-11 16:00:00+00:00,1.08509,CLOSED_DISCRETIONARY_EXIT
ACCEPTED,EURUSD,BUY,2016-11-15 09:00:00+00:00,1.08052,CLOSED_SL
ACCEPTED,GBPUSD,SELL,2016-11-15 09:00:00+00:00,1.24420,CLOSED_SL
ACCEPTED,EURUSD,SELL,2016-11-15 19:00:00+00:00,1.07169,CLOSED_DISCRETIONARY_EXIT
ACCEPTED,EURUSD,SELL,2016-11-16 08:00:00+00:00,1.07054,CLOSED_DISCRETIONARY_EXIT
ACCEPTED,EURUSD,BUY,2016-11-17 09:00:00+00:00,1.07368,CLOSED_SL
ACCEPTED,GBPUSD,BUY,2016-11-17 09:00:00+00:00,1.24782,CLOSED_SL
ACCEPTED,EURUSD,SELL,2016-11-17 17:00:00+00:00,1.06554,CLOSED_DISCRETIONARY_EXIT
ACCEPTED,GBPUSD,SELL,2016-11-18 13:00:00+00:00,1.23696,CLOSED_DISCRETIONARY_EXIT
ACCEPTED,EURUSD,BUY,2016-11-21 09:00:00+00:00,1.06443,CLOSED_SL
ACCEPTED,GBPUSD,BUY,2016-11-21 12:00:00+00:00,1.23847,CLOSED_DISCRETIONARY_EXIT
ACCEPTED,GBPUSD,SELL,2016-11-22 11:00:00+00:00,1.24440,CLOSED_DISCRETIONARY_EXIT
ACCEPTED,GBPUSD,BUY,2016-11-23 17:00:00+00:00,1.24567,CLOSED_DISCRETIONARY_EXIT
ACCEPTED,EURUSD,SELL,2016-11-23 14:00:00+00:00,1.05573,CLOSED_DISCRETIONARY_EXIT
ACCEPTED,GBPUSD,BUY,2016-11-24 11:00:00+00:00,1.24718,CLOSED_SL
ACCEPTED,GBPUSD,BUY,2016-11-25 20:00:00+00:00,1.24778,CLOSED_SL
ACCEPTED,EURUSD,BUY,2016-11-25 08:00:00+00:00,1.05884,CLOSED_DISCRETIONARY_EXIT
ACCEPTED,EURUSD,SELL,2016-11-28 13:00:00+00:00,1.05824,CLOSED_DISCRETIONARY_EXIT
ACCEPTED,GBPUSD,SELL,2016-11-28 12:00:00+00:00,1.24018,CLOSED_SL
ACCEPTED,GBPUSD,BUY,2016-11-29 10:00:00+00:00,1.24697,CLOSED_DISCRETIONARY_EXIT
ACCEPTED,GBPUSD,SELL,2016-11-30 11:00:00+00:00,1.24349,CLOSED_SL
ACCEPTED,EURUSD,SELL,2016-11-30 15:00:00+00:00,1.05989,CLOSED_DISCRETIONARY_EXIT
ACCEPTED,EURUSD,SELL,2016-12-04 23:00:00+00:00,1.05331,CLOSED_SL
ACCEPTED,GBPUSD,BUY,2016-12-01 01:00:00+00:00,1.25266,CLOSED_DISCRETIONARY_EXIT
ACCEPTED,EURUSD,SELL,2016-12-06 17:00:00+00:00,1.07169,CLOSED_DISCRETIONARY_EXIT
ACCEPTED,GBPUSD,SELL,2016-12-06 16:00:00+00:00,1.27112,CLOSED_DISCRETIONARY_EXIT
ACCEPTED,EURUSD,BUY,2016-12-07 16:00:00+00:00,1.07678,CLOSED_DISCRETIONARY_EXIT
ACCEPTED,EURUSD,SELL,2016-12-08 14:00:00+00:00,1.06672,CLOSED_DISCRETIONARY_EXIT
ACCEPTED,EURUSD,BUY,2016-12-12 10:00:00+00:00,1.05937,CLOSED_DISCRETIONARY_EXIT
ACCEPTED,GBPUSD,BUY,2016-12-13 10:00:00+00:00,1.27124,CLOSED_SL
ACCEPTED,GBPUSD,SELL,2016-12-13 21:00:00+00:00,1.26536,CLOSED_SL
ACCEPTED,GBPUSD,BUY,2016-12-14 14:00:00+00:00,1.27021,CLOSED_SL
ACCEPTED,EURUSD,SELL,2016-12-14 20:00:00+00:00,1.05581,CLOSED_DISCRETIONARY_EXIT
ACCEPTED,GBPUSD,SELL,2016-12-14 20:00:00+00:00,1.26004,CLOSED_DISCRETIONARY_EXIT
ACCEPTED,EURUSD,BUY,2016-12-16 10:00:00+00:00,1.04644,CLOSED_SL
ACCEPTED,GBPUSD,BUY,2016-12-16 17:00:00+00:00,1.24778,CLOSED_DISCRETIONARY_EXIT
ACCEPTED,GBPUSD,SELL,2016-12-19 12:00:00+00:00,1.24107,CLOSED_DISCRETIONARY_EXIT
ACCEPTED,GBPUSD,SELL,2016-12-22 09:00:00+00:00,1.23358,CLOSED_DISCRETIONARY_EXIT
ACCEPTED,EURUSD,BUY,2016-12-21 03:00:00+00:00,1.04104,CLOSED_DISCRETIONARY_EXIT
ACCEPTED,GBPUSD,SELL,2016-12-23 09:00:00+00:00,1.22538,CLOSED_SL
ACCEPTED,GBPUSD,SELL,2016-12-27 12:00:00+00:00,1.22523,CLOSED_SL
ACCEPTED,GBPUSD,BUY,2016-12-28 01:00:00+00:00,1.22876,CLOSED_SL
ACCEPTED,EURUSD,BUY,2016-12-28 01:00:00+00:00,1.04650,CLOSED_SL
ACCEPTED,EURUSD,SELL,2016-12-28 10:00:00+00:00,1.04397,CLOSED_DISCRETIONARY_EXIT
ACCEPTED,GBPUSD,BUY,2016-12-29 08:00:00+00:00,1.22597,CLOSED_SL
ACCEPTED,EURUSD,BUY,2016-12-29 06:00:00+00:00,1.04611,CLOSED_DISCRETIONARY_EXIT
ACCEPTED,EURUSD,SELL,2017-01-02 09:00:00+00:00,1.04889,CLOSED_DISCRETIONARY_EXIT
ACCEPTED,GBPUSD,SELL,2017-01-03 09:00:00+00:00,1.22476,CLOSED_SL
ACCEPTED,EURUSD,SELL,2017-01-03 09:00:00+00:00,1.04351,CLOSED_DISCRETIONARY_EXIT
ACCEPTED,EURUSD,BUY,2017-01-04 09:00:00+00:00,1.04346,CLOSED_DISCRETIONARY_EXIT
ACCEPTED,GBPUSD,BUY,2017-01-05 16:00:00+00:00,1.24253,CLOSED_DISCRETIONARY_EXIT
ACCEPTED,EURUSD,BUY,2017-01-05 16:00:00+00:00,1.06037,CLOSED_SL
ACCEPTED,EURUSD,SELL,2017-01-06 14:00:00+00:00,1.05441,CLOSED_DISCRETIONARY_EXIT
ACCEPTED,GBPUSD,SELL,2017-01-06 14:00:00+00:00,1.23357,CLOSED_DISCRETIONARY_EXIT
ACCEPTED,GBPUSD,BUY,2017-01-10 16:00:00+00:00,1.21844,CLOSED_SL
ACCEPTED,EURUSD,SELL,2017-01-11 03:00:00+00:00,1.05460,CLOSED_SL
ACCEPTED,GBPUSD,BUY,2017-01-11 19:00:00+00:00,1.22301,CLOSED_DISCRETIONARY_EXIT
ACCEPTED,EURUSD,BUY,2017-01-11 19:00:00+00:00,1.06045,CLOSED_DISCRETIONARY_EXIT
ACCEPTED,GBPUSD,SELL,2017-01-13 15:00:00+00:00,1.21346,CLOSED_SL
ACCEPTED,GBPUSD,SELL,2017-01-15 23:00:00+00:00,1.20465,CLOSED_DISCRETIONARY_EXIT
ACCEPTED,EURUSD,BUY,2017-01-17 04:00:00+00:00,1.06255,CLOSED_DISCRETIONARY_EXIT
ACCEPTED,EURUSD,SELL,2017-01-18 13:00:00+00:00,1.06658,CLOSED_SL
ACCEPTED,GBPUSD,SELL,2017-01-18 12:00:00+00:00,1.22814,CLOSED_SL
ACCEPTED,EURUSD,SELL,2017-01-18 21:00:00+00:00,1.06379,CLOSED_DISCRETIONARY_EXIT
ACCEPTED,EURUSD,SELL,2017-01-19 14:00:00+00:00,1.06188,CLOSED_SL
ACCEPTED,GBPUSD,BUY,2017-01-20 02:00:00+00:00,1.23658,CLOSED_SL
ACCEPTED,EURUSD,BUY,2017-01-20 02:00:00+00:00,1.06819,CLOSED_SL
ACCEPTED,EURUSD,BUY,2017-01-20 20:00:00+00:00,1.07060,CLOSED_DISCRETIONARY_EXIT
ACCEPTED,GBPUSD,BUY,2017-01-20 20:00:00+00:00,1.23786,CLOSED_DISCRETIONARY_EXIT
ACCEPTED,GBPUSD,SELL,2017-01-24 13:00:00+00:00,1.24216,CLOSED_SL
ACCEPTED,EURUSD,SELL,2017-01-24 20:00:00+00:00,1.07221,CLOSED_SL
ACCEPTED,GBPUSD,BUY,2017-01-25 10:00:00+00:00,1.25893,CLOSED_DISCRETIONARY_EXIT
ACCEPTED,EURUSD,SELL,2017-01-26 13:00:00+00:00,1.07107,CLOSED_DISCRETIONARY_EXIT
ACCEPTED,GBPUSD,SELL,2017-01-26 13:00:00+00:00,1.25714,CLOSED_DISCRETIONARY_EXIT
ACCEPTED,EURUSD,BUY,2017-01-30 02:00:00+00:00,1.07377,CLOSED_SL
ACCEPTED,GBPUSD,BUY,2017-01-30 00:00:00+00:00,1.25964,CLOSED_SL
ACCEPTED,EURUSD,SELL,2017-01-30 12:00:00+00:00,1.06611,CLOSED_SL
ACCEPTED,GBPUSD,SELL,2017-01-30 09:00:00+00:00,1.25107,CLOSED_DISCRETIONARY_EXIT
ACCEPTED,EURUSD,BUY,2017-01-31 12:00:00+00:00,1.07510,CLOSED_DISCRETIONARY_EXIT
ACCEPTED,EURUSD,SELL,2017-02-01 14:00:00+00:00,1.07602,CLOSED_SL
ACCEPTED,GBPUSD,BUY,2017-02-01 10:00:00+00:00,1.26047,CLOSED_DISCRETIONARY_EXIT
ACCEPTED,EURUSD,BUY,2017-02-03 16:00:00+00:00,1.07891,CLOSED_SL
ACCEPTED,GBPUSD,SELL,2017-02-02 13:00:00+00:00,1.25723,CLOSED_DISCRETIONARY_EXIT
ACCEPTED,EURUSD,SELL,2017-02-08 08:00:00+00:00,1.06584,CLOSED_SL
ACCEPTED,GBPUSD,BUY,2017-02-07 19:00:00+00:00,1.25193,CLOSED_DISCRETIONARY_EXIT
ACCEPTED,GBPUSD,BUY,2017-02-09 09:00:00+00:00,1.25541,CLOSED_SL
ACCEPTED,EURUSD,SELL,2017-02-09 15:00:00+00:00,1.06655,CLOSED_DISCRETIONARY_EXIT
ACCEPTED,EURUSD,SELL,2017-02-13 15:00:00+00:00,1.06015,CLOSED_DISCRETIONARY_EXIT
ACCEPTED,GBPUSD,BUY,2017-02-14 06:00:00+00:00,1.25457,CLOSED_SL
ACCEPTED,EURUSD,SELL,2017-02-14 16:00:00+00:00,1.05637,CLOSED_DISCRETIONARY_EXIT
ACCEPTED,GBPUSD,SELL,2017-02-14 10:00:00+00:00,1.24718,CLOSED_DISCRETIONARY_EXIT
ACCEPTED,EURUSD,BUY,2017-02-15 17:00:00+00:00,1.05974,CLOSED_DISCRETIONARY_EXIT
ACCEPTED,GBPUSD,SELL,2017-02-17 10:00:00+00:00,1.24164,CLOSED_SL
ACCEPTED,GBPUSD,BUY,2017-02-20 09:00:00+00:00,1.24578,CLOSED_DISCRETIONARY_EXIT
ACCEPTED,EURUSD,SELL,2017-02-17 16:00:00+00:00,1.06261,CLOSED_DISCRETIONARY_EXIT
ACCEPTED,GBPUSD,BUY,2017-02-23 13:00:00+00:00,1.24956,CLOSED_DISCRETIONARY_EXIT
ACCEPTED,EURUSD,BUY,2017-02-22 20:00:00+00:00,1.05719,CLOSED_DISCRETIONARY_EXIT
ACCEPTED,GBPUSD,SELL,2017-02-24 15:00:00+00:00,1.25118,CLOSED_DISCRETIONARY_EXIT
ACCEPTED,EURUSD,BUY,2017-02-27 16:00:00+00:00,1.06143,CLOSED_SL
ACCEPTED,EURUSD,BUY,2017-02-28 16:00:00+00:00,1.06269,CLOSED_SL
ACCEPTED,GBPUSD,SELL,2017-02-28 20:00:00+00:00,1.24022,CLOSED_DISCRETIONARY_EXIT
ACCEPTED,GBPUSD,BUY,2017-03-03 21:00:00+00:00,1.22999,CLOSED_DISCRETIONARY_EXIT
ACCEPTED,EURUSD,BUY,2017-03-03 21:00:00+00:00,1.06169,CLOSED_SL
ACCEPTED,GBPUSD,SELL,2017-03-06 17:00:00+00:00,1.22415,CLOSED_DISCRETIONARY_EXIT
ACCEPTED,GBPUSD,BUY,2017-03-09 14:00:00+00:00,1.21845,CLOSED_SL
ACCEPTED,EURUSD,BUY,2017-03-09 14:00:00+00:00,1.05854,CLOSED_DISCRETIONARY_EXIT
ACCEPTED,EURUSD,SELL,2017-03-13 14:00:00+00:00,1.06592,CLOSED_DISCRETIONARY_EXIT
ACCEPTED,GBPUSD,BUY,2017-03-15 07:00:00+00:00,1.21773,CLOSED_DISCRETIONARY_EXIT
ACCEPTED,EURUSD,BUY,2017-03-16 20:00:00+00:00,1.07500,CLOSED_DISCRETIONARY_EXIT
ACCEPTED,GBPUSD,BUY,2017-03-16 14:00:00+00:00,1.23701,CLOSED_DISCRETIONARY_EXIT
ACCEPTED,GBPUSD,BUY,2017-03-17 10:00:00+00:00,1.23885,CLOSED_SL
ACCEPTED,GBPUSD,BUY,2017-03-20 09:00:00+00:00,1.24192,CLOSED_SL
ACCEPTED,GBPUSD,SELL,2017-03-20 17:00:00+00:00,1.23653,CLOSED_DISCRETIONARY_EXIT
ACCEPTED,EURUSD,BUY,2017-03-21 08:00:00+00:00,1.07741,CLOSED_DISCRETIONARY_EXIT
ACCEPTED,EURUSD,SELL,2017-03-22 10:00:00+00:00,1.07873,CLOSED_SL
ACCEPTED,GBPUSD,SELL,2017-03-22 15:00:00+00:00,1.24379,CLOSED_SL
ACCEPTED,GBPUSD,BUY,2017-03-23 08:00:00+00:00,1.25085,CLOSED_SL
ACCEPTED,EURUSD,SELL,2017-03-23 10:00:00+00:00,1.07743,CLOSED_SL
ACCEPTED,GBPUSD,SELL,2017-03-24 15:00:00+00:00,1.24718,CLOSED_SL
ACCEPTED,EURUSD,BUY,2017-03-24 10:00:00+00:00,1.07998,CLOSED_DISCRETIONARY_EXIT
ACCEPTED,GBPUSD,SELL,2017-03-28 16:00:00+00:00,1.25348,CLOSED_DISCRETIONARY_EXIT
ACCEPTED,EURUSD,SELL,2017-03-28 08:00:00+00:00,1.08536,CLOSED_DISCRETIONARY_EXIT
ACCEPTED,GBPUSD,SELL,2017-03-31 11:00:00+00:00,1.24381,CLOSED_SL
ACCEPTED,EURUSD,SELL,2017-03-31 11:00:00+00:00,1.06704,CLOSED_SL
ACCEPTED,GBPUSD,BUY,2017-03-31 17:00:00+00:00,1.25363,CLOSED_DISCRETIONARY_EXIT
ACCEPTED,EURUSD,SELL,2017-03-31 21:00:00+00:00,1.06691,CLOSED_DISCRETIONARY_EXIT
ACCEPTED,GBPUSD,SELL,2017-04-04 07:00:00+00:00,1.24409,CLOSED_SL
ACCEPTED,EURUSD,BUY,2017-04-04 23:00:00+00:00,1.06794,CLOSED_SL
ACCEPTED,EURUSD,SELL,2017-04-05 18:00:00+00:00,1.06467,CLOSED_SL
ACCEPTED,GBPUSD,BUY,2017-04-05 10:00:00+00:00,1.24691,CLOSED_DISCRETIONARY_EXIT
ACCEPTED,EURUSD,SELL,2017-04-07 09:00:00+00:00,1.06361,CLOSED_SL
ACCEPTED,GBPUSD,SELL,2017-04-07 10:00:00+00:00,1.24334,CLOSED_DISCRETIONARY_EXIT
ACCEPTED,EURUSD,BUY,2017-04-10 17:00:00+00:00,1.06058,CLOSED_SL
ACCEPTED,GBPUSD,BUY,2017-04-10 15:00:00+00:00,1.24215,CLOSED_DISCRETIONARY_EXIT
ACCEPTED,EURUSD,BUY,2017-04-11 11:00:00+00:00,1.06076,CLOSED_DISCRETIONARY_EXIT
ACCEPTED,EURUSD,SELL,2017-04-12 19:00:00+00:00,1.05933,CLOSED_SL
ACCEPTED,EURUSD,BUY,2017-04-12 21:00:00+00:00,1.06594,CLOSED_DISCRETIONARY_EXIT
ACCEPTED,GBPUSD,BUY,2017-04-12 21:00:00+00:00,1.25324,CLOSED_DISCRETIONARY_EXIT
ACCEPTED,GBPUSD,SELL,2017-04-13 21:00:00+00:00,1.25053,CLOSED_DISCRETIONARY_EXIT
ACCEPTED,EURUSD,SELL,2017-04-17 00:00:00+00:00,1.06046,CLOSED_SL
ACCEPTED,GBPUSD,BUY,2017-04-14 14:00:00+00:00,1.25316,CLOSED_DISCRETIONARY_EXIT
ACCEPTED,GBPUSD,SELL,2017-04-19 17:00:00+00:00,1.27880,CLOSED_DISCRETIONARY_EXIT
ACCEPTED,EURUSD,BUY,2017-04-20 08:00:00+00:00,1.07420,CLOSED_SL
ACCEPTED,EURUSD,SELL,2017-04-21 11:00:00+00:00,1.07051,CLOSED_SL
ACCEPTED,EURUSD,BUY,2017-04-23 23:00:00+00:00,1.08970,CLOSED_SL
ACCEPTED,EURUSD,BUY,2017-04-25 08:00:00+00:00,1.08834,CLOSED_DISCRETIONARY_EXIT
ACCEPTED,GBPUSD,BUY,2017-04-26 16:00:00+00:00,1.28586,CLOSED_SL
ACCEPTED,EURUSD,SELL,2017-04-26 17:00:00+00:00,1.08723,CLOSED_SL
ACCEPTED,GBPUSD,BUY,2017-04-27 08:00:00+00:00,1.28834,CLOSED_DISCRETIONARY_EXIT
ACCEPTED,EURUSD,BUY,2017-05-01 14:00:00+00:00,1.09178,CLOSED_SL
ACCEPTED,GBPUSD,SELL,2017-05-01 21:00:00+00:00,1.28892,CLOSED_SL
ACCEPTED,GBPUSD,BUY,2017-05-02 20:00:00+00:00,1.29327,CLOSED_DISCRETIONARY_EXIT
ACCEPTED,EURUSD,BUY,2017-05-02 20:00:00+00:00,1.09275,CLOSED_DISCRETIONARY_EXIT
ACCEPTED,GBPUSD,SELL,2017-05-03 21:00:00+00:00,1.28735,CLOSED_DISCRETIONARY_EXIT
ACCEPTED,EURUSD,BUY,2017-05-04 11:00:00+00:00,1.09338,CLOSED_DISCRETIONARY_EXIT
ACCEPTED,GBPUSD,BUY,2017-05-05 08:00:00+00:00,1.29404,CLOSED_DISCRETIONARY_EXIT
ACCEPTED,GBPUSD,SELL,2017-05-08 13:00:00+00:00,1.29458,CLOSED_DISCRETIONARY_EXIT
ACCEPTED,GBPUSD,BUY,2017-05-10 08:00:00+00:00,1.29715,CLOSED_SL
ACCEPTED,EURUSD,SELL,2017-05-08 11:00:00+00:00,1.09381,CLOSED_DISCRETIONARY_EXIT
ACCEPTED,EURUSD,BUY,2017-05-11 09:00:00+00:00,1.08881,CLOSED_SL
ACCEPTED,GBPUSD,SELL,2017-05-11 10:00:00+00:00,1.29132,CLOSED_DISCRETIONARY_EXIT
ACCEPTED,EURUSD,BUY,2017-05-12 14:00:00+00:00,1.09069,CLOSED_DISCRETIONARY_EXIT
ACCEPTED,GBPUSD,BUY,2017-05-18 10:00:00+00:00,1.30206,CLOSED_SL
ACCEPTED,EURUSD,SELL,2017-05-18 19:00:00+00:00,1.10891,CLOSED_DISCRETIONARY_EXIT
ACCEPTED,GBPUSD,SELL,2017-05-18 19:00:00+00:00,1.29281,CLOSED_SL
ACCEPTED,EURUSD,BUY,2017-05-19 10:00:00+00:00,1.11501,CLOSED_DISCRETIONARY_EXIT
ACCEPTED,EURUSD,BUY,2017-05-22 12:00:00+00:00,1.12281,CLOSED_DISCRETIONARY_EXIT
ACCEPTED,GBPUSD,SELL,2017-05-23 08:00:00+00:00,1.29615,CLOSED_SL
ACCEPTED,EURUSD,SELL,2017-05-23 13:00:00+00:00,1.12178,CLOSED_DISCRETIONARY_EXIT
ACCEPTED,EURUSD,BUY,2017-05-24 22:00:00+00:00,1.12181,CLOSED_DISCRETIONARY_EXIT
ACCEPTED,GBPUSD,SELL,2017-05-26 01:00:00+00:00,1.29297,CLOSED_DISCRETIONARY_EXIT
ACCEPTED,EURUSD,SELL,2017-05-29 23:00:00+00:00,1.11518,CLOSED_DISCRETIONARY_EXIT
ACCEPTED,GBPUSD,BUY,2017-05-30 09:00:00+00:00,1.28609,CLOSED_SL
ACCEPTED,GBPUSD,SELL,2017-05-31 10:00:00+00:00,1.27808,CLOSED_SL
ACCEPTED,EURUSD,BUY,2017-05-31 12:00:00+00:00,1.12136,CLOSED_DISCRETIONARY_EXIT
ACCEPTED,GBPUSD,BUY,2017-06-01 16:00:00+00:00,1.29040,CLOSED_DISCRETIONARY_EXIT
ACCEPTED,EURUSD,SELL,2017-06-01 13:00:00+00:00,1.12187,CLOSED_SL
ACCEPTED,EURUSD,BUY,2017-06-02 14:00:00+00:00,1.12708,CLOSED_SL
ACCEPTED,EURUSD,SELL,2017-06-05 12:00:00+00:00,1.12430,CLOSED_SL
ACCEPTED,GBPUSD,BUY,2017-06-05 11:00:00+00:00,1.29086,CLOSED_SL
ACCEPTED,EURUSD,BUY,2017-06-06 19:00:00+00:00,1.12830,CLOSED_SL
ACCEPTED,GBPUSD,SELL,2017-06-06 14:00:00+00:00,1.28892,CLOSED_DISCRETIONARY_EXIT
ACCEPTED,EURUSD,SELL,2017-06-07 12:00:00+00:00,1.12117,CLOSED_SL
ACCEPTED,GBPUSD,BUY,2017-06-07 14:00:00+00:00,1.29248,CLOSED_DISCRETIONARY_EXIT
ACCEPTED,GBPUSD,SELL,2017-06-08 23:00:00+00:00,1.27422,CLOSED_SL
ACCEPTED,GBPUSD,SELL,2017-06-09 08:00:00+00:00,1.26645,CLOSED_SL
ACCEPTED,EURUSD,SELL,2017-06-09 01:00:00+00:00,1.11888,CLOSED_DISCRETIONARY_EXIT
ACCEPTED,EURUSD,BUY,2017-06-12 07:00:00+00:00,1.12134,CLOSED_SL
ACCEPTED,GBPUSD,SELL,2017-06-12 11:00:00+00:00,1.26977,CLOSED_DISCRETIONARY_EXIT
ACCEPTED,GBPUSD,BUY,2017-06-13 10:00:00+00:00,1.27007,CLOSED_DISCRETIONARY_EXIT
ACCEPTED,GBPUSD,SELL,2017-06-15 10:00:00+00:00,1.27054,CLOSED_SL
ACCEPTED,EURUSD,SELL,2017-06-15 11:00:00+00:00,1.11600,CLOSED_DISCRETIONARY_EXIT
ACCEPTED,EURUSD,BUY,2017-06-16 10:00:00+00:00,1.11739,CLOSED_DISCRETIONARY_EXIT
ACCEPTED,EURUSD,SELL,2017-06-19 14:00:00+00:00,1.11817,CLOSED_DISCRETIONARY_EXIT
ACCEPTED,GBPUSD,SELL,2017-06-20 09:00:00+00:00,1.26777,CLOSED_DISCRETIONARY_EXIT
ACCEPTED,EURUSD,SELL,2017-06-22 17:00:00+00:00,1.11470,CLOSED_DISCRETIONARY_EXIT
ACCEPTED,GBPUSD,BUY,2017-06-21 12:00:00+00:00,1.26480,CLOSED_DISCRETIONARY_EXIT
ACCEPTED,EURUSD,BUY,2017-06-26 14:00:00+00:00,1.12122,CLOSED_SL
ACCEPTED,EURUSD,BUY,2017-06-27 10:00:00+00:00,1.12500,CLOSED_DISCRETIONARY_EXIT
ACCEPTED,GBPUSD,BUY,2017-06-28 15:00:00+00:00,1.29355,CLOSED_DISCRETIONARY_EXIT
ACCEPTED,GBPUSD,SELL,2017-06-30 12:00:00+00:00,1.29766,CLOSED_SL
ACCEPTED,EURUSD,SELL,2017-07-03 09:00:00+00:00,1.13948,CLOSED_DISCRETIONARY_EXIT
ACCEPTED,EURUSD,SELL,2017-07-05 11:00:00+00:00,1.13241,CLOSED_SL
ACCEPTED,EURUSD,BUY,2017-07-06 13:00:00+00:00,1.13877,CLOSED_DISCRETIONARY_EXIT
ACCEPTED,GBPUSD,BUY,2017-07-06 07:00:00+00:00,1.29451,CLOSED_DISCRETIONARY_EXIT
ACCEPTED,GBPUSD,SELL,2017-07-07 10:00:00+00:00,1.29236,CLOSED_DISCRETIONARY_EXIT
ACCEPTED,GBPUSD,SELL,2017-07-10 11:00:00+00:00,1.28628,CLOSED_SL
ACCEPTED,GBPUSD,BUY,2017-07-11 09:00:00+00:00,1.28965,CLOSED_SL
ACCEPTED,EURUSD,BUY,2017-07-11 16:00:00+00:00,1.14204,CLOSED_DISCRETIONARY_EXIT
ACCEPTED,GBPUSD,SELL,2017-07-11 15:00:00+00:00,1.28627,CLOSED_DISCRETIONARY_EXIT
ACCEPTED,EURUSD,SELL,2017-07-12 15:00:00+00:00,1.14140,CLOSED_DISCRETIONARY_EXIT
ACCEPTED,GBPUSD,BUY,2017-07-12 13:00:00+00:00,1.28806,CLOSED_DISCRETIONARY_EXIT
ACCEPTED,GBPUSD,BUY,2017-07-18 09:00:00+00:00,1.31195,CLOSED_SL
ACCEPTED,EURUSD,BUY,2017-07-18 03:00:00+00:00,1.15302,CLOSED_DISCRETIONARY_EXIT
ACCEPTED,GBPUSD,SELL,2017-07-18 10:00:00+00:00,1.30256,CLOSED_DISCRETIONARY_EXIT
ACCEPTED,EURUSD,SELL,2017-07-19 08:00:00+00:00,1.15293,CLOSED_SL
ACCEPTED,EURUSD,BUY,2017-07-20 14:00:00+00:00,1.15629,CLOSED_DISCRETIONARY_EXIT
ACCEPTED,GBPUSD,BUY,2017-07-24 10:00:00+00:00,1.30281,CLOSED_DISCRETIONARY_EXIT
ACCEPTED,EURUSD,BUY,2017-07-25 06:00:00+00:00,1.16629,CLOSED_SL
ACCEPTED,EURUSD,SELL,2017-07-26 02:00:00+00:00,1.16413,CLOSED_SL
ACCEPTED,EURUSD,BUY,2017-07-26 20:00:00+00:00,1.17055,CLOSED_DISCRETIONARY_EXIT
ACCEPTED,GBPUSD,BUY,2017-07-26 20:00:00+00:00,1.30966,CLOSED_DISCRETIONARY_EXIT
ACCEPTED,EURUSD,SELL,2017-07-27 17:00:00+00:00,1.16550,CLOSED_DISCRETIONARY_EXIT
ACCEPTED,GBPUSD,SELL,2017-07-27 17:00:00+00:00,1.30626,CLOSED_DISCRETIONARY_EXIT
ACCEPTED,EURUSD,BUY,2017-07-28 11:00:00+00:00,1.17170,CLOSED_DISCRETIONARY_EXIT
ACCEPTED,GBPUSD,BUY,2017-07-31 16:00:00+00:00,1.31825,CLOSED_DISCRETIONARY_EXIT
ACCEPTED,GBPUSD,SELL,2017-08-03 13:00:00+00:00,1.31434,CLOSED_DISCRETIONARY_EXIT
ACCEPTED,EURUSD,BUY,2017-07-31 16:00:00+00:00,1.17903,CLOSED_DISCRETIONARY_EXIT
ACCEPTED,EURUSD,SELL,2017-08-04 14:00:00+00:00,1.18301,CLOSED_DISCRETIONARY_EXIT
ACCEPTED,GBPUSD,SELL,2017-08-04 14:00:00+00:00,1.30818,CLOSED_DISCRETIONARY_EXIT
ACCEPTED,EURUSD,BUY,2017-08-08 03:00:00+00:00,1.18169,CLOSED_SL
ACCEPTED,GBPUSD,SELL,2017-08-08 14:00:00+00:00,1.30134,CLOSED_DISCRETIONARY_EXIT
ACCEPTED,EURUSD,SELL,2017-08-09 15:00:00+00:00,1.17114,CLOSED_SL
ACCEPTED,EURUSD,BUY,2017-08-10 00:00:00+00:00,1.17633,CLOSED_DISCRETIONARY_EXIT
ACCEPTED,GBPUSD,SELL,2017-08-10 09:00:00+00:00,1.29621,CLOSED_SL
ACCEPTED,GBPUSD,SELL,2017-08-11 11:00:00+00:00,1.29614,CLOSED_SL
ACCEPTED,EURUSD,BUY,2017-08-11 14:00:00+00:00,1.18171,CLOSED_SL
ACCEPTED,EURUSD,BUY,2017-08-11 19:00:00+00:00,1.18380,CLOSED_DISCRETIONARY_EXIT
ACCEPTED,GBPUSD,BUY,2017-08-11 18:00:00+00:00,1.30165,CLOSED_SL
ACCEPTED,GBPUSD,BUY,2017-08-16 10:00:00+00:00,1.28919,CLOSED_SL
ACCEPTED,EURUSD,SELL,2017-08-14 16:00:00+00:00,1.17821,CLOSED_DISCRETIONARY_EXIT
ACCEPTED,EURUSD,BUY,2017-08-16 20:00:00+00:00,1.17693,CLOSED_DISCRETIONARY_EXIT
ACCEPTED,GBPUSD,BUY,2017-08-18 10:00:00+00:00,1.29076,CLOSED_SL
ACCEPTED,GBPUSD,SELL,2017-08-18 16:00:00+00:00,1.28566,CLOSED_SL
ACCEPTED,EURUSD,BUY,2017-08-21 14:00:00+00:00,1.17811,CLOSED_DISCRETIONARY_EXIT
ACCEPTED,GBPUSD,BUY,2017-08-21 12:00:00+00:00,1.28984,CLOSED_DISCRETIONARY_EXIT
ACCEPTED,GBPUSD,SELL,2017-08-22 09:00:00+00:00,1.28574,CLOSED_DISCRETIONARY_EXIT
ACCEPTED,EURUSD,BUY,2017-08-23 09:00:00+00:00,1.17823,CLOSED_DISCRETIONARY_EXIT
ACCEPTED,GBPUSD,SELL,2017-08-23 15:00:00+00:00,1.27910,CLOSED_SL
ACCEPTED,GBPUSD,BUY,2017-08-24 11:00:00+00:00,1.28255,CLOSED_SL
ACCEPTED,EURUSD,SELL,2017-08-25 09:00:00+00:00,1.17801,CLOSED_SL
ACCEPTED,EURUSD,BUY,2017-08-25 12:00:00+00:00,1.18180,CLOSED_SL
ACCEPTED,GBPUSD,BUY,2017-08-25 12:00:00+00:00,1.28379,CLOSED_SL
ACCEPTED,EURUSD,BUY,2017-08-25 16:00:00+00:00,1.18716,CLOSED_DISCRETIONARY_EXIT
ACCEPTED,GBPUSD,BUY,2017-08-25 16:00:00+00:00,1.28783,CLOSED_DISCRETIONARY_EXIT
ACCEPTED,GBPUSD,SELL,2017-08-29 22:00:00+00:00,1.29150,CLOSED_DISCRETIONARY_EXIT
ACCEPTED,GBPUSD,SELL,2017-08-30 08:00:00+00:00,1.29095,CLOSED_SL
ACCEPTED,EURUSD,SELL,2017-08-30 13:00:00+00:00,1.19266,CLOSED_DISCRETIONARY_EXIT
ACCEPTED,EURUSD,BUY,2017-08-31 23:00:00+00:00,1.19208,CLOSED_DISCRETIONARY_EXIT
ACCEPTED,EURUSD,SELL,2017-09-01 15:00:00+00:00,1.18656,CLOSED_DISCRETIONARY_EXIT
ACCEPTED,GBPUSD,BUY,2017-08-31 20:00:00+00:00,1.29345,CLOSED_DISCRETIONARY_EXIT
ACCEPTED,GBPUSD,SELL,2017-09-04 18:00:00+00:00,1.29187,CLOSED_SL
ACCEPTED,EURUSD,SELL,2017-09-05 09:00:00+00:00,1.18789,CLOSED_SL
ACCEPTED,GBPUSD,BUY,2017-09-05 14:00:00+00:00,1.29824,CLOSED_DISCRETIONARY_EXIT
ACCEPTED,EURUSD,BUY,2017-09-06 10:00:00+00:00,1.19445,CLOSED_SL
ACCEPTED,GBPUSD,BUY,2017-09-06 16:00:00+00:00,1.30718,CLOSED_SL
ACCEPTED,EURUSD,BUY,2017-09-07 09:00:00+00:00,1.19545,CLOSED_DISCRETIONARY_EXIT
ACCEPTED,GBPUSD,BUY,2017-09-11 12:00:00+00:00,1.32148,CLOSED_SL
ACCEPTED,EURUSD,SELL,2017-09-11 03:00:00+00:00,1.20059,CLOSED_DISCRETIONARY_EXIT
ACCEPTED,EURUSD,SELL,2017-09-12 12:00:00+00:00,1.19365,CLOSED_SL
ACCEPTED,GBPUSD,BUY,2017-09-12 10:00:00+00:00,1.32693,CLOSED_SL
ACCEPTED,GBPUSD,BUY,2017-09-12 20:00:00+00:00,1.32959,CLOSED_DISCRETIONARY_EXIT
ACCEPTED,EURUSD,BUY,2017-09-13 03:00:00+00:00,1.19851,CLOSED_SL
ACCEPTED,EURUSD,SELL,2017-09-13 15:00:00+00:00,1.19376,CLOSED_DISCRETIONARY_EXIT
ACCEPTED,GBPUSD,SELL,2017-09-13 15:00:00+00:00,1.32437,CLOSED_SL
ACCEPTED,GBPUSD,BUY,2017-09-14 13:00:00+00:00,1.33369,CLOSED_DISCRETIONARY_EXIT
ACCEPTED,GBPUSD,SELL,2017-09-18 09:00:00+00:00,1.35520,CLOSED_DISCRETIONARY_EXIT
ACCEPTED,EURUSD,BUY,2017-09-19 06:00:00+00:00,1.19766,CLOSED_DISCRETIONARY_EXIT
ACCEPTED,GBPUSD,SELL,2017-09-20 20:00:00+00:00,1.34827,CLOSED_DISCRETIONARY_EXIT
ACCEPTED,EURUSD,SELL,2017-09-20 20:00:00+00:00,1.18903,CLOSED_DISCRETIONARY_EXIT
ACCEPTED,GBPUSD,BUY,2017-09-21 17:00:00+00:00,1.35762,CLOSED_DISCRETIONARY_EXIT
ACCEPTED,GBPUSD,SELL,2017-09-22 15:00:00+00:00,1.35016,CLOSED_SL
ACCEPTED,EURUSD,BUY,2017-09-21 17:00:00+00:00,1.19471,CLOSED_DISCRETIONARY_EXIT
ACCEPTED,EURUSD,SELL,2017-09-24 23:00:00+00:00,1.19153,CLOSED_DISCRETIONARY_EXIT
ACCEPTED,GBPUSD,BUY,2017-09-28 12:00:00+00:00,1.34223,CLOSED_DISCRETIONARY_EXIT
ACCEPTED,EURUSD,BUY,2017-09-28 12:00:00+00:00,1.17796,CLOSED_DISCRETIONARY_EXIT
ACCEPTED,EURUSD,BUY,2017-09-29 12:00:00+00:00,1.18135,CLOSED_DISCRETIONARY_EXIT
ACCEPTED,GBPUSD,SELL,2017-09-29 09:00:00+00:00,1.34024,CLOSED_DISCRETIONARY_EXIT
ACCEPTED,EURUSD,BUY,2017-10-04 02:00:00+00:00,1.17754,CLOSED_SL
ACCEPTED,GBPUSD,SELL,2017-10-04 23:00:00+00:00,1.32397,CLOSED_DISCRETIONARY_EXIT
ACCEPTED,GBPUSD,BUY,2017-10-09 07:00:00+00:00,1.31073,CLOSED_DISCRETIONARY_EXIT
ACCEPTED,EURUSD,BUY,2017-10-11 15:00:00+00:00,1.18555,CLOSED_DISCRETIONARY_EXIT
ACCEPTED,GBPUSD,BUY,2017-10-12 02:00:00+00:00,1.32424,CLOSED_DISCRETIONARY_EXIT
ACCEPTED,GBPUSD,SELL,2017-10-12 13:00:00+00:00,1.31391,CLOSED_SL
ACCEPTED,EURUSD,SELL,2017-10-12 15:00:00+00:00,1.18328,CLOSED_SL
ACCEPTED,GBPUSD,BUY,2017-10-12 19:00:00+00:00,1.32743,CLOSED_DISCRETIONARY_EXIT
ACCEPTED,GBPUSD,SELL,2017-10-16 14:00:00+00:00,1.32635,CLOSED_DISCRETIONARY_EXIT
ACCEPTED,EURUSD,SELL,2017-10-16 03:00:00+00:00,1.18029,CLOSED_DISCRETIONARY_EXIT
ACCEPTED,EURUSD,BUY,2017-10-18 18:00:00+00:00,1.17878,CLOSED_DISCRETIONARY_EXIT
ACCEPTED,GBPUSD,SELL,2017-10-20 03:00:00+00:00,1.31222,CLOSED_SL
ACCEPTED,GBPUSD,BUY,2017-10-23 07:00:00+00:00,1.32134,CLOSED_SL
ACCEPTED,EURUSD,SELL,2017-10-20 15:00:00+00:00,1.17871,CLOSED_DISCRETIONARY_EXIT
ACCEPTED,EURUSD,BUY,2017-10-24 05:00:00+00:00,1.17670,CLOSED_SL
ACCEPTED,EURUSD,BUY,2017-10-24 20:00:00+00:00,1.17862,CLOSED_SL
ACCEPTED,GBPUSD,SELL,2017-10-24 13:00:00+00:00,1.31623,CLOSED_DISCRETIONARY_EXIT
ACCEPTED,GBPUSD,BUY,2017-10-25 11:00:00+00:00,1.32073,CLOSED_DISCRETIONARY_EXIT
ACCEPTED,GBPUSD,SELL,2017-10-26 10:00:00+00:00,1.32127,CLOSED_DISCRETIONARY_EXIT
ACCEPTED,EURUSD,SELL,2017-10-26 13:00:00+00:00,1.17684,CLOSED_DISCRETIONARY_EXIT
ACCEPTED,GBPUSD,BUY,2017-10-30 06:00:00+00:00,1.31489,CLOSED_DISCRETIONARY_EXIT
ACCEPTED,GBPUSD,BUY,2017-11-01 09:00:00+00:00,1.33092,CLOSED_SL
ACCEPTED,EURUSD,SELL,2017-11-01 14:00:00+00:00,1.16178,CLOSED_SL
ACCEPTED,EURUSD,BUY,2017-11-02 03:00:00+00:00,1.16616,CLOSED_SL
ACCEPTED,GBPUSD,SELL,2017-11-02 11:00:00+00:00,1.32364,CLOSED_SL
ACCEPTED,GBPUSD,SELL,2017-11-02 14:00:00+00:00,1.31165,CLOSED_DISCRETIONARY_EXIT
ACCEPTED,GBPUSD,BUY,2017-11-06 17:00:00+00:00,1.31449,CLOSED_DISCRETIONARY_EXIT
ACCEPTED,EURUSD,SELL,2017-11-03 16:00:00+00:00,1.16091,CLOSED_DISCRETIONARY_EXIT
ACCEPTED,GBPUSD,SELL,2017-11-08 13:00:00+00:00,1.30999,CLOSED_SL_GAP
ACCEPTED,EURUSD,BUY,2017-11-09 07:00:00+00:00,1.16095,CLOSED_SL
ACCEPTED,GBPUSD,BUY,2017-11-09 08:00:00+00:00,1.31449,CLOSED_SL
ACCEPTED,EURUSD,BUY,2017-11-09 12:00:00+00:00,1.16410,CLOSED_SL
ACCEPTED,EURUSD,BUY,2017-11-09 17:00:00+00:00,1.16484,CLOSED_DISCRETIONARY_EXIT
ACCEPTED,GBPUSD,BUY,2017-11-10 13:00:00+00:00,1.31790,CLOSED_SL
ACCEPTED,EURUSD,BUY,2017-11-10 10:00:00+00:00,1.16610,CLOSED_DISCRETIONARY_EXIT
ACCEPTED,GBPUSD,SELL,2017-11-13 08:00:00+00:00,1.30925,CLOSED_SL
ACCEPTED,EURUSD,BUY,2017-11-13 14:00:00+00:00,1.16712,CLOSED_DISCRETIONARY_EXIT
ACCEPTED,EURUSD,SELL,2017-11-15 23:00:00+00:00,1.17690,CLOSED_SL
ACCEPTED,EURUSD,SELL,2017-11-16 12:00:00+00:00,1.17645,CLOSED_SL
ACCEPTED,GBPUSD,BUY,2017-11-16 11:00:00+00:00,1.31971,CLOSED_DISCRETIONARY_EXIT
ACCEPTED,GBPUSD,SELL,2017-11-17 14:00:00+00:00,1.31768,CLOSED_SL
ACCEPTED,EURUSD,SELL,2017-11-19 23:00:00+00:00,1.17661,CLOSED_SL
ACCEPTED,GBPUSD,BUY,2017-11-20 08:00:00+00:00,1.32471,CLOSED_DISCRETIONARY_EXIT
ACCEPTED,GBPUSD,SELL,2017-11-21 11:00:00+00:00,1.32194,CLOSED_SL
ACCEPTED,GBPUSD,SELL,2017-11-22 13:00:00+00:00,1.32203,CLOSED_SL
ACCEPTED,EURUSD,BUY,2017-11-22 08:00:00+00:00,1.17584,CLOSED_DISCRETIONARY_EXIT
ACCEPTED,EURUSD,SELL,2017-11-27 17:00:00+00:00,1.19103,CLOSED_DISCRETIONARY_EXIT
ACCEPTED,GBPUSD,BUY,2017-11-28 20:00:00+00:00,1.33777,CLOSED_DISCRETIONARY_EXIT
ACCEPTED,EURUSD,SELL,2017-12-01 14:00:00+00:00,1.18690,CLOSED_SL
ACCEPTED,EURUSD,SELL,2017-12-04 08:00:00+00:00,1.18497,CLOSED_DISCRETIONARY_EXIT
ACCEPTED,GBPUSD,SELL,2017-12-05 08:00:00+00:00,1.34102,CLOSED_SL
ACCEPTED,EURUSD,SELL,2017-12-05 14:00:00+00:00,1.18347,CLOSED_DISCRETIONARY_EXIT
ACCEPTED,GBPUSD,SELL,2017-12-06 10:00:00+00:00,1.33838,CLOSED_SL
ACCEPTED,GBPUSD,SELL,2017-12-07 12:00:00+00:00,1.33322,CLOSED_SL
ACCEPTED,EURUSD,SELL,2017-12-07 11:00:00+00:00,1.17795,CLOSED_SL
ACCEPTED,GBPUSD,BUY,2017-12-07 15:00:00+00:00,1.34256,CLOSED_DISCRETIONARY_EXIT
ACCEPTED,EURUSD,SELL,2017-12-07 20:00:00+00:00,1.17730,CLOSED_DISCRETIONARY_EXIT
ACCEPTED,EURUSD,BUY,2017-12-11 02:00:00+00:00,1.17777,CLOSED_DISCRETIONARY_EXIT
ACCEPTED,EURUSD,SELL,2017-12-11 22:00:00+00:00,1.17677,CLOSED_SL
ACCEPTED,EURUSD,SELL,2017-12-12 14:00:00+00:00,1.17505,CLOSED_DISCRETIONARY_EXIT
ACCEPTED,EURUSD,BUY,2017-12-13 19:00:00+00:00,1.17742,CLOSED_DISCRETIONARY_EXIT
ACCEPTED,EURUSD,SELL,2017-12-14 23:00:00+00:00,1.17652,CLOSED_DISCRETIONARY_EXIT
ACCEPTED,GBPUSD,BUY,2017-12-13 15:00:00+00:00,1.33720,CLOSED_DISCRETIONARY_EXIT
ACCEPTED,GBPUSD,SELL,2017-12-15 13:00:00+00:00,1.33702,CLOSED_DISCRETIONARY_EXIT
ACCEPTED,GBPUSD,BUY,2017-12-18 12:00:00+00:00,1.33661,CLOSED_DISCRETIONARY_EXIT
ACCEPTED,EURUSD,BUY,2017-12-19 13:00:00+00:00,1.18297,CLOSED_SL
ACCEPTED,GBPUSD,SELL,2017-12-19 14:00:00+00:00,1.33458,CLOSED_SL
ACCEPTED,EURUSD,BUY,2017-12-19 19:00:00+00:00,1.18454,CLOSED_DISCRETIONARY_EXIT
ACCEPTED,EURUSD,BUY,2017-12-20 15:00:00+00:00,1.18606,CLOSED_DISCRETIONARY_EXIT
ACCEPTED,GBPUSD,SELL,2017-12-20 22:00:00+00:00,1.33716,CLOSED_DISCRETIONARY_EXIT
ACCEPTED,GBPUSD,BUY,2017-12-22 10:00:00+00:00,1.33913,CLOSED_SL
ACCEPTED,EURUSD,SELL,2017-12-22 01:00:00+00:00,1.18442,CLOSED_DISCRETIONARY_EXIT
ACCEPTED,EURUSD,BUY,2017-12-25 23:00:00+00:00,1.18722,CLOSED_DISCRETIONARY_EXIT
ACCEPTED,GBPUSD,SELL,2017-12-25 22:00:00+00:00,1.33669,CLOSED_DISCRETIONARY_EXIT
ACCEPTED,EURUSD,BUY,2017-12-26 15:00:00+00:00,1.18782,CLOSED_SL
ACCEPTED,GBPUSD,BUY,2017-12-26 18:00:00+00:00,1.33822,CLOSED_DISCRETIONARY_EXIT
ACCEPTED,GBPUSD,BUY,2017-12-29 06:00:00+00:00,1.34619,CLOSED_DISCRETIONARY_EXIT
ACCEPTED,GBPUSD,SELL,2018-01-03 15:00:00+00:00,1.35319,CLOSED_DISCRETIONARY_EXIT
ACCEPTED,EURUSD,SELL,2018-01-03 11:00:00+00:00,1.20177,CLOSED_SL
ACCEPTED,EURUSD,BUY,2018-01-04 10:00:00+00:00,1.20441,CLOSED_DISCRETIONARY_EXIT
ACCEPTED,EURUSD,SELL,2018-01-05 09:00:00+00:00,1.20526,CLOSED_SL
ACCEPTED,EURUSD,SELL,2018-01-05 15:00:00+00:00,1.20304,CLOSED_DISCRETIONARY_EXIT
ACCEPTED,GBPUSD,SELL,2018-01-10 10:00:00+00:00,1.34979,CLOSED_SL
ACCEPTED,EURUSD,BUY,2018-01-10 11:00:00+00:00,1.19956,CLOSED_SL
ACCEPTED,GBPUSD,SELL,2018-01-11 08:00:00+00:00,1.34846,CLOSED_SL
ACCEPTED,EURUSD,BUY,2018-01-11 13:00:00+00:00,1.20051,CLOSED_DISCRETIONARY_EXIT
ACCEPTED,EURUSD,SELL,2018-01-16 08:00:00+00:00,1.22465,CLOSED_DISCRETIONARY_EXIT
ACCEPTED,GBPUSD,BUY,2018-01-17 01:00:00+00:00,1.38229,CLOSED_SL
ACCEPTED,EURUSD,BUY,2018-01-17 01:00:00+00:00,1.23041,CLOSED_SL
ACCEPTED,GBPUSD,BUY,2018-01-17 18:00:00+00:00,1.38512,CLOSED_SL
ACCEPTED,EURUSD,SELL,2018-01-17 22:00:00+00:00,1.21833,CLOSED_DISCRETIONARY_EXIT
ACCEPTED,GBPUSD,BUY,2018-01-19 04:00:00+00:00,1.39216,CLOSED_SL
ACCEPTED,EURUSD,BUY,2018-01-19 04:00:00+00:00,1.22676,CLOSED_SL
ACCEPTED,GBPUSD,SELL,2018-01-19 13:00:00+00:00,1.38634,CLOSED_DISCRETIONARY_EXIT
ACCEPTED,EURUSD,SELL,2018-01-21 22:00:00+00:00,1.22683,CLOSED_DISCRETIONARY_EXIT
ACCEPTED,GBPUSD,BUY,2018-01-22 09:00:00+00:00,1.39005,CLOSED_DISCRETIONARY_EXIT
ACCEPTED,EURUSD,BUY,2018-01-23 15:00:00+00:00,1.22794,CLOSED_DISCRETIONARY_EXIT
ACCEPTED,GBPUSD,SELL,2018-01-25 20:00:00+00:00,1.41248,CLOSED_SL
ACCEPTED,EURUSD,SELL,2018-01-29 02:00:00+00:00,1.23970,CLOSED_DISCRETIONARY_EXIT
ACCEPTED,GBPUSD,SELL,2018-01-29 03:00:00+00:00,1.41228,CLOSED_DISCRETIONARY_EXIT
ACCEPTED,EURUSD,BUY,2018-01-30 10:00:00+00:00,1.23989,CLOSED_DISCRETIONARY_EXIT
ACCEPTED,GBPUSD,BUY,2018-02-01 09:00:00+00:00,1.42507,CLOSED_SL
ACCEPTED,EURUSD,BUY,2018-02-01 16:00:00+00:00,1.24700,CLOSED_DISCRETIONARY_EXIT
ACCEPTED,EURUSD,SELL,2018-02-02 14:00:00+00:00,1.24450,CLOSED_SL
ACCEPTED,GBPUSD,SELL,2018-02-02 14:00:00+00:00,1.41569,CLOSED_DISCRETIONARY_EXIT
ACCEPTED,GBPUSD,SELL,2018-02-05 12:00:00+00:00,1.40490,CLOSED_DISCRETIONARY_EXIT
ACCEPTED,GBPUSD,SELL,2018-02-06 12:00:00+00:00,1.39333,CLOSED_DISCRETIONARY_EXIT
ACCEPTED,EURUSD,SELL,2018-02-08 09:00:00+00:00,1.22410,CLOSED_SL
ACCEPTED,GBPUSD,BUY,2018-02-08 13:00:00+00:00,1.39905,CLOSED_SL
ACCEPTED,GBPUSD,SELL,2018-02-09 12:00:00+00:00,1.38369,CLOSED_DISCRETIONARY_EXIT
ACCEPTED,EURUSD,BUY,2018-02-13 00:00:00+00:00,1.23016,CLOSED_DISCRETIONARY_EXIT
ACCEPTED,GBPUSD,SELL,2018-02-14 12:00:00+00:00,1.38477,CLOSED_SL
ACCEPTED,EURUSD,SELL,2018-02-14 12:00:00+00:00,1.23421,CLOSED_SL
ACCEPTED,EURUSD,BUY,2018-02-14 16:00:00+00:00,1.24038,CLOSED_DISCRETIONARY_EXIT
ACCEPTED,GBPUSD,BUY,2018-02-14 16:00:00+00:00,1.39604,CLOSED_DISCRETIONARY_EXIT
ACCEPTED,EURUSD,SELL,2018-02-16 14:00:00+00:00,1.24525,CLOSED_DISCRETIONARY_EXIT
ACCEPTED,GBPUSD,BUY,2018-02-22 18:00:00+00:00,1.39614,CLOSED_DISCRETIONARY_EXIT
ACCEPTED,EURUSD,BUY,2018-02-26 06:00:00+00:00,1.23285,CLOSED_DISCRETIONARY_EXIT
ACCEPTED,GBPUSD,BUY,2018-02-26 06:00:00+00:00,1.40194,CLOSED_DISCRETIONARY_EXIT
ACCEPTED,GBPUSD,SELL,2018-02-26 16:00:00+00:00,1.39414,CLOSED_DISCRETIONARY_EXIT
ACCEPTED,EURUSD,SELL,2018-02-27 14:00:00+00:00,1.22873,CLOSED_DISCRETIONARY_EXIT
ACCEPTED,GBPUSD,SELL,2018-02-27 14:00:00+00:00,1.39114,CLOSED_DISCRETIONARY_EXIT
ACCEPTED,GBPUSD,SELL,2018-03-01 16:00:00+00:00,1.37200,CLOSED_SL_GAP
ACCEPTED,EURUSD,BUY,2018-03-01 17:00:00+00:00,1.22162,CLOSED_DISCRETIONARY_EXIT
ACCEPTED,EURUSD,SELL,2018-03-05 08:00:00+00:00,1.22843,CLOSED_SL
ACCEPTED,GBPUSD,BUY,2018-03-05 16:00:00+00:00,1.38485,CLOSED_DISCRETIONARY_EXIT
ACCEPTED,GBPUSD,SELL,2018-03-07 10:00:00+00:00,1.38648,CLOSED_SL
ACCEPTED,EURUSD,BUY,2018-03-06 01:00:00+00:00,1.23507,CLOSED_DISCRETIONARY_EXIT
ACCEPTED,EURUSD,SELL,2018-03-08 10:00:00+00:00,1.23826,CLOSED_SL
ACCEPTED,EURUSD,SELL,2018-03-08 15:00:00+00:00,1.23506,CLOSED_DISCRETIONARY_EXIT
ACCEPTED,EURUSD,SELL,2018-03-09 11:00:00+00:00,1.22940,CLOSED_SL
ACCEPTED,EURUSD,SELL,2018-03-12 13:00:00+00:00,1.22922,CLOSED_SL
ACCEPTED,GBPUSD,BUY,2018-03-09 14:00:00+00:00,1.38403,CLOSED_DISCRETIONARY_EXIT
ACCEPTED,EURUSD,BUY,2018-03-13 14:00:00+00:00,1.23671,CLOSED_DISCRETIONARY_EXIT
ACCEPTED,GBPUSD,BUY,2018-03-13 14:00:00+00:00,1.39523,CLOSED_DISCRETIONARY_EXIT
ACCEPTED,EURUSD,SELL,2018-03-14 15:00:00+00:00,1.23575,CLOSED_DISCRETIONARY_EXIT
ACCEPTED,EURUSD,SELL,2018-03-15 14:00:00+00:00,1.23382,CLOSED_DISCRETIONARY_EXIT
ACCEPTED,EURUSD,SELL,2018-03-16 15:00:00+00:00,1.22839,CLOSED_DISCRETIONARY_EXIT
ACCEPTED,GBPUSD,BUY,2018-03-19 11:00:00+00:00,1.39750,CLOSED_DISCRETIONARY_EXIT
ACCEPTED,EURUSD,SELL,2018-03-20 13:00:00+00:00,1.22959,CLOSED_DISCRETIONARY_EXIT
ACCEPTED,GBPUSD,SELL,2018-03-20 13:00:00+00:00,1.40101,CLOSED_DISCRETIONARY_EXIT
ACCEPTED,GBPUSD,BUY,2018-03-21 09:00:00+00:00,1.40275,CLOSED_DISCRETIONARY_EXIT
ACCEPTED,GBPUSD,BUY,2018-03-23 14:00:00+00:00,1.41347,CLOSED_DISCRETIONARY_EXIT
ACCEPTED,EURUSD,BUY,2018-03-23 08:00:00+00:00,1.23458,CLOSED_DISCRETIONARY_EXIT
ACCEPTED,GBPUSD,SELL,2018-03-27 10:00:00+00:00,1.41479,CLOSED_SL
ACCEPTED,GBPUSD,BUY,2018-03-28 06:00:00+00:00,1.41917,CLOSED_SL
ACCEPTED,EURUSD,SELL,2018-03-28 15:00:00+00:00,1.23427,CLOSED_DISCRETIONARY_EXIT
ACCEPTED,GBPUSD,SELL,2018-03-28 15:00:00+00:00,1.41019,CLOSED_DISCRETIONARY_EXIT
ACCEPTED,GBPUSD,SELL,2018-03-29 08:00:00+00:00,1.40517,CLOSED_DISCRETIONARY_EXIT
ACCEPTED,GBPUSD,BUY,2018-04-02 09:00:00+00:00,1.40679,CLOSED_SL
ACCEPTED,EURUSD,BUY,2018-04-02 09:00:00+00:00,1.23316,CLOSED_SL
ACCEPTED,EURUSD,SELL,2018-04-02 17:00:00+00:00,1.22877,CLOSED_SL
ACCEPTED,GBPUSD,BUY,2018-04-03 09:00:00+00:00,1.40831,CLOSED_SL
ACCEPTED,EURUSD,SELL,2018-04-03 15:00:00+00:00,1.22578,CLOSED_DISCRETIONARY_EXIT
ACCEPTED,GBPUSD,BUY,2018-04-05 02:00:00+00:00,1.40949,CLOSED_SL
ACCEPTED,EURUSD,SELL,2018-04-05 08:00:00+00:00,1.22631,CLOSED_DISCRETIONARY_EXIT
ACCEPTED,GBPUSD,BUY,2018-04-06 14:00:00+00:00,1.40362,CLOSED_DISCRETIONARY_EXIT
ACCEPTED,GBPUSD,SELL,2018-04-12 10:00:00+00:00,1.41570,CLOSED_SL
ACCEPTED,EURUSD,SELL,2018-04-12 10:00:00+00:00,1.23458,CLOSED_DISCRETIONARY_EXIT
ACCEPTED,GBPUSD,BUY,2018-04-12 16:00:00+00:00,1.42337,CLOSED_DISCRETIONARY_EXIT
ACCEPTED,EURUSD,BUY,2018-04-16 09:00:00+00:00,1.23576,CLOSED_DISCRETIONARY_EXIT
ACCEPTED,EURUSD,SELL,2018-04-17 14:00:00+00:00,1.23476,CLOSED_SL
ACCEPTED,GBPUSD,SELL,2018-04-17 15:00:00+00:00,1.43056,CLOSED_DISCRETIONARY_EXIT
ACCEPTED,EURUSD,BUY,2018-04-18 13:00:00+00:00,1.23839,CLOSED_DISCRETIONARY_EXIT
ACCEPTED,GBPUSD,SELL,2018-04-18 09:00:00+00:00,1.42811,CLOSED_DISCRETIONARY_EXIT
ACCEPTED,GBPUSD,BUY,2018-04-19 13:00:00+00:00,1.42373,CLOSED_SL
ACCEPTED,GBPUSD,SELL,2018-04-19 19:00:00+00:00,1.40850,CLOSED_DISCRETIONARY_EXIT
ACCEPTED,EURUSD,SELL,2018-04-19 17:00:00+00:00,1.23361,CLOSED_DISCRETIONARY_EXIT
ACCEPTED,GBPUSD,BUY,2018-04-24 13:00:00+00:00,1.39684,CLOSED_DISCRETIONARY_EXIT
ACCEPTED,GBPUSD,SELL,2018-04-25 09:00:00+00:00,1.39367,CLOSED_SL
ACCEPTED,EURUSD,SELL,2018-04-25 09:00:00+00:00,1.21879,CLOSED_SL
ACCEPTED,EURUSD,SELL,2018-04-25 13:00:00+00:00,1.21773,CLOSED_SL
ACCEPTED,GBPUSD,BUY,2018-04-26 12:00:00+00:00,1.39648,CLOSED_SL
ACCEPTED,EURUSD,SELL,2018-04-26 16:00:00+00:00,1.21148,CLOSED_DISCRETIONARY_EXIT
ACCEPTED,EURUSD,BUY,2018-04-27 20:00:00+00:00,1.21228,CLOSED_DISCRETIONARY_EXIT
ACCEPTED,GBPUSD,SELL,2018-04-30 10:00:00+00:00,1.37336,CLOSED_SL
ACCEPTED,EURUSD,SELL,2018-04-30 13:00:00+00:00,1.20772,CLOSED_DISCRETIONARY_EXIT
ACCEPTED,EURUSD,SELL,2018-05-02 15:00:00+00:00,1.19733,CLOSED_SL
ACCEPTED,EURUSD,SELL,2018-05-02 21:00:00+00:00,1.19398,CLOSED_SL
ACCEPTED,GBPUSD,SELL,2018-05-02 21:00:00+00:00,1.35654,CLOSED_SL
ACCEPTED,GBPUSD,SELL,2018-05-03 16:00:00+00:00,1.35400,CLOSED_DISCRETIONARY_EXIT
ACCEPTED,GBPUSD,BUY,2018-05-07 16:00:00+00:00,1.35685,CLOSED_DISCRETIONARY_EXIT
ACCEPTED,EURUSD,SELL,2018-05-07 12:00:00+00:00,1.19170,CLOSED_DISCRETIONARY_EXIT
ACCEPTED,GBPUSD,BUY,2018-05-09 12:00:00+00:00,1.35625,CLOSED_DISCRETIONARY_EXIT
ACCEPTED,GBPUSD,SELL,2018-05-10 09:00:00+00:00,1.35380,CLOSED_SL
ACCEPTED,GBPUSD,BUY,2018-05-10 12:00:00+00:00,1.35926,CLOSED_SL
ACCEPTED,GBPUSD,SELL,2018-05-10 16:00:00+00:00,1.34673,CLOSED_SL
ACCEPTED,EURUSD,BUY,2018-05-10 12:00:00+00:00,1.18903,CLOSED_DISCRETIONARY_EXIT
ACCEPTED,EURUSD,BUY,2018-05-11 12:00:00+00:00,1.19417,CLOSED_DISCRETIONARY_EXIT
ACCEPTED,GBPUSD,BUY,2018-05-11 12:00:00+00:00,1.35742,CLOSED_DISCRETIONARY_EXIT
ACCEPTED,EURUSD,SELL,2018-05-14 22:00:00+00:00,1.19257,CLOSED_DISCRETIONARY_EXIT
ACCEPTED,EURUSD,SELL,2018-05-16 11:00:00+00:00,1.18077,CLOSED_DISCRETIONARY_EXIT
ACCEPTED,GBPUSD,BUY,2018-05-17 00:00:00+00:00,1.35275,CLOSED_SL
ACCEPTED,EURUSD,BUY,2018-05-18 08:00:00+00:00,1.18172,CLOSED_SL
ACCEPTED,EURUSD,SELL,2018-05-18 11:00:00+00:00,1.17766,CLOSED_DISCRETIONARY_EXIT
ACCEPTED,EURUSD,BUY,2018-05-21 21:00:00+00:00,1.17870,CLOSED_DISCRETIONARY_EXIT
ACCEPTED,EURUSD,BUY,2018-05-22 09:00:00+00:00,1.18183,CLOSED_SL
ACCEPTED,GBPUSD,BUY,2018-05-22 09:00:00+00:00,1.34503,CLOSED_SL
ACCEPTED,GBPUSD,SELL,2018-05-23 04:00:00+00:00,1.34098,CLOSED_DISCRETIONARY_EXIT
ACCEPTED,EURUSD,SELL,2018-05-23 04:00:00+00:00,1.17541,CLOSED_DISCRETIONARY_EXIT
ACCEPTED,EURUSD,BUY,2018-05-24 09:00:00+00:00,1.17231,CLOSED_DISCRETIONARY_EXIT
ACCEPTED,EURUSD,SELL,2018-05-25 08:00:00+00:00,1.17020,CLOSED_SL
ACCEPTED,GBPUSD,SELL,2018-05-25 08:00:00+00:00,1.33575,CLOSED_DISCRETIONARY_EXIT
ACCEPTED,EURUSD,SELL,2018-05-28 14:00:00+00:00,1.16092,CLOSED_DISCRETIONARY_EXIT
ACCEPTED,EURUSD,BUY,2018-05-30 09:00:00+00:00,1.16049,CLOSED_DISCRETIONARY_EXIT
ACCEPTED,GBPUSD,SELL,2018-06-01 04:00:00+00:00,1.32686,CLOSED_SL
ACCEPTED,EURUSD,BUY,2018-06-01 12:00:00+00:00,1.17108,CLOSED_SL
ACCEPTED,GBPUSD,BUY,2018-06-01 17:00:00+00:00,1.33574,CLOSED_DISCRETIONARY_EXIT
ACCEPTED,GBPUSD,SELL,2018-06-04 16:00:00+00:00,1.33315,CLOSED_DISCRETIONARY_EXIT
ACCEPTED,EURUSD,SELL,2018-06-05 14:00:00+00:00,1.16660,CLOSED_SL
ACCEPTED,GBPUSD,BUY,2018-06-05 19:00:00+00:00,1.34054,CLOSED_DISCRETIONARY_EXIT
ACCEPTED,EURUSD,BUY,2018-06-05 19:00:00+00:00,1.17308,CLOSED_DISCRETIONARY_EXIT
ACCEPTED,EURUSD,SELL,2018-06-08 08:00:00+00:00,1.17776,CLOSED_DISCRETIONARY_EXIT
ACCEPTED,GBPUSD,BUY,2018-06-11 08:00:00+00:00,1.34271,CLOSED_SL
ACCEPTED,EURUSD,BUY,2018-06-11 08:00:00+00:00,1.18084,CLOSED_SL
ACCEPTED,GBPUSD,SELL,2018-06-11 12:00:00+00:00,1.33548,CLOSED_SL
ACCEPTED,EURUSD,SELL,2018-06-12 00:00:00+00:00,1.17748,CLOSED_SL
ACCEPTED,GBPUSD,SELL,2018-06-13 09:00:00+00:00,1.33491,CLOSED_SL
ACCEPTED,EURUSD,BUY,2018-06-13 17:00:00+00:00,1.17838,CLOSED_SL
ACCEPTED,GBPUSD,BUY,2018-06-13 17:00:00+00:00,1.33786,CLOSED_SL
ACCEPTED,EURUSD,BUY,2018-06-14 01:00:00+00:00,1.18042,CLOSED_SL
ACCEPTED,GBPUSD,BUY,2018-06-14 06:00:00+00:00,1.33937,CLOSED_SL
ACCEPTED,EURUSD,SELL,2018-06-14 14:00:00+00:00,1.16882,CLOSED_DISCRETIONARY_EXIT
ACCEPTED,GBPUSD,SELL,2018-06-18 08:00:00+00:00,1.32445,CLOSED_DISCRETIONARY_EXIT
ACCEPTED,EURUSD,BUY,2018-06-19 01:00:00+00:00,1.16307,CLOSED_SL
ACCEPTED,GBPUSD,SELL,2018-06-19 08:00:00+00:00,1.32118,CLOSED_DISCRETIONARY_EXIT
ACCEPTED,EURUSD,SELL,2018-06-19 08:00:00+00:00,1.15830,CLOSED_DISCRETIONARY_EXIT
ACCEPTED,GBPUSD,BUY,2018-06-20 14:00:00+00:00,1.31955,CLOSED_SL
ACCEPTED,GBPUSD,SELL,2018-06-21 07:00:00+00:00,1.31496,CLOSED_SL
ACCEPTED,GBPUSD,BUY,2018-06-21 14:00:00+00:00,1.32445,CLOSED_DISCRETIONARY_EXIT
ACCEPTED,GBPUSD,SELL,2018-06-25 08:00:00+00:00,1.32391,CLOSED_SL
ACCEPTED,EURUSD,BUY,2018-06-25 13:00:00+00:00,1.16885,CLOSED_DISCRETIONARY_EXIT
ACCEPTED,GBPUSD,BUY,2018-06-25 13:00:00+00:00,1.32842,CLOSED_DISCRETIONARY_EXIT
ACCEPTED,EURUSD,SELL,2018-06-26 11:00:00+00:00,1.16601,CLOSED_DISCRETIONARY_EXIT
ACCEPTED,GBPUSD,SELL,2018-06-26 11:00:00+00:00,1.32308,CLOSED_DISCRETIONARY_EXIT
ACCEPTED,EURUSD,SELL,2018-06-27 10:00:00+00:00,1.16276,CLOSED_DISCRETIONARY_EXIT
ACCEPTED,GBPUSD,SELL,2018-06-28 14:00:00+00:00,1.30549,CLOSED_SL
ACCEPTED,EURUSD,BUY,2018-06-29 04:00:00+00:00,1.16410,CLOSED_DISCRETIONARY_EXIT
ACCEPTED,GBPUSD,BUY,2018-06-29 04:00:00+00:00,1.31116,CLOSED_DISCRETIONARY_EXIT
ACCEPTED,GBPUSD,SELL,2018-07-02 13:00:00+00:00,1.31367,CLOSED_SL
ACCEPTED,EURUSD,BUY,2018-07-03 09:00:00+00:00,1.16705,CLOSED_DISCRETIONARY_EXIT
ACCEPTED,EURUSD,SELL,2018-07-04 11:00:00+00:00,1.16353,CLOSED_SL
ACCEPTED,GBPUSD,BUY,2018-07-03 09:00:00+00:00,1.31801,CLOSED_DISCRETIONARY_EXIT
ACCEPTED,GBPUSD,SELL,2018-07-09 16:00:00+00:00,1.32590,CLOSED_DISCRETIONARY_EXIT
ACCEPTED,EURUSD,SELL,2018-07-10 10:00:00+00:00,1.17266,CLOSED_SL
ACCEPTED,EURUSD,BUY,2018-07-11 14:00:00+00:00,1.17527,CLOSED_SL
ACCEPTED,GBPUSD,SELL,2018-07-11 18:00:00+00:00,1.32207,CLOSED_DISCRETIONARY_EXIT
ACCEPTED,EURUSD,SELL,2018-07-12 12:00:00+00:00,1.16611,CLOSED_SL
ACCEPTED,GBPUSD,SELL,2018-07-13 08:00:00+00:00,1.31569,CLOSED_SL
ACCEPTED,EURUSD,SELL,2018-07-13 08:00:00+00:00,1.16454,CLOSED_DISCRETIONARY_EXIT
ACCEPTED,GBPUSD,BUY,2018-07-13 19:00:00+00:00,1.32275,CLOSED_DISCRETIONARY_EXIT
ACCEPTED,GBPUSD,SELL,2018-07-17 13:00:00+00:00,1.31952,CLOSED_DISCRETIONARY_EXIT
ACCEPTED,GBPUSD,SELL,2018-07-19 10:00:00+00:00,1.30099,CLOSED_SL
ACCEPTED,EURUSD,BUY,2018-07-20 14:00:00+00:00,1.17134,CLOSED_DISCRETIONARY_EXIT
ACCEPTED,GBPUSD,BUY,2018-07-20 14:00:00+00:00,1.30823,CLOSED_DISCRETIONARY_EXIT
ACCEPTED,GBPUSD,SELL,2018-07-23 15:00:00+00:00,1.31120,CLOSED_DISCRETIONARY_EXIT
ACCEPTED,EURUSD,SELL,2018-07-23 11:00:00+00:00,1.16960,CLOSED_DISCRETIONARY_EXIT
ACCEPTED,EURUSD,BUY,2018-07-24 12:00:00+00:00,1.17140,CLOSED_SL
ACCEPTED,GBPUSD,BUY,2018-07-24 12:00:00+00:00,1.31358,CLOSED_DISCRETIONARY_EXIT
ACCEPTED,GBPUSD,SELL,2018-07-26 15:00:00+00:00,1.31459,CLOSED_DISCRETIONARY_EXIT
ACCEPTED,GBPUSD,BUY,2018-07-27 16:00:00+00:00,1.31290,CLOSED_SL
ACCEPTED,EURUSD,SELL,2018-07-26 16:00:00+00:00,1.16585,CLOSED_DISCRETIONARY_EXIT
ACCEPTED,EURUSD,BUY,2018-07-30 09:00:00+00:00,1.16699,CLOSED_DISCRETIONARY_EXIT
ACCEPTED,GBPUSD,BUY,2018-08-01 14:00:00+00:00,1.31411,CLOSED_SL
ACCEPTED,EURUSD,SELL,2018-08-01 05:00:00+00:00,1.16795,CLOSED_DISCRETIONARY_EXIT
ACCEPTED,GBPUSD,SELL,2018-08-06 09:00:00+00:00,1.29749,CLOSED_DISCRETIONARY_EXIT
ACCEPTED,GBPUSD,BUY,2018-08-07 08:00:00+00:00,1.29726,CLOSED_SL
ACCEPTED,EURUSD,BUY,2018-08-07 08:00:00+00:00,1.15814,CLOSED_DISCRETIONARY_EXIT
ACCEPTED,GBPUSD,SELL,2018-08-08 10:00:00+00:00,1.29056,CLOSED_DISCRETIONARY_EXIT
ACCEPTED,GBPUSD,BUY,2018-08-13 15:00:00+00:00,1.27849,CLOSED_SL
ACCEPTED,EURUSD,BUY,2018-08-13 15:00:00+00:00,1.14289,CLOSED_DISCRETIONARY_EXIT
ACCEPTED,GBPUSD,BUY,2018-08-14 08:00:00+00:00,1.27979,CLOSED_SL
ACCEPTED,EURUSD,SELL,2018-08-14 16:00:00+00:00,1.13723,CLOSED_DISCRETIONARY_EXIT
ACCEPTED,EURUSD,BUY,2018-08-16 03:00:00+00:00,1.13700,CLOSED_DISCRETIONARY_EXIT
ACCEPTED,EURUSD,BUY,2018-08-17 20:00:00+00:00,1.14444,CLOSED_DISCRETIONARY_EXIT
ACCEPTED,GBPUSD,BUY,2018-08-20 13:00:00+00:00,1.27701,CLOSED_DISCRETIONARY_EXIT
ACCEPTED,EURUSD,BUY,2018-08-22 13:00:00+00:00,1.16115,CLOSED_SL
ACCEPTED,GBPUSD,SELL,2018-08-23 16:00:00+00:00,1.28344,CLOSED_DISCRETIONARY_EXIT
ACCEPTED,EURUSD,BUY,2018-08-24 13:00:00+00:00,1.15941,CLOSED_DISCRETIONARY_EXIT
ACCEPTED,GBPUSD,BUY,2018-08-27 13:00:00+00:00,1.28695,CLOSED_DISCRETIONARY_EXIT
ACCEPTED,GBPUSD,BUY,2018-08-28 10:00:00+00:00,1.29063,CLOSED_SL
ACCEPTED,EURUSD,BUY,2018-08-28 11:00:00+00:00,1.17036,CLOSED_DISCRETIONARY_EXIT
ACCEPTED,GBPUSD,SELL,2018-08-29 03:00:00+00:00,1.28591,CLOSED_SL
ACCEPTED,EURUSD,SELL,2018-08-29 09:00:00+00:00,1.16655,CLOSED_SL
ACCEPTED,GBPUSD,BUY,2018-08-29 15:00:00+00:00,1.29683,CLOSED_DISCRETIONARY_EXIT
ACCEPTED,EURUSD,SELL,2018-08-30 15:00:00+00:00,1.16599,CLOSED_DISCRETIONARY_EXIT
ACCEPTED,GBPUSD,SELL,2018-08-31 13:00:00+00:00,1.29878,CLOSED_DISCRETIONARY_EXIT
ACCEPTED,GBPUSD,BUY,2018-09-05 15:00:00+00:00,1.29680,CLOSED_SL
ACCEPTED,EURUSD,BUY,2018-09-05 15:00:00+00:00,1.16275,CLOSED_DISCRETIONARY_EXIT
ACCEPTED,GBPUSD,BUY,2018-09-07 12:00:00+00:00,1.30178,CLOSED_SL
ACCEPTED,EURUSD,SELL,2018-09-07 14:00:00+00:00,1.15667,CLOSED_DISCRETIONARY_EXIT
ACCEPTED,EURUSD,BUY,2018-09-10 14:00:00+00:00,1.16040,CLOSED_DISCRETIONARY_EXIT
ACCEPTED,GBPUSD,BUY,2018-09-10 14:00:00+00:00,1.30319,CLOSED_SL
ACCEPTED,GBPUSD,SELL,2018-09-11 14:00:00+00:00,1.29829,CLOSED_SL_GAP
ACCEPTED,GBPUSD,SELL,2018-09-12 12:00:00+00:00,1.29845,CLOSED_SL
ACCEPTED,EURUSD,BUY,2018-09-12 16:00:00+00:00,1.16256,CLOSED_DISCRETIONARY_EXIT
ACCEPTED,GBPUSD,BUY,2018-09-12 18:00:00+00:00,1.30605,CLOSED_DISCRETIONARY_EXIT
ACCEPTED,EURUSD,BUY,2018-09-13 14:00:00+00:00,1.16800,CLOSED_DISCRETIONARY_EXIT
ACCEPTED,GBPUSD,BUY,2018-09-13 14:00:00+00:00,1.30913,CLOSED_DISCRETIONARY_EXIT
ACCEPTED,GBPUSD,SELL,2018-09-14 13:00:00+00:00,1.30863,CLOSED_SL
ACCEPTED,GBPUSD,SELL,2018-09-14 16:00:00+00:00,1.30751,CLOSED_DISCRETIONARY_EXIT
ACCEPTED,EURUSD,SELL,2018-09-14 14:00:00+00:00,1.16676,CLOSED_DISCRETIONARY_EXIT
ACCEPTED,GBPUSD,BUY,2018-09-17 12:00:00+00:00,1.31088,CLOSED_DISCRETIONARY_EXIT
ACCEPTED,GBPUSD,SELL,2018-09-18 11:00:00+00:00,1.31278,CLOSED_SL
ACCEPTED,EURUSD,SELL,2018-09-18 18:00:00+00:00,1.16593,CLOSED_DISCRETIONARY_EXIT
ACCEPTED,GBPUSD,BUY,2018-09-19 10:00:00+00:00,1.31975,CLOSED_SL
ACCEPTED,GBPUSD,BUY,2018-09-20 10:00:00+00:00,1.31919,CLOSED_DISCRETIONARY_EXIT
ACCEPTED,EURUSD,BUY,2018-09-20 09:00:00+00:00,1.16979,CLOSED_DISCRETIONARY_EXIT
ACCEPTED,GBPUSD,SELL,2018-09-21 13:00:00+00:00,1.31719,CLOSED_DISCRETIONARY_EXIT
ACCEPTED,EURUSD,BUY,2018-09-24 10:00:00+00:00,1.17684,CLOSED_DISCRETIONARY_EXIT
ACCEPTED,GBPUSD,BUY,2018-09-24 12:00:00+00:00,1.31308,CLOSED_DISCRETIONARY_EXIT
ACCEPTED,EURUSD,SELL,2018-09-26 12:00:00+00:00,1.17492,CLOSED_SL
ACCEPTED,GBPUSD,SELL,2018-09-27 07:00:00+00:00,1.31320,CLOSED_DISCRETIONARY_EXIT
ACCEPTED,EURUSD,SELL,2018-09-27 07:00:00+00:00,1.17034,CLOSED_DISCRETIONARY_EXIT
ACCEPTED,GBPUSD,BUY,2018-10-01 14:00:00+00:00,1.30792,CLOSED_SL
ACCEPTED,EURUSD,SELL,2018-10-01 17:00:00+00:00,1.15659,CLOSED_DISCRETIONARY_EXIT
ACCEPTED,GBPUSD,BUY,2018-10-03 10:00:00+00:00,1.30179,CLOSED_SL
ACCEPTED,EURUSD,BUY,2018-10-03 03:00:00+00:00,1.15709,CLOSED_SL
ACCEPTED,EURUSD,SELL,2018-10-03 14:00:00+00:00,1.15295,CLOSED_DISCRETIONARY_EXIT
ACCEPTED,EURUSD,SELL,2018-10-05 10:00:00+00:00,1.14920,CLOSED_SL
ACCEPTED,GBPUSD,BUY,2018-10-04 16:00:00+00:00,1.30290,CLOSED_DISCRETIONARY_EXIT
ACCEPTED,GBPUSD,SELL,2018-10-08 12:00:00+00:00,1.30308,CLOSED_SL
ACCEPTED,EURUSD,SELL,2018-10-08 10:00:00+00:00,1.14739,CLOSED_SL
ACCEPTED,GBPUSD,BUY,2018-10-09 06:00:00+00:00,1.31061,CLOSED_SL
ACCEPTED,EURUSD,SELL,2018-10-09 11:00:00+00:00,1.14526,CLOSED_SL
ACCEPTED,GBPUSD,BUY,2018-10-09 17:00:00+00:00,1.31395,CLOSED_DISCRETIONARY_EXIT
ACCEPTED,EURUSD,BUY,2018-10-10 15:00:00+00:00,1.15204,CLOSED_DISCRETIONARY_EXIT
ACCEPTED,EURUSD,SELL,2018-10-12 14:00:00+00:00,1.15576,CLOSED_DISCRETIONARY_EXIT
ACCEPTED,GBPUSD,SELL,2018-10-12 14:00:00+00:00,1.31860,CLOSED_DISCRETIONARY_EXIT
ACCEPTED,EURUSD,BUY,2018-10-15 11:00:00+00:00,1.15882,CLOSED_DISCRETIONARY_EXIT
ACCEPTED,GBPUSD,BUY,2018-10-16 09:00:00+00:00,1.31861,CLOSED_DISCRETIONARY_EXIT
ACCEPTED,EURUSD,SELL,2018-10-17 04:00:00+00:00,1.15612,CLOSED_DISCRETIONARY_EXIT
ACCEPTED,GBPUSD,SELL,2018-10-17 09:00:00+00:00,1.31568,CLOSED_DISCRETIONARY_EXIT
ACCEPTED,GBPUSD,SELL,2018-10-18 16:00:00+00:00,1.30746,CLOSED_DISCRETIONARY_EXIT
ACCEPTED,EURUSD,SELL,2018-10-19 09:00:00+00:00,1.14465,CLOSED_SL
ACCEPTED,GBPUSD,BUY,2018-10-19 15:00:00+00:00,1.30546,CLOSED_DISCRETIONARY_EXIT
ACCEPTED,EURUSD,BUY,2018-10-19 15:00:00+00:00,1.14910,CLOSED_DISCRETIONARY_EXIT
ACCEPTED,GBPUSD,SELL,2018-10-22 13:00:00+00:00,1.30056,CLOSED_DISCRETIONARY_EXIT
ACCEPTED,GBPUSD,BUY,2018-10-23 13:00:00+00:00,1.30286,CLOSED_SL
ACCEPTED,GBPUSD,SELL,2018-10-24 09:00:00+00:00,1.29471,CLOSED_DISCRETIONARY_EXIT
ACCEPTED,EURUSD,SELL,2018-10-24 09:00:00+00:00,1.14297,CLOSED_DISCRETIONARY_EXIT
ACCEPTED,EURUSD,BUY,2018-10-25 14:00:00+00:00,1.14310,CLOSED_SL
ACCEPTED,EURUSD,SELL,2018-10-25 15:00:00+00:00,1.13805,CLOSED_DISCRETIONARY_EXIT
ACCEPTED,EURUSD,BUY,2018-10-26 17:00:00+00:00,1.13885,CLOSED_DISCRETIONARY_EXIT
ACCEPTED,GBPUSD,SELL,2018-10-25 15:00:00+00:00,1.28430,CLOSED_DISCRETIONARY_EXIT
ACCEPTED,GBPUSD,BUY,2018-10-31 13:00:00+00:00,1.27708,CLOSED_SL
ACCEPTED,EURUSD,SELL,2018-10-31 14:00:00+00:00,1.13223,CLOSED_DISCRETIONARY_EXIT
ACCEPTED,GBPUSD,BUY,2018-11-01 02:00:00+00:00,1.28456,CLOSED_DISCRETIONARY_EXIT
ACCEPTED,GBPUSD,SELL,2018-11-02 17:00:00+00:00,1.29649,CLOSED_SL_GAP
ACCEPTED,GBPUSD,BUY,2018-11-05 11:00:00+00:00,1.30257,CLOSED_SL
ACCEPTED,EURUSD,SELL,2018-11-02 17:00:00+00:00,1.13777,CLOSED_SL
ACCEPTED,EURUSD,BUY,2018-11-05 19:00:00+00:00,1.14227,CLOSED_SL
ACCEPTED,GBPUSD,BUY,2018-11-05 19:00:00+00:00,1.30481,CLOSED_DISCRETIONARY_EXIT
ACCEPTED,EURUSD,BUY,2018-11-06 14:00:00+00:00,1.14282,CLOSED_SL
ACCEPTED,EURUSD,BUY,2018-11-07 09:00:00+00:00,1.14737,CLOSED_DISCRETIONARY_EXIT
ACCEPTED,EURUSD,SELL,2018-11-08 12:00:00+00:00,1.14109,CLOSED_SL
ACCEPTED,EURUSD,SELL,2018-11-08 18:00:00+00:00,1.13924,CLOSED_DISCRETIONARY_EXIT
ACCEPTED,EURUSD,BUY,2018-11-13 13:00:00+00:00,1.12605,CLOSED_DISCRETIONARY_EXIT
ACCEPTED,GBPUSD,BUY,2018-11-13 13:00:00+00:00,1.29506,CLOSED_DISCRETIONARY_EXIT
ACCEPTED,GBPUSD,SELL,2018-11-14 11:00:00+00:00,1.29182,CLOSED_SL
ACCEPTED,EURUSD,BUY,2018-11-14 15:00:00+00:00,1.13344,CLOSED_SL
ACCEPTED,GBPUSD,BUY,2018-11-14 20:00:00+00:00,1.30375,CLOSED_SL
ACCEPTED,GBPUSD,SELL,2018-11-15 10:00:00+00:00,1.27865,CLOSED_DISCRETIONARY_EXIT
ACCEPTED,EURUSD,BUY,2018-11-16 18:00:00+00:00,1.14130,CLOSED_DISCRETIONARY_EXIT
ACCEPTED,GBPUSD,BUY,2018-11-16 13:00:00+00:00,1.28437,CLOSED_DISCRETIONARY_EXIT
ACCEPTED,GBPUSD,SELL,2018-11-19 12:00:00+00:00,1.28063,CLOSED_SL
ACCEPTED,EURUSD,BUY,2018-11-19 16:00:00+00:00,1.14538,CLOSED_DISCRETIONARY_EXIT
ACCEPTED,EURUSD,SELL,2018-11-20 13:00:00+00:00,1.14178,CLOSED_DISCRETIONARY_EXIT
ACCEPTED,GBPUSD,BUY,2018-11-22 11:00:00+00:00,1.28968,CLOSED_SL
ACCEPTED,EURUSD,BUY,2018-11-22 11:00:00+00:00,1.14160,CLOSED_SL
ACCEPTED,EURUSD,SELL,2018-11-23 09:00:00+00:00,1.13698,CLOSED_DISCRETIONARY_EXIT
ACCEPTED,GBPUSD,SELL,2018-11-23 09:00:00+00:00,1.28351,CLOSED_DISCRETIONARY_EXIT
ACCEPTED,EURUSD,BUY,2018-11-26 08:00:00+00:00,1.13633,CLOSED_SL
ACCEPTED,GBPUSD,SELL,2018-11-27 07:00:00+00:00,1.27801,CLOSED_DISCRETIONARY_EXIT
ACCEPTED,GBPUSD,BUY,2018-11-28 11:00:00+00:00,1.27944,CLOSED_SL
ACCEPTED,EURUSD,BUY,2018-11-28 18:00:00+00:00,1.13449,CLOSED_DISCRETIONARY_EXIT
ACCEPTED,GBPUSD,BUY,2018-11-30 09:00:00+00:00,1.28041,CLOSED_SL
ACCEPTED,EURUSD,SELL,2018-11-30 14:00:00+00:00,1.13570,CLOSED_DISCRETIONARY_EXIT
ACCEPTED,GBPUSD,SELL,2018-11-30 11:00:00+00:00,1.27551,CLOSED_DISCRETIONARY_EXIT
ACCEPTED,GBPUSD,BUY,2018-12-03 08:00:00+00:00,1.28185,CLOSED_SL
ACCEPTED,GBPUSD,SELL,2018-12-03 11:00:00+00:00,1.27189,CLOSED_DISCRETIONARY_EXIT
ACCEPTED,GBPUSD,BUY,2019-10-11 13:00:00+00:00,1.26412,CLOSED_DISCRETIONARY_EXIT
