idea_id,symbol,direction,lots,entry_time_utc,entry_price,sl,tp,exit_time_utc,exit_price,exit_reason,same_bar_ambiguous,gross_pnl_usd,commission_usd,net_pnl_usd,r_multiple_net
ema-idea-2,EURUSD,SELL,0.08,2015-01-02 21:00:00+00:00,1.20032,1.2032887685096954,,2015-01-06 06:00:00+00:00,1.1958199999999999,DISCRETIONARY_EXIT,False,36.0000,0.4000,35.6000,1.4741
ema-idea-3,EURUSD,BUY,0.07,2015-01-06 07:00:00+00:00,1.19611,1.1929644774393333,,2015-01-06 08:21:00+00:00,1.1929644774393333,SL,False,-22.0187,0.3500,-22.3687,-1.0000
ema-idea-1,GBPUSD,SELL,0.05,2015-01-02 20:00:00+00:00,1.53354,1.5379058411550226,,2015-01-08 17:00:00+00:00,1.5118600000000002,DISCRETIONARY_EXIT,False,108.4000,0.2500,108.1500,4.8983
ema-idea-4,GBPUSD,BUY,0.07,2015-01-09 10:00:00+00:00,1.51325,1.5097995821639885,,2015-01-09 13:45:00+00:00,1.5097995821639885,SL,False,-24.1529,0.3500,-24.5029,-1.0000
ema-idea-6,GBPUSD,BUY,0.05,2015-01-11 23:00:00+00:00,1.51915,1.5144002793859543,,2015-01-12 08:01:00+00:00,1.5144002793859543,SL,False,-23.7486,0.2500,-23.9986,-1.0000
ema-idea-5,EURUSD,BUY,0.06,2015-01-11 23:00:00+00:00,1.18678,1.1828905606158786,,2015-01-12 08:19:00+00:00,1.1828905606158786,SL,False,-23.3366,0.3000,-23.6366,-1.0000
ema-idea-7,GBPUSD,SELL,0.06,2015-01-13 09:00:00+00:00,1.512,1.5156916974957153,,2015-01-13 12:05:00+00:00,1.5156916974957153,SL,False,-22.1502,0.3000,-22.4502,-1.0000
ema-idea-8,EURUSD,SELL,0.06,2015-01-13 13:00:00+00:00,1.17809,1.181923881775792,,2015-01-14 06:00:00+00:00,1.17925,DISCRETIONARY_EXIT,False,-6.9600,0.3000,-7.2600,-0.3115
ema-idea-9,GBPUSD,BUY,0.05,2015-01-14 08:00:00+00:00,1.52095,1.516482432957022,,2015-01-14 09:35:00+00:00,1.516482432957022,SL,False,-22.3378,0.2500,-22.5878,-1.0000
ema-idea-10,EURUSD,SELL,0.05,2015-01-14 10:00:00+00:00,1.17444,1.1787048893157759,,2015-01-14 13:30:00+00:00,1.17899,SL_GAP,False,-22.7500,0.2500,-23.0000,-1.0661
ema-idea-11,EURUSD,BUY,0.04,2015-01-14 14:00:00+00:00,1.18265,1.1774191919057715,,2015-01-14 15:05:00+00:00,1.1774191919057715,SL,False,-20.9232,0.2000,-21.1232,-1.0000
ema-idea-12,GBPUSD,BUY,0.04,2015-01-14 14:00:00+00:00,1.5258200000000002,1.5197345571850445,,2015-01-15 08:00:00+00:00,1.52171,DISCRETIONARY_EXIT,False,-16.4400,0.2000,-16.6400,-0.6780
ema-idea-13,EURUSD,SELL,0.04,2015-01-15 10:00:00+00:00,1.17238,1.1784764040391906,,2015-01-19 10:00:00+00:00,1.16171,DISCRETIONARY_EXIT,False,42.6800,0.2000,42.4800,1.7278
ema-idea-14,EURUSD,BUY,0.04,2015-01-19 10:00:00+00:00,1.16171,1.156245997716797,,2015-01-20 00:00:00+00:00,1.15948,DISCRETIONARY_EXIT,False,-8.9200,0.2000,-9.1200,-0.4135
ema-idea-15,GBPUSD,SELL,0.05,2015-01-19 20:00:00+00:00,1.51087,1.5157097438732174,,2015-01-20 09:00:00+00:00,1.5125600000000001,DISCRETIONARY_EXIT,False,-8.4500,0.2500,-8.7000,-0.3558
ema-idea-16,GBPUSD,BUY,0.05,2015-01-20 14:00:00+00:00,1.5198800000000001,1.5151429569959907,,2015-01-20 17:56:00+00:00,1.5151429569959907,SL,False,-23.6852,0.2500,-23.9352,-1.0000
ema-idea-17,EURUSD,SELL,0.05,2015-01-20 17:00:00+00:00,1.15584,1.160259426658679,,2015-01-21 04:00:00+00:00,1.15695,DISCRETIONARY_EXIT,False,-5.5500,0.2500,-5.8000,-0.2595
ema-idea-18,GBPUSD,SELL,0.05,2015-01-21 10:00:00+00:00,1.51147,1.516004551105168,,2015-01-22 02:00:00+00:00,1.5151800000000002,DISCRETIONARY_EXIT,False,-18.5500,0.2500,-18.8000,-0.8201
ema-idea-19,EURUSD,BUY,0.06,2015-01-21 13:00:00+00:00,1.159,1.1553235803417576,,2015-01-22 07:00:00+00:00,1.15781,DISCRETIONARY_EXIT,False,-7.1400,0.3000,-7.4400,-0.3328
ema-idea-20,GBPUSD,BUY,0.06,2015-01-22 10:00:00+00:00,1.51604,1.5119688887880152,,2015-01-22 14:14:00+00:00,1.5119688887880152,SL,False,-24.4267,0.3000,-24.7267,-1.0000
ema-idea-21,EURUSD,SELL,0.03,2015-01-22 15:00:00+00:00,1.14624,1.1539654194390723,,2015-01-26 08:00:00+00:00,1.1239,DISCRETIONARY_EXIT,False,67.0200,0.1500,66.8700,2.8667
ema-idea-22,GBPUSD,BUY,0.05,2015-01-26 08:00:00+00:00,1.5040300000000002,1.4996780996675272,,2015-01-28 20:00:00+00:00,1.51561,DISCRETIONARY_EXIT,False,57.9000,0.2500,57.6500,2.6193
ema-idea-23,EURUSD,SELL,0.04,2015-01-28 21:00:00+00:00,1.12896,1.1347576970069768,,2015-01-29 10:00:00+00:00,1.13165,DISCRETIONARY_EXIT,False,-10.7600,0.2000,-10.9600,-0.4686
ema-idea-24,GBPUSD,SELL,0.05,2015-01-29 09:00:00+00:00,1.51226,1.516466691885631,,2015-01-30 06:00:00+00:00,1.5083000000000002,DISCRETIONARY_EXIT,False,19.8000,0.2500,19.5500,0.9186
ema-idea-26,GBPUSD,SELL,0.04,2015-01-30 16:00:00+00:00,1.50159,1.506869585385808,,2015-01-30 19:42:00+00:00,1.506869585385808,SL,False,-21.1183,0.2000,-21.3183,-1.0000
ema-idea-25,EURUSD,SELL,0.04,2015-01-30 16:00:00+00:00,1.12831,1.1338127768680881,,2015-02-02 08:31:00+00:00,1.1338127768680881,SL,False,-22.0111,0.2000,-22.2111,-1.0000
ema-idea-27,EURUSD,BUY,0.05,2015-02-02 10:00:00+00:00,1.13528,1.130890244824866,,2015-02-02 13:09:00+00:00,1.130890244824866,SL,False,-21.9488,0.2500,-22.1988,-1.0000
ema-idea-28,GBPUSD,SELL,0.05,2015-02-03 08:00:00+00:00,1.49996,1.5042118261021085,,2015-02-03 10:16:00+00:00,1.5042118261021085,SL,False,-21.2591,0.2500,-21.5091,-1.0000
ema-idea-30,EURUSD,SELL,0.04,2015-02-04 22:00:00+00:00,1.13433,1.1402500718967015,,2015-02-05 10:24:00+00:00,1.1402500718967015,SL,False,-23.6803,0.2000,-23.8803,-1.0000
ema-idea-29,GBPUSD,BUY,0.05,2015-02-03 13:00:00+00:00,1.50737,1.5025471112688722,,2015-02-06 08:00:00+00:00,1.53172,DISCRETIONARY_EXIT,False,121.7500,0.2500,121.5000,4.9868
ema-idea-31,EURUSD,SELL,0.04,2015-02-06 14:00:00+00:00,1.13941,1.1447318618352562,,2015-02-09 08:00:00+00:00,1.13444,DISCRETIONARY_EXIT,False,19.8800,0.2000,19.6800,0.9159
ema-idea-32,EURUSD,SELL,0.05,2015-02-09 13:00:00+00:00,1.12727,1.131646976763438,,2015-02-09 14:06:00+00:00,1.131646976763438,SL,False,-21.8849,0.2500,-22.1349,-1.0000
ema-idea-33,EURUSD,SELL,0.06,2015-02-10 11:00:00+00:00,1.12814,1.1318908112526123,,2015-02-10 12:08:00+00:00,1.1318908112526123,SL,False,-22.5049,0.3000,-22.8049,-1.0000
ema-idea-34,GBPUSD,BUY,0.05,2015-02-10 16:00:00+00:00,1.5260600000000002,1.5217401953316216,,2015-02-11 05:00:00+00:00,1.5244,DISCRETIONARY_EXIT,False,-8.3000,0.2500,-8.5500,-0.3913
ema-idea-35,GBPUSD,BUY,0.06,2015-02-11 10:00:00+00:00,1.52939,1.5258429453476756,,2015-02-11 14:55:00+00:00,1.5258429453476756,SL,False,-21.2823,0.3000,-21.5823,-1.0000
ema-idea-36,GBPUSD,SELL,0.05,2015-02-11 17:00:00+00:00,1.523,1.5274293848578575,,2015-02-12 10:30:00+00:00,1.5274293848578575,SL,False,-22.1469,0.2500,-22.3969,-1.0000
ema-idea-37,EURUSD,BUY,0.05,2015-02-11 22:00:00+00:00,1.13364,1.129520750693238,,2015-02-13 13:00:00+00:00,1.13812,DISCRETIONARY_EXIT,False,22.4000,0.2500,22.1500,1.0625
ema-idea-38,GBPUSD,BUY,0.04,2015-02-12 11:00:00+00:00,1.53234,1.5271692753548591,,2015-02-16 11:00:00+00:00,1.5374,DISCRETIONARY_EXIT,False,20.2400,0.2000,20.0400,0.9596
ema-idea-39,GBPUSD,SELL,0.06,2015-02-16 11:00:00+00:00,1.5374,1.5411230768646502,,2015-02-17 05:00:00+00:00,1.53783,DISCRETIONARY_EXIT,False,-2.5800,0.3000,-2.8800,-0.1272
ema-idea-40,EURUSD,SELL,0.07,2015-02-16 17:00:00+00:00,1.13728,1.1406413729933267,,2015-02-17 10:00:00+00:00,1.13863,DISCRETIONARY_EXIT,False,-9.4500,0.3500,-9.8000,-0.4104
ema-idea-41,GBPUSD,BUY,0.06,2015-02-17 11:00:00+00:00,1.5391000000000001,1.5354376159998633,,2015-02-17 12:59:00+00:00,1.5354376159998633,SL,False,-21.9743,0.3000,-22.2743,-1.0000
ema-idea-42,EURUSD,BUY,0.05,2015-02-17 12:00:00+00:00,1.14401,1.1395413406624726,,2015-02-17 14:52:00+00:00,1.1395413406624726,SL,False,-22.3433,0.2500,-22.5933,-1.0000
ema-idea-44,EURUSD,SELL,0.07,2015-02-18 12:00:00+00:00,1.13705,1.140520511636002,,2015-02-18 19:07:00+00:00,1.140520511636002,SL,False,-24.2936,0.3500,-24.6436,-1.0000
ema-idea-43,GBPUSD,BUY,0.06,2015-02-18 10:00:00+00:00,1.5437500000000002,1.5398725776905597,,2015-02-19 13:00:00+00:00,1.54255,DISCRETIONARY_EXIT,False,-7.2000,0.3000,-7.5000,-0.3183
ema-idea-46,EURUSD,BUY,0.04,2015-02-20 18:00:00+00:00,1.13931,1.1332790835162696,,2015-02-23 08:00:00+00:00,1.13574,DISCRETIONARY_EXIT,False,-14.2800,0.2000,-14.4800,-0.5953
ema-idea-45,GBPUSD,SELL,0.06,2015-02-19 14:00:00+00:00,1.54143,1.5454328410836398,,2015-02-23 14:00:00+00:00,1.54084,DISCRETIONARY_EXIT,False,3.5400,0.3000,3.2400,0.1332
ema-idea-47,GBPUSD,BUY,0.05,2015-02-23 16:00:00+00:00,1.5450700000000002,1.5405107777341809,,2015-02-24 03:00:00+00:00,1.54351,DISCRETIONARY_EXIT,False,-7.8000,0.2500,-8.0500,-0.3493
ema-idea-48,GBPUSD,BUY,0.07,2015-02-25 07:00:00+00:00,1.54969,1.546247345704374,,2015-02-26 12:00:00+00:00,1.55141,DISCRETIONARY_EXIT,False,12.0400,0.3500,11.6900,0.4781
ema-idea-49,EURUSD,SELL,0.07,2015-02-26 13:00:00+00:00,1.13196,1.135121149706331,,2015-02-27 06:00:00+00:00,1.12159,DISCRETIONARY_EXIT,False,72.5900,0.3500,72.2400,3.2138
ema-idea-50,GBPUSD,SELL,0.06,2015-02-27 09:00:00+00:00,1.53886,1.5425626236336998,,2015-02-27 11:54:00+00:00,1.5425626236336998,SL,False,-22.2157,0.3000,-22.5157,-1.0000
ema-idea-51,GBPUSD,BUY,0.05,2015-02-27 16:00:00+00:00,1.54523,1.5405353245671085,,2015-03-01 23:39:00+00:00,1.5405353245671085,SL,False,-23.4734,0.2500,-23.7234,-1.0000
ema-idea-52,EURUSD,SELL,0.06,2015-03-02 00:00:00+00:00,1.11608,1.12002896022668,,2015-03-02 09:00:00+00:00,1.1193,DISCRETIONARY_EXIT,False,-19.3200,0.3000,-19.6200,-0.8177
ema-idea-53,GBPUSD,SELL,0.07,2015-03-02 13:00:00+00:00,1.53832,1.5418376183224487,,2015-03-03 06:00:00+00:00,1.5388000000000002,DISCRETIONARY_EXIT,False,-3.3600,0.3500,-3.7100,-0.1486
ema-idea-55,GBPUSD,SELL,0.07,2015-03-03 13:00:00+00:00,1.53503,1.538111540445032,,2015-03-03 14:38:00+00:00,1.538111540445032,SL,False,-21.5708,0.3500,-21.9208,-1.0000
ema-idea-54,EURUSD,SELL,0.08,2015-03-03 10:00:00+00:00,1.11722,1.1200096862424735,,2015-03-03 14:57:00+00:00,1.1200096862424735,SL,False,-22.3175,0.4000,-22.7175,-1.0000
ema-idea-56,GBPUSD,SELL,0.09,2015-03-04 07:00:00+00:00,1.53437,1.5368800967051839,,2015-03-04 08:04:00+00:00,1.5368800967051839,SL,False,-22.5909,0.4500,-23.0409,-1.0000
ema-idea-58,GBPUSD,SELL,0.07,2015-03-04 10:00:00+00:00,1.53344,1.5365350956491577,,2015-03-09 06:00:00+00:00,1.50695,DISCRETIONARY_EXIT,False,185.4300,0.3500,185.0800,8.4067
ema-idea-57,EURUSD,SELL,0.08,2015-03-04 09:00:00+00:00,1.11347,1.1162890182433656,,2015-03-09 08:00:00+00:00,1.08586,DISCRETIONARY_EXIT,False,220.8800,0.4000,220.4800,9.6061
ema-idea-59,EURUSD,SELL,0.07,2015-03-10 01:00:00+00:00,1.0835,1.0867227901734318,,2015-03-12 08:00:00+00:00,1.05683,DISCRETIONARY_EXIT,False,186.6900,0.3500,186.3400,8.1337
ema-idea-60,EURUSD,BUY,0.03,2015-03-12 09:00:00+00:00,1.06364,1.057255901837794,,2015-03-13 07:34:00+00:00,1.057255901837794,SL,False,-19.1523,0.1500,-19.3023,-1.0000
ema-idea-61,GBPUSD,SELL,0.03,2015-03-12 17:00:00+00:00,1.49054,1.4971637850886494,,2015-03-16 03:00:00+00:00,1.47655,DISCRETIONARY_EXIT,False,41.9700,0.1500,41.8200,2.0888
ema-idea-63,GBPUSD,BUY,0.05,2015-03-16 15:00:00+00:00,1.48181,1.4774746944099768,,2015-03-16 15:48:00+00:00,1.4774746944099768,SL,False,-21.6765,0.2500,-21.9265,-1.0000
ema-idea-62,EURUSD,BUY,0.04,2015-03-16 15:00:00+00:00,1.05984,1.0541494976748575,,2015-03-17 02:00:00+00:00,1.05624,DISCRETIONARY_EXIT,False,-14.4000,0.2000,-14.6000,-0.6358
ema-idea-64,GBPUSD,SELL,0.05,2015-03-17 13:00:00+00:00,1.47504,1.4794835642471407,,2015-03-18 19:03:00+00:00,1.4794835642471407,SL,False,-22.2178,0.2500,-22.4678,-1.0000
ema-idea-65,EURUSD,BUY,0.05,2015-03-18 17:00:00+00:00,1.0643,1.059954494904301,,2015-03-19 09:00:00+00:00,1.07097,DISCRETIONARY_EXIT,False,33.3500,0.2500,33.1000,1.5061
ema-idea-66,EURUSD,SELL,0.02,2015-03-19 17:00:00+00:00,1.06204,1.0722424123555079,,2015-03-20 03:00:00+00:00,1.06948,DISCRETIONARY_EXIT,False,-14.8800,0.1000,-14.9800,-0.7306
ema-idea-67,GBPUSD,SELL,0.02,2015-03-19 17:00:00+00:00,1.47258,1.4831042257139047,,2015-03-20 03:00:00+00:00,1.47754,DISCRETIONARY_EXIT,False,-9.9200,0.1000,-10.0200,-0.4738
ema-idea-68,EURUSD,BUY,0.04,2015-03-20 13:00:00+00:00,1.07152,1.065678017032773,,2015-03-23 04:00:00+00:00,1.07871,DISCRETIONARY_EXIT,False,28.7600,0.2000,28.5600,1.2118
ema-idea-69,EURUSD,BUY,0.03,2015-03-23 13:00:00+00:00,1.08964,1.082219333835053,,2015-03-24 05:00:00+00:00,1.09062,DISCRETIONARY_EXIT,False,2.9400,0.1500,2.7900,0.1245
ema-idea-70,EURUSD,BUY,0.03,2015-03-24 10:00:00+00:00,1.09872,1.0923893723700044,,2015-03-24 14:23:00+00:00,1.0923893723700044,SL,False,-18.9919,0.1500,-19.1419,-1.0000
ema-idea-71,GBPUSD,SELL,0.03,2015-03-24 15:00:00+00:00,1.48872,1.4961073236410949,,2015-03-25 09:00:00+00:00,1.48967,DISCRETIONARY_EXIT,False,-2.8500,0.1500,-3.0000,-0.1345
ema-idea-73,GBPUSD,BUY,0.04,2015-03-25 13:00:00+00:00,1.4916200000000002,1.4860481863036121,,2015-03-25 20:04:00+00:00,1.4860481863036121,SL,False,-22.2873,0.2000,-22.4873,-1.0000
ema-idea-72,EURUSD,BUY,0.04,2015-03-25 13:00:00+00:00,1.09906,1.0938855869133415,,2015-03-26 15:00:00+00:00,1.09593,DISCRETIONARY_EXIT,False,-12.5200,0.2000,-12.7200,-0.6087
ema-idea-74,GBPUSD,SELL,0.03,2015-03-26 15:00:00+00:00,1.48502,1.4917226975681508,,2015-03-27 11:00:00+00:00,1.4869400000000002,DISCRETIONARY_EXIT,False,-5.7600,0.1500,-5.9100,-0.2917
ema-idea-75,EURUSD,SELL,0.03,2015-03-26 19:00:00+00:00,1.08659,1.0930398633722838,,2015-03-27 17:10:00+00:00,1.0930398633722838,SL,False,-19.3496,0.1500,-19.4996,-1.0000
ema-idea-77,EURUSD,BUY,0.03,2015-03-27 18:00:00+00:00,1.09193,1.085617604141433,,2015-03-30 01:08:00+00:00,1.08555,SL_GAP,False,-19.1400,0.1500,-19.2900,-1.0106
ema-idea-76,GBPUSD,BUY,0.04,2015-03-27 12:00:00+00:00,1.4882300000000002,1.4825473316238669,,2015-03-30 06:00:00+00:00,1.48511,DISCRETIONARY_EXIT,False,-12.4800,0.2000,-12.6800,-0.5530
ema-idea-78,GBPUSD,SELL,0.04,2015-03-30 08:00:00+00:00,1.48124,1.4864437567552289,,2015-03-30 09:15:00+00:00,1.4864437567552289,SL,False,-20.8150,0.2000,-21.0150,-1.0000
ema-idea-79,GBPUSD,SELL,0.04,2015-03-30 12:00:00+00:00,1.48007,1.4859947484560105,,2015-03-31 15:45:00+00:00,1.4859947484560105,SL,False,-23.6990,0.2000,-23.8990,-1.0000
ema-idea-81,EURUSD,BUY,0.06,2015-04-01 06:00:00+00:00,1.07867,1.074745853775581,,2015-04-01 08:18:00+00:00,1.074745853775581,SL,False,-23.5449,0.3000,-23.8449,-1.0000
ema-idea-80,GBPUSD,BUY,0.03,2015-03-31 16:00:00+00:00,1.48483,1.4784791624232871,,2015-04-01 09:43:00+00:00,1.4784791624232871,SL,False,-19.0525,0.1500,-19.2025,-1.0000
ema-idea-82,GBPUSD,SELL,0.04,2015-04-01 10:00:00+00:00,1.47593,1.4815812710153682,,2015-04-01 15:25:00+00:00,1.4815812710153682,SL,False,-22.6051,0.2000,-22.8051,-1.0000
ema-idea-84,GBPUSD,BUY,0.05,2015-04-02 08:00:00+00:00,1.4848800000000002,1.4806253616926053,,2015-04-02 10:10:00+00:00,1.4806253616926053,SL,False,-21.2732,0.2500,-21.5232,-1.0000
ema-idea-83,EURUSD,BUY,0.05,2015-04-02 08:00:00+00:00,1.08103,1.0768118878235,,2015-04-06 21:00:00+00:00,1.09421,DISCRETIONARY_EXIT,False,65.9000,0.2500,65.6500,3.0763
ema-idea-85,EURUSD,SELL,0.05,2015-04-06 21:00:00+00:00,1.09421,1.0987083230753438,,2015-04-08 06:00:00+00:00,1.08484,DISCRETIONARY_EXIT,False,46.8500,0.2500,46.6000,2.0491
ema-idea-86,GBPUSD,SELL,0.05,2015-04-06 21:00:00+00:00,1.48896,1.493124303456406,,2015-04-08 08:00:00+00:00,1.48659,DISCRETIONARY_EXIT,False,11.8500,0.2500,11.6000,0.5505
ema-idea-87,GBPUSD,BUY,0.05,2015-04-08 11:00:00+00:00,1.4936800000000001,1.4890574028810737,,2015-04-08 19:00:00+00:00,1.4890574028810737,SL,False,-23.1130,0.2500,-23.3630,-1.0000
ema-idea-88,EURUSD,SELL,0.04,2015-04-08 16:00:00+00:00,1.07907,1.084068240763964,,2015-04-14 14:00:00+00:00,1.06379,DISCRETIONARY_EXIT,False,61.1200,0.2000,60.9200,3.0169
ema-idea-89,EURUSD,BUY,0.04,2015-04-14 14:00:00+00:00,1.06379,1.0584439177107827,,2015-04-15 02:00:00+00:00,1.06299,DISCRETIONARY_EXIT,False,-3.2000,0.2000,-3.4000,-0.1575
ema-idea-90,GBPUSD,BUY,0.04,2015-04-14 14:00:00+00:00,1.47313,1.4669736116221022,,2015-04-15 02:00:00+00:00,1.47552,DISCRETIONARY_EXIT,False,9.5600,0.2000,9.3600,0.3770
ema-idea-91,GBPUSD,BUY,0.03,2015-04-15 19:00:00+00:00,1.4829800000000002,1.4765802312483465,,2015-04-20 11:00:00+00:00,1.49278,DISCRETIONARY_EXIT,False,29.4000,0.1500,29.2500,1.5117
ema-idea-93,GBPUSD,SELL,0.06,2015-04-21 03:00:00+00:00,1.48804,1.4921403948201104,,2015-04-21 14:00:00+00:00,1.49066,DISCRETIONARY_EXIT,False,-15.7200,0.3000,-16.0200,-0.6433
ema-idea-92,EURUSD,SELL,0.04,2015-04-20 12:00:00+00:00,1.07261,1.0781088362458646,,2015-04-21 16:00:00+00:00,1.07428,DISCRETIONARY_EXIT,False,-6.6800,0.2000,-6.8800,-0.3100
ema-idea-94,GBPUSD,BUY,0.05,2015-04-21 16:00:00+00:00,1.49343,1.4885490770815846,,2015-04-23 08:00:00+00:00,1.49945,DISCRETIONARY_EXIT,False,30.1000,0.2500,29.8500,1.2107
ema-idea-95,EURUSD,SELL,0.06,2015-04-23 02:00:00+00:00,1.07063,1.0745654078663782,,2015-04-23 10:56:00+00:00,1.0745654078663782,SL,False,-23.6124,0.3000,-23.9124,-1.0000
ema-idea-96,EURUSD,BUY,0.05,2015-04-23 11:00:00+00:00,1.07517,1.0705053411728382,,2015-04-24 04:00:00+00:00,1.07964,DISCRETIONARY_EXIT,False,22.3500,0.2500,22.1000,0.9375
ema-idea-97,EURUSD,BUY,0.04,2015-04-24 08:00:00+00:00,1.08746,1.0824442647767358,,2015-04-24 11:18:00+00:00,1.0824442647767358,SL,False,-20.0629,0.2000,-20.2629,-1.0000
ema-idea-98,GBPUSD,BUY,0.05,2015-04-24 08:00:00+00:00,1.51167,1.5071976664313347,,2015-04-27 08:00:00+00:00,1.51429,DISCRETIONARY_EXIT,False,13.1000,0.2500,12.8500,0.5683
ema-idea-99,GBPUSD,SELL,0.05,2015-04-27 13:00:00+00:00,1.51194,1.516345598026392,,2015-04-27 14:54:00+00:00,1.516345598026392,SL,False,-22.0280,0.2500,-22.2780,-1.0000
ema-idea-100,GBPUSD,BUY,0.04,2015-04-27 16:00:00+00:00,1.5211100000000002,1.516004118489802,,2015-04-28 10:00:00+00:00,1.52126,DISCRETIONARY_EXIT,False,0.6000,0.2000,0.4000,0.0194
ema-idea-101,EURUSD,BUY,0.05,2015-04-28 12:00:00+00:00,1.0942399999999999,1.0897617637787804,,2015-04-29 06:00:00+00:00,1.0963,DISCRETIONARY_EXIT,False,10.3000,0.2500,10.0500,0.4439
ema-idea-102,GBPUSD,BUY,0.04,2015-04-28 12:00:00+00:00,1.52898,1.5234892478422133,,2015-04-30 07:00:00+00:00,1.54144,DISCRETIONARY_EXIT,False,49.8400,0.2000,49.6400,2.2398
ema-idea-103,EURUSD,BUY,0.03,2015-04-30 09:00:00+00:00,1.12217,1.1154974877051467,,2015-04-30 11:16:00+00:00,1.1154974877051467,SL,False,-20.0175,0.1500,-20.1675,-1.0000
ema-idea-104,GBPUSD,SELL,0.03,2015-04-30 14:00:00+00:00,1.53745,1.5437201557731095,,2015-05-01 09:00:00+00:00,1.5391700000000001,DISCRETIONARY_EXIT,False,-5.1600,0.1500,-5.3100,-0.2801
ema-idea-105,EURUSD,BUY,0.02,2015-04-30 20:00:00+00:00,1.1259,1.11666560012075,,2015-05-01 17:00:00+00:00,1.11942,DISCRETIONARY_EXIT,False,-12.9600,0.1000,-13.0600,-0.7033
ema-idea-106,GBPUSD,SELL,0.03,2015-05-01 10:00:00+00:00,1.52909,1.5353580926894572,,2015-05-05 14:00:00+00:00,1.5159,DISCRETIONARY_EXIT,False,39.5700,0.1500,39.4200,2.0797
ema-idea-107,GBPUSD,BUY,0.04,2015-05-05 14:00:00+00:00,1.5159,1.5108440394052791,,2015-05-07 08:00:00+00:00,1.52,DISCRETIONARY_EXIT,False,16.4000,0.2000,16.2000,0.7932
ema-idea-108,GBPUSD,SELL,0.04,2015-05-07 10:00:00+00:00,1.51925,1.5243511507035838,,2015-05-07 10:35:00+00:00,1.5243511507035838,SL,False,-20.4046,0.2000,-20.6046,-1.0000
ema-idea-109,EURUSD,SELL,0.04,2015-05-07 13:00:00+00:00,1.12971,1.1354674808019638,,2015-05-08 14:00:00+00:00,1.12632,DISCRETIONARY_EXIT,False,13.5600,0.2000,13.3600,0.5751
ema-idea-111,EURUSD,SELL,0.04,2015-05-11 02:00:00+00:00,1.11666,1.1220975321309041,,2015-05-12 06:00:00+00:00,1.11727,DISCRETIONARY_EXIT,False,-2.4400,0.2000,-2.6400,-0.1203
ema-idea-110,GBPUSD,BUY,0.03,2015-05-07 20:00:00+00:00,1.52601,1.5194623766117565,,2015-05-12 09:00:00+00:00,1.55584,DISCRETIONARY_EXIT,False,89.4900,0.1500,89.3400,4.5137
ema-idea-113,GBPUSD,BUY,0.04,2015-05-13 10:00:00+00:00,1.5725300000000002,1.5672696999627975,,2015-05-13 10:31:00+00:00,1.5672696999627975,SL,False,-21.0412,0.2000,-21.2412,-1.0000
ema-idea-112,EURUSD,BUY,0.05,2015-05-12 09:00:00+00:00,1.1227,1.1181069516650306,,2015-05-15 07:00:00+00:00,1.13833,DISCRETIONARY_EXIT,False,78.1500,0.2500,77.9000,3.3556
ema-idea-114,GBPUSD,SELL,0.06,2015-05-15 12:00:00+00:00,1.57231,1.576337170354444,,2015-05-15 15:02:00+00:00,1.576337170354444,SL,False,-24.1630,0.3000,-24.4630,-1.0000
ema-idea-116,GBPUSD,BUY,0.04,2015-05-15 16:00:00+00:00,1.5790300000000002,1.57406456027454,,2015-05-15 19:03:00+00:00,1.57406456027454,SL,False,-19.8618,0.2000,-20.0618,-1.0000
ema-idea-115,EURUSD,BUY,0.04,2015-05-15 16:00:00+00:00,1.14388,1.1377821288197596,,2015-05-18 08:00:00+00:00,1.14169,DISCRETIONARY_EXIT,False,-8.7600,0.2000,-8.9600,-0.3644
ema-idea-117,GBPUSD,SELL,0.05,2015-05-18 09:00:00+00:00,1.56833,1.5725940203386082,,2015-05-19 07:00:00+00:00,1.5665,DISCRETIONARY_EXIT,False,9.1500,0.2500,8.9000,0.4126
ema-idea-119,GBPUSD,SELL,0.05,2015-05-19 09:00:00+00:00,1.55953,1.5640860136836818,,2015-05-20 14:00:00+00:00,1.55691,DISCRETIONARY_EXIT,False,13.1000,0.2500,12.8500,0.5580
ema-idea-120,GBPUSD,BUY,0.04,2015-05-20 14:00:00+00:00,1.55691,1.5515566202461886,,2015-05-20 19:01:00+00:00,1.5515566202461886,SL,False,-21.4135,0.2000,-21.6135,-1.0000
ema-idea-118,EURUSD,SELL,0.04,2015-05-19 09:00:00+00:00,1.11823,1.12421334754245,,2015-05-21 09:00:00+00:00,1.11357,DISCRETIONARY_EXIT,False,18.6400,0.2000,18.4400,0.7641
ema-idea-121,GBPUSD,BUY,0.04,2015-05-21 10:00:00+00:00,1.56633,1.5604821958738995,,2015-05-22 13:00:00+00:00,1.56337,DISCRETIONARY_EXIT,False,-11.8400,0.2000,-12.0400,-0.5104
ema-idea-122,EURUSD,BUY,0.05,2015-05-22 11:00:00+00:00,1.11935,1.1151208334429152,,2015-05-22 13:30:00+00:00,1.11354,SL_GAP,False,-29.0500,0.2500,-29.3000,-1.3694
ema-idea-123,GBPUSD,SELL,0.05,2015-05-22 13:00:00+00:00,1.56337,1.5677605354046524,,2015-05-25 09:00:00+00:00,1.5505,DISCRETIONARY_EXIT,False,64.3500,0.2500,64.1000,2.8870
ema-idea-125,GBPUSD,SELL,0.09,2015-05-26 02:00:00+00:00,1.54541,1.5480533159620187,,2015-05-27 06:00:00+00:00,1.5405300000000002,DISCRETIONARY_EXIT,False,43.9200,0.4500,43.4700,1.7933
ema-idea-124,EURUSD,SELL,0.07,2015-05-26 02:00:00+00:00,1.09437,1.0975439590950593,,2015-05-27 07:00:00+00:00,1.0908,DISCRETIONARY_EXIT,False,24.9900,0.3500,24.6400,1.0918
ema-idea-126,GBPUSD,BUY,0.06,2015-05-27 07:00:00+00:00,1.5430300000000001,1.5392431532488466,,2015-05-27 10:42:00+00:00,1.5392431532488466,SL,False,-22.7211,0.3000,-23.0211,-1.0000
ema-idea-127,EURUSD,SELL,0.05,2015-05-27 13:00:00+00:00,1.08616,1.0906156682640067,,2015-05-27 15:19:00+00:00,1.0906156682640067,SL,False,-22.2783,0.2500,-22.5283,-1.0000
ema-idea-128,GBPUSD,SELL,0.05,2015-05-27 13:00:00+00:00,1.53685,1.5413840729256212,,2015-05-28 03:00:00+00:00,1.5362500000000001,DISCRETIONARY_EXIT,False,3.0000,0.2500,2.7500,0.1200
ema-idea-129,EURUSD,BUY,0.05,2015-05-28 08:00:00+00:00,1.09358,1.0888535263584003,,2015-05-28 12:20:00+00:00,1.0888535263584003,SL,False,-23.6324,0.2500,-23.8824,-1.0000
ema-idea-130,GBPUSD,SELL,0.04,2015-05-28 12:00:00+00:00,1.52919,1.534167264058604,,2015-05-29 03:00:00+00:00,1.53335,DISCRETIONARY_EXIT,False,-16.6400,0.2000,-16.8400,-0.8374
ema-idea-131,EURUSD,BUY,0.04,2015-05-28 20:00:00+00:00,1.09547,1.0893878133778978,,2015-05-29 08:00:00+00:00,1.09287,DISCRETIONARY_EXIT,False,-10.4000,0.2000,-10.6000,-0.4321
ema-idea-133,GBPUSD,SELL,0.04,2015-05-29 12:00:00+00:00,1.5247,1.529851166136689,,2015-05-29 14:53:00+00:00,1.529851166136689,SL,False,-20.6047,0.2000,-20.8047,-1.0000
ema-idea-132,EURUSD,BUY,0.05,2015-05-29 11:00:00+00:00,1.09879,1.0938898661873582,,2015-06-01 01:20:00+00:00,1.0938898661873582,SL,False,-24.5007,0.2500,-24.7507,-1.0000
ema-idea-134,EURUSD,SELL,0.05,2015-06-01 09:00:00+00:00,1.09064,1.0953445243485131,,2015-06-01 13:30:00+00:00,1.0953445243485131,SL,False,-23.5226,0.2500,-23.7726,-1.0000
ema-idea-135,GBPUSD,SELL,0.04,2015-06-01 10:00:00+00:00,1.5228,1.527799414101957,,2015-06-02 10:00:00+00:00,1.52438,DISCRETIONARY_EXIT,False,-6.3200,0.2000,-6.5200,-0.3228
ema-idea-136,EURUSD,BUY,0.04,2015-06-02 12:00:00+00:00,1.10198,1.0965031874454003,,2015-06-03 11:00:00+00:00,1.11203,DISCRETIONARY_EXIT,False,40.2000,0.2000,40.0000,1.8094
ema-idea-137,EURUSD,BUY,0.03,2015-06-03 15:00:00+00:00,1.12211,1.1148508277035574,,2015-06-04 08:00:00+00:00,1.12389,DISCRETIONARY_EXIT,False,5.3400,0.1500,5.1900,0.2367
ema-idea-138,EURUSD,BUY,0.03,2015-06-04 10:00:00+00:00,1.13377,1.127478619507694,,2015-06-04 14:09:00+00:00,1.127478619507694,SL,False,-18.8741,0.1500,-19.0241,-1.0000
ema-idea-139,GBPUSD,BUY,0.04,2015-06-04 10:00:00+00:00,1.5398100000000001,1.5348273395206715,,2015-06-04 14:45:00+00:00,1.5348273395206715,SL,False,-19.9306,0.2000,-20.1306,-1.0000
ema-idea-140,EURUSD,SELL,0.03,2015-06-05 00:00:00+00:00,1.12023,1.1267506502419598,,2015-06-05 08:00:00+00:00,1.1248,DISCRETIONARY_EXIT,False,-13.7100,0.1500,-13.8600,-0.7031
ema-idea-141,GBPUSD,SELL,0.06,2015-06-05 08:00:00+00:00,1.53358,1.5376203875689065,,2015-06-08 08:00:00+00:00,1.5292700000000001,DISCRETIONARY_EXIT,False,25.8600,0.3000,25.5600,1.0415
ema-idea-142,EURUSD,BUY,0.03,2015-06-08 14:00:00+00:00,1.11828,1.111771723689714,,2015-06-09 13:00:00+00:00,1.12397,DISCRETIONARY_EXIT,False,17.0700,0.1500,16.9200,0.8600
ema-idea-143,EURUSD,SELL,0.03,2015-06-09 14:00:00+00:00,1.12264,1.1289710382920628,,2015-06-09 16:56:00+00:00,1.1289710382920628,SL,False,-18.9931,0.1500,-19.1431,-1.0000
ema-idea-144,GBPUSD,BUY,0.03,2015-06-09 17:00:00+00:00,1.5383200000000001,1.531342435035377,,2015-06-11 08:00:00+00:00,1.5463,DISCRETIONARY_EXIT,False,23.9400,0.1500,23.7900,1.1284
ema-idea-146,GBPUSD,BUY,0.04,2015-06-11 21:00:00+00:00,1.55312,1.5476736752490299,,2015-06-12 09:49:00+00:00,1.5476736752490299,SL,False,-21.7853,0.2000,-21.9853,-1.0000
ema-idea-145,EURUSD,SELL,0.04,2015-06-11 13:00:00+00:00,1.12343,1.1286878045594924,,2015-06-12 16:00:00+00:00,1.12689,DISCRETIONARY_EXIT,False,-13.8400,0.2000,-14.0400,-0.6613
ema-idea-147,GBPUSD,BUY,0.04,2015-06-12 16:00:00+00:00,1.55688,1.5510287378741288,,2015-06-15 10:18:00+00:00,1.5510287378741288,SL,False,-23.4050,0.2000,-23.6050,-1.0000
ema-idea-148,GBPUSD,BUY,0.05,2015-06-15 17:00:00+00:00,1.55726,1.5525533798286029,,2015-06-16 10:00:00+00:00,1.55434,DISCRETIONARY_EXIT,False,-14.6000,0.2500,-14.8500,-0.6244
ema-idea-149,EURUSD,SELL,0.04,2015-06-16 13:00:00+00:00,1.12334,1.128641342430761,,2015-06-17 03:00:00+00:00,1.12576,DISCRETIONARY_EXIT,False,-9.6800,0.2000,-9.8800,-0.4616
ema-idea-151,EURUSD,BUY,0.07,2015-06-17 09:00:00+00:00,1.12706,1.123675681863909,,2015-06-17 15:35:00+00:00,1.123675681863909,SL,False,-23.6902,0.3500,-24.0402,-1.0000
ema-idea-152,EURUSD,SELL,0.05,2015-06-17 16:00:00+00:00,1.12328,1.127460359455615,,2015-06-17 19:00:00+00:00,1.127460359455615,SL,False,-20.9018,0.2500,-21.1518,-1.0000
ema-idea-150,GBPUSD,BUY,0.05,2015-06-16 20:00:00+00:00,1.56502,1.5601971307655682,,2015-06-19 07:00:00+00:00,1.5869,DISCRETIONARY_EXIT,False,109.4000,0.2500,109.1500,4.4799
ema-idea-153,EURUSD,SELL,0.05,2015-06-19 09:00:00+00:00,1.13169,1.1363415901889153,,2015-06-19 18:25:00+00:00,1.1363415901889153,SL,False,-23.2580,0.2500,-23.5080,-1.0000
ema-idea-154,EURUSD,BUY,0.06,2015-06-22 06:00:00+00:00,1.13978,1.136095375159021,,2015-06-22 08:31:00+00:00,1.136095375159021,SL,False,-22.1077,0.3000,-22.4077,-1.0000
ema-idea-155,GBPUSD,BUY,0.08,2015-06-22 06:00:00+00:00,1.5903100000000001,1.587268736598259,,2015-06-22 08:32:00+00:00,1.587268736598259,SL,False,-24.3301,0.4000,-24.7301,-1.0000
ema-idea-156,GBPUSD,SELL,0.05,2015-06-22 12:00:00+00:00,1.58186,1.5860497577697874,,2015-06-24 07:00:00+00:00,1.5751700000000002,DISCRETIONARY_EXIT,False,33.4500,0.2500,33.2000,1.5661
ema-idea-157,GBPUSD,BUY,0.06,2015-06-24 08:00:00+00:00,1.5802,1.5760988876651003,,2015-06-24 11:09:00+00:00,1.5760988876651003,SL,False,-24.6067,0.3000,-24.9067,-1.0000
ema-idea-158,GBPUSD,SELL,0.04,2015-06-24 17:00:00+00:00,1.56799,1.5731540729763998,,2015-06-25 12:55:00+00:00,1.5731540729763998,SL,False,-20.6563,0.2000,-20.8563,-1.0000
ema-idea-159,GBPUSD,BUY,0.05,2015-06-25 13:00:00+00:00,1.5733400000000002,1.5689801697809054,,2015-06-28 22:10:00+00:00,1.5689801697809054,SL,False,-21.7992,0.2500,-22.0492,-1.0000
ema-idea-160,EURUSD,SELL,0.07,2015-06-26 14:00:00+00:00,1.11776,1.1212493296304922,,2015-06-29 10:00:00+00:00,1.11187,DISCRETIONARY_EXIT,False,41.2300,0.3500,40.8800,1.6500
ema-idea-162,GBPUSD,BUY,0.03,2015-06-29 17:00:00+00:00,1.5764200000000002,1.5699595558110881,,2015-06-30 07:48:00+00:00,1.5699595558110881,SL,False,-19.3813,0.1500,-19.5313,-1.0000
ema-idea-161,EURUSD,BUY,0.03,2015-06-29 17:00:00+00:00,1.1179999999999999,1.109801385441021,,2015-06-30 08:00:00+00:00,1.1164,DISCRETIONARY_EXIT,False,-4.8000,0.1500,-4.9500,-0.2000
ema-idea-163,GBPUSD,SELL,0.04,2015-07-01 00:00:00+00:00,1.56828,1.5734593130165184,,2015-07-03 10:00:00+00:00,1.56285,DISCRETIONARY_EXIT,False,21.7200,0.2000,21.5200,1.0288
ema-idea-164,EURUSD,BUY,0.05,2015-07-02 14:00:00+00:00,1.10954,1.1047494015343067,,2015-07-03 18:00:00+00:00,1.1072,DISCRETIONARY_EXIT,False,-11.7000,0.2500,-11.9500,-0.4937
ema-idea-166,EURUSD,SELL,0.07,2015-07-03 18:00:00+00:00,1.1072,1.1105733265556794,,2015-07-03 20:49:00+00:00,1.1105733265556794,SL,False,-23.6133,0.3500,-23.9633,-1.0000
ema-idea-165,GBPUSD,SELL,0.06,2015-07-03 17:00:00+00:00,1.55725,1.5609347741015558,,2015-07-03 21:13:00+00:00,1.5609600000000001,SL_GAP,False,-22.2600,0.3000,-22.5600,-1.0068
ema-idea-167,EURUSD,SELL,0.04,2015-07-05 23:00:00+00:00,1.09815,1.1035539248840474,,2015-07-05 23:03:00+00:00,1.1035539248840474,SL,False,-21.6157,0.2000,-21.8157,-1.0000
ema-idea-168,GBPUSD,SELL,0.05,2015-07-05 23:00:00+00:00,1.5547,1.558997692784304,,2015-07-06 06:54:00+00:00,1.558997692784304,SL,False,-21.4885,0.2500,-21.7385,-1.0000
ema-idea-169,GBPUSD,BUY,0.04,2015-07-06 17:00:00+00:00,1.56197,1.5565652134548023,,2015-07-07 04:00:00+00:00,1.55896,DISCRETIONARY_EXIT,False,-12.0400,0.2000,-12.2400,-0.5610
ema-idea-170,EURUSD,SELL,0.05,2015-07-07 10:00:00+00:00,1.09669,1.1011407517819485,,2015-07-07 20:24:00+00:00,1.1011407517819485,SL,False,-22.2538,0.2500,-22.5038,-1.0000
ema-idea-171,GBPUSD,SELL,0.05,2015-07-07 10:00:00+00:00,1.55069,1.5549592983874452,,2015-07-09 04:00:00+00:00,1.53786,DISCRETIONARY_EXIT,False,64.1500,0.2500,63.9000,2.9588
ema-idea-172,EURUSD,BUY,0.05,2015-07-09 07:00:00+00:00,1.11,1.1056440637248233,,2015-07-09 08:33:00+00:00,1.1056440637248233,SL,False,-21.7797,0.2500,-22.0297,-1.0000
ema-idea-173,EURUSD,SELL,0.04,2015-07-09 18:00:00+00:00,1.10032,1.1059036178734234,,2015-07-09 23:06:00+00:00,1.1059036178734234,SL,False,-22.3345,0.2000,-22.5345,-1.0000
ema-idea-174,GBPUSD,SELL,0.05,2015-07-09 18:00:00+00:00,1.53535,1.5399275923550755,,2015-07-10 04:00:00+00:00,1.5393000000000001,DISCRETIONARY_EXIT,False,-19.7500,0.2500,-20.0000,-0.8644
ema-idea-175,EURUSD,BUY,0.05,2015-07-10 05:00:00+00:00,1.10988,1.1051312405569225,,2015-07-13 10:00:00+00:00,1.10623,DISCRETIONARY_EXIT,False,-18.2500,0.2500,-18.5000,-0.7710
ema-idea-177,GBPUSD,BUY,0.04,2015-07-13 11:00:00+00:00,1.55753,1.551849585449882,,2015-07-13 16:51:00+00:00,1.551849585449882,SL,False,-22.7217,0.2000,-22.9217,-1.0000
ema-idea-176,EURUSD,SELL,0.03,2015-07-13 10:00:00+00:00,1.10623,1.1133900899288032,,2015-07-14 10:00:00+00:00,1.10279,DISCRETIONARY_EXIT,False,10.3200,0.1500,10.1700,0.4702
ema-idea-178,GBPUSD,BUY,0.04,2015-07-14 11:00:00+00:00,1.5584200000000001,1.5529104322588412,,2015-07-15 15:00:00+00:00,1.55839,DISCRETIONARY_EXIT,False,-0.1200,0.2000,-0.3200,-0.0144
ema-idea-179,EURUSD,SELL,0.06,2015-07-15 14:00:00+00:00,1.09731,1.1014007413607503,,2015-07-17 05:00:00+00:00,1.09007,DISCRETIONARY_EXIT,False,43.4400,0.3000,43.1400,1.7364
ema-idea-180,GBPUSD,BUY,0.06,2015-07-17 08:00:00+00:00,1.5665600000000002,1.562966600026535,,2015-07-17 10:42:00+00:00,1.562966600026535,SL,False,-21.5604,0.3000,-21.8604,-1.0000
ema-idea-182,GBPUSD,SELL,0.05,2015-07-17 14:00:00+00:00,1.55822,1.5626157556631006,,2015-07-17 15:25:00+00:00,1.5626157556631006,SL,False,-21.9788,0.2500,-22.2288,-1.0000
ema-idea-181,EURUSD,SELL,0.06,2015-07-17 14:00:00+00:00,1.08655,1.090266559349098,,2015-07-20 09:00:00+00:00,1.08632,DISCRETIONARY_EXIT,False,1.3800,0.3000,1.0800,0.0478
ema-idea-184,EURUSD,BUY,0.07,2015-07-21 13:00:00+00:00,1.08737,1.0841021786830993,,2015-07-22 04:00:00+00:00,1.09263,DISCRETIONARY_EXIT,False,36.8200,0.3500,36.4700,1.5703
ema-idea-183,GBPUSD,SELL,0.06,2015-07-21 12:00:00+00:00,1.55443,1.558076373769158,,2015-07-22 07:03:00+00:00,1.558076373769158,SL,False,-21.8782,0.3000,-22.1782,-1.0000
ema-idea-186,EURUSD,SELL,0.06,2015-07-22 14:00:00+00:00,1.09037,1.0943601552331519,,2015-07-23 02:00:00+00:00,1.09339,DISCRETIONARY_EXIT,False,-18.1200,0.3000,-18.4200,-0.7599
ema-idea-185,GBPUSD,BUY,0.06,2015-07-22 08:00:00+00:00,1.56155,1.5578696630900355,,2015-07-23 10:00:00+00:00,1.5595,DISCRETIONARY_EXIT,False,-12.3000,0.3000,-12.6000,-0.5630
ema-idea-187,GBPUSD,SELL,0.04,2015-07-23 14:00:00+00:00,1.55556,1.5608958183040476,,2015-07-27 03:00:00+00:00,1.55311,DISCRETIONARY_EXIT,False,9.8000,0.2000,9.6000,0.4456
ema-idea-188,GBPUSD,BUY,0.07,2015-07-27 03:00:00+00:00,1.55311,1.549684939227577,,2015-07-27 08:13:00+00:00,1.549684939227577,SL,False,-23.9754,0.3500,-24.3254,-1.0000
ema-idea-189,EURUSD,BUY,0.07,2015-07-27 04:00:00+00:00,1.10103,1.0977201427034007,,2015-07-28 04:00:00+00:00,1.10827,DISCRETIONARY_EXIT,False,50.6800,0.3500,50.3300,2.1400
ema-idea-191,EURUSD,SELL,0.06,2015-07-28 12:00:00+00:00,1.10304,1.1066950777005151,,2015-07-29 00:28:00+00:00,1.1066950777005151,SL,False,-21.9305,0.3000,-22.2305,-1.0000
ema-idea-192,EURUSD,SELL,0.06,2015-07-29 17:00:00+00:00,1.10235,1.1061845290773644,,2015-07-29 19:00:00+00:00,1.1061845290773644,SL,False,-23.0072,0.3000,-23.3072,-1.0000
ema-idea-190,GBPUSD,BUY,0.05,2015-07-28 11:00:00+00:00,1.56092,1.5567943587976345,,2015-07-30 17:00:00+00:00,1.55813,DISCRETIONARY_EXIT,False,-13.9500,0.2500,-14.2000,-0.6801
ema-idea-193,EURUSD,SELL,0.05,2015-07-29 20:00:00+00:00,1.10091,1.1056353791483127,,2015-07-31 08:00:00+00:00,1.09545,DISCRETIONARY_EXIT,False,27.3000,0.2500,27.0500,1.1329
ema-idea-194,EURUSD,BUY,0.06,2015-07-31 11:00:00+00:00,1.09765,1.0938477019005202,,2015-08-03 13:00:00+00:00,1.09446,DISCRETIONARY_EXIT,False,-19.1400,0.3000,-19.4400,-0.8411
ema-idea-195,GBPUSD,SELL,0.05,2015-08-03 11:00:00+00:00,1.55961,1.5639378887597013,,2015-08-04 07:00:00+00:00,1.5605200000000001,DISCRETIONARY_EXIT,False,-4.5500,0.2500,-4.8000,-0.2193
ema-idea-196,GBPUSD,BUY,0.06,2015-08-04 13:00:00+00:00,1.56213,1.5580706776873448,,2015-08-04 15:14:00+00:00,1.5580706776873448,SL,False,-24.3559,0.3000,-24.6559,-1.0000
ema-idea-197,GBPUSD,BUY,0.05,2015-08-04 18:00:00+00:00,1.56325,1.5586275725526701,,2015-08-04 18:48:00+00:00,1.5586275725526701,SL,False,-23.1121,0.2500,-23.3621,-1.0000
ema-idea-198,EURUSD,SELL,0.06,2015-08-04 19:00:00+00:00,1.09166,1.0954952139515912,,2015-08-05 13:00:00+00:00,1.0882,DISCRETIONARY_EXIT,False,20.7600,0.3000,20.4600,0.8777
ema-idea-200,EURUSD,BUY,0.08,2015-08-07 09:00:00+00:00,1.09412,1.0910675769721045,,2015-08-07 13:30:00+00:00,1.0910675769721045,SL,False,-24.4194,0.4000,-24.8194,-1.0000
ema-idea-199,GBPUSD,SELL,0.06,2015-08-06 12:00:00+00:00,1.55792,1.5618766676638889,,2015-08-10 14:00:00+00:00,1.5511000000000001,DISCRETIONARY_EXIT,False,40.9200,0.3000,40.6200,1.6897
ema-idea-201,GBPUSD,BUY,0.06,2015-08-10 14:00:00+00:00,1.5511000000000001,1.5472621352867186,,2015-08-11 08:00:00+00:00,1.55579,DISCRETIONARY_EXIT,False,28.1400,0.3000,27.8400,1.1935
ema-idea-202,EURUSD,BUY,0.05,2015-08-11 14:00:00+00:00,1.10733,1.1025786807303481,,2015-08-11 17:29:00+00:00,1.1025786807303481,SL,False,-23.7566,0.2500,-24.0066,-1.0000
ema-idea-203,EURUSD,BUY,0.05,2015-08-12 09:00:00+00:00,1.11163,1.1074209133318538,,2015-08-13 03:00:00+00:00,1.11378,DISCRETIONARY_EXIT,False,10.7500,0.2500,10.5000,0.4931
ema-idea-204,EURUSD,SELL,0.06,2015-08-13 09:00:00+00:00,1.11128,1.1153797989582348,,2015-08-13 20:52:00+00:00,1.1153797989582348,SL,False,-24.5988,0.3000,-24.8988,-1.0000
ema-idea-205,GBPUSD,SELL,0.05,2015-08-13 15:00:00+00:00,1.55817,1.5623149715225693,,2015-08-14 08:13:00+00:00,1.5623149715225693,SL,False,-20.7249,0.2500,-20.9749,-1.0000
ema-idea-206,EURUSD,BUY,0.06,2015-08-14 12:00:00+00:00,1.11751,1.11360685496336,,2015-08-14 14:21:00+00:00,1.11360685496336,SL,False,-23.4189,0.3000,-23.7189,-1.0000
ema-idea-207,GBPUSD,BUY,0.07,2015-08-14 12:00:00+00:00,1.56316,1.5598344413834415,,2015-08-17 11:00:00+00:00,1.56349,DISCRETIONARY_EXIT,False,2.3100,0.3500,1.9600,0.0829
ema-idea-208,EURUSD,SELL,0.05,2015-08-14 16:00:00+00:00,1.11113,1.115757207033306,,2015-08-18 09:00:00+00:00,1.10901,DISCRETIONARY_EXIT,False,10.6000,0.2500,10.3500,0.4426
ema-idea-210,EURUSD,SELL,0.06,2015-08-18 14:00:00+00:00,1.10315,1.106722997205939,,2015-08-19 04:00:00+00:00,1.10478,DISCRETIONARY_EXIT,False,-9.7800,0.3000,-10.0800,-0.4637
ema-idea-209,GBPUSD,BUY,0.06,2015-08-18 10:00:00+00:00,1.56715,1.5631074740873525,,2015-08-19 13:00:00+00:00,1.56618,DISCRETIONARY_EXIT,False,-5.8200,0.3000,-6.1200,-0.2492
ema-idea-211,GBPUSD,SELL,0.07,2015-08-19 16:00:00+00:00,1.56405,1.5675418143785849,,2015-08-19 18:47:00+00:00,1.5675418143785849,SL,False,-24.4427,0.3500,-24.7927,-1.0000
ema-idea-213,GBPUSD,SELL,0.06,2015-08-20 10:00:00+00:00,1.56211,1.5658219887448728,,2015-08-20 11:36:00+00:00,1.5658219887448728,SL,False,-22.2719,0.3000,-22.5719,-1.0000
ema-idea-212,EURUSD,BUY,0.05,2015-08-19 19:00:00+00:00,1.11203,1.1073147529135474,,2015-08-25 12:00:00+00:00,1.14956,DISCRETIONARY_EXIT,False,187.6500,0.2500,187.4000,7.8653
ema-idea-214,EURUSD,SELL,0.02,2015-08-25 12:00:00+00:00,1.14956,1.158309211475547,,2015-08-26 01:00:00+00:00,1.15547,DISCRETIONARY_EXIT,False,-11.8200,0.1000,-11.9200,-0.6773
ema-idea-215,GBPUSD,SELL,0.05,2015-08-26 10:00:00+00:00,1.56792,1.5721563036817672,,2015-08-28 05:00:00+00:00,1.5438500000000002,DISCRETIONARY_EXIT,False,120.3500,0.2500,120.1000,5.6039
ema-idea-216,EURUSD,SELL,0.04,2015-08-28 16:00:00+00:00,1.12159,1.1266139103671424,,2015-08-31 04:00:00+00:00,1.12411,DISCRETIONARY_EXIT,False,-10.0800,0.2000,-10.2800,-0.5065
ema-idea-217,GBPUSD,SELL,0.05,2015-08-31 16:00:00+00:00,1.53759,1.542037525961525,,2015-09-01 03:00:00+00:00,1.53929,DISCRETIONARY_EXIT,False,-8.5000,0.2500,-8.7500,-0.3891
ema-idea-218,EURUSD,BUY,0.05,2015-09-01 04:00:00+00:00,1.12712,1.1228470701101354,,2015-09-02 09:00:00+00:00,1.12579,DISCRETIONARY_EXIT,False,-6.6500,0.2500,-6.9000,-0.3192
ema-idea-219,GBPUSD,SELL,0.05,2015-09-01 10:00:00+00:00,1.53326,1.5376049527973605,,2015-09-07 10:00:00+00:00,1.5261500000000001,DISCRETIONARY_EXIT,False,35.5500,0.2500,35.3000,1.6064
ema-idea-220,GBPUSD,BUY,0.05,2015-09-07 17:00:00+00:00,1.5281,1.5238489430502333,,2015-09-09 07:00:00+00:00,1.53775,DISCRETIONARY_EXIT,False,48.2500,0.2500,48.0000,2.2320
ema-idea-222,EURUSD,SELL,0.06,2015-09-09 13:00:00+00:00,1.11384,1.117828427294038,,2015-09-09 15:37:00+00:00,1.117828427294038,SL,False,-23.9306,0.3000,-24.2306,-1.0000
ema-idea-223,EURUSD,BUY,0.05,2015-09-09 23:00:00+00:00,1.12165,1.1173817596111602,,2015-09-10 09:00:00+00:00,1.11925,DISCRETIONARY_EXIT,False,-12.0000,0.2500,-12.2500,-0.5674
ema-idea-221,GBPUSD,SELL,0.06,2015-09-09 10:00:00+00:00,1.5356,1.5393781427558655,,2015-09-10 10:00:00+00:00,1.5389400000000002,DISCRETIONARY_EXIT,False,-20.0400,0.3000,-20.3400,-0.8855
ema-idea-225,GBPUSD,BUY,0.05,2015-09-10 17:00:00+00:00,1.54584,1.541021259527642,,2015-09-11 10:00:00+00:00,1.5432,DISCRETIONARY_EXIT,False,-13.2000,0.2500,-13.4500,-0.5525
ema-idea-224,EURUSD,BUY,0.04,2015-09-10 17:00:00+00:00,1.12636,1.1213263199861345,,2015-09-11 11:00:00+00:00,1.12696,DISCRETIONARY_EXIT,False,2.4000,0.2000,2.2000,0.1082
ema-idea-226,GBPUSD,SELL,0.07,2015-09-11 13:00:00+00:00,1.54159,1.5450735405159024,,2015-09-14 01:37:00+00:00,1.5450735405159024,SL,False,-24.3848,0.3500,-24.7348,-1.0000
ema-idea-228,GBPUSD,BUY,0.07,2015-09-14 09:00:00+00:00,1.54655,1.5434731242718747,,2015-09-14 11:25:00+00:00,1.5434731242718747,SL,False,-21.5381,0.3500,-21.8881,-1.0000
ema-idea-227,EURUSD,BUY,0.05,2015-09-11 17:00:00+00:00,1.13374,1.1290995277935791,,2015-09-14 12:00:00+00:00,1.13212,DISCRETIONARY_EXIT,False,-8.1000,0.2500,-8.3500,-0.3560
ema-idea-230,GBPUSD,SELL,0.07,2015-09-14 14:00:00+00:00,1.53988,1.543398241134131,,2015-09-14 19:43:00+00:00,1.543398241134131,SL,False,-24.6277,0.3500,-24.9777,-1.0000
ema-idea-231,GBPUSD,BUY,0.07,2015-09-15 09:00:00+00:00,1.5443200000000001,1.5411285103460683,,2015-09-15 12:54:00+00:00,1.5411285103460683,SL,False,-22.3404,0.3500,-22.6904,-1.0000
ema-idea-229,EURUSD,SELL,0.06,2015-09-14 14:00:00+00:00,1.1302,1.133869925493761,,2015-09-16 04:00:00+00:00,1.12901,DISCRETIONARY_EXIT,False,7.1400,0.3000,6.8400,0.3065
ema-idea-232,GBPUSD,SELL,0.07,2015-09-15 14:00:00+00:00,1.53939,1.5429025688479454,,2015-09-16 10:00:00+00:00,1.54031,DISCRETIONARY_EXIT,False,-6.4400,0.3500,-6.7900,-0.2723
ema-idea-233,EURUSD,SELL,0.07,2015-09-16 11:00:00+00:00,1.12332,1.1267768977811774,,2015-09-16 13:53:00+00:00,1.1267768977811774,SL,False,-24.1983,0.3500,-24.5483,-1.0000
ema-idea-234,GBPUSD,BUY,0.06,2015-09-16 12:00:00+00:00,1.54306,1.539095717434976,,2015-09-18 19:00:00+00:00,1.55603,DISCRETIONARY_EXIT,False,77.8200,0.3000,77.5200,3.2185
ema-idea-235,GBPUSD,SELL,0.04,2015-09-18 20:00:00+00:00,1.55514,1.5603566287641284,,2015-09-21 09:00:00+00:00,1.55674,DISCRETIONARY_EXIT,False,-6.4000,0.2000,-6.6000,-0.3133
ema-idea-236,EURUSD,SELL,0.05,2015-09-21 13:00:00+00:00,1.1252,1.1296819432425074,,2015-09-23 12:00:00+00:00,1.11613,DISCRETIONARY_EXIT,False,45.3500,0.2500,45.1000,1.9903
ema-idea-237,EURUSD,BUY,0.05,2015-09-23 12:00:00+00:00,1.11613,1.1117067700602665,,2015-09-23 14:02:00+00:00,1.1117067700602665,SL,False,-22.1161,0.2500,-22.3661,-1.0000
ema-idea-238,GBPUSD,SELL,0.05,2015-09-23 14:00:00+00:00,1.52541,1.5301866321445643,,2015-09-24 08:00:00+00:00,1.5277,DISCRETIONARY_EXIT,False,-11.4500,0.2500,-11.7000,-0.4848
ema-idea-240,GBPUSD,SELL,0.05,2015-09-24 14:00:00+00:00,1.52187,1.5260556177369107,,2015-09-24 14:55:00+00:00,1.5260556177369107,SL,False,-20.9281,0.2500,-21.1781,-1.0000
ema-idea-239,EURUSD,BUY,0.04,2015-09-23 15:00:00+00:00,1.11781,1.112408827923617,,2015-09-24 23:00:00+00:00,1.11748,DISCRETIONARY_EXIT,False,-1.3200,0.2000,-1.5200,-0.0697
ema-idea-241,EURUSD,SELL,0.05,2015-09-25 09:00:00+00:00,1.11268,1.1171651745688456,,2015-09-25 11:18:00+00:00,1.1171651745688456,SL,False,-22.4259,0.2500,-22.6759,-1.0000
ema-idea-242,GBPUSD,SELL,0.05,2015-09-25 13:00:00+00:00,1.5162,1.5208763991575063,,2015-09-27 23:02:00+00:00,1.5208763991575063,SL,False,-23.3820,0.2500,-23.6320,-1.0000
ema-idea-243,GBPUSD,BUY,0.05,2015-09-28 10:00:00+00:00,1.5232100000000002,1.5187480287917507,,2015-09-28 12:32:00+00:00,1.5187480287917507,SL,False,-22.3099,0.2500,-22.5599,-1.0000
ema-idea-244,EURUSD,SELL,0.05,2015-09-28 14:00:00+00:00,1.11568,1.1198420934260203,,2015-09-28 15:33:00+00:00,1.1198420934260203,SL,False,-20.8105,0.2500,-21.0605,-1.0000
ema-idea-245,EURUSD,BUY,0.04,2015-09-28 17:00:00+00:00,1.12357,1.1185921431279278,,2015-09-29 14:00:00+00:00,1.12049,DISCRETIONARY_EXIT,False,-12.3200,0.2000,-12.5200,-0.6225
ema-idea-247,EURUSD,SELL,0.05,2015-09-29 14:00:00+00:00,1.12049,1.1248181461628386,,2015-09-29 17:02:00+00:00,1.1248181461628386,SL,False,-21.6407,0.2500,-21.8907,-1.0000
ema-idea-246,GBPUSD,SELL,0.05,2015-09-29 13:00:00+00:00,1.51461,1.5190903551055388,,2015-09-30 10:00:00+00:00,1.5179500000000001,DISCRETIONARY_EXIT,False,-16.7000,0.2500,-16.9500,-0.7483
ema-idea-248,GBPUSD,BUY,0.06,2015-09-30 10:00:00+00:00,1.5179500000000001,1.5142574813413396,,2015-09-30 15:44:00+00:00,1.5142574813413396,SL,False,-22.1551,0.3000,-22.4551,-1.0000
ema-idea-249,EURUSD,SELL,0.06,2015-09-30 14:00:00+00:00,1.11937,1.123123415422024,,2015-10-01 15:00:00+00:00,1.11981,DISCRETIONARY_EXIT,False,-2.6400,0.3000,-2.9400,-0.1288
ema-idea-251,GBPUSD,BUY,0.06,2015-10-01 15:00:00+00:00,1.5170000000000001,1.5131524742197011,,2015-10-01 18:41:00+00:00,1.5131524742197011,SL,False,-23.0852,0.3000,-23.3852,-1.0000
ema-idea-250,EURUSD,BUY,0.06,2015-10-01 15:00:00+00:00,1.11981,1.116135438345101,,2015-10-02 05:00:00+00:00,1.11798,DISCRETIONARY_EXIT,False,-10.9800,0.3000,-11.2800,-0.5048
ema-idea-252,EURUSD,BUY,0.05,2015-10-02 14:00:00+00:00,1.12879,1.1240221108483408,,2015-10-02 17:47:00+00:00,1.1240221108483408,SL,False,-23.8394,0.2500,-24.0894,-1.0000
ema-idea-253,GBPUSD,BUY,0.06,2015-10-02 14:00:00+00:00,1.52269,1.5187390580021278,,2015-10-02 17:52:00+00:00,1.5187390580021278,SL,False,-23.7057,0.3000,-24.0057,-1.0000
ema-idea-254,EURUSD,SELL,0.05,2015-10-05 17:00:00+00:00,1.11975,1.1245533928389635,,2015-10-06 09:00:00+00:00,1.1218,DISCRETIONARY_EXIT,False,-10.2500,0.2500,-10.5000,-0.4327
ema-idea-255,EURUSD,BUY,0.06,2015-10-06 13:00:00+00:00,1.12285,1.119321433201789,,2015-10-07 08:00:00+00:00,1.12528,DISCRETIONARY_EXIT,False,14.5800,0.3000,14.2800,0.6651
ema-idea-256,GBPUSD,BUY,0.07,2015-10-06 15:00:00+00:00,1.5195,1.5162601204518715,,2015-10-08 05:00:00+00:00,1.53064,DISCRETIONARY_EXIT,False,77.9800,0.3500,77.6300,3.3709
ema-idea-257,EURUSD,BUY,0.07,2015-10-08 09:00:00+00:00,1.12916,1.125845838389277,,2015-10-08 13:07:00+00:00,1.125845838389277,SL,False,-23.1991,0.3500,-23.5491,-1.0000
ema-idea-258,GBPUSD,SELL,0.06,2015-10-08 13:00:00+00:00,1.52899,1.5329960781885579,,2015-10-08 17:44:00+00:00,1.5329960781885579,SL,False,-24.0365,0.3000,-24.3365,-1.0000
ema-idea-260,GBPUSD,SELL,0.05,2015-10-09 16:00:00+00:00,1.53078,1.535170191994232,,2015-10-12 08:00:00+00:00,1.5344300000000002,DISCRETIONARY_EXIT,False,-18.2500,0.2500,-18.5000,-0.8333
ema-idea-259,EURUSD,BUY,0.06,2015-10-09 09:00:00+00:00,1.13383,1.1299477577394788,,2015-10-13 01:00:00+00:00,1.13519,DISCRETIONARY_EXIT,False,8.1600,0.3000,7.8600,0.3331
ema-idea-261,EURUSD,SELL,0.09,2015-10-13 01:00:00+00:00,1.13519,1.1376719248512586,,2015-10-13 06:59:00+00:00,1.1376719248512586,SL,False,-22.3373,0.4500,-22.7873,-1.0000
ema-idea-262,GBPUSD,SELL,0.07,2015-10-13 02:00:00+00:00,1.53134,1.5346523317350478,,2015-10-13 07:02:00+00:00,1.5346523317350478,SL,False,-23.1863,0.3500,-23.5363,-1.0000
ema-idea-263,GBPUSD,BUY,0.06,2015-10-13 08:00:00+00:00,1.5378,1.5342440110081532,,2015-10-13 09:10:00+00:00,1.5342440110081532,SL,False,-21.3359,0.3000,-21.6359,-1.0000
ema-idea-264,EURUSD,BUY,0.08,2015-10-13 09:00:00+00:00,1.14045,1.1374947646915299,,2015-10-13 10:00:00+00:00,1.1374947646915299,SL,False,-23.6419,0.4000,-24.0419,-1.0000
ema-idea-265,GBPUSD,SELL,0.04,2015-10-13 10:00:00+00:00,1.52406,1.5295112354062352,,2015-10-13 21:00:00+00:00,1.5263900000000001,DISCRETIONARY_EXIT,False,-9.3200,0.2000,-9.5200,-0.4326
ema-idea-266,EURUSD,BUY,0.08,2015-10-14 09:00:00+00:00,1.14155,1.1387168699592058,,2015-10-15 09:00:00+00:00,1.14372,DISCRETIONARY_EXIT,False,17.3600,0.4000,16.9600,0.7353
ema-idea-267,GBPUSD,BUY,0.06,2015-10-14 09:00:00+00:00,1.5312100000000002,1.527495974868472,,2015-10-15 09:00:00+00:00,1.54607,DISCRETIONARY_EXIT,False,89.1600,0.3000,88.8600,3.9346
ema-idea-269,GBPUSD,SELL,0.05,2015-10-15 14:00:00+00:00,1.54308,1.5478869721309654,,2015-10-15 16:18:00+00:00,1.5478869721309654,SL,False,-24.0349,0.2500,-24.2849,-1.0000
ema-idea-270,GBPUSD,SELL,0.07,2015-10-19 03:00:00+00:00,1.54333,1.5465578409776384,,2015-10-19 08:00:00+00:00,1.5458200000000002,DISCRETIONARY_EXIT,False,-17.4300,0.3500,-17.7800,-0.7749
ema-idea-271,GBPUSD,BUY,0.07,2015-10-19 12:00:00+00:00,1.5495700000000001,1.5462400250439678,,2015-10-19 19:33:00+00:00,1.5462400250439678,SL,False,-23.3098,0.3500,-23.6598,-1.0000
ema-idea-268,EURUSD,SELL,0.05,2015-10-15 14:00:00+00:00,1.13831,1.1427281844020918,,2015-10-20 02:00:00+00:00,1.1335,DISCRETIONARY_EXIT,False,24.0500,0.2500,23.8000,1.0653
ema-idea-273,GBPUSD,SELL,0.08,2015-10-20 20:00:00+00:00,1.54412,1.547124878770828,,2015-10-21 11:00:00+00:00,1.54498,DISCRETIONARY_EXIT,False,-6.8800,0.4000,-7.2800,-0.2979
ema-idea-272,EURUSD,BUY,0.1,2015-10-20 09:00:00+00:00,1.13482,1.1324732044396748,,2015-10-22 07:00:00+00:00,1.13276,DISCRETIONARY_EXIT,False,-20.6000,0.5000,-21.1000,-0.8803
ema-idea-274,GBPUSD,SELL,0.07,2015-10-21 19:00:00+00:00,1.54141,1.5447891429199858,,2015-10-22 08:59:00+00:00,1.5447891429199858,SL,False,-23.6540,0.3500,-24.0040,-1.0000
ema-idea-275,EURUSD,SELL,0.1,2015-10-22 07:00:00+00:00,1.13276,1.1351279767090514,,2015-10-23 07:00:00+00:00,1.11235,DISCRETIONARY_EXIT,False,204.1000,0.5000,203.6000,8.4203
ema-idea-276,EURUSD,SELL,0.04,2015-10-23 14:00:00+00:00,1.10466,1.110191026672413,,2015-10-26 04:00:00+00:00,1.10349,DISCRETIONARY_EXIT,False,4.6800,0.2000,4.4800,0.2007
ema-idea-277,GBPUSD,BUY,0.06,2015-10-26 16:00:00+00:00,1.53618,1.5325686462715784,,2015-10-27 09:00:00+00:00,1.53456,DISCRETIONARY_EXIT,False,-9.7200,0.3000,-10.0200,-0.4561
ema-idea-278,GBPUSD,SELL,0.07,2015-10-27 15:00:00+00:00,1.53134,1.5345122558864202,,2015-10-28 16:00:00+00:00,1.5325600000000001,DISCRETIONARY_EXIT,False,-8.5400,0.3500,-8.8900,-0.3941
ema-idea-279,EURUSD,BUY,0.08,2015-10-28 12:00:00+00:00,1.10655,1.1036116227873634,,2015-10-28 19:00:00+00:00,1.1036116227873634,SL,False,-23.5070,0.4000,-23.9070,-1.0000
ema-idea-280,EURUSD,SELL,0.04,2015-10-28 20:00:00+00:00,1.09004,1.095885104390362,,2015-10-29 08:00:00+00:00,1.09375,DISCRETIONARY_EXIT,False,-14.8400,0.2000,-15.0400,-0.6378
ema-idea-281,GBPUSD,SELL,0.05,2015-10-28 20:00:00+00:00,1.52499,1.5295074370824202,,2015-10-29 15:00:00+00:00,1.52818,DISCRETIONARY_EXIT,False,-15.9500,0.2500,-16.2000,-0.7094
ema-idea-283,EURUSD,BUY,0.06,2015-10-29 23:00:00+00:00,1.09873,1.094731641688209,,2015-11-02 09:00:00+00:00,1.10152,DISCRETIONARY_EXIT,False,16.7400,0.3000,16.4400,0.6768
ema-idea-282,GBPUSD,BUY,0.06,2015-10-29 20:00:00+00:00,1.5317800000000001,1.527995244716924,,2015-11-03 10:00:00+00:00,1.54082,DISCRETIONARY_EXIT,False,54.2400,0.3000,53.9400,2.3443
ema-idea-284,EURUSD,SELL,0.08,2015-11-03 10:00:00+00:00,1.09846,1.1013425146186087,,2015-11-05 04:00:00+00:00,1.08755,DISCRETIONARY_EXIT,False,87.2800,0.4000,86.8800,3.7033
ema-idea-285,EURUSD,SELL,0.08,2015-11-05 08:00:00+00:00,1.08359,1.0864209069665314,,2015-11-05 08:17:00+00:00,1.0864209069665314,SL,False,-22.6473,0.4000,-23.0473,-1.0000
ema-idea-286,GBPUSD,SELL,0.05,2015-11-05 13:00:00+00:00,1.52867,1.5330414716772056,,2015-11-09 12:00:00+00:00,1.51045,DISCRETIONARY_EXIT,False,91.1000,0.2500,90.8500,4.1095
ema-idea-287,GBPUSD,BUY,0.06,2015-11-09 12:00:00+00:00,1.51045,1.506515036284128,,2015-11-10 05:00:00+00:00,1.51075,DISCRETIONARY_EXIT,False,1.8000,0.3000,1.5000,0.0627
ema-idea-288,EURUSD,SELL,0.07,2015-11-10 13:00:00+00:00,1.07012,1.0736165081013407,,2015-11-10 23:39:00+00:00,1.0736165081013407,SL,False,-24.4756,0.3500,-24.8256,-1.0000
ema-idea-289,GBPUSD,BUY,0.07,2015-11-11 02:00:00+00:00,1.51675,1.5134173804093125,,2015-11-11 09:30:00+00:00,1.5134173804093125,SL,False,-23.3283,0.3500,-23.6783,-1.0000
ema-idea-290,GBPUSD,BUY,0.06,2015-11-11 16:00:00+00:00,1.52014,1.5161944410102979,,2015-11-12 07:00:00+00:00,1.5206,DISCRETIONARY_EXIT,False,2.7600,0.3000,2.4600,0.1026
ema-idea-291,EURUSD,BUY,0.04,2015-11-12 21:00:00+00:00,1.08104,1.0756157392800518,,2015-11-13 08:43:00+00:00,1.0756157392800518,SL,False,-21.6970,0.2000,-21.8970,-1.0000
ema-idea-293,GBPUSD,SELL,0.06,2015-11-13 16:00:00+00:00,1.51953,1.52324567889794,,2015-11-13 19:59:00+00:00,1.52324567889794,SL,False,-22.2941,0.3000,-22.5941,-1.0000
ema-idea-294,GBPUSD,BUY,0.07,2015-11-17 15:00:00+00:00,1.52235,1.5188739137324083,,2015-11-18 02:00:00+00:00,1.52017,DISCRETIONARY_EXIT,False,-15.2600,0.3500,-15.6100,-0.6324
ema-idea-292,EURUSD,SELL,0.05,2015-11-13 14:00:00+00:00,1.07354,1.0782309406101618,,2015-11-18 09:00:00+00:00,1.06711,DISCRETIONARY_EXIT,False,32.1500,0.2500,31.9000,1.3457
ema-idea-295,EURUSD,BUY,0.08,2015-11-18 10:00:00+00:00,1.06803,1.0651730405970237,,2015-11-18 15:45:00+00:00,1.0651730405970237,SL,False,-22.8557,0.4000,-23.2557,-1.0000
ema-idea-296,GBPUSD,BUY,0.07,2015-11-19 01:00:00+00:00,1.5252000000000001,1.5219431574904971,,2015-11-20 09:00:00+00:00,1.5263,DISCRETIONARY_EXIT,False,7.7000,0.3500,7.3500,0.3175
ema-idea-297,GBPUSD,SELL,0.06,2015-11-20 13:00:00+00:00,1.52485,1.528572164265421,,2015-11-24 07:00:00+00:00,1.5144000000000002,DISCRETIONARY_EXIT,False,62.7000,0.3000,62.4000,2.7570
ema-idea-298,EURUSD,BUY,0.08,2015-11-24 09:00:00+00:00,1.06627,1.0632132440096629,,2015-11-24 15:18:00+00:00,1.0632132440096629,SL,False,-24.4540,0.4000,-24.8540,-1.0000
ema-idea-299,GBPUSD,SELL,0.06,2015-11-24 13:00:00+00:00,1.50814,1.5118458153188434,,2015-11-25 03:00:00+00:00,1.51142,DISCRETIONARY_EXIT,False,-19.6800,0.3000,-19.9800,-0.8866
ema-idea-300,EURUSD,BUY,0.07,2015-11-25 03:00:00+00:00,1.06761,1.064314698267574,,2015-11-25 09:10:00+00:00,1.064314698267574,SL,False,-23.0671,0.3500,-23.4171,-1.0000
ema-idea-302,GBPUSD,BUY,0.06,2015-11-25 14:00:00+00:00,1.5118200000000002,1.5079070812619784,,2015-11-25 15:43:00+00:00,1.5079070812619784,SL,False,-23.4775,0.3000,-23.7775,-1.0000
ema-idea-303,GBPUSD,BUY,0.05,2015-11-25 19:00:00+00:00,1.51309,1.508511507673521,,2015-11-26 08:00:00+00:00,1.50964,DISCRETIONARY_EXIT,False,-17.2500,0.2500,-17.5000,-0.7562
ema-idea-301,EURUSD,SELL,0.06,2015-11-25 10:00:00+00:00,1.06113,1.0651272648997347,,2015-11-27 07:00:00+00:00,1.06326,DISCRETIONARY_EXIT,False,-12.7800,0.3000,-13.0800,-0.5386
ema-idea-304,EURUSD,BUY,0.12,2015-11-27 07:00:00+00:00,1.06326,1.0612519785233732,,2015-11-27 08:32:00+00:00,1.0612519785233732,SL,False,-24.0963,0.6000,-24.6963,-1.0000
ema-idea-306,GBPUSD,SELL,0.07,2015-11-27 10:00:00+00:00,1.50357,1.5068123450085862,,2015-11-27 14:56:00+00:00,1.5068123450085862,SL,False,-22.6964,0.3500,-23.0464,-1.0000
ema-idea-307,GBPUSD,SELL,0.07,2015-11-29 22:00:00+00:00,1.50331,1.506791670162174,,2015-11-30 16:09:00+00:00,1.506791670162174,SL,False,-24.3717,0.3500,-24.7217,-1.0000
ema-idea-305,EURUSD,SELL,0.09,2015-11-27 10:00:00+00:00,1.05841,1.0609259195277512,,2015-12-01 08:58:00+00:00,1.0609259195277512,SL,False,-22.6433,0.4500,-23.0933,-1.0000
ema-idea-308,GBPUSD,BUY,0.06,2015-12-01 02:00:00+00:00,1.5080900000000002,1.5045257209208909,,2015-12-01 13:00:00+00:00,1.50674,DISCRETIONARY_EXIT,False,-8.1000,0.3000,-8.4000,-0.3874
ema-idea-310,EURUSD,SELL,0.08,2015-12-02 11:00:00+00:00,1.05903,1.0617819436654425,,2015-12-02 19:00:00+00:00,1.0617819436654425,SL,False,-22.0155,0.4000,-22.4155,-1.0000
ema-idea-309,GBPUSD,SELL,0.08,2015-12-02 10:00:00+00:00,1.50386,1.5067964225282764,,2015-12-03 13:00:00+00:00,1.49726,DISCRETIONARY_EXIT,False,52.8000,0.4000,52.4000,2.1933
ema-idea-311,EURUSD,BUY,0.04,2015-12-03 13:00:00+00:00,1.06666,1.06165986110324,,2015-12-04 08:00:00+00:00,1.0872,DISCRETIONARY_EXIT,False,82.1600,0.2000,81.9600,4.0573
ema-idea-312,GBPUSD,BUY,0.05,2015-12-03 13:00:00+00:00,1.49726,1.49304877680353,,2015-12-04 08:00:00+00:00,1.50858,DISCRETIONARY_EXIT,False,56.6000,0.2500,56.3500,2.6448
ema-idea-313,EURUSD,SELL,0.05,2015-12-07 09:00:00+00:00,1.08146,1.0860660123292767,,2015-12-07 16:01:00+00:00,1.0860660123292767,SL,False,-23.0301,0.2500,-23.2801,-1.0000
ema-idea-314,GBPUSD,SELL,0.06,2015-12-07 09:00:00+00:00,1.50752,1.5113134064751148,,2015-12-09 02:00:00+00:00,1.50171,DISCRETIONARY_EXIT,False,34.8600,0.3000,34.5600,1.4987
ema-idea-315,EURUSD,BUY,0.07,2015-12-08 06:00:00+00:00,1.0861399999999999,1.0829690140462533,,2015-12-10 06:00:00+00:00,1.10013,DISCRETIONARY_EXIT,False,97.9300,0.3500,97.5800,4.3279
ema-idea-317,GBPUSD,SELL,0.05,2015-12-10 13:00:00+00:00,1.51369,1.5181546189574266,,2015-12-10 14:51:00+00:00,1.5181546189574266,SL,False,-22.3231,0.2500,-22.5731,-1.0000
ema-idea-316,EURUSD,SELL,0.06,2015-12-10 11:00:00+00:00,1.09402,1.097578037786818,,2015-12-11 08:00:00+00:00,1.09526,DISCRETIONARY_EXIT,False,-7.4400,0.3000,-7.7400,-0.3575
ema-idea-318,EURUSD,BUY,0.07,2015-12-11 12:00:00+00:00,1.0973,1.0939288218511105,,2015-12-11 13:30:00+00:00,1.09376,SL_GAP,False,-24.7800,0.3500,-25.1300,-1.0493
ema-idea-319,EURUSD,BUY,0.05,2015-12-11 15:00:00+00:00,1.1008499999999999,1.0963827994194204,,2015-12-11 15:10:00+00:00,1.0963827994194204,SL,False,-22.3360,0.2500,-22.5860,-1.0000
ema-idea-320,GBPUSD,BUY,0.05,2015-12-11 15:00:00+00:00,1.5219500000000001,1.5172771722303768,,2015-12-14 08:00:00+00:00,1.51782,DISCRETIONARY_EXIT,False,-20.6500,0.2500,-20.9000,-0.8851
ema-idea-322,EURUSD,BUY,0.05,2015-12-14 16:00:00+00:00,1.1028499999999999,1.098560276142888,,2015-12-14 20:58:00+00:00,1.098560276142888,SL,False,-21.4486,0.2500,-21.6986,-1.0000
ema-idea-321,GBPUSD,SELL,0.05,2015-12-14 12:00:00+00:00,1.51193,1.5162684427809963,,2015-12-14 22:13:00+00:00,1.5162684427809963,SL,False,-21.6922,0.2500,-21.9422,-1.0000
ema-idea-323,EURUSD,BUY,0.06,2015-12-15 08:00:00+00:00,1.10536,1.1017395448849652,,2015-12-15 09:08:00+00:00,1.1017395448849652,SL,False,-21.7227,0.3000,-22.0227,-1.0000
ema-idea-324,EURUSD,SELL,0.05,2015-12-15 14:00:00+00:00,1.0971,1.1012706312544818,,2015-12-16 20:00:00+00:00,1.09792,DISCRETIONARY_EXIT,False,-4.1000,0.2500,-4.3500,-0.2061
ema-idea-325,EURUSD,BUY,0.04,2015-12-16 20:00:00+00:00,1.09792,1.0924989450917162,,2015-12-16 20:20:00+00:00,1.0924989450917162,SL,False,-21.6842,0.2000,-21.8842,-1.0000
ema-idea-326,GBPUSD,BUY,0.03,2015-12-16 20:00:00+00:00,1.5062000000000002,1.4999421249593492,,2015-12-16 20:20:00+00:00,1.4999421249593492,SL,False,-18.7736,0.1500,-18.9236,-1.0000
ema-idea-327,EURUSD,SELL,0.04,2015-12-17 00:00:00+00:00,1.08734,1.0933249091325357,,2015-12-18 07:00:00+00:00,1.08629,DISCRETIONARY_EXIT,False,4.2000,0.2000,4.0000,0.1657
ema-idea-328,EURUSD,BUY,0.06,2015-12-18 21:00:00+00:00,1.0874,1.083338879767886,,2015-12-23 02:00:00+00:00,1.09427,DISCRETIONARY_EXIT,False,41.2200,0.3000,40.9200,1.6589
ema-idea-329,GBPUSD,SELL,0.08,2015-12-22 12:00:00+00:00,1.48722,1.4901013612894305,,2015-12-23 04:00:00+00:00,1.48346,DISCRETIONARY_EXIT,False,30.0800,0.4000,29.6800,1.2656
ema-idea-330,EURUSD,SELL,0.09,2015-12-23 09:00:00+00:00,1.09186,1.094350847872323,,2015-12-24 03:00:00+00:00,1.09332,DISCRETIONARY_EXIT,False,-13.1400,0.4500,-13.5900,-0.5943
ema-idea-331,GBPUSD,BUY,0.07,2015-12-23 11:00:00+00:00,1.48778,1.4846639631389493,,2015-12-28 18:00:00+00:00,1.48777,DISCRETIONARY_EXIT,False,-0.0700,0.3500,-0.4200,-0.0190
ema-idea-333,GBPUSD,SELL,0.07,2015-12-28 18:00:00+00:00,1.48777,1.4909434255934304,,2015-12-29 07:10:00+00:00,1.4909434255934304,SL,False,-22.2140,0.3500,-22.5640,-1.0000
ema-idea-332,EURUSD,BUY,0.08,2015-12-24 09:00:00+00:00,1.09562,1.0927467878761372,,2015-12-29 13:38:00+00:00,1.0927467878761372,SL,False,-22.9857,0.4000,-23.3857,-1.0000
ema-idea-334,GBPUSD,SELL,0.07,2015-12-29 11:00:00+00:00,1.48442,1.4875311748305333,,2015-12-30 03:00:00+00:00,1.4832200000000002,DISCRETIONARY_EXIT,False,8.4000,0.3500,8.0500,0.3638
ema-idea-335,EURUSD,SELL,0.08,2015-12-31 12:00:00+00:00,1.08914,1.0919554661510353,,2016-01-04 06:00:00+00:00,1.08982,DISCRETIONARY_EXIT,False,-5.4400,0.4000,-5.8400,-0.2548
ema-idea-336,EURUSD,BUY,0.05,2016-01-04 09:00:00+00:00,1.0925,1.0883739104398806,,2016-01-04 13:29:00+00:00,1.0883739104398806,SL,False,-20.6304,0.2500,-20.8804,-1.0000
ema-idea-337,EURUSD,SELL,0.04,2016-01-04 16:00:00+00:00,1.08016,1.0854286512223963,,2016-01-06 02:00:00+00:00,1.07623,DISCRETIONARY_EXIT,False,15.7200,0.2000,15.5200,0.7295
ema-idea-338,GBPUSD,SELL,0.04,2016-01-04 16:00:00+00:00,1.46888,1.474065138393222,,2016-01-07 20:00:00+00:00,1.46192,DISCRETIONARY_EXIT,False,27.8400,0.2000,27.6400,1.3199
ema-idea-339,EURUSD,BUY,0.05,2016-01-06 20:00:00+00:00,1.07895,1.0748332893809862,,2016-01-08 07:00:00+00:00,1.08609,DISCRETIONARY_EXIT,False,35.7000,0.2500,35.4500,1.7016
ema-idea-340,EURUSD,SELL,0.04,2016-01-08 14:00:00+00:00,1.08409,1.0890987515750499,,2016-01-08 14:20:00+00:00,1.0890987515750499,SL,False,-20.0350,0.2000,-20.2350,-1.0000
ema-idea-342,EURUSD,BUY,0.04,2016-01-10 23:00:00+00:00,1.09453,1.0894207404646044,,2016-01-11 07:49:00+00:00,1.0894207404646044,SL,False,-20.4370,0.2000,-20.6370,-1.0000
ema-idea-341,GBPUSD,SELL,0.04,2016-01-08 16:00:00+00:00,1.45405,1.4591446467235534,,2016-01-11 09:00:00+00:00,1.4571100000000001,DISCRETIONARY_EXIT,False,-12.2400,0.2000,-12.4400,-0.6045
ema-idea-343,GBPUSD,BUY,0.05,2016-01-11 14:00:00+00:00,1.4588500000000002,1.4544972291336136,,2016-01-11 15:26:00+00:00,1.4544972291336136,SL,False,-21.7639,0.2500,-22.0139,-1.0000
ema-idea-344,EURUSD,SELL,0.04,2016-01-11 16:00:00+00:00,1.08512,1.0900919629369696,,2016-01-12 08:02:00+00:00,1.0900919629369696,SL,False,-19.8879,0.2000,-20.0879,-1.0000
ema-idea-345,GBPUSD,SELL,0.05,2016-01-12 10:00:00+00:00,1.4488,1.452976969882415,,2016-01-13 02:00:00+00:00,1.4466800000000002,DISCRETIONARY_EXIT,False,10.6000,0.2500,10.3500,0.4897
ema-idea-347,GBPUSD,SELL,0.05,2016-01-14 10:00:00+00:00,1.43746,1.4420081081366765,,2016-01-14 12:12:00+00:00,1.4420081081366765,SL,False,-22.7405,0.2500,-22.9905,-1.0000
ema-idea-346,EURUSD,BUY,0.06,2016-01-14 09:00:00+00:00,1.0914,1.0874443159175398,,2016-01-14 15:31:00+00:00,1.0874443159175398,SL,False,-23.7341,0.3000,-24.0341,-1.0000
ema-idea-348,EURUSD,SELL,0.04,2016-01-14 16:00:00+00:00,1.08396,1.0896931355669088,,2016-01-15 03:00:00+00:00,1.08823,DISCRETIONARY_EXIT,False,-17.0800,0.2000,-17.2800,-0.7470
ema-idea-350,EURUSD,BUY,0.04,2016-01-15 14:00:00+00:00,1.09578,1.0907742904653641,,2016-01-15 19:55:00+00:00,1.0907742904653641,SL,False,-20.0228,0.2000,-20.2228,-1.0000
ema-idea-349,GBPUSD,SELL,0.06,2016-01-15 09:00:00+00:00,1.43571,1.43959363926922,,2016-01-18 09:00:00+00:00,1.4302300000000001,DISCRETIONARY_EXIT,False,32.8800,0.3000,32.5800,1.3804
ema-idea-352,GBPUSD,SELL,0.06,2016-01-18 20:00:00+00:00,1.42447,1.4285736674208454,,2016-01-19 06:00:00+00:00,1.4271,DISCRETIONARY_EXIT,False,-15.7800,0.3000,-16.0800,-0.6452
ema-idea-353,GBPUSD,BUY,0.06,2016-01-19 10:00:00+00:00,1.4313,1.4274100359594672,,2016-01-19 12:01:00+00:00,1.4274100359594672,SL,False,-23.3398,0.3000,-23.6398,-1.0000
ema-idea-351,EURUSD,SELL,0.06,2016-01-18 16:00:00+00:00,1.08719,1.090897911226697,,2016-01-19 14:49:00+00:00,1.090897911226697,SL,False,-22.2475,0.3000,-22.5475,-1.0000
ema-idea-354,GBPUSD,SELL,0.04,2016-01-19 13:00:00+00:00,1.42195,1.426943713920208,,2016-01-20 10:00:00+00:00,1.4184800000000002,DISCRETIONARY_EXIT,False,13.8800,0.2000,13.6800,0.6781
ema-idea-355,EURUSD,BUY,0.06,2016-01-19 18:00:00+00:00,1.09281,1.0891670873944628,,2016-01-20 12:00:00+00:00,1.09088,DISCRETIONARY_EXIT,False,-11.5800,0.3000,-11.8800,-0.5362
ema-idea-357,EURUSD,SELL,0.05,2016-01-21 00:00:00+00:00,1.08743,1.091658395047387,,2016-01-21 07:00:00+00:00,1.09026,DISCRETIONARY_EXIT,False,-14.1500,0.2500,-14.4000,-0.6731
ema-idea-356,GBPUSD,BUY,0.04,2016-01-20 15:00:00+00:00,1.42045,1.4147581649123107,,2016-01-21 10:40:00+00:00,1.4147581649123107,SL,False,-22.7673,0.2000,-22.9673,-1.0000
ema-idea-358,GBPUSD,SELL,0.05,2016-01-21 11:00:00+00:00,1.41482,1.4195525609523052,,2016-01-21 16:56:00+00:00,1.4195525609523052,SL,False,-23.6628,0.2500,-23.9128,-1.0000
ema-idea-359,GBPUSD,BUY,0.03,2016-01-21 18:00:00+00:00,1.42084,1.4143767930682842,,2016-01-25 00:00:00+00:00,1.42527,DISCRETIONARY_EXIT,False,13.2900,0.1500,13.1400,0.6725
ema-idea-360,EURUSD,SELL,0.05,2016-01-22 20:00:00+00:00,1.07901,1.0831685371537196,,2016-01-25 06:00:00+00:00,1.08182,DISCRETIONARY_EXIT,False,-14.0500,0.2500,-14.3000,-0.6796
ema-idea-361,EURUSD,BUY,0.07,2016-01-25 15:00:00+00:00,1.08396,1.0808531006724293,,2016-01-26 10:00:00+00:00,1.08375,DISCRETIONARY_EXIT,False,-1.4700,0.3500,-1.8200,-0.0824
ema-idea-362,GBPUSD,SELL,0.05,2016-01-26 01:00:00+00:00,1.422,1.4264320949247127,,2016-01-26 12:37:00+00:00,1.4264320949247127,SL,False,-22.1605,0.2500,-22.4105,-1.0000
ema-idea-363,GBPUSD,BUY,0.04,2016-01-26 15:00:00+00:00,1.42855,1.4229974484311085,,2016-01-27 09:00:00+00:00,1.43091,DISCRETIONARY_EXIT,False,9.4400,0.2000,9.2400,0.4123
ema-idea-364,EURUSD,BUY,0.08,2016-01-27 13:00:00+00:00,1.089,1.0861577596320944,,2016-01-27 19:01:00+00:00,1.0861577596320944,SL,False,-22.7379,0.4000,-23.1379,-1.0000
ema-idea-365,GBPUSD,SELL,0.04,2016-01-27 16:00:00+00:00,1.42587,1.431653123175449,,2016-01-28 09:53:00+00:00,1.431653123175449,SL,False,-23.1325,0.2000,-23.3325,-1.0000
ema-idea-366,EURUSD,BUY,0.06,2016-01-28 16:00:00+00:00,1.09406,1.090243005094313,,2016-01-29 03:40:00+00:00,1.090243005094313,SL,False,-22.9020,0.3000,-23.2020,-1.0000
ema-idea-367,GBPUSD,BUY,0.03,2016-01-28 16:00:00+00:00,1.43899,1.4324193395715172,,2016-01-29 10:31:00+00:00,1.43239,SL_GAP,False,-19.8000,0.1500,-19.9500,-1.0044
ema-idea-368,GBPUSD,SELL,0.04,2016-01-29 11:00:00+00:00,1.43,1.4361263809738025,,2016-02-01 09:00:00+00:00,1.42869,DISCRETIONARY_EXIT,False,5.2400,0.2000,5.0400,0.2040
ema-idea-369,EURUSD,BUY,0.08,2016-02-01 12:00:00+00:00,1.08686,1.0838652034831504,,2016-02-03 08:00:00+00:00,1.09071,DISCRETIONARY_EXIT,False,30.8000,0.4000,30.4000,1.2480
ema-idea-370,GBPUSD,BUY,0.04,2016-02-03 10:00:00+00:00,1.4453500000000001,1.4401519180468558,,2016-02-04 05:00:00+00:00,1.45744,DISCRETIONARY_EXIT,False,48.3600,0.2000,48.1600,2.2942
ema-idea-371,EURUSD,BUY,0.04,2016-02-04 10:00:00+00:00,1.11638,1.11095360003827,,2016-02-05 06:00:00+00:00,1.11888,DISCRETIONARY_EXIT,False,10.0000,0.2000,9.8000,0.4474
ema-idea-372,GBPUSD,SELL,0.04,2016-02-05 08:00:00+00:00,1.45175,1.4568150803104594,,2016-02-05 13:29:00+00:00,1.4568150803104594,SL,False,-20.2603,0.2000,-20.4603,-1.0000
ema-idea-374,GBPUSD,SELL,0.03,2016-02-05 14:00:00+00:00,1.44819,1.4550196914057185,,2016-02-08 02:00:00+00:00,1.4513800000000001,DISCRETIONARY_EXIT,False,-9.5700,0.1500,-9.7200,-0.4710
ema-idea-373,EURUSD,SELL,0.05,2016-02-05 14:00:00+00:00,1.11596,1.1208318066573515,,2016-02-08 09:00:00+00:00,1.1155599999999999,DISCRETIONARY_EXIT,False,2.0000,0.2500,1.7500,0.0711
ema-idea-376,EURUSD,BUY,0.04,2016-02-08 20:00:00+00:00,1.12127,1.1163064473896587,,2016-02-09 08:00:00+00:00,1.11824,DISCRETIONARY_EXIT,False,-12.1200,0.2000,-12.3200,-0.6143
ema-idea-375,GBPUSD,SELL,0.04,2016-02-08 12:00:00+00:00,1.44181,1.4477842973253865,,2016-02-09 10:34:00+00:00,1.4477842973253865,SL,False,-23.8972,0.2000,-24.0972,-1.0000
ema-idea-377,GBPUSD,BUY,0.04,2016-02-09 11:00:00+00:00,1.4467700000000001,1.441418050024171,,2016-02-09 11:58:00+00:00,1.441418050024171,SL,False,-21.4078,0.2000,-21.6078,-1.0000
ema-idea-378,EURUSD,BUY,0.04,2016-02-09 14:00:00+00:00,1.12898,1.1234751741381108,,2016-02-10 08:00:00+00:00,1.12806,DISCRETIONARY_EXIT,False,-3.6800,0.2000,-3.8800,-0.1746
ema-idea-379,GBPUSD,BUY,0.04,2016-02-10 11:00:00+00:00,1.45198,1.4464034970870567,,2016-02-10 15:09:00+00:00,1.4464034970870567,SL,False,-22.3060,0.2000,-22.5060,-1.0000
ema-idea-380,EURUSD,SELL,0.05,2016-02-10 14:00:00+00:00,1.12333,1.1278742158582973,,2016-02-10 19:59:00+00:00,1.1278742158582973,SL,False,-22.7211,0.2500,-22.9711,-1.0000
ema-idea-381,EURUSD,BUY,0.04,2016-02-11 01:00:00+00:00,1.1304,1.1250275679818327,,2016-02-12 01:00:00+00:00,1.13089,DISCRETIONARY_EXIT,False,1.9600,0.2000,1.7600,0.0811
ema-idea-382,GBPUSD,SELL,0.03,2016-02-11 09:00:00+00:00,1.44339,1.449749218319916,,2016-02-12 07:16:00+00:00,1.449749218319916,SL,False,-19.0777,0.1500,-19.2277,-1.0000
ema-idea-384,GBPUSD,BUY,0.04,2016-02-12 08:00:00+00:00,1.4495900000000002,1.4442121591809682,,2016-02-12 15:00:00+00:00,1.44536,DISCRETIONARY_EXIT,False,-16.9200,0.2000,-17.1200,-0.7885
ema-idea-383,EURUSD,SELL,0.05,2016-02-12 08:00:00+00:00,1.12892,1.133674484212705,,2016-02-17 04:00:00+00:00,1.11574,DISCRETIONARY_EXIT,False,65.9000,0.2500,65.6500,2.7329
ema-idea-385,GBPUSD,SELL,0.05,2016-02-17 07:00:00+00:00,1.42738,1.4320046885798074,,2016-02-17 10:00:00+00:00,1.43117,DISCRETIONARY_EXIT,False,-18.9500,0.2500,-19.2000,-0.8214
ema-idea-387,GBPUSD,BUY,0.04,2016-02-18 12:00:00+00:00,1.4370800000000001,1.4313916639984516,,2016-02-18 16:44:00+00:00,1.4313916639984516,SL,False,-22.7533,0.2000,-22.9533,-1.0000
ema-idea-386,EURUSD,SELL,0.07,2016-02-18 12:00:00+00:00,1.10974,1.1130526068118312,,2016-02-19 01:00:00+00:00,1.11242,DISCRETIONARY_EXIT,False,-18.7600,0.3500,-19.1100,-0.8119
ema-idea-388,GBPUSD,SELL,0.05,2016-02-19 08:00:00+00:00,1.43116,1.4356086531391414,,2016-02-19 17:00:00+00:00,1.4342400000000002,DISCRETIONARY_EXIT,False,-15.4000,0.2500,-15.6500,-0.6958
ema-idea-389,GBPUSD,BUY,0.03,2016-02-19 18:00:00+00:00,1.4353600000000002,1.4287222416603835,,2016-02-21 22:00:00+00:00,1.42652,SL_GAP,False,-26.5200,0.1500,-26.6700,-1.3293
ema-idea-390,GBPUSD,BUY,0.03,2016-02-21 22:00:00+00:00,1.42667,1.4204117264697578,,2016-02-22 07:28:00+00:00,1.4204117264697578,SL,False,-18.7748,0.1500,-18.9248,-1.0000
ema-idea-391,GBPUSD,SELL,0.03,2016-02-22 08:00:00+00:00,1.42077,1.427822439978405,,2016-02-25 13:00:00+00:00,1.39853,DISCRETIONARY_EXIT,False,66.7200,0.1500,66.5700,3.1243
ema-idea-392,GBPUSD,BUY,0.04,2016-02-25 13:00:00+00:00,1.39853,1.3929965633559553,,2016-02-25 14:34:00+00:00,1.3929965633559553,SL,False,-22.1337,0.2000,-22.3337,-1.0000
ema-idea-393,EURUSD,BUY,0.07,2016-02-26 02:00:00+00:00,1.10517,1.1016632526570824,,2016-02-26 09:03:00+00:00,1.1016632526570824,SL,False,-24.5472,0.3500,-24.8972,-1.0000
ema-idea-394,GBPUSD,BUY,0.04,2016-02-26 10:00:00+00:00,1.40267,1.3972380014558967,,2016-02-26 11:20:00+00:00,1.3972380014558967,SL,False,-21.7280,0.2000,-21.9280,-1.0000
ema-idea-395,EURUSD,SELL,0.06,2016-02-26 14:00:00+00:00,1.09731,1.1010245020015503,,2016-02-29 06:00:00+00:00,1.09444,DISCRETIONARY_EXIT,False,17.2200,0.3000,16.9200,0.7491
ema-idea-397,GBPUSD,BUY,0.04,2016-02-29 16:00:00+00:00,1.3929900000000002,1.3870057736708745,,2016-03-02 10:00:00+00:00,1.39249,DISCRETIONARY_EXIT,False,-2.0000,0.2000,-2.2000,-0.0911
ema-idea-396,EURUSD,SELL,0.06,2016-02-29 11:00:00+00:00,1.09037,1.0939447603767127,,2016-03-03 09:00:00+00:00,1.08771,DISCRETIONARY_EXIT,False,15.9600,0.3000,15.6600,0.7200
ema-idea-398,GBPUSD,BUY,0.04,2016-03-02 12:00:00+00:00,1.4002700000000001,1.3949351592189032,,2016-03-03 09:00:00+00:00,1.40584,DISCRETIONARY_EXIT,False,22.2800,0.2000,22.0800,1.0251
ema-idea-399,EURUSD,BUY,0.1,2016-03-03 09:00:00+00:00,1.08771,1.085325530477534,,2016-03-07 02:00:00+00:00,1.09865,DISCRETIONARY_EXIT,False,109.4000,0.5000,108.9000,4.4733
ema-idea-400,GBPUSD,BUY,0.04,2016-03-07 17:00:00+00:00,1.4254,1.4196643301034633,,2016-03-08 09:00:00+00:00,1.42308,DISCRETIONARY_EXIT,False,-9.2800,0.2000,-9.4800,-0.4096
ema-idea-401,EURUSD,BUY,0.08,2016-03-08 08:00:00+00:00,1.10361,1.1007997799729528,,2016-03-08 10:44:00+00:00,1.1007997799729528,SL,False,-22.4818,0.4000,-22.8818,-1.0000
ema-idea-402,GBPUSD,SELL,0.05,2016-03-08 15:00:00+00:00,1.41837,1.4230678587113532,,2016-03-08 16:17:00+00:00,1.4230678587113532,SL,False,-23.4893,0.2500,-23.7393,-1.0000
ema-idea-403,EURUSD,BUY,0.06,2016-03-08 16:00:00+00:00,1.10584,1.102096356426435,,2016-03-08 17:20:00+00:00,1.102096356426435,SL,False,-22.4619,0.3000,-22.7619,-1.0000
ema-idea-404,EURUSD,SELL,0.06,2016-03-08 19:00:00+00:00,1.09972,1.1037775819719833,,2016-03-09 16:00:00+00:00,1.10078,DISCRETIONARY_EXIT,False,-6.3600,0.3000,-6.6600,-0.2702
ema-idea-405,EURUSD,BUY,0.06,2016-03-09 17:00:00+00:00,1.10218,1.0981575712479004,,2016-03-10 00:38:00+00:00,1.0981575712479004,SL,False,-24.1346,0.3000,-24.4346,-1.0000
ema-idea-406,EURUSD,SELL,0.05,2016-03-10 13:00:00+00:00,1.08457,1.089395253391305,,2016-03-10 13:54:00+00:00,1.089395253391305,SL,False,-24.1263,0.2500,-24.3763,-1.0000
ema-idea-407,GBPUSD,SELL,0.05,2016-03-10 13:00:00+00:00,1.41548,1.4201532695046057,,2016-03-10 13:56:00+00:00,1.4201532695046057,SL,False,-23.3663,0.2500,-23.6163,-1.0000
ema-idea-408,EURUSD,BUY,0.02,2016-03-10 15:00:00+00:00,1.1042399999999999,1.0951783274330074,,2016-03-11 07:00:00+00:00,1.11627,DISCRETIONARY_EXIT,False,24.0600,0.1000,23.9600,1.3148
ema-idea-409,GBPUSD,BUY,0.04,2016-03-11 15:00:00+00:00,1.4343100000000002,1.4290987182140733,,2016-03-14 08:00:00+00:00,1.43611,DISCRETIONARY_EXIT,False,7.2000,0.2000,7.0000,0.3326
ema-idea-411,EURUSD,SELL,0.05,2016-03-14 19:00:00+00:00,1.10853,1.1128970374546154,,2016-03-16 19:00:00+00:00,1.1128970374546154,SL,False,-21.8352,0.2500,-22.0852,-1.0000
ema-idea-410,GBPUSD,SELL,0.04,2016-03-14 15:00:00+00:00,1.43227,1.437391580245556,,2016-03-16 20:00:00+00:00,1.4227500000000002,DISCRETIONARY_EXIT,False,38.0800,0.2000,37.8800,1.8312
ema-idea-413,GBPUSD,BUY,0.03,2016-03-16 20:00:00+00:00,1.4227500000000002,1.4157393248819505,,2016-03-18 05:00:00+00:00,1.44575,DISCRETIONARY_EXIT,False,69.0000,0.1500,68.8500,3.2504
ema-idea-412,EURUSD,BUY,0.04,2016-03-16 20:00:00+00:00,1.11981,1.114779752838397,,2016-03-18 08:00:00+00:00,1.12957,DISCRETIONARY_EXIT,False,39.0400,0.2000,38.8400,1.9113
ema-idea-414,EURUSD,SELL,0.06,2016-03-18 10:00:00+00:00,1.12638,1.130150134524433,,2016-03-18 15:38:00+00:00,1.130150134524433,SL,False,-22.6208,0.3000,-22.9208,-1.0000
ema-idea-415,GBPUSD,BUY,0.04,2016-03-18 17:00:00+00:00,1.45154,1.4460819005217984,,2016-03-20 22:00:00+00:00,1.44389,SL_GAP,False,-30.6000,0.2000,-30.8000,-1.3979
ema-idea-416,GBPUSD,SELL,0.06,2016-03-21 08:00:00+00:00,1.44133,1.4453386697022717,,2016-03-22 08:00:00+00:00,1.4397600000000002,DISCRETIONARY_EXIT,False,9.4200,0.3000,9.1200,0.3745
ema-idea-417,GBPUSD,SELL,0.06,2016-03-22 09:00:00+00:00,1.43448,1.438589047254496,,2016-03-24 12:00:00+00:00,1.41391,DISCRETIONARY_EXIT,False,123.4200,0.3000,123.1200,4.9338
ema-idea-418,GBPUSD,BUY,0.05,2016-03-24 12:00:00+00:00,1.41391,1.4096012171450358,,2016-03-25 03:00:00+00:00,1.41124,DISCRETIONARY_EXIT,False,-13.3500,0.2500,-13.6000,-0.6240
ema-idea-419,GBPUSD,BUY,0.07,2016-03-28 09:00:00+00:00,1.41728,1.414190095504129,,2016-03-29 06:00:00+00:00,1.42342,DISCRETIONARY_EXIT,False,42.9800,0.3500,42.6300,1.9395
ema-idea-420,GBPUSD,BUY,0.05,2016-03-29 13:00:00+00:00,1.42904,1.4248036926175411,,2016-03-31 03:00:00+00:00,1.43513,DISCRETIONARY_EXIT,False,30.4500,0.2500,30.2000,1.4091
ema-idea-421,GBPUSD,SELL,0.05,2016-03-31 03:00:00+00:00,1.43513,1.4397569823585463,,2016-03-31 10:00:00+00:00,1.43863,DISCRETIONARY_EXIT,False,-17.5000,0.2500,-17.7500,-0.7590
ema-idea-422,EURUSD,BUY,0.07,2016-03-31 11:00:00+00:00,1.13668,1.1334524853455425,,2016-04-01 03:00:00+00:00,1.13718,DISCRETIONARY_EXIT,False,3.5000,0.3500,3.1500,0.1373
ema-idea-424,EURUSD,BUY,0.08,2016-04-01 13:00:00+00:00,1.14199,1.139080999639298,,2016-04-01 13:30:00+00:00,1.139080999639298,SL,False,-23.2720,0.4000,-23.6720,-1.0000
ema-idea-423,GBPUSD,SELL,0.04,2016-04-01 12:00:00+00:00,1.42859,1.4338124392535394,,2016-04-04 02:00:00+00:00,1.42409,DISCRETIONARY_EXIT,False,18.0000,0.2000,17.8000,0.8440
ema-idea-425,GBPUSD,BUY,0.04,2016-04-04 13:00:00+00:00,1.4270200000000002,1.42196458365017,,2016-04-05 06:00:00+00:00,1.42547,DISCRETIONARY_EXIT,False,-6.2000,0.2000,-6.4000,-0.3134
ema-idea-426,EURUSD,SELL,0.08,2016-04-05 09:00:00+00:00,1.13568,1.1386375520252725,,2016-04-05 16:34:00+00:00,1.1386375520252725,SL,False,-23.6604,0.4000,-24.0604,-1.0000
ema-idea-427,GBPUSD,SELL,0.05,2016-04-05 09:00:00+00:00,1.42187,1.4260210926220058,,2016-04-06 04:00:00+00:00,1.4167100000000001,DISCRETIONARY_EXIT,False,25.8000,0.2500,25.5500,1.2164
ema-idea-428,GBPUSD,SELL,0.05,2016-04-06 10:00:00+00:00,1.41108,1.415535314735013,,2016-04-06 16:50:00+00:00,1.415535314735013,SL,False,-22.2766,0.2500,-22.5266,-1.0000
ema-idea-429,EURUSD,BUY,0.05,2016-04-06 17:00:00+00:00,1.14288,1.1383600080230745,,2016-04-07 08:41:00+00:00,1.1383600080230745,SL,False,-22.6000,0.2500,-22.8500,-1.0000
ema-idea-430,EURUSD,SELL,0.04,2016-04-07 15:00:00+00:00,1.13515,1.1404740389717427,,2016-04-08 10:00:00+00:00,1.13876,DISCRETIONARY_EXIT,False,-14.4400,0.2000,-14.6400,-0.6811
ema-idea-431,GBPUSD,BUY,0.04,2016-04-08 09:00:00+00:00,1.4124400000000001,1.4071681053675908,,2016-04-08 10:32:00+00:00,1.4071681053675908,SL,False,-21.0876,0.2000,-21.2876,-1.0000
ema-idea-432,EURUSD,BUY,0.06,2016-04-08 16:00:00+00:00,1.14072,1.136892047160188,,2016-04-11 09:00:00+00:00,1.1378,DISCRETIONARY_EXIT,False,-17.5200,0.3000,-17.8200,-0.7659
ema-idea-433,GBPUSD,BUY,0.05,2016-04-11 06:00:00+00:00,1.4140300000000001,1.4098364809536061,,2016-04-12 16:00:00+00:00,1.42076,DISCRETIONARY_EXIT,False,33.6500,0.2500,33.4000,1.5742
ema-idea-435,GBPUSD,SELL,0.03,2016-04-12 16:00:00+00:00,1.42076,1.427043749260347,,2016-04-12 19:14:00+00:00,1.427043749260347,SL,False,-18.8512,0.1500,-19.0012,-1.0000
ema-idea-434,EURUSD,SELL,0.06,2016-04-12 15:00:00+00:00,1.13708,1.1407341503187527,,2016-04-14 14:00:00+00:00,1.12771,DISCRETIONARY_EXIT,False,56.2200,0.3000,55.9200,2.5161
ema-idea-436,GBPUSD,BUY,0.06,2016-04-15 11:00:00+00:00,1.41806,1.4139843186575318,,2016-04-18 04:00:00+00:00,1.41668,DISCRETIONARY_EXIT,False,-8.2800,0.3000,-8.5800,-0.3466
ema-idea-437,GBPUSD,SELL,0.06,2016-04-18 08:00:00+00:00,1.41397,1.417630856620829,,2016-04-18 08:51:00+00:00,1.417630856620829,SL,False,-21.9651,0.3000,-22.2651,-1.0000
ema-idea-439,GBPUSD,BUY,0.04,2016-04-18 16:00:00+00:00,1.4274300000000002,1.421949421635997,,2016-04-20 05:00:00+00:00,1.43709,DISCRETIONARY_EXIT,False,38.6400,0.2000,38.4400,1.7376
ema-idea-438,EURUSD,BUY,0.08,2016-04-18 16:00:00+00:00,1.133,1.1299287371694993,,2016-04-20 15:00:00+00:00,1.13391,DISCRETIONARY_EXIT,False,7.2800,0.4000,6.8800,0.2755
ema-idea-440,EURUSD,SELL,0.08,2016-04-20 15:00:00+00:00,1.13391,1.1368028221658457,,2016-04-21 13:00:00+00:00,1.13292,DISCRETIONARY_EXIT,False,7.9200,0.4000,7.5200,0.3194
ema-idea-442,GBPUSD,BUY,0.05,2016-04-21 14:00:00+00:00,1.4431500000000002,1.4382442006968505,,2016-04-21 14:35:00+00:00,1.4382442006968505,SL,False,-24.5290,0.2500,-24.7790,-1.0000
ema-idea-441,EURUSD,BUY,0.06,2016-04-21 14:00:00+00:00,1.13773,1.134082847995349,,2016-04-21 14:36:00+00:00,1.134082847995349,SL,False,-21.8829,0.3000,-22.1829,-1.0000
ema-idea-444,EURUSD,SELL,0.06,2016-04-22 16:00:00+00:00,1.12398,1.1275472021900173,,2016-04-25 04:00:00+00:00,1.12458,DISCRETIONARY_EXIT,False,-3.6000,0.3000,-3.9000,-0.1797
ema-idea-443,GBPUSD,BUY,0.05,2016-04-22 12:00:00+00:00,1.43785,1.4331997156602176,,2016-04-25 09:00:00+00:00,1.44116,DISCRETIONARY_EXIT,False,16.5500,0.2500,16.3000,0.6936
ema-idea-445,GBPUSD,BUY,0.04,2016-04-25 13:00:00+00:00,1.45106,1.4454215444394547,,2016-04-27 07:00:00+00:00,1.45591,DISCRETIONARY_EXIT,False,19.4000,0.2000,19.2000,0.8438
ema-idea-447,GBPUSD,SELL,0.04,2016-04-27 16:00:00+00:00,1.45368,1.4589600884699985,,2016-04-28 07:38:00+00:00,1.4589600884699985,SL,False,-21.1204,0.2000,-21.3204,-1.0000
ema-idea-446,EURUSD,BUY,0.08,2016-04-25 17:00:00+00:00,1.12736,1.124487731316399,,2016-04-28 16:00:00+00:00,1.13149,DISCRETIONARY_EXIT,False,33.0400,0.4000,32.6400,1.3962
ema-idea-448,GBPUSD,BUY,0.05,2016-04-29 02:00:00+00:00,1.4631500000000002,1.4585632667733803,,2016-04-29 09:59:00+00:00,1.4585632667733803,SL,False,-22.9337,0.2500,-23.1837,-1.0000
ema-idea-449,EURUSD,BUY,0.06,2016-04-29 14:00:00+00:00,1.14156,1.1379806656448743,,2016-05-03 16:00:00+00:00,1.15162,DISCRETIONARY_EXIT,False,60.3600,0.3000,60.0600,2.7581
ema-idea-450,GBPUSD,SELL,0.03,2016-05-03 16:00:00+00:00,1.45513,1.4614201095483337,,2016-05-05 03:00:00+00:00,1.4511900000000002,DISCRETIONARY_EXIT,False,11.8200,0.1500,11.6700,0.6136
ema-idea-451,EURUSD,SELL,0.06,2016-05-03 17:00:00+00:00,1.15069,1.154803329780537,,2016-05-06 08:00:00+00:00,1.1415899999999999,DISCRETIONARY_EXIT,False,54.6000,0.3000,54.3000,2.1737
ema-idea-452,EURUSD,BUY,0.07,2016-05-06 14:00:00+00:00,1.14363,1.1401863331453104,,2016-05-06 15:11:00+00:00,1.1401863331453104,SL,False,-24.1057,0.3500,-24.4557,-1.0000
ema-idea-453,GBPUSD,SELL,0.04,2016-05-06 14:00:00+00:00,1.44551,1.4511310953151357,,2016-05-09 06:00:00+00:00,1.44411,DISCRETIONARY_EXIT,False,5.6000,0.2000,5.4000,0.2380
ema-idea-454,GBPUSD,SELL,0.05,2016-05-09 09:00:00+00:00,1.43867,1.4435862395700796,,2016-05-09 09:53:00+00:00,1.4435862395700796,SL,False,-24.5812,0.2500,-24.8312,-1.0000
ema-idea-456,EURUSD,SELL,0.08,2016-05-10 12:00:00+00:00,1.13625,1.1391944796997004,,2016-05-10 14:35:00+00:00,1.1391944796997004,SL,False,-23.5558,0.4000,-23.9558,-1.0000
ema-idea-455,GBPUSD,BUY,0.05,2016-05-10 11:00:00+00:00,1.44544,1.440884151955003,,2016-05-11 09:00:00+00:00,1.44244,DISCRETIONARY_EXIT,False,-15.0000,0.2500,-15.2500,-0.6622
ema-idea-457,EURUSD,BUY,0.1,2016-05-11 14:00:00+00:00,1.14072,1.1382800749191764,,2016-05-12 07:00:00+00:00,1.14177,DISCRETIONARY_EXIT,False,10.5000,0.5000,10.0000,0.4016
ema-idea-458,EURUSD,SELL,0.11,2016-05-12 12:00:00+00:00,1.13911,1.1412450545904527,,2016-05-12 14:52:00+00:00,1.1412450545904527,SL,False,-23.4856,0.5500,-24.0356,-1.0000
ema-idea-459,GBPUSD,BUY,0.04,2016-05-12 15:00:00+00:00,1.45219,1.4469716833413193,,2016-05-12 16:16:00+00:00,1.4469716833413193,SL,False,-20.8733,0.2000,-21.0733,-1.0000
ema-idea-460,EURUSD,SELL,0.1,2016-05-13 08:00:00+00:00,1.1342,1.136475154384847,,2016-05-16 14:00:00+00:00,1.13373,DISCRETIONARY_EXIT,False,4.7000,0.5000,4.2000,0.1806
ema-idea-461,GBPUSD,SELL,0.06,2016-05-13 08:00:00+00:00,1.44022,1.444177898020631,,2016-05-16 14:00:00+00:00,1.4385000000000001,DISCRETIONARY_EXIT,False,10.3200,0.3000,10.0200,0.4167
ema-idea-462,EURUSD,BUY,0.08,2016-05-16 14:00:00+00:00,1.13373,1.130984767763602,,2016-05-17 13:30:00+00:00,1.130984767763602,SL,False,-21.9619,0.4000,-22.3619,-1.0000
ema-idea-464,EURUSD,SELL,0.1,2016-05-17 14:00:00+00:00,1.1311,1.133432282352931,,2016-05-17 14:35:00+00:00,1.133432282352931,SL,False,-23.3228,0.5000,-23.8228,-1.0000
ema-idea-463,GBPUSD,BUY,0.06,2016-05-16 14:00:00+00:00,1.4385000000000001,1.4344235894976436,,2016-05-17 15:00:00+00:00,1.44552,DISCRETIONARY_EXIT,False,42.1200,0.3000,41.8200,1.6891
ema-idea-466,GBPUSD,BUY,0.04,2016-05-18 13:00:00+00:00,1.45509,1.4497754260968294,,2016-05-19 03:00:00+00:00,1.4573,DISCRETIONARY_EXIT,False,8.8400,0.2000,8.6400,0.4026
ema-idea-465,EURUSD,SELL,0.1,2016-05-18 03:00:00+00:00,1.12911,1.1314072683438638,,2016-05-20 07:00:00+00:00,1.12115,DISCRETIONARY_EXIT,False,79.6000,0.5000,79.1000,3.3699
ema-idea-467,GBPUSD,SELL,0.06,2016-05-20 09:00:00+00:00,1.45674,1.4608085293046182,,2016-05-23 10:00:00+00:00,1.45408,DISCRETIONARY_EXIT,False,15.9600,0.3000,15.6600,0.6337
ema-idea-469,EURUSD,SELL,0.1,2016-05-23 15:00:00+00:00,1.11927,1.1217159341026037,,2016-05-23 18:12:00+00:00,1.1217159341026037,SL,False,-24.4593,0.5000,-24.9593,-1.0000
ema-idea-468,GBPUSD,SELL,0.05,2016-05-23 12:00:00+00:00,1.44695,1.4518702891875908,,2016-05-24 08:37:00+00:00,1.4518702891875908,SL,False,-24.6014,0.2500,-24.8514,-1.0000
ema-idea-470,EURUSD,SELL,0.09,2016-05-24 09:00:00+00:00,1.11824,1.1208921260671696,,2016-05-25 05:00:00+00:00,1.1157299999999999,DISCRETIONARY_EXIT,False,22.5900,0.4500,22.1400,0.9104
ema-idea-471,GBPUSD,BUY,0.05,2016-05-24 09:00:00+00:00,1.45414,1.4500147345301133,,2016-05-26 10:00:00+00:00,1.46889,DISCRETIONARY_EXIT,False,73.7500,0.2500,73.5000,3.5207
ema-idea-472,EURUSD,BUY,0.08,2016-05-26 14:00:00+00:00,1.12015,1.117365915279004,,2016-05-26 17:16:00+00:00,1.117365915279004,SL,False,-22.2727,0.4000,-22.6727,-1.0000
ema-idea-473,GBPUSD,SELL,0.05,2016-05-26 17:00:00+00:00,1.46721,1.471765067642167,,2016-05-31 02:00:00+00:00,1.46638,DISCRETIONARY_EXIT,False,4.1500,0.2500,3.9000,0.1694
ema-idea-474,EURUSD,BUY,0.14,2016-05-31 01:00:00+00:00,1.11483,1.1131987969065464,,2016-05-31 05:42:00+00:00,1.1131987969065464,SL,False,-22.8368,0.7000,-23.5368,-1.0000
ema-idea-475,GBPUSD,BUY,0.07,2016-05-31 02:00:00+00:00,1.46638,1.4632200383984968,,2016-05-31 07:55:00+00:00,1.4632200383984968,SL,False,-22.1197,0.3500,-22.4697,-1.0000
ema-idea-476,GBPUSD,SELL,0.04,2016-05-31 09:00:00+00:00,1.45873,1.4637620767708404,,2016-05-31 11:24:00+00:00,1.4637620767708404,SL,False,-20.1283,0.2000,-20.3283,-1.0000
ema-idea-477,EURUSD,BUY,0.1,2016-05-31 13:00:00+00:00,1.11631,1.1140576902053223,,2016-05-31 15:57:00+00:00,1.1140576902053223,SL,False,-22.5231,0.5000,-23.0231,-1.0000
ema-idea-478,GBPUSD,SELL,0.03,2016-05-31 16:00:00+00:00,1.45551,1.462220524812081,,2016-06-02 06:00:00+00:00,1.4442400000000002,DISCRETIONARY_EXIT,False,33.8100,0.1500,33.6600,1.6596
ema-idea-479,EURUSD,BUY,0.08,2016-06-01 13:00:00+00:00,1.11751,1.114682454956663,,2016-06-02 15:00:00+00:00,1.1162,DISCRETIONARY_EXIT,False,-10.4800,0.4000,-10.8800,-0.4726
ema-idea-480,EURUSD,SELL,0.06,2016-06-02 15:00:00+00:00,1.1162,1.1198031067127097,,2016-06-03 13:30:00+00:00,1.1198031067127097,SL,False,-21.6186,0.3000,-21.9186,-1.0000
ema-idea-482,GBPUSD,BUY,0.04,2016-06-03 14:00:00+00:00,1.4529,1.4475894846510076,,2016-06-05 22:00:00+00:00,1.4464,SL_GAP,False,-26.0000,0.2000,-26.2000,-1.2219
ema-idea-483,GBPUSD,SELL,0.03,2016-06-06 01:00:00+00:00,1.43869,1.4454607831924853,,2016-06-06 09:04:00+00:00,1.4454607831924853,SL,False,-20.3123,0.1500,-20.4623,-1.0000
ema-idea-481,EURUSD,BUY,0.05,2016-06-03 14:00:00+00:00,1.12883,1.1245986671334085,,2016-06-06 12:00:00+00:00,1.13343,DISCRETIONARY_EXIT,False,23.0000,0.2500,22.7500,1.0628
ema-idea-484,EURUSD,BUY,0.06,2016-06-06 18:00:00+00:00,1.13787,1.1339776837837199,,2016-06-07 12:37:00+00:00,1.1339776837837199,SL,False,-23.3539,0.3000,-23.6539,-1.0000
ema-idea-485,GBPUSD,BUY,0.05,2016-06-07 05:00:00+00:00,1.44777,1.442865335744785,,2016-06-08 09:00:00+00:00,1.45197,DISCRETIONARY_EXIT,False,21.0000,0.2500,20.7500,0.8376
ema-idea-486,GBPUSD,SELL,0.05,2016-06-08 09:00:00+00:00,1.45197,1.4568099202493665,,2016-06-08 09:30:00+00:00,1.4568099202493665,SL,False,-24.1996,0.2500,-24.4496,-1.0000
ema-idea-488,GBPUSD,BUY,0.04,2016-06-08 13:00:00+00:00,1.45941,1.453689869266916,,2016-06-08 17:54:00+00:00,1.453689869266916,SL,False,-22.8805,0.2000,-23.0805,-1.0000
ema-idea-487,EURUSD,BUY,0.11,2016-06-08 13:00:00+00:00,1.13828,1.1361520470911595,,2016-06-09 09:00:00+00:00,1.13804,DISCRETIONARY_EXIT,False,-2.6400,0.5500,-3.1900,-0.1332
ema-idea-490,EURUSD,SELL,0.08,2016-06-09 14:00:00+00:00,1.1326,1.1355618385799522,,2016-06-13 08:00:00+00:00,1.12632,DISCRETIONARY_EXIT,False,50.2400,0.4000,49.8400,2.0685
ema-idea-489,GBPUSD,SELL,0.05,2016-06-09 03:00:00+00:00,1.4499,1.4541755371681908,,2016-06-13 15:00:00+00:00,1.4269500000000002,DISCRETIONARY_EXIT,False,114.7500,0.2500,114.5000,5.2941
ema-idea-492,GBPUSD,BUY,0.02,2016-06-13 16:00:00+00:00,1.42815,1.4191985233196724,,2016-06-14 03:23:00+00:00,1.4191985233196724,SL,False,-17.9030,0.1000,-18.0030,-1.0000
ema-idea-491,EURUSD,BUY,0.07,2016-06-13 16:00:00+00:00,1.13014,1.126703541722823,,2016-06-14 07:00:00+00:00,1.12834,DISCRETIONARY_EXIT,False,-12.6000,0.3500,-12.9500,-0.5306
ema-idea-494,EURUSD,SELL,0.08,2016-06-14 10:00:00+00:00,1.12353,1.1263092233867464,,2016-06-15 08:00:00+00:00,1.12279,DISCRETIONARY_EXIT,False,5.9200,0.4000,5.5200,0.2439
ema-idea-493,GBPUSD,SELL,0.03,2016-06-14 09:00:00+00:00,1.41318,1.4205273271194578,,2016-06-15 08:00:00+00:00,1.41636,DISCRETIONARY_EXIT,False,-9.5400,0.1500,-9.6900,-0.4366
ema-idea-495,GBPUSD,BUY,0.04,2016-06-15 10:00:00+00:00,1.41918,1.4131751510761756,,2016-06-16 07:56:00+00:00,1.4131751510761756,SL,False,-24.0194,0.2000,-24.2194,-1.0000
ema-idea-497,GBPUSD,SELL,0.04,2016-06-16 08:00:00+00:00,1.4142,1.419516829914298,,2016-06-16 08:56:00+00:00,1.419516829914298,SL,False,-21.2673,0.2000,-21.4673,-1.0000
ema-idea-496,EURUSD,BUY,0.07,2016-06-15 19:00:00+00:00,1.12662,1.1232379049705392,,2016-06-16 11:00:00+00:00,1.12405,DISCRETIONARY_EXIT,False,-17.9900,0.3500,-18.3400,-0.7634
ema-idea-498,EURUSD,SELL,0.06,2016-06-16 12:00:00+00:00,1.12115,1.124952638772482,,2016-06-16 19:12:00+00:00,1.124952638772482,SL,False,-22.8158,0.3000,-23.1158,-1.0000
ema-idea-499,GBPUSD,BUY,0.02,2016-06-17 01:00:00+00:00,1.4294900000000001,1.42116716422692,,2016-06-21 21:00:00+00:00,1.46273,DISCRETIONARY_EXIT,False,66.4800,0.1000,66.3800,3.9640
ema-idea-501,EURUSD,SELL,0.06,2016-06-21 22:00:00+00:00,1.1239,1.1277758880377118,,2016-06-22 05:00:00+00:00,1.12685,DISCRETIONARY_EXIT,False,-17.7000,0.3000,-18.0000,-0.7642
ema-idea-500,GBPUSD,SELL,0.02,2016-06-21 21:00:00+00:00,1.46273,1.4711029136981146,,2016-06-22 08:23:00+00:00,1.4711029136981146,SL,False,-16.7458,0.1000,-16.8458,-1.0000
ema-idea-502,EURUSD,BUY,0.07,2016-06-22 14:00:00+00:00,1.13145,1.1280005126447856,,2016-06-22 15:59:00+00:00,1.1280005126447856,SL,False,-24.1464,0.3500,-24.4964,-1.0000
ema-idea-503,GBPUSD,BUY,0.03,2016-06-22 14:00:00+00:00,1.4726100000000002,1.4661018215632104,,2016-06-22 16:30:00+00:00,1.4661018215632104,SL,False,-19.5245,0.1500,-19.6745,-1.0000
ema-idea-505,EURUSD,BUY,0.05,2016-06-23 10:00:00+00:00,1.1354899999999999,1.13135764151769,,2016-06-24 00:01:00+00:00,1.13135764151769,SL,False,-20.6618,0.2500,-20.9118,-1.0000
ema-idea-504,GBPUSD,BUY,0.02,2016-06-22 23:00:00+00:00,1.4802700000000002,1.470593295142535,,2016-06-24 00:17:00+00:00,1.470593295142535,SL,False,-19.3534,0.1000,-19.4534,-1.0000
ema-idea-506,GBPUSD,SELL,0.01,2016-06-24 01:00:00+00:00,1.45573,1.4770027317950096,,2016-06-28 03:00:00+00:00,1.33,DISCRETIONARY_EXIT,False,125.7300,0.0500,125.6800,5.8942
ema-idea-508,GBPUSD,BUY,0.01,2016-06-28 09:00:00+00:00,1.33424,1.321346181514107,,2016-06-30 03:00:00+00:00,1.34035,DISCRETIONARY_EXIT,False,6.1100,0.0500,6.0600,0.4682
ema-idea-507,EURUSD,BUY,0.04,2016-06-28 08:00:00+00:00,1.1072,1.1016794153048306,,2016-06-30 07:00:00+00:00,1.10858,DISCRETIONARY_EXIT,False,5.5200,0.2000,5.3200,0.2388
ema-idea-509,EURUSD,BUY,0.05,2016-06-30 12:00:00+00:00,1.11457,1.1103868251656814,,2016-06-30 12:55:00+00:00,1.1103868251656814,SL,False,-20.9159,0.2500,-21.1659,-1.0000
ema-idea-510,EURUSD,SELL,0.04,2016-06-30 17:00:00+00:00,1.10342,1.10943840273725,,2016-06-30 20:34:00+00:00,1.10943840273725,SL,False,-24.0736,0.2000,-24.2736,-1.0000
ema-idea-511,GBPUSD,SELL,0.02,2016-06-30 17:00:00+00:00,1.32403,1.3358409798673423,,2016-07-04 04:00:00+00:00,1.3299,DISCRETIONARY_EXIT,False,-11.7400,0.1000,-11.8400,-0.4991
ema-idea-512,EURUSD,BUY,0.05,2016-07-01 15:00:00+00:00,1.11526,1.1105278555679434,,2016-07-04 08:00:00+00:00,1.11194,DISCRETIONARY_EXIT,False,-16.6000,0.2500,-16.8500,-0.7047
ema-idea-513,EURUSD,SELL,0.07,2016-07-04 10:00:00+00:00,1.11082,1.1142901060466028,,2016-07-04 13:16:00+00:00,1.1142901060466028,SL,False,-24.2907,0.3500,-24.6407,-1.0000
ema-idea-514,EURUSD,BUY,0.07,2016-07-04 19:00:00+00:00,1.11551,1.1123958871108035,,2016-07-05 03:00:00+00:00,1.11273,DISCRETIONARY_EXIT,False,-19.4600,0.3500,-19.8100,-0.8944
ema-idea-515,GBPUSD,SELL,0.05,2016-07-05 08:00:00+00:00,1.31845,1.3233623642552654,,2016-07-07 06:00:00+00:00,1.29918,DISCRETIONARY_EXIT,False,96.3500,0.2500,96.1000,3.8732
ema-idea-516,GBPUSD,BUY,0.03,2016-07-07 11:00:00+00:00,1.3002600000000002,1.293239704856144,,2016-07-07 15:44:00+00:00,1.293239704856144,SL,False,-21.0609,0.1500,-21.2109,-1.0000
ema-idea-517,EURUSD,SELL,0.07,2016-07-08 14:00:00+00:00,1.10243,1.1058816282123813,,2016-07-08 14:02:00+00:00,1.1058816282123813,SL,False,-24.1614,0.3500,-24.5114,-1.0000
ema-idea-518,GBPUSD,SELL,0.04,2016-07-11 09:00:00+00:00,1.28925,1.2950498802634003,,2016-07-11 11:57:00+00:00,1.2950498802634003,SL,False,-23.1995,0.2000,-23.3995,-1.0000
ema-idea-519,EURUSD,BUY,0.07,2016-07-11 15:00:00+00:00,1.10652,1.1031407132650402,,2016-07-12 16:00:00+00:00,1.10717,DISCRETIONARY_EXIT,False,4.5500,0.3500,4.2000,0.1750
ema-idea-521,EURUSD,SELL,0.09,2016-07-13 09:00:00+00:00,1.10465,1.107232654350122,,2016-07-13 10:39:00+00:00,1.107232654350122,SL,False,-23.2439,0.4500,-23.6939,-1.0000
ema-idea-520,GBPUSD,BUY,0.03,2016-07-12 17:00:00+00:00,1.3233700000000002,1.3152301788598597,,2016-07-13 16:00:00+00:00,1.32146,DISCRETIONARY_EXIT,False,-5.7300,0.1500,-5.8800,-0.2393
ema-idea-523,GBPUSD,SELL,0.02,2016-07-13 16:00:00+00:00,1.32146,1.3302722335211068,,2016-07-14 12:00:00+00:00,1.3302722335211068,SL,False,-17.6245,0.1000,-17.7245,-1.0000
ema-idea-522,EURUSD,BUY,0.07,2016-07-13 16:00:00+00:00,1.11028,1.1069670597908046,,2016-07-15 15:00:00+00:00,1.10813,DISCRETIONARY_EXIT,False,-15.0500,0.3500,-15.4000,-0.6542
ema-idea-525,GBPUSD,SELL,0.02,2016-07-15 15:00:00+00:00,1.32928,1.3392119102301008,,2016-07-18 10:00:00+00:00,1.3274400000000002,DISCRETIONARY_EXIT,False,3.6800,0.1000,3.5800,0.1793
ema-idea-524,EURUSD,SELL,0.06,2016-07-15 15:00:00+00:00,1.10813,1.1118186476722316,,2016-07-18 17:00:00+00:00,1.10764,DISCRETIONARY_EXIT,False,2.9400,0.3000,2.6400,0.1177
ema-idea-526,EURUSD,BUY,0.08,2016-07-18 17:00:00+00:00,1.10764,1.1045876892227808,,2016-07-19 09:00:00+00:00,1.10595,DISCRETIONARY_EXIT,False,-13.5200,0.4000,-13.9200,-0.5609
ema-idea-527,GBPUSD,SELL,0.03,2016-07-19 09:00:00+00:00,1.31853,1.3248564919026538,,2016-07-20 10:00:00+00:00,1.3151700000000002,DISCRETIONARY_EXIT,False,10.0800,0.1500,9.9300,0.5191
ema-idea-528,GBPUSD,BUY,0.03,2016-07-20 11:00:00+00:00,1.3188600000000001,1.3122206429474044,,2016-07-21 10:00:00+00:00,1.31967,DISCRETIONARY_EXIT,False,2.4300,0.1500,2.2800,0.1136
ema-idea-529,EURUSD,SELL,0.05,2016-07-21 16:00:00+00:00,1.09936,1.1037390917166319,,2016-07-22 09:17:00+00:00,1.1037390917166319,SL,False,-21.8955,0.2500,-22.1455,-1.0000
ema-idea-530,GBPUSD,SELL,0.03,2016-07-22 11:00:00+00:00,1.31239,1.319846824065276,,2016-07-24 23:00:00+00:00,1.3126300000000002,DISCRETIONARY_EXIT,False,-0.7200,0.1500,-0.8700,-0.0386
ema-idea-532,GBPUSD,SELL,0.05,2016-07-26 08:00:00+00:00,1.30803,1.3125842310768079,,2016-07-26 10:00:00+00:00,1.3125842310768079,SL,False,-22.7712,0.2500,-23.0212,-1.0000
ema-idea-531,EURUSD,BUY,0.11,2016-07-26 06:00:00+00:00,1.10057,1.0984775635881818,,2016-07-26 15:43:00+00:00,1.0984775635881818,SL,False,-23.0168,0.5500,-23.5668,-1.0000
ema-idea-533,GBPUSD,BUY,0.04,2016-07-26 15:00:00+00:00,1.31522,1.3096859841903652,,2016-07-26 15:55:00+00:00,1.3096859841903652,SL,False,-22.1361,0.2000,-22.3361,-1.0000
ema-idea-534,EURUSD,SELL,0.09,2016-07-26 16:00:00+00:00,1.09808,1.1006931691677688,,2016-07-27 05:00:00+00:00,1.09992,DISCRETIONARY_EXIT,False,-16.5600,0.4500,-17.0100,-0.7097
ema-idea-535,GBPUSD,SELL,0.04,2016-07-27 11:00:00+00:00,1.30921,1.3143710857387516,,2016-07-27 19:06:00+00:00,1.3143710857387516,SL,False,-20.6443,0.2000,-20.8443,-1.0000
ema-idea-537,GBPUSD,BUY,0.03,2016-07-27 20:00:00+00:00,1.3183500000000001,1.3117511427094735,,2016-07-28 12:00:00+00:00,1.31488,DISCRETIONARY_EXIT,False,-10.4100,0.1500,-10.5600,-0.5294
ema-idea-536,EURUSD,BUY,0.08,2016-07-27 20:00:00+00:00,1.10201,1.0989700016606914,,2016-07-28 19:00:00+00:00,1.10714,DISCRETIONARY_EXIT,False,41.0400,0.4000,40.6400,1.6440
ema-idea-538,EURUSD,BUY,0.08,2016-07-29 11:00:00+00:00,1.11114,1.1083473174895553,,2016-08-01 08:00:00+00:00,1.11645,DISCRETIONARY_EXIT,False,42.4800,0.4000,42.0800,1.8504
ema-idea-539,EURUSD,BUY,0.11,2016-08-02 09:00:00+00:00,1.12005,1.1178375779422698,,2016-08-03 03:00:00+00:00,1.12127,DISCRETIONARY_EXIT,False,13.4200,0.5500,12.8700,0.5171
ema-idea-540,GBPUSD,BUY,0.04,2016-08-02 14:00:00+00:00,1.3276100000000002,1.3224211328031177,,2016-08-03 08:00:00+00:00,1.33023,DISCRETIONARY_EXIT,False,10.4800,0.2000,10.2800,0.4906
ema-idea-541,EURUSD,SELL,0.12,2016-08-03 11:00:00+00:00,1.11915,1.1210773713364477,,2016-08-05 06:00:00+00:00,1.11374,DISCRETIONARY_EXIT,False,64.9200,0.6000,64.3200,2.7107
ema-idea-542,EURUSD,BUY,0.14,2016-08-05 10:00:00+00:00,1.11512,1.1134335202779613,,2016-08-05 13:30:00+00:00,1.1134335202779613,SL,False,-23.6107,0.7000,-24.3107,-1.0000
ema-idea-543,GBPUSD,BUY,0.05,2016-08-05 11:00:00+00:00,1.3163600000000002,1.3121597499349988,,2016-08-05 13:30:00+00:00,1.3121597499349988,SL,False,-21.0013,0.2500,-21.2513,-1.0000
ema-idea-544,EURUSD,SELL,0.08,2016-08-05 14:00:00+00:00,1.10835,1.1111912939228745,,2016-08-08 06:00:00+00:00,1.11054,DISCRETIONARY_EXIT,False,-17.5200,0.4000,-17.9200,-0.7747
ema-idea-546,EURUSD,SELL,0.1,2016-08-08 15:00:00+00:00,1.10736,1.1096295490974963,,2016-08-09 10:00:00+00:00,1.1095,DISCRETIONARY_EXIT,False,-21.4000,0.5000,-21.9000,-0.9441
ema-idea-547,EURUSD,BUY,0.13,2016-08-09 10:00:00+00:00,1.1095,1.107706651985319,,2016-08-09 12:22:00+00:00,1.107706651985319,SL,False,-23.3135,0.6500,-23.9635,-1.0000
ema-idea-545,GBPUSD,SELL,0.04,2016-08-05 14:00:00+00:00,1.30472,1.3104831885542303,,2016-08-10 02:00:00+00:00,1.3053000000000001,DISCRETIONARY_EXIT,False,-2.3200,0.2000,-2.5200,-0.1084
ema-idea-548,EURUSD,BUY,0.11,2016-08-09 15:00:00+00:00,1.11021,1.1080980910029767,,2016-08-11 07:00:00+00:00,1.11637,DISCRETIONARY_EXIT,False,67.7600,0.5500,67.2100,2.8262
ema-idea-549,EURUSD,SELL,0.11,2016-08-11 09:00:00+00:00,1.11482,1.1170307629668126,,2016-08-11 15:03:00+00:00,1.1170307629668126,SL,False,-24.3184,0.5500,-24.8684,-1.0000
ema-idea-551,EURUSD,SELL,0.1,2016-08-11 22:00:00+00:00,1.11363,1.1159475728321475,,2016-08-12 09:30:00+00:00,1.1159475728321475,SL,False,-23.1757,0.5000,-23.6757,-1.0000
ema-idea-550,GBPUSD,SELL,0.05,2016-08-11 09:00:00+00:00,1.29618,1.3003985790650727,,2016-08-12 13:30:00+00:00,1.3003985790650727,SL,False,-21.0929,0.2500,-21.3429,-1.0000
ema-idea-553,GBPUSD,BUY,0.05,2016-08-12 14:00:00+00:00,1.3013100000000002,1.2970462595147758,,2016-08-12 14:46:00+00:00,1.2970462595147758,SL,False,-21.3187,0.2500,-21.5687,-1.0000
ema-idea-552,EURUSD,BUY,0.08,2016-08-12 14:00:00+00:00,1.12098,1.1181486016462383,,2016-08-12 15:11:00+00:00,1.1181486016462383,SL,False,-22.6512,0.4000,-23.0512,-1.0000
ema-idea-554,GBPUSD,SELL,0.04,2016-08-12 16:00:00+00:00,1.29345,1.2986062864387904,,2016-08-16 04:00:00+00:00,1.28952,DISCRETIONARY_EXIT,False,15.7200,0.2000,15.5200,0.7453
ema-idea-555,EURUSD,BUY,0.1,2016-08-15 15:00:00+00:00,1.1191,1.1168280633608012,,2016-08-17 06:00:00+00:00,1.1267,DISCRETIONARY_EXIT,False,76.0000,0.5000,75.5000,3.2516
ema-idea-556,EURUSD,BUY,0.07,2016-08-18 03:00:00+00:00,1.13225,1.1288403843936021,,2016-08-19 09:00:00+00:00,1.1325,DISCRETIONARY_EXIT,False,1.7500,0.3500,1.4000,0.0578
ema-idea-557,GBPUSD,SELL,0.05,2016-08-19 09:00:00+00:00,1.31261,1.3167395561738242,,2016-08-22 10:00:00+00:00,1.3116400000000001,DISCRETIONARY_EXIT,False,4.8500,0.2500,4.6000,0.2201
ema-idea-558,GBPUSD,BUY,0.05,2016-08-22 10:00:00+00:00,1.3116400000000001,1.3070855429256203,,2016-08-24 08:00:00+00:00,1.31683,DISCRETIONARY_EXIT,False,25.9500,0.2500,25.7000,1.1163
ema-idea-559,EURUSD,SELL,0.1,2016-08-23 17:00:00+00:00,1.1307,1.1331483281985584,,2016-08-25 02:00:00+00:00,1.12753,DISCRETIONARY_EXIT,False,31.7000,0.5000,31.2000,1.2488
ema-idea-560,GBPUSD,BUY,0.06,2016-08-24 10:00:00+00:00,1.3222200000000002,1.3184512984575323,,2016-08-25 04:00:00+00:00,1.32236,DISCRETIONARY_EXIT,False,0.8400,0.3000,0.5400,0.0236
ema-idea-561,GBPUSD,SELL,0.07,2016-08-25 08:00:00+00:00,1.32126,1.3246306384403959,,2016-08-26 07:00:00+00:00,1.32183,DISCRETIONARY_EXIT,False,-3.9900,0.3500,-4.3400,-0.1813
ema-idea-562,EURUSD,BUY,0.11,2016-08-25 10:00:00+00:00,1.12852,1.1263396458051016,,2016-08-26 15:00:00+00:00,1.1263396458051016,SL,False,-23.9839,0.5500,-24.5339,-1.0000
ema-idea-563,EURUSD,SELL,0.06,2016-08-26 17:00:00+00:00,1.12369,1.1276777951152241,,2016-08-29 07:00:00+00:00,1.1207,DISCRETIONARY_EXIT,False,17.9400,0.3000,17.6400,0.7281
ema-idea-565,EURUSD,SELL,0.1,2016-08-30 15:00:00+00:00,1.11463,1.1169971063505382,,2016-08-31 04:00:00+00:00,1.11605,DISCRETIONARY_EXIT,False,-14.2000,0.5000,-14.7000,-0.6082
ema-idea-564,GBPUSD,SELL,0.06,2016-08-29 08:00:00+00:00,1.31056,1.3146088987915237,,2016-08-31 04:00:00+00:00,1.31133,DISCRETIONARY_EXIT,False,-4.6200,0.3000,-4.9200,-0.2001
ema-idea-566,GBPUSD,BUY,0.05,2016-08-31 10:00:00+00:00,1.31481,1.3106031824605342,,2016-08-31 13:34:00+00:00,1.3106031824605342,SL,False,-21.0341,0.2500,-21.2841,-1.0000
ema-idea-567,GBPUSD,BUY,0.04,2016-09-01 10:00:00+00:00,1.32553,1.3203439487665007,,2016-09-02 12:00:00+00:00,1.32563,DISCRETIONARY_EXIT,False,0.4000,0.2000,0.2000,0.0095
ema-idea-568,GBPUSD,SELL,0.06,2016-09-02 12:00:00+00:00,1.32563,1.3294517824658176,,2016-09-02 13:29:00+00:00,1.3294517824658176,SL,False,-22.9307,0.3000,-23.2307,-1.0000
ema-idea-570,EURUSD,SELL,0.1,2016-09-05 15:00:00+00:00,1.11445,1.1167340498410994,,2016-09-06 04:00:00+00:00,1.11562,DISCRETIONARY_EXIT,False,-11.7000,0.5000,-12.2000,-0.5227
ema-idea-569,GBPUSD,BUY,0.05,2016-09-02 14:00:00+00:00,1.3332000000000002,1.328420912057535,,2016-09-07 09:00:00+00:00,1.34042,DISCRETIONARY_EXIT,False,36.1000,0.2500,35.8500,1.4848
ema-idea-571,GBPUSD,SELL,0.05,2016-09-07 16:00:00+00:00,1.33401,1.338954565835897,,2016-09-08 12:00:00+00:00,1.3373300000000001,DISCRETIONARY_EXIT,False,-16.6000,0.2500,-16.8500,-0.6747
ema-idea-572,EURUSD,BUY,0.11,2016-09-08 10:00:00+00:00,1.12735,1.1252306097685019,,2016-09-08 17:06:00+00:00,1.1252306097685019,SL,False,-23.3133,0.5500,-23.8633,-1.0000
ema-idea-573,GBPUSD,SELL,0.05,2016-09-08 15:00:00+00:00,1.32992,1.3342002991697095,,2016-09-09 04:00:00+00:00,1.3322900000000002,DISCRETIONARY_EXIT,False,-11.8500,0.2500,-12.1000,-0.5589
ema-idea-574,EURUSD,SELL,0.08,2016-09-09 14:00:00+00:00,1.12335,1.1262899751472049,,2016-09-12 01:00:00+00:00,1.12413,DISCRETIONARY_EXIT,False,-6.2400,0.4000,-6.6400,-0.2776
ema-idea-575,GBPUSD,BUY,0.06,2016-09-12 15:00:00+00:00,1.33,1.3259595122031045,,2016-09-13 09:00:00+00:00,1.33117,DISCRETIONARY_EXIT,False,7.0200,0.3000,6.7200,0.2738
ema-idea-576,GBPUSD,SELL,0.06,2016-09-13 11:00:00+00:00,1.32643,1.3302624515665085,,2016-09-14 08:00:00+00:00,1.32268,DISCRETIONARY_EXIT,False,22.5000,0.3000,22.2000,0.9530
ema-idea-577,GBPUSD,SELL,0.05,2016-09-14 15:00:00+00:00,1.31405,1.3188265304856537,,2016-09-14 16:01:00+00:00,1.3188265304856537,SL,False,-23.8827,0.2500,-24.1327,-1.0000
ema-idea-578,EURUSD,BUY,0.08,2016-09-14 17:00:00+00:00,1.1271,1.124142671153288,,2016-09-15 03:00:00+00:00,1.124142671153288,SL,False,-23.6586,0.4000,-24.0586,-1.0000
ema-idea-579,GBPUSD,BUY,0.04,2016-09-14 19:00:00+00:00,1.32291,1.3174731922323835,,2016-09-15 08:00:00+00:00,1.32163,DISCRETIONARY_EXIT,False,-5.1200,0.2000,-5.3200,-0.2424
ema-idea-580,EURUSD,SELL,0.12,2016-09-16 11:00:00+00:00,1.12219,1.124141758921642,,2016-09-19 04:00:00+00:00,1.11712,DISCRETIONARY_EXIT,False,60.8400,0.6000,60.2400,2.5078
ema-idea-581,GBPUSD,SELL,0.06,2016-09-16 12:00:00+00:00,1.31708,1.3211636835773632,,2016-09-19 07:00:00+00:00,1.30494,DISCRETIONARY_EXIT,False,72.8400,0.3000,72.5400,2.9248
ema-idea-583,GBPUSD,BUY,0.06,2016-09-19 15:00:00+00:00,1.3092000000000001,1.3051178797071925,,2016-09-19 16:43:00+00:00,1.3051178797071925,SL,False,-24.4927,0.3000,-24.7927,-1.0000
ema-idea-582,EURUSD,BUY,0.11,2016-09-19 15:00:00+00:00,1.11768,1.1155921817496623,,2016-09-20 03:00:00+00:00,1.11696,DISCRETIONARY_EXIT,False,-7.9200,0.5500,-8.4700,-0.3602
ema-idea-584,EURUSD,BUY,0.12,2016-09-20 08:00:00+00:00,1.12014,1.1182479965190801,,2016-09-20 11:02:00+00:00,1.1182479965190801,SL,False,-22.7040,0.6000,-23.3040,-1.0000
ema-idea-585,GBPUSD,SELL,0.06,2016-09-20 10:00:00+00:00,1.30109,1.3046947797344584,,2016-09-21 02:00:00+00:00,1.29986,DISCRETIONARY_EXIT,False,7.3800,0.3000,7.0800,0.3229
ema-idea-586,EURUSD,SELL,0.12,2016-09-21 06:00:00+00:00,1.11303,1.11502146936431,,2016-09-21 08:16:00+00:00,1.11502146936431,SL,False,-23.8976,0.6000,-24.4976,-1.0000
ema-idea-587,EURUSD,BUY,0.09,2016-09-21 17:00:00+00:00,1.11648,1.1139253400760774,,2016-09-21 19:00:00+00:00,1.1139253400760774,SL,False,-22.9919,0.4500,-23.4419,-1.0000
ema-idea-588,EURUSD,BUY,0.07,2016-09-21 20:00:00+00:00,1.11789,1.1145912143393375,,2016-09-22 19:00:00+00:00,1.12148,DISCRETIONARY_EXIT,False,25.1300,0.3500,24.7800,1.0571
ema-idea-589,EURUSD,SELL,0.1,2016-09-23 04:00:00+00:00,1.11973,1.122048103885611,,2016-09-23 11:57:00+00:00,1.122048103885611,SL,False,-23.1810,0.5000,-23.6810,-1.0000
ema-idea-590,GBPUSD,SELL,0.06,2016-09-23 05:00:00+00:00,1.30388,1.3075969148042856,,2016-09-26 01:00:00+00:00,1.2978800000000001,DISCRETIONARY_EXIT,False,36.0000,0.3000,35.7000,1.5795
ema-idea-591,EURUSD,BUY,0.09,2016-09-23 18:00:00+00:00,1.12323,1.120554408508262,,2016-09-27 02:00:00+00:00,1.12449,DISCRETIONARY_EXIT,False,11.3400,0.4500,10.8900,0.4439
ema-idea-593,GBPUSD,BUY,0.05,2016-09-27 18:00:00+00:00,1.30216,1.2974958763761693,,2016-09-28 04:00:00+00:00,1.29941,DISCRETIONARY_EXIT,False,-13.7500,0.2500,-14.0000,-0.5940
ema-idea-592,EURUSD,SELL,0.1,2016-09-27 13:00:00+00:00,1.12256,1.1247850403928459,,2016-09-28 14:00:00+00:00,1.12278,DISCRETIONARY_EXIT,False,-2.2000,0.5000,-2.7000,-0.1187
ema-idea-594,EURUSD,BUY,0.09,2016-09-28 14:00:00+00:00,1.12278,1.1202370318532104,,2016-09-28 15:47:00+00:00,1.1202370318532104,SL,False,-22.8867,0.4500,-23.3367,-1.0000
ema-idea-595,GBPUSD,BUY,0.06,2016-09-29 01:00:00+00:00,1.3037400000000001,1.2999045511243028,,2016-09-29 09:41:00+00:00,1.2999045511243028,SL,False,-23.0127,0.3000,-23.3127,-1.0000
ema-idea-597,EURUSD,BUY,0.09,2016-09-29 17:00:00+00:00,1.12452,1.1218181874862445,,2016-09-29 18:02:00+00:00,1.1218181874862445,SL,False,-24.3163,0.4500,-24.7663,-1.0000
ema-idea-596,GBPUSD,SELL,0.05,2016-09-29 16:00:00+00:00,1.29812,1.302559986577417,,2016-09-30 17:00:00+00:00,1.3013100000000002,DISCRETIONARY_EXIT,False,-15.9500,0.2500,-16.2000,-0.7216
ema-idea-599,GBPUSD,BUY,0.04,2016-09-30 17:00:00+00:00,1.3013100000000002,1.2961566021941444,,2016-09-30 21:00:00+00:00,1.2961566021941444,SL,False,-20.6136,0.2000,-20.8136,-1.0000
ema-idea-598,EURUSD,BUY,0.06,2016-09-30 16:00:00+00:00,1.12401,1.1202687188739988,,2016-10-03 16:00:00+00:00,1.1217,DISCRETIONARY_EXIT,False,-13.8600,0.3000,-14.1600,-0.6225
ema-idea-600,GBPUSD,SELL,0.05,2016-10-03 08:00:00+00:00,1.29025,1.2946521247942897,,2016-10-05 15:00:00+00:00,1.2757,DISCRETIONARY_EXIT,False,72.7500,0.2500,72.5000,3.2569
ema-idea-601,GBPUSD,BUY,0.05,2016-10-05 15:00:00+00:00,1.2757,1.271323181557682,,2016-10-06 03:00:00+00:00,1.27292,DISCRETIONARY_EXIT,False,-13.9000,0.2500,-14.1500,-0.6393
ema-idea-602,EURUSD,SELL,0.11,2016-10-06 11:00:00+00:00,1.11803,1.1202503308126428,,2016-10-07 14:00:00+00:00,1.1172,DISCRETIONARY_EXIT,False,9.1300,0.5500,8.5800,0.3436
ema-idea-603,GBPUSD,SELL,0.05,2016-10-06 13:00:00+00:00,1.26613,1.2703210553346307,,2016-10-12 04:00:00+00:00,1.23167,DISCRETIONARY_EXIT,False,172.3000,0.2500,172.0500,8.1135
ema-idea-604,EURUSD,SELL,0.1,2016-10-12 07:00:00+00:00,1.10392,1.1063685861735497,,2016-10-13 13:00:00+00:00,1.10387,DISCRETIONARY_EXIT,False,0.5000,0.5000,0.0000,0.0000
ema-idea-606,EURUSD,BUY,0.07,2016-10-13 19:00:00+00:00,1.10547,1.1021027605924296,,2016-10-14 05:00:00+00:00,1.1031,DISCRETIONARY_EXIT,False,-16.5900,0.3500,-16.9400,-0.7082
ema-idea-605,GBPUSD,BUY,0.03,2016-10-13 18:00:00+00:00,1.22496,1.217631892207712,,2016-10-14 06:00:00+00:00,1.21979,DISCRETIONARY_EXIT,False,-15.5100,0.1500,-15.6600,-0.7075
ema-idea-607,EURUSD,SELL,0.09,2016-10-14 09:00:00+00:00,1.10117,1.103699278951763,,2016-10-17 14:00:00+00:00,1.10055,DISCRETIONARY_EXIT,False,5.5800,0.4500,5.1300,0.2210
ema-idea-608,EURUSD,BUY,0.11,2016-10-18 01:00:00+00:00,1.10118,1.0989678190683763,,2016-10-18 13:00:00+00:00,1.09965,DISCRETIONARY_EXIT,False,-16.8300,0.5500,-17.3800,-0.6984
ema-idea-609,GBPUSD,BUY,0.05,2016-10-18 01:00:00+00:00,1.22195,1.2173310704826779,,2016-10-19 06:00:00+00:00,1.22786,DISCRETIONARY_EXIT,False,29.5500,0.2500,29.3000,1.2551
ema-idea-610,EURUSD,SELL,0.09,2016-10-18 14:00:00+00:00,1.09808,1.1005950253126442,,2016-10-20 13:44:00+00:00,1.1005950253126442,SL,False,-22.6352,0.4500,-23.0852,-1.0000
ema-idea-611,GBPUSD,SELL,0.05,2016-10-20 14:00:00+00:00,1.22316,1.2274829093103148,,2016-10-20 17:59:00+00:00,1.2274829093103148,SL,False,-21.6145,0.2500,-21.8645,-1.0000
ema-idea-613,GBPUSD,BUY,0.06,2016-10-24 09:00:00+00:00,1.22438,1.2206646007256539,,2016-10-24 15:45:00+00:00,1.2206646007256539,SL,False,-22.2924,0.3000,-22.5924,-1.0000
ema-idea-612,EURUSD,SELL,0.06,2016-10-20 15:00:00+00:00,1.09494,1.098565103841644,,2016-10-25 07:00:00+00:00,1.08829,DISCRETIONARY_EXIT,False,39.9000,0.3000,39.6000,1.7959
ema-idea-614,EURUSD,SELL,0.11,2016-10-25 14:00:00+00:00,1.0858,1.0880098603795259,,2016-10-25 16:20:00+00:00,1.0880098603795259,SL,False,-24.3085,0.5500,-24.8585,-1.0000
ema-idea-615,GBPUSD,SELL,0.06,2016-10-25 14:00:00+00:00,1.21805,1.221833227681135,,2016-10-26 09:12:00+00:00,1.221833227681135,SL,False,-22.6994,0.3000,-22.9994,-1.0000
ema-idea-616,EURUSD,BUY,0.11,2016-10-26 08:00:00+00:00,1.09073,1.0885218442448377,,2016-10-26 21:00:00+00:00,1.09014,DISCRETIONARY_EXIT,False,-6.4900,0.5500,-7.0400,-0.2834
ema-idea-617,GBPUSD,BUY,0.05,2016-10-26 22:00:00+00:00,1.2244700000000002,1.2201970629968302,,2016-10-27 08:12:00+00:00,1.2201970629968302,SL,False,-21.3647,0.2500,-21.6147,-1.0000
ema-idea-618,GBPUSD,SELL,0.04,2016-10-27 16:00:00+00:00,1.21777,1.222784690443273,,2016-10-28 19:00:00+00:00,1.21977,DISCRETIONARY_EXIT,False,-8.0000,0.2000,-8.2000,-0.4048
ema-idea-619,EURUSD,BUY,0.1,2016-10-28 14:00:00+00:00,1.09273,1.0903367853522756,,2016-10-31 08:00:00+00:00,1.09603,DISCRETIONARY_EXIT,False,33.0000,0.5000,32.5000,1.3302
ema-idea-621,EURUSD,BUY,0.09,2016-11-01 13:00:00+00:00,1.10282,1.1003530530342742,,2016-11-03 12:00:00+00:00,1.10843,DISCRETIONARY_EXIT,False,50.4900,0.4500,50.0400,2.2090
ema-idea-620,GBPUSD,BUY,0.05,2016-10-31 19:00:00+00:00,1.22289,1.2182978408483778,,2016-11-07 06:00:00+00:00,1.24405,DISCRETIONARY_EXIT,False,105.8000,0.2500,105.5500,4.5475
ema-idea-622,GBPUSD,SELL,0.05,2016-11-07 06:00:00+00:00,1.24405,1.248659734941117,,2016-11-08 08:00:00+00:00,1.2428400000000002,DISCRETIONARY_EXIT,False,6.0500,0.2500,5.8000,0.2489
ema-idea-623,GBPUSD,SELL,0.06,2016-11-08 14:00:00+00:00,1.23778,1.2414344221816833,,2016-11-08 16:08:00+00:00,1.2414344221816833,SL,False,-21.9265,0.3000,-22.2265,-1.0000
ema-idea-624,EURUSD,SELL,0.11,2016-11-08 18:00:00+00:00,1.10228,1.1044317709397478,,2016-11-09 00:14:00+00:00,1.1044317709397478,SL,False,-23.6695,0.5500,-24.2195,-1.0000
ema-idea-625,EURUSD,SELL,0.07,2016-11-09 01:00:00+00:00,1.09941,1.1027780817798531,,2016-11-09 01:41:00+00:00,1.1027780817798531,SL,False,-23.5766,0.3500,-23.9266,-1.0000
ema-idea-626,EURUSD,BUY,0.04,2016-11-09 03:00:00+00:00,1.11255,1.1070308886694122,,2016-11-09 09:15:00+00:00,1.1070308886694122,SL,False,-22.0764,0.2000,-22.2764,-1.0000
ema-idea-627,EURUSD,SELL,0.02,2016-11-09 15:00:00+00:00,1.0951,1.1050097022559382,,2016-11-11 03:00:00+00:00,1.0911,DISCRETIONARY_EXIT,False,8.0000,0.1000,7.9000,0.3966
ema-idea-628,GBPUSD,BUY,0.03,2016-11-10 15:00:00+00:00,1.2482300000000002,1.241482971608451,,2016-11-14 01:00:00+00:00,1.25509,DISCRETIONARY_EXIT,False,20.5800,0.1500,20.4300,1.0019
ema-idea-629,EURUSD,SELL,0.05,2016-11-11 16:00:00+00:00,1.08509,1.090007867244886,,2016-11-15 08:00:00+00:00,1.07759,DISCRETIONARY_EXIT,False,37.5000,0.2500,37.2500,1.4996
ema-idea-630,EURUSD,BUY,0.05,2016-11-15 09:00:00+00:00,1.08052,1.0763713879086259,,2016-11-15 12:00:00+00:00,1.0763713879086259,SL,False,-20.7431,0.2500,-20.9931,-1.0000
ema-idea-631,GBPUSD,SELL,0.04,2016-11-15 09:00:00+00:00,1.2442,1.2495410326601957,,2016-11-15 19:39:00+00:00,1.2495410326601957,SL,False,-21.3641,0.2000,-21.5641,-1.0000
ema-idea-632,EURUSD,SELL,0.05,2016-11-15 19:00:00+00:00,1.07169,1.0760598023855679,,2016-11-16 03:00:00+00:00,1.07575,DISCRETIONARY_EXIT,False,-20.3000,0.2500,-20.5500,-0.9299
ema-idea-633,EURUSD,SELL,0.06,2016-11-16 08:00:00+00:00,1.07054,1.0744454885234063,,2016-11-17 08:00:00+00:00,1.0715999999999999,DISCRETIONARY_EXIT,False,-6.3600,0.3000,-6.6600,-0.2806
ema-idea-634,EURUSD,BUY,0.06,2016-11-17 09:00:00+00:00,1.07368,1.0698968906252246,,2016-11-17 13:40:00+00:00,1.0698968906252246,SL,False,-22.6987,0.3000,-22.9987,-1.0000
ema-idea-635,GBPUSD,BUY,0.05,2016-11-17 09:00:00+00:00,1.2478200000000002,1.243067784583934,,2016-11-17 15:31:00+00:00,1.243067784583934,SL,False,-23.7611,0.2500,-24.0111,-1.0000
ema-idea-636,EURUSD,SELL,0.05,2016-11-17 17:00:00+00:00,1.06554,1.0702130660410096,,2016-11-18 12:00:00+00:00,1.06285,DISCRETIONARY_EXIT,False,13.4500,0.2500,13.2000,0.5590
ema-idea-637,GBPUSD,SELL,0.04,2016-11-18 13:00:00+00:00,1.23696,1.2420159562174982,,2016-11-21 12:00:00+00:00,1.2384700000000002,DISCRETIONARY_EXIT,False,-6.0400,0.2000,-6.2400,-0.3055
ema-idea-638,EURUSD,BUY,0.06,2016-11-21 09:00:00+00:00,1.06443,1.0606945992862125,,2016-11-21 16:36:00+00:00,1.0606945992862125,SL,False,-22.4124,0.3000,-22.7124,-1.0000
ema-idea-639,GBPUSD,BUY,0.04,2016-11-21 12:00:00+00:00,1.2384700000000002,1.2331262832263388,,2016-11-22 08:00:00+00:00,1.24767,DISCRETIONARY_EXIT,False,36.8000,0.2000,36.6000,1.6964
ema-idea-640,GBPUSD,SELL,0.04,2016-11-22 11:00:00+00:00,1.2444,1.2494637421294925,,2016-11-23 13:00:00+00:00,1.2430100000000002,DISCRETIONARY_EXIT,False,5.5600,0.2000,5.3600,0.2620
ema-idea-642,GBPUSD,BUY,0.04,2016-11-23 17:00:00+00:00,1.24567,1.2397752501524852,,2016-11-24 08:00:00+00:00,1.24153,DISCRETIONARY_EXIT,False,-16.5600,0.2000,-16.7600,-0.7048
ema-idea-641,EURUSD,SELL,0.06,2016-11-23 14:00:00+00:00,1.05573,1.0594094385393427,,2016-11-25 04:00:00+00:00,1.05761,DISCRETIONARY_EXIT,False,-11.2800,0.3000,-11.5800,-0.5175
ema-idea-643,GBPUSD,BUY,0.05,2016-11-24 11:00:00+00:00,1.2471800000000002,1.2423014455596655,,2016-11-25 08:07:00+00:00,1.2423014455596655,SL,False,-24.3928,0.2500,-24.6428,-1.0000
ema-idea-645,GBPUSD,BUY,0.05,2016-11-25 20:00:00+00:00,1.2477800000000001,1.2433137528260167,,2016-11-28 09:46:00+00:00,1.2433137528260167,SL,False,-22.3312,0.2500,-22.5812,-1.0000
ema-idea-644,EURUSD,BUY,0.07,2016-11-25 08:00:00+00:00,1.05884,1.055533771116974,,2016-11-28 12:00:00+00:00,1.06036,DISCRETIONARY_EXIT,False,10.6400,0.3500,10.2900,0.4380
ema-idea-647,EURUSD,SELL,0.05,2016-11-28 13:00:00+00:00,1.05824,1.0623717808470212,,2016-11-29 00:00:00+00:00,1.06196,DISCRETIONARY_EXIT,False,-18.6000,0.2500,-18.8500,-0.9015
ema-idea-646,GBPUSD,SELL,0.04,2016-11-28 12:00:00+00:00,1.24018,1.2455078806075368,,2016-11-29 09:36:00+00:00,1.2455078806075368,SL,False,-21.3115,0.2000,-21.5115,-1.0000
ema-idea-648,GBPUSD,BUY,0.05,2016-11-29 10:00:00+00:00,1.2469700000000001,1.2425943893912474,,2016-11-30 03:00:00+00:00,1.24725,DISCRETIONARY_EXIT,False,1.4000,0.2500,1.1500,0.0520
ema-idea-649,GBPUSD,SELL,0.05,2016-11-30 11:00:00+00:00,1.24349,1.247967754825647,,2016-11-30 12:55:00+00:00,1.247967754825647,SL,False,-22.3888,0.2500,-22.6388,-1.0000
ema-idea-650,EURUSD,SELL,0.05,2016-11-30 15:00:00+00:00,1.05989,1.0641812097382626,,2016-12-01 06:00:00+00:00,1.06147,DISCRETIONARY_EXIT,False,-7.9000,0.2500,-8.1500,-0.3755
ema-idea-652,EURUSD,SELL,0.04,2016-12-04 23:00:00+00:00,1.05331,1.058551490989624,,2016-12-04 23:00:00+00:00,1.058551490989624,SL,False,-20.9660,0.2000,-21.1660,-1.0000
ema-idea-651,GBPUSD,BUY,0.04,2016-12-01 01:00:00+00:00,1.25266,1.2473903466370913,,2016-12-06 15:00:00+00:00,1.2718,DISCRETIONARY_EXIT,False,76.5600,0.2000,76.3600,3.5886
ema-idea-654,EURUSD,SELL,0.05,2016-12-06 17:00:00+00:00,1.07169,1.0762028034911575,,2016-12-07 15:00:00+00:00,1.07435,DISCRETIONARY_EXIT,False,-13.3000,0.2500,-13.5500,-0.5939
ema-idea-653,GBPUSD,SELL,0.05,2016-12-06 16:00:00+00:00,1.27112,1.2758337040919296,,2016-12-07 21:00:00+00:00,1.2628000000000001,DISCRETIONARY_EXIT,False,41.6000,0.2500,41.3500,1.7360
ema-idea-655,EURUSD,BUY,0.07,2016-12-07 16:00:00+00:00,1.07678,1.0737011087009412,,2016-12-08 13:00:00+00:00,1.07519,DISCRETIONARY_EXIT,False,-11.1300,0.3500,-11.4800,-0.5241
ema-idea-656,EURUSD,SELL,0.04,2016-12-08 14:00:00+00:00,1.06672,1.0727695027212338,,2016-12-12 03:00:00+00:00,1.05641,DISCRETIONARY_EXIT,False,41.2400,0.2000,41.0400,1.6821
ema-idea-657,EURUSD,BUY,0.06,2016-12-12 10:00:00+00:00,1.05937,1.0557985821360618,,2016-12-13 09:00:00+00:00,1.06249,DISCRETIONARY_EXIT,False,18.7200,0.3000,18.4200,0.8477
ema-idea-658,GBPUSD,BUY,0.06,2016-12-13 10:00:00+00:00,1.2712400000000001,1.2674895269468587,,2016-12-13 15:27:00+00:00,1.2674895269468587,SL,False,-22.5028,0.3000,-22.8028,-1.0000
ema-idea-659,GBPUSD,SELL,0.05,2016-12-13 21:00:00+00:00,1.26536,1.269631988623679,,2016-12-14 13:23:00+00:00,1.269631988623679,SL,False,-21.3599,0.2500,-21.6099,-1.0000
ema-idea-660,GBPUSD,BUY,0.06,2016-12-14 14:00:00+00:00,1.27021,1.2661798646074072,,2016-12-14 19:00:00+00:00,1.2661798646074072,SL,False,-24.1808,0.3000,-24.4808,-1.0000
ema-idea-661,EURUSD,SELL,0.05,2016-12-14 20:00:00+00:00,1.05581,1.060186174527918,,2016-12-16 07:00:00+00:00,1.0444,DISCRETIONARY_EXIT,False,57.0500,0.2500,56.8000,2.5666
ema-idea-662,GBPUSD,SELL,0.04,2016-12-14 20:00:00+00:00,1.26004,1.2661104595826604,,2016-12-16 08:00:00+00:00,1.2443300000000002,DISCRETIONARY_EXIT,False,62.8400,0.2000,62.6400,2.5586
ema-idea-663,EURUSD,BUY,0.05,2016-12-16 10:00:00+00:00,1.04644,1.0422126033470922,,2016-12-16 14:17:00+00:00,1.0422126033470922,SL,False,-21.1370,0.2500,-21.3870,-1.0000
ema-idea-664,GBPUSD,BUY,0.04,2016-12-16 17:00:00+00:00,1.2477800000000001,1.241785517295989,,2016-12-19 10:00:00+00:00,1.24596,DISCRETIONARY_EXIT,False,-7.2800,0.2000,-7.4800,-0.3094
ema-idea-665,GBPUSD,SELL,0.05,2016-12-19 12:00:00+00:00,1.24107,1.245754371868888,,2016-12-21 03:00:00+00:00,1.2381000000000002,DISCRETIONARY_EXIT,False,14.8500,0.2500,14.6000,0.6168
ema-idea-667,GBPUSD,SELL,0.07,2016-12-22 09:00:00+00:00,1.23358,1.2367608086976942,,2016-12-23 06:00:00+00:00,1.2299200000000001,DISCRETIONARY_EXIT,False,25.6200,0.3500,25.2700,1.1174
ema-idea-666,EURUSD,BUY,0.08,2016-12-21 03:00:00+00:00,1.04104,1.0380059010984137,,2016-12-23 14:00:00+00:00,1.04341,DISCRETIONARY_EXIT,False,18.9600,0.4000,18.5600,0.7522
ema-idea-668,GBPUSD,SELL,0.07,2016-12-23 09:00:00+00:00,1.22538,1.2288199357520713,,2016-12-23 21:32:00+00:00,1.2288199357520713,SL,False,-24.0796,0.3500,-24.4296,-1.0000
ema-idea-669,GBPUSD,SELL,0.09,2016-12-27 12:00:00+00:00,1.22523,1.2279115961078073,,2016-12-27 18:49:00+00:00,1.2279115961078073,SL,False,-24.1344,0.4500,-24.5844,-1.0000
ema-idea-671,GBPUSD,BUY,0.1,2016-12-28 01:00:00+00:00,1.22876,1.2263516110464923,,2016-12-28 08:27:00+00:00,1.2263516110464923,SL,False,-24.0839,0.5000,-24.5839,-1.0000
ema-idea-670,EURUSD,BUY,0.15,2016-12-28 01:00:00+00:00,1.0465,1.0448967322200278,,2016-12-28 08:45:00+00:00,1.0448967322200278,SL,False,-24.0490,0.7500,-24.7990,-1.0000
ema-idea-672,EURUSD,SELL,0.12,2016-12-28 10:00:00+00:00,1.04397,1.045860733716403,,2016-12-29 01:00:00+00:00,1.04264,DISCRETIONARY_EXIT,False,15.9600,0.6000,15.3600,0.6595
ema-idea-674,GBPUSD,BUY,0.07,2016-12-29 08:00:00+00:00,1.22597,1.2225658202515965,,2016-12-29 15:09:00+00:00,1.2225658202515965,SL,False,-23.8293,0.3500,-24.1793,-1.0000
ema-idea-673,EURUSD,BUY,0.09,2016-12-29 06:00:00+00:00,1.04611,1.043490729967722,,2017-01-02 07:00:00+00:00,1.05155,DISCRETIONARY_EXIT,False,48.9600,0.4500,48.5100,2.0193
ema-idea-675,EURUSD,SELL,0.04,2017-01-02 09:00:00+00:00,1.04889,1.0538643593094668,,2017-01-03 04:00:00+00:00,1.04855,DISCRETIONARY_EXIT,False,1.3600,0.2000,1.1600,0.0577
ema-idea-677,GBPUSD,SELL,0.07,2017-01-03 09:00:00+00:00,1.22476,1.2281920460351656,,2017-01-03 09:33:00+00:00,1.2281920460351656,SL,False,-24.0243,0.3500,-24.3743,-1.0000
ema-idea-676,EURUSD,SELL,0.07,2017-01-03 09:00:00+00:00,1.04351,1.0469019607217207,,2017-01-04 09:00:00+00:00,1.04346,DISCRETIONARY_EXIT,False,0.3500,0.3500,-0.0000,-0.0000
ema-idea-678,EURUSD,BUY,0.07,2017-01-04 09:00:00+00:00,1.04346,1.0400788863071044,,2017-01-05 11:00:00+00:00,1.04885,DISCRETIONARY_EXIT,False,37.7300,0.3500,37.3800,1.5563
ema-idea-680,GBPUSD,BUY,0.03,2017-01-05 16:00:00+00:00,1.2425300000000001,1.2357023608170052,,2017-01-06 05:00:00+00:00,1.23799,DISCRETIONARY_EXIT,False,-13.6200,0.1500,-13.7700,-0.6674
ema-idea-679,EURUSD,BUY,0.04,2017-01-05 16:00:00+00:00,1.06037,1.0543941947591773,,2017-01-06 13:54:00+00:00,1.0543941947591773,SL,False,-23.9032,0.2000,-24.1032,-1.0000
ema-idea-681,EURUSD,SELL,0.05,2017-01-06 14:00:00+00:00,1.05441,1.0590586570941434,,2017-01-09 09:00:00+00:00,1.05488,DISCRETIONARY_EXIT,False,-2.3500,0.2500,-2.6000,-0.1107
ema-idea-682,GBPUSD,SELL,0.05,2017-01-06 14:00:00+00:00,1.23357,1.2382978848389514,,2017-01-10 16:00:00+00:00,1.2184400000000002,DISCRETIONARY_EXIT,False,75.6500,0.2500,75.4000,3.1562
ema-idea-683,GBPUSD,BUY,0.04,2017-01-10 16:00:00+00:00,1.2184400000000002,1.2133406951939563,,2017-01-11 09:33:00+00:00,1.2133406951939563,SL,False,-20.3972,0.2000,-20.5972,-1.0000
ema-idea-684,EURUSD,SELL,0.07,2017-01-11 03:00:00+00:00,1.0546,1.0578901348665464,,2017-01-11 18:03:00+00:00,1.0578901348665464,SL,False,-23.0309,0.3500,-23.3809,-1.0000
ema-idea-686,GBPUSD,BUY,0.02,2017-01-11 19:00:00+00:00,1.2230100000000002,1.2146535020189786,,2017-01-12 18:00:00+00:00,1.21867,DISCRETIONARY_EXIT,False,-8.6800,0.1000,-8.7800,-0.5222
ema-idea-685,EURUSD,BUY,0.03,2017-01-11 19:00:00+00:00,1.06045,1.054125717803718,,2017-01-13 15:00:00+00:00,1.06047,DISCRETIONARY_EXIT,False,0.0600,0.1500,-0.0900,-0.0047
ema-idea-687,GBPUSD,SELL,0.04,2017-01-13 15:00:00+00:00,1.21346,1.21928097263869,,2017-01-13 16:16:00+00:00,1.21928097263869,SL,False,-23.2839,0.2000,-23.4839,-1.0000
ema-idea-688,GBPUSD,SELL,0.03,2017-01-15 23:00:00+00:00,1.20465,1.2127613170166642,,2017-01-17 06:00:00+00:00,1.21134,DISCRETIONARY_EXIT,False,-20.0700,0.1500,-20.2200,-0.8258
ema-idea-689,EURUSD,BUY,0.08,2017-01-17 04:00:00+00:00,1.0625499999999999,1.0596617494528813,,2017-01-18 06:00:00+00:00,1.06845,DISCRETIONARY_EXIT,False,47.2000,0.4000,46.8000,1.9910
ema-idea-691,EURUSD,SELL,0.07,2017-01-18 13:00:00+00:00,1.06658,1.0697308717232794,,2017-01-18 15:39:00+00:00,1.0697308717232794,SL,False,-22.0561,0.3500,-22.4061,-1.0000
ema-idea-690,GBPUSD,SELL,0.03,2017-01-18 12:00:00+00:00,1.22814,1.2345694146046406,,2017-01-18 15:55:00+00:00,1.2345694146046406,SL,False,-19.2882,0.1500,-19.4382,-1.0000
ema-idea-692,EURUSD,SELL,0.06,2017-01-18 21:00:00+00:00,1.06379,1.0675091231212308,,2017-01-19 09:00:00+00:00,1.06559,DISCRETIONARY_EXIT,False,-10.8000,0.3000,-11.1000,-0.4908
ema-idea-693,EURUSD,SELL,0.06,2017-01-19 14:00:00+00:00,1.06188,1.065549920016973,,2017-01-19 19:49:00+00:00,1.065549920016973,SL,False,-22.0195,0.3000,-22.3195,-1.0000
ema-idea-695,GBPUSD,BUY,0.05,2017-01-20 02:00:00+00:00,1.23658,1.231659621674952,,2017-01-20 09:30:00+00:00,1.231659621674952,SL,False,-24.6019,0.2500,-24.8519,-1.0000
ema-idea-694,EURUSD,BUY,0.06,2017-01-20 02:00:00+00:00,1.06819,1.064361522070657,,2017-01-20 09:54:00+00:00,1.064361522070657,SL,False,-22.9709,0.3000,-23.2709,-1.0000
ema-idea-696,EURUSD,BUY,0.05,2017-01-20 20:00:00+00:00,1.0706,1.066458368368011,,2017-01-24 07:00:00+00:00,1.0741,DISCRETIONARY_EXIT,False,17.5000,0.2500,17.2500,0.8231
ema-idea-697,GBPUSD,BUY,0.04,2017-01-20 20:00:00+00:00,1.2378600000000002,1.232667211001829,,2017-01-24 07:00:00+00:00,1.24844,DISCRETIONARY_EXIT,False,42.3200,0.2000,42.1200,2.0085
ema-idea-698,GBPUSD,SELL,0.04,2017-01-24 13:00:00+00:00,1.24216,1.248228430479331,,2017-01-24 14:38:00+00:00,1.248228430479331,SL,False,-24.2737,0.2000,-24.4737,-1.0000
ema-idea-699,EURUSD,SELL,0.07,2017-01-24 20:00:00+00:00,1.07221,1.0755312532505723,,2017-01-25 09:54:00+00:00,1.0755312532505723,SL,False,-23.2488,0.3500,-23.5988,-1.0000
ema-idea-700,GBPUSD,BUY,0.04,2017-01-25 10:00:00+00:00,1.25893,1.2535653622499991,,2017-01-26 11:00:00+00:00,1.26122,DISCRETIONARY_EXIT,False,9.1600,0.2000,8.9600,0.4137
ema-idea-701,EURUSD,SELL,0.08,2017-01-26 13:00:00+00:00,1.07107,1.074091357882066,,2017-01-27 10:00:00+00:00,1.06937,DISCRETIONARY_EXIT,False,13.6000,0.4000,13.2000,0.5372
ema-idea-702,GBPUSD,SELL,0.04,2017-01-26 13:00:00+00:00,1.25714,1.2621924531992328,,2017-01-30 00:00:00+00:00,1.25964,DISCRETIONARY_EXIT,False,-10.0000,0.2000,-10.2000,-0.4998
ema-idea-704,EURUSD,BUY,0.08,2017-01-30 02:00:00+00:00,1.07377,1.070715265366315,,2017-01-30 07:41:00+00:00,1.070715265366315,SL,False,-24.4379,0.4000,-24.8379,-1.0000
ema-idea-703,GBPUSD,BUY,0.04,2017-01-30 00:00:00+00:00,1.25964,1.254641899788627,,2017-01-30 08:09:00+00:00,1.254641899788627,SL,False,-19.9924,0.2000,-20.1924,-1.0000
ema-idea-706,EURUSD,SELL,0.08,2017-01-30 12:00:00+00:00,1.06611,1.069000501446188,,2017-01-30 15:45:00+00:00,1.069000501446188,SL,False,-23.1240,0.4000,-23.5240,-1.0000
ema-idea-705,GBPUSD,SELL,0.05,2017-01-30 09:00:00+00:00,1.25107,1.2552613745627756,,2017-01-31 15:00:00+00:00,1.2534200000000002,DISCRETIONARY_EXIT,False,-11.7500,0.2500,-12.0000,-0.5659
ema-idea-707,EURUSD,BUY,0.06,2017-01-31 12:00:00+00:00,1.0751,1.0713461740004062,,2017-02-01 07:00:00+00:00,1.07793,DISCRETIONARY_EXIT,False,16.9800,0.3000,16.6800,0.7308
ema-idea-709,EURUSD,SELL,0.07,2017-02-01 14:00:00+00:00,1.07602,1.0793474571645214,,2017-02-02 03:52:00+00:00,1.0793474571645214,SL,False,-23.2922,0.3500,-23.6422,-1.0000
ema-idea-708,GBPUSD,BUY,0.05,2017-02-01 10:00:00+00:00,1.2604700000000002,1.2560362818023072,,2017-02-02 11:00:00+00:00,1.26518,DISCRETIONARY_EXIT,False,23.5500,0.2500,23.3000,1.0393
ema-idea-711,EURUSD,BUY,0.06,2017-02-03 16:00:00+00:00,1.07891,1.0750159310179939,,2017-02-06 07:27:00+00:00,1.0750159310179939,SL,False,-23.3644,0.3000,-23.6644,-1.0000
ema-idea-710,GBPUSD,SELL,0.03,2017-02-02 13:00:00+00:00,1.25723,1.2637106130369258,,2017-02-07 17:00:00+00:00,1.24862,DISCRETIONARY_EXIT,False,25.8300,0.1500,25.6800,1.3107
ema-idea-713,EURUSD,SELL,0.09,2017-02-08 08:00:00+00:00,1.06584,1.0684151965315427,,2017-02-08 14:06:00+00:00,1.0684151965315427,SL,False,-23.1768,0.4500,-23.6268,-1.0000
ema-idea-712,GBPUSD,BUY,0.04,2017-02-07 19:00:00+00:00,1.25193,1.2459119657924016,,2017-02-09 02:00:00+00:00,1.25065,DISCRETIONARY_EXIT,False,-5.1200,0.2000,-5.3200,-0.2192
ema-idea-714,GBPUSD,BUY,0.05,2017-02-09 09:00:00+00:00,1.2554100000000001,1.2512341888187957,,2017-02-09 17:53:00+00:00,1.2512341888187957,SL,False,-20.8791,0.2500,-21.1291,-1.0000
ema-idea-715,EURUSD,SELL,0.08,2017-02-09 15:00:00+00:00,1.06655,1.0696073683335026,,2017-02-13 08:00:00+00:00,1.06434,DISCRETIONARY_EXIT,False,17.6800,0.4000,17.2800,0.6951
ema-idea-716,EURUSD,SELL,0.09,2017-02-13 15:00:00+00:00,1.06015,1.0628272763570612,,2017-02-14 05:00:00+00:00,1.06118,DISCRETIONARY_EXIT,False,-9.2700,0.4500,-9.7200,-0.3960
ema-idea-717,GBPUSD,BUY,0.08,2017-02-14 06:00:00+00:00,1.2545700000000002,1.251764035981997,,2017-02-14 08:03:00+00:00,1.251764035981997,SL,False,-22.4477,0.4000,-22.8477,-1.0000
ema-idea-719,EURUSD,SELL,0.07,2017-02-14 16:00:00+00:00,1.05637,1.059513028228959,,2017-02-15 04:00:00+00:00,1.05847,DISCRETIONARY_EXIT,False,-14.7000,0.3500,-15.0500,-0.6733
ema-idea-718,GBPUSD,SELL,0.06,2017-02-14 10:00:00+00:00,1.24718,1.2509787400645092,,2017-02-16 08:00:00+00:00,1.24858,DISCRETIONARY_EXIT,False,-8.4000,0.3000,-8.7000,-0.3767
ema-idea-720,EURUSD,BUY,0.07,2017-02-15 17:00:00+00:00,1.05974,1.0562759448040608,,2017-02-17 08:00:00+00:00,1.0655,DISCRETIONARY_EXIT,False,40.3200,0.3500,39.9700,1.6249
ema-idea-721,GBPUSD,SELL,0.06,2017-02-17 10:00:00+00:00,1.24164,1.2456756364456394,,2017-02-20 08:56:00+00:00,1.2456756364456394,SL,False,-24.2138,0.3000,-24.5138,-1.0000
ema-idea-723,GBPUSD,BUY,0.07,2017-02-20 09:00:00+00:00,1.24578,1.242371307912996,,2017-02-21 04:00:00+00:00,1.24379,DISCRETIONARY_EXIT,False,-13.9300,0.3500,-14.2800,-0.5898
ema-idea-722,EURUSD,SELL,0.08,2017-02-17 16:00:00+00:00,1.06261,1.0654165887265068,,2017-02-22 16:00:00+00:00,1.05493,DISCRETIONARY_EXIT,False,61.4400,0.4000,61.0400,2.6710
ema-idea-725,GBPUSD,BUY,0.05,2017-02-23 13:00:00+00:00,1.24956,1.2453783287445985,,2017-02-24 09:00:00+00:00,1.25327,DISCRETIONARY_EXIT,False,18.5500,0.2500,18.3000,0.8649
ema-idea-724,EURUSD,BUY,0.06,2017-02-22 20:00:00+00:00,1.05719,1.05341115191954,,2017-02-24 20:00:00+00:00,1.05643,DISCRETIONARY_EXIT,False,-4.5600,0.3000,-4.8600,-0.2116
ema-idea-726,GBPUSD,SELL,0.06,2017-02-24 15:00:00+00:00,1.25118,1.25521647955807,,2017-02-27 16:00:00+00:00,1.2471,DISCRETIONARY_EXIT,False,24.4800,0.3000,24.1800,0.9862
ema-idea-727,EURUSD,BUY,0.08,2017-02-27 16:00:00+00:00,1.06143,1.0586007188151099,,2017-02-27 19:21:00+00:00,1.0586007188151099,SL,False,-22.6342,0.4000,-23.0342,-1.0000
ema-idea-728,EURUSD,BUY,0.07,2017-02-28 16:00:00+00:00,1.06269,1.0595684368224658,,2017-02-28 19:40:00+00:00,1.0595684368224658,SL,False,-21.8509,0.3500,-22.2009,-1.0000
ema-idea-729,GBPUSD,SELL,0.05,2017-02-28 20:00:00+00:00,1.24022,1.2446517206150207,,2017-03-03 21:00:00+00:00,1.2299900000000001,DISCRETIONARY_EXIT,False,51.1500,0.2500,50.9000,2.2714
ema-idea-731,GBPUSD,BUY,0.05,2017-03-03 21:00:00+00:00,1.2299900000000001,1.2256126652645982,,2017-03-06 08:00:00+00:00,1.22717,DISCRETIONARY_EXIT,False,-14.1000,0.2500,-14.3500,-0.6482
ema-idea-730,EURUSD,BUY,0.07,2017-03-03 21:00:00+00:00,1.06169,1.0582312538685499,,2017-03-06 11:25:00+00:00,1.0582312538685499,SL,False,-24.2112,0.3500,-24.5612,-1.0000
ema-idea-732,GBPUSD,SELL,0.07,2017-03-06 17:00:00+00:00,1.22415,1.227563706948785,,2017-03-09 13:00:00+00:00,1.21794,DISCRETIONARY_EXIT,False,43.4700,0.3500,43.1200,1.7784
ema-idea-734,GBPUSD,BUY,0.07,2017-03-09 14:00:00+00:00,1.21845,1.2153416467024198,,2017-03-09 15:12:00+00:00,1.2153416467024198,SL,False,-21.7585,0.3500,-22.1085,-1.0000
ema-idea-733,EURUSD,BUY,0.08,2017-03-09 14:00:00+00:00,1.05854,1.0555183063264453,,2017-03-13 10:00:00+00:00,1.06745,DISCRETIONARY_EXIT,False,71.2800,0.4000,70.8800,2.8844
ema-idea-735,EURUSD,SELL,0.08,2017-03-13 14:00:00+00:00,1.06592,1.0688485675700798,,2017-03-15 07:00:00+00:00,1.06206,DISCRETIONARY_EXIT,False,30.8800,0.4000,30.4800,1.2791
ema-idea-736,GBPUSD,BUY,0.09,2017-03-15 07:00:00+00:00,1.2177300000000002,1.2151036375705146,,2017-03-16 10:00:00+00:00,1.22554,DISCRETIONARY_EXIT,False,70.2900,0.4500,69.8400,2.8995
ema-idea-738,EURUSD,BUY,0.07,2017-03-16 20:00:00+00:00,1.075,1.0715048293446945,,2017-03-17 09:00:00+00:00,1.07537,DISCRETIONARY_EXIT,False,2.5900,0.3500,2.2400,0.0903
ema-idea-737,GBPUSD,BUY,0.04,2017-03-16 14:00:00+00:00,1.2370100000000002,1.231505399687891,,2017-03-17 09:00:00+00:00,1.23375,DISCRETIONARY_EXIT,False,-13.0400,0.2000,-13.2400,-0.5959
ema-idea-739,GBPUSD,BUY,0.05,2017-03-17 10:00:00+00:00,1.23885,1.234507272202834,,2017-03-17 12:25:00+00:00,1.234507272202834,SL,False,-21.7136,0.2500,-21.9636,-1.0000
ema-idea-740,GBPUSD,BUY,0.08,2017-03-20 09:00:00+00:00,1.2419200000000001,1.238852617405903,,2017-03-20 12:56:00+00:00,1.238852617405903,SL,False,-24.5391,0.4000,-24.9391,-1.0000
ema-idea-741,GBPUSD,SELL,0.06,2017-03-20 17:00:00+00:00,1.23653,1.2402409385629878,,2017-03-21 10:00:00+00:00,1.2389100000000002,DISCRETIONARY_EXIT,False,-14.2800,0.3000,-14.5800,-0.6461
ema-idea-742,EURUSD,BUY,0.1,2017-03-21 08:00:00+00:00,1.07741,1.075009688372353,,2017-03-22 10:00:00+00:00,1.07873,DISCRETIONARY_EXIT,False,13.2000,0.5000,12.7000,0.5183
ema-idea-743,EURUSD,SELL,0.08,2017-03-22 10:00:00+00:00,1.07873,1.0814721924881643,,2017-03-22 15:20:00+00:00,1.0814721924881643,SL,False,-21.9375,0.4000,-22.3375,-1.0000
ema-idea-744,GBPUSD,SELL,0.06,2017-03-22 15:00:00+00:00,1.24379,1.2475380569510708,,2017-03-22 16:57:00+00:00,1.2475380569510708,SL,False,-22.4883,0.3000,-22.7883,-1.0000
ema-idea-745,GBPUSD,BUY,0.08,2017-03-23 08:00:00+00:00,1.25085,1.2479459635915437,,2017-03-23 08:37:00+00:00,1.2479459635915437,SL,False,-23.2323,0.4000,-23.6323,-1.0000
ema-idea-746,EURUSD,SELL,0.1,2017-03-23 10:00:00+00:00,1.07743,1.079776636132482,,2017-03-24 09:32:00+00:00,1.079776636132482,SL,False,-23.4664,0.5000,-23.9664,-1.0000
ema-idea-748,GBPUSD,SELL,0.07,2017-03-24 15:00:00+00:00,1.24718,1.2504089310379547,,2017-03-24 20:21:00+00:00,1.2504089310379547,SL,False,-22.6025,0.3500,-22.9525,-1.0000
ema-idea-747,EURUSD,BUY,0.1,2017-03-24 10:00:00+00:00,1.07998,1.0775670997663143,,2017-03-28 01:00:00+00:00,1.08609,DISCRETIONARY_EXIT,False,61.1000,0.5000,60.6000,2.4605
ema-idea-750,GBPUSD,SELL,0.07,2017-03-28 16:00:00+00:00,1.25348,1.256906614407522,,2017-03-30 13:00:00+00:00,1.2465700000000002,DISCRETIONARY_EXIT,False,48.3700,0.3500,48.0200,1.9732
ema-idea-749,EURUSD,SELL,0.11,2017-03-28 08:00:00+00:00,1.08536,1.0874924801856347,,2017-03-31 09:00:00+00:00,1.0692,DISCRETIONARY_EXIT,False,177.7600,0.5500,177.2100,7.3815
ema-idea-752,GBPUSD,SELL,0.06,2017-03-31 11:00:00+00:00,1.24381,1.247909524438927,,2017-03-31 12:29:00+00:00,1.247909524438927,SL,False,-24.5971,0.3000,-24.8971,-1.0000
ema-idea-751,EURUSD,SELL,0.1,2017-03-31 11:00:00+00:00,1.06704,1.06942618213939,,2017-03-31 14:17:00+00:00,1.06942618213939,SL,False,-23.8618,0.5000,-24.3618,-1.0000
ema-idea-753,GBPUSD,BUY,0.04,2017-03-31 17:00:00+00:00,1.25363,1.2483881987578607,,2017-04-03 10:00:00+00:00,1.25084,DISCRETIONARY_EXIT,False,-11.1600,0.2000,-11.3600,-0.5367
ema-idea-754,EURUSD,SELL,0.08,2017-03-31 21:00:00+00:00,1.06691,1.0697537959418955,,2017-04-04 23:00:00+00:00,1.06794,DISCRETIONARY_EXIT,False,-8.2400,0.4000,-8.6400,-0.3732
ema-idea-755,GBPUSD,SELL,0.06,2017-04-04 07:00:00+00:00,1.24409,1.2477495370467686,,2017-04-05 09:30:00+00:00,1.2477495370467686,SL,False,-21.9572,0.3000,-22.2572,-1.0000
ema-idea-756,EURUSD,BUY,0.1,2017-04-04 23:00:00+00:00,1.06794,1.0656227541440848,,2017-04-05 13:19:00+00:00,1.0656227541440848,SL,False,-23.1725,0.5000,-23.6725,-1.0000
ema-idea-758,EURUSD,SELL,0.09,2017-04-05 18:00:00+00:00,1.06467,1.0671533879076291,,2017-04-05 20:17:00+00:00,1.0671533879076291,SL,False,-22.3505,0.4500,-22.8005,-1.0000
ema-idea-757,GBPUSD,BUY,0.07,2017-04-05 10:00:00+00:00,1.2469100000000002,1.243532810558882,,2017-04-06 10:00:00+00:00,1.24639,DISCRETIONARY_EXIT,False,-3.6400,0.3500,-3.9900,-0.1663
ema-idea-759,EURUSD,SELL,0.11,2017-04-07 09:00:00+00:00,1.06361,1.0657358081572819,,2017-04-07 13:30:00+00:00,1.0657358081572819,SL,False,-23.3839,0.5500,-23.9339,-1.0000
ema-idea-760,GBPUSD,SELL,0.07,2017-04-07 10:00:00+00:00,1.24334,1.246602433437503,,2017-04-10 06:00:00+00:00,1.2388100000000002,DISCRETIONARY_EXIT,False,31.7100,0.3500,31.3600,1.3525
ema-idea-762,EURUSD,BUY,0.1,2017-04-10 17:00:00+00:00,1.06058,1.0582270782777774,,2017-04-11 03:30:00+00:00,1.0582270782777774,SL,False,-23.5292,0.5000,-24.0292,-1.0000
ema-idea-761,GBPUSD,BUY,0.09,2017-04-10 15:00:00+00:00,1.24215,1.2394406120241608,,2017-04-11 09:00:00+00:00,1.24036,DISCRETIONARY_EXIT,False,-16.1100,0.4500,-16.5600,-0.6668
ema-idea-763,EURUSD,BUY,0.12,2017-04-11 11:00:00+00:00,1.06076,1.0588146914898633,,2017-04-12 19:00:00+00:00,1.05933,DISCRETIONARY_EXIT,False,-17.1600,0.6000,-17.7600,-0.7417
ema-idea-764,EURUSD,SELL,0.11,2017-04-12 19:00:00+00:00,1.05933,1.0614065389281284,,2017-04-12 20:12:00+00:00,1.0614065389281284,SL,False,-22.8419,0.5500,-23.3919,-1.0000
ema-idea-765,EURUSD,BUY,0.08,2017-04-12 21:00:00+00:00,1.0659399999999999,1.062950637352787,,2017-04-13 08:00:00+00:00,1.06521,DISCRETIONARY_EXIT,False,-5.8400,0.4000,-6.2400,-0.2566
ema-idea-766,GBPUSD,BUY,0.07,2017-04-12 21:00:00+00:00,1.2532400000000001,1.2500426377378056,,2017-04-13 13:00:00+00:00,1.25283,DISCRETIONARY_EXIT,False,-2.8700,0.3500,-3.2200,-0.1417
ema-idea-767,GBPUSD,SELL,0.08,2017-04-13 21:00:00+00:00,1.25053,1.253472656998807,,2017-04-14 14:00:00+00:00,1.25316,DISCRETIONARY_EXIT,False,-21.0400,0.4000,-21.4400,-0.8955
ema-idea-769,EURUSD,SELL,0.14,2017-04-17 00:00:00+00:00,1.06046,1.0621556018313598,,2017-04-17 01:40:00+00:00,1.0621556018313598,SL,False,-23.7384,0.7000,-24.4384,-1.0000
ema-idea-768,GBPUSD,BUY,0.1,2017-04-14 14:00:00+00:00,1.25316,1.25090069227956,,2017-04-19 17:00:00+00:00,1.2788,DISCRETIONARY_EXIT,False,256.4000,0.5000,255.9000,11.0812
ema-idea-770,GBPUSD,SELL,0.04,2017-04-19 17:00:00+00:00,1.2788,1.2838458379859417,,2017-04-20 06:00:00+00:00,1.28079,DISCRETIONARY_EXIT,False,-7.9600,0.2000,-8.1600,-0.4003
ema-idea-771,EURUSD,BUY,0.11,2017-04-20 08:00:00+00:00,1.0742,1.0721581174822228,,2017-04-20 18:48:00+00:00,1.0721581174822228,SL,False,-22.4607,0.5500,-23.0107,-1.0000
ema-idea-772,EURUSD,SELL,0.1,2017-04-21 11:00:00+00:00,1.07051,1.072854759481994,,2017-04-21 21:50:00+00:00,1.072854759481994,SL,False,-23.4476,0.5000,-23.9476,-1.0000
ema-idea-773,EURUSD,BUY,0.04,2017-04-23 23:00:00+00:00,1.0897,1.0841870953793573,,2017-04-24 01:26:00+00:00,1.0841870953793573,SL,False,-22.0516,0.2000,-22.2516,-1.0000
ema-idea-774,EURUSD,BUY,0.08,2017-04-25 08:00:00+00:00,1.08834,1.085364736706828,,2017-04-26 09:00:00+00:00,1.09136,DISCRETIONARY_EXIT,False,24.1600,0.4000,23.7600,0.9817
ema-idea-775,GBPUSD,BUY,0.07,2017-04-26 16:00:00+00:00,1.28586,1.2825180796082865,,2017-04-26 17:40:00+00:00,1.2825180796082865,SL,False,-23.3934,0.3500,-23.7434,-1.0000
ema-idea-776,EURUSD,SELL,0.07,2017-04-26 17:00:00+00:00,1.08723,1.0904982363484839,,2017-04-26 19:01:00+00:00,1.0904982363484839,SL,False,-22.8777,0.3500,-23.2277,-1.0000
ema-idea-777,GBPUSD,BUY,0.08,2017-04-27 08:00:00+00:00,1.28834,1.2853186949004207,,2017-05-01 03:00:00+00:00,1.29088,DISCRETIONARY_EXIT,False,20.3200,0.4000,19.9200,0.8107
ema-idea-778,EURUSD,BUY,0.11,2017-05-01 14:00:00+00:00,1.09178,1.0896717342243447,,2017-05-01 21:06:00+00:00,1.0896717342243447,SL,False,-23.1909,0.5500,-23.7409,-1.0000
ema-idea-779,GBPUSD,SELL,0.08,2017-05-01 21:00:00+00:00,1.28892,1.2918391001411704,,2017-05-02 11:05:00+00:00,1.2918391001411704,SL,False,-23.3528,0.4000,-23.7528,-1.0000
ema-idea-781,GBPUSD,BUY,0.08,2017-05-02 20:00:00+00:00,1.2932700000000001,1.290228216446336,,2017-05-03 06:00:00+00:00,1.29171,DISCRETIONARY_EXIT,False,-12.4800,0.4000,-12.8800,-0.5207
ema-idea-780,EURUSD,BUY,0.1,2017-05-02 20:00:00+00:00,1.0927499999999999,1.0903554350194609,,2017-05-03 08:00:00+00:00,1.09215,DISCRETIONARY_EXIT,False,-6.0000,0.5000,-6.5000,-0.2659
ema-idea-782,GBPUSD,SELL,0.06,2017-05-03 21:00:00+00:00,1.28735,1.2911898724119013,,2017-05-04 10:00:00+00:00,1.28916,DISCRETIONARY_EXIT,False,-10.8600,0.3000,-11.1600,-0.4782
ema-idea-783,EURUSD,BUY,0.09,2017-05-04 11:00:00+00:00,1.09338,1.090825551476547,,2017-05-05 08:00:00+00:00,1.09703,DISCRETIONARY_EXIT,False,32.8500,0.4500,32.4000,1.3823
ema-idea-784,GBPUSD,BUY,0.09,2017-05-05 08:00:00+00:00,1.29404,1.2914162888530225,,2017-05-08 13:00:00+00:00,1.29458,DISCRETIONARY_EXIT,False,4.8600,0.4500,4.4100,0.1833
ema-idea-786,GBPUSD,SELL,0.08,2017-05-08 13:00:00+00:00,1.29458,1.2975763951233525,,2017-05-09 09:00:00+00:00,1.2958500000000002,DISCRETIONARY_EXIT,False,-10.1600,0.4000,-10.5600,-0.4333
ema-idea-787,GBPUSD,BUY,0.08,2017-05-10 08:00:00+00:00,1.29715,1.2942672124643868,,2017-05-10 10:03:00+00:00,1.2942672124643868,SL,False,-23.0623,0.4000,-23.4623,-1.0000
ema-idea-785,EURUSD,SELL,0.07,2017-05-08 11:00:00+00:00,1.09381,1.0972625157347171,,2017-05-11 09:00:00+00:00,1.08881,DISCRETIONARY_EXIT,False,35.0000,0.3500,34.6500,1.4133
ema-idea-788,EURUSD,BUY,0.11,2017-05-11 09:00:00+00:00,1.08881,1.0866637864562296,,2017-05-11 12:21:00+00:00,1.0866637864562296,SL,False,-23.6083,0.5500,-24.1583,-1.0000
ema-idea-789,GBPUSD,SELL,0.08,2017-05-11 10:00:00+00:00,1.29132,1.2940630510608064,,2017-05-15 05:00:00+00:00,1.2901600000000002,DISCRETIONARY_EXIT,False,9.2800,0.4000,8.8800,0.3974
ema-idea-790,EURUSD,BUY,0.1,2017-05-12 14:00:00+00:00,1.09069,1.0884408151767666,,2017-05-18 07:00:00+00:00,1.11386,DISCRETIONARY_EXIT,False,231.7000,0.5000,231.2000,10.0557
ema-idea-791,GBPUSD,BUY,0.05,2017-05-18 10:00:00+00:00,1.30206,1.2975192479909543,,2017-05-18 18:34:00+00:00,1.2975192479909543,SL,False,-22.7038,0.2500,-22.9538,-1.0000
ema-idea-792,EURUSD,SELL,0.06,2017-05-18 19:00:00+00:00,1.10891,1.1128622357156643,,2017-05-19 08:00:00+00:00,1.11237,DISCRETIONARY_EXIT,False,-20.7600,0.3000,-21.0600,-0.8770
ema-idea-793,GBPUSD,SELL,0.04,2017-05-18 19:00:00+00:00,1.29281,1.2985968520576385,,2017-05-19 08:51:00+00:00,1.2985968520576385,SL,False,-23.1474,0.2000,-23.3474,-1.0000
ema-idea-794,EURUSD,BUY,0.07,2017-05-19 10:00:00+00:00,1.11501,1.1119320454032318,,2017-05-22 09:00:00+00:00,1.11713,DISCRETIONARY_EXIT,False,14.8400,0.3500,14.4900,0.6618
ema-idea-795,EURUSD,BUY,0.07,2017-05-22 12:00:00+00:00,1.12281,1.1193435799940286,,2017-05-23 08:00:00+00:00,1.12247,DISCRETIONARY_EXIT,False,-2.3800,0.3500,-2.7300,-0.1109
ema-idea-796,GBPUSD,SELL,0.07,2017-05-23 08:00:00+00:00,1.29615,1.299588338244895,,2017-05-23 08:14:00+00:00,1.299588338244895,SL,False,-24.0684,0.3500,-24.4184,-1.0000
ema-idea-797,EURUSD,SELL,0.07,2017-05-23 13:00:00+00:00,1.12178,1.1251183883623037,,2017-05-24 14:00:00+00:00,1.11988,DISCRETIONARY_EXIT,False,13.3000,0.3500,12.9500,0.5460
ema-idea-798,EURUSD,BUY,0.07,2017-05-24 22:00:00+00:00,1.12181,1.1185286075376037,,2017-05-25 12:00:00+00:00,1.12169,DISCRETIONARY_EXIT,False,-0.8400,0.3500,-1.1900,-0.0510
ema-idea-799,GBPUSD,SELL,0.08,2017-05-26 01:00:00+00:00,1.29297,1.2959338535679579,,2017-05-29 02:00:00+00:00,1.28254,DISCRETIONARY_EXIT,False,83.4400,0.4000,83.0400,3.4441
ema-idea-800,EURUSD,SELL,0.12,2017-05-29 23:00:00+00:00,1.11518,1.1172106183445067,,2017-05-30 11:00:00+00:00,1.11656,DISCRETIONARY_EXIT,False,-16.5600,0.6000,-17.1600,-0.6873
ema-idea-801,GBPUSD,BUY,0.07,2017-05-30 09:00:00+00:00,1.2860900000000002,1.2829827361786212,,2017-05-30 22:29:00+00:00,1.2829827361786212,SL,False,-21.7508,0.3500,-22.1008,-1.0000
ema-idea-802,GBPUSD,SELL,0.05,2017-05-31 10:00:00+00:00,1.27808,1.2822120872565652,,2017-05-31 10:59:00+00:00,1.2822120872565652,SL,False,-20.6604,0.2500,-20.9104,-1.0000
ema-idea-803,EURUSD,BUY,0.08,2017-05-31 12:00:00+00:00,1.12136,1.1182910202781806,,2017-06-01 10:00:00+00:00,1.12264,DISCRETIONARY_EXIT,False,10.2400,0.4000,9.8400,0.3944
ema-idea-805,GBPUSD,BUY,0.05,2017-06-01 16:00:00+00:00,1.2904,1.2858028961722878,,2017-06-02 08:00:00+00:00,1.28601,DISCRETIONARY_EXIT,False,-21.9500,0.2500,-22.2000,-0.9554
ema-idea-804,EURUSD,SELL,0.08,2017-06-01 13:00:00+00:00,1.12187,1.1246382328845497,,2017-06-02 13:31:00+00:00,1.1246382328845497,SL,False,-22.1459,0.4000,-22.5459,-1.0000
ema-idea-806,EURUSD,BUY,0.08,2017-06-02 14:00:00+00:00,1.12708,1.1241948030642361,,2017-06-05 11:39:00+00:00,1.1241948030642361,SL,False,-23.0816,0.4000,-23.4816,-1.0000
ema-idea-808,EURUSD,SELL,0.09,2017-06-05 12:00:00+00:00,1.1243,1.1267914391396963,,2017-06-06 02:15:00+00:00,1.1267914391396963,SL,False,-22.4230,0.4500,-22.8730,-1.0000
ema-idea-807,GBPUSD,BUY,0.07,2017-06-05 11:00:00+00:00,1.2908600000000001,1.2874620309389393,,2017-06-06 13:46:00+00:00,1.2874620309389393,SL,False,-23.7858,0.3500,-24.1358,-1.0000
ema-idea-810,EURUSD,BUY,0.1,2017-06-06 19:00:00+00:00,1.1283,1.1259702174476034,,2017-06-07 08:15:00+00:00,1.1259702174476034,SL,False,-23.2978,0.5000,-23.7978,-1.0000
ema-idea-809,GBPUSD,SELL,0.06,2017-06-06 14:00:00+00:00,1.28892,1.292596263117924,,2017-06-07 14:00:00+00:00,1.29248,DISCRETIONARY_EXIT,False,-21.3600,0.3000,-21.6600,-0.9688
ema-idea-811,EURUSD,SELL,0.08,2017-06-07 12:00:00+00:00,1.12117,1.1241313551271321,,2017-06-07 14:50:00+00:00,1.1241313551271321,SL,False,-23.6908,0.4000,-24.0908,-1.0000
ema-idea-812,GBPUSD,BUY,0.07,2017-06-07 14:00:00+00:00,1.29248,1.2893047897507468,,2017-06-08 11:00:00+00:00,1.29428,DISCRETIONARY_EXIT,False,12.6000,0.3500,12.2500,0.5426
ema-idea-813,GBPUSD,SELL,0.03,2017-06-08 23:00:00+00:00,1.27422,1.2813256435610034,,2017-06-08 23:22:00+00:00,1.2813256435610034,SL,False,-21.3169,0.1500,-21.4669,-1.0000
ema-idea-815,GBPUSD,SELL,0.02,2017-06-09 08:00:00+00:00,1.26645,1.2768600988656589,,2017-06-09 11:21:00+00:00,1.2768600988656589,SL,False,-20.8202,0.1000,-20.9202,-1.0000
ema-idea-814,EURUSD,SELL,0.06,2017-06-09 01:00:00+00:00,1.11888,1.1226792921996804,,2017-06-11 23:00:00+00:00,1.12057,DISCRETIONARY_EXIT,False,-10.1400,0.3000,-10.4400,-0.4520
ema-idea-816,EURUSD,BUY,0.1,2017-06-12 07:00:00+00:00,1.12134,1.119017235767931,,2017-06-13 02:22:00+00:00,1.119017235767931,SL,False,-23.2276,0.5000,-23.7276,-1.0000
ema-idea-817,GBPUSD,SELL,0.04,2017-06-12 11:00:00+00:00,1.26977,1.2749568010193093,,2017-06-13 10:00:00+00:00,1.27007,DISCRETIONARY_EXIT,False,-1.2000,0.2000,-1.4000,-0.0668
ema-idea-818,GBPUSD,BUY,0.06,2017-06-13 10:00:00+00:00,1.27007,1.2660201383140444,,2017-06-15 08:00:00+00:00,1.27367,DISCRETIONARY_EXIT,False,21.6000,0.3000,21.3000,0.8659
ema-idea-819,GBPUSD,SELL,0.06,2017-06-15 10:00:00+00:00,1.27054,1.2742111980306676,,2017-06-15 12:00:00+00:00,1.2742111980306676,SL,False,-22.0272,0.3000,-22.3272,-1.0000
ema-idea-820,EURUSD,SELL,0.07,2017-06-15 11:00:00+00:00,1.116,1.1193031859856208,,2017-06-16 09:00:00+00:00,1.1167799999999999,DISCRETIONARY_EXIT,False,-5.4600,0.3500,-5.8100,-0.2475
ema-idea-821,EURUSD,BUY,0.1,2017-06-16 10:00:00+00:00,1.1173899999999999,1.11511814768147,,2017-06-19 14:00:00+00:00,1.11817,DISCRETIONARY_EXIT,False,7.8000,0.5000,7.3000,0.3144
ema-idea-822,EURUSD,SELL,0.09,2017-06-19 14:00:00+00:00,1.11817,1.1207480564225185,,2017-06-20 07:00:00+00:00,1.11598,DISCRETIONARY_EXIT,False,19.7100,0.4500,19.2600,0.8143
ema-idea-823,GBPUSD,SELL,0.06,2017-06-20 09:00:00+00:00,1.26777,1.2713733181346867,,2017-06-21 12:00:00+00:00,1.2648000000000001,DISCRETIONARY_EXIT,False,17.8200,0.3000,17.5200,0.7993
ema-idea-825,EURUSD,SELL,0.12,2017-06-22 17:00:00+00:00,1.1147,1.1166586646379262,,2017-06-23 05:00:00+00:00,1.11635,DISCRETIONARY_EXIT,False,-19.8000,0.6000,-20.4000,-0.8463
ema-idea-824,GBPUSD,BUY,0.07,2017-06-21 12:00:00+00:00,1.2648000000000001,1.2613674351608184,,2017-06-26 11:00:00+00:00,1.27125,DISCRETIONARY_EXIT,False,45.1500,0.3500,44.8000,1.8377
ema-idea-826,EURUSD,BUY,0.1,2017-06-26 14:00:00+00:00,1.1212199999999999,1.118824520195145,,2017-06-26 17:14:00+00:00,1.118824520195145,SL,False,-23.9548,0.5000,-24.4548,-1.0000
ema-idea-827,EURUSD,BUY,0.09,2017-06-27 10:00:00+00:00,1.125,1.1223048248973033,,2017-06-28 14:00:00+00:00,1.13313,DISCRETIONARY_EXIT,False,73.1700,0.4500,72.7200,2.9433
ema-idea-828,GBPUSD,BUY,0.04,2017-06-28 15:00:00+00:00,1.2935500000000002,1.2885951016879182,,2017-06-30 10:00:00+00:00,1.29862,DISCRETIONARY_EXIT,False,20.2800,0.2000,20.0800,1.0030
ema-idea-829,GBPUSD,SELL,0.06,2017-06-30 12:00:00+00:00,1.29766,1.3014736764069406,,2017-06-30 19:27:00+00:00,1.3014736764069406,SL,False,-22.8821,0.3000,-23.1821,-1.0000
ema-idea-830,EURUSD,SELL,0.1,2017-07-03 09:00:00+00:00,1.13948,1.1418123018948407,,2017-07-05 01:00:00+00:00,1.13603,DISCRETIONARY_EXIT,False,34.5000,0.5000,34.0000,1.4272
ema-idea-831,EURUSD,SELL,0.1,2017-07-05 11:00:00+00:00,1.13241,1.1347739310115208,,2017-07-05 19:00:00+00:00,1.1347739310115208,SL,False,-23.6393,0.5000,-24.1393,-1.0000
ema-idea-833,EURUSD,BUY,0.09,2017-07-06 13:00:00+00:00,1.13877,1.1361306837125504,,2017-07-07 07:00:00+00:00,1.14074,DISCRETIONARY_EXIT,False,17.7300,0.4500,17.2800,0.7139
ema-idea-832,GBPUSD,BUY,0.09,2017-07-06 07:00:00+00:00,1.29451,1.2918776490979904,,2017-07-07 07:00:00+00:00,1.29536,DISCRETIONARY_EXIT,False,7.6500,0.4500,7.2000,0.2982
ema-idea-834,GBPUSD,SELL,0.07,2017-07-07 10:00:00+00:00,1.29236,1.2955106715814366,,2017-07-10 03:00:00+00:00,1.2899,DISCRETIONARY_EXIT,False,17.2200,0.3500,16.8700,0.7530
ema-idea-835,GBPUSD,SELL,0.08,2017-07-10 11:00:00+00:00,1.28628,1.2891128565061944,,2017-07-10 12:17:00+00:00,1.2891128565061944,SL,False,-22.6629,0.4000,-23.0629,-1.0000
ema-idea-836,GBPUSD,BUY,0.1,2017-07-11 09:00:00+00:00,1.2896500000000002,1.2873847728671481,,2017-07-11 13:57:00+00:00,1.2873847728671481,SL,False,-22.6523,0.5000,-23.1523,-1.0000
ema-idea-838,EURUSD,BUY,0.11,2017-07-11 16:00:00+00:00,1.14204,1.1399613894871479,,2017-07-12 08:00:00+00:00,1.14589,DISCRETIONARY_EXIT,False,42.3500,0.5500,41.8000,1.7852
ema-idea-837,GBPUSD,SELL,0.07,2017-07-11 15:00:00+00:00,1.28627,1.2896443755062588,,2017-07-12 13:00:00+00:00,1.2880600000000002,DISCRETIONARY_EXIT,False,-12.5300,0.3500,-12.8800,-0.5373
ema-idea-840,EURUSD,SELL,0.06,2017-07-12 15:00:00+00:00,1.1414,1.1452505945253355,,2017-07-13 02:00:00+00:00,1.14305,DISCRETIONARY_EXIT,False,-9.9000,0.3000,-10.2000,-0.4358
ema-idea-839,GBPUSD,BUY,0.06,2017-07-12 13:00:00+00:00,1.2880600000000002,1.2842996861835265,,2017-07-17 09:00:00+00:00,1.30735,DISCRETIONARY_EXIT,False,115.7400,0.3000,115.4400,5.0495
ema-idea-842,GBPUSD,BUY,0.08,2017-07-18 09:00:00+00:00,1.3119500000000002,1.3090553497136606,,2017-07-18 09:15:00+00:00,1.3090553497136606,SL,False,-23.1572,0.4000,-23.5572,-1.0000
ema-idea-841,EURUSD,BUY,0.09,2017-07-18 03:00:00+00:00,1.15302,1.1505056182425035,,2017-07-19 01:00:00+00:00,1.15477,DISCRETIONARY_EXIT,False,15.7500,0.4500,15.3000,0.6629
ema-idea-843,GBPUSD,SELL,0.05,2017-07-18 10:00:00+00:00,1.30256,1.306710746694458,,2017-07-19 12:00:00+00:00,1.30533,DISCRETIONARY_EXIT,False,-13.8500,0.2500,-14.1000,-0.6713
ema-idea-844,EURUSD,SELL,0.11,2017-07-19 08:00:00+00:00,1.15293,1.155053948552666,,2017-07-20 13:48:00+00:00,1.155053948552666,SL,False,-23.3634,0.5500,-23.9134,-1.0000
ema-idea-845,EURUSD,BUY,0.06,2017-07-20 14:00:00+00:00,1.15629,1.1525712380147868,,2017-07-24 08:00:00+00:00,1.16453,DISCRETIONARY_EXIT,False,49.4400,0.3000,49.1400,2.1731
ema-idea-846,GBPUSD,BUY,0.07,2017-07-24 10:00:00+00:00,1.30281,1.2996105697528817,,2017-07-25 11:00:00+00:00,1.30136,DISCRETIONARY_EXIT,False,-10.1500,0.3500,-10.5000,-0.4616
ema-idea-847,EURUSD,BUY,0.11,2017-07-25 06:00:00+00:00,1.16629,1.1641499316165527,,2017-07-26 01:05:00+00:00,1.1641499316165527,SL,False,-23.5408,0.5500,-24.0908,-1.0000
ema-idea-848,EURUSD,SELL,0.1,2017-07-26 02:00:00+00:00,1.16413,1.1665500816470835,,2017-07-26 19:01:00+00:00,1.1665500816470835,SL,False,-24.2008,0.5000,-24.7008,-1.0000
ema-idea-849,EURUSD,BUY,0.06,2017-07-26 20:00:00+00:00,1.17055,1.1666091049625567,,2017-07-27 12:00:00+00:00,1.1705,DISCRETIONARY_EXIT,False,-0.3000,0.3000,-0.6000,-0.0251
ema-idea-850,GBPUSD,BUY,0.06,2017-07-26 20:00:00+00:00,1.30966,1.3055786552695878,,2017-07-27 16:00:00+00:00,1.30869,DISCRETIONARY_EXIT,False,-5.8200,0.3000,-6.1200,-0.2469
ema-idea-851,EURUSD,SELL,0.05,2017-07-27 17:00:00+00:00,1.1655,1.169646033702261,,2017-07-28 04:00:00+00:00,1.16936,DISCRETIONARY_EXIT,False,-19.3000,0.2500,-19.5500,-0.9318
ema-idea-852,GBPUSD,SELL,0.05,2017-07-27 17:00:00+00:00,1.30626,1.3105381260940188,,2017-07-28 04:00:00+00:00,1.3090000000000002,DISCRETIONARY_EXIT,False,-13.7000,0.2500,-13.9500,-0.6446
ema-idea-853,EURUSD,BUY,0.07,2017-07-28 11:00:00+00:00,1.1717,1.1686154674226878,,2017-07-31 05:00:00+00:00,1.17323,DISCRETIONARY_EXIT,False,10.7100,0.3500,10.3600,0.4722
ema-idea-855,GBPUSD,BUY,0.06,2017-07-31 16:00:00+00:00,1.3182500000000001,1.314439968941938,,2017-08-03 03:00:00+00:00,1.32116,DISCRETIONARY_EXIT,False,17.4600,0.3000,17.1600,0.7409
ema-idea-856,GBPUSD,SELL,0.05,2017-08-03 13:00:00+00:00,1.31434,1.3186224659299992,,2017-08-04 09:00:00+00:00,1.31627,DISCRETIONARY_EXIT,False,-9.6500,0.2500,-9.9000,-0.4570
ema-idea-854,EURUSD,BUY,0.07,2017-07-31 16:00:00+00:00,1.17903,1.1758058719603472,,2017-08-04 12:00:00+00:00,1.18702,DISCRETIONARY_EXIT,False,55.9300,0.3500,55.5800,2.4251
ema-idea-857,EURUSD,SELL,0.08,2017-08-04 14:00:00+00:00,1.18301,1.1860439429333753,,2017-08-07 04:00:00+00:00,1.1794499999999999,DISCRETIONARY_EXIT,False,28.4800,0.4000,28.0800,1.1382
ema-idea-858,GBPUSD,SELL,0.06,2017-08-04 14:00:00+00:00,1.30818,1.3119076956458626,,2017-08-08 02:00:00+00:00,1.30387,DISCRETIONARY_EXIT,False,25.8600,0.3000,25.5600,1.1277
ema-idea-859,EURUSD,BUY,0.09,2017-08-08 03:00:00+00:00,1.18169,1.1791714594996636,,2017-08-08 15:07:00+00:00,1.1791714594996636,SL,False,-22.6669,0.4500,-23.1169,-1.0000
ema-idea-860,GBPUSD,SELL,0.09,2017-08-08 14:00:00+00:00,1.30134,1.3039052723897526,,2017-08-09 08:00:00+00:00,1.30094,DISCRETIONARY_EXIT,False,3.6000,0.4500,3.1500,0.1338
ema-idea-861,EURUSD,SELL,0.06,2017-08-09 15:00:00+00:00,1.17114,1.1751772766844417,,2017-08-09 18:27:00+00:00,1.1751772766844417,SL,False,-24.2237,0.3000,-24.5237,-1.0000
ema-idea-862,EURUSD,BUY,0.07,2017-08-10 00:00:00+00:00,1.17633,1.1729016295642716,,2017-08-10 05:00:00+00:00,1.17385,DISCRETIONARY_EXIT,False,-17.3600,0.3500,-17.7100,-0.7274
ema-idea-863,GBPUSD,SELL,0.08,2017-08-10 09:00:00+00:00,1.29621,1.299096167406678,,2017-08-10 10:36:00+00:00,1.299096167406678,SL,False,-23.0893,0.4000,-23.4893,-1.0000
ema-idea-864,GBPUSD,SELL,0.1,2017-08-11 11:00:00+00:00,1.29614,1.2985188620177468,,2017-08-11 12:23:00+00:00,1.2985188620177468,SL,False,-23.7886,0.5000,-24.2886,-1.0000
ema-idea-865,EURUSD,BUY,0.06,2017-08-11 14:00:00+00:00,1.18171,1.1781103828440562,,2017-08-11 14:35:00+00:00,1.1781103828440562,SL,False,-21.5977,0.3000,-21.8977,-1.0000
ema-idea-867,EURUSD,BUY,0.05,2017-08-11 19:00:00+00:00,1.1838,1.179589764583429,,2017-08-14 09:00:00+00:00,1.18078,DISCRETIONARY_EXIT,False,-15.1000,0.2500,-15.3500,-0.7206
ema-idea-866,GBPUSD,BUY,0.06,2017-08-11 18:00:00+00:00,1.3016500000000002,1.2977853662118923,,2017-08-14 09:50:00+00:00,1.2977853662118923,SL,False,-23.1878,0.3000,-23.4878,-1.0000
ema-idea-869,GBPUSD,BUY,0.06,2017-08-16 10:00:00+00:00,1.28919,1.2855926426380635,,2017-08-16 14:05:00+00:00,1.2855926426380635,SL,False,-21.5841,0.3000,-21.8841,-1.0000
ema-idea-868,EURUSD,SELL,0.07,2017-08-14 16:00:00+00:00,1.17821,1.1813610511889439,,2017-08-16 20:00:00+00:00,1.17693,DISCRETIONARY_EXIT,False,8.9600,0.3500,8.6100,0.3842
ema-idea-870,EURUSD,BUY,0.05,2017-08-16 20:00:00+00:00,1.17693,1.172584439167385,,2017-08-17 08:00:00+00:00,1.17627,DISCRETIONARY_EXIT,False,-3.3000,0.2500,-3.5500,-0.1615
ema-idea-871,GBPUSD,BUY,0.08,2017-08-18 10:00:00+00:00,1.2907600000000001,1.2879691112540388,,2017-08-18 12:28:00+00:00,1.2879691112540388,SL,False,-22.3271,0.4000,-22.7271,-1.0000
ema-idea-872,GBPUSD,SELL,0.07,2017-08-18 16:00:00+00:00,1.28566,1.2890632611009503,,2017-08-21 11:23:00+00:00,1.2890632611009503,SL,False,-23.8228,0.3500,-24.1728,-1.0000
ema-idea-874,EURUSD,BUY,0.09,2017-08-21 14:00:00+00:00,1.17811,1.1754356752995272,,2017-08-22 04:00:00+00:00,1.18052,DISCRETIONARY_EXIT,False,21.6900,0.4500,21.2400,0.8663
ema-idea-873,GBPUSD,BUY,0.08,2017-08-21 12:00:00+00:00,1.28984,1.2869336575894323,,2017-08-22 04:00:00+00:00,1.28854,DISCRETIONARY_EXIT,False,-10.4000,0.4000,-10.8000,-0.4566
ema-idea-875,GBPUSD,SELL,0.09,2017-08-22 09:00:00+00:00,1.28574,1.2883506759300345,,2017-08-23 07:00:00+00:00,1.2828700000000002,DISCRETIONARY_EXIT,False,25.8300,0.4500,25.3800,1.0599
ema-idea-876,EURUSD,BUY,0.09,2017-08-23 09:00:00+00:00,1.1782299999999999,1.1757537519312125,,2017-08-24 08:00:00+00:00,1.17912,DISCRETIONARY_EXIT,False,8.0100,0.4500,7.5600,0.3325
ema-idea-877,GBPUSD,SELL,0.08,2017-08-23 15:00:00+00:00,1.2791,1.282092941645927,,2017-08-24 10:20:00+00:00,1.282092941645927,SL,False,-23.9435,0.4000,-24.3435,-1.0000
ema-idea-878,GBPUSD,BUY,0.08,2017-08-24 11:00:00+00:00,1.28255,1.2796690120472187,,2017-08-24 15:59:00+00:00,1.2796690120472187,SL,False,-23.0479,0.4000,-23.4479,-1.0000
ema-idea-879,EURUSD,SELL,0.12,2017-08-25 09:00:00+00:00,1.17801,1.1799017859707042,,2017-08-25 09:23:00+00:00,1.1799017859707042,SL,False,-22.7014,0.6000,-23.3014,-1.0000
ema-idea-880,EURUSD,BUY,0.1,2017-08-25 12:00:00+00:00,1.1818,1.1795327427924063,,2017-08-25 14:55:00+00:00,1.1795327427924063,SL,False,-22.6726,0.5000,-23.1726,-1.0000
ema-idea-881,GBPUSD,BUY,0.1,2017-08-25 12:00:00+00:00,1.28379,1.281457393234592,,2017-08-25 14:59:00+00:00,1.281457393234592,SL,False,-23.3261,0.5000,-23.8261,-1.0000
ema-idea-882,EURUSD,BUY,0.06,2017-08-25 16:00:00+00:00,1.18716,1.1836166963477175,,2017-08-29 19:00:00+00:00,1.2001,DISCRETIONARY_EXIT,False,77.6400,0.3000,77.3400,3.5872
ema-idea-883,GBPUSD,BUY,0.07,2017-08-25 16:00:00+00:00,1.28783,1.2844583298150036,,2017-08-29 22:00:00+00:00,1.2915,DISCRETIONARY_EXIT,False,25.6900,0.3500,25.3400,1.0580
ema-idea-884,GBPUSD,SELL,0.08,2017-08-29 22:00:00+00:00,1.2915,1.2943556918228794,,2017-08-30 05:00:00+00:00,1.29345,DISCRETIONARY_EXIT,False,-15.6000,0.4000,-16.0000,-0.6883
ema-idea-885,GBPUSD,SELL,0.1,2017-08-30 08:00:00+00:00,1.29095,1.2933511388204808,,2017-08-30 08:58:00+00:00,1.2933511388204808,SL,False,-24.0114,0.5000,-24.5114,-1.0000
ema-idea-886,EURUSD,SELL,0.07,2017-08-30 13:00:00+00:00,1.19266,1.1961069229129113,,2017-08-31 23:00:00+00:00,1.19208,DISCRETIONARY_EXIT,False,4.0600,0.3500,3.7100,0.1516
ema-idea-888,EURUSD,BUY,0.06,2017-08-31 23:00:00+00:00,1.19208,1.1879772299654072,,2017-09-01 08:00:00+00:00,1.1885,DISCRETIONARY_EXIT,False,-21.4800,0.3000,-21.7800,-0.8741
ema-idea-889,EURUSD,SELL,0.05,2017-09-01 15:00:00+00:00,1.18656,1.1913745913655058,,2017-09-04 08:00:00+00:00,1.1895499999999999,DISCRETIONARY_EXIT,False,-14.9500,0.2500,-15.2000,-0.6249
ema-idea-887,GBPUSD,BUY,0.06,2017-08-31 20:00:00+00:00,1.29345,1.2897603955251373,,2017-09-04 09:00:00+00:00,1.29388,DISCRETIONARY_EXIT,False,2.5800,0.3000,2.2800,0.1016
ema-idea-890,GBPUSD,SELL,0.08,2017-09-04 18:00:00+00:00,1.29187,1.294837135998684,,2017-09-05 11:21:00+00:00,1.294837135998684,SL,False,-23.7371,0.4000,-24.1371,-1.0000
ema-idea-891,EURUSD,SELL,0.08,2017-09-05 09:00:00+00:00,1.18789,1.1907340167566836,,2017-09-05 11:32:00+00:00,1.1907340167566836,SL,False,-22.7521,0.4000,-23.1521,-1.0000
ema-idea-892,GBPUSD,BUY,0.07,2017-09-05 14:00:00+00:00,1.29824,1.2950607609194702,,2017-09-06 08:00:00+00:00,1.30201,DISCRETIONARY_EXIT,False,26.3900,0.3500,26.0400,1.1520
ema-idea-893,EURUSD,BUY,0.08,2017-09-06 10:00:00+00:00,1.19445,1.191445726033849,,2017-09-06 15:15:00+00:00,1.191445726033849,SL,False,-24.0342,0.4000,-24.4342,-1.0000
ema-idea-894,GBPUSD,BUY,0.07,2017-09-06 16:00:00+00:00,1.30718,1.3040719405856882,,2017-09-06 18:22:00+00:00,1.3040719405856882,SL,False,-21.7564,0.3500,-22.1064,-1.0000
ema-idea-895,EURUSD,BUY,0.09,2017-09-07 09:00:00+00:00,1.19545,1.1928568892908442,,2017-09-08 15:00:00+00:00,1.20276,DISCRETIONARY_EXIT,False,65.7900,0.4500,65.3400,2.7468
ema-idea-897,GBPUSD,BUY,0.07,2017-09-11 12:00:00+00:00,1.32148,1.3181728364159075,,2017-09-11 15:42:00+00:00,1.3181728364159075,SL,False,-23.1501,0.3500,-23.5001,-1.0000
ema-idea-896,EURUSD,SELL,0.06,2017-09-11 03:00:00+00:00,1.20059,1.2041733902374547,,2017-09-12 08:00:00+00:00,1.19772,DISCRETIONARY_EXIT,False,17.2200,0.3000,16.9200,0.7761
ema-idea-899,EURUSD,SELL,0.08,2017-09-12 12:00:00+00:00,1.19365,1.1966964932036772,,2017-09-12 15:18:00+00:00,1.1966964932036772,SL,False,-24.3719,0.4000,-24.7719,-1.0000
ema-idea-898,GBPUSD,BUY,0.06,2017-09-12 10:00:00+00:00,1.3269300000000002,1.3233685180048158,,2017-09-12 15:30:00+00:00,1.3233685180048158,SL,False,-21.3689,0.3000,-21.6689,-1.0000
ema-idea-900,GBPUSD,BUY,0.05,2017-09-12 20:00:00+00:00,1.32959,1.3253699435470363,,2017-09-13 10:00:00+00:00,1.32763,DISCRETIONARY_EXIT,False,-9.8000,0.2500,-10.0500,-0.4707
ema-idea-901,EURUSD,BUY,0.08,2017-09-13 03:00:00+00:00,1.19851,1.195727954231549,,2017-09-13 14:06:00+00:00,1.195727954231549,SL,False,-22.2564,0.4000,-22.6564,-1.0000
ema-idea-902,EURUSD,SELL,0.07,2017-09-13 15:00:00+00:00,1.19376,1.196936128443824,,2017-09-14 09:00:00+00:00,1.1905999999999999,DISCRETIONARY_EXIT,False,22.1200,0.3500,21.7700,0.9640
ema-idea-903,GBPUSD,SELL,0.06,2017-09-13 15:00:00+00:00,1.32437,1.3282832214228821,,2017-09-14 12:05:00+00:00,1.3282832214228821,SL,False,-23.4793,0.3000,-23.7793,-1.0000
ema-idea-904,GBPUSD,BUY,0.04,2017-09-14 13:00:00+00:00,1.33369,1.3283134583733616,,2017-09-18 09:00:00+00:00,1.3552,DISCRETIONARY_EXIT,False,86.0400,0.2000,85.8400,3.9546
ema-idea-905,GBPUSD,SELL,0.05,2017-09-18 09:00:00+00:00,1.3552,1.3599851672783099,,2017-09-19 06:00:00+00:00,1.3534700000000002,DISCRETIONARY_EXIT,False,8.6500,0.2500,8.4000,0.3475
ema-idea-906,EURUSD,BUY,0.09,2017-09-19 06:00:00+00:00,1.19766,1.195024006194077,,2017-09-20 14:00:00+00:00,1.19921,DISCRETIONARY_EXIT,False,13.9500,0.4500,13.5000,0.5585
ema-idea-908,GBPUSD,SELL,0.03,2017-09-20 20:00:00+00:00,1.34827,1.3562752349652887,,2017-09-21 08:00:00+00:00,1.3509300000000002,DISCRETIONARY_EXIT,False,-7.9800,0.1500,-8.1300,-0.3364
ema-idea-907,EURUSD,SELL,0.04,2017-09-20 20:00:00+00:00,1.18903,1.1940713295199181,,2017-09-21 09:00:00+00:00,1.19035,DISCRETIONARY_EXIT,False,-5.2800,0.2000,-5.4800,-0.2691
ema-idea-910,GBPUSD,BUY,0.04,2017-09-21 17:00:00+00:00,1.35762,1.3521461125919507,,2017-09-22 11:00:00+00:00,1.35615,DISCRETIONARY_EXIT,False,-5.8800,0.2000,-6.0800,-0.2752
ema-idea-911,GBPUSD,SELL,0.04,2017-09-22 15:00:00+00:00,1.35016,1.3552156350399194,,2017-09-22 15:28:00+00:00,1.3552156350399194,SL,False,-20.2225,0.2000,-20.4225,-1.0000
ema-idea-909,EURUSD,BUY,0.06,2017-09-21 17:00:00+00:00,1.19471,1.1907127963056197,,2017-09-22 18:00:00+00:00,1.19448,DISCRETIONARY_EXIT,False,-1.3800,0.3000,-1.6800,-0.0692
ema-idea-912,EURUSD,SELL,0.06,2017-09-24 23:00:00+00:00,1.19153,1.1952505130652034,,2017-09-28 10:00:00+00:00,1.17676,DISCRETIONARY_EXIT,False,88.6200,0.3000,88.3200,3.9040
ema-idea-914,GBPUSD,BUY,0.04,2017-09-28 12:00:00+00:00,1.34223,1.337183482550597,,2017-09-29 02:00:00+00:00,1.34248,DISCRETIONARY_EXIT,False,1.0000,0.2000,0.8000,0.0392
ema-idea-913,EURUSD,BUY,0.07,2017-09-28 12:00:00+00:00,1.17796,1.1745977634303144,,2017-09-29 07:00:00+00:00,1.17744,DISCRETIONARY_EXIT,False,-3.6400,0.3500,-3.9900,-0.1670
ema-idea-916,EURUSD,BUY,0.08,2017-09-29 12:00:00+00:00,1.18135,1.1786079476183384,,2017-10-02 02:00:00+00:00,1.17895,DISCRETIONARY_EXIT,False,-19.2000,0.4000,-19.6000,-0.8775
ema-idea-915,GBPUSD,SELL,0.07,2017-09-29 09:00:00+00:00,1.34024,1.3436836884510917,,2017-10-04 02:00:00+00:00,1.3266900000000001,DISCRETIONARY_EXIT,False,94.8500,0.3500,94.5000,3.8641
ema-idea-917,EURUSD,BUY,0.08,2017-10-04 02:00:00+00:00,1.17754,1.1747900642265352,,2017-10-04 08:15:00+00:00,1.1747900642265352,SL,False,-21.9995,0.4000,-22.3995,-1.0000
ema-idea-918,GBPUSD,SELL,0.07,2017-10-04 23:00:00+00:00,1.32397,1.32741787511919,,2017-10-09 05:00:00+00:00,1.3098800000000002,DISCRETIONARY_EXIT,False,98.6300,0.3500,98.2800,4.0139
ema-idea-919,GBPUSD,BUY,0.07,2017-10-09 07:00:00+00:00,1.3107300000000002,1.3074387604984679,,2017-10-11 04:00:00+00:00,1.31934,DISCRETIONARY_EXIT,False,60.2700,0.3500,59.9200,2.5619
ema-idea-920,EURUSD,BUY,0.07,2017-10-11 15:00:00+00:00,1.1855499999999999,1.1824481064258061,,2017-10-12 11:00:00+00:00,1.1852,DISCRETIONARY_EXIT,False,-2.4500,0.3500,-2.8000,-0.1269
ema-idea-921,GBPUSD,BUY,0.07,2017-10-12 02:00:00+00:00,1.32424,1.3211067334013027,,2017-10-12 11:00:00+00:00,1.3218,DISCRETIONARY_EXIT,False,-17.0800,0.3500,-17.4300,-0.7822
ema-idea-922,GBPUSD,SELL,0.05,2017-10-12 13:00:00+00:00,1.31391,1.3182084759437365,,2017-10-12 17:12:00+00:00,1.3182084759437365,SL,False,-21.4924,0.2500,-21.7424,-1.0000
ema-idea-923,EURUSD,SELL,0.09,2017-10-12 15:00:00+00:00,1.18328,1.1857661904750438,,2017-10-13 13:32:00+00:00,1.1857661904750438,SL,False,-22.3757,0.4500,-22.8257,-1.0000
ema-idea-924,GBPUSD,BUY,0.04,2017-10-12 19:00:00+00:00,1.32743,1.3216695843526733,,2017-10-16 14:00:00+00:00,1.32635,DISCRETIONARY_EXIT,False,-4.3200,0.2000,-4.5200,-0.1945
ema-idea-926,GBPUSD,SELL,0.05,2017-10-16 14:00:00+00:00,1.32635,1.3304880628068125,,2017-10-17 09:00:00+00:00,1.3268600000000002,DISCRETIONARY_EXIT,False,-2.5500,0.2500,-2.8000,-0.1337
ema-idea-925,EURUSD,SELL,0.08,2017-10-16 03:00:00+00:00,1.18029,1.1831211893163698,,2017-10-18 18:00:00+00:00,1.17878,DISCRETIONARY_EXIT,False,12.0800,0.4000,11.6800,0.5067
ema-idea-927,EURUSD,BUY,0.08,2017-10-18 18:00:00+00:00,1.17878,1.1759618556147184,,2017-10-20 03:00:00+00:00,1.18227,DISCRETIONARY_EXIT,False,27.9200,0.4000,27.5200,1.1994
ema-idea-928,GBPUSD,SELL,0.06,2017-10-20 03:00:00+00:00,1.31222,1.3159825453745813,,2017-10-20 11:03:00+00:00,1.3159825453745813,SL,False,-22.5753,0.3000,-22.8753,-1.0000
ema-idea-930,GBPUSD,BUY,0.07,2017-10-23 07:00:00+00:00,1.3213400000000002,1.3181584780334323,,2017-10-23 09:12:00+00:00,1.3181584780334323,SL,False,-22.2707,0.3500,-22.6207,-1.0000
ema-idea-929,EURUSD,SELL,0.07,2017-10-20 15:00:00+00:00,1.17871,1.1818897090333689,,2017-10-24 05:00:00+00:00,1.1767,DISCRETIONARY_EXIT,False,14.0700,0.3500,13.7200,0.6069
ema-idea-931,EURUSD,BUY,0.11,2017-10-24 05:00:00+00:00,1.1767,1.174541115653196,,2017-10-24 08:15:00+00:00,1.174541115653196,SL,False,-23.7477,0.5500,-24.2977,-1.0000
ema-idea-933,EURUSD,BUY,0.09,2017-10-24 20:00:00+00:00,1.17862,1.1760135134806329,,2017-10-24 20:51:00+00:00,1.1760135134806329,SL,False,-23.4584,0.4500,-23.9084,-1.0000
ema-idea-932,GBPUSD,SELL,0.07,2017-10-24 13:00:00+00:00,1.31623,1.319664773457437,,2017-10-25 10:00:00+00:00,1.31779,DISCRETIONARY_EXIT,False,-10.9200,0.3500,-11.2700,-0.4620
ema-idea-934,GBPUSD,BUY,0.06,2017-10-25 11:00:00+00:00,1.3207300000000002,1.3166828425348003,,2017-10-26 09:00:00+00:00,1.32319,DISCRETIONARY_EXIT,False,14.7600,0.3000,14.4600,0.5882
ema-idea-935,GBPUSD,SELL,0.06,2017-10-26 10:00:00+00:00,1.32127,1.324908643887326,,2017-10-30 02:00:00+00:00,1.31426,DISCRETIONARY_EXIT,False,42.0600,0.3000,41.7600,1.8869
ema-idea-936,EURUSD,SELL,0.08,2017-10-26 13:00:00+00:00,1.17684,1.1796550224900237,,2017-10-30 06:00:00+00:00,1.1618,DISCRETIONARY_EXIT,False,120.3200,0.4000,119.9200,5.2321
ema-idea-937,GBPUSD,BUY,0.08,2017-10-30 06:00:00+00:00,1.3148900000000001,1.311901910193953,,2017-11-01 06:00:00+00:00,1.32694,DISCRETIONARY_EXIT,False,96.4000,0.4000,96.0000,3.9499
ema-idea-938,GBPUSD,BUY,0.07,2017-11-01 09:00:00+00:00,1.33092,1.3278080143990598,,2017-11-01 14:38:00+00:00,1.3278080143990598,SL,False,-21.7839,0.3500,-22.1339,-1.0000
ema-idea-939,EURUSD,SELL,0.09,2017-11-01 14:00:00+00:00,1.16178,1.1643642131339316,,2017-11-01 15:21:00+00:00,1.1643642131339316,SL,False,-23.2579,0.4500,-23.7079,-1.0000
ema-idea-940,EURUSD,BUY,0.07,2017-11-02 03:00:00+00:00,1.16616,1.162949809957251,,2017-11-02 09:49:00+00:00,1.162949809957251,SL,False,-22.4713,0.3500,-22.8213,-1.0000
ema-idea-941,GBPUSD,SELL,0.06,2017-11-02 11:00:00+00:00,1.32364,1.327415528295602,,2017-11-02 13:00:00+00:00,1.327415528295602,SL,False,-22.6532,0.3000,-22.9532,-1.0000
ema-idea-942,GBPUSD,SELL,0.03,2017-11-02 14:00:00+00:00,1.31165,1.3182265217439642,,2017-11-03 04:00:00+00:00,1.3074000000000001,DISCRETIONARY_EXIT,False,12.7500,0.1500,12.6000,0.6338
ema-idea-944,GBPUSD,BUY,0.06,2017-11-06 17:00:00+00:00,1.3144900000000002,1.3107682204087123,,2017-11-07 07:00:00+00:00,1.31518,DISCRETIONARY_EXIT,False,4.1400,0.3000,3.8400,0.1697
ema-idea-943,EURUSD,SELL,0.08,2017-11-03 16:00:00+00:00,1.16091,1.1639840176790108,,2017-11-07 23:00:00+00:00,1.15941,DISCRETIONARY_EXIT,False,12.0000,0.4000,11.6000,0.4641
ema-idea-945,GBPUSD,SELL,0.08,2017-11-08 13:00:00+00:00,1.30999,1.313040084518819,,2017-11-09 02:49:00+00:00,1.3131300000000001,SL_GAP,False,-25.1200,0.4000,-25.5200,-1.0290
ema-idea-946,EURUSD,BUY,0.13,2017-11-09 07:00:00+00:00,1.16095,1.1590806298884155,,2017-11-09 08:38:00+00:00,1.1590806298884155,SL,False,-24.3018,0.6500,-24.9518,-1.0000
ema-idea-947,GBPUSD,BUY,0.09,2017-11-09 08:00:00+00:00,1.3144900000000002,1.3119425190034002,,2017-11-09 08:59:00+00:00,1.3119425190034002,SL,False,-22.9273,0.4500,-23.3773,-1.0000
ema-idea-948,EURUSD,BUY,0.1,2017-11-09 12:00:00+00:00,1.1641,1.161671046482045,,2017-11-09 13:39:00+00:00,1.161671046482045,SL,False,-24.2895,0.5000,-24.7895,-1.0000
ema-idea-949,EURUSD,BUY,0.07,2017-11-09 17:00:00+00:00,1.16484,1.1616607538552723,,2017-11-10 08:00:00+00:00,1.16329,DISCRETIONARY_EXIT,False,-10.8500,0.3500,-11.2000,-0.4955
ema-idea-951,GBPUSD,BUY,0.06,2017-11-10 13:00:00+00:00,1.3179,1.3143232663723121,,2017-11-12 23:38:00+00:00,1.3143232663723121,SL,False,-21.4604,0.3000,-21.7604,-1.0000
ema-idea-950,EURUSD,BUY,0.09,2017-11-10 10:00:00+00:00,1.1661,1.1634983548767341,,2017-11-13 08:00:00+00:00,1.16402,DISCRETIONARY_EXIT,False,-18.7200,0.4500,-19.1700,-0.8033
ema-idea-952,GBPUSD,SELL,0.06,2017-11-13 08:00:00+00:00,1.30925,1.3129734635585126,,2017-11-13 15:32:00+00:00,1.3129734635585126,SL,False,-22.3408,0.3000,-22.6408,-1.0000
ema-idea-953,EURUSD,BUY,0.1,2017-11-13 14:00:00+00:00,1.16712,1.1648881409757497,,2017-11-15 22:00:00+00:00,1.17896,DISCRETIONARY_EXIT,False,118.4000,0.5000,117.9000,5.1668
ema-idea-954,EURUSD,SELL,0.08,2017-11-15 23:00:00+00:00,1.1769,1.1798536024440767,,2017-11-16 06:53:00+00:00,1.1798536024440767,SL,False,-23.6288,0.4000,-24.0288,-1.0000
ema-idea-956,EURUSD,SELL,0.08,2017-11-16 12:00:00+00:00,1.17645,1.1793051570719308,,2017-11-17 00:37:00+00:00,1.1793051570719308,SL,False,-22.8413,0.4000,-23.2413,-1.0000
ema-idea-955,GBPUSD,BUY,0.06,2017-11-16 11:00:00+00:00,1.3197100000000002,1.315746581553533,,2017-11-17 12:00:00+00:00,1.31971,DISCRETIONARY_EXIT,False,-0.0000,0.3000,-0.3000,-0.0125
ema-idea-957,GBPUSD,SELL,0.05,2017-11-17 14:00:00+00:00,1.31768,1.3219733738097819,,2017-11-17 16:24:00+00:00,1.3219733738097819,SL,False,-21.4669,0.2500,-21.7169,-1.0000
ema-idea-958,EURUSD,SELL,0.08,2017-11-19 23:00:00+00:00,1.17661,1.179626748227942,,2017-11-20 08:43:00+00:00,1.179626748227942,SL,False,-24.1340,0.4000,-24.5340,-1.0000
ema-idea-959,GBPUSD,BUY,0.07,2017-11-20 08:00:00+00:00,1.32471,1.3214880553574713,,2017-11-20 19:00:00+00:00,1.32234,DISCRETIONARY_EXIT,False,-16.5900,0.3500,-16.9400,-0.7396
ema-idea-960,GBPUSD,SELL,0.07,2017-11-21 11:00:00+00:00,1.32194,1.3250181887662056,,2017-11-21 12:28:00+00:00,1.3250181887662056,SL,False,-21.5473,0.3500,-21.8973,-1.0000
ema-idea-962,GBPUSD,SELL,0.08,2017-11-22 13:00:00+00:00,1.32203,1.3249339301942284,,2017-11-22 13:40:00+00:00,1.3249339301942284,SL,False,-23.2314,0.4000,-23.6314,-1.0000
ema-idea-961,EURUSD,BUY,0.1,2017-11-22 08:00:00+00:00,1.17584,1.173502660902557,,2017-11-27 17:00:00+00:00,1.19103,DISCRETIONARY_EXIT,False,151.9000,0.5000,151.4000,6.3418
ema-idea-963,EURUSD,SELL,0.07,2017-11-27 17:00:00+00:00,1.19103,1.194263830954826,,2017-11-29 07:00:00+00:00,1.18601,DISCRETIONARY_EXIT,False,35.1400,0.3500,34.7900,1.5135
ema-idea-964,GBPUSD,BUY,0.03,2017-11-28 20:00:00+00:00,1.3377700000000001,1.3311786086464823,,2017-12-01 10:00:00+00:00,1.34862,DISCRETIONARY_EXIT,False,32.5500,0.1500,32.4000,1.6262
ema-idea-965,EURUSD,SELL,0.06,2017-12-01 14:00:00+00:00,1.1869,1.1906792902964949,,2017-12-01 16:12:00+00:00,1.1906792902964949,SL,False,-22.6757,0.3000,-22.9757,-1.0000
ema-idea-966,EURUSD,SELL,0.07,2017-12-04 08:00:00+00:00,1.18497,1.1882729304344164,,2017-12-05 01:00:00+00:00,1.18715,DISCRETIONARY_EXIT,False,-15.2600,0.3500,-15.6100,-0.6651
ema-idea-967,GBPUSD,SELL,0.05,2017-12-05 08:00:00+00:00,1.34102,1.3454649586408511,,2017-12-05 15:36:00+00:00,1.3454649586408511,SL,False,-22.2248,0.2500,-22.4748,-1.0000
ema-idea-968,EURUSD,SELL,0.08,2017-12-05 14:00:00+00:00,1.18347,1.18623828269811,,2017-12-06 04:00:00+00:00,1.18434,DISCRETIONARY_EXIT,False,-6.9600,0.4000,-7.3600,-0.3264
ema-idea-969,GBPUSD,SELL,0.06,2017-12-06 10:00:00+00:00,1.33838,1.3423535765054662,,2017-12-07 10:22:00+00:00,1.3423535765054662,SL,False,-23.8415,0.3000,-24.1415,-1.0000
ema-idea-971,GBPUSD,SELL,0.05,2017-12-07 12:00:00+00:00,1.33322,1.3376191630455883,,2017-12-07 12:46:00+00:00,1.3376191630455883,SL,False,-21.9958,0.2500,-22.2458,-1.0000
ema-idea-970,EURUSD,SELL,0.11,2017-12-07 11:00:00+00:00,1.17795,1.1801690867805927,,2017-12-07 18:09:00+00:00,1.1801690867805927,SL,False,-24.4100,0.5500,-24.9600,-1.0000
ema-idea-972,GBPUSD,BUY,0.04,2017-12-07 15:00:00+00:00,1.3425600000000002,1.3371051817743598,,2017-12-08 13:00:00+00:00,1.34286,DISCRETIONARY_EXIT,False,1.2000,0.2000,1.0000,0.0454
ema-idea-973,EURUSD,SELL,0.08,2017-12-07 20:00:00+00:00,1.1773,1.180079000351131,,2017-12-11 02:00:00+00:00,1.17777,DISCRETIONARY_EXIT,False,-3.7600,0.4000,-4.1600,-0.1838
ema-idea-974,EURUSD,BUY,0.1,2017-12-11 02:00:00+00:00,1.17777,1.1755463775243473,,2017-12-11 21:00:00+00:00,1.17726,DISCRETIONARY_EXIT,False,-5.1000,0.5000,-5.6000,-0.2463
ema-idea-975,EURUSD,SELL,0.09,2017-12-11 22:00:00+00:00,1.17677,1.1792489157805366,,2017-12-12 08:46:00+00:00,1.1792489157805366,SL,False,-22.3102,0.4500,-22.7602,-1.0000
ema-idea-976,EURUSD,SELL,0.1,2017-12-12 14:00:00+00:00,1.17505,1.177396144011519,,2017-12-13 04:00:00+00:00,1.17585,DISCRETIONARY_EXIT,False,-8.0000,0.5000,-8.5000,-0.3547
ema-idea-978,EURUSD,BUY,0.09,2017-12-13 19:00:00+00:00,1.17742,1.1746957701156033,,2017-12-14 08:00:00+00:00,1.18177,DISCRETIONARY_EXIT,False,39.1500,0.4500,38.7000,1.5500
ema-idea-979,EURUSD,SELL,0.07,2017-12-14 23:00:00+00:00,1.17652,1.1799497292306054,,2017-12-15 08:00:00+00:00,1.17931,DISCRETIONARY_EXIT,False,-19.5300,0.3500,-19.8800,-0.8162
ema-idea-977,GBPUSD,BUY,0.06,2017-12-13 15:00:00+00:00,1.3372000000000002,1.333258232194785,,2017-12-15 11:00:00+00:00,1.34141,DISCRETIONARY_EXIT,False,25.2600,0.3000,24.9600,1.0421
ema-idea-980,GBPUSD,SELL,0.06,2017-12-15 13:00:00+00:00,1.33702,1.3406305142930752,,2017-12-18 06:00:00+00:00,1.33424,DISCRETIONARY_EXIT,False,16.6800,0.3000,16.3800,0.7458
ema-idea-981,GBPUSD,BUY,0.07,2017-12-18 12:00:00+00:00,1.33661,1.3335076991053305,,2017-12-19 01:00:00+00:00,1.33737,DISCRETIONARY_EXIT,False,5.3200,0.3500,4.9700,0.2252
ema-idea-982,EURUSD,BUY,0.1,2017-12-19 13:00:00+00:00,1.18297,1.180628539701607,,2017-12-19 14:42:00+00:00,1.180628539701607,SL,False,-23.4146,0.5000,-23.9146,-1.0000
ema-idea-983,GBPUSD,SELL,0.07,2017-12-19 14:00:00+00:00,1.33458,1.3377657711519213,,2017-12-19 18:16:00+00:00,1.3377657711519213,SL,False,-22.3004,0.3500,-22.6504,-1.0000
ema-idea-984,EURUSD,BUY,0.08,2017-12-19 19:00:00+00:00,1.18454,1.1816759717994008,,2017-12-20 07:00:00+00:00,1.18291,DISCRETIONARY_EXIT,False,-13.0400,0.4000,-13.4400,-0.5765
ema-idea-985,EURUSD,BUY,0.09,2017-12-20 15:00:00+00:00,1.18606,1.1835274821286996,,2017-12-21 04:00:00+00:00,1.18655,DISCRETIONARY_EXIT,False,4.4100,0.4500,3.9600,0.1704
ema-idea-986,GBPUSD,SELL,0.08,2017-12-20 22:00:00+00:00,1.33716,1.3400637834039735,,2017-12-22 10:00:00+00:00,1.3391300000000002,DISCRETIONARY_EXIT,False,-15.7600,0.4000,-16.1600,-0.6839
ema-idea-988,GBPUSD,BUY,0.09,2017-12-22 10:00:00+00:00,1.3391300000000002,1.3365473821509977,,2017-12-22 11:22:00+00:00,1.3365473821509977,SL,False,-23.2436,0.4500,-23.6936,-1.0000
ema-idea-987,EURUSD,SELL,0.08,2017-12-22 01:00:00+00:00,1.18442,1.187161050380695,,2017-12-22 21:00:00+00:00,1.18586,DISCRETIONARY_EXIT,False,-11.5200,0.4000,-11.9200,-0.5338
ema-idea-990,EURUSD,BUY,0.1,2017-12-25 23:00:00+00:00,1.18722,1.1847762178204522,,2017-12-26 10:00:00+00:00,1.18606,DISCRETIONARY_EXIT,False,-11.6000,0.5000,-12.1000,-0.4852
ema-idea-989,GBPUSD,SELL,0.08,2017-12-25 22:00:00+00:00,1.33669,1.3396893784042867,,2017-12-26 18:00:00+00:00,1.3382200000000002,DISCRETIONARY_EXIT,False,-12.2400,0.4000,-12.6400,-0.5181
ema-idea-991,EURUSD,BUY,0.12,2017-12-26 15:00:00+00:00,1.18782,1.1858415690660171,,2017-12-26 21:56:00+00:00,1.1858415690660171,SL,False,-23.7412,0.6000,-24.3412,-1.0000
ema-idea-992,GBPUSD,BUY,0.11,2017-12-26 18:00:00+00:00,1.3382200000000002,1.3360794446278497,,2017-12-28 23:00:00+00:00,1.34274,DISCRETIONARY_EXIT,False,49.7200,0.5500,49.1700,2.0406
ema-idea-993,GBPUSD,BUY,0.1,2017-12-29 06:00:00+00:00,1.34619,1.3439603051025153,,2018-01-03 10:00:00+00:00,1.35852,DISCRETIONARY_EXIT,False,123.3000,0.5000,122.8000,5.3867
ema-idea-995,GBPUSD,SELL,0.07,2018-01-03 15:00:00+00:00,1.35319,1.3563058067465177,,2018-01-04 09:00:00+00:00,1.3541500000000002,DISCRETIONARY_EXIT,False,-6.7200,0.3500,-7.0700,-0.3190
ema-idea-994,EURUSD,SELL,0.09,2018-01-03 11:00:00+00:00,1.20177,1.2043271883577369,,2018-01-04 09:49:00+00:00,1.2043271883577369,SL,False,-23.0147,0.4500,-23.4647,-1.0000
ema-idea-996,EURUSD,BUY,0.09,2018-01-04 10:00:00+00:00,1.20441,1.2019206840913372,,2018-01-05 07:00:00+00:00,1.20566,DISCRETIONARY_EXIT,False,11.2500,0.4500,10.8000,0.4726
ema-idea-997,EURUSD,SELL,0.1,2018-01-05 09:00:00+00:00,1.20526,1.2075104545860695,,2018-01-05 13:30:00+00:00,1.2075104545860695,SL,False,-22.5045,0.5000,-23.0045,-1.0000
ema-idea-998,EURUSD,SELL,0.08,2018-01-05 15:00:00+00:00,1.20304,1.2059116957632094,,2018-01-10 02:00:00+00:00,1.19459,DISCRETIONARY_EXIT,False,67.6000,0.4000,67.2000,2.8750
ema-idea-999,GBPUSD,SELL,0.08,2018-01-10 10:00:00+00:00,1.34979,1.3525198248552137,,2018-01-10 10:40:00+00:00,1.3525198248552137,SL,False,-21.8386,0.4000,-22.2386,-1.0000
ema-idea-1000,EURUSD,BUY,0.07,2018-01-10 11:00:00+00:00,1.19956,1.1963882374335402,,2018-01-10 16:37:00+00:00,1.1963882374335402,SL,False,-22.2023,0.3500,-22.5523,-1.0000
ema-idea-1001,GBPUSD,SELL,0.08,2018-01-11 08:00:00+00:00,1.34846,1.3515002978681039,,2018-01-11 13:48:00+00:00,1.3515002978681039,SL,False,-24.3224,0.4000,-24.7224,-1.0000
ema-idea-1002,EURUSD,BUY,0.06,2018-01-11 13:00:00+00:00,1.20051,1.1966161710208325,,2018-01-16 08:00:00+00:00,1.22465,DISCRETIONARY_EXIT,False,144.8400,0.3000,144.5400,6.1083
ema-idea-1003,EURUSD,SELL,0.06,2018-01-16 08:00:00+00:00,1.22465,1.2286806559560266,,2018-01-16 20:00:00+00:00,1.22726,DISCRETIONARY_EXIT,False,-15.6600,0.3000,-15.9600,-0.6519
ema-idea-1005,GBPUSD,BUY,0.07,2018-01-17 01:00:00+00:00,1.38229,1.3787936392934017,,2018-01-17 03:06:00+00:00,1.3787936392934017,SL,False,-24.4745,0.3500,-24.8245,-1.0000
ema-idea-1004,EURUSD,BUY,0.05,2018-01-17 01:00:00+00:00,1.23041,1.225855401970715,,2018-01-17 04:42:00+00:00,1.225855401970715,SL,False,-22.7730,0.2500,-23.0230,-1.0000
ema-idea-1006,GBPUSD,BUY,0.05,2018-01-17 18:00:00+00:00,1.3851200000000001,1.380904558601562,,2018-01-17 22:52:00+00:00,1.380904558601562,SL,False,-21.0772,0.2500,-21.3272,-1.0000
ema-idea-1007,EURUSD,SELL,0.04,2018-01-17 22:00:00+00:00,1.21833,1.2237443237650834,,2018-01-18 11:00:00+00:00,1.22287,DISCRETIONARY_EXIT,False,-18.1600,0.2000,-18.3600,-0.8400
ema-idea-1009,GBPUSD,BUY,0.05,2018-01-19 04:00:00+00:00,1.39216,1.3878677800290515,,2018-01-19 11:35:00+00:00,1.3878677800290515,SL,False,-21.4611,0.2500,-21.7111,-1.0000
ema-idea-1008,EURUSD,BUY,0.06,2018-01-19 04:00:00+00:00,1.22676,1.2227424151893256,,2018-01-19 15:54:00+00:00,1.2227424151893256,SL,False,-24.1055,0.3000,-24.4055,-1.0000
ema-idea-1010,GBPUSD,SELL,0.05,2018-01-19 13:00:00+00:00,1.38634,1.3912595326309747,,2018-01-22 09:00:00+00:00,1.39005,DISCRETIONARY_EXIT,False,-18.5500,0.2500,-18.8000,-0.7566
ema-idea-1011,EURUSD,SELL,0.06,2018-01-21 22:00:00+00:00,1.22683,1.2306453344050834,,2018-01-22 11:00:00+00:00,1.2262899999999999,DISCRETIONARY_EXIT,False,3.2400,0.3000,2.9400,0.1268
ema-idea-1012,GBPUSD,BUY,0.05,2018-01-22 09:00:00+00:00,1.39005,1.3858426245421192,,2018-01-23 08:00:00+00:00,1.39639,DISCRETIONARY_EXIT,False,31.7000,0.2500,31.4500,1.4774
ema-idea-1013,EURUSD,BUY,0.06,2018-01-23 15:00:00+00:00,1.22794,1.2242485125321987,,2018-01-25 20:00:00+00:00,1.23904,DISCRETIONARY_EXIT,False,66.6000,0.3000,66.3000,2.9534
ema-idea-1014,GBPUSD,SELL,0.02,2018-01-25 20:00:00+00:00,1.41248,1.4216363346676382,,2018-01-26 06:41:00+00:00,1.4216363346676382,SL,False,-18.3127,0.1000,-18.4127,-1.0000
ema-idea-1015,EURUSD,SELL,0.05,2018-01-29 02:00:00+00:00,1.2397,1.244576181158367,,2018-01-30 10:00:00+00:00,1.23989,DISCRETIONARY_EXIT,False,-0.9500,0.2500,-1.2000,-0.0487
ema-idea-1016,GBPUSD,SELL,0.03,2018-01-29 03:00:00+00:00,1.41228,1.418565155901438,,2018-01-30 11:00:00+00:00,1.4086200000000002,DISCRETIONARY_EXIT,False,10.9800,0.1500,10.8300,0.5698
ema-idea-1017,EURUSD,BUY,0.05,2018-01-30 10:00:00+00:00,1.23989,1.2355892755723308,,2018-01-31 18:00:00+00:00,1.24148,DISCRETIONARY_EXIT,False,7.9500,0.2500,7.7000,0.3540
ema-idea-1018,GBPUSD,BUY,0.04,2018-02-01 09:00:00+00:00,1.42507,1.41933283399785,,2018-02-01 14:33:00+00:00,1.41933283399785,SL,False,-22.9487,0.2000,-23.1487,-1.0000
ema-idea-1019,EURUSD,BUY,0.05,2018-02-01 16:00:00+00:00,1.2469999999999999,1.2426946779786858,,2018-02-02 14:00:00+00:00,1.2445,DISCRETIONARY_EXIT,False,-12.5000,0.2500,-12.7500,-0.5855
ema-idea-1020,EURUSD,SELL,0.06,2018-02-02 14:00:00+00:00,1.2445,1.2484278507597109,,2018-02-02 18:09:00+00:00,1.2484278507597109,SL,False,-23.5671,0.3000,-23.8671,-1.0000
ema-idea-1021,GBPUSD,SELL,0.04,2018-02-02 14:00:00+00:00,1.41569,1.4211362686481206,,2018-02-05 09:00:00+00:00,1.41335,DISCRETIONARY_EXIT,False,9.3600,0.2000,9.1600,0.4166
ema-idea-1022,GBPUSD,SELL,0.04,2018-02-05 12:00:00+00:00,1.4049,1.410707304664535,,2018-02-06 10:00:00+00:00,1.39941,DISCRETIONARY_EXIT,False,21.9600,0.2000,21.7600,0.9288
ema-idea-1023,GBPUSD,SELL,0.03,2018-02-06 12:00:00+00:00,1.39333,1.3997236883938113,,2018-02-08 06:00:00+00:00,1.39066,DISCRETIONARY_EXIT,False,8.0100,0.1500,7.8600,0.4066
ema-idea-1024,EURUSD,SELL,0.05,2018-02-08 09:00:00+00:00,1.2241,1.2283591752336236,,2018-02-08 14:15:00+00:00,1.2283591752336236,SL,False,-21.2959,0.2500,-21.5459,-1.0000
ema-idea-1025,GBPUSD,BUY,0.03,2018-02-08 13:00:00+00:00,1.3990500000000001,1.3918515837230152,,2018-02-08 16:29:00+00:00,1.3918515837230152,SL,False,-21.5952,0.1500,-21.7452,-1.0000
ema-idea-1026,GBPUSD,SELL,0.03,2018-02-09 12:00:00+00:00,1.38369,1.3909183269397567,,2018-02-12 03:00:00+00:00,1.38456,DISCRETIONARY_EXIT,False,-2.6100,0.1500,-2.7600,-0.1264
ema-idea-1027,EURUSD,BUY,0.07,2018-02-13 00:00:00+00:00,1.23016,1.2268116205820487,,2018-02-14 12:00:00+00:00,1.23421,DISCRETIONARY_EXIT,False,28.3500,0.3500,28.0000,1.1770
ema-idea-1029,GBPUSD,SELL,0.05,2018-02-14 12:00:00+00:00,1.38477,1.389179030797077,,2018-02-14 13:22:00+00:00,1.389179030797077,SL,False,-22.0452,0.2500,-22.2952,-1.0000
ema-idea-1028,EURUSD,SELL,0.07,2018-02-14 12:00:00+00:00,1.23421,1.2373489787075929,,2018-02-14 15:09:00+00:00,1.2373489787075929,SL,False,-21.9729,0.3500,-22.3229,-1.0000
ema-idea-1030,EURUSD,BUY,0.04,2018-02-14 16:00:00+00:00,1.24038,1.235406472540932,,2018-02-16 11:00:00+00:00,1.24877,DISCRETIONARY_EXIT,False,33.5600,0.2000,33.3600,1.6602
ema-idea-1031,GBPUSD,BUY,0.03,2018-02-14 16:00:00+00:00,1.3960400000000002,1.3890184280353157,,2018-02-16 11:00:00+00:00,1.40682,DISCRETIONARY_EXIT,False,32.3400,0.1500,32.1900,1.5173
ema-idea-1032,EURUSD,SELL,0.06,2018-02-16 14:00:00+00:00,1.24525,1.2493223872303965,,2018-02-22 10:00:00+00:00,1.22948,DISCRETIONARY_EXIT,False,94.6200,0.3000,94.3200,3.8133
ema-idea-1033,GBPUSD,BUY,0.04,2018-02-22 18:00:00+00:00,1.3961400000000002,1.3903220594990624,,2018-02-23 07:00:00+00:00,1.39368,DISCRETIONARY_EXIT,False,-9.8400,0.2000,-10.0400,-0.4277
ema-idea-1034,EURUSD,BUY,0.08,2018-02-26 06:00:00+00:00,1.23285,1.2298612341387758,,2018-02-26 14:00:00+00:00,1.23043,DISCRETIONARY_EXIT,False,-19.3600,0.4000,-19.7600,-0.8128
ema-idea-1035,GBPUSD,BUY,0.06,2018-02-26 06:00:00+00:00,1.4019400000000002,1.3980021579265576,,2018-02-26 14:00:00+00:00,1.39923,DISCRETIONARY_EXIT,False,-16.2600,0.3000,-16.5600,-0.6921
ema-idea-1036,GBPUSD,SELL,0.04,2018-02-26 16:00:00+00:00,1.39414,1.399404833487876,,2018-02-27 08:00:00+00:00,1.3985100000000001,DISCRETIONARY_EXIT,False,-17.4800,0.2000,-17.6800,-0.8316
ema-idea-1037,EURUSD,SELL,0.08,2018-02-27 14:00:00+00:00,1.22873,1.2317998459176218,,2018-03-01 07:00:00+00:00,1.22064,DISCRETIONARY_EXIT,False,64.7200,0.4000,64.3200,2.5771
ema-idea-1038,GBPUSD,SELL,0.05,2018-02-27 14:00:00+00:00,1.39114,1.3953113490041549,,2018-03-01 14:00:00+00:00,1.37738,DISCRETIONARY_EXIT,False,68.8000,0.2500,68.5500,3.2478
ema-idea-1039,GBPUSD,SELL,0.05,2018-03-01 16:00:00+00:00,1.372,1.3768045483463032,,2018-03-01 19:57:00+00:00,1.37681,SL_GAP,False,-24.0500,0.2500,-24.3000,-1.0011
ema-idea-1040,EURUSD,BUY,0.05,2018-03-01 17:00:00+00:00,1.22162,1.217503216466143,,2018-03-05 07:00:00+00:00,1.22908,DISCRETIONARY_EXIT,False,37.3000,0.2500,37.0500,1.7784
ema-idea-1041,EURUSD,SELL,0.06,2018-03-05 08:00:00+00:00,1.22843,1.232480178916744,,2018-03-05 08:53:00+00:00,1.232480178916744,SL,False,-24.3011,0.3000,-24.6011,-1.0000
ema-idea-1042,GBPUSD,BUY,0.05,2018-03-05 16:00:00+00:00,1.3848500000000001,1.380097394959578,,2018-03-06 08:00:00+00:00,1.38248,DISCRETIONARY_EXIT,False,-11.8500,0.2500,-12.1000,-0.5039
ema-idea-1044,GBPUSD,SELL,0.06,2018-03-07 10:00:00+00:00,1.38648,1.3901004259494616,,2018-03-07 14:40:00+00:00,1.3901004259494616,SL,False,-21.7226,0.3000,-22.0226,-1.0000
ema-idea-1043,EURUSD,BUY,0.06,2018-03-06 01:00:00+00:00,1.23507,1.231516027973944,,2018-03-08 09:00:00+00:00,1.23928,DISCRETIONARY_EXIT,False,25.2600,0.3000,24.9600,1.1543
ema-idea-1045,EURUSD,SELL,0.08,2018-03-08 10:00:00+00:00,1.23826,1.2410699741238316,,2018-03-08 12:46:00+00:00,1.2410699741238316,SL,False,-22.4798,0.4000,-22.8798,-1.0000
ema-idea-1046,EURUSD,SELL,0.05,2018-03-08 15:00:00+00:00,1.23506,1.2395628056062205,,2018-03-09 07:00:00+00:00,1.23223,DISCRETIONARY_EXIT,False,14.1500,0.2500,13.9000,0.6106
ema-idea-1047,EURUSD,SELL,0.07,2018-03-09 11:00:00+00:00,1.2294,1.2325263459470925,,2018-03-09 15:08:00+00:00,1.2325263459470925,SL,False,-21.8844,0.3500,-22.2344,-1.0000
ema-idea-1049,EURUSD,SELL,0.09,2018-03-12 13:00:00+00:00,1.22922,1.2319350944547818,,2018-03-12 15:14:00+00:00,1.2319350944547818,SL,False,-24.4359,0.4500,-24.8859,-1.0000
ema-idea-1048,GBPUSD,BUY,0.06,2018-03-09 14:00:00+00:00,1.38403,1.3803335396259204,,2018-03-13 06:00:00+00:00,1.389,DISCRETIONARY_EXIT,False,29.8200,0.3000,29.5200,1.3132
ema-idea-1050,EURUSD,BUY,0.08,2018-03-13 14:00:00+00:00,1.23671,1.2336446152649838,,2018-03-14 10:00:00+00:00,1.2375,DISCRETIONARY_EXIT,False,6.3200,0.4000,5.9200,0.2375
ema-idea-1051,GBPUSD,BUY,0.06,2018-03-13 14:00:00+00:00,1.3952300000000002,1.3916322881049683,,2018-03-14 10:00:00+00:00,1.3954,DISCRETIONARY_EXIT,False,1.0200,0.3000,0.7200,0.0329
ema-idea-1052,EURUSD,SELL,0.07,2018-03-14 15:00:00+00:00,1.23575,1.2391387020910978,,2018-03-15 02:00:00+00:00,1.23824,DISCRETIONARY_EXIT,False,-17.4300,0.3500,-17.7800,-0.7387
ema-idea-1053,EURUSD,SELL,0.09,2018-03-15 14:00:00+00:00,1.23382,1.2364128739129248,,2018-03-16 08:00:00+00:00,1.23189,DISCRETIONARY_EXIT,False,17.3700,0.4500,16.9200,0.7113
ema-idea-1054,EURUSD,SELL,0.08,2018-03-16 15:00:00+00:00,1.22839,1.231165763133597,,2018-03-19 12:00:00+00:00,1.22935,DISCRETIONARY_EXIT,False,-7.6800,0.4000,-8.0800,-0.3574
ema-idea-1055,GBPUSD,BUY,0.07,2018-03-19 11:00:00+00:00,1.3975000000000002,1.3941954928073674,,2018-03-20 13:00:00+00:00,1.40101,DISCRETIONARY_EXIT,False,24.5700,0.3500,24.2200,1.0314
ema-idea-1056,EURUSD,SELL,0.08,2018-03-20 13:00:00+00:00,1.22959,1.2323236268512463,,2018-03-21 08:00:00+00:00,1.22712,DISCRETIONARY_EXIT,False,19.7600,0.4000,19.3600,0.8694
ema-idea-1057,GBPUSD,SELL,0.06,2018-03-20 13:00:00+00:00,1.40101,1.4047350228650248,,2018-03-21 09:00:00+00:00,1.4027500000000002,DISCRETIONARY_EXIT,False,-10.4400,0.3000,-10.7400,-0.4742
ema-idea-1058,GBPUSD,BUY,0.08,2018-03-21 09:00:00+00:00,1.4027500000000002,1.3999466674452172,,2018-03-22 14:00:00+00:00,1.41292,DISCRETIONARY_EXIT,False,81.3600,0.4000,80.9600,3.5467
ema-idea-1060,GBPUSD,BUY,0.06,2018-03-23 14:00:00+00:00,1.41347,1.4095109673912072,,2018-03-27 09:00:00+00:00,1.41821,DISCRETIONARY_EXIT,False,28.4400,0.3000,28.1400,1.1699
ema-idea-1059,EURUSD,BUY,0.07,2018-03-23 08:00:00+00:00,1.23458,1.231501688419667,,2018-03-27 10:00:00+00:00,1.24299,DISCRETIONARY_EXIT,False,58.8700,0.3500,58.5200,2.6724
ema-idea-1061,GBPUSD,SELL,0.06,2018-03-27 10:00:00+00:00,1.41479,1.4184621456667847,,2018-03-28 00:13:00+00:00,1.4184621456667847,SL,False,-22.0329,0.3000,-22.3329,-1.0000
ema-idea-1062,GBPUSD,BUY,0.07,2018-03-28 06:00:00+00:00,1.41917,1.4159252808463811,,2018-03-28 08:11:00+00:00,1.4159252808463811,SL,False,-22.7130,0.3500,-23.0630,-1.0000
ema-idea-1063,EURUSD,SELL,0.07,2018-03-28 15:00:00+00:00,1.23427,1.237735451363402,,2018-03-29 06:00:00+00:00,1.23309,DISCRETIONARY_EXIT,False,8.2600,0.3500,7.9100,0.3214
ema-idea-1064,GBPUSD,SELL,0.05,2018-03-28 15:00:00+00:00,1.41019,1.4147833069233582,,2018-03-29 07:00:00+00:00,1.4091500000000001,DISCRETIONARY_EXIT,False,5.2000,0.2500,4.9500,0.2132
ema-idea-1065,GBPUSD,SELL,0.06,2018-03-29 08:00:00+00:00,1.40517,1.4088119967694848,,2018-03-30 08:00:00+00:00,1.4039400000000002,DISCRETIONARY_EXIT,False,7.3800,0.3000,7.0800,0.3196
ema-idea-1067,GBPUSD,BUY,0.08,2018-04-02 09:00:00+00:00,1.40679,1.4039416149001365,,2018-04-02 14:49:00+00:00,1.4039416149001365,SL,False,-22.7871,0.4000,-23.1871,-1.0000
ema-idea-1066,EURUSD,BUY,0.14,2018-04-02 09:00:00+00:00,1.23316,1.2314293344351508,,2018-04-02 15:03:00+00:00,1.2314293344351508,SL,False,-24.2293,0.7000,-24.9293,-1.0000
ema-idea-1068,EURUSD,SELL,0.1,2018-04-02 17:00:00+00:00,1.22877,1.2311088175438565,,2018-04-03 04:02:00+00:00,1.2311088175438565,SL,False,-23.3882,0.5000,-23.8882,-1.0000
ema-idea-1069,GBPUSD,BUY,0.09,2018-04-03 09:00:00+00:00,1.4083100000000002,1.405715444715911,,2018-04-03 11:37:00+00:00,1.405715444715911,SL,False,-23.3510,0.4500,-23.8010,-1.0000
ema-idea-1070,EURUSD,SELL,0.07,2018-04-03 15:00:00+00:00,1.22578,1.2289742311886633,,2018-04-04 02:00:00+00:00,1.22796,DISCRETIONARY_EXIT,False,-15.2600,0.3500,-15.6100,-0.6874
ema-idea-1071,GBPUSD,BUY,0.08,2018-04-05 02:00:00+00:00,1.4094900000000001,1.4065780674799018,,2018-04-05 06:53:00+00:00,1.4065780674799018,SL,False,-23.2955,0.4000,-23.6955,-1.0000
ema-idea-1072,EURUSD,SELL,0.1,2018-04-05 08:00:00+00:00,1.22631,1.2285768888048036,,2018-04-06 03:00:00+00:00,1.22586,DISCRETIONARY_EXIT,False,4.5000,0.5000,4.0000,0.1726
ema-idea-1073,GBPUSD,BUY,0.07,2018-04-06 14:00:00+00:00,1.40362,1.4004962742184242,,2018-04-11 13:00:00+00:00,1.41645,DISCRETIONARY_EXIT,False,89.8100,0.3500,89.4600,4.0268
ema-idea-1075,GBPUSD,SELL,0.07,2018-04-12 10:00:00+00:00,1.4157,1.4190726296359641,,2018-04-12 12:00:00+00:00,1.4190726296359641,SL,False,-23.6084,0.3500,-23.9584,-1.0000
ema-idea-1074,EURUSD,SELL,0.09,2018-04-12 10:00:00+00:00,1.23458,1.2371188129388313,,2018-04-13 09:00:00+00:00,1.23416,DISCRETIONARY_EXIT,False,3.7800,0.4500,3.3300,0.1429
ema-idea-1076,GBPUSD,BUY,0.05,2018-04-12 16:00:00+00:00,1.42337,1.4191311898713892,,2018-04-13 20:00:00+00:00,1.42364,DISCRETIONARY_EXIT,False,1.3500,0.2500,1.1000,0.0513
ema-idea-1077,EURUSD,BUY,0.1,2018-04-16 09:00:00+00:00,1.23576,1.2333492147341802,,2018-04-17 11:00:00+00:00,1.23721,DISCRETIONARY_EXIT,False,14.5000,0.5000,14.0000,0.5689
ema-idea-1078,EURUSD,SELL,0.09,2018-04-17 14:00:00+00:00,1.23476,1.2373130041877092,,2018-04-17 20:37:00+00:00,1.2373130041877092,SL,False,-22.9770,0.4500,-23.4270,-1.0000
ema-idea-1079,GBPUSD,SELL,0.06,2018-04-17 15:00:00+00:00,1.43056,1.434255185737429,,2018-04-18 07:00:00+00:00,1.4308200000000002,DISCRETIONARY_EXIT,False,-1.5600,0.3000,-1.8600,-0.0828
ema-idea-1081,EURUSD,BUY,0.08,2018-04-18 13:00:00+00:00,1.2383899999999999,1.2356604102776827,,2018-04-19 03:00:00+00:00,1.23677,DISCRETIONARY_EXIT,False,-12.9600,0.4000,-13.3600,-0.6008
ema-idea-1080,GBPUSD,SELL,0.08,2018-04-18 09:00:00+00:00,1.42811,1.4310044649557743,,2018-04-19 12:00:00+00:00,1.4221400000000002,DISCRETIONARY_EXIT,False,47.7600,0.4000,47.3600,2.0106
ema-idea-1082,GBPUSD,BUY,0.06,2018-04-19 13:00:00+00:00,1.4237300000000002,1.4196875483965843,,2018-04-19 16:34:00+00:00,1.4196875483965843,SL,False,-24.2547,0.3000,-24.5547,-1.0000
ema-idea-1084,GBPUSD,SELL,0.04,2018-04-19 19:00:00+00:00,1.4085,1.414238519691178,,2018-04-24 05:00:00+00:00,1.39487,DISCRETIONARY_EXIT,False,54.5200,0.2000,54.3200,2.3460
ema-idea-1083,EURUSD,SELL,0.07,2018-04-19 17:00:00+00:00,1.23361,1.2367690035168093,,2018-04-24 07:00:00+00:00,1.22172,DISCRETIONARY_EXIT,False,83.2300,0.3500,82.8800,3.6896
ema-idea-1085,GBPUSD,BUY,0.07,2018-04-24 13:00:00+00:00,1.39684,1.393375734121236,,2018-04-25 06:00:00+00:00,1.39682,DISCRETIONARY_EXIT,False,-0.1400,0.3500,-0.4900,-0.0199
ema-idea-1087,GBPUSD,SELL,0.08,2018-04-25 09:00:00+00:00,1.39367,1.396515797453554,,2018-04-25 10:23:00+00:00,1.396515797453554,SL,False,-22.7664,0.4000,-23.1664,-1.0000
ema-idea-1086,EURUSD,SELL,0.09,2018-04-25 09:00:00+00:00,1.21879,1.2212563238129055,,2018-04-25 10:29:00+00:00,1.2212563238129055,SL,False,-22.1969,0.4500,-22.6469,-1.0000
ema-idea-1088,EURUSD,SELL,0.08,2018-04-25 13:00:00+00:00,1.21773,1.220549444357049,,2018-04-26 13:55:00+00:00,1.220549444357049,SL,False,-22.5556,0.4000,-22.9556,-1.0000
ema-idea-1089,GBPUSD,BUY,0.06,2018-04-26 12:00:00+00:00,1.3964800000000002,1.3928440111533242,,2018-04-26 16:01:00+00:00,1.3928440111533242,SL,False,-21.8159,0.3000,-22.1159,-1.0000
ema-idea-1090,EURUSD,SELL,0.05,2018-04-26 16:00:00+00:00,1.21148,1.2161465698194802,,2018-04-27 20:00:00+00:00,1.21228,DISCRETIONARY_EXIT,False,-4.0000,0.2500,-4.2500,-0.1802
ema-idea-1091,EURUSD,BUY,0.06,2018-04-27 20:00:00+00:00,1.21228,1.2085376939167791,,2018-04-30 09:00:00+00:00,1.21184,DISCRETIONARY_EXIT,False,-2.6400,0.3000,-2.9400,-0.1292
ema-idea-1092,GBPUSD,SELL,0.06,2018-04-30 10:00:00+00:00,1.37336,1.3770623559996986,,2018-04-30 15:29:00+00:00,1.3770623559996986,SL,False,-22.2141,0.3000,-22.5141,-1.0000
ema-idea-1093,EURUSD,SELL,0.07,2018-04-30 13:00:00+00:00,1.20772,1.2110735695042987,,2018-05-02 08:00:00+00:00,1.20122,DISCRETIONARY_EXIT,False,45.5000,0.3500,45.1500,1.8951
ema-idea-1094,EURUSD,SELL,0.07,2018-05-02 15:00:00+00:00,1.19733,1.2007417813105419,,2018-05-02 19:13:00+00:00,1.2007417813105419,SL,False,-23.8825,0.3500,-24.2325,-1.0000
ema-idea-1095,EURUSD,SELL,0.05,2018-05-02 21:00:00+00:00,1.19398,1.19863976438598,,2018-05-03 04:35:00+00:00,1.19863976438598,SL,False,-23.2988,0.2500,-23.5488,-1.0000
ema-idea-1096,GBPUSD,SELL,0.04,2018-05-02 21:00:00+00:00,1.35654,1.3619255509573078,,2018-05-03 08:43:00+00:00,1.3619255509573078,SL,False,-21.5422,0.2000,-21.7422,-1.0000
ema-idea-1097,GBPUSD,SELL,0.04,2018-05-03 16:00:00+00:00,1.354,1.3590360704377897,,2018-05-07 04:00:00+00:00,1.35586,DISCRETIONARY_EXIT,False,-7.4400,0.2000,-7.6400,-0.3755
ema-idea-1099,GBPUSD,BUY,0.06,2018-05-07 16:00:00+00:00,1.3568500000000001,1.3530220807275428,,2018-05-08 06:00:00+00:00,1.35482,DISCRETIONARY_EXIT,False,-12.1800,0.3000,-12.4800,-0.5364
ema-idea-1098,EURUSD,SELL,0.08,2018-05-07 12:00:00+00:00,1.1917,1.1945889179142524,,2018-05-09 12:00:00+00:00,1.1876,DISCRETIONARY_EXIT,False,32.8000,0.4000,32.4000,1.3781
ema-idea-1100,GBPUSD,BUY,0.05,2018-05-09 12:00:00+00:00,1.3562500000000002,1.3520693498767085,,2018-05-10 09:00:00+00:00,1.3538,DISCRETIONARY_EXIT,False,-12.2500,0.2500,-12.5000,-0.5909
ema-idea-1101,GBPUSD,SELL,0.06,2018-05-10 09:00:00+00:00,1.3538,1.357367692242851,,2018-05-10 10:10:00+00:00,1.357367692242851,SL,False,-21.4062,0.3000,-21.7062,-1.0000
ema-idea-1103,GBPUSD,BUY,0.05,2018-05-10 12:00:00+00:00,1.3592600000000001,1.3549708090898165,,2018-05-10 12:00:00+00:00,1.3549708090898165,SL,False,-21.4460,0.2500,-21.6960,-1.0000
ema-idea-1104,GBPUSD,SELL,0.03,2018-05-10 16:00:00+00:00,1.34673,1.3529777093290751,,2018-05-11 01:58:00+00:00,1.3529777093290751,SL,False,-18.7431,0.1500,-18.8931,-1.0000
ema-idea-1102,EURUSD,BUY,0.08,2018-05-10 12:00:00+00:00,1.18903,1.185956434732113,,2018-05-11 07:00:00+00:00,1.19101,DISCRETIONARY_EXIT,False,15.8400,0.4000,15.4400,0.6179
ema-idea-1105,EURUSD,BUY,0.07,2018-05-11 12:00:00+00:00,1.19417,1.1908635618124714,,2018-05-14 19:00:00+00:00,1.19466,DISCRETIONARY_EXIT,False,3.4300,0.3500,3.0800,0.1311
ema-idea-1106,GBPUSD,BUY,0.05,2018-05-11 12:00:00+00:00,1.35742,1.353061561031117,,2018-05-14 22:00:00+00:00,1.35545,DISCRETIONARY_EXIT,False,-9.8500,0.2500,-10.1000,-0.4582
ema-idea-1107,EURUSD,SELL,0.08,2018-05-14 22:00:00+00:00,1.19257,1.1956361321621554,,2018-05-16 09:00:00+00:00,1.18481,DISCRETIONARY_EXIT,False,62.0800,0.4000,61.6800,2.4742
ema-idea-1108,EURUSD,SELL,0.06,2018-05-16 11:00:00+00:00,1.18077,1.1844842491452334,,2018-05-17 04:00:00+00:00,1.18319,DISCRETIONARY_EXIT,False,-14.5200,0.3000,-14.8200,-0.6562
ema-idea-1109,GBPUSD,BUY,0.05,2018-05-17 00:00:00+00:00,1.3527500000000001,1.3483940948841024,,2018-05-17 11:23:00+00:00,1.3483940948841024,SL,False,-21.7795,0.2500,-22.0295,-1.0000
ema-idea-1110,EURUSD,BUY,0.09,2018-05-18 08:00:00+00:00,1.1817199999999999,1.1792037954276138,,2018-05-18 10:37:00+00:00,1.1792037954276138,SL,False,-22.6458,0.4500,-23.0958,-1.0000
ema-idea-1111,EURUSD,SELL,0.08,2018-05-18 11:00:00+00:00,1.17766,1.1804846579611998,,2018-05-21 13:00:00+00:00,1.1762299999999999,DISCRETIONARY_EXIT,False,11.4400,0.4000,11.0400,0.4801
ema-idea-1112,EURUSD,BUY,0.07,2018-05-21 21:00:00+00:00,1.1787,1.175595357162854,,2018-05-22 08:00:00+00:00,1.17616,DISCRETIONARY_EXIT,False,-17.7800,0.3500,-18.1300,-0.8210
ema-idea-1113,EURUSD,BUY,0.07,2018-05-22 09:00:00+00:00,1.18183,1.1784056293833554,,2018-05-22 13:52:00+00:00,1.1784056293833554,SL,False,-23.9706,0.3500,-24.3206,-1.0000
ema-idea-1114,GBPUSD,BUY,0.07,2018-05-22 09:00:00+00:00,1.3450300000000002,1.3418164596661364,,2018-05-22 15:45:00+00:00,1.3418164596661364,SL,False,-22.4948,0.3500,-22.8448,-1.0000
ema-idea-1116,GBPUSD,SELL,0.07,2018-05-23 04:00:00+00:00,1.34098,1.3443167925766837,,2018-05-24 01:00:00+00:00,1.33708,DISCRETIONARY_EXIT,False,27.3000,0.3500,26.9500,1.1368
ema-idea-1115,EURUSD,SELL,0.07,2018-05-23 04:00:00+00:00,1.17541,1.1785143574607606,,2018-05-24 08:00:00+00:00,1.17183,DISCRETIONARY_EXIT,False,25.0600,0.3500,24.7100,1.1191
ema-idea-1117,EURUSD,BUY,0.07,2018-05-24 09:00:00+00:00,1.17231,1.1688316998381902,,2018-05-25 03:00:00+00:00,1.17099,DISCRETIONARY_EXIT,False,-9.2400,0.3500,-9.5900,-0.3883
ema-idea-1118,EURUSD,SELL,0.1,2018-05-25 08:00:00+00:00,1.1702,1.1725616746083918,,2018-05-25 09:51:00+00:00,1.1725616746083918,SL,False,-23.6167,0.5000,-24.1167,-1.0000
ema-idea-1119,GBPUSD,SELL,0.08,2018-05-25 08:00:00+00:00,1.33575,1.3386832143824925,,2018-05-28 05:00:00+00:00,1.3332400000000002,DISCRETIONARY_EXIT,False,20.0800,0.4000,19.6800,0.8246
ema-idea-1120,EURUSD,SELL,0.06,2018-05-28 14:00:00+00:00,1.16092,1.1649323282656305,,2018-05-30 07:00:00+00:00,1.15568,DISCRETIONARY_EXIT,False,31.4400,0.3000,31.1400,1.2776
ema-idea-1121,EURUSD,BUY,0.05,2018-05-30 09:00:00+00:00,1.16049,1.1563415983663683,,2018-05-31 15:00:00+00:00,1.16482,DISCRETIONARY_EXIT,False,21.6500,0.2500,21.4000,1.0194
ema-idea-1122,GBPUSD,SELL,0.07,2018-06-01 04:00:00+00:00,1.32686,1.3303064145892585,,2018-06-01 10:30:00+00:00,1.3303064145892585,SL,False,-24.1249,0.3500,-24.4749,-1.0000
ema-idea-1123,EURUSD,BUY,0.06,2018-06-01 12:00:00+00:00,1.17108,1.1673561603227554,,2018-06-01 12:55:00+00:00,1.1673561603227554,SL,False,-22.3430,0.3000,-22.6430,-1.0000
ema-idea-1124,GBPUSD,BUY,0.05,2018-06-01 17:00:00+00:00,1.3357400000000001,1.3312049111863558,,2018-06-04 16:00:00+00:00,1.33315,DISCRETIONARY_EXIT,False,-12.9500,0.2500,-13.2000,-0.5758
ema-idea-1125,GBPUSD,SELL,0.06,2018-06-04 16:00:00+00:00,1.33315,1.3370456615881599,,2018-06-05 08:00:00+00:00,1.3328600000000002,DISCRETIONARY_EXIT,False,1.7400,0.3000,1.4400,0.0608
ema-idea-1126,EURUSD,SELL,0.07,2018-06-05 14:00:00+00:00,1.1666,1.1697576942242627,,2018-06-05 17:00:00+00:00,1.1697576942242627,SL,False,-22.1039,0.3500,-22.4539,-1.0000
ema-idea-1128,GBPUSD,BUY,0.05,2018-06-05 19:00:00+00:00,1.34054,1.3361898433017108,,2018-06-07 13:00:00+00:00,1.33969,DISCRETIONARY_EXIT,False,-4.2500,0.2500,-4.5000,-0.2045
ema-idea-1127,EURUSD,BUY,0.06,2018-06-05 19:00:00+00:00,1.17308,1.1692712563931524,,2018-06-07 21:00:00+00:00,1.17984,DISCRETIONARY_EXIT,False,40.5600,0.3000,40.2600,1.7389
ema-idea-1129,EURUSD,SELL,0.08,2018-06-08 08:00:00+00:00,1.17776,1.18056438283117,,2018-06-11 01:00:00+00:00,1.17854,DISCRETIONARY_EXIT,False,-6.2400,0.4000,-6.6400,-0.2908
ema-idea-1131,GBPUSD,BUY,0.07,2018-06-11 08:00:00+00:00,1.34271,1.339532485138269,,2018-06-11 09:30:00+00:00,1.339532485138269,SL,False,-22.2426,0.3500,-22.5926,-1.0000
ema-idea-1130,EURUSD,BUY,0.08,2018-06-11 08:00:00+00:00,1.18084,1.1780937170439851,,2018-06-11 10:01:00+00:00,1.1780937170439851,SL,False,-21.9703,0.4000,-22.3703,-1.0000
ema-idea-1132,GBPUSD,SELL,0.06,2018-06-11 12:00:00+00:00,1.33548,1.3394550182727485,,2018-06-11 15:24:00+00:00,1.3394550182727485,SL,False,-23.8501,0.3000,-24.1501,-1.0000
ema-idea-1133,EURUSD,SELL,0.09,2018-06-12 00:00:00+00:00,1.17748,1.1799617727079847,,2018-06-12 08:28:00+00:00,1.1799617727079847,SL,False,-22.3360,0.4500,-22.7860,-1.0000
ema-idea-1134,GBPUSD,SELL,0.08,2018-06-13 09:00:00+00:00,1.33491,1.3378770163725933,,2018-06-13 16:40:00+00:00,1.3378770163725933,SL,False,-23.7361,0.4000,-24.1361,-1.0000
ema-idea-1135,EURUSD,BUY,0.08,2018-06-13 17:00:00+00:00,1.17838,1.1754430459059877,,2018-06-13 19:02:00+00:00,1.1754430459059877,SL,False,-23.4956,0.4000,-23.8956,-1.0000
ema-idea-1136,GBPUSD,BUY,0.07,2018-06-13 17:00:00+00:00,1.33786,1.3343686245442423,,2018-06-13 19:05:00+00:00,1.3343686245442423,SL,False,-24.4396,0.3500,-24.7896,-1.0000
ema-idea-1137,EURUSD,BUY,0.07,2018-06-14 01:00:00+00:00,1.18042,1.1772379797271024,,2018-06-14 12:50:00+00:00,1.1772379797271024,SL,False,-22.2741,0.3500,-22.6241,-1.0000
ema-idea-1138,GBPUSD,BUY,0.08,2018-06-14 06:00:00+00:00,1.3393700000000002,1.3363727952890427,,2018-06-14 13:30:00+00:00,1.3363727952890427,SL,False,-23.9776,0.4000,-24.3776,-1.0000
ema-idea-1139,EURUSD,SELL,0.05,2018-06-14 14:00:00+00:00,1.16882,1.17347576351701,,2018-06-15 09:00:00+00:00,1.15904,DISCRETIONARY_EXIT,False,48.9000,0.2500,48.6500,2.0677
ema-idea-1140,GBPUSD,SELL,0.08,2018-06-18 08:00:00+00:00,1.32445,1.3274977394129148,,2018-06-19 02:00:00+00:00,1.32658,DISCRETIONARY_EXIT,False,-17.0400,0.4000,-17.4400,-0.7037
ema-idea-1141,EURUSD,BUY,0.09,2018-06-19 01:00:00+00:00,1.16307,1.1603783081310612,,2018-06-19 07:16:00+00:00,1.1603783081310612,SL,False,-24.2252,0.4500,-24.6752,-1.0000
ema-idea-1143,GBPUSD,SELL,0.07,2018-06-19 08:00:00+00:00,1.32118,1.3244222603899394,,2018-06-20 13:00:00+00:00,1.31816,DISCRETIONARY_EXIT,False,21.1400,0.3500,20.7900,0.9021
ema-idea-1142,EURUSD,SELL,0.08,2018-06-19 08:00:00+00:00,1.1583,1.1613394203008078,,2018-06-20 14:00:00+00:00,1.15949,DISCRETIONARY_EXIT,False,-9.5200,0.4000,-9.9200,-0.4014
ema-idea-1144,GBPUSD,BUY,0.07,2018-06-20 14:00:00+00:00,1.31955,1.3160811471018998,,2018-06-21 02:30:00+00:00,1.3160811471018998,SL,False,-24.2820,0.3500,-24.6320,-1.0000
ema-idea-1145,GBPUSD,SELL,0.08,2018-06-21 07:00:00+00:00,1.31496,1.3178277565074596,,2018-06-21 12:00:00+00:00,1.3178277565074596,SL,False,-22.9421,0.4000,-23.3421,-1.0000
ema-idea-1146,GBPUSD,BUY,0.04,2018-06-21 14:00:00+00:00,1.3244500000000001,1.3191424290902978,,2018-06-25 08:00:00+00:00,1.32391,DISCRETIONARY_EXIT,False,-2.1600,0.2000,-2.3600,-0.1101
ema-idea-1147,GBPUSD,SELL,0.07,2018-06-25 08:00:00+00:00,1.32391,1.327019040810659,,2018-06-25 12:30:00+00:00,1.327019040810659,SL,False,-21.7633,0.3500,-22.1133,-1.0000
ema-idea-1148,EURUSD,BUY,0.06,2018-06-25 13:00:00+00:00,1.16885,1.16521024584485,,2018-06-26 08:00:00+00:00,1.16933,DISCRETIONARY_EXIT,False,2.8800,0.3000,2.5800,0.1165
ema-idea-1149,GBPUSD,BUY,0.06,2018-06-25 13:00:00+00:00,1.3284200000000002,1.3245689747394835,,2018-06-26 08:00:00+00:00,1.32697,DISCRETIONARY_EXIT,False,-8.7000,0.3000,-9.0000,-0.3845
ema-idea-1150,EURUSD,SELL,0.08,2018-06-26 11:00:00+00:00,1.16601,1.1689533610071723,,2018-06-27 08:00:00+00:00,1.16678,DISCRETIONARY_EXIT,False,-6.1600,0.4000,-6.5600,-0.2739
ema-idea-1151,GBPUSD,SELL,0.06,2018-06-26 11:00:00+00:00,1.32308,1.3266913030923309,,2018-06-27 08:00:00+00:00,1.32345,DISCRETIONARY_EXIT,False,-2.2200,0.3000,-2.5200,-0.1147
ema-idea-1152,EURUSD,SELL,0.08,2018-06-27 10:00:00+00:00,1.16276,1.165749265469136,,2018-06-28 11:00:00+00:00,1.15771,DISCRETIONARY_EXIT,False,40.4000,0.4000,40.0000,1.6451
ema-idea-1153,GBPUSD,SELL,0.05,2018-06-28 14:00:00+00:00,1.30549,1.3096998325598126,,2018-06-28 15:05:00+00:00,1.3096998325598126,SL,False,-21.0492,0.2500,-21.2992,-1.0000
ema-idea-1154,EURUSD,BUY,0.05,2018-06-29 04:00:00+00:00,1.1641,1.1599307356658382,,2018-07-02 03:00:00+00:00,1.1659,DISCRETIONARY_EXIT,False,9.0000,0.2500,8.7500,0.4148
ema-idea-1155,GBPUSD,BUY,0.06,2018-06-29 04:00:00+00:00,1.31116,1.3073393015149184,,2018-07-02 05:00:00+00:00,1.31748,DISCRETIONARY_EXIT,False,37.9200,0.3000,37.6200,1.6199
ema-idea-1156,GBPUSD,SELL,0.06,2018-07-02 13:00:00+00:00,1.31367,1.3176620364564458,,2018-07-03 08:50:00+00:00,1.3176620364564458,SL,False,-23.9522,0.3000,-24.2522,-1.0000
ema-idea-1157,EURUSD,BUY,0.07,2018-07-03 09:00:00+00:00,1.16705,1.1639547062477726,,2018-07-04 09:00:00+00:00,1.16512,DISCRETIONARY_EXIT,False,-13.5100,0.3500,-13.8600,-0.6295
ema-idea-1159,EURUSD,SELL,0.08,2018-07-04 11:00:00+00:00,1.16353,1.1664034587681669,,2018-07-04 17:19:00+00:00,1.1664034587681669,SL,False,-22.9877,0.4000,-23.3877,-1.0000
ema-idea-1158,GBPUSD,BUY,0.06,2018-07-03 09:00:00+00:00,1.3180100000000001,1.3144587708391595,,2018-07-09 16:00:00+00:00,1.3259,DISCRETIONARY_EXIT,False,47.3400,0.3000,47.0400,2.1770
ema-idea-1160,GBPUSD,SELL,0.04,2018-07-09 16:00:00+00:00,1.3259,1.3309969502534316,,2018-07-10 09:00:00+00:00,1.32888,DISCRETIONARY_EXIT,False,-11.9200,0.2000,-12.1200,-0.5887
ema-idea-1161,EURUSD,SELL,0.09,2018-07-10 10:00:00+00:00,1.17266,1.175267912032025,,2018-07-11 13:45:00+00:00,1.175267912032025,SL,False,-23.4712,0.4500,-23.9212,-1.0000
ema-idea-1162,EURUSD,BUY,0.07,2018-07-11 14:00:00+00:00,1.17527,1.1718622411167972,,2018-07-11 15:55:00+00:00,1.1718622411167972,SL,False,-23.8543,0.3500,-24.2043,-1.0000
ema-idea-1163,GBPUSD,SELL,0.05,2018-07-11 18:00:00+00:00,1.32207,1.326247096599852,,2018-07-12 08:00:00+00:00,1.32199,DISCRETIONARY_EXIT,False,0.4000,0.2500,0.1500,0.0071
ema-idea-1164,EURUSD,SELL,0.08,2018-07-12 12:00:00+00:00,1.16611,1.1689787465686348,,2018-07-12 16:46:00+00:00,1.1689787465686348,SL,False,-22.9500,0.4000,-23.3500,-1.0000
ema-idea-1166,GBPUSD,SELL,0.07,2018-07-13 08:00:00+00:00,1.31569,1.3188363143716455,,2018-07-13 15:47:00+00:00,1.3188363143716455,SL,False,-22.0242,0.3500,-22.3742,-1.0000
ema-idea-1165,EURUSD,SELL,0.1,2018-07-13 08:00:00+00:00,1.16454,1.1669796324082973,,2018-07-13 16:00:00+00:00,1.16676,DISCRETIONARY_EXIT,False,-22.2000,0.5000,-22.7000,-0.9118
ema-idea-1167,GBPUSD,BUY,0.05,2018-07-13 19:00:00+00:00,1.32275,1.318620264798209,,2018-07-17 13:00:00+00:00,1.31952,DISCRETIONARY_EXIT,False,-16.1500,0.2500,-16.4000,-0.7847
ema-idea-1168,GBPUSD,SELL,0.06,2018-07-17 13:00:00+00:00,1.31952,1.323114443470776,,2018-07-18 21:00:00+00:00,1.3077400000000001,DISCRETIONARY_EXIT,False,70.6800,0.3000,70.3800,3.2186
ema-idea-1169,GBPUSD,SELL,0.06,2018-07-19 10:00:00+00:00,1.30099,1.3049742364889567,,2018-07-19 18:19:00+00:00,1.3049742364889567,SL,False,-23.9054,0.3000,-24.2054,-1.0000
ema-idea-1170,EURUSD,BUY,0.06,2018-07-20 14:00:00+00:00,1.17134,1.1672496896927649,,2018-07-23 10:00:00+00:00,1.17063,DISCRETIONARY_EXIT,False,-4.2600,0.3000,-4.5600,-0.1836
ema-idea-1171,GBPUSD,BUY,0.05,2018-07-20 14:00:00+00:00,1.30823,1.303779945397289,,2018-07-23 10:00:00+00:00,1.31229,DISCRETIONARY_EXIT,False,20.3000,0.2500,20.0500,0.8911
ema-idea-1173,GBPUSD,SELL,0.06,2018-07-23 15:00:00+00:00,1.3112,1.3147277658736913,,2018-07-24 09:00:00+00:00,1.31143,DISCRETIONARY_EXIT,False,-1.3800,0.3000,-1.6800,-0.0783
ema-idea-1172,EURUSD,SELL,0.07,2018-07-23 11:00:00+00:00,1.1696,1.1730386170749187,,2018-07-24 12:00:00+00:00,1.1714,DISCRETIONARY_EXIT,False,-12.6000,0.3500,-12.9500,-0.5303
ema-idea-1174,EURUSD,BUY,0.07,2018-07-24 12:00:00+00:00,1.1714,1.1680820452788119,,2018-07-24 17:00:00+00:00,1.1680820452788119,SL,False,-23.2257,0.3500,-23.5757,-1.0000
ema-idea-1175,GBPUSD,BUY,0.07,2018-07-24 12:00:00+00:00,1.3135800000000002,1.3101105873475427,,2018-07-26 10:00:00+00:00,1.31787,DISCRETIONARY_EXIT,False,30.0300,0.3500,29.6800,1.2047
ema-idea-1176,GBPUSD,SELL,0.06,2018-07-26 15:00:00+00:00,1.31459,1.3181457776451135,,2018-07-27 16:00:00+00:00,1.3129000000000002,DISCRETIONARY_EXIT,False,10.1400,0.3000,9.8400,0.4548
ema-idea-1178,GBPUSD,BUY,0.07,2018-07-27 16:00:00+00:00,1.3129000000000002,1.309545883823569,,2018-07-27 21:57:00+00:00,1.309545883823569,SL,False,-23.4788,0.3500,-23.8288,-1.0000
ema-idea-1177,EURUSD,SELL,0.07,2018-07-26 16:00:00+00:00,1.16585,1.169276702383882,,2018-07-30 09:00:00+00:00,1.16699,DISCRETIONARY_EXIT,False,-7.9800,0.3500,-8.3300,-0.3423
ema-idea-1179,EURUSD,BUY,0.11,2018-07-30 09:00:00+00:00,1.16699,1.1648305464441047,,2018-08-01 05:00:00+00:00,1.16795,DISCRETIONARY_EXIT,False,10.5600,0.5500,10.0100,0.4119
ema-idea-1181,GBPUSD,BUY,0.08,2018-08-01 14:00:00+00:00,1.3141100000000001,1.3113666004400968,,2018-08-01 15:03:00+00:00,1.3113666004400968,SL,False,-21.9472,0.4000,-22.3472,-1.0000
ema-idea-1180,EURUSD,SELL,0.11,2018-08-01 05:00:00+00:00,1.16795,1.1700930846308215,,2018-08-03 13:00:00+00:00,1.1596899999999999,DISCRETIONARY_EXIT,False,90.8600,0.5500,90.3100,3.7436
ema-idea-1182,GBPUSD,SELL,0.09,2018-08-06 09:00:00+00:00,1.29749,1.3002092072494515,,2018-08-07 08:00:00+00:00,1.29726,DISCRETIONARY_EXIT,False,2.0700,0.4500,1.6200,0.0650
ema-idea-1184,GBPUSD,BUY,0.1,2018-08-07 08:00:00+00:00,1.29726,1.2948775941820374,,2018-08-07 14:27:00+00:00,1.2948775941820374,SL,False,-23.8241,0.5000,-24.3241,-1.0000
ema-idea-1183,EURUSD,BUY,0.11,2018-08-07 08:00:00+00:00,1.15814,1.1561050215159006,,2018-08-08 10:00:00+00:00,1.15887,DISCRETIONARY_EXIT,False,8.0300,0.5500,7.4800,0.3261
ema-idea-1185,GBPUSD,SELL,0.08,2018-08-08 10:00:00+00:00,1.29056,1.293315184833039,,2018-08-13 15:00:00+00:00,1.2784900000000001,DISCRETIONARY_EXIT,False,96.5600,0.4000,96.1600,4.2849
ema-idea-1187,GBPUSD,BUY,0.05,2018-08-13 15:00:00+00:00,1.2784900000000001,1.27416130161649,,2018-08-13 18:03:00+00:00,1.27416130161649,SL,False,-21.6435,0.2500,-21.8935,-1.0000
ema-idea-1186,EURUSD,BUY,0.05,2018-08-13 15:00:00+00:00,1.14289,1.1382131410584702,,2018-08-14 10:00:00+00:00,1.1385,DISCRETIONARY_EXIT,False,-21.9500,0.2500,-22.2000,-0.9393
ema-idea-1188,GBPUSD,BUY,0.07,2018-08-14 08:00:00+00:00,1.2797900000000002,1.2763047407420434,,2018-08-14 13:21:00+00:00,1.2763047407420434,SL,False,-24.3968,0.3500,-24.7468,-1.0000
ema-idea-1189,EURUSD,SELL,0.06,2018-08-14 16:00:00+00:00,1.13723,1.140897188816682,,2018-08-16 03:00:00+00:00,1.137,DISCRETIONARY_EXIT,False,1.3800,0.3000,1.0800,0.0484
ema-idea-1190,EURUSD,BUY,0.08,2018-08-16 03:00:00+00:00,1.137,1.1339534135320841,,2018-08-16 19:00:00+00:00,1.13556,DISCRETIONARY_EXIT,False,-11.5200,0.4000,-11.9200,-0.4812
ema-idea-1191,EURUSD,BUY,0.07,2018-08-17 20:00:00+00:00,1.14444,1.1411414298938527,,2018-08-20 07:00:00+00:00,1.14237,DISCRETIONARY_EXIT,False,-14.4900,0.3500,-14.8400,-0.6331
ema-idea-1192,GBPUSD,BUY,0.09,2018-08-20 13:00:00+00:00,1.2770100000000002,1.2743507292512912,,2018-08-22 09:00:00+00:00,1.28803,DISCRETIONARY_EXIT,False,99.1800,0.4500,98.7300,4.0491
ema-idea-1193,EURUSD,BUY,0.07,2018-08-22 13:00:00+00:00,1.16115,1.1578132641823804,,2018-08-23 01:09:00+00:00,1.1578132641823804,SL,False,-23.3572,0.3500,-23.7072,-1.0000
ema-idea-1194,GBPUSD,SELL,0.05,2018-08-23 16:00:00+00:00,1.28344,1.2878901164466303,,2018-08-24 07:00:00+00:00,1.2827000000000002,DISCRETIONARY_EXIT,False,3.7000,0.2500,3.4500,0.1533
ema-idea-1195,EURUSD,BUY,0.07,2018-08-24 13:00:00+00:00,1.15941,1.156313689085858,,2018-08-27 08:00:00+00:00,1.16009,DISCRETIONARY_EXIT,False,4.7600,0.3500,4.4100,0.2002
ema-idea-1196,GBPUSD,BUY,0.08,2018-08-27 13:00:00+00:00,1.28695,1.284140686633916,,2018-08-28 04:00:00+00:00,1.28738,DISCRETIONARY_EXIT,False,3.4400,0.4000,3.0400,0.1329
ema-idea-1197,GBPUSD,BUY,0.08,2018-08-28 10:00:00+00:00,1.2906300000000002,1.287794490859873,,2018-08-28 15:45:00+00:00,1.287794490859873,SL,False,-22.6841,0.4000,-23.0841,-1.0000
ema-idea-1198,EURUSD,BUY,0.08,2018-08-28 11:00:00+00:00,1.17036,1.1675409179023595,,2018-08-29 02:00:00+00:00,1.1686,DISCRETIONARY_EXIT,False,-14.0800,0.4000,-14.4800,-0.6309
ema-idea-1199,GBPUSD,SELL,0.09,2018-08-29 03:00:00+00:00,1.28591,1.2886118250378014,,2018-08-29 09:49:00+00:00,1.2886118250378014,SL,False,-24.3164,0.4500,-24.7664,-1.0000
ema-idea-1200,EURUSD,SELL,0.09,2018-08-29 09:00:00+00:00,1.16655,1.1691779104689606,,2018-08-29 15:00:00+00:00,1.1691779104689606,SL,False,-23.6512,0.4500,-24.1012,-1.0000
ema-idea-1201,GBPUSD,BUY,0.05,2018-08-29 15:00:00+00:00,1.2968300000000001,1.2923343204492992,,2018-08-30 10:00:00+00:00,1.30055,DISCRETIONARY_EXIT,False,18.6000,0.2500,18.3500,0.8074
ema-idea-1202,EURUSD,SELL,0.07,2018-08-30 15:00:00+00:00,1.16599,1.1692326100233632,,2018-08-31 07:00:00+00:00,1.1682,DISCRETIONARY_EXIT,False,-15.4700,0.3500,-15.8200,-0.6864
ema-idea-1203,GBPUSD,SELL,0.06,2018-08-31 13:00:00+00:00,1.29878,1.3024138063265753,,2018-09-05 15:00:00+00:00,1.2968000000000002,DISCRETIONARY_EXIT,False,11.8800,0.3000,11.5800,0.5239
ema-idea-1205,GBPUSD,BUY,0.04,2018-09-05 15:00:00+00:00,1.2968000000000002,1.290897839866361,,2018-09-05 16:22:00+00:00,1.290897839866361,SL,False,-23.6086,0.2000,-23.8086,-1.0000
ema-idea-1204,EURUSD,BUY,0.06,2018-09-05 15:00:00+00:00,1.16275,1.158907290866478,,2018-09-07 13:00:00+00:00,1.16097,DISCRETIONARY_EXIT,False,-10.6800,0.3000,-10.9800,-0.4701
ema-idea-1206,GBPUSD,BUY,0.05,2018-09-07 12:00:00+00:00,1.3017800000000002,1.297399741172299,,2018-09-07 13:54:00+00:00,1.297399741172299,SL,False,-21.9013,0.2500,-22.1513,-1.0000
ema-idea-1207,EURUSD,SELL,0.07,2018-09-07 14:00:00+00:00,1.15667,1.1600951962135433,,2018-09-10 09:00:00+00:00,1.15671,DISCRETIONARY_EXIT,False,-0.2800,0.3500,-0.6300,-0.0259
ema-idea-1208,EURUSD,BUY,0.07,2018-09-10 14:00:00+00:00,1.1604,1.1572567115695236,,2018-09-11 02:00:00+00:00,1.1589,DISCRETIONARY_EXIT,False,-10.5000,0.3500,-10.8500,-0.4854
ema-idea-1209,GBPUSD,BUY,0.05,2018-09-10 14:00:00+00:00,1.30319,1.298341945805676,,2018-09-11 13:03:00+00:00,1.298341945805676,SL,False,-24.2403,0.2500,-24.4903,-1.0000
ema-idea-1210,GBPUSD,SELL,0.04,2018-09-11 14:00:00+00:00,1.29829,1.3038116305682081,,2018-09-11 21:45:00+00:00,1.30386,SL_GAP,False,-22.2800,0.2000,-22.4800,-1.0087
ema-idea-1211,GBPUSD,SELL,0.05,2018-09-12 12:00:00+00:00,1.29845,1.3029697938390952,,2018-09-12 16:14:00+00:00,1.3029697938390952,SL,False,-22.5990,0.2500,-22.8490,-1.0000
ema-idea-1212,EURUSD,BUY,0.07,2018-09-12 16:00:00+00:00,1.16256,1.1592500044530554,,2018-09-13 07:00:00+00:00,1.16206,DISCRETIONARY_EXIT,False,-3.5000,0.3500,-3.8500,-0.1637
ema-idea-1213,GBPUSD,BUY,0.04,2018-09-12 18:00:00+00:00,1.3060500000000002,1.3010188081230123,,2018-09-13 07:00:00+00:00,1.30306,DISCRETIONARY_EXIT,False,-11.9600,0.2000,-12.1600,-0.5983
ema-idea-1214,EURUSD,BUY,0.07,2018-09-13 14:00:00+00:00,1.168,1.1647486991918712,,2018-09-14 13:00:00+00:00,1.16869,DISCRETIONARY_EXIT,False,4.8300,0.3500,4.4800,0.1939
ema-idea-1215,GBPUSD,BUY,0.06,2018-09-13 14:00:00+00:00,1.3091300000000001,1.3050503912160383,,2018-09-14 13:00:00+00:00,1.30863,DISCRETIONARY_EXIT,False,-3.0000,0.3000,-3.3000,-0.1332
ema-idea-1216,GBPUSD,SELL,0.07,2018-09-14 13:00:00+00:00,1.30863,1.3121476226273718,,2018-09-14 13:18:00+00:00,1.3121476226273718,SL,False,-24.6234,0.3500,-24.9734,-1.0000
ema-idea-1218,GBPUSD,SELL,0.05,2018-09-14 16:00:00+00:00,1.30751,1.311693111119656,,2018-09-17 07:00:00+00:00,1.30899,DISCRETIONARY_EXIT,False,-7.4000,0.2500,-7.6500,-0.3614
ema-idea-1217,EURUSD,SELL,0.08,2018-09-14 14:00:00+00:00,1.16676,1.1696784814187058,,2018-09-17 09:00:00+00:00,1.1647,DISCRETIONARY_EXIT,False,16.4800,0.4000,16.0800,0.6771
ema-idea-1219,GBPUSD,BUY,0.08,2018-09-17 12:00:00+00:00,1.31088,1.307941413087941,,2018-09-18 09:00:00+00:00,1.31353,DISCRETIONARY_EXIT,False,21.2000,0.4000,20.8000,0.8700
ema-idea-1220,GBPUSD,SELL,0.08,2018-09-18 11:00:00+00:00,1.31278,1.3158520570676586,,2018-09-18 14:00:00+00:00,1.3158520570676586,SL,False,-24.5765,0.4000,-24.9765,-1.0000
ema-idea-1221,EURUSD,SELL,0.06,2018-09-18 18:00:00+00:00,1.16593,1.1695447873216507,,2018-09-19 07:00:00+00:00,1.16877,DISCRETIONARY_EXIT,False,-17.0400,0.3000,-17.3400,-0.7886
ema-idea-1222,GBPUSD,BUY,0.06,2018-09-19 10:00:00+00:00,1.3197500000000002,1.3160180762585239,,2018-09-19 12:08:00+00:00,1.3160180762585239,SL,False,-22.3915,0.3000,-22.6915,-1.0000
ema-idea-1224,GBPUSD,BUY,0.07,2018-09-20 10:00:00+00:00,1.31919,1.3157826452703767,,2018-09-21 08:00:00+00:00,1.3247,DISCRETIONARY_EXIT,False,38.5700,0.3500,38.2200,1.5792
ema-idea-1223,EURUSD,BUY,0.1,2018-09-20 09:00:00+00:00,1.1697899999999999,1.167426497574855,,2018-09-21 12:00:00+00:00,1.1762,DISCRETIONARY_EXIT,False,64.1000,0.5000,63.6000,2.6352
ema-idea-1225,GBPUSD,SELL,0.06,2018-09-21 13:00:00+00:00,1.31719,1.3212760260564924,,2018-09-24 09:00:00+00:00,1.3099,DISCRETIONARY_EXIT,False,43.7400,0.3000,43.4400,1.7505
ema-idea-1226,EURUSD,BUY,0.09,2018-09-24 10:00:00+00:00,1.1768399999999999,1.1742507692772517,,2018-09-24 21:00:00+00:00,1.17455,DISCRETIONARY_EXIT,False,-20.6100,0.4500,-21.0600,-0.8866
ema-idea-1227,GBPUSD,BUY,0.06,2018-09-24 12:00:00+00:00,1.31308,1.3093259806958875,,2018-09-26 07:00:00+00:00,1.31671,DISCRETIONARY_EXIT,False,21.7800,0.3000,21.4800,0.9411
ema-idea-1228,EURUSD,SELL,0.11,2018-09-26 12:00:00+00:00,1.17492,1.1770817598579042,,2018-09-26 19:00:00+00:00,1.1770817598579042,SL,False,-23.7794,0.5500,-24.3294,-1.0000
ema-idea-1230,GBPUSD,SELL,0.07,2018-09-27 07:00:00+00:00,1.3132,1.3167120746208345,,2018-10-01 09:00:00+00:00,1.30545,DISCRETIONARY_EXIT,False,54.2500,0.3500,53.9000,2.1617
ema-idea-1229,EURUSD,SELL,0.07,2018-09-27 07:00:00+00:00,1.17034,1.1737134616018239,,2018-10-01 11:00:00+00:00,1.16166,DISCRETIONARY_EXIT,False,60.7600,0.3500,60.4100,2.5208
ema-idea-1231,GBPUSD,BUY,0.05,2018-10-01 14:00:00+00:00,1.3079200000000002,1.3035472814402815,,2018-10-01 16:42:00+00:00,1.3035472814402815,SL,False,-21.8636,0.2500,-22.1136,-1.0000
ema-idea-1232,EURUSD,SELL,0.06,2018-10-01 17:00:00+00:00,1.15659,1.1601787528406173,,2018-10-03 03:00:00+00:00,1.15709,DISCRETIONARY_EXIT,False,-3.0000,0.3000,-3.3000,-0.1512
ema-idea-1234,GBPUSD,BUY,0.08,2018-10-03 10:00:00+00:00,1.30179,1.298953400557129,,2018-10-03 11:16:00+00:00,1.298953400557129,SL,False,-22.6928,0.4000,-23.0928,-1.0000
ema-idea-1233,EURUSD,BUY,0.08,2018-10-03 03:00:00+00:00,1.15709,1.1542406992193974,,2018-10-03 12:11:00+00:00,1.1542406992193974,SL,False,-22.7944,0.4000,-23.1944,-1.0000
ema-idea-1235,EURUSD,SELL,0.07,2018-10-03 14:00:00+00:00,1.15295,1.1560536241638781,,2018-10-04 09:00:00+00:00,1.14943,DISCRETIONARY_EXIT,False,24.6400,0.3500,24.2900,1.1003
ema-idea-1237,EURUSD,SELL,0.09,2018-10-05 10:00:00+00:00,1.1492,1.1516531780228734,,2018-10-05 13:30:00+00:00,1.1516531780228734,SL,False,-22.0786,0.4500,-22.5286,-1.0000
ema-idea-1236,GBPUSD,BUY,0.05,2018-10-04 16:00:00+00:00,1.3029000000000002,1.2987774127020915,,2018-10-08 08:00:00+00:00,1.30836,DISCRETIONARY_EXIT,False,27.3000,0.2500,27.0500,1.2966
ema-idea-1239,GBPUSD,SELL,0.07,2018-10-08 12:00:00+00:00,1.30308,1.3065550034256959,,2018-10-08 15:04:00+00:00,1.3065550034256959,SL,False,-24.3250,0.3500,-24.6750,-1.0000
ema-idea-1238,EURUSD,SELL,0.09,2018-10-08 10:00:00+00:00,1.14739,1.1499491057422782,,2018-10-08 20:44:00+00:00,1.1499491057422782,SL,False,-23.0320,0.4500,-23.4820,-1.0000
ema-idea-1240,GBPUSD,BUY,0.09,2018-10-09 06:00:00+00:00,1.31061,1.3080602811363446,,2018-10-09 07:27:00+00:00,1.3080602811363446,SL,False,-22.9475,0.4500,-23.3975,-1.0000
ema-idea-1241,EURUSD,SELL,0.08,2018-10-09 11:00:00+00:00,1.14526,1.148129976280442,,2018-10-09 15:25:00+00:00,1.148129976280442,SL,False,-22.9598,0.4000,-23.3598,-1.0000
ema-idea-1242,GBPUSD,BUY,0.04,2018-10-09 17:00:00+00:00,1.3139500000000002,1.3088697814421564,,2018-10-10 10:00:00+00:00,1.31376,DISCRETIONARY_EXIT,False,-0.7600,0.2000,-0.9600,-0.0468
ema-idea-1243,EURUSD,BUY,0.08,2018-10-10 15:00:00+00:00,1.15204,1.149141093924277,,2018-10-12 14:00:00+00:00,1.15576,DISCRETIONARY_EXIT,False,29.7600,0.4000,29.3600,1.2445
ema-idea-1244,EURUSD,SELL,0.08,2018-10-12 14:00:00+00:00,1.15576,1.1586306727303393,,2018-10-15 08:00:00+00:00,1.15651,DISCRETIONARY_EXIT,False,-6.0000,0.4000,-6.4000,-0.2739
ema-idea-1245,GBPUSD,SELL,0.06,2018-10-12 14:00:00+00:00,1.3186,1.3224333579626648,,2018-10-15 10:00:00+00:00,1.31356,DISCRETIONARY_EXIT,False,30.2400,0.3000,29.9400,1.2850
ema-idea-1246,EURUSD,BUY,0.09,2018-10-15 11:00:00+00:00,1.15882,1.1563464943414514,,2018-10-16 04:00:00+00:00,1.15728,DISCRETIONARY_EXIT,False,-13.8600,0.4500,-14.3100,-0.6301
ema-idea-1247,GBPUSD,BUY,0.07,2018-10-16 09:00:00+00:00,1.31861,1.3151288932919294,,2018-10-17 09:00:00+00:00,1.31568,DISCRETIONARY_EXIT,False,-20.5100,0.3500,-20.8600,-0.8439
ema-idea-1248,EURUSD,SELL,0.1,2018-10-17 04:00:00+00:00,1.15612,1.1584265066017099,,2018-10-18 09:00:00+00:00,1.15165,DISCRETIONARY_EXIT,False,44.7000,0.5000,44.2000,1.8757
ema-idea-1249,GBPUSD,SELL,0.07,2018-10-17 09:00:00+00:00,1.31568,1.3188537892181125,,2018-10-18 11:00:00+00:00,1.31271,DISCRETIONARY_EXIT,False,20.7900,0.3500,20.4400,0.9058
ema-idea-1250,GBPUSD,SELL,0.06,2018-10-18 16:00:00+00:00,1.30746,1.3110534826319986,,2018-10-19 08:00:00+00:00,1.30372,DISCRETIONARY_EXIT,False,22.4400,0.3000,22.1400,1.0128
ema-idea-1251,EURUSD,SELL,0.09,2018-10-19 09:00:00+00:00,1.14465,1.147197435819399,,2018-10-19 12:12:00+00:00,1.147197435819399,SL,False,-22.9269,0.4500,-23.3769,-1.0000
ema-idea-1253,GBPUSD,BUY,0.06,2018-10-19 15:00:00+00:00,1.30546,1.3019131753191986,,2018-10-22 10:00:00+00:00,1.305,DISCRETIONARY_EXIT,False,-2.7600,0.3000,-3.0600,-0.1418
ema-idea-1252,EURUSD,BUY,0.08,2018-10-19 15:00:00+00:00,1.1491,1.146140093981887,,2018-10-22 13:00:00+00:00,1.14953,DISCRETIONARY_EXIT,False,3.4400,0.4000,3.0400,0.1262
ema-idea-1254,GBPUSD,SELL,0.06,2018-10-22 13:00:00+00:00,1.30056,1.3042269706551592,,2018-10-23 08:00:00+00:00,1.29743,DISCRETIONARY_EXIT,False,18.7800,0.3000,18.4800,0.8286
ema-idea-1255,GBPUSD,BUY,0.05,2018-10-23 13:00:00+00:00,1.3028600000000001,1.2986562852850587,,2018-10-23 15:03:00+00:00,1.2986562852850587,SL,False,-21.0186,0.2500,-21.2686,-1.0000
ema-idea-1257,GBPUSD,SELL,0.07,2018-10-24 09:00:00+00:00,1.29471,1.2979326251851906,,2018-10-25 07:00:00+00:00,1.28973,DISCRETIONARY_EXIT,False,34.8600,0.3500,34.5100,1.5064
ema-idea-1256,EURUSD,SELL,0.08,2018-10-24 09:00:00+00:00,1.14297,1.1457970250200016,,2018-10-25 14:00:00+00:00,1.1431,DISCRETIONARY_EXIT,False,-1.0400,0.4000,-1.4400,-0.0626
ema-idea-1258,EURUSD,BUY,0.09,2018-10-25 14:00:00+00:00,1.1431,1.1404738231467326,,2018-10-25 14:24:00+00:00,1.1404738231467326,SL,False,-23.6356,0.4500,-24.0856,-1.0000
ema-idea-1259,EURUSD,SELL,0.07,2018-10-25 15:00:00+00:00,1.13805,1.141361449935177,,2018-10-26 17:00:00+00:00,1.13885,DISCRETIONARY_EXIT,False,-5.6000,0.3500,-5.9500,-0.2529
ema-idea-1261,EURUSD,BUY,0.07,2018-10-26 17:00:00+00:00,1.13885,1.1355826639942208,,2018-10-29 10:00:00+00:00,1.1383,DISCRETIONARY_EXIT,False,-3.8500,0.3500,-4.2000,-0.1809
ema-idea-1260,GBPUSD,SELL,0.06,2018-10-25 15:00:00+00:00,1.2843,1.2881704498691586,,2018-10-31 08:00:00+00:00,1.2720600000000002,DISCRETIONARY_EXIT,False,73.4400,0.3000,73.1400,3.1093
ema-idea-1262,GBPUSD,BUY,0.07,2018-10-31 13:00:00+00:00,1.27708,1.273659093713125,,2018-10-31 14:06:00+00:00,1.273659093713125,SL,False,-23.9463,0.3500,-24.2963,-1.0000
ema-idea-1263,EURUSD,SELL,0.09,2018-10-31 14:00:00+00:00,1.13223,1.134824808696844,,2018-11-01 04:00:00+00:00,1.13415,DISCRETIONARY_EXIT,False,-17.2800,0.4500,-17.7300,-0.7449
ema-idea-1264,GBPUSD,BUY,0.04,2018-11-01 02:00:00+00:00,1.2845600000000001,1.2795082907987625,,2018-11-02 17:00:00+00:00,1.29649,DISCRETIONARY_EXIT,False,47.7200,0.2000,47.5200,2.3286
ema-idea-1266,GBPUSD,SELL,0.05,2018-11-02 17:00:00+00:00,1.29649,1.3008790337901817,,2018-11-04 22:00:00+00:00,1.3022500000000001,SL_GAP,False,-28.8000,0.2500,-29.0500,-1.3088
ema-idea-1267,GBPUSD,BUY,0.06,2018-11-05 11:00:00+00:00,1.30257,1.298466308688731,,2018-11-05 12:07:00+00:00,1.298466308688731,SL,False,-24.6221,0.3000,-24.9221,-1.0000
ema-idea-1265,EURUSD,SELL,0.06,2018-11-02 17:00:00+00:00,1.13777,1.1414064813614682,,2018-11-05 18:28:00+00:00,1.1414064813614682,SL,False,-21.8189,0.3000,-22.1189,-1.0000
ema-idea-1268,EURUSD,BUY,0.08,2018-11-05 19:00:00+00:00,1.14227,1.1392821191275957,,2018-11-06 10:18:00+00:00,1.1392821191275957,SL,False,-23.9030,0.4000,-24.3030,-1.0000
ema-idea-1269,GBPUSD,BUY,0.05,2018-11-05 19:00:00+00:00,1.30481,1.3001898596953663,,2018-11-06 11:00:00+00:00,1.30305,DISCRETIONARY_EXIT,False,-8.8000,0.2500,-9.0500,-0.3876
ema-idea-1270,EURUSD,BUY,0.09,2018-11-06 14:00:00+00:00,1.14282,1.1401621311915457,,2018-11-07 01:24:00+00:00,1.1401621311915457,SL,False,-23.9208,0.4500,-24.3708,-1.0000
ema-idea-1271,EURUSD,BUY,0.05,2018-11-07 09:00:00+00:00,1.14737,1.1429426717756797,,2018-11-07 19:00:00+00:00,1.14497,DISCRETIONARY_EXIT,False,-12.0000,0.2500,-12.2500,-0.5472
ema-idea-1272,EURUSD,SELL,0.08,2018-11-08 12:00:00+00:00,1.14109,1.144136157226905,,2018-11-08 14:42:00+00:00,1.144136157226905,SL,False,-24.3693,0.4000,-24.7693,-1.0000
ema-idea-1273,EURUSD,SELL,0.07,2018-11-08 18:00:00+00:00,1.13924,1.1425716409614406,,2018-11-13 13:00:00+00:00,1.12605,DISCRETIONARY_EXIT,False,92.3300,0.3500,91.9800,3.8857
ema-idea-1274,EURUSD,BUY,0.07,2018-11-13 13:00:00+00:00,1.12605,1.1229576666998033,,2018-11-14 10:00:00+00:00,1.12699,DISCRETIONARY_EXIT,False,6.5800,0.3500,6.2300,0.2832
ema-idea-1275,GBPUSD,BUY,0.05,2018-11-13 13:00:00+00:00,1.29506,1.2901177100319803,,2018-11-14 11:00:00+00:00,1.29182,DISCRETIONARY_EXIT,False,-16.2000,0.2500,-16.4500,-0.6590
ema-idea-1276,GBPUSD,SELL,0.04,2018-11-14 11:00:00+00:00,1.29182,1.2979200272587688,,2018-11-14 13:14:00+00:00,1.2979200272587688,SL,False,-24.4001,0.2000,-24.6001,-1.0000
ema-idea-1277,EURUSD,BUY,0.06,2018-11-14 15:00:00+00:00,1.13344,1.12961960323036,,2018-11-14 17:40:00+00:00,1.12961960323036,SL,False,-22.9224,0.3000,-23.2224,-1.0000
ema-idea-1278,GBPUSD,BUY,0.02,2018-11-14 20:00:00+00:00,1.3037500000000002,1.2934513902158369,,2018-11-15 08:53:00+00:00,1.2934513902158369,SL,False,-20.5972,0.1000,-20.6972,-1.0000
ema-idea-1279,GBPUSD,SELL,0.02,2018-11-15 10:00:00+00:00,1.27865,1.2878224038065313,,2018-11-16 07:00:00+00:00,1.28072,DISCRETIONARY_EXIT,False,-4.1400,0.1000,-4.2400,-0.2299
ema-idea-1281,EURUSD,BUY,0.06,2018-11-16 18:00:00+00:00,1.1413,1.1373909922969603,,2018-11-19 05:00:00+00:00,1.13976,DISCRETIONARY_EXIT,False,-9.2400,0.3000,-9.5400,-0.4016
ema-idea-1280,GBPUSD,BUY,0.03,2018-11-16 13:00:00+00:00,1.28437,1.2775903468475853,,2018-11-19 12:00:00+00:00,1.28063,DISCRETIONARY_EXIT,False,-11.2200,0.1500,-11.3700,-0.5549
ema-idea-1282,GBPUSD,SELL,0.04,2018-11-19 12:00:00+00:00,1.28063,1.2860582821774837,,2018-11-19 15:15:00+00:00,1.2860582821774837,SL,False,-21.7131,0.2000,-21.9131,-1.0000
ema-idea-1283,EURUSD,BUY,0.07,2018-11-19 16:00:00+00:00,1.14538,1.1421536655342364,,2018-11-20 09:00:00+00:00,1.14313,DISCRETIONARY_EXIT,False,-15.7500,0.3500,-16.1000,-0.7020
ema-idea-1284,EURUSD,SELL,0.08,2018-11-20 13:00:00+00:00,1.14178,1.1445949190851716,,2018-11-21 05:00:00+00:00,1.13785,DISCRETIONARY_EXIT,False,31.4400,0.4000,31.0400,1.3543
ema-idea-1286,GBPUSD,BUY,0.05,2018-11-22 11:00:00+00:00,1.2896800000000002,1.2847924418670338,,2018-11-22 11:25:00+00:00,1.2847924418670338,SL,False,-24.4378,0.2500,-24.6878,-1.0000
ema-idea-1285,EURUSD,BUY,0.08,2018-11-22 11:00:00+00:00,1.1416,1.1388497588214304,,2018-11-23 08:31:00+00:00,1.1388497588214304,SL,False,-22.0019,0.4000,-22.4019,-1.0000
ema-idea-1287,EURUSD,SELL,0.09,2018-11-23 09:00:00+00:00,1.13698,1.139441847114441,,2018-11-26 05:00:00+00:00,1.13466,DISCRETIONARY_EXIT,False,20.8800,0.4500,20.4300,0.9037
ema-idea-1288,GBPUSD,SELL,0.06,2018-11-23 09:00:00+00:00,1.28351,1.2872082049567666,,2018-11-26 09:00:00+00:00,1.2838800000000001,DISCRETIONARY_EXIT,False,-2.2200,0.3000,-2.5200,-0.1121
ema-idea-1289,EURUSD,BUY,0.1,2018-11-26 08:00:00+00:00,1.13633,1.1340938872835904,,2018-11-26 15:57:00+00:00,1.1340938872835904,SL,False,-22.3611,0.5000,-22.8611,-1.0000
ema-idea-1290,GBPUSD,SELL,0.08,2018-11-27 07:00:00+00:00,1.27801,1.280937405256243,,2018-11-28 07:00:00+00:00,1.2761,DISCRETIONARY_EXIT,False,15.2800,0.4000,14.8800,0.6247
ema-idea-1291,GBPUSD,BUY,0.07,2018-11-28 11:00:00+00:00,1.2794400000000001,1.2760413241303317,,2018-11-28 15:45:00+00:00,1.2760413241303317,SL,False,-23.7907,0.3500,-24.1407,-1.0000
ema-idea-1292,EURUSD,BUY,0.06,2018-11-28 18:00:00+00:00,1.13449,1.1307926853771626,,2018-11-29 11:00:00+00:00,1.13506,DISCRETIONARY_EXIT,False,3.4200,0.3000,3.1200,0.1388
ema-idea-1293,GBPUSD,BUY,0.07,2018-11-30 09:00:00+00:00,1.28041,1.2773347904437082,,2018-11-30 09:58:00+00:00,1.2773347904437082,SL,False,-21.5265,0.3500,-21.8765,-1.0000
ema-idea-1295,EURUSD,SELL,0.09,2018-11-30 14:00:00+00:00,1.1357,1.1382852097239473,,2018-12-03 03:00:00+00:00,1.13534,DISCRETIONARY_EXIT,False,3.2400,0.4500,2.7900,0.1176
ema-idea-1294,GBPUSD,SELL,0.06,2018-11-30 11:00:00+00:00,1.27551,1.2790720939541496,,2018-12-03 06:00:00+00:00,1.27817,DISCRETIONARY_EXIT,False,-15.9600,0.3000,-16.2600,-0.7503
ema-idea-1296,GBPUSD,BUY,0.06,2018-12-03 08:00:00+00:00,1.2818500000000002,1.2781862728174702,,2018-12-03 09:19:00+00:00,1.2781862728174702,SL,False,-21.9824,0.3000,-22.2824,-1.0000
ema-idea-1297,GBPUSD,SELL,0.05,2018-12-03 11:00:00+00:00,1.27189,1.2767244492055458,,2018-12-04 05:00:00+00:00,1.27486,DISCRETIONARY_EXIT,False,-14.8500,0.2500,-15.1000,-0.6183
ema-idea-1298,GBPUSD,BUY,0.02,2019-10-11 13:00:00+00:00,1.2641200000000001,1.2558049095842945,,2019-10-14 02:00:00+00:00,1.26057,DISCRETIONARY_EXIT,False,-7.1000,0.1000,-7.2000,-0.4304
