status,symbol,direction,time_utc,price_or_na,reason_or_outcome
REJECTED,GBPUSD,SELL,2015-01-22 09:00:00+00:00,,SYMBOL_ALREADY_HAS_OPEN_POSITION
REJECTED,GBPUSD,SELL,2015-01-30 21:00:00+00:00,,SYMBOL_ALREADY_HAS_OPEN_POSITION
REJECTED,GBPUSD,BUY,2015-02-17 08:00:00+00:00,,SYMBOL_ALREADY_HAS_OPEN_POSITION
REJECTED,EURUSD,BUY,2015-03-24 04:30:00+00:00,,SYMBOL_ALREADY_HAS_OPEN_POSITION
REJECTED,EURUSD,BUY,2015-04-06 19:00:00+00:00,,SYMBOL_ALREADY_HAS_OPEN_POSITION
REJECTED,GBPUSD,BUY,2015-04-30 07:00:00+00:00,,SYMBOL_ALREADY_HAS_OPEN_POSITION
REJECTED,EURUSD,BUY,2015-05-07 02:30:00+00:00,,SYMBOL_ALREADY_HAS_OPEN_POSITION
REJECTED,EURUSD,BUY,2015-06-04 23:30:00+00:00,,SYMBOL_ALREADY_HAS_OPEN_POSITION
REJECTED,EURUSD,BUY,2015-06-11 02:00:00+00:00,,SYMBOL_ALREADY_HAS_OPEN_POSITION
REJECTED,EURUSD,SELL,2015-06-26 08:00:00+00:00,,SYMBOL_ALREADY_HAS_OPEN_POSITION
REJECTED,EURUSD,SELL,2015-07-09 05:00:00+00:00,,SYMBOL_ALREADY_HAS_OPEN_POSITION
REJECTED,EURUSD,SELL,2015-07-09 22:30:00+00:00,,SYMBOL_ALREADY_HAS_OPEN_POSITION
REJECTED,GBPUSD,BUY,2015-07-15 13:30:00+00:00,,SYMBOL_ALREADY_HAS_OPEN_POSITION
REJECTED,GBPUSD,SELL,2015-07-27 01:30:00+00:00,,SYMBOL_ALREADY_HAS_OPEN_POSITION
REJECTED,EURUSD,BUY,2015-07-27 21:00:00+00:00,,CORRELATED_OR_PORTFOLIO_RISK_CAP
REJECTED,GBPUSD,BUY,2015-07-28 08:00:00+00:00,,CORRELATED_OR_PORTFOLIO_RISK_CAP
REJECTED,EURUSD,SELL,2015-07-31 04:00:00+00:00,,SYMBOL_ALREADY_HAS_OPEN_POSITION
REJECTED,EURUSD,BUY,2015-08-25 13:30:00+00:00,,SYMBOL_ALREADY_HAS_OPEN_POSITION
REJECTED,GBPUSD,SELL,2015-08-27 02:00:00+00:00,,SYMBOL_ALREADY_HAS_OPEN_POSITION
REJECTED,GBPUSD,BUY,2015-09-14 13:30:00+00:00,,SYMBOL_ALREADY_HAS_OPEN_POSITION
REJECTED,GBPUSD,BUY,2015-11-04 14:00:00+00:00,,SYMBOL_ALREADY_HAS_OPEN_POSITION
REJECTED,EURUSD,SELL,2015-11-09 04:30:00+00:00,,SYMBOL_ALREADY_HAS_OPEN_POSITION
REJECTED,GBPUSD,SELL,2015-11-09 05:30:00+00:00,,SYMBOL_ALREADY_HAS_OPEN_POSITION
REJECTED,EURUSD,SELL,2015-11-19 00:30:00+00:00,,SYMBOL_ALREADY_HAS_OPEN_POSITION
REJECTED,EURUSD,SELL,2015-11-27 17:00:00+00:00,,SYMBOL_ALREADY_HAS_OPEN_POSITION
REJECTED,GBPUSD,SELL,2015-12-29 01:00:00+00:00,,SYMBOL_ALREADY_HAS_OPEN_POSITION
REJECTED,GBPUSD,SELL,2015-12-30 05:00:00+00:00,,SYMBOL_ALREADY_HAS_OPEN_POSITION
REJECTED,GBPUSD,SELL,2016-01-04 08:30:00+00:00,,CORRELATED_OR_PORTFOLIO_RISK_CAP
REJECTED,GBPUSD,SELL,2016-01-13 16:00:00+00:00,,CORRELATED_OR_PORTFOLIO_RISK_CAP
REJECTED,GBPUSD,SELL,2016-01-22 09:00:00+00:00,,SYMBOL_ALREADY_HAS_OPEN_POSITION
REJECTED,GBPUSD,SELL,2016-01-26 14:00:00+00:00,,SYMBOL_ALREADY_HAS_OPEN_POSITION
REJECTED,EURUSD,SELL,2016-02-01 09:30:00+00:00,,CORRELATED_OR_PORTFOLIO_RISK_CAP
REJECTED,GBPUSD,SELL,2016-02-18 03:00:00+00:00,,SYMBOL_ALREADY_HAS_OPEN_POSITION
REJECTED,GBPUSD,SELL,2016-02-19 21:00:00+00:00,,SYMBOL_ALREADY_HAS_OPEN_POSITION
REJECTED,GBPUSD,BUY,2016-03-07 11:00:00+00:00,,SYMBOL_ALREADY_HAS_OPEN_POSITION
REJECTED,EURUSD,BUY,2016-03-09 23:30:00+00:00,,SYMBOL_ALREADY_HAS_OPEN_POSITION
REJECTED,GBPUSD,BUY,2016-03-18 20:30:00+00:00,,CORRELATED_OR_PORTFOLIO_RISK_CAP
REJECTED,EURUSD,BUY,2016-03-21 06:30:00+00:00,,SYMBOL_ALREADY_HAS_OPEN_POSITION
REJECTED,GBPUSD,SELL,2016-03-28 09:30:00+00:00,,SYMBOL_ALREADY_HAS_OPEN_POSITION
REJECTED,GBPUSD,BUY,2016-03-29 05:00:00+00:00,,SYMBOL_ALREADY_HAS_OPEN_POSITION
REJECTED,EURUSD,SELL,2016-04-15 12:00:00+00:00,,CORRELATED_OR_PORTFOLIO_RISK_CAP
REJECTED,GBPUSD,SELL,2016-05-16 15:30:00+00:00,,CORRELATED_OR_PORTFOLIO_RISK_CAP
REJECTED,EURUSD,SELL,2016-06-15 07:30:00+00:00,,CORRELATED_OR_PORTFOLIO_RISK_CAP
REJECTED,EURUSD,BUY,2016-06-20 07:00:00+00:00,,CORRELATED_OR_PORTFOLIO_RISK_CAP
REJECTED,GBPUSD,SELL,2016-06-24 09:30:00+00:00,,MIN_LOT_EXCEEDS_RISK_BUDGET
REJECTED,EURUSD,SELL,2016-06-28 05:00:00+00:00,,SYMBOL_ALREADY_HAS_OPEN_POSITION
REJECTED,GBPUSD,SELL,2016-06-29 13:30:00+00:00,,SYMBOL_ALREADY_HAS_OPEN_POSITION
REJECTED,EURUSD,BUY,2016-08-03 03:00:00+00:00,,SYMBOL_ALREADY_HAS_OPEN_POSITION
REJECTED,GBPUSD,SELL,2016-09-14 05:30:00+00:00,,SYMBOL_ALREADY_HAS_OPEN_POSITION
REJECTED,GBPUSD,SELL,2016-09-19 03:30:00+00:00,,SYMBOL_ALREADY_HAS_OPEN_POSITION
REJECTED,EURUSD,SELL,2016-09-19 15:00:00+00:00,,SYMBOL_ALREADY_HAS_OPEN_POSITION
REJECTED,EURUSD,SELL,2016-09-21 08:30:00+00:00,,CORRELATED_OR_PORTFOLIO_RISK_CAP
REJECTED,EURUSD,SELL,2016-09-21 23:00:00+00:00,,SYMBOL_ALREADY_HAS_OPEN_POSITION
REJECTED,GBPUSD,SELL,2016-09-26 02:00:00+00:00,,SYMBOL_ALREADY_HAS_OPEN_POSITION
REJECTED,GBPUSD,SELL,2016-10-07 15:30:00+00:00,,CORRELATED_OR_PORTFOLIO_RISK_CAP
REJECTED,EURUSD,SELL,2016-10-25 19:00:00+00:00,,SYMBOL_ALREADY_HAS_OPEN_POSITION
REJECTED,GBPUSD,BUY,2016-11-14 16:00:00+00:00,,SYMBOL_ALREADY_HAS_OPEN_POSITION
REJECTED,EURUSD,SELL,2016-12-09 20:30:00+00:00,,SYMBOL_ALREADY_HAS_OPEN_POSITION
REJECTED,EURUSD,SELL,2016-12-27 15:30:00+00:00,,CORRELATED_OR_PORTFOLIO_RISK_CAP
REJECTED,EURUSD,BUY,2017-01-02 12:00:00+00:00,,SYMBOL_ALREADY_HAS_OPEN_POSITION
REJECTED,EURUSD,SELL,2017-02-13 07:00:00+00:00,,PRE_TRADE_PROJECTED_EQUITY_BREACH
REJECTED,EURUSD,SELL,2017-02-14 00:00:00+00:00,,PRE_TRADE_PROJECTED_EQUITY_BREACH
REJECTED,EURUSD,SELL,2017-02-14 04:00:00+00:00,,PRE_TRADE_PROJECTED_EQUITY_BREACH
REJECTED,GBPUSD,BUY,2017-02-14 08:00:00+00:00,,PRE_TRADE_PROJECTED_EQUITY_BREACH
REJECTED,EURUSD,SELL,2017-02-14 21:00:00+00:00,,PRE_TRADE_PROJECTED_EQUITY_BREACH
REJECTED,EURUSD,SELL,2017-02-15 16:00:00+00:00,,PRE_TRADE_PROJECTED_EQUITY_BREACH
REJECTED,GBPUSD,SELL,2017-02-15 21:00:00+00:00,,PRE_TRADE_PROJECTED_EQUITY_BREACH
REJECTED,GBPUSD,SELL,2017-02-15 22:00:00+00:00,,PRE_TRADE_PROJECTED_EQUITY_BREACH
REJECTED,GBPUSD,SELL,2017-02-15 23:00:00+00:00,,PRE_TRADE_PROJECTED_EQUITY_BREACH
REJECTED,EURUSD,SELL,2017-02-16 00:00:00+00:00,,PRE_TRADE_PROJECTED_EQUITY_BREACH
REJECTED,GBPUSD,SELL,2017-02-16 05:00:00+00:00,,PRE_TRADE_PROJECTED_EQUITY_BREACH
REJECTED,EURUSD,SELL,2017-02-16 09:00:00+00:00,,PRE_TRADE_PROJECTED_EQUITY_BREACH
REJECTED,EURUSD,BUY,2017-02-17 06:00:00+00:00,,PRE_TRADE_PROJECTED_EQUITY_BREACH
REJECTED,GBPUSD,BUY,2017-02-17 07:00:00+00:00,,PRE_TRADE_PROJECTED_EQUITY_BREACH
REJECTED,EURUSD,BUY,2017-02-17 07:30:00+00:00,,PRE_TRADE_PROJECTED_EQUITY_BREACH
REJECTED,EURUSD,SELL,2017-02-19 23:00:00+00:00,,PRE_TRADE_PROJECTED_EQUITY_BREACH
REJECTED,EURUSD,SELL,2017-02-20 04:30:00+00:00,,PRE_TRADE_PROJECTED_EQUITY_BREACH
REJECTED,GBPUSD,SELL,2017-02-20 06:30:00+00:00,,PRE_TRADE_PROJECTED_EQUITY_BREACH
REJECTED,GBPUSD,SELL,2017-02-20 08:30:00+00:00,,PRE_TRADE_PROJECTED_EQUITY_BREACH
REJECTED,EURUSD,SELL,2017-02-21 06:30:00+00:00,,PRE_TRADE_PROJECTED_EQUITY_BREACH
REJECTED,GBPUSD,SELL,2017-02-21 06:30:00+00:00,,PRE_TRADE_PROJECTED_EQUITY_BREACH
REJECTED,GBPUSD,SELL,2017-02-21 14:30:00+00:00,,PRE_TRADE_PROJECTED_EQUITY_BREACH
REJECTED,GBPUSD,SELL,2017-02-22 14:30:00+00:00,,PRE_TRADE_PROJECTED_EQUITY_BREACH
REJECTED,EURUSD,SELL,2017-02-23 03:00:00+00:00,,PRE_TRADE_PROJECTED_EQUITY_BREACH
REJECTED,GBPUSD,SELL,2017-02-23 08:00:00+00:00,,PRE_TRADE_PROJECTED_EQUITY_BREACH
REJECTED,EURUSD,SELL,2017-02-23 12:00:00+00:00,,PRE_TRADE_PROJECTED_EQUITY_BREACH
REJECTED,GBPUSD,BUY,2017-02-24 01:30:00+00:00,,PRE_TRADE_PROJECTED_EQUITY_BREACH
REJECTED,EURUSD,SELL,2017-02-24 04:00:00+00:00,,PRE_TRADE_PROJECTED_EQUITY_BREACH
REJECTED,EURUSD,SELL,2017-02-24 07:00:00+00:00,,PRE_TRADE_PROJECTED_EQUITY_BREACH
REJECTED,GBPUSD,BUY,2017-02-24 08:30:00+00:00,,PRE_TRADE_PROJECTED_EQUITY_BREACH
REJECTED,GBPUSD,BUY,2017-02-24 14:00:00+00:00,,PRE_TRADE_PROJECTED_EQUITY_BREACH
REJECTED,GBPUSD,SELL,2017-02-27 15:30:00+00:00,,PRE_TRADE_PROJECTED_EQUITY_BREACH
REJECTED,EURUSD,BUY,2017-02-27 19:00:00+00:00,,PRE_TRADE_PROJECTED_EQUITY_BREACH
REJECTED,EURUSD,SELL,2017-02-28 04:00:00+00:00,,PRE_TRADE_PROJECTED_EQUITY_BREACH
REJECTED,GBPUSD,SELL,2017-02-28 06:00:00+00:00,,PRE_TRADE_PROJECTED_EQUITY_BREACH
REJECTED,GBPUSD,SELL,2017-02-28 15:00:00+00:00,,PRE_TRADE_PROJECTED_EQUITY_BREACH
REJECTED,EURUSD,BUY,2017-02-28 19:30:00+00:00,,PRE_TRADE_PROJECTED_EQUITY_BREACH
REJECTED,EURUSD,SELL,2017-03-01 15:00:00+00:00,,PRE_TRADE_PROJECTED_EQUITY_BREACH
REJECTED,GBPUSD,SELL,2017-03-01 17:30:00+00:00,,PRE_TRADE_PROJECTED_EQUITY_BREACH
REJECTED,GBPUSD,SELL,2017-03-03 00:00:00+00:00,,PRE_TRADE_PROJECTED_EQUITY_BREACH
REJECTED,EURUSD,SELL,2017-03-03 01:30:00+00:00,,PRE_TRADE_PROJECTED_EQUITY_BREACH
REJECTED,EURUSD,SELL,2017-03-03 12:30:00+00:00,,PRE_TRADE_PROJECTED_EQUITY_BREACH
REJECTED,GBPUSD,SELL,2017-03-03 20:30:00+00:00,,PRE_TRADE_PROJECTED_EQUITY_BREACH
REJECTED,EURUSD,BUY,2017-03-06 04:30:00+00:00,,PRE_TRADE_PROJECTED_EQUITY_BREACH
REJECTED,EURUSD,BUY,2017-03-06 22:00:00+00:00,,PRE_TRADE_PROJECTED_EQUITY_BREACH
REJECTED,GBPUSD,SELL,2017-03-07 03:00:00+00:00,,PRE_TRADE_PROJECTED_EQUITY_BREACH
REJECTED,EURUSD,SELL,2017-03-08 07:00:00+00:00,,PRE_TRADE_PROJECTED_EQUITY_BREACH
REJECTED,GBPUSD,SELL,2017-03-08 12:30:00+00:00,,PRE_TRADE_PROJECTED_EQUITY_BREACH
REJECTED,GBPUSD,SELL,2017-03-09 12:30:00+00:00,,PRE_TRADE_PROJECTED_EQUITY_BREACH
REJECTED,GBPUSD,SELL,2017-03-09 14:00:00+00:00,,PRE_TRADE_PROJECTED_EQUITY_BREACH
REJECTED,GBPUSD,SELL,2017-03-09 18:00:00+00:00,,PRE_TRADE_PROJECTED_EQUITY_BREACH
REJECTED,GBPUSD,SELL,2017-03-10 09:30:00+00:00,,PRE_TRADE_PROJECTED_EQUITY_BREACH
REJECTED,GBPUSD,SELL,2017-03-13 04:00:00+00:00,,PRE_TRADE_PROJECTED_EQUITY_BREACH
REJECTED,GBPUSD,SELL,2017-03-13 07:30:00+00:00,,PRE_TRADE_PROJECTED_EQUITY_BREACH
REJECTED,EURUSD,BUY,2017-03-13 10:00:00+00:00,,PRE_TRADE_PROJECTED_EQUITY_BREACH
REJECTED,EURUSD,BUY,2017-03-14 00:00:00+00:00,,PRE_TRADE_PROJECTED_EQUITY_BREACH
REJECTED,EURUSD,BUY,2017-03-14 08:30:00+00:00,,PRE_TRADE_PROJECTED_EQUITY_BREACH
REJECTED,EURUSD,BUY,2017-03-14 13:00:00+00:00,,PRE_TRADE_PROJECTED_EQUITY_BREACH
REJECTED,GBPUSD,SELL,2017-03-14 15:00:00+00:00,,PRE_TRADE_PROJECTED_EQUITY_BREACH
REJECTED,EURUSD,BUY,2017-03-14 18:30:00+00:00,,PRE_TRADE_PROJECTED_EQUITY_BREACH
REJECTED,GBPUSD,SELL,2017-03-15 06:00:00+00:00,,PRE_TRADE_PROJECTED_EQUITY_BREACH
REJECTED,GBPUSD,SELL,2017-03-15 16:00:00+00:00,,PRE_TRADE_PROJECTED_EQUITY_BREACH
REJECTED,EURUSD,BUY,2017-03-16 18:30:00+00:00,,PRE_TRADE_PROJECTED_EQUITY_BREACH
REJECTED,EURUSD,BUY,2017-03-17 12:00:00+00:00,,PRE_TRADE_PROJECTED_EQUITY_BREACH
REJECTED,GBPUSD,BUY,2017-03-17 12:00:00+00:00,,PRE_TRADE_PROJECTED_EQUITY_BREACH
REJECTED,EURUSD,BUY,2017-03-20 10:30:00+00:00,,PRE_TRADE_PROJECTED_EQUITY_BREACH
REJECTED,GBPUSD,BUY,2017-03-20 17:00:00+00:00,,PRE_TRADE_PROJECTED_EQUITY_BREACH
REJECTED,EURUSD,BUY,2017-03-20 17:30:00+00:00,,PRE_TRADE_PROJECTED_EQUITY_BREACH
REJECTED,EURUSD,BUY,2017-03-21 00:00:00+00:00,,PRE_TRADE_PROJECTED_EQUITY_BREACH
REJECTED,GBPUSD,BUY,2017-03-21 06:30:00+00:00,,PRE_TRADE_PROJECTED_EQUITY_BREACH
REJECTED,EURUSD,BUY,2017-03-22 03:00:00+00:00,,PRE_TRADE_PROJECTED_EQUITY_BREACH
REJECTED,EURUSD,BUY,2017-03-22 04:00:00+00:00,,PRE_TRADE_PROJECTED_EQUITY_BREACH
REJECTED,GBPUSD,BUY,2017-03-22 04:00:00+00:00,,PRE_TRADE_PROJECTED_EQUITY_BREACH
REJECTED,EURUSD,BUY,2017-03-22 10:00:00+00:00,,PRE_TRADE_PROJECTED_EQUITY_BREACH
REJECTED,EURUSD,BUY,2017-03-23 09:30:00+00:00,,PRE_TRADE_PROJECTED_EQUITY_BREACH
REJECTED,EURUSD,BUY,2017-03-24 01:00:00+00:00,,PRE_TRADE_PROJECTED_EQUITY_BREACH
REJECTED,GBPUSD,BUY,2017-03-24 01:00:00+00:00,,PRE_TRADE_PROJECTED_EQUITY_BREACH
REJECTED,GBPUSD,BUY,2017-03-24 05:30:00+00:00,,PRE_TRADE_PROJECTED_EQUITY_BREACH
REJECTED,GBPUSD,BUY,2017-03-24 14:30:00+00:00,,PRE_TRADE_PROJECTED_EQUITY_BREACH
REJECTED,EURUSD,BUY,2017-03-27 17:30:00+00:00,,PRE_TRADE_PROJECTED_EQUITY_BREACH
REJECTED,GBPUSD,BUY,2017-03-28 07:00:00+00:00,,PRE_TRADE_PROJECTED_EQUITY_BREACH
REJECTED,GBPUSD,BUY,2017-03-28 12:00:00+00:00,,PRE_TRADE_PROJECTED_EQUITY_BREACH
REJECTED,EURUSD,BUY,2017-03-28 17:00:00+00:00,,PRE_TRADE_PROJECTED_EQUITY_BREACH
REJECTED,GBPUSD,BUY,2017-03-28 17:00:00+00:00,,PRE_TRADE_PROJECTED_EQUITY_BREACH
REJECTED,EURUSD,BUY,2017-03-29 06:00:00+00:00,,PRE_TRADE_PROJECTED_EQUITY_BREACH
REJECTED,EURUSD,BUY,2017-03-29 08:00:00+00:00,,PRE_TRADE_PROJECTED_EQUITY_BREACH
REJECTED,GBPUSD,SELL,2017-03-29 09:00:00+00:00,,PRE_TRADE_PROJECTED_EQUITY_BREACH
REJECTED,EURUSD,SELL,2017-03-30 07:00:00+00:00,,PRE_TRADE_PROJECTED_EQUITY_BREACH
REJECTED,EURUSD,SELL,2017-03-31 00:30:00+00:00,,PRE_TRADE_PROJECTED_EQUITY_BREACH
REJECTED,GBPUSD,BUY,2017-03-31 05:00:00+00:00,,PRE_TRADE_PROJECTED_EQUITY_BREACH
REJECTED,EURUSD,SELL,2017-03-31 07:00:00+00:00,,PRE_TRADE_PROJECTED_EQUITY_BREACH
REJECTED,GBPUSD,BUY,2017-03-31 08:00:00+00:00,,PRE_TRADE_PROJECTED_EQUITY_BREACH
REJECTED,EURUSD,SELL,2017-03-31 09:00:00+00:00,,PRE_TRADE_PROJECTED_EQUITY_BREACH
REJECTED,GBPUSD,BUY,2017-04-03 09:30:00+00:00,,PRE_TRADE_PROJECTED_EQUITY_BREACH
REJECTED,GBPUSD,BUY,2017-04-03 14:00:00+00:00,,PRE_TRADE_PROJECTED_EQUITY_BREACH
REJECTED,EURUSD,SELL,2017-04-04 01:00:00+00:00,,PRE_TRADE_PROJECTED_EQUITY_BREACH
REJECTED,GBPUSD,BUY,2017-04-04 05:00:00+00:00,,PRE_TRADE_PROJECTED_EQUITY_BREACH
REJECTED,GBPUSD,BUY,2017-04-04 06:00:00+00:00,,PRE_TRADE_PROJECTED_EQUITY_BREACH
REJECTED,GBPUSD,SELL,2017-04-04 10:30:00+00:00,,PRE_TRADE_PROJECTED_EQUITY_BREACH
REJECTED,GBPUSD,SELL,2017-04-04 19:30:00+00:00,,PRE_TRADE_PROJECTED_EQUITY_BREACH
REJECTED,EURUSD,SELL,2017-04-04 23:00:00+00:00,,PRE_TRADE_PROJECTED_EQUITY_BREACH
REJECTED,EURUSD,SELL,2017-04-05 12:30:00+00:00,,PRE_TRADE_PROJECTED_EQUITY_BREACH
REJECTED,EURUSD,SELL,2017-04-05 19:30:00+00:00,,PRE_TRADE_PROJECTED_EQUITY_BREACH
REJECTED,EURUSD,SELL,2017-04-06 01:00:00+00:00,,PRE_TRADE_PROJECTED_EQUITY_BREACH
REJECTED,GBPUSD,BUY,2017-04-06 09:00:00+00:00,,PRE_TRADE_PROJECTED_EQUITY_BREACH
REJECTED,GBPUSD,BUY,2017-04-06 18:00:00+00:00,,PRE_TRADE_PROJECTED_EQUITY_BREACH
REJECTED,EURUSD,SELL,2017-04-10 05:30:00+00:00,,PRE_TRADE_PROJECTED_EQUITY_BREACH
REJECTED,GBPUSD,SELL,2017-04-10 05:30:00+00:00,,PRE_TRADE_PROJECTED_EQUITY_BREACH
REJECTED,EURUSD,SELL,2017-04-10 14:30:00+00:00,,PRE_TRADE_PROJECTED_EQUITY_BREACH
REJECTED,GBPUSD,SELL,2017-04-11 00:00:00+00:00,,PRE_TRADE_PROJECTED_EQUITY_BREACH
REJECTED,EURUSD,SELL,2017-04-11 10:00:00+00:00,,PRE_TRADE_PROJECTED_EQUITY_BREACH
REJECTED,GBPUSD,SELL,2017-04-11 13:00:00+00:00,,PRE_TRADE_PROJECTED_EQUITY_BREACH
REJECTED,EURUSD,SELL,2017-04-11 15:30:00+00:00,,PRE_TRADE_PROJECTED_EQUITY_BREACH
REJECTED,EURUSD,SELL,2017-04-12 06:30:00+00:00,,PRE_TRADE_PROJECTED_EQUITY_BREACH
REJECTED,EURUSD,SELL,2017-04-12 15:00:00+00:00,,PRE_TRADE_PROJECTED_EQUITY_BREACH
REJECTED,EURUSD,BUY,2017-04-13 07:30:00+00:00,,PRE_TRADE_PROJECTED_EQUITY_BREACH
REJECTED,GBPUSD,BUY,2017-04-13 07:30:00+00:00,,PRE_TRADE_PROJECTED_EQUITY_BREACH
REJECTED,GBPUSD,BUY,2017-04-13 12:30:00+00:00,,PRE_TRADE_PROJECTED_EQUITY_BREACH
REJECTED,GBPUSD,BUY,2017-04-13 20:00:00+00:00,,PRE_TRADE_PROJECTED_EQUITY_BREACH
REJECTED,EURUSD,SELL,2017-04-17 01:30:00+00:00,,PRE_TRADE_PROJECTED_EQUITY_BREACH
REJECTED,GBPUSD,BUY,2017-04-17 06:30:00+00:00,,PRE_TRADE_PROJECTED_EQUITY_BREACH
REJECTED,EURUSD,SELL,2017-04-17 08:00:00+00:00,,PRE_TRADE_PROJECTED_EQUITY_BREACH
REJECTED,GBPUSD,BUY,2017-04-17 19:30:00+00:00,,PRE_TRADE_PROJECTED_EQUITY_BREACH
REJECTED,EURUSD,BUY,2017-04-17 20:00:00+00:00,,PRE_TRADE_PROJECTED_EQUITY_BREACH
REJECTED,GBPUSD,BUY,2017-04-18 10:00:00+00:00,,PRE_TRADE_PROJECTED_EQUITY_BREACH
REJECTED,EURUSD,BUY,2017-04-19 14:30:00+00:00,,PRE_TRADE_PROJECTED_EQUITY_BREACH
REJECTED,GBPUSD,BUY,2017-04-19 14:30:00+00:00,,PRE_TRADE_PROJECTED_EQUITY_BREACH
REJECTED,GBPUSD,BUY,2017-04-20 03:00:00+00:00,,PRE_TRADE_PROJECTED_EQUITY_BREACH
REJECTED,EURUSD,BUY,2017-04-20 12:00:00+00:00,,PRE_TRADE_PROJECTED_EQUITY_BREACH
REJECTED,GBPUSD,BUY,2017-04-20 12:00:00+00:00,,PRE_TRADE_PROJECTED_EQUITY_BREACH
REJECTED,EURUSD,BUY,2017-04-20 18:00:00+00:00,,PRE_TRADE_PROJECTED_EQUITY_BREACH
REJECTED,EURUSD,BUY,2017-04-20 23:00:00+00:00,,PRE_TRADE_PROJECTED_EQUITY_BREACH
REJECTED,GBPUSD,BUY,2017-04-20 23:00:00+00:00,,PRE_TRADE_PROJECTED_EQUITY_BREACH
REJECTED,EURUSD,BUY,2017-04-21 07:00:00+00:00,,PRE_TRADE_PROJECTED_EQUITY_BREACH
REJECTED,GBPUSD,BUY,2017-04-24 02:00:00+00:00,,PRE_TRADE_PROJECTED_EQUITY_BREACH
REJECTED,EURUSD,BUY,2017-04-24 12:30:00+00:00,,PRE_TRADE_PROJECTED_EQUITY_BREACH
REJECTED,GBPUSD,BUY,2017-04-24 13:00:00+00:00,,PRE_TRADE_PROJECTED_EQUITY_BREACH
REJECTED,EURUSD,BUY,2017-04-24 16:30:00+00:00,,PRE_TRADE_PROJECTED_EQUITY_BREACH
REJECTED,GBPUSD,BUY,2017-04-25 00:00:00+00:00,,PRE_TRADE_PROJECTED_EQUITY_BREACH
REJECTED,EURUSD,BUY,2017-04-25 02:30:00+00:00,,PRE_TRADE_PROJECTED_EQUITY_BREACH
REJECTED,GBPUSD,BUY,2017-04-26 07:30:00+00:00,,PRE_TRADE_PROJECTED_EQUITY_BREACH
REJECTED,EURUSD,BUY,2017-04-26 08:00:00+00:00,,PRE_TRADE_PROJECTED_EQUITY_BREACH
REJECTED,EURUSD,BUY,2017-04-26 11:00:00+00:00,,PRE_TRADE_PROJECTED_EQUITY_BREACH
REJECTED,EURUSD,BUY,2017-04-26 14:00:00+00:00,,PRE_TRADE_PROJECTED_EQUITY_BREACH
REJECTED,GBPUSD,BUY,2017-04-26 14:00:00+00:00,,PRE_TRADE_PROJECTED_EQUITY_BREACH
REJECTED,EURUSD,BUY,2017-04-27 06:30:00+00:00,,PRE_TRADE_PROJECTED_EQUITY_BREACH
REJECTED,EURUSD,BUY,2017-04-28 00:00:00+00:00,,PRE_TRADE_PROJECTED_EQUITY_BREACH
REJECTED,GBPUSD,BUY,2017-04-28 00:00:00+00:00,,PRE_TRADE_PROJECTED_EQUITY_BREACH
REJECTED,EURUSD,BUY,2017-04-28 06:00:00+00:00,,PRE_TRADE_PROJECTED_EQUITY_BREACH
REJECTED,GBPUSD,BUY,2017-04-28 07:00:00+00:00,,PRE_TRADE_PROJECTED_EQUITY_BREACH
REJECTED,EURUSD,BUY,2017-04-28 13:30:00+00:00,,PRE_TRADE_PROJECTED_EQUITY_BREACH
REJECTED,GBPUSD,BUY,2017-04-28 13:30:00+00:00,,PRE_TRADE_PROJECTED_EQUITY_BREACH
REJECTED,GBPUSD,BUY,2017-04-30 22:00:00+00:00,,PRE_TRADE_PROJECTED_EQUITY_BREACH
REJECTED,GBPUSD,BUY,2017-05-01 02:00:00+00:00,,PRE_TRADE_PROJECTED_EQUITY_BREACH
REJECTED,EURUSD,BUY,2017-05-01 02:30:00+00:00,,PRE_TRADE_PROJECTED_EQUITY_BREACH
REJECTED,GBPUSD,BUY,2017-05-01 17:00:00+00:00,,PRE_TRADE_PROJECTED_EQUITY_BREACH
REJECTED,EURUSD,BUY,2017-05-01 18:00:00+00:00,,PRE_TRADE_PROJECTED_EQUITY_BREACH
REJECTED,GBPUSD,BUY,2017-05-01 20:00:00+00:00,,PRE_TRADE_PROJECTED_EQUITY_BREACH
REJECTED,EURUSD,BUY,2017-05-01 21:30:00+00:00,,PRE_TRADE_PROJECTED_EQUITY_BREACH
REJECTED,GBPUSD,BUY,2017-05-01 21:30:00+00:00,,PRE_TRADE_PROJECTED_EQUITY_BREACH
REJECTED,EURUSD,BUY,2017-05-03 04:30:00+00:00,,PRE_TRADE_PROJECTED_EQUITY_BREACH
REJECTED,GBPUSD,BUY,2017-05-03 05:00:00+00:00,,PRE_TRADE_PROJECTED_EQUITY_BREACH
REJECTED,EURUSD,BUY,2017-05-03 08:00:00+00:00,,PRE_TRADE_PROJECTED_EQUITY_BREACH
REJECTED,GBPUSD,BUY,2017-05-03 15:30:00+00:00,,PRE_TRADE_PROJECTED_EQUITY_BREACH
REJECTED,EURUSD,BUY,2017-05-03 19:00:00+00:00,,PRE_TRADE_PROJECTED_EQUITY_BREACH
REJECTED,GBPUSD,BUY,2017-05-03 19:00:00+00:00,,PRE_TRADE_PROJECTED_EQUITY_BREACH
REJECTED,GBPUSD,BUY,2017-05-04 07:00:00+00:00,,PRE_TRADE_PROJECTED_EQUITY_BREACH
REJECTED,EURUSD,BUY,2017-05-04 07:30:00+00:00,,PRE_TRADE_PROJECTED_EQUITY_BREACH
REJECTED,EURUSD,BUY,2017-05-05 02:30:00+00:00,,PRE_TRADE_PROJECTED_EQUITY_BREACH
REJECTED,EURUSD,BUY,2017-05-05 07:30:00+00:00,,PRE_TRADE_PROJECTED_EQUITY_BREACH
REJECTED,EURUSD,BUY,2017-05-08 10:30:00+00:00,,PRE_TRADE_PROJECTED_EQUITY_BREACH
REJECTED,GBPUSD,BUY,2017-05-08 12:30:00+00:00,,PRE_TRADE_PROJECTED_EQUITY_BREACH
REJECTED,EURUSD,BUY,2017-05-08 16:00:00+00:00,,PRE_TRADE_PROJECTED_EQUITY_BREACH
REJECTED,EURUSD,BUY,2017-05-08 21:30:00+00:00,,PRE_TRADE_PROJECTED_EQUITY_BREACH
REJECTED,EURUSD,BUY,2017-05-09 07:00:00+00:00,,PRE_TRADE_PROJECTED_EQUITY_BREACH
REJECTED,EURUSD,SELL,2017-05-10 00:00:00+00:00,,PRE_TRADE_PROJECTED_EQUITY_BREACH
REJECTED,GBPUSD,BUY,2017-05-10 03:30:00+00:00,,PRE_TRADE_PROJECTED_EQUITY_BREACH
REJECTED,GBPUSD,BUY,2017-05-10 15:00:00+00:00,,PRE_TRADE_PROJECTED_EQUITY_BREACH
REJECTED,GBPUSD,BUY,2017-05-10 23:30:00+00:00,,PRE_TRADE_PROJECTED_EQUITY_BREACH
REJECTED,EURUSD,SELL,2017-05-11 08:30:00+00:00,,PRE_TRADE_PROJECTED_EQUITY_BREACH
REJECTED,GBPUSD,SELL,2017-05-11 19:30:00+00:00,,PRE_TRADE_PROJECTED_EQUITY_BREACH
REJECTED,EURUSD,SELL,2017-05-12 00:00:00+00:00,,PRE_TRADE_PROJECTED_EQUITY_BREACH
REJECTED,EURUSD,SELL,2017-05-12 03:00:00+00:00,,PRE_TRADE_PROJECTED_EQUITY_BREACH
REJECTED,EURUSD,SELL,2017-05-12 10:30:00+00:00,,PRE_TRADE_PROJECTED_EQUITY_BREACH
REJECTED,GBPUSD,SELL,2017-05-15 04:00:00+00:00,,PRE_TRADE_PROJECTED_EQUITY_BREACH
REJECTED,EURUSD,BUY,2017-05-18 06:30:00+00:00,,PRE_TRADE_PROJECTED_EQUITY_BREACH
REJECTED,GBPUSD,BUY,2017-05-18 07:00:00+00:00,,PRE_TRADE_PROJECTED_EQUITY_BREACH
REJECTED,EURUSD,BUY,2017-05-18 18:30:00+00:00,,PRE_TRADE_PROJECTED_EQUITY_BREACH
REJECTED,GBPUSD,BUY,2017-05-18 18:30:00+00:00,,PRE_TRADE_PROJECTED_EQUITY_BREACH
REJECTED,GBPUSD,BUY,2017-05-21 22:00:00+00:00,,PRE_TRADE_PROJECTED_EQUITY_BREACH
REJECTED,GBPUSD,BUY,2017-05-22 01:00:00+00:00,,PRE_TRADE_PROJECTED_EQUITY_BREACH
REJECTED,EURUSD,BUY,2017-05-22 01:30:00+00:00,,PRE_TRADE_PROJECTED_EQUITY_BREACH
REJECTED,GBPUSD,BUY,2017-05-22 19:30:00+00:00,,PRE_TRADE_PROJECTED_EQUITY_BREACH
REJECTED,GBPUSD,BUY,2017-05-23 01:30:00+00:00,,PRE_TRADE_PROJECTED_EQUITY_BREACH
REJECTED,EURUSD,BUY,2017-05-23 07:00:00+00:00,,PRE_TRADE_PROJECTED_EQUITY_BREACH
REJECTED,GBPUSD,BUY,2017-05-23 07:30:00+00:00,,PRE_TRADE_PROJECTED_EQUITY_BREACH
REJECTED,EURUSD,BUY,2017-05-23 12:30:00+00:00,,PRE_TRADE_PROJECTED_EQUITY_BREACH
REJECTED,EURUSD,BUY,2017-05-23 20:00:00+00:00,,PRE_TRADE_PROJECTED_EQUITY_BREACH
REJECTED,GBPUSD,BUY,2017-05-24 14:00:00+00:00,,PRE_TRADE_PROJECTED_EQUITY_BREACH
REJECTED,GBPUSD,SELL,2017-05-24 19:00:00+00:00,,PRE_TRADE_PROJECTED_EQUITY_BREACH
REJECTED,GBPUSD,SELL,2017-05-24 21:00:00+00:00,,PRE_TRADE_PROJECTED_EQUITY_BREACH
REJECTED,EURUSD,BUY,2017-05-25 11:00:00+00:00,,PRE_TRADE_PROJECTED_EQUITY_BREACH
REJECTED,EURUSD,BUY,2017-05-25 13:30:00+00:00,,PRE_TRADE_PROJECTED_EQUITY_BREACH
REJECTED,EURUSD,BUY,2017-05-25 18:00:00+00:00,,PRE_TRADE_PROJECTED_EQUITY_BREACH
REJECTED,EURUSD,BUY,2017-05-26 01:00:00+00:00,,PRE_TRADE_PROJECTED_EQUITY_BREACH
REJECTED,EURUSD,BUY,2017-05-26 12:30:00+00:00,,PRE_TRADE_PROJECTED_EQUITY_BREACH
REJECTED,EURUSD,BUY,2017-05-26 14:00:00+00:00,,PRE_TRADE_PROJECTED_EQUITY_BREACH
REJECTED,GBPUSD,SELL,2017-05-29 01:30:00+00:00,,PRE_TRADE_PROJECTED_EQUITY_BREACH
REJECTED,GBPUSD,SELL,2017-05-29 05:30:00+00:00,,PRE_TRADE_PROJECTED_EQUITY_BREACH
REJECTED,EURUSD,BUY,2017-05-29 14:00:00+00:00,,PRE_TRADE_PROJECTED_EQUITY_BREACH
REJECTED,GBPUSD,SELL,2017-05-29 17:00:00+00:00,,PRE_TRADE_PROJECTED_EQUITY_BREACH
REJECTED,EURUSD,BUY,2017-05-29 21:30:00+00:00,,PRE_TRADE_PROJECTED_EQUITY_BREACH
REJECTED,GBPUSD,SELL,2017-05-30 07:30:00+00:00,,PRE_TRADE_PROJECTED_EQUITY_BREACH
REJECTED,GBPUSD,SELL,2017-05-30 12:00:00+00:00,,PRE_TRADE_PROJECTED_EQUITY_BREACH
REJECTED,EURUSD,BUY,2017-05-31 06:00:00+00:00,,PRE_TRADE_PROJECTED_EQUITY_BREACH
REJECTED,GBPUSD,SELL,2017-05-31 14:30:00+00:00,,PRE_TRADE_PROJECTED_EQUITY_BREACH
REJECTED,EURUSD,BUY,2017-06-01 07:00:00+00:00,,PRE_TRADE_PROJECTED_EQUITY_BREACH
REJECTED,EURUSD,BUY,2017-06-01 13:00:00+00:00,,PRE_TRADE_PROJECTED_EQUITY_BREACH
REJECTED,GBPUSD,SELL,2017-06-01 14:00:00+00:00,,PRE_TRADE_PROJECTED_EQUITY_BREACH
REJECTED,EURUSD,BUY,2017-06-02 12:30:00+00:00,,PRE_TRADE_PROJECTED_EQUITY_BREACH
REJECTED,GBPUSD,BUY,2017-06-05 19:30:00+00:00,,PRE_TRADE_PROJECTED_EQUITY_BREACH
REJECTED,EURUSD,BUY,2017-06-06 08:00:00+00:00,,PRE_TRADE_PROJECTED_EQUITY_BREACH
REJECTED,EURUSD,BUY,2017-06-07 00:30:00+00:00,,PRE_TRADE_PROJECTED_EQUITY_BREACH
REJECTED,EURUSD,BUY,2017-06-07 04:00:00+00:00,,PRE_TRADE_PROJECTED_EQUITY_BREACH
REJECTED,EURUSD,BUY,2017-06-08 01:00:00+00:00,,PRE_TRADE_PROJECTED_EQUITY_BREACH
REJECTED,GBPUSD,BUY,2017-06-08 05:30:00+00:00,,PRE_TRADE_PROJECTED_EQUITY_BREACH
REJECTED,GBPUSD,BUY,2017-06-08 10:00:00+00:00,,PRE_TRADE_PROJECTED_EQUITY_BREACH
REJECTED,EURUSD,BUY,2017-06-08 10:30:00+00:00,,PRE_TRADE_PROJECTED_EQUITY_BREACH
REJECTED,GBPUSD,BUY,2017-06-08 13:30:00+00:00,,PRE_TRADE_PROJECTED_EQUITY_BREACH
REJECTED,GBPUSD,BUY,2017-06-08 22:00:00+00:00,,PRE_TRADE_PROJECTED_EQUITY_BREACH
REJECTED,EURUSD,SELL,2017-06-09 05:00:00+00:00,,PRE_TRADE_PROJECTED_EQUITY_BREACH
REJECTED,GBPUSD,SELL,2017-06-09 11:00:00+00:00,,PRE_TRADE_PROJECTED_EQUITY_BREACH
REJECTED,GBPUSD,SELL,2017-06-09 12:00:00+00:00,,PRE_TRADE_PROJECTED_EQUITY_BREACH
REJECTED,EURUSD,SELL,2017-06-09 16:00:00+00:00,,PRE_TRADE_PROJECTED_EQUITY_BREACH
REJECTED,EURUSD,SELL,2017-06-09 17:30:00+00:00,,PRE_TRADE_PROJECTED_EQUITY_BREACH
REJECTED,GBPUSD,SELL,2017-06-12 03:30:00+00:00,,PRE_TRADE_PROJECTED_EQUITY_BREACH
REJECTED,GBPUSD,SELL,2017-06-12 22:00:00+00:00,,PRE_TRADE_PROJECTED_EQUITY_BREACH
REJECTED,GBPUSD,SELL,2017-06-13 07:00:00+00:00,,PRE_TRADE_PROJECTED_EQUITY_BREACH
REJECTED,EURUSD,SELL,2017-06-13 08:00:00+00:00,,PRE_TRADE_PROJECTED_EQUITY_BREACH
REJECTED,GBPUSD,SELL,2017-06-13 09:00:00+00:00,,PRE_TRADE_PROJECTED_EQUITY_BREACH
REJECTED,GBPUSD,SELL,2017-06-13 16:30:00+00:00,,PRE_TRADE_PROJECTED_EQUITY_BREACH
REJECTED,EURUSD,SELL,2017-06-14 01:00:00+00:00,,PRE_TRADE_PROJECTED_EQUITY_BREACH
REJECTED,GBPUSD,SELL,2017-06-14 07:00:00+00:00,,PRE_TRADE_PROJECTED_EQUITY_BREACH
REJECTED,GBPUSD,SELL,2017-06-14 14:00:00+00:00,,PRE_TRADE_PROJECTED_EQUITY_BREACH
REJECTED,EURUSD,BUY,2017-06-14 18:00:00+00:00,,PRE_TRADE_PROJECTED_EQUITY_BREACH
REJECTED,GBPUSD,SELL,2017-06-15 12:00:00+00:00,,PRE_TRADE_PROJECTED_EQUITY_BREACH
REJECTED,GBPUSD,SELL,2017-06-15 16:30:00+00:00,,PRE_TRADE_PROJECTED_EQUITY_BREACH
REJECTED,EURUSD,SELL,2017-06-16 01:00:00+00:00,,PRE_TRADE_PROJECTED_EQUITY_BREACH
REJECTED,GBPUSD,SELL,2017-06-16 01:00:00+00:00,,PRE_TRADE_PROJECTED_EQUITY_BREACH
REJECTED,EURUSD,SELL,2017-06-16 09:00:00+00:00,,PRE_TRADE_PROJECTED_EQUITY_BREACH
REJECTED,EURUSD,SELL,2017-06-16 15:30:00+00:00,,PRE_TRADE_PROJECTED_EQUITY_BREACH
REJECTED,GBPUSD,SELL,2017-06-19 08:00:00+00:00,,PRE_TRADE_PROJECTED_EQUITY_BREACH
REJECTED,EURUSD,SELL,2017-06-20 02:30:00+00:00,,PRE_TRADE_PROJECTED_EQUITY_BREACH
REJECTED,EURUSD,SELL,2017-06-20 07:00:00+00:00,,PRE_TRADE_PROJECTED_EQUITY_BREACH
REJECTED,GBPUSD,SELL,2017-06-20 07:00:00+00:00,,PRE_TRADE_PROJECTED_EQUITY_BREACH
REJECTED,EURUSD,SELL,2017-06-20 20:00:00+00:00,,PRE_TRADE_PROJECTED_EQUITY_BREACH
REJECTED,GBPUSD,SELL,2017-06-21 11:00:00+00:00,,PRE_TRADE_PROJECTED_EQUITY_BREACH
REJECTED,EURUSD,SELL,2017-06-21 17:30:00+00:00,,PRE_TRADE_PROJECTED_EQUITY_BREACH
REJECTED,EURUSD,SELL,2017-06-21 18:30:00+00:00,,PRE_TRADE_PROJECTED_EQUITY_BREACH
REJECTED,GBPUSD,SELL,2017-06-23 01:30:00+00:00,,PRE_TRADE_PROJECTED_EQUITY_BREACH
REJECTED,EURUSD,SELL,2017-06-23 02:30:00+00:00,,PRE_TRADE_PROJECTED_EQUITY_BREACH
REJECTED,GBPUSD,SELL,2017-06-23 02:30:00+00:00,,PRE_TRADE_PROJECTED_EQUITY_BREACH
REJECTED,GBPUSD,SELL,2017-06-23 03:30:00+00:00,,PRE_TRADE_PROJECTED_EQUITY_BREACH
REJECTED,EURUSD,SELL,2017-06-23 07:00:00+00:00,,PRE_TRADE_PROJECTED_EQUITY_BREACH
REJECTED,GBPUSD,BUY,2017-06-23 14:00:00+00:00,,PRE_TRADE_PROJECTED_EQUITY_BREACH
REJECTED,EURUSD,BUY,2017-06-26 02:30:00+00:00,,PRE_TRADE_PROJECTED_EQUITY_BREACH
REJECTED,EURUSD,BUY,2017-06-26 10:30:00+00:00,,PRE_TRADE_PROJECTED_EQUITY_BREACH
REJECTED,EURUSD,BUY,2017-06-26 17:00:00+00:00,,PRE_TRADE_PROJECTED_EQUITY_BREACH
REJECTED,EURUSD,BUY,2017-06-29 06:00:00+00:00,,PRE_TRADE_PROJECTED_EQUITY_BREACH
REJECTED,EURUSD,BUY,2017-06-29 11:30:00+00:00,,PRE_TRADE_PROJECTED_EQUITY_BREACH
REJECTED,EURUSD,BUY,2017-06-30 01:00:00+00:00,,PRE_TRADE_PROJECTED_EQUITY_BREACH
REJECTED,EURUSD,BUY,2017-06-30 06:30:00+00:00,,PRE_TRADE_PROJECTED_EQUITY_BREACH
REJECTED,EURUSD,BUY,2017-06-30 09:30:00+00:00,,PRE_TRADE_PROJECTED_EQUITY_BREACH
REJECTED,GBPUSD,BUY,2017-07-03 01:30:00+00:00,,PRE_TRADE_PROJECTED_EQUITY_BREACH
REJECTED,EURUSD,BUY,2017-07-03 03:00:00+00:00,,PRE_TRADE_PROJECTED_EQUITY_BREACH
REJECTED,GBPUSD,BUY,2017-07-03 06:00:00+00:00,,PRE_TRADE_PROJECTED_EQUITY_BREACH
REJECTED,EURUSD,BUY,2017-07-03 09:00:00+00:00,,PRE_TRADE_PROJECTED_EQUITY_BREACH
REJECTED,GBPUSD,BUY,2017-07-03 09:30:00+00:00,,PRE_TRADE_PROJECTED_EQUITY_BREACH
REJECTED,GBPUSD,BUY,2017-07-04 03:30:00+00:00,,PRE_TRADE_PROJECTED_EQUITY_BREACH
REJECTED,EURUSD,BUY,2017-07-04 06:30:00+00:00,,PRE_TRADE_PROJECTED_EQUITY_BREACH
REJECTED,EURUSD,BUY,2017-07-04 21:30:00+00:00,,PRE_TRADE_PROJECTED_EQUITY_BREACH
REJECTED,EURUSD,BUY,2017-07-05 05:00:00+00:00,,PRE_TRADE_PROJECTED_EQUITY_BREACH
REJECTED,GBPUSD,BUY,2017-07-05 06:30:00+00:00,,PRE_TRADE_PROJECTED_EQUITY_BREACH
REJECTED,EURUSD,BUY,2017-07-05 10:00:00+00:00,,PRE_TRADE_PROJECTED_EQUITY_BREACH
REJECTED,EURUSD,BUY,2017-07-06 01:00:00+00:00,,PRE_TRADE_PROJECTED_EQUITY_BREACH
REJECTED,GBPUSD,BUY,2017-07-06 08:30:00+00:00,,PRE_TRADE_PROJECTED_EQUITY_BREACH
REJECTED,GBPUSD,BUY,2017-07-07 06:30:00+00:00,,PRE_TRADE_PROJECTED_EQUITY_BREACH
REJECTED,GBPUSD,BUY,2017-07-07 09:30:00+00:00,,PRE_TRADE_PROJECTED_EQUITY_BREACH
REJECTED,EURUSD,BUY,2017-07-07 15:00:00+00:00,,PRE_TRADE_PROJECTED_EQUITY_BREACH
REJECTED,GBPUSD,SELL,2017-07-10 02:30:00+00:00,,PRE_TRADE_PROJECTED_EQUITY_BREACH
REJECTED,GBPUSD,SELL,2017-07-10 06:30:00+00:00,,PRE_TRADE_PROJECTED_EQUITY_BREACH
REJECTED,EURUSD,BUY,2017-07-10 23:00:00+00:00,,PRE_TRADE_PROJECTED_EQUITY_BREACH
REJECTED,EURUSD,BUY,2017-07-11 06:00:00+00:00,,PRE_TRADE_PROJECTED_EQUITY_BREACH
REJECTED,GBPUSD,SELL,2017-07-11 08:30:00+00:00,,PRE_TRADE_PROJECTED_EQUITY_BREACH
REJECTED,GBPUSD,SELL,2017-07-12 00:00:00+00:00,,PRE_TRADE_PROJECTED_EQUITY_BREACH
REJECTED,EURUSD,BUY,2017-07-12 07:30:00+00:00,,PRE_TRADE_PROJECTED_EQUITY_BREACH
REJECTED,EURUSD,BUY,2017-07-13 08:30:00+00:00,,PRE_TRADE_PROJECTED_EQUITY_BREACH
REJECTED,GBPUSD,BUY,2017-07-17 06:00:00+00:00,,PRE_TRADE_PROJECTED_EQUITY_BREACH
REJECTED,GBPUSD,BUY,2017-07-17 07:00:00+00:00,,PRE_TRADE_PROJECTED_EQUITY_BREACH
REJECTED,GBPUSD,BUY,2017-07-17 12:30:00+00:00,,PRE_TRADE_PROJECTED_EQUITY_BREACH
REJECTED,GBPUSD,BUY,2017-07-17 19:00:00+00:00,,PRE_TRADE_PROJECTED_EQUITY_BREACH
REJECTED,EURUSD,BUY,2017-07-18 00:30:00+00:00,,PRE_TRADE_PROJECTED_EQUITY_BREACH
REJECTED,EURUSD,BUY,2017-07-18 07:00:00+00:00,,PRE_TRADE_PROJECTED_EQUITY_BREACH
REJECTED,GBPUSD,BUY,2017-07-18 21:30:00+00:00,,PRE_TRADE_PROJECTED_EQUITY_BREACH
REJECTED,EURUSD,BUY,2017-07-19 00:00:00+00:00,,PRE_TRADE_PROJECTED_EQUITY_BREACH
REJECTED,EURUSD,BUY,2017-07-19 03:30:00+00:00,,PRE_TRADE_PROJECTED_EQUITY_BREACH
REJECTED,EURUSD,BUY,2017-07-19 06:30:00+00:00,,PRE_TRADE_PROJECTED_EQUITY_BREACH
REJECTED,EURUSD,BUY,2017-07-19 21:00:00+00:00,,PRE_TRADE_PROJECTED_EQUITY_BREACH
REJECTED,EURUSD,BUY,2017-07-20 02:30:00+00:00,,PRE_TRADE_PROJECTED_EQUITY_BREACH
REJECTED,GBPUSD,BUY,2017-07-20 03:00:00+00:00,,PRE_TRADE_PROJECTED_EQUITY_BREACH
REJECTED,GBPUSD,BUY,2017-07-20 08:00:00+00:00,,PRE_TRADE_PROJECTED_EQUITY_BREACH
REJECTED,EURUSD,BUY,2017-07-20 12:30:00+00:00,,PRE_TRADE_PROJECTED_EQUITY_BREACH
REJECTED,GBPUSD,SELL,2017-07-20 15:00:00+00:00,,PRE_TRADE_PROJECTED_EQUITY_BREACH
REJECTED,GBPUSD,SELL,2017-07-21 06:00:00+00:00,,PRE_TRADE_PROJECTED_EQUITY_BREACH
REJECTED,EURUSD,BUY,2017-07-21 21:30:00+00:00,,PRE_TRADE_PROJECTED_EQUITY_BREACH
REJECTED,EURUSD,BUY,2017-07-24 07:00:00+00:00,,PRE_TRADE_PROJECTED_EQUITY_BREACH
REJECTED,GBPUSD,BUY,2017-07-24 07:00:00+00:00,,PRE_TRADE_PROJECTED_EQUITY_BREACH
REJECTED,GBPUSD,BUY,2017-07-25 21:30:00+00:00,,PRE_TRADE_PROJECTED_EQUITY_BREACH
REJECTED,EURUSD,BUY,2017-07-26 01:00:00+00:00,,PRE_TRADE_PROJECTED_EQUITY_BREACH
REJECTED,GBPUSD,BUY,2017-07-26 01:30:00+00:00,,PRE_TRADE_PROJECTED_EQUITY_BREACH
REJECTED,EURUSD,BUY,2017-07-26 02:00:00+00:00,,PRE_TRADE_PROJECTED_EQUITY_BREACH
REJECTED,EURUSD,BUY,2017-07-26 09:00:00+00:00,,PRE_TRADE_PROJECTED_EQUITY_BREACH
REJECTED,EURUSD,BUY,2017-07-26 15:00:00+00:00,,PRE_TRADE_PROJECTED_EQUITY_BREACH
REJECTED,EURUSD,BUY,2017-07-27 07:30:00+00:00,,PRE_TRADE_PROJECTED_EQUITY_BREACH
REJECTED,EURUSD,BUY,2017-07-27 11:30:00+00:00,,PRE_TRADE_PROJECTED_EQUITY_BREACH
REJECTED,EURUSD,BUY,2017-07-27 12:30:00+00:00,,PRE_TRADE_PROJECTED_EQUITY_BREACH
REJECTED,GBPUSD,BUY,2017-07-27 15:00:00+00:00,,PRE_TRADE_PROJECTED_EQUITY_BREACH
REJECTED,EURUSD,BUY,2017-07-27 16:30:00+00:00,,PRE_TRADE_PROJECTED_EQUITY_BREACH
REJECTED,GBPUSD,BUY,2017-07-31 03:30:00+00:00,,PRE_TRADE_PROJECTED_EQUITY_BREACH
REJECTED,EURUSD,BUY,2017-07-31 04:30:00+00:00,,PRE_TRADE_PROJECTED_EQUITY_BREACH
REJECTED,EURUSD,BUY,2017-08-01 00:00:00+00:00,,PRE_TRADE_PROJECTED_EQUITY_BREACH
REJECTED,GBPUSD,BUY,2017-08-01 00:00:00+00:00,,PRE_TRADE_PROJECTED_EQUITY_BREACH
REJECTED,EURUSD,BUY,2017-08-01 07:00:00+00:00,,PRE_TRADE_PROJECTED_EQUITY_BREACH
REJECTED,GBPUSD,BUY,2017-08-01 12:30:00+00:00,,PRE_TRADE_PROJECTED_EQUITY_BREACH
REJECTED,EURUSD,BUY,2017-08-02 12:30:00+00:00,,PRE_TRADE_PROJECTED_EQUITY_BREACH
REJECTED,GBPUSD,BUY,2017-08-02 20:00:00+00:00,,PRE_TRADE_PROJECTED_EQUITY_BREACH
REJECTED,GBPUSD,BUY,2017-08-03 02:30:00+00:00,,PRE_TRADE_PROJECTED_EQUITY_BREACH
REJECTED,GBPUSD,BUY,2017-08-03 12:00:00+00:00,,PRE_TRADE_PROJECTED_EQUITY_BREACH
REJECTED,EURUSD,BUY,2017-08-04 13:30:00+00:00,,PRE_TRADE_PROJECTED_EQUITY_BREACH
REJECTED,EURUSD,BUY,2017-08-04 15:00:00+00:00,,PRE_TRADE_PROJECTED_EQUITY_BREACH
REJECTED,GBPUSD,SELL,2017-08-07 04:00:00+00:00,,PRE_TRADE_PROJECTED_EQUITY_BREACH
REJECTED,EURUSD,BUY,2017-08-07 06:30:00+00:00,,PRE_TRADE_PROJECTED_EQUITY_BREACH
REJECTED,GBPUSD,SELL,2017-08-07 19:30:00+00:00,,PRE_TRADE_PROJECTED_EQUITY_BREACH
REJECTED,GBPUSD,SELL,2017-08-08 02:00:00+00:00,,PRE_TRADE_PROJECTED_EQUITY_BREACH
REJECTED,EURUSD,BUY,2017-08-08 15:00:00+00:00,,PRE_TRADE_PROJECTED_EQUITY_BREACH
REJECTED,EURUSD,SELL,2017-08-09 07:00:00+00:00,,PRE_TRADE_PROJECTED_EQUITY_BREACH
REJECTED,GBPUSD,SELL,2017-08-09 07:00:00+00:00,,PRE_TRADE_PROJECTED_EQUITY_BREACH
REJECTED,GBPUSD,SELL,2017-08-11 01:00:00+00:00,,PRE_TRADE_PROJECTED_EQUITY_BREACH
REJECTED,EURUSD,BUY,2017-08-11 03:00:00+00:00,,PRE_TRADE_PROJECTED_EQUITY_BREACH
REJECTED,GBPUSD,SELL,2017-08-11 17:30:00+00:00,,PRE_TRADE_PROJECTED_EQUITY_BREACH
REJECTED,EURUSD,BUY,2017-08-14 05:00:00+00:00,,PRE_TRADE_PROJECTED_EQUITY_BREACH
REJECTED,GBPUSD,SELL,2017-08-15 18:00:00+00:00,,PRE_TRADE_PROJECTED_EQUITY_BREACH
REJECTED,EURUSD,SELL,2017-08-16 18:00:00+00:00,,PRE_TRADE_PROJECTED_EQUITY_BREACH
REJECTED,GBPUSD,SELL,2017-08-16 19:00:00+00:00,,PRE_TRADE_PROJECTED_EQUITY_BREACH
REJECTED,GBPUSD,SELL,2017-08-17 14:30:00+00:00,,PRE_TRADE_PROJECTED_EQUITY_BREACH
REJECTED,EURUSD,SELL,2017-08-17 15:00:00+00:00,,PRE_TRADE_PROJECTED_EQUITY_BREACH
REJECTED,GBPUSD,SELL,2017-08-18 05:00:00+00:00,,PRE_TRADE_PROJECTED_EQUITY_BREACH
REJECTED,GBPUSD,SELL,2017-08-18 19:30:00+00:00,,PRE_TRADE_PROJECTED_EQUITY_BREACH
REJECTED,GBPUSD,SELL,2017-08-18 21:00:00+00:00,,PRE_TRADE_PROJECTED_EQUITY_BREACH
REJECTED,GBPUSD,SELL,2017-08-21 11:30:00+00:00,,PRE_TRADE_PROJECTED_EQUITY_BREACH
REJECTED,GBPUSD,SELL,2017-08-22 02:00:00+00:00,,PRE_TRADE_PROJECTED_EQUITY_BREACH
REJECTED,EURUSD,BUY,2017-08-22 04:00:00+00:00,,PRE_TRADE_PROJECTED_EQUITY_BREACH
REJECTED,EURUSD,BUY,2017-08-24 02:30:00+00:00,,PRE_TRADE_PROJECTED_EQUITY_BREACH
REJECTED,GBPUSD,SELL,2017-08-24 09:00:00+00:00,,PRE_TRADE_PROJECTED_EQUITY_BREACH
REJECTED,GBPUSD,SELL,2017-08-25 06:00:00+00:00,,PRE_TRADE_PROJECTED_EQUITY_BREACH
REJECTED,EURUSD,BUY,2017-08-25 07:30:00+00:00,,PRE_TRADE_PROJECTED_EQUITY_BREACH
REJECTED,GBPUSD,SELL,2017-08-25 10:00:00+00:00,,PRE_TRADE_PROJECTED_EQUITY_BREACH
REJECTED,GBPUSD,BUY,2017-08-28 01:30:00+00:00,,PRE_TRADE_PROJECTED_EQUITY_BREACH
REJECTED,EURUSD,BUY,2017-08-28 02:00:00+00:00,,PRE_TRADE_PROJECTED_EQUITY_BREACH
REJECTED,EURUSD,BUY,2017-08-28 04:30:00+00:00,,PRE_TRADE_PROJECTED_EQUITY_BREACH
REJECTED,GBPUSD,BUY,2017-08-28 04:30:00+00:00,,PRE_TRADE_PROJECTED_EQUITY_BREACH
REJECTED,EURUSD,BUY,2017-08-28 23:30:00+00:00,,PRE_TRADE_PROJECTED_EQUITY_BREACH
REJECTED,EURUSD,BUY,2017-08-29 18:00:00+00:00,,PRE_TRADE_PROJECTED_EQUITY_BREACH
REJECTED,GBPUSD,BUY,2017-08-29 18:00:00+00:00,,PRE_TRADE_PROJECTED_EQUITY_BREACH
REJECTED,GBPUSD,BUY,2017-08-29 21:30:00+00:00,,PRE_TRADE_PROJECTED_EQUITY_BREACH
REJECTED,EURUSD,BUY,2017-08-30 06:30:00+00:00,,PRE_TRADE_PROJECTED_EQUITY_BREACH
REJECTED,GBPUSD,BUY,2017-08-30 07:00:00+00:00,,PRE_TRADE_PROJECTED_EQUITY_BREACH
REJECTED,EURUSD,BUY,2017-08-30 13:00:00+00:00,,PRE_TRADE_PROJECTED_EQUITY_BREACH
REJECTED,GBPUSD,BUY,2017-08-31 00:30:00+00:00,,PRE_TRADE_PROJECTED_EQUITY_BREACH
REJECTED,EURUSD,BUY,2017-08-31 03:00:00+00:00,,PRE_TRADE_PROJECTED_EQUITY_BREACH
REJECTED,GBPUSD,BUY,2017-08-31 08:00:00+00:00,,PRE_TRADE_PROJECTED_EQUITY_BREACH
REJECTED,EURUSD,BUY,2017-08-31 11:00:00+00:00,,PRE_TRADE_PROJECTED_EQUITY_BREACH
REJECTED,GBPUSD,BUY,2017-09-01 04:30:00+00:00,,PRE_TRADE_PROJECTED_EQUITY_BREACH
REJECTED,EURUSD,BUY,2017-09-01 06:00:00+00:00,,PRE_TRADE_PROJECTED_EQUITY_BREACH
REJECTED,GBPUSD,BUY,2017-09-04 03:00:00+00:00,,PRE_TRADE_PROJECTED_EQUITY_BREACH
REJECTED,EURUSD,BUY,2017-09-04 17:30:00+00:00,,PRE_TRADE_PROJECTED_EQUITY_BREACH
REJECTED,GBPUSD,BUY,2017-09-04 17:30:00+00:00,,PRE_TRADE_PROJECTED_EQUITY_BREACH
REJECTED,GBPUSD,BUY,2017-09-05 07:00:00+00:00,,PRE_TRADE_PROJECTED_EQUITY_BREACH
REJECTED,GBPUSD,BUY,2017-09-06 05:00:00+00:00,,PRE_TRADE_PROJECTED_EQUITY_BREACH
REJECTED,EURUSD,BUY,2017-09-06 18:30:00+00:00,,PRE_TRADE_PROJECTED_EQUITY_BREACH
REJECTED,GBPUSD,BUY,2017-09-06 19:00:00+00:00,,PRE_TRADE_PROJECTED_EQUITY_BREACH
REJECTED,EURUSD,BUY,2017-09-08 15:30:00+00:00,,PRE_TRADE_PROJECTED_EQUITY_BREACH
REJECTED,EURUSD,BUY,2017-09-11 02:00:00+00:00,,PRE_TRADE_PROJECTED_EQUITY_BREACH
REJECTED,GBPUSD,BUY,2017-09-11 02:30:00+00:00,,PRE_TRADE_PROJECTED_EQUITY_BREACH
REJECTED,EURUSD,BUY,2017-09-11 12:30:00+00:00,,PRE_TRADE_PROJECTED_EQUITY_BREACH
REJECTED,EURUSD,BUY,2017-09-11 16:30:00+00:00,,PRE_TRADE_PROJECTED_EQUITY_BREACH
REJECTED,GBPUSD,BUY,2017-09-11 16:30:00+00:00,,PRE_TRADE_PROJECTED_EQUITY_BREACH
REJECTED,EURUSD,BUY,2017-09-12 10:00:00+00:00,,PRE_TRADE_PROJECTED_EQUITY_BREACH
REJECTED,GBPUSD,BUY,2017-09-13 10:30:00+00:00,,PRE_TRADE_PROJECTED_EQUITY_BREACH
REJECTED,EURUSD,BUY,2017-09-13 14:00:00+00:00,,PRE_TRADE_PROJECTED_EQUITY_BREACH
REJECTED,GBPUSD,BUY,2017-09-13 14:30:00+00:00,,PRE_TRADE_PROJECTED_EQUITY_BREACH
REJECTED,EURUSD,SELL,2017-09-14 08:00:00+00:00,,PRE_TRADE_PROJECTED_EQUITY_BREACH
REJECTED,EURUSD,SELL,2017-09-14 18:30:00+00:00,,PRE_TRADE_PROJECTED_EQUITY_BREACH
REJECTED,EURUSD,SELL,2017-09-15 10:00:00+00:00,,PRE_TRADE_PROJECTED_EQUITY_BREACH
REJECTED,EURUSD,BUY,2017-09-15 18:00:00+00:00,,PRE_TRADE_PROJECTED_EQUITY_BREACH
REJECTED,GBPUSD,BUY,2017-09-18 16:00:00+00:00,,PRE_TRADE_PROJECTED_EQUITY_BREACH
REJECTED,EURUSD,BUY,2017-09-18 17:00:00+00:00,,PRE_TRADE_PROJECTED_EQUITY_BREACH
REJECTED,GBPUSD,BUY,2017-09-19 09:00:00+00:00,,PRE_TRADE_PROJECTED_EQUITY_BREACH
REJECTED,EURUSD,BUY,2017-09-19 16:00:00+00:00,,PRE_TRADE_PROJECTED_EQUITY_BREACH
REJECTED,EURUSD,BUY,2017-09-20 13:30:00+00:00,,PRE_TRADE_PROJECTED_EQUITY_BREACH
REJECTED,GBPUSD,BUY,2017-09-21 06:00:00+00:00,,PRE_TRADE_PROJECTED_EQUITY_BREACH
REJECTED,EURUSD,SELL,2017-09-21 16:30:00+00:00,,PRE_TRADE_PROJECTED_EQUITY_BREACH
REJECTED,GBPUSD,BUY,2017-09-22 11:00:00+00:00,,PRE_TRADE_PROJECTED_EQUITY_BREACH
REJECTED,GBPUSD,BUY,2017-09-22 21:30:00+00:00,,PRE_TRADE_PROJECTED_EQUITY_BREACH
REJECTED,GBPUSD,BUY,2017-09-25 11:30:00+00:00,,PRE_TRADE_PROJECTED_EQUITY_BREACH
REJECTED,EURUSD,SELL,2017-09-25 15:00:00+00:00,,PRE_TRADE_PROJECTED_EQUITY_BREACH
REJECTED,EURUSD,SELL,2017-09-25 23:30:00+00:00,,PRE_TRADE_PROJECTED_EQUITY_BREACH
REJECTED,GBPUSD,BUY,2017-09-26 11:00:00+00:00,,PRE_TRADE_PROJECTED_EQUITY_BREACH
REJECTED,EURUSD,SELL,2017-09-26 18:00:00+00:00,,PRE_TRADE_PROJECTED_EQUITY_BREACH
REJECTED,GBPUSD,SELL,2017-09-26 18:30:00+00:00,,PRE_TRADE_PROJECTED_EQUITY_BREACH
REJECTED,GBPUSD,SELL,2017-09-27 11:00:00+00:00,,PRE_TRADE_PROJECTED_EQUITY_BREACH
REJECTED,EURUSD,SELL,2017-09-27 16:00:00+00:00,,PRE_TRADE_PROJECTED_EQUITY_BREACH
REJECTED,EURUSD,SELL,2017-09-27 17:00:00+00:00,,PRE_TRADE_PROJECTED_EQUITY_BREACH
REJECTED,GBPUSD,SELL,2017-09-28 01:00:00+00:00,,PRE_TRADE_PROJECTED_EQUITY_BREACH
REJECTED,EURUSD,SELL,2017-09-28 08:30:00+00:00,,PRE_TRADE_PROJECTED_EQUITY_BREACH
REJECTED,EURUSD,SELL,2017-09-28 11:30:00+00:00,,PRE_TRADE_PROJECTED_EQUITY_BREACH
REJECTED,GBPUSD,SELL,2017-09-28 11:30:00+00:00,,PRE_TRADE_PROJECTED_EQUITY_BREACH
REJECTED,GBPUSD,SELL,2017-09-29 13:30:00+00:00,,PRE_TRADE_PROJECTED_EQUITY_BREACH
REJECTED,GBPUSD,SELL,2017-09-29 20:00:00+00:00,,PRE_TRADE_PROJECTED_EQUITY_BREACH
REJECTED,GBPUSD,SELL,2017-10-02 19:30:00+00:00,,PRE_TRADE_PROJECTED_EQUITY_BREACH
REJECTED,EURUSD,SELL,2017-10-03 08:00:00+00:00,,PRE_TRADE_PROJECTED_EQUITY_BREACH
REJECTED,GBPUSD,SELL,2017-10-03 08:00:00+00:00,,PRE_TRADE_PROJECTED_EQUITY_BREACH
REJECTED,GBPUSD,SELL,2017-10-04 00:30:00+00:00,,PRE_TRADE_PROJECTED_EQUITY_BREACH
REJECTED,EURUSD,SELL,2017-10-04 01:00:00+00:00,,PRE_TRADE_PROJECTED_EQUITY_BREACH
REJECTED,EURUSD,SELL,2017-10-04 07:00:00+00:00,,PRE_TRADE_PROJECTED_EQUITY_BREACH
REJECTED,GBPUSD,SELL,2017-10-04 07:00:00+00:00,,PRE_TRADE_PROJECTED_EQUITY_BREACH
REJECTED,GBPUSD,SELL,2017-10-05 05:30:00+00:00,,PRE_TRADE_PROJECTED_EQUITY_BREACH
REJECTED,EURUSD,SELL,2017-10-05 21:30:00+00:00,,PRE_TRADE_PROJECTED_EQUITY_BREACH
REJECTED,EURUSD,SELL,2017-10-06 10:30:00+00:00,,PRE_TRADE_PROJECTED_EQUITY_BREACH
REJECTED,EURUSD,SELL,2017-10-06 15:30:00+00:00,,PRE_TRADE_PROJECTED_EQUITY_BREACH
REJECTED,GBPUSD,SELL,2017-10-09 08:00:00+00:00,,PRE_TRADE_PROJECTED_EQUITY_BREACH
REJECTED,EURUSD,SELL,2017-10-09 10:00:00+00:00,,PRE_TRADE_PROJECTED_EQUITY_BREACH
REJECTED,GBPUSD,SELL,2017-10-09 11:30:00+00:00,,PRE_TRADE_PROJECTED_EQUITY_BREACH
REJECTED,EURUSD,SELL,2017-10-09 17:00:00+00:00,,PRE_TRADE_PROJECTED_EQUITY_BREACH
REJECTED,GBPUSD,SELL,2017-10-09 18:00:00+00:00,,PRE_TRADE_PROJECTED_EQUITY_BREACH
REJECTED,GBPUSD,SELL,2017-10-10 01:30:00+00:00,,PRE_TRADE_PROJECTED_EQUITY_BREACH
REJECTED,EURUSD,SELL,2017-10-10 02:00:00+00:00,,PRE_TRADE_PROJECTED_EQUITY_BREACH
REJECTED,GBPUSD,SELL,2017-10-10 07:00:00+00:00,,PRE_TRADE_PROJECTED_EQUITY_BREACH
REJECTED,GBPUSD,SELL,2017-10-10 10:30:00+00:00,,PRE_TRADE_PROJECTED_EQUITY_BREACH
REJECTED,GBPUSD,SELL,2017-10-10 15:30:00+00:00,,PRE_TRADE_PROJECTED_EQUITY_BREACH
REJECTED,GBPUSD,SELL,2017-10-11 01:00:00+00:00,,PRE_TRADE_PROJECTED_EQUITY_BREACH
REJECTED,EURUSD,BUY,2017-10-11 03:00:00+00:00,,PRE_TRADE_PROJECTED_EQUITY_BREACH
REJECTED,GBPUSD,SELL,2017-10-11 20:00:00+00:00,,PRE_TRADE_PROJECTED_EQUITY_BREACH
REJECTED,GBPUSD,BUY,2017-10-12 08:00:00+00:00,,PRE_TRADE_PROJECTED_EQUITY_BREACH
REJECTED,EURUSD,BUY,2017-10-12 10:30:00+00:00,,PRE_TRADE_PROJECTED_EQUITY_BREACH
REJECTED,EURUSD,BUY,2017-10-12 14:30:00+00:00,,PRE_TRADE_PROJECTED_EQUITY_BREACH
REJECTED,GBPUSD,SELL,2017-10-12 17:00:00+00:00,,PRE_TRADE_PROJECTED_EQUITY_BREACH
REJECTED,EURUSD,BUY,2017-10-13 08:00:00+00:00,,PRE_TRADE_PROJECTED_EQUITY_BREACH
REJECTED,GBPUSD,BUY,2017-10-13 10:30:00+00:00,,PRE_TRADE_PROJECTED_EQUITY_BREACH
REJECTED,EURUSD,BUY,2017-10-13 12:30:00+00:00,,PRE_TRADE_PROJECTED_EQUITY_BREACH
REJECTED,GBPUSD,BUY,2017-10-16 07:00:00+00:00,,PRE_TRADE_PROJECTED_EQUITY_BREACH
REJECTED,EURUSD,SELL,2017-10-16 11:30:00+00:00,,PRE_TRADE_PROJECTED_EQUITY_BREACH
REJECTED,GBPUSD,BUY,2017-10-16 13:30:00+00:00,,PRE_TRADE_PROJECTED_EQUITY_BREACH
REJECTED,GBPUSD,BUY,2017-10-16 18:30:00+00:00,,PRE_TRADE_PROJECTED_EQUITY_BREACH
REJECTED,GBPUSD,BUY,2017-10-17 07:00:00+00:00,,PRE_TRADE_PROJECTED_EQUITY_BREACH
REJECTED,EURUSD,SELL,2017-10-17 19:00:00+00:00,,PRE_TRADE_PROJECTED_EQUITY_BREACH
REJECTED,EURUSD,SELL,2017-10-18 00:30:00+00:00,,PRE_TRADE_PROJECTED_EQUITY_BREACH
REJECTED,EURUSD,SELL,2017-10-18 15:30:00+00:00,,PRE_TRADE_PROJECTED_EQUITY_BREACH
REJECTED,GBPUSD,SELL,2017-10-18 17:00:00+00:00,,PRE_TRADE_PROJECTED_EQUITY_BREACH
REJECTED,EURUSD,SELL,2017-10-18 19:00:00+00:00,,PRE_TRADE_PROJECTED_EQUITY_BREACH
REJECTED,GBPUSD,SELL,2017-10-18 19:00:00+00:00,,PRE_TRADE_PROJECTED_EQUITY_BREACH
REJECTED,GBPUSD,SELL,2017-10-19 00:00:00+00:00,,PRE_TRADE_PROJECTED_EQUITY_BREACH
REJECTED,EURUSD,BUY,2017-10-20 02:30:00+00:00,,PRE_TRADE_PROJECTED_EQUITY_BREACH
REJECTED,GBPUSD,SELL,2017-10-20 11:00:00+00:00,,PRE_TRADE_PROJECTED_EQUITY_BREACH
REJECTED,EURUSD,SELL,2017-10-23 03:00:00+00:00,,PRE_TRADE_PROJECTED_EQUITY_BREACH
REJECTED,EURUSD,SELL,2017-10-24 00:00:00+00:00,,PRE_TRADE_PROJECTED_EQUITY_BREACH
REJECTED,EURUSD,SELL,2017-10-24 01:30:00+00:00,,PRE_TRADE_PROJECTED_EQUITY_BREACH
REJECTED,EURUSD,SELL,2017-10-24 04:00:00+00:00,,PRE_TRADE_PROJECTED_EQUITY_BREACH
REJECTED,GBPUSD,BUY,2017-10-24 08:00:00+00:00,,PRE_TRADE_PROJECTED_EQUITY_BREACH
REJECTED,EURUSD,SELL,2017-10-25 06:30:00+00:00,,PRE_TRADE_PROJECTED_EQUITY_BREACH
REJECTED,GBPUSD,SELL,2017-10-25 09:30:00+00:00,,PRE_TRADE_PROJECTED_EQUITY_BREACH
REJECTED,EURUSD,SELL,2017-10-25 11:30:00+00:00,,PRE_TRADE_PROJECTED_EQUITY_BREACH
REJECTED,GBPUSD,BUY,2017-10-26 08:00:00+00:00,,PRE_TRADE_PROJECTED_EQUITY_BREACH
REJECTED,EURUSD,BUY,2017-10-26 09:00:00+00:00,,PRE_TRADE_PROJECTED_EQUITY_BREACH
REJECTED,GBPUSD,BUY,2017-10-26 10:00:00+00:00,,PRE_TRADE_PROJECTED_EQUITY_BREACH
REJECTED,GBPUSD,SELL,2017-10-27 04:30:00+00:00,,PRE_TRADE_PROJECTED_EQUITY_BREACH
REJECTED,GBPUSD,SELL,2017-10-30 05:00:00+00:00,,PRE_TRADE_PROJECTED_EQUITY_BREACH
REJECTED,EURUSD,SELL,2017-10-30 10:30:00+00:00,,PRE_TRADE_PROJECTED_EQUITY_BREACH
REJECTED,GBPUSD,SELL,2017-10-30 12:00:00+00:00,,PRE_TRADE_PROJECTED_EQUITY_BREACH
REJECTED,EURUSD,SELL,2017-10-30 20:30:00+00:00,,PRE_TRADE_PROJECTED_EQUITY_BREACH
REJECTED,EURUSD,SELL,2017-10-31 16:00:00+00:00,,PRE_TRADE_PROJECTED_EQUITY_BREACH
REJECTED,GBPUSD,BUY,2017-11-01 03:00:00+00:00,,PRE_TRADE_PROJECTED_EQUITY_BREACH
REJECTED,EURUSD,SELL,2017-11-01 08:00:00+00:00,,PRE_TRADE_PROJECTED_EQUITY_BREACH
REJECTED,GBPUSD,BUY,2017-11-01 14:00:00+00:00,,PRE_TRADE_PROJECTED_EQUITY_BREACH
REJECTED,GBPUSD,BUY,2017-11-01 15:00:00+00:00,,PRE_TRADE_PROJECTED_EQUITY_BREACH
REJECTED,GBPUSD,BUY,2017-11-01 21:30:00+00:00,,PRE_TRADE_PROJECTED_EQUITY_BREACH
REJECTED,EURUSD,SELL,2017-11-02 01:30:00+00:00,,PRE_TRADE_PROJECTED_EQUITY_BREACH
REJECTED,GBPUSD,BUY,2017-11-02 10:00:00+00:00,,PRE_TRADE_PROJECTED_EQUITY_BREACH
REJECTED,EURUSD,SELL,2017-11-02 12:30:00+00:00,,PRE_TRADE_PROJECTED_EQUITY_BREACH
REJECTED,GBPUSD,SELL,2017-11-03 03:30:00+00:00,,PRE_TRADE_PROJECTED_EQUITY_BREACH
REJECTED,GBPUSD,SELL,2017-11-03 12:30:00+00:00,,PRE_TRADE_PROJECTED_EQUITY_BREACH
REJECTED,GBPUSD,SELL,2017-11-05 23:30:00+00:00,,PRE_TRADE_PROJECTED_EQUITY_BREACH
REJECTED,GBPUSD,SELL,2017-11-06 08:00:00+00:00,,PRE_TRADE_PROJECTED_EQUITY_BREACH
REJECTED,GBPUSD,SELL,2017-11-06 10:30:00+00:00,,PRE_TRADE_PROJECTED_EQUITY_BREACH
REJECTED,EURUSD,SELL,2017-11-06 16:30:00+00:00,,PRE_TRADE_PROJECTED_EQUITY_BREACH
REJECTED,GBPUSD,SELL,2017-11-06 16:30:00+00:00,,PRE_TRADE_PROJECTED_EQUITY_BREACH
REJECTED,EURUSD,SELL,2017-11-07 23:00:00+00:00,,PRE_TRADE_PROJECTED_EQUITY_BREACH
REJECTED,GBPUSD,BUY,2017-11-08 06:00:00+00:00,,PRE_TRADE_PROJECTED_EQUITY_BREACH
REJECTED,GBPUSD,SELL,2017-11-08 16:30:00+00:00,,PRE_TRADE_PROJECTED_EQUITY_BREACH
REJECTED,GBPUSD,SELL,2017-11-09 03:30:00+00:00,,PRE_TRADE_PROJECTED_EQUITY_BREACH
REJECTED,EURUSD,SELL,2017-11-09 05:00:00+00:00,,PRE_TRADE_PROJECTED_EQUITY_BREACH
REJECTED,GBPUSD,SELL,2017-11-09 05:30:00+00:00,,PRE_TRADE_PROJECTED_EQUITY_BREACH
REJECTED,EURUSD,SELL,2017-11-09 10:30:00+00:00,,PRE_TRADE_PROJECTED_EQUITY_BREACH
REJECTED,GBPUSD,SELL,2017-11-09 16:00:00+00:00,,PRE_TRADE_PROJECTED_EQUITY_BREACH
REJECTED,EURUSD,BUY,2017-11-12 22:00:00+00:00,,PRE_TRADE_PROJECTED_EQUITY_BREACH
REJECTED,GBPUSD,SELL,2017-11-13 05:00:00+00:00,,PRE_TRADE_PROJECTED_EQUITY_BREACH
REJECTED,EURUSD,BUY,2017-11-13 07:30:00+00:00,,PRE_TRADE_PROJECTED_EQUITY_BREACH
REJECTED,EURUSD,BUY,2017-11-13 22:30:00+00:00,,PRE_TRADE_PROJECTED_EQUITY_BREACH
REJECTED,GBPUSD,SELL,2017-11-14 15:00:00+00:00,,PRE_TRADE_PROJECTED_EQUITY_BREACH
REJECTED,GBPUSD,SELL,2017-11-14 17:00:00+00:00,,PRE_TRADE_PROJECTED_EQUITY_BREACH
REJECTED,GBPUSD,BUY,2017-11-15 02:00:00+00:00,,PRE_TRADE_PROJECTED_EQUITY_BREACH
REJECTED,EURUSD,BUY,2017-11-15 05:30:00+00:00,,PRE_TRADE_PROJECTED_EQUITY_BREACH
REJECTED,EURUSD,BUY,2017-11-15 16:30:00+00:00,,PRE_TRADE_PROJECTED_EQUITY_BREACH
REJECTED,EURUSD,BUY,2017-11-15 21:00:00+00:00,,PRE_TRADE_PROJECTED_EQUITY_BREACH
REJECTED,EURUSD,BUY,2017-11-16 19:00:00+00:00,,PRE_TRADE_PROJECTED_EQUITY_BREACH
REJECTED,GBPUSD,BUY,2017-11-17 10:30:00+00:00,,PRE_TRADE_PROJECTED_EQUITY_BREACH
REJECTED,GBPUSD,BUY,2017-11-17 13:30:00+00:00,,PRE_TRADE_PROJECTED_EQUITY_BREACH
REJECTED,EURUSD,BUY,2017-11-19 23:00:00+00:00,,PRE_TRADE_PROJECTED_EQUITY_BREACH
REJECTED,GBPUSD,BUY,2017-11-20 02:00:00+00:00,,PRE_TRADE_PROJECTED_EQUITY_BREACH
REJECTED,EURUSD,BUY,2017-11-20 14:30:00+00:00,,PRE_TRADE_PROJECTED_EQUITY_BREACH
REJECTED,GBPUSD,BUY,2017-11-20 18:30:00+00:00,,PRE_TRADE_PROJECTED_EQUITY_BREACH
REJECTED,GBPUSD,BUY,2017-11-23 08:30:00+00:00,,PRE_TRADE_PROJECTED_EQUITY_BREACH
REJECTED,GBPUSD,BUY,2017-11-23 15:30:00+00:00,,PRE_TRADE_PROJECTED_EQUITY_BREACH
REJECTED,GBPUSD,BUY,2017-11-24 04:30:00+00:00,,PRE_TRADE_PROJECTED_EQUITY_BREACH
REJECTED,EURUSD,BUY,2017-11-24 07:00:00+00:00,,PRE_TRADE_PROJECTED_EQUITY_BREACH
REJECTED,GBPUSD,BUY,2017-11-27 15:30:00+00:00,,PRE_TRADE_PROJECTED_EQUITY_BREACH
REJECTED,GBPUSD,BUY,2017-11-27 19:00:00+00:00,,PRE_TRADE_PROJECTED_EQUITY_BREACH
REJECTED,EURUSD,BUY,2017-11-27 20:00:00+00:00,,PRE_TRADE_PROJECTED_EQUITY_BREACH
REJECTED,GBPUSD,BUY,2017-11-27 21:30:00+00:00,,PRE_TRADE_PROJECTED_EQUITY_BREACH
REJECTED,GBPUSD,BUY,2017-11-28 10:30:00+00:00,,PRE_TRADE_PROJECTED_EQUITY_BREACH
REJECTED,EURUSD,BUY,2017-11-28 19:00:00+00:00,,PRE_TRADE_PROJECTED_EQUITY_BREACH
REJECTED,EURUSD,BUY,2017-11-29 10:30:00+00:00,,PRE_TRADE_PROJECTED_EQUITY_BREACH
REJECTED,EURUSD,BUY,2017-11-30 09:00:00+00:00,,PRE_TRADE_PROJECTED_EQUITY_BREACH
REJECTED,GBPUSD,BUY,2017-12-01 09:00:00+00:00,,PRE_TRADE_PROJECTED_EQUITY_BREACH
REJECTED,GBPUSD,BUY,2017-12-01 13:00:00+00:00,,PRE_TRADE_PROJECTED_EQUITY_BREACH
REJECTED,EURUSD,BUY,2017-12-01 13:30:00+00:00,,PRE_TRADE_PROJECTED_EQUITY_BREACH
REJECTED,GBPUSD,BUY,2017-12-01 19:00:00+00:00,,PRE_TRADE_PROJECTED_EQUITY_BREACH
REJECTED,GBPUSD,BUY,2017-12-04 05:30:00+00:00,,PRE_TRADE_PROJECTED_EQUITY_BREACH
REJECTED,EURUSD,BUY,2017-12-04 06:30:00+00:00,,PRE_TRADE_PROJECTED_EQUITY_BREACH
REJECTED,GBPUSD,BUY,2017-12-04 16:00:00+00:00,,PRE_TRADE_PROJECTED_EQUITY_BREACH
REJECTED,GBPUSD,BUY,2017-12-05 00:00:00+00:00,,PRE_TRADE_PROJECTED_EQUITY_BREACH
REJECTED,GBPUSD,BUY,2017-12-05 06:30:00+00:00,,PRE_TRADE_PROJECTED_EQUITY_BREACH
REJECTED,EURUSD,BUY,2017-12-05 07:00:00+00:00,,PRE_TRADE_PROJECTED_EQUITY_BREACH
REJECTED,GBPUSD,BUY,2017-12-05 19:00:00+00:00,,PRE_TRADE_PROJECTED_EQUITY_BREACH
REJECTED,EURUSD,SELL,2017-12-05 21:00:00+00:00,,PRE_TRADE_PROJECTED_EQUITY_BREACH
REJECTED,EURUSD,SELL,2017-12-05 22:00:00+00:00,,PRE_TRADE_PROJECTED_EQUITY_BREACH
REJECTED,GBPUSD,BUY,2017-12-05 22:30:00+00:00,,PRE_TRADE_PROJECTED_EQUITY_BREACH
REJECTED,EURUSD,SELL,2017-12-06 03:30:00+00:00,,PRE_TRADE_PROJECTED_EQUITY_BREACH
REJECTED,EURUSD,SELL,2017-12-06 23:00:00+00:00,,PRE_TRADE_PROJECTED_EQUITY_BREACH
REJECTED,GBPUSD,SELL,2017-12-07 10:00:00+00:00,,PRE_TRADE_PROJECTED_EQUITY_BREACH
REJECTED,GBPUSD,BUY,2017-12-08 12:00:00+00:00,,PRE_TRADE_PROJECTED_EQUITY_BREACH
REJECTED,EURUSD,SELL,2017-12-11 01:00:00+00:00,,PRE_TRADE_PROJECTED_EQUITY_BREACH
REJECTED,EURUSD,SELL,2017-12-11 03:00:00+00:00,,PRE_TRADE_PROJECTED_EQUITY_BREACH
REJECTED,GBPUSD,SELL,2017-12-12 06:00:00+00:00,,PRE_TRADE_PROJECTED_EQUITY_BREACH
REJECTED,EURUSD,SELL,2017-12-12 07:00:00+00:00,,PRE_TRADE_PROJECTED_EQUITY_BREACH
REJECTED,EURUSD,SELL,2017-12-12 20:30:00+00:00,,PRE_TRADE_PROJECTED_EQUITY_BREACH
REJECTED,EURUSD,SELL,2017-12-13 00:30:00+00:00,,PRE_TRADE_PROJECTED_EQUITY_BREACH
REJECTED,EURUSD,SELL,2017-12-13 19:00:00+00:00,,PRE_TRADE_PROJECTED_EQUITY_BREACH
REJECTED,EURUSD,BUY,2017-12-14 05:30:00+00:00,,PRE_TRADE_PROJECTED_EQUITY_BREACH
REJECTED,EURUSD,BUY,2017-12-14 15:00:00+00:00,,PRE_TRADE_PROJECTED_EQUITY_BREACH
REJECTED,EURUSD,SELL,2017-12-15 07:30:00+00:00,,PRE_TRADE_PROJECTED_EQUITY_BREACH
REJECTED,GBPUSD,BUY,2017-12-15 11:30:00+00:00,,PRE_TRADE_PROJECTED_EQUITY_BREACH
REJECTED,GBPUSD,SELL,2017-12-18 01:30:00+00:00,,PRE_TRADE_PROJECTED_EQUITY_BREACH
REJECTED,EURUSD,SELL,2017-12-18 02:00:00+00:00,,PRE_TRADE_PROJECTED_EQUITY_BREACH
REJECTED,EURUSD,SELL,2017-12-18 07:30:00+00:00,,PRE_TRADE_PROJECTED_EQUITY_BREACH
REJECTED,GBPUSD,SELL,2017-12-18 07:30:00+00:00,,PRE_TRADE_PROJECTED_EQUITY_BREACH
REJECTED,GBPUSD,SELL,2017-12-18 13:00:00+00:00,,PRE_TRADE_PROJECTED_EQUITY_BREACH
REJECTED,EURUSD,BUY,2017-12-18 17:30:00+00:00,,PRE_TRADE_PROJECTED_EQUITY_BREACH
REJECTED,GBPUSD,BUY,2017-12-18 19:00:00+00:00,,PRE_TRADE_PROJECTED_EQUITY_BREACH
REJECTED,GBPUSD,BUY,2017-12-20 06:00:00+00:00,,PRE_TRADE_PROJECTED_EQUITY_BREACH
REJECTED,EURUSD,BUY,2017-12-21 23:00:00+00:00,,PRE_TRADE_PROJECTED_EQUITY_BREACH
REJECTED,EURUSD,BUY,2017-12-22 15:00:00+00:00,,PRE_TRADE_PROJECTED_EQUITY_BREACH
REJECTED,EURUSD,BUY,2017-12-26 09:30:00+00:00,,PRE_TRADE_PROJECTED_EQUITY_BREACH
REJECTED,GBPUSD,SELL,2017-12-26 15:30:00+00:00,,PRE_TRADE_PROJECTED_EQUITY_BREACH
REJECTED,EURUSD,BUY,2017-12-26 21:30:00+00:00,,PRE_TRADE_PROJECTED_EQUITY_BREACH
REJECTED,GBPUSD,BUY,2017-12-27 15:30:00+00:00,,PRE_TRADE_PROJECTED_EQUITY_BREACH
REJECTED,EURUSD,BUY,2017-12-27 21:30:00+00:00,,PRE_TRADE_PROJECTED_EQUITY_BREACH
REJECTED,EURUSD,BUY,2017-12-28 20:30:00+00:00,,PRE_TRADE_PROJECTED_EQUITY_BREACH
REJECTED,GBPUSD,BUY,2017-12-28 21:00:00+00:00,,PRE_TRADE_PROJECTED_EQUITY_BREACH
REJECTED,EURUSD,BUY,2017-12-29 20:00:00+00:00,,PRE_TRADE_PROJECTED_EQUITY_BREACH
REJECTED,GBPUSD,BUY,2017-12-29 20:30:00+00:00,,PRE_TRADE_PROJECTED_EQUITY_BREACH
REJECTED,EURUSD,BUY,2018-01-02 14:00:00+00:00,,PRE_TRADE_PROJECTED_EQUITY_BREACH
REJECTED,EURUSD,BUY,2018-01-03 07:30:00+00:00,,PRE_TRADE_PROJECTED_EQUITY_BREACH
REJECTED,GBPUSD,BUY,2018-01-03 09:30:00+00:00,,PRE_TRADE_PROJECTED_EQUITY_BREACH
REJECTED,EURUSD,BUY,2018-01-03 10:30:00+00:00,,PRE_TRADE_PROJECTED_EQUITY_BREACH
REJECTED,GBPUSD,BUY,2018-01-03 15:00:00+00:00,,PRE_TRADE_PROJECTED_EQUITY_BREACH
REJECTED,EURUSD,BUY,2018-01-05 06:30:00+00:00,,PRE_TRADE_PROJECTED_EQUITY_BREACH
REJECTED,EURUSD,BUY,2018-01-05 09:30:00+00:00,,PRE_TRADE_PROJECTED_EQUITY_BREACH
REJECTED,EURUSD,BUY,2018-01-05 21:00:00+00:00,,PRE_TRADE_PROJECTED_EQUITY_BREACH
REJECTED,EURUSD,BUY,2018-01-08 04:00:00+00:00,,PRE_TRADE_PROJECTED_EQUITY_BREACH
REJECTED,GBPUSD,BUY,2018-01-08 04:00:00+00:00,,PRE_TRADE_PROJECTED_EQUITY_BREACH
REJECTED,EURUSD,BUY,2018-01-08 05:30:00+00:00,,PRE_TRADE_PROJECTED_EQUITY_BREACH
REJECTED,EURUSD,BUY,2018-01-08 07:30:00+00:00,,PRE_TRADE_PROJECTED_EQUITY_BREACH
REJECTED,GBPUSD,BUY,2018-01-08 07:30:00+00:00,,PRE_TRADE_PROJECTED_EQUITY_BREACH
REJECTED,GBPUSD,BUY,2018-01-09 07:00:00+00:00,,PRE_TRADE_PROJECTED_EQUITY_BREACH
REJECTED,GBPUSD,BUY,2018-01-09 13:00:00+00:00,,PRE_TRADE_PROJECTED_EQUITY_BREACH
REJECTED,EURUSD,SELL,2018-01-10 08:00:00+00:00,,PRE_TRADE_PROJECTED_EQUITY_BREACH
REJECTED,EURUSD,BUY,2018-01-10 16:00:00+00:00,,PRE_TRADE_PROJECTED_EQUITY_BREACH
REJECTED,GBPUSD,BUY,2018-01-15 19:30:00+00:00,,PRE_TRADE_PROJECTED_EQUITY_BREACH
REJECTED,EURUSD,BUY,2018-01-16 07:00:00+00:00,,PRE_TRADE_PROJECTED_EQUITY_BREACH
REJECTED,GBPUSD,BUY,2018-01-17 03:30:00+00:00,,PRE_TRADE_PROJECTED_EQUITY_BREACH
REJECTED,EURUSD,BUY,2018-01-17 04:30:00+00:00,,PRE_TRADE_PROJECTED_EQUITY_BREACH
REJECTED,GBPUSD,BUY,2018-01-17 04:30:00+00:00,,PRE_TRADE_PROJECTED_EQUITY_BREACH
REJECTED,EURUSD,BUY,2018-01-17 21:00:00+00:00,,PRE_TRADE_PROJECTED_EQUITY_BREACH
REJECTED,GBPUSD,BUY,2018-01-17 21:30:00+00:00,,PRE_TRADE_PROJECTED_EQUITY_BREACH
REJECTED,EURUSD,BUY,2018-01-17 22:30:00+00:00,,PRE_TRADE_PROJECTED_EQUITY_BREACH
REJECTED,EURUSD,BUY,2018-01-18 03:30:00+00:00,,PRE_TRADE_PROJECTED_EQUITY_BREACH
REJECTED,GBPUSD,BUY,2018-01-19 11:00:00+00:00,,PRE_TRADE_PROJECTED_EQUITY_BREACH
REJECTED,EURUSD,BUY,2018-01-19 14:00:00+00:00,,PRE_TRADE_PROJECTED_EQUITY_BREACH
REJECTED,EURUSD,BUY,2018-01-19 20:30:00+00:00,,PRE_TRADE_PROJECTED_EQUITY_BREACH
REJECTED,GBPUSD,BUY,2018-01-23 10:00:00+00:00,,PRE_TRADE_PROJECTED_EQUITY_BREACH
REJECTED,EURUSD,BUY,2018-01-25 00:00:00+00:00,,PRE_TRADE_PROJECTED_EQUITY_BREACH
REJECTED,EURUSD,BUY,2018-01-25 08:00:00+00:00,,PRE_TRADE_PROJECTED_EQUITY_BREACH
REJECTED,GBPUSD,BUY,2018-01-25 16:30:00+00:00,,PRE_TRADE_PROJECTED_EQUITY_BREACH
REJECTED,EURUSD,BUY,2018-01-25 19:00:00+00:00,,PRE_TRADE_PROJECTED_EQUITY_BREACH
REJECTED,GBPUSD,BUY,2018-01-25 19:00:00+00:00,,PRE_TRADE_PROJECTED_EQUITY_BREACH
REJECTED,EURUSD,BUY,2018-01-26 14:00:00+00:00,,PRE_TRADE_PROJECTED_EQUITY_BREACH
REJECTED,GBPUSD,BUY,2018-01-26 14:00:00+00:00,,PRE_TRADE_PROJECTED_EQUITY_BREACH
REJECTED,GBPUSD,BUY,2018-01-26 15:00:00+00:00,,PRE_TRADE_PROJECTED_EQUITY_BREACH
REJECTED,EURUSD,BUY,2018-01-29 02:00:00+00:00,,PRE_TRADE_PROJECTED_EQUITY_BREACH
REJECTED,GBPUSD,BUY,2018-01-29 02:00:00+00:00,,PRE_TRADE_PROJECTED_EQUITY_BREACH
REJECTED,GBPUSD,BUY,2018-01-29 07:00:00+00:00,,PRE_TRADE_PROJECTED_EQUITY_BREACH
REJECTED,EURUSD,BUY,2018-01-29 13:00:00+00:00,,PRE_TRADE_PROJECTED_EQUITY_BREACH
REJECTED,GBPUSD,BUY,2018-01-29 16:00:00+00:00,,PRE_TRADE_PROJECTED_EQUITY_BREACH
REJECTED,GBPUSD,BUY,2018-01-30 01:00:00+00:00,,PRE_TRADE_PROJECTED_EQUITY_BREACH
REJECTED,EURUSD,BUY,2018-01-30 06:00:00+00:00,,PRE_TRADE_PROJECTED_EQUITY_BREACH
REJECTED,EURUSD,BUY,2018-01-30 16:00:00+00:00,,PRE_TRADE_PROJECTED_EQUITY_BREACH
REJECTED,GBPUSD,BUY,2018-01-31 09:30:00+00:00,,PRE_TRADE_PROJECTED_EQUITY_BREACH
REJECTED,EURUSD,BUY,2018-01-31 16:30:00+00:00,,PRE_TRADE_PROJECTED_EQUITY_BREACH
REJECTED,GBPUSD,BUY,2018-02-01 06:00:00+00:00,,PRE_TRADE_PROJECTED_EQUITY_BREACH
REJECTED,EURUSD,BUY,2018-02-01 06:30:00+00:00,,PRE_TRADE_PROJECTED_EQUITY_BREACH
REJECTED,GBPUSD,BUY,2018-02-02 07:30:00+00:00,,PRE_TRADE_PROJECTED_EQUITY_BREACH
REJECTED,EURUSD,BUY,2018-02-02 13:30:00+00:00,,PRE_TRADE_PROJECTED_EQUITY_BREACH
REJECTED,GBPUSD,BUY,2018-02-02 13:30:00+00:00,,PRE_TRADE_PROJECTED_EQUITY_BREACH
REJECTED,EURUSD,BUY,2018-02-04 22:00:00+00:00,,PRE_TRADE_PROJECTED_EQUITY_BREACH
REJECTED,EURUSD,BUY,2018-02-05 07:30:00+00:00,,PRE_TRADE_PROJECTED_EQUITY_BREACH
REJECTED,EURUSD,BUY,2018-02-05 12:30:00+00:00,,PRE_TRADE_PROJECTED_EQUITY_BREACH
REJECTED,EURUSD,BUY,2018-02-05 14:00:00+00:00,,PRE_TRADE_PROJECTED_EQUITY_BREACH
REJECTED,EURUSD,SELL,2018-02-06 07:30:00+00:00,,PRE_TRADE_PROJECTED_EQUITY_BREACH
REJECTED,GBPUSD,SELL,2018-02-06 17:00:00+00:00,,PRE_TRADE_PROJECTED_EQUITY_BREACH
REJECTED,EURUSD,SELL,2018-02-06 17:30:00+00:00,,PRE_TRADE_PROJECTED_EQUITY_BREACH
REJECTED,GBPUSD,SELL,2018-02-07 14:30:00+00:00,,PRE_TRADE_PROJECTED_EQUITY_BREACH
REJECTED,EURUSD,SELL,2018-02-08 01:00:00+00:00,,PRE_TRADE_PROJECTED_EQUITY_BREACH
REJECTED,GBPUSD,SELL,2018-02-08 11:00:00+00:00,,PRE_TRADE_PROJECTED_EQUITY_BREACH
REJECTED,GBPUSD,SELL,2018-02-08 13:00:00+00:00,,PRE_TRADE_PROJECTED_EQUITY_BREACH
REJECTED,EURUSD,SELL,2018-02-08 14:00:00+00:00,,PRE_TRADE_PROJECTED_EQUITY_BREACH
REJECTED,GBPUSD,SELL,2018-02-08 23:00:00+00:00,,PRE_TRADE_PROJECTED_EQUITY_BREACH
REJECTED,GBPUSD,SELL,2018-02-09 06:30:00+00:00,,PRE_TRADE_PROJECTED_EQUITY_BREACH
REJECTED,EURUSD,SELL,2018-02-09 07:30:00+00:00,,PRE_TRADE_PROJECTED_EQUITY_BREACH
REJECTED,EURUSD,SELL,2018-02-09 13:30:00+00:00,,PRE_TRADE_PROJECTED_EQUITY_BREACH
REJECTED,EURUSD,SELL,2018-02-09 21:00:00+00:00,,PRE_TRADE_PROJECTED_EQUITY_BREACH
REJECTED,GBPUSD,SELL,2018-02-09 21:00:00+00:00,,PRE_TRADE_PROJECTED_EQUITY_BREACH
REJECTED,EURUSD,SELL,2018-02-12 00:30:00+00:00,,PRE_TRADE_PROJECTED_EQUITY_BREACH
REJECTED,GBPUSD,SELL,2018-02-12 02:30:00+00:00,,PRE_TRADE_PROJECTED_EQUITY_BREACH
REJECTED,GBPUSD,SELL,2018-02-12 03:30:00+00:00,,PRE_TRADE_PROJECTED_EQUITY_BREACH
REJECTED,GBPUSD,SELL,2018-02-12 23:00:00+00:00,,PRE_TRADE_PROJECTED_EQUITY_BREACH
REJECTED,EURUSD,SELL,2018-02-12 23:30:00+00:00,,PRE_TRADE_PROJECTED_EQUITY_BREACH
REJECTED,EURUSD,SELL,2018-02-13 04:30:00+00:00,,PRE_TRADE_PROJECTED_EQUITY_BREACH
REJECTED,GBPUSD,SELL,2018-02-13 04:30:00+00:00,,PRE_TRADE_PROJECTED_EQUITY_BREACH
REJECTED,GBPUSD,SELL,2018-02-13 10:00:00+00:00,,PRE_TRADE_PROJECTED_EQUITY_BREACH
REJECTED,GBPUSD,SELL,2018-02-14 02:30:00+00:00,,PRE_TRADE_PROJECTED_EQUITY_BREACH
REJECTED,EURUSD,BUY,2018-02-14 08:00:00+00:00,,PRE_TRADE_PROJECTED_EQUITY_BREACH
REJECTED,EURUSD,BUY,2018-02-14 09:30:00+00:00,,PRE_TRADE_PROJECTED_EQUITY_BREACH
REJECTED,EURUSD,BUY,2018-02-15 11:00:00+00:00,,PRE_TRADE_PROJECTED_EQUITY_BREACH
REJECTED,EURUSD,BUY,2018-02-16 07:30:00+00:00,,PRE_TRADE_PROJECTED_EQUITY_BREACH
REJECTED,EURUSD,BUY,2018-02-16 10:00:00+00:00,,PRE_TRADE_PROJECTED_EQUITY_BREACH
REJECTED,GBPUSD,BUY,2018-02-16 10:00:00+00:00,,PRE_TRADE_PROJECTED_EQUITY_BREACH
REJECTED,EURUSD,BUY,2018-02-16 14:00:00+00:00,,PRE_TRADE_PROJECTED_EQUITY_BREACH
REJECTED,GBPUSD,BUY,2018-02-16 14:00:00+00:00,,PRE_TRADE_PROJECTED_EQUITY_BREACH
REJECTED,EURUSD,BUY,2018-02-16 18:30:00+00:00,,PRE_TRADE_PROJECTED_EQUITY_BREACH
REJECTED,GBPUSD,BUY,2018-02-16 18:30:00+00:00,,PRE_TRADE_PROJECTED_EQUITY_BREACH
REJECTED,EURUSD,BUY,2018-02-19 04:30:00+00:00,,PRE_TRADE_PROJECTED_EQUITY_BREACH
REJECTED,GBPUSD,BUY,2018-02-19 04:30:00+00:00,,PRE_TRADE_PROJECTED_EQUITY_BREACH
REJECTED,GBPUSD,BUY,2018-02-19 13:00:00+00:00,,PRE_TRADE_PROJECTED_EQUITY_BREACH
REJECTED,EURUSD,SELL,2018-02-22 08:30:00+00:00,,PRE_TRADE_PROJECTED_EQUITY_BREACH
REJECTED,GBPUSD,SELL,2018-02-22 14:00:00+00:00,,PRE_TRADE_PROJECTED_EQUITY_BREACH
REJECTED,EURUSD,SELL,2018-02-22 15:00:00+00:00,,PRE_TRADE_PROJECTED_EQUITY_BREACH
REJECTED,GBPUSD,SELL,2018-02-22 18:00:00+00:00,,PRE_TRADE_PROJECTED_EQUITY_BREACH
REJECTED,EURUSD,SELL,2018-02-26 02:00:00+00:00,,PRE_TRADE_PROJECTED_EQUITY_BREACH
REJECTED,EURUSD,SELL,2018-02-26 05:30:00+00:00,,PRE_TRADE_PROJECTED_EQUITY_BREACH
REJECTED,GBPUSD,BUY,2018-02-26 14:00:00+00:00,,PRE_TRADE_PROJECTED_EQUITY_BREACH
REJECTED,EURUSD,SELL,2018-02-26 21:00:00+00:00,,PRE_TRADE_PROJECTED_EQUITY_BREACH
REJECTED,EURUSD,SELL,2018-02-27 00:30:00+00:00,,PRE_TRADE_PROJECTED_EQUITY_BREACH
REJECTED,EURUSD,SELL,2018-02-27 06:00:00+00:00,,PRE_TRADE_PROJECTED_EQUITY_BREACH
REJECTED,GBPUSD,SELL,2018-02-27 06:00:00+00:00,,PRE_TRADE_PROJECTED_EQUITY_BREACH
REJECTED,GBPUSD,SELL,2018-02-27 18:00:00+00:00,,PRE_TRADE_PROJECTED_EQUITY_BREACH
REJECTED,EURUSD,SELL,2018-03-01 06:30:00+00:00,,PRE_TRADE_PROJECTED_EQUITY_BREACH
REJECTED,GBPUSD,SELL,2018-03-01 06:30:00+00:00,,PRE_TRADE_PROJECTED_EQUITY_BREACH
REJECTED,GBPUSD,SELL,2018-03-01 13:30:00+00:00,,PRE_TRADE_PROJECTED_EQUITY_BREACH
REJECTED,EURUSD,SELL,2018-03-01 16:30:00+00:00,,PRE_TRADE_PROJECTED_EQUITY_BREACH
REJECTED,EURUSD,SELL,2018-03-01 20:00:00+00:00,,PRE_TRADE_PROJECTED_EQUITY_BREACH
REJECTED,GBPUSD,SELL,2018-03-01 20:00:00+00:00,,PRE_TRADE_PROJECTED_EQUITY_BREACH
REJECTED,GBPUSD,SELL,2018-03-02 01:30:00+00:00,,PRE_TRADE_PROJECTED_EQUITY_BREACH
REJECTED,GBPUSD,SELL,2018-03-02 19:30:00+00:00,,PRE_TRADE_PROJECTED_EQUITY_BREACH
REJECTED,GBPUSD,SELL,2018-03-04 22:00:00+00:00,,PRE_TRADE_PROJECTED_EQUITY_BREACH
REJECTED,EURUSD,BUY,2018-03-05 06:00:00+00:00,,PRE_TRADE_PROJECTED_EQUITY_BREACH
REJECTED,EURUSD,BUY,2018-03-05 12:00:00+00:00,,PRE_TRADE_PROJECTED_EQUITY_BREACH
REJECTED,GBPUSD,SELL,2018-03-05 16:00:00+00:00,,PRE_TRADE_PROJECTED_EQUITY_BREACH
REJECTED,EURUSD,BUY,2018-03-06 07:30:00+00:00,,PRE_TRADE_PROJECTED_EQUITY_BREACH
REJECTED,GBPUSD,SELL,2018-03-06 11:00:00+00:00,,PRE_TRADE_PROJECTED_EQUITY_BREACH
REJECTED,GBPUSD,BUY,2018-03-07 02:00:00+00:00,,PRE_TRADE_PROJECTED_EQUITY_BREACH
REJECTED,GBPUSD,BUY,2018-03-07 09:00:00+00:00,,PRE_TRADE_PROJECTED_EQUITY_BREACH
REJECTED,EURUSD,BUY,2018-03-07 15:00:00+00:00,,PRE_TRADE_PROJECTED_EQUITY_BREACH
REJECTED,GBPUSD,BUY,2018-03-08 06:00:00+00:00,,PRE_TRADE_PROJECTED_EQUITY_BREACH
REJECTED,EURUSD,BUY,2018-03-08 11:00:00+00:00,,PRE_TRADE_PROJECTED_EQUITY_BREACH
REJECTED,GBPUSD,SELL,2018-03-09 04:00:00+00:00,,PRE_TRADE_PROJECTED_EQUITY_BREACH
REJECTED,EURUSD,SELL,2018-03-09 05:00:00+00:00,,PRE_TRADE_PROJECTED_EQUITY_BREACH
REJECTED,GBPUSD,SELL,2018-03-09 11:00:00+00:00,,PRE_TRADE_PROJECTED_EQUITY_BREACH
REJECTED,EURUSD,SELL,2018-03-09 15:00:00+00:00,,PRE_TRADE_PROJECTED_EQUITY_BREACH
REJECTED,EURUSD,SELL,2018-03-12 03:30:00+00:00,,PRE_TRADE_PROJECTED_EQUITY_BREACH
REJECTED,EURUSD,SELL,2018-03-12 16:00:00+00:00,,PRE_TRADE_PROJECTED_EQUITY_BREACH
REJECTED,EURUSD,BUY,2018-03-13 04:30:00+00:00,,PRE_TRADE_PROJECTED_EQUITY_BREACH
REJECTED,GBPUSD,BUY,2018-03-13 05:00:00+00:00,,PRE_TRADE_PROJECTED_EQUITY_BREACH
REJECTED,EURUSD,BUY,2018-03-14 09:00:00+00:00,,PRE_TRADE_PROJECTED_EQUITY_BREACH
REJECTED,GBPUSD,BUY,2018-03-14 09:00:00+00:00,,PRE_TRADE_PROJECTED_EQUITY_BREACH
REJECTED,GBPUSD,BUY,2018-03-14 21:30:00+00:00,,PRE_TRADE_PROJECTED_EQUITY_BREACH
REJECTED,EURUSD,BUY,2018-03-15 07:00:00+00:00,,PRE_TRADE_PROJECTED_EQUITY_BREACH
REJECTED,GBPUSD,BUY,2018-03-15 10:30:00+00:00,,PRE_TRADE_PROJECTED_EQUITY_BREACH
REJECTED,GBPUSD,BUY,2018-03-15 12:00:00+00:00,,PRE_TRADE_PROJECTED_EQUITY_BREACH
REJECTED,GBPUSD,BUY,2018-03-16 02:00:00+00:00,,PRE_TRADE_PROJECTED_EQUITY_BREACH
REJECTED,EURUSD,SELL,2018-03-16 06:30:00+00:00,,PRE_TRADE_PROJECTED_EQUITY_BREACH
REJECTED,EURUSD,SELL,2018-03-16 10:00:00+00:00,,PRE_TRADE_PROJECTED_EQUITY_BREACH
REJECTED,GBPUSD,BUY,2018-03-16 14:30:00+00:00,,PRE_TRADE_PROJECTED_EQUITY_BREACH
REJECTED,GBPUSD,BUY,2018-03-19 02:00:00+00:00,,PRE_TRADE_PROJECTED_EQUITY_BREACH
REJECTED,EURUSD,SELL,2018-03-19 09:00:00+00:00,,PRE_TRADE_PROJECTED_EQUITY_BREACH
REJECTED,GBPUSD,BUY,2018-03-19 16:30:00+00:00,,PRE_TRADE_PROJECTED_EQUITY_BREACH
REJECTED,EURUSD,BUY,2018-03-20 05:30:00+00:00,,PRE_TRADE_PROJECTED_EQUITY_BREACH
REJECTED,GBPUSD,BUY,2018-03-20 12:30:00+00:00,,PRE_TRADE_PROJECTED_EQUITY_BREACH
REJECTED,EURUSD,SELL,2018-03-21 01:30:00+00:00,,PRE_TRADE_PROJECTED_EQUITY_BREACH
REJECTED,GBPUSD,BUY,2018-03-21 07:00:00+00:00,,PRE_TRADE_PROJECTED_EQUITY_BREACH
REJECTED,EURUSD,SELL,2018-03-21 08:30:00+00:00,,PRE_TRADE_PROJECTED_EQUITY_BREACH
REJECTED,EURUSD,SELL,2018-03-21 19:00:00+00:00,,PRE_TRADE_PROJECTED_EQUITY_BREACH
REJECTED,EURUSD,BUY,2018-03-22 06:30:00+00:00,,PRE_TRADE_PROJECTED_EQUITY_BREACH
REJECTED,EURUSD,BUY,2018-03-22 10:30:00+00:00,,PRE_TRADE_PROJECTED_EQUITY_BREACH
REJECTED,GBPUSD,BUY,2018-03-22 14:00:00+00:00,,PRE_TRADE_PROJECTED_EQUITY_BREACH
REJECTED,GBPUSD,BUY,2018-03-22 15:30:00+00:00,,PRE_TRADE_PROJECTED_EQUITY_BREACH
REJECTED,GBPUSD,BUY,2018-03-22 21:30:00+00:00,,PRE_TRADE_PROJECTED_EQUITY_BREACH
REJECTED,GBPUSD,BUY,2018-03-23 20:00:00+00:00,,PRE_TRADE_PROJECTED_EQUITY_BREACH
REJECTED,EURUSD,BUY,2018-03-26 06:30:00+00:00,,PRE_TRADE_PROJECTED_EQUITY_BREACH
REJECTED,GBPUSD,BUY,2018-03-26 06:30:00+00:00,,PRE_TRADE_PROJECTED_EQUITY_BREACH
REJECTED,EURUSD,BUY,2018-03-26 21:30:00+00:00,,PRE_TRADE_PROJECTED_EQUITY_BREACH
REJECTED,GBPUSD,BUY,2018-03-27 02:30:00+00:00,,PRE_TRADE_PROJECTED_EQUITY_BREACH
REJECTED,GBPUSD,BUY,2018-03-27 08:30:00+00:00,,PRE_TRADE_PROJECTED_EQUITY_BREACH
REJECTED,EURUSD,BUY,2018-03-27 09:30:00+00:00,,PRE_TRADE_PROJECTED_EQUITY_BREACH
REJECTED,EURUSD,BUY,2018-03-27 12:00:00+00:00,,PRE_TRADE_PROJECTED_EQUITY_BREACH
REJECTED,EURUSD,BUY,2018-03-28 07:00:00+00:00,,PRE_TRADE_PROJECTED_EQUITY_BREACH
REJECTED,GBPUSD,BUY,2018-03-28 08:00:00+00:00,,PRE_TRADE_PROJECTED_EQUITY_BREACH
REJECTED,EURUSD,BUY,2018-03-28 14:00:00+00:00,,PRE_TRADE_PROJECTED_EQUITY_BREACH
REJECTED,GBPUSD,BUY,2018-03-28 14:00:00+00:00,,PRE_TRADE_PROJECTED_EQUITY_BREACH
REJECTED,EURUSD,SELL,2018-03-30 03:00:00+00:00,,PRE_TRADE_PROJECTED_EQUITY_BREACH
REJECTED,GBPUSD,SELL,2018-04-02 01:00:00+00:00,,PRE_TRADE_PROJECTED_EQUITY_BREACH
REJECTED,EURUSD,SELL,2018-04-02 08:30:00+00:00,,PRE_TRADE_PROJECTED_EQUITY_BREACH
REJECTED,GBPUSD,SELL,2018-04-02 08:30:00+00:00,,PRE_TRADE_PROJECTED_EQUITY_BREACH
REJECTED,EURUSD,SELL,2018-04-03 04:00:00+00:00,,PRE_TRADE_PROJECTED_EQUITY_BREACH
REJECTED,EURUSD,SELL,2018-04-03 07:30:00+00:00,,PRE_TRADE_PROJECTED_EQUITY_BREACH
REJECTED,GBPUSD,BUY,2018-04-04 07:00:00+00:00,,PRE_TRADE_PROJECTED_EQUITY_BREACH
REJECTED,EURUSD,SELL,2018-04-05 00:30:00+00:00,,PRE_TRADE_PROJECTED_EQUITY_BREACH
REJECTED,EURUSD,SELL,2018-04-05 10:00:00+00:00,,PRE_TRADE_PROJECTED_EQUITY_BREACH
REJECTED,EURUSD,SELL,2018-04-05 23:30:00+00:00,,PRE_TRADE_PROJECTED_EQUITY_BREACH
REJECTED,GBPUSD,SELL,2018-04-06 01:00:00+00:00,,PRE_TRADE_PROJECTED_EQUITY_BREACH
REJECTED,EURUSD,SELL,2018-04-06 02:30:00+00:00,,PRE_TRADE_PROJECTED_EQUITY_BREACH
REJECTED,GBPUSD,SELL,2018-04-06 10:30:00+00:00,,PRE_TRADE_PROJECTED_EQUITY_BREACH
REJECTED,EURUSD,SELL,2018-04-06 11:00:00+00:00,,PRE_TRADE_PROJECTED_EQUITY_BREACH
REJECTED,EURUSD,SELL,2018-04-06 14:00:00+00:00,,PRE_TRADE_PROJECTED_EQUITY_BREACH
REJECTED,GBPUSD,SELL,2018-04-06 14:00:00+00:00,,PRE_TRADE_PROJECTED_EQUITY_BREACH
REJECTED,EURUSD,SELL,2018-04-09 13:00:00+00:00,,PRE_TRADE_PROJECTED_EQUITY_BREACH
REJECTED,EURUSD,BUY,2018-04-10 03:00:00+00:00,,PRE_TRADE_PROJECTED_EQUITY_BREACH
REJECTED,GBPUSD,BUY,2018-04-10 03:00:00+00:00,,PRE_TRADE_PROJECTED_EQUITY_BREACH
REJECTED,EURUSD,BUY,2018-04-11 02:30:00+00:00,,PRE_TRADE_PROJECTED_EQUITY_BREACH
REJECTED,GBPUSD,BUY,2018-04-11 12:30:00+00:00,,PRE_TRADE_PROJECTED_EQUITY_BREACH
REJECTED,EURUSD,BUY,2018-04-11 19:00:00+00:00,,PRE_TRADE_PROJECTED_EQUITY_BREACH
REJECTED,EURUSD,BUY,2018-04-12 03:30:00+00:00,,PRE_TRADE_PROJECTED_EQUITY_BREACH
REJECTED,GBPUSD,BUY,2018-04-12 09:30:00+00:00,,PRE_TRADE_PROJECTED_EQUITY_BREACH
REJECTED,GBPUSD,BUY,2018-04-13 12:00:00+00:00,,PRE_TRADE_PROJECTED_EQUITY_BREACH
REJECTED,GBPUSD,BUY,2018-04-13 19:30:00+00:00,,PRE_TRADE_PROJECTED_EQUITY_BREACH
REJECTED,EURUSD,BUY,2018-04-16 05:30:00+00:00,,PRE_TRADE_PROJECTED_EQUITY_BREACH
REJECTED,GBPUSD,BUY,2018-04-16 06:30:00+00:00,,PRE_TRADE_PROJECTED_EQUITY_BREACH
REJECTED,EURUSD,BUY,2018-04-17 10:30:00+00:00,,PRE_TRADE_PROJECTED_EQUITY_BREACH
REJECTED,EURUSD,BUY,2018-04-17 13:30:00+00:00,,PRE_TRADE_PROJECTED_EQUITY_BREACH
REJECTED,GBPUSD,BUY,2018-04-17 14:30:00+00:00,,PRE_TRADE_PROJECTED_EQUITY_BREACH
REJECTED,EURUSD,BUY,2018-04-18 08:00:00+00:00,,PRE_TRADE_PROJECTED_EQUITY_BREACH
REJECTED,GBPUSD,BUY,2018-04-18 09:00:00+00:00,,PRE_TRADE_PROJECTED_EQUITY_BREACH
REJECTED,EURUSD,BUY,2018-04-19 01:30:00+00:00,,PRE_TRADE_PROJECTED_EQUITY_BREACH
REJECTED,EURUSD,SELL,2018-04-20 17:30:00+00:00,,PRE_TRADE_PROJECTED_EQUITY_BREACH
REJECTED,GBPUSD,SELL,2018-04-23 07:00:00+00:00,,PRE_TRADE_PROJECTED_EQUITY_BREACH
REJECTED,GBPUSD,SELL,2018-04-25 00:00:00+00:00,,PRE_TRADE_PROJECTED_EQUITY_BREACH
REJECTED,GBPUSD,SELL,2018-04-26 11:30:00+00:00,,PRE_TRADE_PROJECTED_EQUITY_BREACH
REJECTED,GBPUSD,SELL,2018-04-26 14:00:00+00:00,,PRE_TRADE_PROJECTED_EQUITY_BREACH
REJECTED,GBPUSD,SELL,2018-04-27 04:00:00+00:00,,PRE_TRADE_PROJECTED_EQUITY_BREACH
REJECTED,EURUSD,SELL,2018-04-27 15:30:00+00:00,,PRE_TRADE_PROJECTED_EQUITY_BREACH
REJECTED,EURUSD,SELL,2018-04-27 20:00:00+00:00,,PRE_TRADE_PROJECTED_EQUITY_BREACH
REJECTED,GBPUSD,SELL,2018-04-30 06:00:00+00:00,,PRE_TRADE_PROJECTED_EQUITY_BREACH
REJECTED,EURUSD,SELL,2018-04-30 06:30:00+00:00,,PRE_TRADE_PROJECTED_EQUITY_BREACH
REJECTED,EURUSD,SELL,2018-05-02 08:00:00+00:00,,PRE_TRADE_PROJECTED_EQUITY_BREACH
REJECTED,GBPUSD,SELL,2018-05-02 10:30:00+00:00,,PRE_TRADE_PROJECTED_EQUITY_BREACH
REJECTED,EURUSD,SELL,2018-05-03 02:00:00+00:00,,PRE_TRADE_PROJECTED_EQUITY_BREACH
REJECTED,GBPUSD,SELL,2018-05-03 02:00:00+00:00,,PRE_TRADE_PROJECTED_EQUITY_BREACH
REJECTED,EURUSD,SELL,2018-05-03 04:00:00+00:00,,PRE_TRADE_PROJECTED_EQUITY_BREACH
REJECTED,GBPUSD,SELL,2018-05-03 06:00:00+00:00,,PRE_TRADE_PROJECTED_EQUITY_BREACH
REJECTED,GBPUSD,SELL,2018-05-04 02:00:00+00:00,,PRE_TRADE_PROJECTED_EQUITY_BREACH
REJECTED,GBPUSD,SELL,2018-05-04 17:30:00+00:00,,PRE_TRADE_PROJECTED_EQUITY_BREACH
REJECTED,GBPUSD,SELL,2018-05-07 04:00:00+00:00,,PRE_TRADE_PROJECTED_EQUITY_BREACH
REJECTED,GBPUSD,SELL,2018-05-08 00:30:00+00:00,,PRE_TRADE_PROJECTED_EQUITY_BREACH
REJECTED,EURUSD,SELL,2018-05-08 01:00:00+00:00,,PRE_TRADE_PROJECTED_EQUITY_BREACH
REJECTED,GBPUSD,SELL,2018-05-08 07:00:00+00:00,,PRE_TRADE_PROJECTED_EQUITY_BREACH
REJECTED,EURUSD,SELL,2018-05-08 17:00:00+00:00,,PRE_TRADE_PROJECTED_EQUITY_BREACH
REJECTED,GBPUSD,SELL,2018-05-08 17:00:00+00:00,,PRE_TRADE_PROJECTED_EQUITY_BREACH
REJECTED,EURUSD,SELL,2018-05-09 10:00:00+00:00,,PRE_TRADE_PROJECTED_EQUITY_BREACH
REJECTED,EURUSD,SELL,2018-05-09 12:00:00+00:00,,PRE_TRADE_PROJECTED_EQUITY_BREACH
REJECTED,EURUSD,SELL,2018-05-10 02:30:00+00:00,,PRE_TRADE_PROJECTED_EQUITY_BREACH
REJECTED,GBPUSD,SELL,2018-05-10 03:00:00+00:00,,PRE_TRADE_PROJECTED_EQUITY_BREACH
REJECTED,GBPUSD,SELL,2018-05-10 11:00:00+00:00,,PRE_TRADE_PROJECTED_EQUITY_BREACH
REJECTED,EURUSD,SELL,2018-05-10 13:30:00+00:00,,PRE_TRADE_PROJECTED_EQUITY_BREACH
REJECTED,GBPUSD,SELL,2018-05-11 00:30:00+00:00,,PRE_TRADE_PROJECTED_EQUITY_BREACH
REJECTED,EURUSD,SELL,2018-05-11 11:00:00+00:00,,PRE_TRADE_PROJECTED_EQUITY_BREACH
REJECTED,GBPUSD,SELL,2018-05-11 11:00:00+00:00,,PRE_TRADE_PROJECTED_EQUITY_BREACH
REJECTED,EURUSD,SELL,2018-05-11 14:00:00+00:00,,PRE_TRADE_PROJECTED_EQUITY_BREACH
REJECTED,GBPUSD,SELL,2018-05-14 01:00:00+00:00,,PRE_TRADE_PROJECTED_EQUITY_BREACH
REJECTED,GBPUSD,SELL,2018-05-15 02:30:00+00:00,,PRE_TRADE_PROJECTED_EQUITY_BREACH
REJECTED,GBPUSD,SELL,2018-05-15 17:00:00+00:00,,PRE_TRADE_PROJECTED_EQUITY_BREACH
REJECTED,EURUSD,SELL,2018-05-16 06:30:00+00:00,,PRE_TRADE_PROJECTED_EQUITY_BREACH
REJECTED,GBPUSD,SELL,2018-05-16 06:30:00+00:00,,PRE_TRADE_PROJECTED_EQUITY_BREACH
REJECTED,EURUSD,SELL,2018-05-16 17:30:00+00:00,,PRE_TRADE_PROJECTED_EQUITY_BREACH
REJECTED,GBPUSD,SELL,2018-05-16 23:30:00+00:00,,PRE_TRADE_PROJECTED_EQUITY_BREACH
REJECTED,EURUSD,SELL,2018-05-17 03:00:00+00:00,,PRE_TRADE_PROJECTED_EQUITY_BREACH
REJECTED,GBPUSD,SELL,2018-05-17 03:00:00+00:00,,PRE_TRADE_PROJECTED_EQUITY_BREACH
REJECTED,EURUSD,SELL,2018-05-18 06:00:00+00:00,,PRE_TRADE_PROJECTED_EQUITY_BREACH
REJECTED,EURUSD,SELL,2018-05-18 07:30:00+00:00,,PRE_TRADE_PROJECTED_EQUITY_BREACH
REJECTED,EURUSD,SELL,2018-05-18 17:00:00+00:00,,PRE_TRADE_PROJECTED_EQUITY_BREACH
REJECTED,EURUSD,SELL,2018-05-21 12:30:00+00:00,,PRE_TRADE_PROJECTED_EQUITY_BREACH
REJECTED,EURUSD,SELL,2018-05-21 14:00:00+00:00,,PRE_TRADE_PROJECTED_EQUITY_BREACH
REJECTED,EURUSD,SELL,2018-05-21 20:30:00+00:00,,PRE_TRADE_PROJECTED_EQUITY_BREACH
REJECTED,GBPUSD,SELL,2018-05-21 21:00:00+00:00,,PRE_TRADE_PROJECTED_EQUITY_BREACH
REJECTED,GBPUSD,SELL,2018-05-22 09:00:00+00:00,,PRE_TRADE_PROJECTED_EQUITY_BREACH
REJECTED,GBPUSD,SELL,2018-05-23 00:30:00+00:00,,PRE_TRADE_PROJECTED_EQUITY_BREACH
REJECTED,GBPUSD,SELL,2018-05-23 15:00:00+00:00,,PRE_TRADE_PROJECTED_EQUITY_BREACH
REJECTED,EURUSD,SELL,2018-05-24 00:00:00+00:00,,PRE_TRADE_PROJECTED_EQUITY_BREACH
REJECTED,GBPUSD,SELL,2018-05-24 00:00:00+00:00,,PRE_TRADE_PROJECTED_EQUITY_BREACH
REJECTED,GBPUSD,SELL,2018-05-24 04:30:00+00:00,,PRE_TRADE_PROJECTED_EQUITY_BREACH
REJECTED,EURUSD,SELL,2018-05-24 08:00:00+00:00,,PRE_TRADE_PROJECTED_EQUITY_BREACH
REJECTED,GBPUSD,SELL,2018-05-24 09:30:00+00:00,,PRE_TRADE_PROJECTED_EQUITY_BREACH
REJECTED,EURUSD,SELL,2018-05-24 18:30:00+00:00,,PRE_TRADE_PROJECTED_EQUITY_BREACH
REJECTED,GBPUSD,SELL,2018-05-24 18:30:00+00:00,,PRE_TRADE_PROJECTED_EQUITY_BREACH
REJECTED,GBPUSD,SELL,2018-05-28 04:00:00+00:00,,PRE_TRADE_PROJECTED_EQUITY_BREACH
REJECTED,EURUSD,SELL,2018-05-28 06:00:00+00:00,,PRE_TRADE_PROJECTED_EQUITY_BREACH
REJECTED,GBPUSD,SELL,2018-05-29 01:00:00+00:00,,PRE_TRADE_PROJECTED_EQUITY_BREACH
REJECTED,GBPUSD,SELL,2018-05-29 13:30:00+00:00,,PRE_TRADE_PROJECTED_EQUITY_BREACH
REJECTED,EURUSD,SELL,2018-05-30 07:00:00+00:00,,PRE_TRADE_PROJECTED_EQUITY_BREACH
REJECTED,GBPUSD,SELL,2018-05-30 07:00:00+00:00,,PRE_TRADE_PROJECTED_EQUITY_BREACH
REJECTED,GBPUSD,SELL,2018-05-30 14:00:00+00:00,,PRE_TRADE_PROJECTED_EQUITY_BREACH
REJECTED,EURUSD,SELL,2018-05-30 16:30:00+00:00,,PRE_TRADE_PROJECTED_EQUITY_BREACH
REJECTED,EURUSD,SELL,2018-05-30 21:00:00+00:00,,PRE_TRADE_PROJECTED_EQUITY_BREACH
REJECTED,GBPUSD,SELL,2018-05-31 01:30:00+00:00,,PRE_TRADE_PROJECTED_EQUITY_BREACH
REJECTED,EURUSD,SELL,2018-05-31 06:30:00+00:00,,PRE_TRADE_PROJECTED_EQUITY_BREACH
REJECTED,GBPUSD,SELL,2018-05-31 06:30:00+00:00,,PRE_TRADE_PROJECTED_EQUITY_BREACH
REJECTED,GBPUSD,SELL,2018-05-31 09:30:00+00:00,,PRE_TRADE_PROJECTED_EQUITY_BREACH
REJECTED,GBPUSD,SELL,2018-06-01 07:00:00+00:00,,PRE_TRADE_PROJECTED_EQUITY_BREACH
REJECTED,EURUSD,SELL,2018-06-01 08:00:00+00:00,,PRE_TRADE_PROJECTED_EQUITY_BREACH
REJECTED,GBPUSD,SELL,2018-06-01 11:00:00+00:00,,PRE_TRADE_PROJECTED_EQUITY_BREACH
REJECTED,GBPUSD,SELL,2018-06-01 15:30:00+00:00,,PRE_TRADE_PROJECTED_EQUITY_BREACH
REJECTED,EURUSD,SELL,2018-06-04 01:00:00+00:00,,PRE_TRADE_PROJECTED_EQUITY_BREACH
REJECTED,GBPUSD,BUY,2018-06-04 14:00:00+00:00,,PRE_TRADE_PROJECTED_EQUITY_BREACH
REJECTED,EURUSD,BUY,2018-06-04 16:00:00+00:00,,PRE_TRADE_PROJECTED_EQUITY_BREACH
REJECTED,EURUSD,BUY,2018-06-05 03:30:00+00:00,,PRE_TRADE_PROJECTED_EQUITY_BREACH
REJECTED,GBPUSD,SELL,2018-06-05 07:30:00+00:00,,PRE_TRADE_PROJECTED_EQUITY_BREACH
REJECTED,GBPUSD,BUY,2018-06-07 12:30:00+00:00,,PRE_TRADE_PROJECTED_EQUITY_BREACH
REJECTED,EURUSD,BUY,2018-06-08 00:30:00+00:00,,PRE_TRADE_PROJECTED_EQUITY_BREACH
REJECTED,EURUSD,BUY,2018-06-08 11:00:00+00:00,,PRE_TRADE_PROJECTED_EQUITY_BREACH
REJECTED,EURUSD,BUY,2018-06-11 17:30:00+00:00,,PRE_TRADE_PROJECTED_EQUITY_BREACH
REJECTED,EURUSD,BUY,2018-06-11 23:00:00+00:00,,PRE_TRADE_PROJECTED_EQUITY_BREACH
REJECTED,EURUSD,BUY,2018-06-12 12:00:00+00:00,,PRE_TRADE_PROJECTED_EQUITY_BREACH
REJECTED,EURUSD,BUY,2018-06-12 18:00:00+00:00,,PRE_TRADE_PROJECTED_EQUITY_BREACH
REJECTED,EURUSD,SELL,2018-06-13 06:30:00+00:00,,PRE_TRADE_PROJECTED_EQUITY_BREACH
REJECTED,GBPUSD,SELL,2018-06-13 13:30:00+00:00,,PRE_TRADE_PROJECTED_EQUITY_BREACH
REJECTED,GBPUSD,SELL,2018-06-13 15:00:00+00:00,,PRE_TRADE_PROJECTED_EQUITY_BREACH
REJECTED,EURUSD,BUY,2018-06-13 19:00:00+00:00,,PRE_TRADE_PROJECTED_EQUITY_BREACH
REJECTED,GBPUSD,BUY,2018-06-14 13:00:00+00:00,,PRE_TRADE_PROJECTED_EQUITY_BREACH
REJECTED,EURUSD,SELL,2018-06-15 06:00:00+00:00,,PRE_TRADE_PROJECTED_EQUITY_BREACH
REJECTED,GBPUSD,SELL,2018-06-15 10:00:00+00:00,,PRE_TRADE_PROJECTED_EQUITY_BREACH
REJECTED,EURUSD,SELL,2018-06-15 14:00:00+00:00,,PRE_TRADE_PROJECTED_EQUITY_BREACH
REJECTED,EURUSD,SELL,2018-06-18 06:00:00+00:00,,PRE_TRADE_PROJECTED_EQUITY_BREACH
REJECTED,EURUSD,SELL,2018-06-18 10:00:00+00:00,,PRE_TRADE_PROJECTED_EQUITY_BREACH
REJECTED,GBPUSD,SELL,2018-06-18 16:00:00+00:00,,PRE_TRADE_PROJECTED_EQUITY_BREACH
REJECTED,EURUSD,SELL,2018-06-18 21:30:00+00:00,,PRE_TRADE_PROJECTED_EQUITY_BREACH
REJECTED,GBPUSD,SELL,2018-06-19 00:30:00+00:00,,PRE_TRADE_PROJECTED_EQUITY_BREACH
REJECTED,GBPUSD,SELL,2018-06-19 02:30:00+00:00,,PRE_TRADE_PROJECTED_EQUITY_BREACH
REJECTED,EURUSD,SELL,2018-06-19 16:00:00+00:00,,PRE_TRADE_PROJECTED_EQUITY_BREACH
REJECTED,EURUSD,SELL,2018-06-20 00:00:00+00:00,,PRE_TRADE_PROJECTED_EQUITY_BREACH
REJECTED,EURUSD,SELL,2018-06-20 13:00:00+00:00,,PRE_TRADE_PROJECTED_EQUITY_BREACH
REJECTED,GBPUSD,SELL,2018-06-20 13:00:00+00:00,,PRE_TRADE_PROJECTED_EQUITY_BREACH
REJECTED,GBPUSD,SELL,2018-06-21 12:00:00+00:00,,PRE_TRADE_PROJECTED_EQUITY_BREACH
REJECTED,EURUSD,SELL,2018-06-21 13:30:00+00:00,,PRE_TRADE_PROJECTED_EQUITY_BREACH
REJECTED,GBPUSD,SELL,2018-06-21 13:30:00+00:00,,PRE_TRADE_PROJECTED_EQUITY_BREACH
REJECTED,EURUSD,SELL,2018-06-21 19:30:00+00:00,,PRE_TRADE_PROJECTED_EQUITY_BREACH
REJECTED,EURUSD,SELL,2018-06-22 06:00:00+00:00,,PRE_TRADE_PROJECTED_EQUITY_BREACH
REJECTED,EURUSD,BUY,2018-06-25 07:00:00+00:00,,PRE_TRADE_PROJECTED_EQUITY_BREACH
REJECTED,EURUSD,BUY,2018-06-26 07:00:00+00:00,,PRE_TRADE_PROJECTED_EQUITY_BREACH
REJECTED,GBPUSD,BUY,2018-06-26 07:00:00+00:00,,PRE_TRADE_PROJECTED_EQUITY_BREACH
REJECTED,EURUSD,BUY,2018-06-26 10:00:00+00:00,,PRE_TRADE_PROJECTED_EQUITY_BREACH
REJECTED,EURUSD,BUY,2018-06-26 15:00:00+00:00,,PRE_TRADE_PROJECTED_EQUITY_BREACH
REJECTED,EURUSD,SELL,2018-06-28 11:30:00+00:00,,PRE_TRADE_PROJECTED_EQUITY_BREACH
REJECTED,GBPUSD,SELL,2018-06-29 03:30:00+00:00,,PRE_TRADE_PROJECTED_EQUITY_BREACH
REJECTED,GBPUSD,SELL,2018-06-29 05:00:00+00:00,,PRE_TRADE_PROJECTED_EQUITY_BREACH
REJECTED,GBPUSD,SELL,2018-06-29 09:30:00+00:00,,PRE_TRADE_PROJECTED_EQUITY_BREACH
REJECTED,GBPUSD,SELL,2018-06-29 15:00:00+00:00,,PRE_TRADE_PROJECTED_EQUITY_BREACH
REJECTED,EURUSD,BUY,2018-07-02 06:30:00+00:00,,PRE_TRADE_PROJECTED_EQUITY_BREACH
REJECTED,GBPUSD,SELL,2018-07-02 21:30:00+00:00,,PRE_TRADE_PROJECTED_EQUITY_BREACH
REJECTED,EURUSD,BUY,2018-07-03 02:00:00+00:00,,PRE_TRADE_PROJECTED_EQUITY_BREACH
REJECTED,GBPUSD,SELL,2018-07-03 06:30:00+00:00,,PRE_TRADE_PROJECTED_EQUITY_BREACH
REJECTED,GBPUSD,SELL,2018-07-03 08:30:00+00:00,,PRE_TRADE_PROJECTED_EQUITY_BREACH
REJECTED,EURUSD,BUY,2018-07-04 10:00:00+00:00,,PRE_TRADE_PROJECTED_EQUITY_BREACH
REJECTED,EURUSD,BUY,2018-07-04 20:30:00+00:00,,PRE_TRADE_PROJECTED_EQUITY_BREACH
REJECTED,GBPUSD,BUY,2018-07-04 21:30:00+00:00,,PRE_TRADE_PROJECTED_EQUITY_BREACH
REJECTED,GBPUSD,BUY,2018-07-05 19:00:00+00:00,,PRE_TRADE_PROJECTED_EQUITY_BREACH
REJECTED,EURUSD,BUY,2018-07-05 19:30:00+00:00,,PRE_TRADE_PROJECTED_EQUITY_BREACH
REJECTED,GBPUSD,BUY,2018-07-06 02:00:00+00:00,,PRE_TRADE_PROJECTED_EQUITY_BREACH
REJECTED,EURUSD,BUY,2018-07-06 02:30:00+00:00,,PRE_TRADE_PROJECTED_EQUITY_BREACH
REJECTED,EURUSD,BUY,2018-07-09 14:30:00+00:00,,PRE_TRADE_PROJECTED_EQUITY_BREACH
REJECTED,GBPUSD,BUY,2018-07-09 15:00:00+00:00,,PRE_TRADE_PROJECTED_EQUITY_BREACH
REJECTED,EURUSD,BUY,2018-07-10 09:30:00+00:00,,PRE_TRADE_PROJECTED_EQUITY_BREACH
REJECTED,EURUSD,BUY,2018-07-10 11:30:00+00:00,,PRE_TRADE_PROJECTED_EQUITY_BREACH
REJECTED,EURUSD,BUY,2018-07-10 22:00:00+00:00,,PRE_TRADE_PROJECTED_EQUITY_BREACH
REJECTED,EURUSD,BUY,2018-07-11 00:00:00+00:00,,PRE_TRADE_PROJECTED_EQUITY_BREACH
REJECTED,GBPUSD,BUY,2018-07-11 01:30:00+00:00,,PRE_TRADE_PROJECTED_EQUITY_BREACH
REJECTED,EURUSD,BUY,2018-07-11 10:00:00+00:00,,PRE_TRADE_PROJECTED_EQUITY_BREACH
REJECTED,GBPUSD,BUY,2018-07-11 10:00:00+00:00,,PRE_TRADE_PROJECTED_EQUITY_BREACH
REJECTED,GBPUSD,BUY,2018-07-11 11:00:00+00:00,,PRE_TRADE_PROJECTED_EQUITY_BREACH
REJECTED,EURUSD,SELL,2018-07-12 05:00:00+00:00,,PRE_TRADE_PROJECTED_EQUITY_BREACH
REJECTED,EURUSD,SELL,2018-07-12 16:30:00+00:00,,PRE_TRADE_PROJECTED_EQUITY_BREACH
REJECTED,EURUSD,SELL,2018-07-13 02:00:00+00:00,,PRE_TRADE_PROJECTED_EQUITY_BREACH
REJECTED,GBPUSD,SELL,2018-07-13 15:00:00+00:00,,PRE_TRADE_PROJECTED_EQUITY_BREACH
REJECTED,EURUSD,SELL,2018-07-13 15:30:00+00:00,,PRE_TRADE_PROJECTED_EQUITY_BREACH
REJECTED,GBPUSD,BUY,2018-07-17 02:00:00+00:00,,PRE_TRADE_PROJECTED_EQUITY_BREACH
REJECTED,EURUSD,BUY,2018-07-17 12:00:00+00:00,,PRE_TRADE_PROJECTED_EQUITY_BREACH
REJECTED,GBPUSD,BUY,2018-07-17 12:00:00+00:00,,PRE_TRADE_PROJECTED_EQUITY_BREACH
REJECTED,EURUSD,SELL,2018-07-18 15:00:00+00:00,,PRE_TRADE_PROJECTED_EQUITY_BREACH
REJECTED,GBPUSD,SELL,2018-07-18 16:00:00+00:00,,PRE_TRADE_PROJECTED_EQUITY_BREACH
REJECTED,EURUSD,SELL,2018-07-19 01:00:00+00:00,,PRE_TRADE_PROJECTED_EQUITY_BREACH
REJECTED,EURUSD,SELL,2018-07-19 15:30:00+00:00,,PRE_TRADE_PROJECTED_EQUITY_BREACH
REJECTED,EURUSD,SELL,2018-07-19 18:00:00+00:00,,PRE_TRADE_PROJECTED_EQUITY_BREACH
REJECTED,GBPUSD,SELL,2018-07-19 18:00:00+00:00,,PRE_TRADE_PROJECTED_EQUITY_BREACH
REJECTED,EURUSD,SELL,2018-07-20 05:30:00+00:00,,PRE_TRADE_PROJECTED_EQUITY_BREACH
REJECTED,GBPUSD,SELL,2018-07-20 11:30:00+00:00,,PRE_TRADE_PROJECTED_EQUITY_BREACH
REJECTED,EURUSD,SELL,2018-07-20 13:00:00+00:00,,PRE_TRADE_PROJECTED_EQUITY_BREACH
REJECTED,GBPUSD,SELL,2018-07-20 17:30:00+00:00,,PRE_TRADE_PROJECTED_EQUITY_BREACH
REJECTED,EURUSD,BUY,2018-07-23 03:30:00+00:00,,PRE_TRADE_PROJECTED_EQUITY_BREACH
REJECTED,GBPUSD,BUY,2018-07-23 03:30:00+00:00,,PRE_TRADE_PROJECTED_EQUITY_BREACH
REJECTED,EURUSD,BUY,2018-07-23 10:00:00+00:00,,PRE_TRADE_PROJECTED_EQUITY_BREACH
REJECTED,EURUSD,BUY,2018-07-23 17:00:00+00:00,,PRE_TRADE_PROJECTED_EQUITY_BREACH
REJECTED,GBPUSD,BUY,2018-07-26 08:30:00+00:00,,PRE_TRADE_PROJECTED_EQUITY_BREACH
REJECTED,EURUSD,BUY,2018-07-26 10:00:00+00:00,,PRE_TRADE_PROJECTED_EQUITY_BREACH
REJECTED,EURUSD,BUY,2018-07-26 13:30:00+00:00,,PRE_TRADE_PROJECTED_EQUITY_BREACH
REJECTED,GBPUSD,BUY,2018-07-26 13:30:00+00:00,,PRE_TRADE_PROJECTED_EQUITY_BREACH
REJECTED,EURUSD,SELL,2018-07-27 14:00:00+00:00,,PRE_TRADE_PROJECTED_EQUITY_BREACH
REJECTED,GBPUSD,SELL,2018-07-27 15:30:00+00:00,,PRE_TRADE_PROJECTED_EQUITY_BREACH
REJECTED,GBPUSD,SELL,2018-07-30 01:00:00+00:00,,PRE_TRADE_PROJECTED_EQUITY_BREACH
REJECTED,EURUSD,SELL,2018-07-30 06:00:00+00:00,,PRE_TRADE_PROJECTED_EQUITY_BREACH
REJECTED,GBPUSD,SELL,2018-07-30 06:00:00+00:00,,PRE_TRADE_PROJECTED_EQUITY_BREACH
REJECTED,GBPUSD,BUY,2018-07-31 13:30:00+00:00,,PRE_TRADE_PROJECTED_EQUITY_BREACH
REJECTED,EURUSD,BUY,2018-07-31 14:00:00+00:00,,PRE_TRADE_PROJECTED_EQUITY_BREACH
REJECTED,GBPUSD,SELL,2018-08-01 08:00:00+00:00,,PRE_TRADE_PROJECTED_EQUITY_BREACH
REJECTED,EURUSD,SELL,2018-08-02 00:00:00+00:00,,PRE_TRADE_PROJECTED_EQUITY_BREACH
REJECTED,GBPUSD,SELL,2018-08-02 12:00:00+00:00,,PRE_TRADE_PROJECTED_EQUITY_BREACH
REJECTED,GBPUSD,SELL,2018-08-03 06:30:00+00:00,,PRE_TRADE_PROJECTED_EQUITY_BREACH
REJECTED,EURUSD,SELL,2018-08-03 12:00:00+00:00,,PRE_TRADE_PROJECTED_EQUITY_BREACH
REJECTED,EURUSD,SELL,2018-08-07 00:30:00+00:00,,PRE_TRADE_PROJECTED_EQUITY_BREACH
REJECTED,EURUSD,SELL,2018-08-07 07:00:00+00:00,,PRE_TRADE_PROJECTED_EQUITY_BREACH
REJECTED,GBPUSD,SELL,2018-08-07 07:00:00+00:00,,PRE_TRADE_PROJECTED_EQUITY_BREACH
REJECTED,EURUSD,SELL,2018-08-07 10:30:00+00:00,,PRE_TRADE_PROJECTED_EQUITY_BREACH
REJECTED,EURUSD,SELL,2018-08-08 04:00:00+00:00,,PRE_TRADE_PROJECTED_EQUITY_BREACH
REJECTED,GBPUSD,SELL,2018-08-08 04:30:00+00:00,,PRE_TRADE_PROJECTED_EQUITY_BREACH
REJECTED,EURUSD,SELL,2018-08-08 19:00:00+00:00,,PRE_TRADE_PROJECTED_EQUITY_BREACH
REJECTED,EURUSD,SELL,2018-08-09 03:30:00+00:00,,PRE_TRADE_PROJECTED_EQUITY_BREACH
REJECTED,EURUSD,SELL,2018-08-13 14:00:00+00:00,,PRE_TRADE_PROJECTED_EQUITY_BREACH
REJECTED,GBPUSD,SELL,2018-08-13 15:00:00+00:00,,PRE_TRADE_PROJECTED_EQUITY_BREACH
REJECTED,EURUSD,SELL,2018-08-13 21:00:00+00:00,,PRE_TRADE_PROJECTED_EQUITY_BREACH
REJECTED,GBPUSD,SELL,2018-08-13 21:30:00+00:00,,PRE_TRADE_PROJECTED_EQUITY_BREACH
REJECTED,EURUSD,SELL,2018-08-14 03:00:00+00:00,,PRE_TRADE_PROJECTED_EQUITY_BREACH
REJECTED,GBPUSD,SELL,2018-08-14 03:30:00+00:00,,PRE_TRADE_PROJECTED_EQUITY_BREACH
REJECTED,GBPUSD,SELL,2018-08-14 07:00:00+00:00,,PRE_TRADE_PROJECTED_EQUITY_BREACH
REJECTED,GBPUSD,SELL,2018-08-14 08:00:00+00:00,,PRE_TRADE_PROJECTED_EQUITY_BREACH
REJECTED,EURUSD,SELL,2018-08-15 07:00:00+00:00,,PRE_TRADE_PROJECTED_EQUITY_BREACH
REJECTED,GBPUSD,SELL,2018-08-15 07:00:00+00:00,,PRE_TRADE_PROJECTED_EQUITY_BREACH
REJECTED,EURUSD,SELL,2018-08-16 02:30:00+00:00,,PRE_TRADE_PROJECTED_EQUITY_BREACH
REJECTED,GBPUSD,SELL,2018-08-16 03:00:00+00:00,,PRE_TRADE_PROJECTED_EQUITY_BREACH
REJECTED,GBPUSD,SELL,2018-08-16 14:30:00+00:00,,PRE_TRADE_PROJECTED_EQUITY_BREACH
REJECTED,EURUSD,SELL,2018-08-16 21:00:00+00:00,,PRE_TRADE_PROJECTED_EQUITY_BREACH
REJECTED,EURUSD,SELL,2018-08-17 02:00:00+00:00,,PRE_TRADE_PROJECTED_EQUITY_BREACH
REJECTED,GBPUSD,SELL,2018-08-17 02:00:00+00:00,,PRE_TRADE_PROJECTED_EQUITY_BREACH
REJECTED,GBPUSD,SELL,2018-08-17 07:00:00+00:00,,PRE_TRADE_PROJECTED_EQUITY_BREACH
REJECTED,EURUSD,SELL,2018-08-17 09:00:00+00:00,,PRE_TRADE_PROJECTED_EQUITY_BREACH
REJECTED,GBPUSD,SELL,2018-08-17 15:30:00+00:00,,PRE_TRADE_PROJECTED_EQUITY_BREACH
REJECTED,EURUSD,SELL,2018-08-17 19:00:00+00:00,,PRE_TRADE_PROJECTED_EQUITY_BREACH
REJECTED,GBPUSD,SELL,2018-08-20 00:00:00+00:00,,PRE_TRADE_PROJECTED_EQUITY_BREACH
REJECTED,EURUSD,SELL,2018-08-20 14:00:00+00:00,,PRE_TRADE_PROJECTED_EQUITY_BREACH
REJECTED,GBPUSD,BUY,2018-08-22 08:00:00+00:00,,PRE_TRADE_PROJECTED_EQUITY_BREACH
REJECTED,EURUSD,BUY,2018-08-22 15:00:00+00:00,,PRE_TRADE_PROJECTED_EQUITY_BREACH
REJECTED,EURUSD,BUY,2018-08-23 01:00:00+00:00,,PRE_TRADE_PROJECTED_EQUITY_BREACH
REJECTED,GBPUSD,BUY,2018-08-23 01:00:00+00:00,,PRE_TRADE_PROJECTED_EQUITY_BREACH
REJECTED,EURUSD,BUY,2018-08-23 03:00:00+00:00,,PRE_TRADE_PROJECTED_EQUITY_BREACH
REJECTED,GBPUSD,BUY,2018-08-23 15:00:00+00:00,,PRE_TRADE_PROJECTED_EQUITY_BREACH
REJECTED,EURUSD,BUY,2018-08-23 18:00:00+00:00,,PRE_TRADE_PROJECTED_EQUITY_BREACH
REJECTED,EURUSD,BUY,2018-08-27 07:00:00+00:00,,PRE_TRADE_PROJECTED_EQUITY_BREACH
REJECTED,GBPUSD,BUY,2018-08-27 07:00:00+00:00,,PRE_TRADE_PROJECTED_EQUITY_BREACH
REJECTED,EURUSD,BUY,2018-08-28 06:00:00+00:00,,PRE_TRADE_PROJECTED_EQUITY_BREACH
REJECTED,EURUSD,BUY,2018-08-28 19:30:00+00:00,,PRE_TRADE_PROJECTED_EQUITY_BREACH
REJECTED,GBPUSD,BUY,2018-08-28 19:30:00+00:00,,PRE_TRADE_PROJECTED_EQUITY_BREACH
REJECTED,EURUSD,BUY,2018-08-28 20:30:00+00:00,,PRE_TRADE_PROJECTED_EQUITY_BREACH
REJECTED,GBPUSD,BUY,2018-08-29 01:00:00+00:00,,PRE_TRADE_PROJECTED_EQUITY_BREACH
REJECTED,EURUSD,BUY,2018-08-30 03:00:00+00:00,,PRE_TRADE_PROJECTED_EQUITY_BREACH
REJECTED,EURUSD,BUY,2018-08-30 06:00:00+00:00,,PRE_TRADE_PROJECTED_EQUITY_BREACH
REJECTED,GBPUSD,BUY,2018-08-30 06:00:00+00:00,,PRE_TRADE_PROJECTED_EQUITY_BREACH
REJECTED,GBPUSD,BUY,2018-08-30 09:00:00+00:00,,PRE_TRADE_PROJECTED_EQUITY_BREACH
REJECTED,EURUSD,BUY,2018-08-30 14:00:00+00:00,,PRE_TRADE_PROJECTED_EQUITY_BREACH
REJECTED,EURUSD,BUY,2018-08-30 16:00:00+00:00,,PRE_TRADE_PROJECTED_EQUITY_BREACH
REJECTED,EURUSD,BUY,2018-08-31 14:00:00+00:00,,PRE_TRADE_PROJECTED_EQUITY_BREACH
REJECTED,GBPUSD,BUY,2018-09-02 22:00:00+00:00,,PRE_TRADE_PROJECTED_EQUITY_BREACH
REJECTED,EURUSD,SELL,2018-09-03 05:30:00+00:00,,PRE_TRADE_PROJECTED_EQUITY_BREACH
REJECTED,GBPUSD,BUY,2018-09-03 07:00:00+00:00,,PRE_TRADE_PROJECTED_EQUITY_BREACH
REJECTED,EURUSD,SELL,2018-09-04 06:00:00+00:00,,PRE_TRADE_PROJECTED_EQUITY_BREACH
REJECTED,GBPUSD,SELL,2018-09-04 06:00:00+00:00,,PRE_TRADE_PROJECTED_EQUITY_BREACH
REJECTED,GBPUSD,SELL,2018-09-04 13:30:00+00:00,,PRE_TRADE_PROJECTED_EQUITY_BREACH
REJECTED,EURUSD,SELL,2018-09-04 17:00:00+00:00,,PRE_TRADE_PROJECTED_EQUITY_BREACH
REJECTED,EURUSD,SELL,2018-09-05 00:30:00+00:00,,PRE_TRADE_PROJECTED_EQUITY_BREACH
REJECTED,EURUSD,SELL,2018-09-05 02:00:00+00:00,,PRE_TRADE_PROJECTED_EQUITY_BREACH
REJECTED,EURUSD,SELL,2018-09-05 14:00:00+00:00,,PRE_TRADE_PROJECTED_EQUITY_BREACH
REJECTED,GBPUSD,SELL,2018-09-05 14:00:00+00:00,,PRE_TRADE_PROJECTED_EQUITY_BREACH
REJECTED,EURUSD,BUY,2018-09-06 05:00:00+00:00,,PRE_TRADE_PROJECTED_EQUITY_BREACH
REJECTED,EURUSD,BUY,2018-09-06 06:00:00+00:00,,PRE_TRADE_PROJECTED_EQUITY_BREACH
REJECTED,GBPUSD,BUY,2018-09-07 02:00:00+00:00,,PRE_TRADE_PROJECTED_EQUITY_BREACH
REJECTED,EURUSD,BUY,2018-09-07 11:00:00+00:00,,PRE_TRADE_PROJECTED_EQUITY_BREACH
REJECTED,GBPUSD,BUY,2018-09-07 16:30:00+00:00,,PRE_TRADE_PROJECTED_EQUITY_BREACH
REJECTED,GBPUSD,BUY,2018-09-10 04:30:00+00:00,,PRE_TRADE_PROJECTED_EQUITY_BREACH
REJECTED,EURUSD,SELL,2018-09-10 10:00:00+00:00,,PRE_TRADE_PROJECTED_EQUITY_BREACH
REJECTED,EURUSD,SELL,2018-09-10 13:30:00+00:00,,PRE_TRADE_PROJECTED_EQUITY_BREACH
REJECTED,GBPUSD,BUY,2018-09-10 22:00:00+00:00,,PRE_TRADE_PROJECTED_EQUITY_BREACH
REJECTED,EURUSD,SELL,2018-09-11 05:00:00+00:00,,PRE_TRADE_PROJECTED_EQUITY_BREACH
REJECTED,GBPUSD,BUY,2018-09-11 11:00:00+00:00,,PRE_TRADE_PROJECTED_EQUITY_BREACH
REJECTED,GBPUSD,BUY,2018-09-11 13:30:00+00:00,,PRE_TRADE_PROJECTED_EQUITY_BREACH
REJECTED,GBPUSD,BUY,2018-09-12 03:30:00+00:00,,PRE_TRADE_PROJECTED_EQUITY_BREACH
REJECTED,EURUSD,SELL,2018-09-12 14:30:00+00:00,,PRE_TRADE_PROJECTED_EQUITY_BREACH
REJECTED,EURUSD,BUY,2018-09-13 05:30:00+00:00,,PRE_TRADE_PROJECTED_EQUITY_BREACH
REJECTED,GBPUSD,BUY,2018-09-13 06:30:00+00:00,,PRE_TRADE_PROJECTED_EQUITY_BREACH
REJECTED,GBPUSD,BUY,2018-09-14 12:30:00+00:00,,PRE_TRADE_PROJECTED_EQUITY_BREACH
REJECTED,EURUSD,BUY,2018-09-14 17:00:00+00:00,,PRE_TRADE_PROJECTED_EQUITY_BREACH
REJECTED,EURUSD,BUY,2018-09-14 19:00:00+00:00,,PRE_TRADE_PROJECTED_EQUITY_BREACH
REJECTED,EURUSD,BUY,2018-09-17 20:30:00+00:00,,PRE_TRADE_PROJECTED_EQUITY_BREACH
REJECTED,GBPUSD,BUY,2018-09-17 21:30:00+00:00,,PRE_TRADE_PROJECTED_EQUITY_BREACH
REJECTED,EURUSD,BUY,2018-09-18 00:00:00+00:00,,PRE_TRADE_PROJECTED_EQUITY_BREACH
REJECTED,EURUSD,BUY,2018-09-19 02:00:00+00:00,,PRE_TRADE_PROJECTED_EQUITY_BREACH
REJECTED,EURUSD,BUY,2018-09-19 12:00:00+00:00,,PRE_TRADE_PROJECTED_EQUITY_BREACH
REJECTED,GBPUSD,BUY,2018-09-19 12:00:00+00:00,,PRE_TRADE_PROJECTED_EQUITY_BREACH
REJECTED,GBPUSD,BUY,2018-09-20 16:00:00+00:00,,PRE_TRADE_PROJECTED_EQUITY_BREACH
REJECTED,EURUSD,BUY,2018-09-20 16:30:00+00:00,,PRE_TRADE_PROJECTED_EQUITY_BREACH
REJECTED,GBPUSD,BUY,2018-09-21 07:00:00+00:00,,PRE_TRADE_PROJECTED_EQUITY_BREACH
REJECTED,GBPUSD,BUY,2018-09-21 14:00:00+00:00,,PRE_TRADE_PROJECTED_EQUITY_BREACH
REJECTED,EURUSD,BUY,2018-09-24 02:30:00+00:00,,PRE_TRADE_PROJECTED_EQUITY_BREACH
REJECTED,EURUSD,BUY,2018-09-24 07:00:00+00:00,,PRE_TRADE_PROJECTED_EQUITY_BREACH
REJECTED,GBPUSD,SELL,2018-09-24 08:00:00+00:00,,PRE_TRADE_PROJECTED_EQUITY_BREACH
REJECTED,EURUSD,BUY,2018-09-24 18:00:00+00:00,,PRE_TRADE_PROJECTED_EQUITY_BREACH
REJECTED,GBPUSD,BUY,2018-09-24 18:00:00+00:00,,PRE_TRADE_PROJECTED_EQUITY_BREACH
REJECTED,EURUSD,BUY,2018-09-24 20:30:00+00:00,,PRE_TRADE_PROJECTED_EQUITY_BREACH
REJECTED,EURUSD,BUY,2018-09-25 03:00:00+00:00,,PRE_TRADE_PROJECTED_EQUITY_BREACH
REJECTED,EURUSD,BUY,2018-09-25 16:30:00+00:00,,PRE_TRADE_PROJECTED_EQUITY_BREACH
REJECTED,EURUSD,BUY,2018-09-26 11:30:00+00:00,,PRE_TRADE_PROJECTED_EQUITY_BREACH
REJECTED,GBPUSD,BUY,2018-09-26 12:00:00+00:00,,PRE_TRADE_PROJECTED_EQUITY_BREACH
REJECTED,EURUSD,BUY,2018-09-26 21:30:00+00:00,,PRE_TRADE_PROJECTED_EQUITY_BREACH
REJECTED,GBPUSD,BUY,2018-09-27 02:30:00+00:00,,PRE_TRADE_PROJECTED_EQUITY_BREACH
REJECTED,EURUSD,BUY,2018-09-27 06:00:00+00:00,,PRE_TRADE_PROJECTED_EQUITY_BREACH
REJECTED,EURUSD,SELL,2018-09-28 02:30:00+00:00,,PRE_TRADE_PROJECTED_EQUITY_BREACH
REJECTED,EURUSD,SELL,2018-09-28 15:30:00+00:00,,PRE_TRADE_PROJECTED_EQUITY_BREACH
REJECTED,GBPUSD,SELL,2018-10-01 00:00:00+00:00,,PRE_TRADE_PROJECTED_EQUITY_BREACH
REJECTED,GBPUSD,SELL,2018-10-01 01:00:00+00:00,,PRE_TRADE_PROJECTED_EQUITY_BREACH
REJECTED,GBPUSD,SELL,2018-10-01 08:30:00+00:00,,PRE_TRADE_PROJECTED_EQUITY_BREACH
REJECTED,EURUSD,SELL,2018-10-01 10:00:00+00:00,,PRE_TRADE_PROJECTED_EQUITY_BREACH
REJECTED,EURUSD,SELL,2018-10-02 13:00:00+00:00,,PRE_TRADE_PROJECTED_EQUITY_BREACH
REJECTED,EURUSD,SELL,2018-10-02 15:30:00+00:00,,PRE_TRADE_PROJECTED_EQUITY_BREACH
REJECTED,EURUSD,SELL,2018-10-03 00:00:00+00:00,,PRE_TRADE_PROJECTED_EQUITY_BREACH
REJECTED,GBPUSD,SELL,2018-10-03 03:00:00+00:00,,PRE_TRADE_PROJECTED_EQUITY_BREACH
REJECTED,GBPUSD,SELL,2018-10-03 15:00:00+00:00,,PRE_TRADE_PROJECTED_EQUITY_BREACH
REJECTED,GBPUSD,SELL,2018-10-04 07:00:00+00:00,,PRE_TRADE_PROJECTED_EQUITY_BREACH
REJECTED,EURUSD,SELL,2018-10-04 08:30:00+00:00,,PRE_TRADE_PROJECTED_EQUITY_BREACH
REJECTED,EURUSD,SELL,2018-10-04 12:00:00+00:00,,PRE_TRADE_PROJECTED_EQUITY_BREACH
REJECTED,GBPUSD,SELL,2018-10-04 12:30:00+00:00,,PRE_TRADE_PROJECTED_EQUITY_BREACH
REJECTED,GBPUSD,SELL,2018-10-04 13:30:00+00:00,,PRE_TRADE_PROJECTED_EQUITY_BREACH
REJECTED,EURUSD,SELL,2018-10-05 13:30:00+00:00,,PRE_TRADE_PROJECTED_EQUITY_BREACH
REJECTED,EURUSD,SELL,2018-10-05 20:00:00+00:00,,PRE_TRADE_PROJECTED_EQUITY_BREACH
REJECTED,GBPUSD,BUY,2018-10-08 03:00:00+00:00,,PRE_TRADE_PROJECTED_EQUITY_BREACH
REJECTED,GBPUSD,BUY,2018-10-08 07:00:00+00:00,,PRE_TRADE_PROJECTED_EQUITY_BREACH
REJECTED,EURUSD,SELL,2018-10-08 18:30:00+00:00,,PRE_TRADE_PROJECTED_EQUITY_BREACH
REJECTED,GBPUSD,BUY,2018-10-09 07:00:00+00:00,,PRE_TRADE_PROJECTED_EQUITY_BREACH
REJECTED,GBPUSD,BUY,2018-10-09 08:30:00+00:00,,PRE_TRADE_PROJECTED_EQUITY_BREACH
REJECTED,EURUSD,SELL,2018-10-10 00:30:00+00:00,,PRE_TRADE_PROJECTED_EQUITY_BREACH
REJECTED,GBPUSD,BUY,2018-10-10 09:30:00+00:00,,PRE_TRADE_PROJECTED_EQUITY_BREACH
REJECTED,EURUSD,SELL,2018-10-10 12:00:00+00:00,,PRE_TRADE_PROJECTED_EQUITY_BREACH
REJECTED,EURUSD,SELL,2018-10-10 15:00:00+00:00,,PRE_TRADE_PROJECTED_EQUITY_BREACH
REJECTED,EURUSD,BUY,2018-10-11 07:00:00+00:00,,PRE_TRADE_PROJECTED_EQUITY_BREACH
REJECTED,GBPUSD,BUY,2018-10-11 07:00:00+00:00,,PRE_TRADE_PROJECTED_EQUITY_BREACH
REJECTED,EURUSD,BUY,2018-10-12 06:30:00+00:00,,PRE_TRADE_PROJECTED_EQUITY_BREACH
REJECTED,GBPUSD,BUY,2018-10-12 10:30:00+00:00,,PRE_TRADE_PROJECTED_EQUITY_BREACH
REJECTED,EURUSD,BUY,2018-10-12 13:00:00+00:00,,PRE_TRADE_PROJECTED_EQUITY_BREACH
REJECTED,GBPUSD,BUY,2018-10-12 13:30:00+00:00,,PRE_TRADE_PROJECTED_EQUITY_BREACH
REJECTED,GBPUSD,BUY,2018-10-14 22:00:00+00:00,,PRE_TRADE_PROJECTED_EQUITY_BREACH
REJECTED,GBPUSD,SELL,2018-10-15 06:30:00+00:00,,PRE_TRADE_PROJECTED_EQUITY_BREACH
REJECTED,GBPUSD,BUY,2018-10-15 15:00:00+00:00,,PRE_TRADE_PROJECTED_EQUITY_BREACH
REJECTED,EURUSD,BUY,2018-10-17 03:00:00+00:00,,PRE_TRADE_PROJECTED_EQUITY_BREACH
REJECTED,GBPUSD,BUY,2018-10-17 04:00:00+00:00,,PRE_TRADE_PROJECTED_EQUITY_BREACH
REJECTED,EURUSD,SELL,2018-10-18 08:30:00+00:00,,PRE_TRADE_PROJECTED_EQUITY_BREACH
REJECTED,GBPUSD,SELL,2018-10-18 08:30:00+00:00,,PRE_TRADE_PROJECTED_EQUITY_BREACH
REJECTED,EURUSD,SELL,2018-10-19 14:30:00+00:00,,PRE_TRADE_PROJECTED_EQUITY_BREACH
REJECTED,GBPUSD,SELL,2018-10-19 14:30:00+00:00,,PRE_TRADE_PROJECTED_EQUITY_BREACH
REJECTED,GBPUSD,SELL,2018-10-22 04:00:00+00:00,,PRE_TRADE_PROJECTED_EQUITY_BREACH
REJECTED,EURUSD,SELL,2018-10-22 07:00:00+00:00,,PRE_TRADE_PROJECTED_EQUITY_BREACH
REJECTED,GBPUSD,SELL,2018-10-23 10:00:00+00:00,,PRE_TRADE_PROJECTED_EQUITY_BREACH
REJECTED,EURUSD,SELL,2018-10-25 02:00:00+00:00,,PRE_TRADE_PROJECTED_EQUITY_BREACH
REJECTED,EURUSD,SELL,2018-10-25 03:00:00+00:00,,PRE_TRADE_PROJECTED_EQUITY_BREACH
REJECTED,EURUSD,SELL,2018-10-25 13:30:00+00:00,,PRE_TRADE_PROJECTED_EQUITY_BREACH
REJECTED,EURUSD,SELL,2018-10-26 00:30:00+00:00,,PRE_TRADE_PROJECTED_EQUITY_BREACH
REJECTED,EURUSD,SELL,2018-10-26 15:00:00+00:00,,PRE_TRADE_PROJECTED_EQUITY_BREACH
REJECTED,GBPUSD,SELL,2018-10-26 15:00:00+00:00,,PRE_TRADE_PROJECTED_EQUITY_BREACH
REJECTED,EURUSD,SELL,2018-10-26 17:00:00+00:00,,PRE_TRADE_PROJECTED_EQUITY_BREACH
REJECTED,GBPUSD,SELL,2018-10-29 04:30:00+00:00,,PRE_TRADE_PROJECTED_EQUITY_BREACH
REJECTED,EURUSD,SELL,2018-10-30 01:00:00+00:00,,PRE_TRADE_PROJECTED_EQUITY_BREACH
REJECTED,EURUSD,SELL,2018-10-31 09:00:00+00:00,,PRE_TRADE_PROJECTED_EQUITY_BREACH
REJECTED,GBPUSD,SELL,2018-10-31 09:30:00+00:00,,PRE_TRADE_PROJECTED_EQUITY_BREACH
REJECTED,GBPUSD,SELL,2018-10-31 12:00:00+00:00,,PRE_TRADE_PROJECTED_EQUITY_BREACH
REJECTED,GBPUSD,SELL,2018-11-01 01:00:00+00:00,,PRE_TRADE_PROJECTED_EQUITY_BREACH
REJECTED,EURUSD,SELL,2018-11-01 02:00:00+00:00,,PRE_TRADE_PROJECTED_EQUITY_BREACH
REJECTED,EURUSD,SELL,2018-11-01 08:00:00+00:00,,PRE_TRADE_PROJECTED_EQUITY_BREACH
REJECTED,EURUSD,SELL,2018-11-01 09:30:00+00:00,,PRE_TRADE_PROJECTED_EQUITY_BREACH
REJECTED,EURUSD,SELL,2018-11-01 13:00:00+00:00,,PRE_TRADE_PROJECTED_EQUITY_BREACH
REJECTED,EURUSD,BUY,2018-11-01 22:30:00+00:00,,PRE_TRADE_PROJECTED_EQUITY_BREACH
REJECTED,EURUSD,BUY,2018-11-02 02:00:00+00:00,,PRE_TRADE_PROJECTED_EQUITY_BREACH
REJECTED,GBPUSD,BUY,2018-11-02 02:30:00+00:00,,PRE_TRADE_PROJECTED_EQUITY_BREACH
REJECTED,GBPUSD,BUY,2018-11-02 13:00:00+00:00,,PRE_TRADE_PROJECTED_EQUITY_BREACH
REJECTED,EURUSD,BUY,2018-11-02 13:30:00+00:00,,PRE_TRADE_PROJECTED_EQUITY_BREACH
REJECTED,GBPUSD,BUY,2018-11-02 16:30:00+00:00,,PRE_TRADE_PROJECTED_EQUITY_BREACH
REJECTED,GBPUSD,BUY,2018-11-02 18:00:00+00:00,,PRE_TRADE_PROJECTED_EQUITY_BREACH
REJECTED,GBPUSD,BUY,2018-11-05 09:00:00+00:00,,PRE_TRADE_PROJECTED_EQUITY_BREACH
REJECTED,EURUSD,BUY,2018-11-06 04:00:00+00:00,,PRE_TRADE_PROJECTED_EQUITY_BREACH
REJECTED,GBPUSD,BUY,2018-11-06 04:00:00+00:00,,PRE_TRADE_PROJECTED_EQUITY_BREACH
REJECTED,GBPUSD,BUY,2018-11-06 10:00:00+00:00,,PRE_TRADE_PROJECTED_EQUITY_BREACH
REJECTED,EURUSD,BUY,2018-11-07 06:30:00+00:00,,PRE_TRADE_PROJECTED_EQUITY_BREACH
REJECTED,EURUSD,BUY,2018-11-07 12:00:00+00:00,,PRE_TRADE_PROJECTED_EQUITY_BREACH
REJECTED,GBPUSD,BUY,2018-11-07 13:30:00+00:00,,PRE_TRADE_PROJECTED_EQUITY_BREACH
REJECTED,EURUSD,BUY,2018-11-07 21:00:00+00:00,,PRE_TRADE_PROJECTED_EQUITY_BREACH
REJECTED,GBPUSD,BUY,2018-11-07 21:30:00+00:00,,PRE_TRADE_PROJECTED_EQUITY_BREACH
REJECTED,EURUSD,BUY,2018-11-08 02:00:00+00:00,,PRE_TRADE_PROJECTED_EQUITY_BREACH
REJECTED,EURUSD,BUY,2018-11-08 16:30:00+00:00,,PRE_TRADE_PROJECTED_EQUITY_BREACH
REJECTED,GBPUSD,BUY,2018-11-08 19:30:00+00:00,,PRE_TRADE_PROJECTED_EQUITY_BREACH
REJECTED,GBPUSD,BUY,2018-11-09 01:30:00+00:00,,PRE_TRADE_PROJECTED_EQUITY_BREACH
REJECTED,GBPUSD,BUY,2018-11-09 06:30:00+00:00,,PRE_TRADE_PROJECTED_EQUITY_BREACH
REJECTED,GBPUSD,BUY,2018-11-09 16:00:00+00:00,,PRE_TRADE_PROJECTED_EQUITY_BREACH
REJECTED,GBPUSD,SELL,2018-11-12 13:30:00+00:00,,PRE_TRADE_PROJECTED_EQUITY_BREACH
REJECTED,GBPUSD,SELL,2018-11-13 00:30:00+00:00,,PRE_TRADE_PROJECTED_EQUITY_BREACH
REJECTED,EURUSD,SELL,2018-11-13 01:00:00+00:00,,PRE_TRADE_PROJECTED_EQUITY_BREACH
REJECTED,GBPUSD,SELL,2018-11-13 03:00:00+00:00,,PRE_TRADE_PROJECTED_EQUITY_BREACH
REJECTED,EURUSD,SELL,2018-11-13 03:30:00+00:00,,PRE_TRADE_PROJECTED_EQUITY_BREACH
REJECTED,EURUSD,SELL,2018-11-13 12:00:00+00:00,,PRE_TRADE_PROJECTED_EQUITY_BREACH
REJECTED,GBPUSD,SELL,2018-11-13 12:00:00+00:00,,PRE_TRADE_PROJECTED_EQUITY_BREACH
REJECTED,EURUSD,SELL,2018-11-13 21:00:00+00:00,,PRE_TRADE_PROJECTED_EQUITY_BREACH
REJECTED,EURUSD,SELL,2018-11-13 22:30:00+00:00,,PRE_TRADE_PROJECTED_EQUITY_BREACH
REJECTED,GBPUSD,BUY,2018-11-14 04:30:00+00:00,,PRE_TRADE_PROJECTED_EQUITY_BREACH
REJECTED,EURUSD,SELL,2018-11-15 04:00:00+00:00,,PRE_TRADE_PROJECTED_EQUITY_BREACH
REJECTED,GBPUSD,BUY,2018-11-15 07:30:00+00:00,,PRE_TRADE_PROJECTED_EQUITY_BREACH
REJECTED,GBPUSD,SELL,2018-11-16 06:00:00+00:00,,PRE_TRADE_PROJECTED_EQUITY_BREACH
REJECTED,GBPUSD,SELL,2018-11-16 12:30:00+00:00,,PRE_TRADE_PROJECTED_EQUITY_BREACH
REJECTED,EURUSD,BUY,2018-11-19 04:00:00+00:00,,PRE_TRADE_PROJECTED_EQUITY_BREACH
REJECTED,GBPUSD,SELL,2018-11-19 07:30:00+00:00,,PRE_TRADE_PROJECTED_EQUITY_BREACH
REJECTED,EURUSD,BUY,2018-11-20 01:00:00+00:00,,PRE_TRADE_PROJECTED_EQUITY_BREACH
REJECTED,EURUSD,BUY,2018-11-20 12:30:00+00:00,,PRE_TRADE_PROJECTED_EQUITY_BREACH
REJECTED,EURUSD,BUY,2018-11-20 13:30:00+00:00,,PRE_TRADE_PROJECTED_EQUITY_BREACH
REJECTED,EURUSD,BUY,2018-11-20 17:30:00+00:00,,PRE_TRADE_PROJECTED_EQUITY_BREACH
REJECTED,GBPUSD,SELL,2018-11-21 05:30:00+00:00,,PRE_TRADE_PROJECTED_EQUITY_BREACH
REJECTED,EURUSD,BUY,2018-11-21 20:30:00+00:00,,PRE_TRADE_PROJECTED_EQUITY_BREACH
REJECTED,EURUSD,BUY,2018-11-21 21:30:00+00:00,,PRE_TRADE_PROJECTED_EQUITY_BREACH
REJECTED,GBPUSD,SELL,2018-11-22 07:00:00+00:00,,PRE_TRADE_PROJECTED_EQUITY_BREACH
REJECTED,GBPUSD,SELL,2018-11-22 10:00:00+00:00,,PRE_TRADE_PROJECTED_EQUITY_BREACH
REJECTED,GBPUSD,BUY,2018-11-23 06:00:00+00:00,,PRE_TRADE_PROJECTED_EQUITY_BREACH
REJECTED,EURUSD,SELL,2018-11-26 04:30:00+00:00,,PRE_TRADE_PROJECTED_EQUITY_BREACH
REJECTED,EURUSD,SELL,2018-11-26 06:30:00+00:00,,PRE_TRADE_PROJECTED_EQUITY_BREACH
REJECTED,EURUSD,SELL,2018-11-27 00:00:00+00:00,,PRE_TRADE_PROJECTED_EQUITY_BREACH
REJECTED,GBPUSD,SELL,2018-11-27 14:00:00+00:00,,PRE_TRADE_PROJECTED_EQUITY_BREACH
REJECTED,EURUSD,SELL,2018-11-28 17:00:00+00:00,,PRE_TRADE_PROJECTED_EQUITY_BREACH
REJECTED,GBPUSD,SELL,2018-11-28 18:00:00+00:00,,PRE_TRADE_PROJECTED_EQUITY_BREACH
REJECTED,GBPUSD,BUY,2018-11-29 08:00:00+00:00,,PRE_TRADE_PROJECTED_EQUITY_BREACH
REJECTED,EURUSD,BUY,2018-11-29 10:00:00+00:00,,PRE_TRADE_PROJECTED_EQUITY_BREACH
REJECTED,EURUSD,BUY,2018-11-30 07:30:00+00:00,,PRE_TRADE_PROJECTED_EQUITY_BREACH
REJECTED,GBPUSD,SELL,2018-12-03 00:30:00+00:00,,PRE_TRADE_PROJECTED_EQUITY_BREACH
REJECTED,GBPUSD,SELL,2018-12-03 07:00:00+00:00,,PRE_TRADE_PROJECTED_EQUITY_BREACH
REJECTED,GBPUSD,SELL,2018-12-03 16:00:00+00:00,,PRE_TRADE_PROJECTED_EQUITY_BREACH
REJECTED,EURUSD,SELL,2018-12-03 22:30:00+00:00,,PRE_TRADE_PROJECTED_EQUITY_BREACH
REJECTED,GBPUSD,SELL,2018-12-04 08:30:00+00:00,,PRE_TRADE_PROJECTED_EQUITY_BREACH
REJECTED,GBPUSD,SELL,2018-12-05 10:30:00+00:00,,PRE_TRADE_PROJECTED_EQUITY_BREACH
REJECTED,EURUSD,SELL,2018-12-05 11:00:00+00:00,,PRE_TRADE_PROJECTED_EQUITY_BREACH
REJECTED,GBPUSD,SELL,2018-12-06 09:30:00+00:00,,PRE_TRADE_PROJECTED_EQUITY_BREACH
REJECTED,EURUSD,SELL,2018-12-06 12:30:00+00:00,,PRE_TRADE_PROJECTED_EQUITY_BREACH
REJECTED,GBPUSD,SELL,2018-12-06 12:30:00+00:00,,PRE_TRADE_PROJECTED_EQUITY_BREACH
REJECTED,GBPUSD,BUY,2018-12-07 02:00:00+00:00,,PRE_TRADE_PROJECTED_EQUITY_BREACH
REJECTED,EURUSD,BUY,2018-12-07 05:30:00+00:00,,PRE_TRADE_PROJECTED_EQUITY_BREACH
REJECTED,EURUSD,BUY,2018-12-07 21:30:00+00:00,,PRE_TRADE_PROJECTED_EQUITY_BREACH
REJECTED,GBPUSD,SELL,2018-12-10 01:00:00+00:00,,PRE_TRADE_PROJECTED_EQUITY_BREACH
REJECTED,EURUSD,BUY,2018-12-10 08:30:00+00:00,,PRE_TRADE_PROJECTED_EQUITY_BREACH
REJECTED,EURUSD,SELL,2018-12-11 01:00:00+00:00,,PRE_TRADE_PROJECTED_EQUITY_BREACH
REJECTED,EURUSD,SELL,2018-12-11 02:00:00+00:00,,PRE_TRADE_PROJECTED_EQUITY_BREACH
REJECTED,GBPUSD,SELL,2018-12-11 08:00:00+00:00,,PRE_TRADE_PROJECTED_EQUITY_BREACH
REJECTED,EURUSD,BUY,2018-12-11 13:30:00+00:00,,PRE_TRADE_PROJECTED_EQUITY_BREACH
REJECTED,EURUSD,SELL,2018-12-12 00:00:00+00:00,,PRE_TRADE_PROJECTED_EQUITY_BREACH
REJECTED,GBPUSD,SELL,2018-12-12 12:00:00+00:00,,PRE_TRADE_PROJECTED_EQUITY_BREACH
REJECTED,EURUSD,SELL,2018-12-12 13:30:00+00:00,,PRE_TRADE_PROJECTED_EQUITY_BREACH
REJECTED,GBPUSD,SELL,2018-12-12 15:00:00+00:00,,PRE_TRADE_PROJECTED_EQUITY_BREACH
REJECTED,GBPUSD,SELL,2018-12-12 20:30:00+00:00,,PRE_TRADE_PROJECTED_EQUITY_BREACH
REJECTED,GBPUSD,SELL,2018-12-13 07:30:00+00:00,,PRE_TRADE_PROJECTED_EQUITY_BREACH
REJECTED,GBPUSD,SELL,2018-12-14 16:30:00+00:00,,PRE_TRADE_PROJECTED_EQUITY_BREACH
REJECTED,GBPUSD,SELL,2018-12-17 08:30:00+00:00,,PRE_TRADE_PROJECTED_EQUITY_BREACH
REJECTED,EURUSD,SELL,2018-12-17 10:00:00+00:00,,PRE_TRADE_PROJECTED_EQUITY_BREACH
REJECTED,GBPUSD,SELL,2018-12-17 11:00:00+00:00,,PRE_TRADE_PROJECTED_EQUITY_BREACH
REJECTED,GBPUSD,SELL,2018-12-17 18:30:00+00:00,,PRE_TRADE_PROJECTED_EQUITY_BREACH
REJECTED,GBPUSD,SELL,2018-12-18 01:30:00+00:00,,PRE_TRADE_PROJECTED_EQUITY_BREACH
REJECTED,EURUSD,BUY,2018-12-18 14:30:00+00:00,,PRE_TRADE_PROJECTED_EQUITY_BREACH
REJECTED,GBPUSD,BUY,2018-12-18 14:30:00+00:00,,PRE_TRADE_PROJECTED_EQUITY_BREACH
REJECTED,GBPUSD,BUY,2018-12-19 04:30:00+00:00,,PRE_TRADE_PROJECTED_EQUITY_BREACH
REJECTED,EURUSD,BUY,2018-12-19 19:30:00+00:00,,PRE_TRADE_PROJECTED_EQUITY_BREACH
REJECTED,GBPUSD,SELL,2018-12-20 04:00:00+00:00,,PRE_TRADE_PROJECTED_EQUITY_BREACH
REJECTED,GBPUSD,BUY,2018-12-20 12:30:00+00:00,,PRE_TRADE_PROJECTED_EQUITY_BREACH
REJECTED,GBPUSD,BUY,2018-12-20 15:00:00+00:00,,PRE_TRADE_PROJECTED_EQUITY_BREACH
REJECTED,EURUSD,BUY,2018-12-20 15:30:00+00:00,,PRE_TRADE_PROJECTED_EQUITY_BREACH
REJECTED,EURUSD,BUY,2018-12-20 21:30:00+00:00,,PRE_TRADE_PROJECTED_EQUITY_BREACH
REJECTED,GBPUSD,BUY,2018-12-20 21:30:00+00:00,,PRE_TRADE_PROJECTED_EQUITY_BREACH
REJECTED,GBPUSD,BUY,2018-12-21 03:30:00+00:00,,PRE_TRADE_PROJECTED_EQUITY_BREACH
REJECTED,EURUSD,BUY,2018-12-21 09:00:00+00:00,,PRE_TRADE_PROJECTED_EQUITY_BREACH
REJECTED,GBPUSD,BUY,2018-12-21 13:00:00+00:00,,PRE_TRADE_PROJECTED_EQUITY_BREACH
REJECTED,EURUSD,BUY,2018-12-21 18:00:00+00:00,,PRE_TRADE_PROJECTED_EQUITY_BREACH
REJECTED,EURUSD,SELL,2018-12-24 01:00:00+00:00,,PRE_TRADE_PROJECTED_EQUITY_BREACH
REJECTED,GBPUSD,BUY,2018-12-24 09:30:00+00:00,,PRE_TRADE_PROJECTED_EQUITY_BREACH
REJECTED,GBPUSD,BUY,2018-12-24 18:30:00+00:00,,PRE_TRADE_PROJECTED_EQUITY_BREACH
REJECTED,GBPUSD,BUY,2018-12-25 04:00:00+00:00,,PRE_TRADE_PROJECTED_EQUITY_BREACH
REJECTED,GBPUSD,BUY,2018-12-25 07:00:00+00:00,,PRE_TRADE_PROJECTED_EQUITY_BREACH
REJECTED,EURUSD,BUY,2018-12-25 07:30:00+00:00,,PRE_TRADE_PROJECTED_EQUITY_BREACH
REJECTED,EURUSD,BUY,2018-12-26 08:00:00+00:00,,PRE_TRADE_PROJECTED_EQUITY_BREACH
REJECTED,EURUSD,BUY,2018-12-26 09:00:00+00:00,,PRE_TRADE_PROJECTED_EQUITY_BREACH
REJECTED,EURUSD,SELL,2018-12-26 23:30:00+00:00,,PRE_TRADE_PROJECTED_EQUITY_BREACH
REJECTED,GBPUSD,SELL,2018-12-26 23:30:00+00:00,,PRE_TRADE_PROJECTED_EQUITY_BREACH
REJECTED,EURUSD,SELL,2018-12-27 02:00:00+00:00,,PRE_TRADE_PROJECTED_EQUITY_BREACH
REJECTED,EURUSD,SELL,2018-12-27 04:00:00+00:00,,PRE_TRADE_PROJECTED_EQUITY_BREACH
REJECTED,GBPUSD,SELL,2018-12-27 15:00:00+00:00,,PRE_TRADE_PROJECTED_EQUITY_BREACH
REJECTED,GBPUSD,SELL,2018-12-28 01:30:00+00:00,,PRE_TRADE_PROJECTED_EQUITY_BREACH
REJECTED,EURUSD,BUY,2018-12-31 04:30:00+00:00,,PRE_TRADE_PROJECTED_EQUITY_BREACH
REJECTED,GBPUSD,BUY,2018-12-31 19:00:00+00:00,,PRE_TRADE_PROJECTED_EQUITY_BREACH
REJECTED,EURUSD,BUY,2019-01-02 02:00:00+00:00,,PRE_TRADE_PROJECTED_EQUITY_BREACH
REJECTED,GBPUSD,BUY,2019-01-02 02:30:00+00:00,,PRE_TRADE_PROJECTED_EQUITY_BREACH
REJECTED,GBPUSD,BUY,2019-01-02 08:00:00+00:00,,PRE_TRADE_PROJECTED_EQUITY_BREACH
REJECTED,EURUSD,BUY,2019-01-02 08:30:00+00:00,,PRE_TRADE_PROJECTED_EQUITY_BREACH
REJECTED,EURUSD,BUY,2019-01-02 12:00:00+00:00,,PRE_TRADE_PROJECTED_EQUITY_BREACH
REJECTED,GBPUSD,SELL,2019-01-02 20:00:00+00:00,,PRE_TRADE_PROJECTED_EQUITY_BREACH
REJECTED,EURUSD,SELL,2019-01-03 03:00:00+00:00,,PRE_TRADE_PROJECTED_EQUITY_BREACH
REJECTED,GBPUSD,SELL,2019-01-03 07:00:00+00:00,,PRE_TRADE_PROJECTED_EQUITY_BREACH
REJECTED,GBPUSD,SELL,2019-01-03 09:00:00+00:00,,PRE_TRADE_PROJECTED_EQUITY_BREACH
REJECTED,GBPUSD,SELL,2019-01-03 13:30:00+00:00,,PRE_TRADE_PROJECTED_EQUITY_BREACH
REJECTED,EURUSD,SELL,2019-01-03 15:00:00+00:00,,PRE_TRADE_PROJECTED_EQUITY_BREACH
REJECTED,GBPUSD,SELL,2019-01-03 16:00:00+00:00,,PRE_TRADE_PROJECTED_EQUITY_BREACH
REJECTED,GBPUSD,SELL,2019-01-04 08:00:00+00:00,,PRE_TRADE_PROJECTED_EQUITY_BREACH
REJECTED,EURUSD,BUY,2019-01-08 01:00:00+00:00,,PRE_TRADE_PROJECTED_EQUITY_BREACH
REJECTED,GBPUSD,BUY,2019-01-08 01:30:00+00:00,,PRE_TRADE_PROJECTED_EQUITY_BREACH
REJECTED,EURUSD,BUY,2019-01-08 03:30:00+00:00,,PRE_TRADE_PROJECTED_EQUITY_BREACH
REJECTED,GBPUSD,BUY,2019-01-08 14:30:00+00:00,,PRE_TRADE_PROJECTED_EQUITY_BREACH
REJECTED,EURUSD,BUY,2019-01-09 11:00:00+00:00,,PRE_TRADE_PROJECTED_EQUITY_BREACH
REJECTED,GBPUSD,BUY,2019-01-10 02:00:00+00:00,,PRE_TRADE_PROJECTED_EQUITY_BREACH
REJECTED,GBPUSD,BUY,2019-01-10 07:00:00+00:00,,PRE_TRADE_PROJECTED_EQUITY_BREACH
REJECTED,EURUSD,BUY,2019-01-10 07:30:00+00:00,,PRE_TRADE_PROJECTED_EQUITY_BREACH
REJECTED,EURUSD,BUY,2019-01-10 10:00:00+00:00,,PRE_TRADE_PROJECTED_EQUITY_BREACH
REJECTED,GBPUSD,BUY,2019-01-10 12:00:00+00:00,,PRE_TRADE_PROJECTED_EQUITY_BREACH
REJECTED,EURUSD,BUY,2019-01-10 18:00:00+00:00,,PRE_TRADE_PROJECTED_EQUITY_BREACH
REJECTED,GBPUSD,BUY,2019-01-11 07:30:00+00:00,,PRE_TRADE_PROJECTED_EQUITY_BREACH
REJECTED,EURUSD,BUY,2019-01-11 14:00:00+00:00,,PRE_TRADE_PROJECTED_EQUITY_BREACH
REJECTED,EURUSD,BUY,2019-01-11 19:30:00+00:00,,PRE_TRADE_PROJECTED_EQUITY_BREACH
REJECTED,GBPUSD,BUY,2019-01-11 20:00:00+00:00,,PRE_TRADE_PROJECTED_EQUITY_BREACH
REJECTED,EURUSD,BUY,2019-01-14 07:00:00+00:00,,PRE_TRADE_PROJECTED_EQUITY_BREACH
REJECTED,EURUSD,BUY,2019-01-14 19:30:00+00:00,,PRE_TRADE_PROJECTED_EQUITY_BREACH
REJECTED,GBPUSD,BUY,2019-01-14 20:00:00+00:00,,PRE_TRADE_PROJECTED_EQUITY_BREACH
REJECTED,GBPUSD,BUY,2019-01-15 08:00:00+00:00,,PRE_TRADE_PROJECTED_EQUITY_BREACH
REJECTED,GBPUSD,BUY,2019-01-15 15:30:00+00:00,,PRE_TRADE_PROJECTED_EQUITY_BREACH
REJECTED,EURUSD,SELL,2019-01-15 20:00:00+00:00,,PRE_TRADE_PROJECTED_EQUITY_BREACH
REJECTED,EURUSD,SELL,2019-01-16 05:00:00+00:00,,PRE_TRADE_PROJECTED_EQUITY_BREACH
REJECTED,GBPUSD,BUY,2019-01-17 03:00:00+00:00,,PRE_TRADE_PROJECTED_EQUITY_BREACH
REJECTED,GBPUSD,BUY,2019-01-17 07:30:00+00:00,,PRE_TRADE_PROJECTED_EQUITY_BREACH
REJECTED,GBPUSD,BUY,2019-01-18 08:00:00+00:00,,PRE_TRADE_PROJECTED_EQUITY_BREACH
REJECTED,EURUSD,SELL,2019-01-18 10:30:00+00:00,,PRE_TRADE_PROJECTED_EQUITY_BREACH
REJECTED,GBPUSD,BUY,2019-01-18 14:30:00+00:00,,PRE_TRADE_PROJECTED_EQUITY_BREACH
REJECTED,GBPUSD,BUY,2019-01-18 20:00:00+00:00,,PRE_TRADE_PROJECTED_EQUITY_BREACH
REJECTED,EURUSD,SELL,2019-01-21 07:00:00+00:00,,PRE_TRADE_PROJECTED_EQUITY_BREACH
REJECTED,GBPUSD,BUY,2019-01-21 08:30:00+00:00,,PRE_TRADE_PROJECTED_EQUITY_BREACH
REJECTED,GBPUSD,BUY,2019-01-22 05:30:00+00:00,,PRE_TRADE_PROJECTED_EQUITY_BREACH
REJECTED,EURUSD,SELL,2019-01-23 06:30:00+00:00,,PRE_TRADE_PROJECTED_EQUITY_BREACH
REJECTED,EURUSD,SELL,2019-01-23 15:30:00+00:00,,PRE_TRADE_PROJECTED_EQUITY_BREACH
REJECTED,GBPUSD,BUY,2019-01-24 02:00:00+00:00,,PRE_TRADE_PROJECTED_EQUITY_BREACH
REJECTED,GBPUSD,BUY,2019-01-24 07:00:00+00:00,,PRE_TRADE_PROJECTED_EQUITY_BREACH
REJECTED,GBPUSD,BUY,2019-01-24 17:00:00+00:00,,PRE_TRADE_PROJECTED_EQUITY_BREACH
REJECTED,GBPUSD,BUY,2019-01-25 08:00:00+00:00,,PRE_TRADE_PROJECTED_EQUITY_BREACH
REJECTED,EURUSD,SELL,2019-01-25 10:00:00+00:00,,PRE_TRADE_PROJECTED_EQUITY_BREACH
REJECTED,EURUSD,SELL,2019-01-25 14:00:00+00:00,,PRE_TRADE_PROJECTED_EQUITY_BREACH
REJECTED,EURUSD,BUY,2019-01-25 21:30:00+00:00,,PRE_TRADE_PROJECTED_EQUITY_BREACH
REJECTED,GBPUSD,BUY,2019-01-28 06:30:00+00:00,,PRE_TRADE_PROJECTED_EQUITY_BREACH
REJECTED,EURUSD,BUY,2019-01-28 20:00:00+00:00,,PRE_TRADE_PROJECTED_EQUITY_BREACH
REJECTED,GBPUSD,BUY,2019-01-28 22:30:00+00:00,,PRE_TRADE_PROJECTED_EQUITY_BREACH
REJECTED,GBPUSD,BUY,2019-01-29 21:00:00+00:00,,PRE_TRADE_PROJECTED_EQUITY_BREACH
REJECTED,GBPUSD,BUY,2019-01-30 13:00:00+00:00,,PRE_TRADE_PROJECTED_EQUITY_BREACH
REJECTED,GBPUSD,BUY,2019-01-30 15:00:00+00:00,,PRE_TRADE_PROJECTED_EQUITY_BREACH
REJECTED,EURUSD,BUY,2019-01-31 10:30:00+00:00,,PRE_TRADE_PROJECTED_EQUITY_BREACH
REJECTED,EURUSD,BUY,2019-01-31 17:00:00+00:00,,PRE_TRADE_PROJECTED_EQUITY_BREACH
REJECTED,GBPUSD,BUY,2019-01-31 18:30:00+00:00,,PRE_TRADE_PROJECTED_EQUITY_BREACH
REJECTED,EURUSD,BUY,2019-02-01 02:00:00+00:00,,PRE_TRADE_PROJECTED_EQUITY_BREACH
REJECTED,GBPUSD,BUY,2019-02-01 02:00:00+00:00,,PRE_TRADE_PROJECTED_EQUITY_BREACH
REJECTED,EURUSD,BUY,2019-02-03 22:00:00+00:00,,PRE_TRADE_PROJECTED_EQUITY_BREACH
REJECTED,GBPUSD,BUY,2019-02-03 22:00:00+00:00,,PRE_TRADE_PROJECTED_EQUITY_BREACH
REJECTED,EURUSD,BUY,2019-02-04 03:30:00+00:00,,PRE_TRADE_PROJECTED_EQUITY_BREACH
REJECTED,EURUSD,BUY,2019-02-05 04:30:00+00:00,,PRE_TRADE_PROJECTED_EQUITY_BREACH
REJECTED,GBPUSD,SELL,2019-02-05 06:30:00+00:00,,PRE_TRADE_PROJECTED_EQUITY_BREACH
REJECTED,GBPUSD,SELL,2019-02-06 14:00:00+00:00,,PRE_TRADE_PROJECTED_EQUITY_BREACH
REJECTED,GBPUSD,SELL,2019-02-07 06:00:00+00:00,,PRE_TRADE_PROJECTED_EQUITY_BREACH
REJECTED,GBPUSD,SELL,2019-02-07 13:30:00+00:00,,PRE_TRADE_PROJECTED_EQUITY_BREACH
REJECTED,EURUSD,SELL,2019-02-11 06:00:00+00:00,,PRE_TRADE_PROJECTED_EQUITY_BREACH
REJECTED,GBPUSD,SELL,2019-02-11 06:30:00+00:00,,PRE_TRADE_PROJECTED_EQUITY_BREACH
REJECTED,EURUSD,SELL,2019-02-11 23:30:00+00:00,,PRE_TRADE_PROJECTED_EQUITY_BREACH
REJECTED,EURUSD,SELL,2019-02-12 06:30:00+00:00,,PRE_TRADE_PROJECTED_EQUITY_BREACH
REJECTED,GBPUSD,SELL,2019-02-12 07:00:00+00:00,,PRE_TRADE_PROJECTED_EQUITY_BREACH
REJECTED,GBPUSD,SELL,2019-02-12 13:00:00+00:00,,PRE_TRADE_PROJECTED_EQUITY_BREACH
REJECTED,EURUSD,SELL,2019-02-12 14:00:00+00:00,,PRE_TRADE_PROJECTED_EQUITY_BREACH
REJECTED,EURUSD,SELL,2019-02-12 17:00:00+00:00,,PRE_TRADE_PROJECTED_EQUITY_BREACH
REJECTED,EURUSD,SELL,2019-02-13 03:30:00+00:00,,PRE_TRADE_PROJECTED_EQUITY_BREACH
REJECTED,GBPUSD,SELL,2019-02-13 05:30:00+00:00,,PRE_TRADE_PROJECTED_EQUITY_BREACH
REJECTED,GBPUSD,SELL,2019-02-13 11:30:00+00:00,,PRE_TRADE_PROJECTED_EQUITY_BREACH
REJECTED,EURUSD,SELL,2019-02-14 02:30:00+00:00,,PRE_TRADE_PROJECTED_EQUITY_BREACH
REJECTED,GBPUSD,SELL,2019-02-14 03:30:00+00:00,,PRE_TRADE_PROJECTED_EQUITY_BREACH
REJECTED,EURUSD,SELL,2019-02-14 13:30:00+00:00,,PRE_TRADE_PROJECTED_EQUITY_BREACH
REJECTED,GBPUSD,SELL,2019-02-15 04:30:00+00:00,,PRE_TRADE_PROJECTED_EQUITY_BREACH
REJECTED,GBPUSD,SELL,2019-02-15 06:30:00+00:00,,PRE_TRADE_PROJECTED_EQUITY_BREACH
REJECTED,GBPUSD,SELL,2019-02-15 17:00:00+00:00,,PRE_TRADE_PROJECTED_EQUITY_BREACH
REJECTED,EURUSD,SELL,2019-02-15 18:30:00+00:00,,PRE_TRADE_PROJECTED_EQUITY_BREACH
REJECTED,GBPUSD,SELL,2019-02-15 18:30:00+00:00,,PRE_TRADE_PROJECTED_EQUITY_BREACH
REJECTED,EURUSD,SELL,2019-02-18 00:00:00+00:00,,PRE_TRADE_PROJECTED_EQUITY_BREACH
REJECTED,GBPUSD,BUY,2019-02-18 05:30:00+00:00,,PRE_TRADE_PROJECTED_EQUITY_BREACH
REJECTED,GBPUSD,BUY,2019-02-18 08:00:00+00:00,,PRE_TRADE_PROJECTED_EQUITY_BREACH
REJECTED,EURUSD,BUY,2019-02-18 15:00:00+00:00,,PRE_TRADE_PROJECTED_EQUITY_BREACH
REJECTED,GBPUSD,BUY,2019-02-18 21:30:00+00:00,,PRE_TRADE_PROJECTED_EQUITY_BREACH
REJECTED,GBPUSD,BUY,2019-02-19 01:00:00+00:00,,PRE_TRADE_PROJECTED_EQUITY_BREACH
REJECTED,EURUSD,SELL,2019-02-19 14:00:00+00:00,,PRE_TRADE_PROJECTED_EQUITY_BREACH
REJECTED,EURUSD,BUY,2019-02-20 04:00:00+00:00,,PRE_TRADE_PROJECTED_EQUITY_BREACH
REJECTED,GBPUSD,BUY,2019-02-20 05:00:00+00:00,,PRE_TRADE_PROJECTED_EQUITY_BREACH
REJECTED,EURUSD,BUY,2019-02-20 05:30:00+00:00,,PRE_TRADE_PROJECTED_EQUITY_BREACH
REJECTED,GBPUSD,BUY,2019-02-20 21:00:00+00:00,,PRE_TRADE_PROJECTED_EQUITY_BREACH
REJECTED,EURUSD,BUY,2019-02-21 01:00:00+00:00,,PRE_TRADE_PROJECTED_EQUITY_BREACH
REJECTED,GBPUSD,BUY,2019-02-21 01:00:00+00:00,,PRE_TRADE_PROJECTED_EQUITY_BREACH
REJECTED,EURUSD,BUY,2019-02-21 06:00:00+00:00,,PRE_TRADE_PROJECTED_EQUITY_BREACH
REJECTED,GBPUSD,BUY,2019-02-22 04:30:00+00:00,,PRE_TRADE_PROJECTED_EQUITY_BREACH
REJECTED,GBPUSD,BUY,2019-02-22 10:00:00+00:00,,PRE_TRADE_PROJECTED_EQUITY_BREACH
REJECTED,GBPUSD,BUY,2019-02-22 12:00:00+00:00,,PRE_TRADE_PROJECTED_EQUITY_BREACH
REJECTED,GBPUSD,BUY,2019-02-22 20:00:00+00:00,,PRE_TRADE_PROJECTED_EQUITY_BREACH
REJECTED,EURUSD,BUY,2019-02-22 20:30:00+00:00,,PRE_TRADE_PROJECTED_EQUITY_BREACH
REJECTED,EURUSD,BUY,2019-02-26 06:30:00+00:00,,PRE_TRADE_PROJECTED_EQUITY_BREACH
REJECTED,EURUSD,BUY,2019-02-27 01:00:00+00:00,,PRE_TRADE_PROJECTED_EQUITY_BREACH
REJECTED,GBPUSD,BUY,2019-02-27 01:30:00+00:00,,PRE_TRADE_PROJECTED_EQUITY_BREACH
REJECTED,EURUSD,BUY,2019-02-27 03:00:00+00:00,,PRE_TRADE_PROJECTED_EQUITY_BREACH
REJECTED,EURUSD,BUY,2019-02-27 04:30:00+00:00,,PRE_TRADE_PROJECTED_EQUITY_BREACH
REJECTED,EURUSD,BUY,2019-02-27 16:00:00+00:00,,PRE_TRADE_PROJECTED_EQUITY_BREACH
REJECTED,GBPUSD,BUY,2019-02-28 04:00:00+00:00,,PRE_TRADE_PROJECTED_EQUITY_BREACH
REJECTED,EURUSD,BUY,2019-02-28 13:30:00+00:00,,PRE_TRADE_PROJECTED_EQUITY_BREACH
REJECTED,EURUSD,BUY,2019-02-28 21:00:00+00:00,,PRE_TRADE_PROJECTED_EQUITY_BREACH
REJECTED,GBPUSD,BUY,2019-03-01 06:30:00+00:00,,PRE_TRADE_PROJECTED_EQUITY_BREACH
REJECTED,EURUSD,BUY,2019-03-01 17:30:00+00:00,,PRE_TRADE_PROJECTED_EQUITY_BREACH
REJECTED,GBPUSD,BUY,2019-03-01 17:30:00+00:00,,PRE_TRADE_PROJECTED_EQUITY_BREACH
REJECTED,GBPUSD,BUY,2019-03-01 19:30:00+00:00,,PRE_TRADE_PROJECTED_EQUITY_BREACH
REJECTED,EURUSD,BUY,2019-03-04 03:00:00+00:00,,PRE_TRADE_PROJECTED_EQUITY_BREACH
REJECTED,GBPUSD,BUY,2019-03-04 11:00:00+00:00,,PRE_TRADE_PROJECTED_EQUITY_BREACH
REJECTED,GBPUSD,BUY,2019-03-04 15:30:00+00:00,,PRE_TRADE_PROJECTED_EQUITY_BREACH
REJECTED,EURUSD,SELL,2019-03-04 20:30:00+00:00,,PRE_TRADE_PROJECTED_EQUITY_BREACH
REJECTED,GBPUSD,BUY,2019-03-05 01:30:00+00:00,,PRE_TRADE_PROJECTED_EQUITY_BREACH
REJECTED,EURUSD,SELL,2019-03-08 06:30:00+00:00,,PRE_TRADE_PROJECTED_EQUITY_BREACH
REJECTED,EURUSD,SELL,2019-03-08 10:30:00+00:00,,PRE_TRADE_PROJECTED_EQUITY_BREACH
REJECTED,EURUSD,SELL,2019-03-08 14:00:00+00:00,,PRE_TRADE_PROJECTED_EQUITY_BREACH
REJECTED,GBPUSD,SELL,2019-03-11 04:30:00+00:00,,PRE_TRADE_PROJECTED_EQUITY_BREACH
REJECTED,GBPUSD,SELL,2019-03-11 06:00:00+00:00,,PRE_TRADE_PROJECTED_EQUITY_BREACH
REJECTED,GBPUSD,SELL,2019-03-11 07:00:00+00:00,,PRE_TRADE_PROJECTED_EQUITY_BREACH
REJECTED,GBPUSD,SELL,2019-03-11 11:30:00+00:00,,PRE_TRADE_PROJECTED_EQUITY_BREACH
REJECTED,GBPUSD,SELL,2019-03-11 16:00:00+00:00,,PRE_TRADE_PROJECTED_EQUITY_BREACH
REJECTED,EURUSD,SELL,2019-03-11 22:00:00+00:00,,PRE_TRADE_PROJECTED_EQUITY_BREACH
REJECTED,GBPUSD,BUY,2019-03-12 04:00:00+00:00,,PRE_TRADE_PROJECTED_EQUITY_BREACH
REJECTED,EURUSD,SELL,2019-03-12 08:00:00+00:00,,PRE_TRADE_PROJECTED_EQUITY_BREACH
REJECTED,GBPUSD,BUY,2019-03-12 10:00:00+00:00,,PRE_TRADE_PROJECTED_EQUITY_BREACH
REJECTED,GBPUSD,BUY,2019-03-12 11:00:00+00:00,,PRE_TRADE_PROJECTED_EQUITY_BREACH
REJECTED,GBPUSD,SELL,2019-03-13 02:30:00+00:00,,PRE_TRADE_PROJECTED_EQUITY_BREACH
REJECTED,GBPUSD,BUY,2019-03-14 01:00:00+00:00,,PRE_TRADE_PROJECTED_EQUITY_BREACH
REJECTED,EURUSD,BUY,2019-03-14 04:30:00+00:00,,PRE_TRADE_PROJECTED_EQUITY_BREACH
REJECTED,GBPUSD,BUY,2019-03-14 04:30:00+00:00,,PRE_TRADE_PROJECTED_EQUITY_BREACH
REJECTED,EURUSD,BUY,2019-03-14 10:00:00+00:00,,PRE_TRADE_PROJECTED_EQUITY_BREACH
REJECTED,GBPUSD,BUY,2019-03-14 19:00:00+00:00,,PRE_TRADE_PROJECTED_EQUITY_BREACH
REJECTED,EURUSD,BUY,2019-03-15 12:00:00+00:00,,PRE_TRADE_PROJECTED_EQUITY_BREACH
REJECTED,GBPUSD,BUY,2019-03-18 05:30:00+00:00,,PRE_TRADE_PROJECTED_EQUITY_BREACH
REJECTED,EURUSD,BUY,2019-03-18 16:30:00+00:00,,PRE_TRADE_PROJECTED_EQUITY_BREACH
REJECTED,EURUSD,BUY,2019-03-19 13:30:00+00:00,,PRE_TRADE_PROJECTED_EQUITY_BREACH
REJECTED,GBPUSD,BUY,2019-03-19 14:00:00+00:00,,PRE_TRADE_PROJECTED_EQUITY_BREACH
REJECTED,GBPUSD,BUY,2019-03-20 07:30:00+00:00,,PRE_TRADE_PROJECTED_EQUITY_BREACH
REJECTED,EURUSD,BUY,2019-03-20 08:30:00+00:00,,PRE_TRADE_PROJECTED_EQUITY_BREACH
REJECTED,EURUSD,BUY,2019-03-21 03:30:00+00:00,,PRE_TRADE_PROJECTED_EQUITY_BREACH
REJECTED,EURUSD,BUY,2019-03-21 15:30:00+00:00,,PRE_TRADE_PROJECTED_EQUITY_BREACH
REJECTED,GBPUSD,SELL,2019-03-21 21:00:00+00:00,,PRE_TRADE_PROJECTED_EQUITY_BREACH
REJECTED,EURUSD,BUY,2019-03-22 00:00:00+00:00,,PRE_TRADE_PROJECTED_EQUITY_BREACH
REJECTED,GBPUSD,SELL,2019-03-22 02:30:00+00:00,,PRE_TRADE_PROJECTED_EQUITY_BREACH
REJECTED,GBPUSD,SELL,2019-03-22 13:30:00+00:00,,PRE_TRADE_PROJECTED_EQUITY_BREACH
REJECTED,GBPUSD,SELL,2019-03-25 12:00:00+00:00,,PRE_TRADE_PROJECTED_EQUITY_BREACH
REJECTED,EURUSD,SELL,2019-03-25 15:00:00+00:00,,PRE_TRADE_PROJECTED_EQUITY_BREACH
REJECTED,EURUSD,SELL,2019-03-26 10:30:00+00:00,,PRE_TRADE_PROJECTED_EQUITY_BREACH
REJECTED,GBPUSD,BUY,2019-03-26 19:30:00+00:00,,PRE_TRADE_PROJECTED_EQUITY_BREACH
REJECTED,EURUSD,SELL,2019-03-27 06:30:00+00:00,,PRE_TRADE_PROJECTED_EQUITY_BREACH
REJECTED,EURUSD,SELL,2019-03-27 10:00:00+00:00,,PRE_TRADE_PROJECTED_EQUITY_BREACH
REJECTED,GBPUSD,SELL,2019-03-28 04:30:00+00:00,,PRE_TRADE_PROJECTED_EQUITY_BREACH
REJECTED,EURUSD,SELL,2019-03-28 06:00:00+00:00,,PRE_TRADE_PROJECTED_EQUITY_BREACH
REJECTED,EURUSD,SELL,2019-03-29 00:00:00+00:00,,PRE_TRADE_PROJECTED_EQUITY_BREACH
REJECTED,GBPUSD,SELL,2019-03-29 07:00:00+00:00,,PRE_TRADE_PROJECTED_EQUITY_BREACH
REJECTED,GBPUSD,SELL,2019-03-29 10:30:00+00:00,,PRE_TRADE_PROJECTED_EQUITY_BREACH
REJECTED,EURUSD,SELL,2019-03-29 14:00:00+00:00,,PRE_TRADE_PROJECTED_EQUITY_BREACH
REJECTED,EURUSD,SELL,2019-03-31 22:00:00+00:00,,PRE_TRADE_PROJECTED_EQUITY_BREACH
REJECTED,EURUSD,SELL,2019-04-01 05:30:00+00:00,,PRE_TRADE_PROJECTED_EQUITY_BREACH
REJECTED,GBPUSD,SELL,2019-04-01 05:30:00+00:00,,PRE_TRADE_PROJECTED_EQUITY_BREACH
REJECTED,GBPUSD,SELL,2019-04-01 07:30:00+00:00,,PRE_TRADE_PROJECTED_EQUITY_BREACH
REJECTED,EURUSD,SELL,2019-04-01 09:00:00+00:00,,PRE_TRADE_PROJECTED_EQUITY_BREACH
REJECTED,GBPUSD,SELL,2019-04-01 09:30:00+00:00,,PRE_TRADE_PROJECTED_EQUITY_BREACH
REJECTED,GBPUSD,SELL,2019-04-02 17:30:00+00:00,,PRE_TRADE_PROJECTED_EQUITY_BREACH
REJECTED,EURUSD,SELL,2019-04-03 01:30:00+00:00,,PRE_TRADE_PROJECTED_EQUITY_BREACH
REJECTED,EURUSD,SELL,2019-04-03 08:30:00+00:00,,PRE_TRADE_PROJECTED_EQUITY_BREACH
REJECTED,EURUSD,SELL,2019-04-03 10:30:00+00:00,,PRE_TRADE_PROJECTED_EQUITY_BREACH
REJECTED,EURUSD,SELL,2019-04-03 17:00:00+00:00,,PRE_TRADE_PROJECTED_EQUITY_BREACH
REJECTED,EURUSD,SELL,2019-04-04 00:00:00+00:00,,PRE_TRADE_PROJECTED_EQUITY_BREACH
REJECTED,GBPUSD,BUY,2019-04-04 10:00:00+00:00,,PRE_TRADE_PROJECTED_EQUITY_BREACH
REJECTED,GBPUSD,BUY,2019-04-04 12:00:00+00:00,,PRE_TRADE_PROJECTED_EQUITY_BREACH
REJECTED,GBPUSD,SELL,2019-04-05 04:00:00+00:00,,PRE_TRADE_PROJECTED_EQUITY_BREACH
REJECTED,EURUSD,SELL,2019-04-05 06:00:00+00:00,,PRE_TRADE_PROJECTED_EQUITY_BREACH
REJECTED,GBPUSD,SELL,2019-04-05 18:30:00+00:00,,PRE_TRADE_PROJECTED_EQUITY_BREACH
REJECTED,EURUSD,SELL,2019-04-08 03:30:00+00:00,,PRE_TRADE_PROJECTED_EQUITY_BREACH
REJECTED,GBPUSD,SELL,2019-04-08 04:00:00+00:00,,PRE_TRADE_PROJECTED_EQUITY_BREACH
REJECTED,EURUSD,SELL,2019-04-08 10:00:00+00:00,,PRE_TRADE_PROJECTED_EQUITY_BREACH
REJECTED,GBPUSD,SELL,2019-04-08 18:00:00+00:00,,PRE_TRADE_PROJECTED_EQUITY_BREACH
REJECTED,GBPUSD,SELL,2019-04-09 02:00:00+00:00,,PRE_TRADE_PROJECTED_EQUITY_BREACH
REJECTED,EURUSD,BUY,2019-04-09 16:00:00+00:00,,PRE_TRADE_PROJECTED_EQUITY_BREACH
REJECTED,EURUSD,BUY,2019-04-10 01:30:00+00:00,,PRE_TRADE_PROJECTED_EQUITY_BREACH
REJECTED,EURUSD,BUY,2019-04-10 14:00:00+00:00,,PRE_TRADE_PROJECTED_EQUITY_BREACH
REJECTED,GBPUSD,SELL,2019-04-11 15:30:00+00:00,,PRE_TRADE_PROJECTED_EQUITY_BREACH
REJECTED,EURUSD,BUY,2019-04-11 18:00:00+00:00,,PRE_TRADE_PROJECTED_EQUITY_BREACH
REJECTED,GBPUSD,SELL,2019-04-12 03:00:00+00:00,,PRE_TRADE_PROJECTED_EQUITY_BREACH
REJECTED,EURUSD,BUY,2019-04-12 07:00:00+00:00,,PRE_TRADE_PROJECTED_EQUITY_BREACH
REJECTED,GBPUSD,SELL,2019-04-12 09:30:00+00:00,,PRE_TRADE_PROJECTED_EQUITY_BREACH
REJECTED,GBPUSD,SELL,2019-04-12 11:00:00+00:00,,PRE_TRADE_PROJECTED_EQUITY_BREACH
REJECTED,GBPUSD,SELL,2019-04-15 00:30:00+00:00,,PRE_TRADE_PROJECTED_EQUITY_BREACH
REJECTED,EURUSD,BUY,2019-04-15 11:00:00+00:00,,PRE_TRADE_PROJECTED_EQUITY_BREACH
REJECTED,EURUSD,BUY,2019-04-16 02:30:00+00:00,,PRE_TRADE_PROJECTED_EQUITY_BREACH
REJECTED,EURUSD,BUY,2019-04-16 10:00:00+00:00,,PRE_TRADE_PROJECTED_EQUITY_BREACH
REJECTED,EURUSD,BUY,2019-04-16 21:30:00+00:00,,PRE_TRADE_PROJECTED_EQUITY_BREACH
REJECTED,GBPUSD,SELL,2019-04-17 04:00:00+00:00,,PRE_TRADE_PROJECTED_EQUITY_BREACH
REJECTED,GBPUSD,SELL,2019-04-17 06:30:00+00:00,,PRE_TRADE_PROJECTED_EQUITY_BREACH
REJECTED,GBPUSD,SELL,2019-04-18 06:00:00+00:00,,PRE_TRADE_PROJECTED_EQUITY_BREACH
REJECTED,EURUSD,SELL,2019-04-19 00:00:00+00:00,,PRE_TRADE_PROJECTED_EQUITY_BREACH
REJECTED,GBPUSD,SELL,2019-04-19 05:30:00+00:00,,PRE_TRADE_PROJECTED_EQUITY_BREACH
REJECTED,EURUSD,SELL,2019-04-19 06:30:00+00:00,,PRE_TRADE_PROJECTED_EQUITY_BREACH
REJECTED,EURUSD,SELL,2019-04-22 08:30:00+00:00,,PRE_TRADE_PROJECTED_EQUITY_BREACH
REJECTED,EURUSD,SELL,2019-04-22 16:00:00+00:00,,PRE_TRADE_PROJECTED_EQUITY_BREACH
REJECTED,EURUSD,SELL,2019-04-23 20:30:00+00:00,,PRE_TRADE_PROJECTED_EQUITY_BREACH
REJECTED,GBPUSD,SELL,2019-04-24 11:00:00+00:00,,PRE_TRADE_PROJECTED_EQUITY_BREACH
REJECTED,GBPUSD,SELL,2019-04-25 14:30:00+00:00,,PRE_TRADE_PROJECTED_EQUITY_BREACH
REJECTED,EURUSD,SELL,2019-04-25 15:00:00+00:00,,PRE_TRADE_PROJECTED_EQUITY_BREACH
REJECTED,EURUSD,SELL,2019-04-26 00:00:00+00:00,,PRE_TRADE_PROJECTED_EQUITY_BREACH
REJECTED,GBPUSD,SELL,2019-04-26 07:00:00+00:00,,PRE_TRADE_PROJECTED_EQUITY_BREACH
REJECTED,EURUSD,SELL,2019-04-26 07:30:00+00:00,,PRE_TRADE_PROJECTED_EQUITY_BREACH
REJECTED,EURUSD,SELL,2019-04-26 14:30:00+00:00,,PRE_TRADE_PROJECTED_EQUITY_BREACH
REJECTED,GBPUSD,SELL,2019-04-29 05:30:00+00:00,,PRE_TRADE_PROJECTED_EQUITY_BREACH
REJECTED,EURUSD,SELL,2019-04-29 08:00:00+00:00,,PRE_TRADE_PROJECTED_EQUITY_BREACH
REJECTED,EURUSD,SELL,2019-04-30 01:30:00+00:00,,PRE_TRADE_PROJECTED_EQUITY_BREACH
REJECTED,GBPUSD,SELL,2019-04-30 01:30:00+00:00,,PRE_TRADE_PROJECTED_EQUITY_BREACH
REJECTED,EURUSD,SELL,2019-04-30 09:00:00+00:00,,PRE_TRADE_PROJECTED_EQUITY_BREACH
REJECTED,GBPUSD,SELL,2019-04-30 09:00:00+00:00,,PRE_TRADE_PROJECTED_EQUITY_BREACH
REJECTED,EURUSD,BUY,2019-04-30 16:30:00+00:00,,PRE_TRADE_PROJECTED_EQUITY_BREACH
REJECTED,GBPUSD,BUY,2019-05-02 06:30:00+00:00,,PRE_TRADE_PROJECTED_EQUITY_BREACH
REJECTED,EURUSD,BUY,2019-05-02 07:00:00+00:00,,PRE_TRADE_PROJECTED_EQUITY_BREACH
REJECTED,GBPUSD,BUY,2019-05-03 05:30:00+00:00,,PRE_TRADE_PROJECTED_EQUITY_BREACH
REJECTED,GBPUSD,BUY,2019-05-03 07:30:00+00:00,,PRE_TRADE_PROJECTED_EQUITY_BREACH
REJECTED,GBPUSD,BUY,2019-05-03 10:00:00+00:00,,PRE_TRADE_PROJECTED_EQUITY_BREACH
REJECTED,EURUSD,SELL,2019-05-03 14:30:00+00:00,,PRE_TRADE_PROJECTED_EQUITY_BREACH
REJECTED,EURUSD,SELL,2019-05-03 20:00:00+00:00,,PRE_TRADE_PROJECTED_EQUITY_BREACH
REJECTED,GBPUSD,BUY,2019-05-06 01:00:00+00:00,,PRE_TRADE_PROJECTED_EQUITY_BREACH
REJECTED,GBPUSD,BUY,2019-05-06 04:00:00+00:00,,PRE_TRADE_PROJECTED_EQUITY_BREACH
REJECTED,GBPUSD,BUY,2019-05-06 13:30:00+00:00,,PRE_TRADE_PROJECTED_EQUITY_BREACH
REJECTED,EURUSD,BUY,2019-05-06 21:30:00+00:00,,PRE_TRADE_PROJECTED_EQUITY_BREACH
REJECTED,GBPUSD,BUY,2019-05-07 08:30:00+00:00,,PRE_TRADE_PROJECTED_EQUITY_BREACH
REJECTED,GBPUSD,BUY,2019-05-07 12:30:00+00:00,,PRE_TRADE_PROJECTED_EQUITY_BREACH
REJECTED,EURUSD,SELL,2019-05-07 21:00:00+00:00,,PRE_TRADE_PROJECTED_EQUITY_BREACH
REJECTED,GBPUSD,BUY,2019-05-08 00:30:00+00:00,,PRE_TRADE_PROJECTED_EQUITY_BREACH
REJECTED,GBPUSD,BUY,2019-05-08 07:30:00+00:00,,PRE_TRADE_PROJECTED_EQUITY_BREACH
REJECTED,EURUSD,BUY,2019-05-08 17:00:00+00:00,,PRE_TRADE_PROJECTED_EQUITY_BREACH
REJECTED,EURUSD,SELL,2019-05-09 05:30:00+00:00,,PRE_TRADE_PROJECTED_EQUITY_BREACH
REJECTED,GBPUSD,SELL,2019-05-09 06:00:00+00:00,,PRE_TRADE_PROJECTED_EQUITY_BREACH
REJECTED,GBPUSD,SELL,2019-05-09 18:30:00+00:00,,PRE_TRADE_PROJECTED_EQUITY_BREACH
REJECTED,EURUSD,BUY,2019-05-09 21:30:00+00:00,,PRE_TRADE_PROJECTED_EQUITY_BREACH
REJECTED,EURUSD,BUY,2019-05-10 18:00:00+00:00,,PRE_TRADE_PROJECTED_EQUITY_BREACH
REJECTED,GBPUSD,SELL,2019-05-13 02:30:00+00:00,,PRE_TRADE_PROJECTED_EQUITY_BREACH
REJECTED,GBPUSD,SELL,2019-05-13 11:30:00+00:00,,PRE_TRADE_PROJECTED_EQUITY_BREACH
REJECTED,EURUSD,BUY,2019-05-13 16:00:00+00:00,,PRE_TRADE_PROJECTED_EQUITY_BREACH
REJECTED,EURUSD,BUY,2019-05-13 21:30:00+00:00,,PRE_TRADE_PROJECTED_EQUITY_BREACH
REJECTED,EURUSD,BUY,2019-05-14 07:30:00+00:00,,PRE_TRADE_PROJECTED_EQUITY_BREACH
REJECTED,EURUSD,BUY,2019-05-14 11:00:00+00:00,,PRE_TRADE_PROJECTED_EQUITY_BREACH
REJECTED,EURUSD,BUY,2019-05-14 13:00:00+00:00,,PRE_TRADE_PROJECTED_EQUITY_BREACH
REJECTED,EURUSD,SELL,2019-05-15 15:00:00+00:00,,PRE_TRADE_PROJECTED_EQUITY_BREACH
REJECTED,EURUSD,SELL,2019-05-16 00:30:00+00:00,,PRE_TRADE_PROJECTED_EQUITY_BREACH
REJECTED,GBPUSD,SELL,2019-05-16 01:00:00+00:00,,PRE_TRADE_PROJECTED_EQUITY_BREACH
REJECTED,GBPUSD,SELL,2019-05-16 02:00:00+00:00,,PRE_TRADE_PROJECTED_EQUITY_BREACH
REJECTED,EURUSD,SELL,2019-05-16 09:00:00+00:00,,PRE_TRADE_PROJECTED_EQUITY_BREACH
REJECTED,EURUSD,SELL,2019-05-17 02:30:00+00:00,,PRE_TRADE_PROJECTED_EQUITY_BREACH
REJECTED,GBPUSD,SELL,2019-05-20 01:30:00+00:00,,PRE_TRADE_PROJECTED_EQUITY_BREACH
REJECTED,EURUSD,SELL,2019-05-20 08:00:00+00:00,,PRE_TRADE_PROJECTED_EQUITY_BREACH
REJECTED,GBPUSD,SELL,2019-05-20 08:30:00+00:00,,PRE_TRADE_PROJECTED_EQUITY_BREACH
REJECTED,EURUSD,SELL,2019-05-20 14:00:00+00:00,,PRE_TRADE_PROJECTED_EQUITY_BREACH
REJECTED,EURUSD,SELL,2019-05-20 23:00:00+00:00,,PRE_TRADE_PROJECTED_EQUITY_BREACH
REJECTED,GBPUSD,SELL,2019-05-20 23:30:00+00:00,,PRE_TRADE_PROJECTED_EQUITY_BREACH
REJECTED,GBPUSD,SELL,2019-05-21 13:00:00+00:00,,PRE_TRADE_PROJECTED_EQUITY_BREACH
REJECTED,EURUSD,SELL,2019-05-21 15:30:00+00:00,,PRE_TRADE_PROJECTED_EQUITY_BREACH
REJECTED,EURUSD,SELL,2019-05-22 00:00:00+00:00,,PRE_TRADE_PROJECTED_EQUITY_BREACH
REJECTED,GBPUSD,SELL,2019-05-22 02:00:00+00:00,,PRE_TRADE_PROJECTED_EQUITY_BREACH
REJECTED,EURUSD,SELL,2019-05-22 09:00:00+00:00,,PRE_TRADE_PROJECTED_EQUITY_BREACH
REJECTED,EURUSD,SELL,2019-05-22 11:00:00+00:00,,PRE_TRADE_PROJECTED_EQUITY_BREACH
REJECTED,GBPUSD,SELL,2019-05-23 11:30:00+00:00,,PRE_TRADE_PROJECTED_EQUITY_BREACH
REJECTED,EURUSD,SELL,2019-05-23 16:00:00+00:00,,PRE_TRADE_PROJECTED_EQUITY_BREACH
REJECTED,GBPUSD,SELL,2019-05-24 06:30:00+00:00,,PRE_TRADE_PROJECTED_EQUITY_BREACH
REJECTED,GBPUSD,SELL,2019-05-24 17:30:00+00:00,,PRE_TRADE_PROJECTED_EQUITY_BREACH
REJECTED,EURUSD,BUY,2019-05-27 19:00:00+00:00,,PRE_TRADE_PROJECTED_EQUITY_BREACH
REJECTED,EURUSD,BUY,2019-05-28 02:00:00+00:00,,PRE_TRADE_PROJECTED_EQUITY_BREACH
REJECTED,EURUSD,BUY,2019-05-28 05:00:00+00:00,,PRE_TRADE_PROJECTED_EQUITY_BREACH
REJECTED,GBPUSD,SELL,2019-05-28 07:00:00+00:00,,PRE_TRADE_PROJECTED_EQUITY_BREACH
REJECTED,GBPUSD,SELL,2019-05-29 01:00:00+00:00,,PRE_TRADE_PROJECTED_EQUITY_BREACH
REJECTED,EURUSD,SELL,2019-05-29 01:30:00+00:00,,PRE_TRADE_PROJECTED_EQUITY_BREACH
REJECTED,GBPUSD,SELL,2019-05-29 13:30:00+00:00,,PRE_TRADE_PROJECTED_EQUITY_BREACH
REJECTED,EURUSD,SELL,2019-05-30 01:00:00+00:00,,PRE_TRADE_PROJECTED_EQUITY_BREACH
REJECTED,GBPUSD,SELL,2019-05-30 05:30:00+00:00,,PRE_TRADE_PROJECTED_EQUITY_BREACH
REJECTED,EURUSD,SELL,2019-05-30 16:30:00+00:00,,PRE_TRADE_PROJECTED_EQUITY_BREACH
REJECTED,EURUSD,SELL,2019-05-31 08:00:00+00:00,,PRE_TRADE_PROJECTED_EQUITY_BREACH
REJECTED,GBPUSD,SELL,2019-05-31 09:00:00+00:00,,PRE_TRADE_PROJECTED_EQUITY_BREACH
REJECTED,EURUSD,SELL,2019-05-31 15:00:00+00:00,,PRE_TRADE_PROJECTED_EQUITY_BREACH
REJECTED,GBPUSD,SELL,2019-05-31 15:00:00+00:00,,PRE_TRADE_PROJECTED_EQUITY_BREACH
REJECTED,GBPUSD,SELL,2019-05-31 20:00:00+00:00,,PRE_TRADE_PROJECTED_EQUITY_BREACH
REJECTED,GBPUSD,SELL,2019-06-03 00:30:00+00:00,,PRE_TRADE_PROJECTED_EQUITY_BREACH
REJECTED,EURUSD,BUY,2019-06-03 05:30:00+00:00,,PRE_TRADE_PROJECTED_EQUITY_BREACH
REJECTED,EURUSD,BUY,2019-06-03 07:30:00+00:00,,PRE_TRADE_PROJECTED_EQUITY_BREACH
REJECTED,GBPUSD,SELL,2019-06-03 18:30:00+00:00,,PRE_TRADE_PROJECTED_EQUITY_BREACH
REJECTED,GBPUSD,BUY,2019-06-05 12:30:00+00:00,,PRE_TRADE_PROJECTED_EQUITY_BREACH
REJECTED,EURUSD,BUY,2019-06-05 16:00:00+00:00,,PRE_TRADE_PROJECTED_EQUITY_BREACH
REJECTED,GBPUSD,BUY,2019-06-05 17:30:00+00:00,,PRE_TRADE_PROJECTED_EQUITY_BREACH
REJECTED,GBPUSD,BUY,2019-06-05 21:30:00+00:00,,PRE_TRADE_PROJECTED_EQUITY_BREACH
REJECTED,GBPUSD,BUY,2019-06-06 07:00:00+00:00,,PRE_TRADE_PROJECTED_EQUITY_BREACH
REJECTED,EURUSD,BUY,2019-06-06 19:30:00+00:00,,PRE_TRADE_PROJECTED_EQUITY_BREACH
REJECTED,GBPUSD,BUY,2019-06-06 19:30:00+00:00,,PRE_TRADE_PROJECTED_EQUITY_BREACH
REJECTED,EURUSD,BUY,2019-06-07 02:00:00+00:00,,PRE_TRADE_PROJECTED_EQUITY_BREACH
REJECTED,EURUSD,BUY,2019-06-07 06:00:00+00:00,,PRE_TRADE_PROJECTED_EQUITY_BREACH
REJECTED,GBPUSD,BUY,2019-06-09 22:00:00+00:00,,PRE_TRADE_PROJECTED_EQUITY_BREACH
REJECTED,EURUSD,BUY,2019-06-10 05:00:00+00:00,,PRE_TRADE_PROJECTED_EQUITY_BREACH
REJECTED,GBPUSD,BUY,2019-06-10 06:30:00+00:00,,PRE_TRADE_PROJECTED_EQUITY_BREACH
REJECTED,EURUSD,BUY,2019-06-12 17:30:00+00:00,,PRE_TRADE_PROJECTED_EQUITY_BREACH
REJECTED,EURUSD,BUY,2019-06-12 19:30:00+00:00,,PRE_TRADE_PROJECTED_EQUITY_BREACH
REJECTED,GBPUSD,SELL,2019-06-13 00:00:00+00:00,,PRE_TRADE_PROJECTED_EQUITY_BREACH
REJECTED,GBPUSD,SELL,2019-06-13 13:00:00+00:00,,PRE_TRADE_PROJECTED_EQUITY_BREACH
REJECTED,EURUSD,SELL,2019-06-17 01:00:00+00:00,,PRE_TRADE_PROJECTED_EQUITY_BREACH
REJECTED,EURUSD,SELL,2019-06-17 13:00:00+00:00,,PRE_TRADE_PROJECTED_EQUITY_BREACH
REJECTED,EURUSD,SELL,2019-06-17 14:00:00+00:00,,PRE_TRADE_PROJECTED_EQUITY_BREACH
REJECTED,EURUSD,SELL,2019-06-17 23:00:00+00:00,,PRE_TRADE_PROJECTED_EQUITY_BREACH
REJECTED,EURUSD,SELL,2019-06-18 02:00:00+00:00,,PRE_TRADE_PROJECTED_EQUITY_BREACH
REJECTED,EURUSD,SELL,2019-06-18 08:00:00+00:00,,PRE_TRADE_PROJECTED_EQUITY_BREACH
REJECTED,EURUSD,SELL,2019-06-19 00:30:00+00:00,,PRE_TRADE_PROJECTED_EQUITY_BREACH
REJECTED,GBPUSD,SELL,2019-06-19 10:00:00+00:00,,PRE_TRADE_PROJECTED_EQUITY_BREACH
REJECTED,GBPUSD,SELL,2019-06-19 14:00:00+00:00,,PRE_TRADE_PROJECTED_EQUITY_BREACH
REJECTED,EURUSD,SELL,2019-06-19 15:00:00+00:00,,PRE_TRADE_PROJECTED_EQUITY_BREACH
REJECTED,GBPUSD,SELL,2019-06-19 15:00:00+00:00,,PRE_TRADE_PROJECTED_EQUITY_BREACH
REJECTED,EURUSD,SELL,2019-06-19 19:00:00+00:00,,PRE_TRADE_PROJECTED_EQUITY_BREACH
REJECTED,EURUSD,SELL,2019-06-19 23:30:00+00:00,,PRE_TRADE_PROJECTED_EQUITY_BREACH
REJECTED,EURUSD,SELL,2019-06-20 01:00:00+00:00,,PRE_TRADE_PROJECTED_EQUITY_BREACH
REJECTED,GBPUSD,BUY,2019-06-20 13:00:00+00:00,,PRE_TRADE_PROJECTED_EQUITY_BREACH
REJECTED,EURUSD,BUY,2019-06-20 15:30:00+00:00,,PRE_TRADE_PROJECTED_EQUITY_BREACH
REJECTED,GBPUSD,BUY,2019-06-21 05:30:00+00:00,,PRE_TRADE_PROJECTED_EQUITY_BREACH
REJECTED,GBPUSD,BUY,2019-06-21 10:30:00+00:00,,PRE_TRADE_PROJECTED_EQUITY_BREACH
REJECTED,EURUSD,BUY,2019-06-24 14:00:00+00:00,,PRE_TRADE_PROJECTED_EQUITY_BREACH
REJECTED,GBPUSD,BUY,2019-06-24 14:00:00+00:00,,PRE_TRADE_PROJECTED_EQUITY_BREACH
REJECTED,GBPUSD,BUY,2019-06-24 22:00:00+00:00,,PRE_TRADE_PROJECTED_EQUITY_BREACH
REJECTED,EURUSD,BUY,2019-06-25 10:30:00+00:00,,PRE_TRADE_PROJECTED_EQUITY_BREACH
REJECTED,GBPUSD,BUY,2019-06-25 12:00:00+00:00,,PRE_TRADE_PROJECTED_EQUITY_BREACH
REJECTED,EURUSD,BUY,2019-06-25 17:30:00+00:00,,PRE_TRADE_PROJECTED_EQUITY_BREACH
REJECTED,GBPUSD,BUY,2019-06-25 17:30:00+00:00,,PRE_TRADE_PROJECTED_EQUITY_BREACH
REJECTED,EURUSD,BUY,2019-06-26 02:30:00+00:00,,PRE_TRADE_PROJECTED_EQUITY_BREACH
REJECTED,EURUSD,BUY,2019-06-26 19:30:00+00:00,,PRE_TRADE_PROJECTED_EQUITY_BREACH
REJECTED,EURUSD,BUY,2019-06-27 03:00:00+00:00,,PRE_TRADE_PROJECTED_EQUITY_BREACH
REJECTED,GBPUSD,BUY,2019-06-27 03:00:00+00:00,,PRE_TRADE_PROJECTED_EQUITY_BREACH
REJECTED,EURUSD,BUY,2019-06-27 06:00:00+00:00,,PRE_TRADE_PROJECTED_EQUITY_BREACH
REJECTED,EURUSD,BUY,2019-06-27 14:30:00+00:00,,PRE_TRADE_PROJECTED_EQUITY_BREACH
REJECTED,EURUSD,BUY,2019-06-28 05:30:00+00:00,,PRE_TRADE_PROJECTED_EQUITY_BREACH
REJECTED,GBPUSD,SELL,2019-06-28 08:00:00+00:00,,PRE_TRADE_PROJECTED_EQUITY_BREACH
REJECTED,EURUSD,BUY,2019-06-28 12:30:00+00:00,,PRE_TRADE_PROJECTED_EQUITY_BREACH
REJECTED,EURUSD,BUY,2019-06-28 17:30:00+00:00,,PRE_TRADE_PROJECTED_EQUITY_BREACH
REJECTED,EURUSD,BUY,2019-07-01 06:00:00+00:00,,PRE_TRADE_PROJECTED_EQUITY_BREACH
REJECTED,EURUSD,SELL,2019-07-01 12:00:00+00:00,,PRE_TRADE_PROJECTED_EQUITY_BREACH
REJECTED,GBPUSD,SELL,2019-07-01 13:00:00+00:00,,PRE_TRADE_PROJECTED_EQUITY_BREACH
REJECTED,GBPUSD,SELL,2019-07-01 23:00:00+00:00,,PRE_TRADE_PROJECTED_EQUITY_BREACH
REJECTED,EURUSD,SELL,2019-07-02 10:30:00+00:00,,PRE_TRADE_PROJECTED_EQUITY_BREACH
REJECTED,EURUSD,SELL,2019-07-02 17:00:00+00:00,,PRE_TRADE_PROJECTED_EQUITY_BREACH
REJECTED,EURUSD,SELL,2019-07-03 23:00:00+00:00,,PRE_TRADE_PROJECTED_EQUITY_BREACH
REJECTED,GBPUSD,SELL,2019-07-04 00:30:00+00:00,,PRE_TRADE_PROJECTED_EQUITY_BREACH
REJECTED,EURUSD,SELL,2019-07-04 02:30:00+00:00,,PRE_TRADE_PROJECTED_EQUITY_BREACH
REJECTED,GBPUSD,SELL,2019-07-05 00:00:00+00:00,,PRE_TRADE_PROJECTED_EQUITY_BREACH
REJECTED,GBPUSD,SELL,2019-07-05 19:30:00+00:00,,PRE_TRADE_PROJECTED_EQUITY_BREACH
REJECTED,EURUSD,SELL,2019-07-05 20:00:00+00:00,,PRE_TRADE_PROJECTED_EQUITY_BREACH
REJECTED,EURUSD,SELL,2019-07-08 23:00:00+00:00,,PRE_TRADE_PROJECTED_EQUITY_BREACH
REJECTED,EURUSD,SELL,2019-07-10 03:30:00+00:00,,PRE_TRADE_PROJECTED_EQUITY_BREACH
REJECTED,EURUSD,SELL,2019-07-10 09:00:00+00:00,,PRE_TRADE_PROJECTED_EQUITY_BREACH
REJECTED,GBPUSD,SELL,2019-07-10 09:30:00+00:00,,PRE_TRADE_PROJECTED_EQUITY_BREACH
REJECTED,EURUSD,SELL,2019-07-10 13:30:00+00:00,,PRE_TRADE_PROJECTED_EQUITY_BREACH
REJECTED,GBPUSD,SELL,2019-07-10 13:30:00+00:00,,PRE_TRADE_PROJECTED_EQUITY_BREACH
REJECTED,GBPUSD,SELL,2019-07-11 03:30:00+00:00,,PRE_TRADE_PROJECTED_EQUITY_BREACH
REJECTED,EURUSD,BUY,2019-07-11 07:00:00+00:00,,PRE_TRADE_PROJECTED_EQUITY_BREACH
REJECTED,EURUSD,BUY,2019-07-12 09:30:00+00:00,,PRE_TRADE_PROJECTED_EQUITY_BREACH
REJECTED,GBPUSD,BUY,2019-07-15 03:00:00+00:00,,PRE_TRADE_PROJECTED_EQUITY_BREACH
REJECTED,GBPUSD,BUY,2019-07-15 09:00:00+00:00,,PRE_TRADE_PROJECTED_EQUITY_BREACH
REJECTED,EURUSD,BUY,2019-07-15 12:30:00+00:00,,PRE_TRADE_PROJECTED_EQUITY_BREACH
REJECTED,EURUSD,SELL,2019-07-17 06:30:00+00:00,,PRE_TRADE_PROJECTED_EQUITY_BREACH
REJECTED,GBPUSD,SELL,2019-07-17 15:00:00+00:00,,PRE_TRADE_PROJECTED_EQUITY_BREACH
REJECTED,GBPUSD,SELL,2019-07-18 03:30:00+00:00,,PRE_TRADE_PROJECTED_EQUITY_BREACH
REJECTED,GBPUSD,SELL,2019-07-18 08:30:00+00:00,,PRE_TRADE_PROJECTED_EQUITY_BREACH
REJECTED,EURUSD,SELL,2019-07-18 19:00:00+00:00,,PRE_TRADE_PROJECTED_EQUITY_BREACH
REJECTED,EURUSD,BUY,2019-07-18 23:00:00+00:00,,PRE_TRADE_PROJECTED_EQUITY_BREACH
REJECTED,GBPUSD,BUY,2019-07-19 06:00:00+00:00,,PRE_TRADE_PROJECTED_EQUITY_BREACH
REJECTED,EURUSD,BUY,2019-07-19 06:30:00+00:00,,PRE_TRADE_PROJECTED_EQUITY_BREACH
REJECTED,GBPUSD,BUY,2019-07-22 07:00:00+00:00,,PRE_TRADE_PROJECTED_EQUITY_BREACH
REJECTED,GBPUSD,SELL,2019-07-22 14:30:00+00:00,,PRE_TRADE_PROJECTED_EQUITY_BREACH
REJECTED,GBPUSD,SELL,2019-07-23 11:30:00+00:00,,PRE_TRADE_PROJECTED_EQUITY_BREACH
REJECTED,GBPUSD,SELL,2019-07-24 06:30:00+00:00,,PRE_TRADE_PROJECTED_EQUITY_BREACH
REJECTED,GBPUSD,SELL,2019-07-24 10:00:00+00:00,,PRE_TRADE_PROJECTED_EQUITY_BREACH
REJECTED,EURUSD,SELL,2019-07-24 11:30:00+00:00,,PRE_TRADE_PROJECTED_EQUITY_BREACH
REJECTED,GBPUSD,BUY,2019-07-24 19:00:00+00:00,,PRE_TRADE_PROJECTED_EQUITY_BREACH
REJECTED,EURUSD,SELL,2019-07-25 11:00:00+00:00,,PRE_TRADE_PROJECTED_EQUITY_BREACH
REJECTED,EURUSD,SELL,2019-07-29 15:30:00+00:00,,PRE_TRADE_PROJECTED_EQUITY_BREACH
REJECTED,EURUSD,SELL,2019-07-29 19:30:00+00:00,,PRE_TRADE_PROJECTED_EQUITY_BREACH
REJECTED,EURUSD,SELL,2019-07-30 09:30:00+00:00,,PRE_TRADE_PROJECTED_EQUITY_BREACH
REJECTED,EURUSD,SELL,2019-07-30 20:00:00+00:00,,PRE_TRADE_PROJECTED_EQUITY_BREACH
REJECTED,GBPUSD,SELL,2019-07-31 05:30:00+00:00,,PRE_TRADE_PROJECTED_EQUITY_BREACH
REJECTED,EURUSD,SELL,2019-07-31 06:00:00+00:00,,PRE_TRADE_PROJECTED_EQUITY_BREACH
REJECTED,GBPUSD,SELL,2019-07-31 14:30:00+00:00,,PRE_TRADE_PROJECTED_EQUITY_BREACH
REJECTED,GBPUSD,SELL,2019-08-01 15:30:00+00:00,,PRE_TRADE_PROJECTED_EQUITY_BREACH
REJECTED,EURUSD,SELL,2019-08-01 16:00:00+00:00,,PRE_TRADE_PROJECTED_EQUITY_BREACH
REJECTED,EURUSD,SELL,2019-08-01 18:30:00+00:00,,PRE_TRADE_PROJECTED_EQUITY_BREACH
REJECTED,EURUSD,SELL,2019-08-02 08:30:00+00:00,,PRE_TRADE_PROJECTED_EQUITY_BREACH
REJECTED,GBPUSD,SELL,2019-08-02 14:30:00+00:00,,PRE_TRADE_PROJECTED_EQUITY_BREACH
REJECTED,EURUSD,SELL,2019-08-02 16:30:00+00:00,,PRE_TRADE_PROJECTED_EQUITY_BREACH
REJECTED,GBPUSD,SELL,2019-08-02 19:00:00+00:00,,PRE_TRADE_PROJECTED_EQUITY_BREACH
REJECTED,EURUSD,SELL,2019-08-05 01:00:00+00:00,,PRE_TRADE_PROJECTED_EQUITY_BREACH
REJECTED,GBPUSD,SELL,2019-08-05 10:00:00+00:00,,PRE_TRADE_PROJECTED_EQUITY_BREACH
REJECTED,GBPUSD,SELL,2019-08-05 23:30:00+00:00,,PRE_TRADE_PROJECTED_EQUITY_BREACH
REJECTED,EURUSD,BUY,2019-08-06 04:30:00+00:00,,PRE_TRADE_PROJECTED_EQUITY_BREACH
REJECTED,GBPUSD,SELL,2019-08-06 10:30:00+00:00,,PRE_TRADE_PROJECTED_EQUITY_BREACH
REJECTED,EURUSD,BUY,2019-08-06 13:30:00+00:00,,PRE_TRADE_PROJECTED_EQUITY_BREACH
REJECTED,GBPUSD,SELL,2019-08-06 21:30:00+00:00,,PRE_TRADE_PROJECTED_EQUITY_BREACH
REJECTED,GBPUSD,SELL,2019-08-07 01:00:00+00:00,,PRE_TRADE_PROJECTED_EQUITY_BREACH
REJECTED,EURUSD,BUY,2019-08-07 07:00:00+00:00,,PRE_TRADE_PROJECTED_EQUITY_BREACH
REJECTED,EURUSD,BUY,2019-08-07 20:00:00+00:00,,PRE_TRADE_PROJECTED_EQUITY_BREACH
REJECTED,EURUSD,BUY,2019-08-08 11:30:00+00:00,,PRE_TRADE_PROJECTED_EQUITY_BREACH
REJECTED,GBPUSD,SELL,2019-08-08 17:00:00+00:00,,PRE_TRADE_PROJECTED_EQUITY_BREACH
REJECTED,EURUSD,BUY,2019-08-08 19:00:00+00:00,,PRE_TRADE_PROJECTED_EQUITY_BREACH
REJECTED,EURUSD,BUY,2019-08-09 21:30:00+00:00,,PRE_TRADE_PROJECTED_EQUITY_BREACH
REJECTED,GBPUSD,SELL,2019-08-12 03:00:00+00:00,,PRE_TRADE_PROJECTED_EQUITY_BREACH
REJECTED,EURUSD,BUY,2019-08-12 08:00:00+00:00,,PRE_TRADE_PROJECTED_EQUITY_BREACH
REJECTED,GBPUSD,SELL,2019-08-12 11:00:00+00:00,,PRE_TRADE_PROJECTED_EQUITY_BREACH
REJECTED,EURUSD,BUY,2019-08-13 02:00:00+00:00,,PRE_TRADE_PROJECTED_EQUITY_BREACH
REJECTED,EURUSD,BUY,2019-08-13 04:00:00+00:00,,PRE_TRADE_PROJECTED_EQUITY_BREACH
REJECTED,GBPUSD,SELL,2019-08-14 01:00:00+00:00,,PRE_TRADE_PROJECTED_EQUITY_BREACH
REJECTED,GBPUSD,SELL,2019-08-14 10:00:00+00:00,,PRE_TRADE_PROJECTED_EQUITY_BREACH
REJECTED,EURUSD,SELL,2019-08-14 23:00:00+00:00,,PRE_TRADE_PROJECTED_EQUITY_BREACH
REJECTED,GBPUSD,SELL,2019-08-15 07:30:00+00:00,,PRE_TRADE_PROJECTED_EQUITY_BREACH
REJECTED,GBPUSD,SELL,2019-08-15 10:00:00+00:00,,PRE_TRADE_PROJECTED_EQUITY_BREACH
REJECTED,EURUSD,SELL,2019-08-15 11:30:00+00:00,,PRE_TRADE_PROJECTED_EQUITY_BREACH
REJECTED,GBPUSD,SELL,2019-08-16 05:30:00+00:00,,PRE_TRADE_PROJECTED_EQUITY_BREACH
REJECTED,EURUSD,SELL,2019-08-16 15:30:00+00:00,,PRE_TRADE_PROJECTED_EQUITY_BREACH
REJECTED,EURUSD,SELL,2019-08-19 07:30:00+00:00,,PRE_TRADE_PROJECTED_EQUITY_BREACH
REJECTED,GBPUSD,BUY,2019-08-19 09:00:00+00:00,,PRE_TRADE_PROJECTED_EQUITY_BREACH
REJECTED,EURUSD,SELL,2019-08-20 02:00:00+00:00,,PRE_TRADE_PROJECTED_EQUITY_BREACH
REJECTED,GBPUSD,BUY,2019-08-20 06:00:00+00:00,,PRE_TRADE_PROJECTED_EQUITY_BREACH
REJECTED,EURUSD,SELL,2019-08-20 15:30:00+00:00,,PRE_TRADE_PROJECTED_EQUITY_BREACH
REJECTED,GBPUSD,BUY,2019-08-21 00:30:00+00:00,,PRE_TRADE_PROJECTED_EQUITY_BREACH
REJECTED,GBPUSD,BUY,2019-08-21 04:30:00+00:00,,PRE_TRADE_PROJECTED_EQUITY_BREACH
REJECTED,GBPUSD,BUY,2019-08-21 06:30:00+00:00,,PRE_TRADE_PROJECTED_EQUITY_BREACH
REJECTED,EURUSD,SELL,2019-08-21 23:30:00+00:00,,PRE_TRADE_PROJECTED_EQUITY_BREACH
REJECTED,EURUSD,SELL,2019-08-22 08:30:00+00:00,,PRE_TRADE_PROJECTED_EQUITY_BREACH
REJECTED,GBPUSD,BUY,2019-08-22 21:30:00+00:00,,PRE_TRADE_PROJECTED_EQUITY_BREACH
REJECTED,EURUSD,SELL,2019-08-23 00:30:00+00:00,,PRE_TRADE_PROJECTED_EQUITY_BREACH
REJECTED,GBPUSD,BUY,2019-08-23 02:30:00+00:00,,PRE_TRADE_PROJECTED_EQUITY_BREACH
REJECTED,GBPUSD,BUY,2019-08-23 05:00:00+00:00,,PRE_TRADE_PROJECTED_EQUITY_BREACH
REJECTED,GBPUSD,BUY,2019-08-23 07:30:00+00:00,,PRE_TRADE_PROJECTED_EQUITY_BREACH
REJECTED,EURUSD,BUY,2019-08-26 09:00:00+00:00,,PRE_TRADE_PROJECTED_EQUITY_BREACH
REJECTED,GBPUSD,BUY,2019-08-26 09:00:00+00:00,,PRE_TRADE_PROJECTED_EQUITY_BREACH
REJECTED,GBPUSD,BUY,2019-08-26 15:00:00+00:00,,PRE_TRADE_PROJECTED_EQUITY_BREACH
REJECTED,GBPUSD,BUY,2019-08-27 01:30:00+00:00,,PRE_TRADE_PROJECTED_EQUITY_BREACH
REJECTED,GBPUSD,BUY,2019-08-27 04:00:00+00:00,,PRE_TRADE_PROJECTED_EQUITY_BREACH
REJECTED,EURUSD,SELL,2019-08-28 08:30:00+00:00,,PRE_TRADE_PROJECTED_EQUITY_BREACH
REJECTED,GBPUSD,BUY,2019-08-28 19:30:00+00:00,,PRE_TRADE_PROJECTED_EQUITY_BREACH
REJECTED,EURUSD,SELL,2019-08-28 23:30:00+00:00,,PRE_TRADE_PROJECTED_EQUITY_BREACH
REJECTED,EURUSD,SELL,2019-08-29 01:00:00+00:00,,PRE_TRADE_PROJECTED_EQUITY_BREACH
REJECTED,GBPUSD,BUY,2019-08-29 03:00:00+00:00,,PRE_TRADE_PROJECTED_EQUITY_BREACH
REJECTED,EURUSD,SELL,2019-08-30 14:30:00+00:00,,PRE_TRADE_PROJECTED_EQUITY_BREACH
REJECTED,EURUSD,SELL,2019-08-30 20:30:00+00:00,,PRE_TRADE_PROJECTED_EQUITY_BREACH
REJECTED,GBPUSD,SELL,2019-09-02 07:00:00+00:00,,PRE_TRADE_PROJECTED_EQUITY_BREACH
REJECTED,GBPUSD,SELL,2019-09-03 11:30:00+00:00,,PRE_TRADE_PROJECTED_EQUITY_BREACH
REJECTED,EURUSD,SELL,2019-09-03 15:00:00+00:00,,PRE_TRADE_PROJECTED_EQUITY_BREACH
REJECTED,GBPUSD,SELL,2019-09-03 15:00:00+00:00,,PRE_TRADE_PROJECTED_EQUITY_BREACH
REJECTED,EURUSD,SELL,2019-09-03 17:30:00+00:00,,PRE_TRADE_PROJECTED_EQUITY_BREACH
REJECTED,GBPUSD,SELL,2019-09-03 18:00:00+00:00,,PRE_TRADE_PROJECTED_EQUITY_BREACH
REJECTED,GBPUSD,SELL,2019-09-04 03:30:00+00:00,,PRE_TRADE_PROJECTED_EQUITY_BREACH
REJECTED,EURUSD,SELL,2019-09-04 07:30:00+00:00,,PRE_TRADE_PROJECTED_EQUITY_BREACH
REJECTED,GBPUSD,SELL,2019-09-04 08:00:00+00:00,,PRE_TRADE_PROJECTED_EQUITY_BREACH
REJECTED,EURUSD,SELL,2019-09-04 10:30:00+00:00,,PRE_TRADE_PROJECTED_EQUITY_BREACH
REJECTED,GBPUSD,BUY,2019-09-05 01:30:00+00:00,,PRE_TRADE_PROJECTED_EQUITY_BREACH
REJECTED,GBPUSD,BUY,2019-09-05 07:00:00+00:00,,PRE_TRADE_PROJECTED_EQUITY_BREACH
REJECTED,EURUSD,BUY,2019-09-06 01:00:00+00:00,,PRE_TRADE_PROJECTED_EQUITY_BREACH
REJECTED,GBPUSD,BUY,2019-09-06 16:30:00+00:00,,PRE_TRADE_PROJECTED_EQUITY_BREACH
REJECTED,GBPUSD,BUY,2019-09-08 22:00:00+00:00,,PRE_TRADE_PROJECTED_EQUITY_BREACH
REJECTED,GBPUSD,BUY,2019-09-09 06:30:00+00:00,,PRE_TRADE_PROJECTED_EQUITY_BREACH
REJECTED,EURUSD,SELL,2019-09-09 09:00:00+00:00,,PRE_TRADE_PROJECTED_EQUITY_BREACH
REJECTED,EURUSD,BUY,2019-09-09 20:00:00+00:00,,PRE_TRADE_PROJECTED_EQUITY_BREACH
REJECTED,EURUSD,BUY,2019-09-10 01:30:00+00:00,,PRE_TRADE_PROJECTED_EQUITY_BREACH
REJECTED,GBPUSD,BUY,2019-09-11 02:00:00+00:00,,PRE_TRADE_PROJECTED_EQUITY_BREACH
REJECTED,EURUSD,BUY,2019-09-11 07:00:00+00:00,,PRE_TRADE_PROJECTED_EQUITY_BREACH
REJECTED,GBPUSD,BUY,2019-09-11 14:00:00+00:00,,PRE_TRADE_PROJECTED_EQUITY_BREACH
REJECTED,EURUSD,SELL,2019-09-11 17:30:00+00:00,,PRE_TRADE_PROJECTED_EQUITY_BREACH
REJECTED,GBPUSD,BUY,2019-09-12 03:00:00+00:00,,PRE_TRADE_PROJECTED_EQUITY_BREACH
REJECTED,GBPUSD,BUY,2019-09-12 13:30:00+00:00,,PRE_TRADE_PROJECTED_EQUITY_BREACH
REJECTED,GBPUSD,BUY,2019-09-12 21:30:00+00:00,,PRE_TRADE_PROJECTED_EQUITY_BREACH
REJECTED,EURUSD,BUY,2019-09-13 00:30:00+00:00,,PRE_TRADE_PROJECTED_EQUITY_BREACH
REJECTED,EURUSD,BUY,2019-09-13 14:30:00+00:00,,PRE_TRADE_PROJECTED_EQUITY_BREACH
REJECTED,EURUSD,BUY,2019-09-13 19:30:00+00:00,,PRE_TRADE_PROJECTED_EQUITY_BREACH
REJECTED,EURUSD,BUY,2019-09-16 04:30:00+00:00,,PRE_TRADE_PROJECTED_EQUITY_BREACH
REJECTED,GBPUSD,BUY,2019-09-16 04:30:00+00:00,,PRE_TRADE_PROJECTED_EQUITY_BREACH
REJECTED,GBPUSD,BUY,2019-09-16 09:00:00+00:00,,PRE_TRADE_PROJECTED_EQUITY_BREACH
REJECTED,GBPUSD,BUY,2019-09-17 01:30:00+00:00,,PRE_TRADE_PROJECTED_EQUITY_BREACH
REJECTED,EURUSD,SELL,2019-09-17 15:00:00+00:00,,PRE_TRADE_PROJECTED_EQUITY_BREACH
REJECTED,GBPUSD,BUY,2019-09-18 01:30:00+00:00,,PRE_TRADE_PROJECTED_EQUITY_BREACH
REJECTED,GBPUSD,BUY,2019-09-18 04:30:00+00:00,,PRE_TRADE_PROJECTED_EQUITY_BREACH
REJECTED,EURUSD,BUY,2019-09-18 05:30:00+00:00,,PRE_TRADE_PROJECTED_EQUITY_BREACH
REJECTED,EURUSD,BUY,2019-09-18 08:30:00+00:00,,PRE_TRADE_PROJECTED_EQUITY_BREACH
REJECTED,GBPUSD,BUY,2019-09-18 09:30:00+00:00,,PRE_TRADE_PROJECTED_EQUITY_BREACH
REJECTED,EURUSD,BUY,2019-09-18 19:00:00+00:00,,PRE_TRADE_PROJECTED_EQUITY_BREACH
REJECTED,GBPUSD,BUY,2019-09-19 11:30:00+00:00,,PRE_TRADE_PROJECTED_EQUITY_BREACH
REJECTED,EURUSD,BUY,2019-09-19 15:00:00+00:00,,PRE_TRADE_PROJECTED_EQUITY_BREACH
REJECTED,EURUSD,BUY,2019-09-19 16:30:00+00:00,,PRE_TRADE_PROJECTED_EQUITY_BREACH
REJECTED,GBPUSD,BUY,2019-09-20 14:30:00+00:00,,PRE_TRADE_PROJECTED_EQUITY_BREACH
REJECTED,EURUSD,SELL,2019-09-23 03:00:00+00:00,,PRE_TRADE_PROJECTED_EQUITY_BREACH
REJECTED,GBPUSD,BUY,2019-09-23 06:00:00+00:00,,PRE_TRADE_PROJECTED_EQUITY_BREACH
REJECTED,GBPUSD,BUY,2019-09-23 07:30:00+00:00,,PRE_TRADE_PROJECTED_EQUITY_BREACH
REJECTED,EURUSD,SELL,2019-09-23 19:30:00+00:00,,PRE_TRADE_PROJECTED_EQUITY_BREACH
REJECTED,EURUSD,SELL,2019-09-24 10:30:00+00:00,,PRE_TRADE_PROJECTED_EQUITY_BREACH
REJECTED,EURUSD,SELL,2019-09-24 18:00:00+00:00,,PRE_TRADE_PROJECTED_EQUITY_BREACH
REJECTED,GBPUSD,BUY,2019-09-25 01:00:00+00:00,,PRE_TRADE_PROJECTED_EQUITY_BREACH
REJECTED,EURUSD,SELL,2019-09-25 23:30:00+00:00,,PRE_TRADE_PROJECTED_EQUITY_BREACH
REJECTED,EURUSD,SELL,2019-09-26 03:00:00+00:00,,PRE_TRADE_PROJECTED_EQUITY_BREACH
REJECTED,GBPUSD,SELL,2019-09-26 03:00:00+00:00,,PRE_TRADE_PROJECTED_EQUITY_BREACH
REJECTED,EURUSD,SELL,2019-09-26 13:00:00+00:00,,PRE_TRADE_PROJECTED_EQUITY_BREACH
REJECTED,GBPUSD,SELL,2019-09-26 13:00:00+00:00,,PRE_TRADE_PROJECTED_EQUITY_BREACH
REJECTED,EURUSD,SELL,2019-09-26 14:00:00+00:00,,PRE_TRADE_PROJECTED_EQUITY_BREACH
REJECTED,EURUSD,SELL,2019-09-27 04:30:00+00:00,,PRE_TRADE_PROJECTED_EQUITY_BREACH
REJECTED,EURUSD,SELL,2019-09-27 11:30:00+00:00,,PRE_TRADE_PROJECTED_EQUITY_BREACH
REJECTED,GBPUSD,SELL,2019-10-01 06:00:00+00:00,,PRE_TRADE_PROJECTED_EQUITY_BREACH
REJECTED,EURUSD,SELL,2019-10-01 16:30:00+00:00,,PRE_TRADE_PROJECTED_EQUITY_BREACH
REJECTED,EURUSD,SELL,2019-10-02 01:00:00+00:00,,PRE_TRADE_PROJECTED_EQUITY_BREACH
REJECTED,EURUSD,SELL,2019-10-02 12:00:00+00:00,,PRE_TRADE_PROJECTED_EQUITY_BREACH
REJECTED,GBPUSD,SELL,2019-10-03 00:30:00+00:00,,PRE_TRADE_PROJECTED_EQUITY_BREACH
REJECTED,GBPUSD,SELL,2019-10-03 04:00:00+00:00,,PRE_TRADE_PROJECTED_EQUITY_BREACH
REJECTED,EURUSD,BUY,2019-10-03 07:00:00+00:00,,PRE_TRADE_PROJECTED_EQUITY_BREACH
REJECTED,GBPUSD,SELL,2019-10-03 13:00:00+00:00,,PRE_TRADE_PROJECTED_EQUITY_BREACH
REJECTED,GBPUSD,BUY,2019-10-03 18:30:00+00:00,,PRE_TRADE_PROJECTED_EQUITY_BREACH
REJECTED,EURUSD,BUY,2019-10-03 19:00:00+00:00,,PRE_TRADE_PROJECTED_EQUITY_BREACH
REJECTED,GBPUSD,BUY,2019-10-04 05:00:00+00:00,,PRE_TRADE_PROJECTED_EQUITY_BREACH
REJECTED,EURUSD,BUY,2019-10-04 05:30:00+00:00,,PRE_TRADE_PROJECTED_EQUITY_BREACH
REJECTED,EURUSD,BUY,2019-10-04 13:30:00+00:00,,PRE_TRADE_PROJECTED_EQUITY_BREACH
REJECTED,GBPUSD,SELL,2019-10-04 17:00:00+00:00,,PRE_TRADE_PROJECTED_EQUITY_BREACH
REJECTED,EURUSD,BUY,2019-10-07 06:00:00+00:00,,PRE_TRADE_PROJECTED_EQUITY_BREACH
REJECTED,GBPUSD,SELL,2019-10-07 11:30:00+00:00,,PRE_TRADE_PROJECTED_EQUITY_BREACH
REJECTED,EURUSD,BUY,2019-10-07 18:30:00+00:00,,PRE_TRADE_PROJECTED_EQUITY_BREACH
REJECTED,GBPUSD,SELL,2019-10-08 02:30:00+00:00,,PRE_TRADE_PROJECTED_EQUITY_BREACH
REJECTED,EURUSD,BUY,2019-10-08 14:00:00+00:00,,PRE_TRADE_PROJECTED_EQUITY_BREACH
REJECTED,EURUSD,SELL,2019-10-09 03:30:00+00:00,,PRE_TRADE_PROJECTED_EQUITY_BREACH
REJECTED,EURUSD,SELL,2019-10-09 08:00:00+00:00,,PRE_TRADE_PROJECTED_EQUITY_BREACH
REJECTED,EURUSD,BUY,2019-10-09 17:00:00+00:00,,PRE_TRADE_PROJECTED_EQUITY_BREACH
REJECTED,GBPUSD,SELL,2019-10-10 00:00:00+00:00,,PRE_TRADE_PROJECTED_EQUITY_BREACH
REJECTED,GBPUSD,SELL,2019-10-10 03:00:00+00:00,,PRE_TRADE_PROJECTED_EQUITY_BREACH
REJECTED,GBPUSD,SELL,2019-10-10 15:00:00+00:00,,PRE_TRADE_PROJECTED_EQUITY_BREACH
REJECTED,EURUSD,BUY,2019-10-10 15:30:00+00:00,,PRE_TRADE_PROJECTED_EQUITY_BREACH
REJECTED,GBPUSD,SELL,2019-10-10 16:00:00+00:00,,PRE_TRADE_PROJECTED_EQUITY_BREACH
REJECTED,EURUSD,BUY,2019-10-11 09:00:00+00:00,,PRE_TRADE_PROJECTED_EQUITY_BREACH
REJECTED,GBPUSD,BUY,2019-10-13 22:00:00+00:00,,PRE_TRADE_PROJECTED_EQUITY_BREACH
REJECTED,GBPUSD,BUY,2019-10-14 01:00:00+00:00,,PRE_TRADE_PROJECTED_EQUITY_BREACH
REJECTED,GBPUSD,BUY,2019-10-14 07:00:00+00:00,,PRE_TRADE_PROJECTED_EQUITY_BREACH
REJECTED,EURUSD,BUY,2019-10-14 08:00:00+00:00,,PRE_TRADE_PROJECTED_EQUITY_BREACH
REJECTED,GBPUSD,BUY,2019-10-14 12:30:00+00:00,,PRE_TRADE_PROJECTED_EQUITY_BREACH
REJECTED,EURUSD,BUY,2019-10-16 02:00:00+00:00,,PRE_TRADE_PROJECTED_EQUITY_BREACH
REJECTED,GBPUSD,BUY,2019-10-16 02:00:00+00:00,,PRE_TRADE_PROJECTED_EQUITY_BREACH
REJECTED,GBPUSD,BUY,2019-10-17 05:30:00+00:00,,PRE_TRADE_PROJECTED_EQUITY_BREACH
REJECTED,EURUSD,BUY,2019-10-17 06:30:00+00:00,,PRE_TRADE_PROJECTED_EQUITY_BREACH
REJECTED,GBPUSD,BUY,2019-10-17 13:00:00+00:00,,PRE_TRADE_PROJECTED_EQUITY_BREACH
REJECTED,GBPUSD,BUY,2019-10-18 00:30:00+00:00,,PRE_TRADE_PROJECTED_EQUITY_BREACH
REJECTED,GBPUSD,BUY,2019-10-18 03:00:00+00:00,,PRE_TRADE_PROJECTED_EQUITY_BREACH
REJECTED,GBPUSD,BUY,2019-10-21 06:30:00+00:00,,PRE_TRADE_PROJECTED_EQUITY_BREACH
REJECTED,EURUSD,BUY,2019-10-21 14:30:00+00:00,,PRE_TRADE_PROJECTED_EQUITY_BREACH
REJECTED,EURUSD,BUY,2019-10-21 15:30:00+00:00,,PRE_TRADE_PROJECTED_EQUITY_BREACH
REJECTED,EURUSD,BUY,2019-10-22 04:30:00+00:00,,PRE_TRADE_PROJECTED_EQUITY_BREACH
REJECTED,GBPUSD,BUY,2019-10-22 08:00:00+00:00,,PRE_TRADE_PROJECTED_EQUITY_BREACH
REJECTED,EURUSD,BUY,2019-10-22 09:00:00+00:00,,PRE_TRADE_PROJECTED_EQUITY_BREACH
REJECTED,GBPUSD,BUY,2019-10-22 13:30:00+00:00,,PRE_TRADE_PROJECTED_EQUITY_BREACH
REJECTED,EURUSD,BUY,2019-10-23 02:00:00+00:00,,PRE_TRADE_PROJECTED_EQUITY_BREACH
REJECTED,GBPUSD,BUY,2019-10-23 02:30:00+00:00,,PRE_TRADE_PROJECTED_EQUITY_BREACH
REJECTED,EURUSD,BUY,2019-10-23 04:00:00+00:00,,PRE_TRADE_PROJECTED_EQUITY_BREACH
REJECTED,GBPUSD,BUY,2019-10-23 04:00:00+00:00,,PRE_TRADE_PROJECTED_EQUITY_BREACH
REJECTED,EURUSD,BUY,2019-10-24 16:00:00+00:00,,PRE_TRADE_PROJECTED_EQUITY_BREACH
REJECTED,GBPUSD,BUY,2019-10-24 16:00:00+00:00,,PRE_TRADE_PROJECTED_EQUITY_BREACH
REJECTED,GBPUSD,BUY,2019-10-24 23:30:00+00:00,,PRE_TRADE_PROJECTED_EQUITY_BREACH
REJECTED,GBPUSD,BUY,2019-10-25 12:00:00+00:00,,PRE_TRADE_PROJECTED_EQUITY_BREACH
REJECTED,EURUSD,BUY,2019-10-25 13:00:00+00:00,,PRE_TRADE_PROJECTED_EQUITY_BREACH
REJECTED,EURUSD,SELL,2019-10-27 23:30:00+00:00,,PRE_TRADE_PROJECTED_EQUITY_BREACH
REJECTED,GBPUSD,BUY,2019-10-28 02:00:00+00:00,,PRE_TRADE_PROJECTED_EQUITY_BREACH
REJECTED,EURUSD,SELL,2019-10-28 04:00:00+00:00,,PRE_TRADE_PROJECTED_EQUITY_BREACH
REJECTED,EURUSD,SELL,2019-10-28 06:30:00+00:00,,PRE_TRADE_PROJECTED_EQUITY_BREACH
REJECTED,GBPUSD,BUY,2019-10-29 01:00:00+00:00,,PRE_TRADE_PROJECTED_EQUITY_BREACH
REJECTED,GBPUSD,BUY,2019-10-29 08:30:00+00:00,,PRE_TRADE_PROJECTED_EQUITY_BREACH
REJECTED,EURUSD,SELL,2019-10-29 14:00:00+00:00,,PRE_TRADE_PROJECTED_EQUITY_BREACH
REJECTED,EURUSD,BUY,2019-10-31 06:00:00+00:00,,PRE_TRADE_PROJECTED_EQUITY_BREACH
REJECTED,EURUSD,BUY,2019-10-31 14:00:00+00:00,,PRE_TRADE_PROJECTED_EQUITY_BREACH
REJECTED,GBPUSD,BUY,2019-10-31 14:00:00+00:00,,PRE_TRADE_PROJECTED_EQUITY_BREACH
REJECTED,EURUSD,BUY,2019-11-01 10:00:00+00:00,,PRE_TRADE_PROJECTED_EQUITY_BREACH
REJECTED,EURUSD,BUY,2019-11-01 12:30:00+00:00,,PRE_TRADE_PROJECTED_EQUITY_BREACH
REJECTED,GBPUSD,BUY,2019-11-01 16:30:00+00:00,,PRE_TRADE_PROJECTED_EQUITY_BREACH
REJECTED,GBPUSD,BUY,2019-11-04 10:00:00+00:00,,PRE_TRADE_PROJECTED_EQUITY_BREACH
REJECTED,EURUSD,BUY,2019-11-04 14:00:00+00:00,,PRE_TRADE_PROJECTED_EQUITY_BREACH
REJECTED,GBPUSD,BUY,2019-11-04 15:00:00+00:00,,PRE_TRADE_PROJECTED_EQUITY_BREACH
REJECTED,EURUSD,BUY,2019-11-04 19:00:00+00:00,,PRE_TRADE_PROJECTED_EQUITY_BREACH
REJECTED,EURUSD,SELL,2019-11-05 05:30:00+00:00,,PRE_TRADE_PROJECTED_EQUITY_BREACH
REJECTED,EURUSD,SELL,2019-11-05 07:00:00+00:00,,PRE_TRADE_PROJECTED_EQUITY_BREACH
REJECTED,GBPUSD,BUY,2019-11-05 15:00:00+00:00,,PRE_TRADE_PROJECTED_EQUITY_BREACH
REJECTED,EURUSD,SELL,2019-11-05 22:30:00+00:00,,PRE_TRADE_PROJECTED_EQUITY_BREACH
REJECTED,EURUSD,SELL,2019-11-06 03:00:00+00:00,,PRE_TRADE_PROJECTED_EQUITY_BREACH
REJECTED,GBPUSD,SELL,2019-11-06 03:00:00+00:00,,PRE_TRADE_PROJECTED_EQUITY_BREACH
REJECTED,EURUSD,SELL,2019-11-06 08:30:00+00:00,,PRE_TRADE_PROJECTED_EQUITY_BREACH
REJECTED,EURUSD,SELL,2019-11-07 07:30:00+00:00,,PRE_TRADE_PROJECTED_EQUITY_BREACH
REJECTED,GBPUSD,SELL,2019-11-07 08:30:00+00:00,,PRE_TRADE_PROJECTED_EQUITY_BREACH
REJECTED,EURUSD,SELL,2019-11-08 19:00:00+00:00,,PRE_TRADE_PROJECTED_EQUITY_BREACH
REJECTED,EURUSD,SELL,2019-11-11 05:30:00+00:00,,PRE_TRADE_PROJECTED_EQUITY_BREACH
REJECTED,GBPUSD,SELL,2019-11-11 10:30:00+00:00,,PRE_TRADE_PROJECTED_EQUITY_BREACH
REJECTED,EURUSD,SELL,2019-11-12 04:30:00+00:00,,PRE_TRADE_PROJECTED_EQUITY_BREACH
REJECTED,GBPUSD,SELL,2019-11-12 14:00:00+00:00,,PRE_TRADE_PROJECTED_EQUITY_BREACH
REJECTED,GBPUSD,SELL,2019-11-14 09:00:00+00:00,,PRE_TRADE_PROJECTED_EQUITY_BREACH
REJECTED,EURUSD,SELL,2019-11-14 14:00:00+00:00,,PRE_TRADE_PROJECTED_EQUITY_BREACH
REJECTED,EURUSD,SELL,2019-11-14 17:00:00+00:00,,PRE_TRADE_PROJECTED_EQUITY_BREACH
REJECTED,EURUSD,SELL,2019-11-15 02:30:00+00:00,,PRE_TRADE_PROJECTED_EQUITY_BREACH
REJECTED,EURUSD,SELL,2019-11-15 11:00:00+00:00,,PRE_TRADE_PROJECTED_EQUITY_BREACH
REJECTED,GBPUSD,BUY,2019-11-18 19:30:00+00:00,,PRE_TRADE_PROJECTED_EQUITY_BREACH
REJECTED,GBPUSD,BUY,2019-11-19 19:00:00+00:00,,PRE_TRADE_PROJECTED_EQUITY_BREACH
REJECTED,GBPUSD,BUY,2019-11-20 01:00:00+00:00,,PRE_TRADE_PROJECTED_EQUITY_BREACH
REJECTED,EURUSD,BUY,2019-11-20 07:30:00+00:00,,PRE_TRADE_PROJECTED_EQUITY_BREACH
REJECTED,GBPUSD,BUY,2019-11-21 15:00:00+00:00,,PRE_TRADE_PROJECTED_EQUITY_BREACH
REJECTED,EURUSD,SELL,2019-11-25 05:30:00+00:00,,PRE_TRADE_PROJECTED_EQUITY_BREACH
REJECTED,GBPUSD,SELL,2019-11-27 09:30:00+00:00,,PRE_TRADE_PROJECTED_EQUITY_BREACH
REJECTED,GBPUSD,SELL,2019-11-27 18:00:00+00:00,,PRE_TRADE_PROJECTED_EQUITY_BREACH
REJECTED,GBPUSD,BUY,2019-11-28 12:00:00+00:00,,PRE_TRADE_PROJECTED_EQUITY_BREACH
REJECTED,GBPUSD,BUY,2019-12-03 00:30:00+00:00,,PRE_TRADE_PROJECTED_EQUITY_BREACH
REJECTED,EURUSD,BUY,2019-12-03 01:00:00+00:00,,PRE_TRADE_PROJECTED_EQUITY_BREACH
REJECTED,GBPUSD,BUY,2019-12-03 19:30:00+00:00,,PRE_TRADE_PROJECTED_EQUITY_BREACH
REJECTED,EURUSD,BUY,2019-12-04 01:00:00+00:00,,PRE_TRADE_PROJECTED_EQUITY_BREACH
REJECTED,GBPUSD,BUY,2019-12-04 05:00:00+00:00,,PRE_TRADE_PROJECTED_EQUITY_BREACH
REJECTED,EURUSD,BUY,2019-12-04 16:30:00+00:00,,PRE_TRADE_PROJECTED_EQUITY_BREACH
REJECTED,GBPUSD,BUY,2019-12-05 06:30:00+00:00,,PRE_TRADE_PROJECTED_EQUITY_BREACH
REJECTED,EURUSD,BUY,2019-12-06 06:00:00+00:00,,PRE_TRADE_PROJECTED_EQUITY_BREACH
REJECTED,GBPUSD,BUY,2019-12-06 08:00:00+00:00,,PRE_TRADE_PROJECTED_EQUITY_BREACH
REJECTED,GBPUSD,BUY,2019-12-06 15:30:00+00:00,,PRE_TRADE_PROJECTED_EQUITY_BREACH
REJECTED,EURUSD,SELL,2019-12-09 05:00:00+00:00,,PRE_TRADE_PROJECTED_EQUITY_BREACH
REJECTED,GBPUSD,BUY,2019-12-09 21:30:00+00:00,,PRE_TRADE_PROJECTED_EQUITY_BREACH
REJECTED,GBPUSD,BUY,2019-12-10 21:30:00+00:00,,PRE_TRADE_PROJECTED_EQUITY_BREACH
REJECTED,EURUSD,BUY,2019-12-11 04:30:00+00:00,,PRE_TRADE_PROJECTED_EQUITY_BREACH
REJECTED,EURUSD,BUY,2019-12-11 06:30:00+00:00,,PRE_TRADE_PROJECTED_EQUITY_BREACH
REJECTED,EURUSD,BUY,2019-12-11 07:30:00+00:00,,PRE_TRADE_PROJECTED_EQUITY_BREACH
REJECTED,GBPUSD,BUY,2019-12-11 07:30:00+00:00,,PRE_TRADE_PROJECTED_EQUITY_BREACH
REJECTED,EURUSD,BUY,2019-12-11 12:30:00+00:00,,PRE_TRADE_PROJECTED_EQUITY_BREACH
REJECTED,GBPUSD,BUY,2019-12-12 05:30:00+00:00,,PRE_TRADE_PROJECTED_EQUITY_BREACH
REJECTED,EURUSD,BUY,2019-12-12 06:00:00+00:00,,PRE_TRADE_PROJECTED_EQUITY_BREACH
REJECTED,EURUSD,BUY,2019-12-12 09:00:00+00:00,,PRE_TRADE_PROJECTED_EQUITY_BREACH
REJECTED,GBPUSD,BUY,2019-12-12 09:30:00+00:00,,PRE_TRADE_PROJECTED_EQUITY_BREACH
REJECTED,GBPUSD,BUY,2019-12-12 18:00:00+00:00,,PRE_TRADE_PROJECTED_EQUITY_BREACH
REJECTED,GBPUSD,BUY,2019-12-13 07:00:00+00:00,,PRE_TRADE_PROJECTED_EQUITY_BREACH
REJECTED,GBPUSD,BUY,2019-12-13 13:30:00+00:00,,PRE_TRADE_PROJECTED_EQUITY_BREACH
REJECTED,EURUSD,BUY,2019-12-13 14:00:00+00:00,,PRE_TRADE_PROJECTED_EQUITY_BREACH
REJECTED,EURUSD,BUY,2019-12-16 09:00:00+00:00,,PRE_TRADE_PROJECTED_EQUITY_BREACH
REJECTED,GBPUSD,BUY,2019-12-16 09:00:00+00:00,,PRE_TRADE_PROJECTED_EQUITY_BREACH
REJECTED,GBPUSD,BUY,2019-12-16 22:30:00+00:00,,PRE_TRADE_PROJECTED_EQUITY_BREACH
REJECTED,GBPUSD,BUY,2019-12-17 06:00:00+00:00,,PRE_TRADE_PROJECTED_EQUITY_BREACH
REJECTED,EURUSD,BUY,2019-12-17 07:00:00+00:00,,PRE_TRADE_PROJECTED_EQUITY_BREACH
REJECTED,EURUSD,BUY,2019-12-18 01:30:00+00:00,,PRE_TRADE_PROJECTED_EQUITY_BREACH
REJECTED,EURUSD,BUY,2019-12-18 05:00:00+00:00,,PRE_TRADE_PROJECTED_EQUITY_BREACH
REJECTED,GBPUSD,SELL,2019-12-18 17:30:00+00:00,,PRE_TRADE_PROJECTED_EQUITY_BREACH
REJECTED,EURUSD,SELL,2019-12-19 01:00:00+00:00,,PRE_TRADE_PROJECTED_EQUITY_BREACH
REJECTED,GBPUSD,SELL,2019-12-19 07:00:00+00:00,,PRE_TRADE_PROJECTED_EQUITY_BREACH
REJECTED,EURUSD,BUY,2019-12-19 21:00:00+00:00,,PRE_TRADE_PROJECTED_EQUITY_BREACH
REJECTED,GBPUSD,SELL,2019-12-20 04:00:00+00:00,,PRE_TRADE_PROJECTED_EQUITY_BREACH
REJECTED,EURUSD,SELL,2019-12-20 08:00:00+00:00,,PRE_TRADE_PROJECTED_EQUITY_BREACH
REJECTED,GBPUSD,SELL,2019-12-20 10:00:00+00:00,,PRE_TRADE_PROJECTED_EQUITY_BREACH
REJECTED,GBPUSD,SELL,2019-12-20 13:30:00+00:00,,PRE_TRADE_PROJECTED_EQUITY_BREACH
REJECTED,EURUSD,SELL,2019-12-22 22:00:00+00:00,,PRE_TRADE_PROJECTED_EQUITY_BREACH
REJECTED,GBPUSD,SELL,2019-12-23 20:30:00+00:00,,PRE_TRADE_PROJECTED_EQUITY_BREACH
REJECTED,GBPUSD,SELL,2019-12-24 11:30:00+00:00,,PRE_TRADE_PROJECTED_EQUITY_BREACH
REJECTED,EURUSD,SELL,2019-12-24 13:00:00+00:00,,PRE_TRADE_PROJECTED_EQUITY_BREACH
REJECTED,EURUSD,SELL,2019-12-24 15:30:00+00:00,,PRE_TRADE_PROJECTED_EQUITY_BREACH
REJECTED,GBPUSD,SELL,2019-12-25 00:30:00+00:00,,PRE_TRADE_PROJECTED_EQUITY_BREACH
REJECTED,GBPUSD,SELL,2019-12-26 01:00:00+00:00,,PRE_TRADE_PROJECTED_EQUITY_BREACH
REJECTED,GBPUSD,SELL,2019-12-26 06:30:00+00:00,,PRE_TRADE_PROJECTED_EQUITY_BREACH
REJECTED,EURUSD,SELL,2019-12-26 08:00:00+00:00,,PRE_TRADE_PROJECTED_EQUITY_BREACH
REJECTED,EURUSD,SELL,2019-12-26 12:30:00+00:00,,PRE_TRADE_PROJECTED_EQUITY_BREACH
REJECTED,GBPUSD,SELL,2019-12-26 16:00:00+00:00,,PRE_TRADE_PROJECTED_EQUITY_BREACH
REJECTED,GBPUSD,SELL,2019-12-27 04:30:00+00:00,,PRE_TRADE_PROJECTED_EQUITY_BREACH
REJECTED,EURUSD,BUY,2019-12-30 13:00:00+00:00,,PRE_TRADE_PROJECTED_EQUITY_BREACH
REJECTED,EURUSD,BUY,2019-12-30 19:00:00+00:00,,PRE_TRADE_PROJECTED_EQUITY_BREACH
REJECTED,GBPUSD,BUY,2019-12-30 20:30:00+00:00,,PRE_TRADE_PROJECTED_EQUITY_BREACH
REJECTED,GBPUSD,BUY,2019-12-31 05:00:00+00:00,,PRE_TRADE_PROJECTED_EQUITY_BREACH
REJECTED,EURUSD,BUY,2019-12-31 19:30:00+00:00,,PRE_TRADE_PROJECTED_EQUITY_BREACH
REJECTED,GBPUSD,BUY,2019-12-31 19:30:00+00:00,,PRE_TRADE_PROJECTED_EQUITY_BREACH
REJECTED,EURUSD,BUY,2019-12-31 21:30:00+00:00,,PRE_TRADE_PROJECTED_EQUITY_BREACH
REJECTED,GBPUSD,BUY,2020-01-02 03:30:00+00:00,,PRE_TRADE_PROJECTED_EQUITY_BREACH
REJECTED,EURUSD,BUY,2020-01-02 04:00:00+00:00,,PRE_TRADE_PROJECTED_EQUITY_BREACH
REJECTED,EURUSD,BUY,2020-01-02 10:00:00+00:00,,PRE_TRADE_PROJECTED_EQUITY_BREACH
REJECTED,GBPUSD,BUY,2020-01-02 14:00:00+00:00,,PRE_TRADE_PROJECTED_EQUITY_BREACH
REJECTED,EURUSD,SELL,2020-01-03 13:00:00+00:00,,PRE_TRADE_PROJECTED_EQUITY_BREACH
REJECTED,EURUSD,BUY,2020-01-03 19:00:00+00:00,,PRE_TRADE_PROJECTED_EQUITY_BREACH
REJECTED,EURUSD,BUY,2020-01-06 14:30:00+00:00,,PRE_TRADE_PROJECTED_EQUITY_BREACH
REJECTED,EURUSD,BUY,2020-01-07 00:30:00+00:00,,PRE_TRADE_PROJECTED_EQUITY_BREACH
REJECTED,EURUSD,BUY,2020-01-07 05:30:00+00:00,,PRE_TRADE_PROJECTED_EQUITY_BREACH
REJECTED,GBPUSD,BUY,2020-01-07 05:30:00+00:00,,PRE_TRADE_PROJECTED_EQUITY_BREACH
REJECTED,EURUSD,BUY,2020-01-07 07:30:00+00:00,,PRE_TRADE_PROJECTED_EQUITY_BREACH
REJECTED,GBPUSD,BUY,2020-01-07 07:30:00+00:00,,PRE_TRADE_PROJECTED_EQUITY_BREACH
REJECTED,GBPUSD,BUY,2020-01-07 12:00:00+00:00,,PRE_TRADE_PROJECTED_EQUITY_BREACH
REJECTED,EURUSD,SELL,2020-01-08 00:00:00+00:00,,PRE_TRADE_PROJECTED_EQUITY_BREACH
REJECTED,GBPUSD,SELL,2020-01-09 00:30:00+00:00,,PRE_TRADE_PROJECTED_EQUITY_BREACH
REJECTED,EURUSD,SELL,2020-01-09 01:30:00+00:00,,PRE_TRADE_PROJECTED_EQUITY_BREACH
REJECTED,GBPUSD,SELL,2020-01-09 16:30:00+00:00,,PRE_TRADE_PROJECTED_EQUITY_BREACH
REJECTED,EURUSD,SELL,2020-01-09 23:30:00+00:00,,PRE_TRADE_PROJECTED_EQUITY_BREACH
REJECTED,GBPUSD,SELL,2020-01-10 04:00:00+00:00,,PRE_TRADE_PROJECTED_EQUITY_BREACH
REJECTED,GBPUSD,SELL,2020-01-10 05:30:00+00:00,,PRE_TRADE_PROJECTED_EQUITY_BREACH
REJECTED,EURUSD,SELL,2020-01-10 15:00:00+00:00,,PRE_TRADE_PROJECTED_EQUITY_BREACH
REJECTED,EURUSD,SELL,2020-01-13 01:30:00+00:00,,PRE_TRADE_PROJECTED_EQUITY_BREACH
REJECTED,EURUSD,SELL,2020-01-13 03:00:00+00:00,,PRE_TRADE_PROJECTED_EQUITY_BREACH
REJECTED,GBPUSD,SELL,2020-01-13 14:30:00+00:00,,PRE_TRADE_PROJECTED_EQUITY_BREACH
REJECTED,EURUSD,SELL,2020-01-13 15:30:00+00:00,,PRE_TRADE_PROJECTED_EQUITY_BREACH
REJECTED,EURUSD,BUY,2020-01-13 21:00:00+00:00,,PRE_TRADE_PROJECTED_EQUITY_BREACH
REJECTED,GBPUSD,SELL,2020-01-14 10:30:00+00:00,,PRE_TRADE_PROJECTED_EQUITY_BREACH
REJECTED,GBPUSD,SELL,2020-01-14 15:00:00+00:00,,PRE_TRADE_PROJECTED_EQUITY_BREACH
REJECTED,EURUSD,SELL,2020-01-14 17:00:00+00:00,,PRE_TRADE_PROJECTED_EQUITY_BREACH
REJECTED,GBPUSD,SELL,2020-01-14 19:00:00+00:00,,PRE_TRADE_PROJECTED_EQUITY_BREACH
REJECTED,EURUSD,SELL,2020-01-15 04:00:00+00:00,,PRE_TRADE_PROJECTED_EQUITY_BREACH
REJECTED,GBPUSD,SELL,2020-01-15 04:00:00+00:00,,PRE_TRADE_PROJECTED_EQUITY_BREACH
REJECTED,GBPUSD,SELL,2020-01-15 05:00:00+00:00,,PRE_TRADE_PROJECTED_EQUITY_BREACH
REJECTED,GBPUSD,SELL,2020-01-15 14:30:00+00:00,,PRE_TRADE_PROJECTED_EQUITY_BREACH
REJECTED,GBPUSD,SELL,2020-01-15 22:00:00+00:00,,PRE_TRADE_PROJECTED_EQUITY_BREACH
REJECTED,EURUSD,BUY,2020-01-16 06:00:00+00:00,,PRE_TRADE_PROJECTED_EQUITY_BREACH
REJECTED,GBPUSD,BUY,2020-01-17 01:00:00+00:00,,PRE_TRADE_PROJECTED_EQUITY_BREACH
REJECTED,EURUSD,SELL,2020-01-19 23:30:00+00:00,,PRE_TRADE_PROJECTED_EQUITY_BREACH
REJECTED,GBPUSD,SELL,2020-01-20 11:00:00+00:00,,PRE_TRADE_PROJECTED_EQUITY_BREACH
REJECTED,EURUSD,SELL,2020-01-20 20:00:00+00:00,,PRE_TRADE_PROJECTED_EQUITY_BREACH
REJECTED,GBPUSD,SELL,2020-01-20 20:30:00+00:00,,PRE_TRADE_PROJECTED_EQUITY_BREACH
REJECTED,GBPUSD,SELL,2020-01-21 03:30:00+00:00,,PRE_TRADE_PROJECTED_EQUITY_BREACH
REJECTED,GBPUSD,BUY,2020-01-21 20:30:00+00:00,,PRE_TRADE_PROJECTED_EQUITY_BREACH
REJECTED,GBPUSD,BUY,2020-01-22 18:00:00+00:00,,PRE_TRADE_PROJECTED_EQUITY_BREACH
REJECTED,EURUSD,SELL,2020-01-22 23:00:00+00:00,,PRE_TRADE_PROJECTED_EQUITY_BREACH
REJECTED,EURUSD,SELL,2020-01-23 07:00:00+00:00,,PRE_TRADE_PROJECTED_EQUITY_BREACH
REJECTED,EURUSD,SELL,2020-01-23 20:00:00+00:00,,PRE_TRADE_PROJECTED_EQUITY_BREACH
REJECTED,GBPUSD,SELL,2020-01-27 07:00:00+00:00,,PRE_TRADE_PROJECTED_EQUITY_BREACH
REJECTED,GBPUSD,BUY,2020-01-27 12:00:00+00:00,,PRE_TRADE_PROJECTED_EQUITY_BREACH
REJECTED,EURUSD,SELL,2020-01-28 19:00:00+00:00,,PRE_TRADE_PROJECTED_EQUITY_BREACH
REJECTED,GBPUSD,SELL,2020-01-28 20:00:00+00:00,,PRE_TRADE_PROJECTED_EQUITY_BREACH
REJECTED,GBPUSD,SELL,2020-01-29 19:00:00+00:00,,PRE_TRADE_PROJECTED_EQUITY_BREACH
REJECTED,EURUSD,SELL,2020-01-29 19:30:00+00:00,,PRE_TRADE_PROJECTED_EQUITY_BREACH
REJECTED,EURUSD,SELL,2020-01-29 23:00:00+00:00,,PRE_TRADE_PROJECTED_EQUITY_BREACH
REJECTED,EURUSD,SELL,2020-01-30 04:30:00+00:00,,PRE_TRADE_PROJECTED_EQUITY_BREACH
REJECTED,EURUSD,SELL,2020-01-30 15:30:00+00:00,,PRE_TRADE_PROJECTED_EQUITY_BREACH
REJECTED,GBPUSD,BUY,2020-01-30 19:00:00+00:00,,PRE_TRADE_PROJECTED_EQUITY_BREACH
REJECTED,GBPUSD,BUY,2020-01-31 10:30:00+00:00,,PRE_TRADE_PROJECTED_EQUITY_BREACH
REJECTED,EURUSD,SELL,2020-01-31 11:30:00+00:00,,PRE_TRADE_PROJECTED_EQUITY_BREACH
REJECTED,GBPUSD,BUY,2020-02-02 22:00:00+00:00,,PRE_TRADE_PROJECTED_EQUITY_BREACH
REJECTED,GBPUSD,BUY,2020-02-03 03:00:00+00:00,,PRE_TRADE_PROJECTED_EQUITY_BREACH
REJECTED,GBPUSD,BUY,2020-02-03 06:30:00+00:00,,PRE_TRADE_PROJECTED_EQUITY_BREACH
REJECTED,EURUSD,BUY,2020-02-03 07:00:00+00:00,,PRE_TRADE_PROJECTED_EQUITY_BREACH
REJECTED,EURUSD,BUY,2020-02-04 02:00:00+00:00,,PRE_TRADE_PROJECTED_EQUITY_BREACH
REJECTED,GBPUSD,SELL,2020-02-04 04:00:00+00:00,,PRE_TRADE_PROJECTED_EQUITY_BREACH
REJECTED,GBPUSD,SELL,2020-02-04 06:00:00+00:00,,PRE_TRADE_PROJECTED_EQUITY_BREACH
REJECTED,GBPUSD,SELL,2020-02-04 17:00:00+00:00,,PRE_TRADE_PROJECTED_EQUITY_BREACH
REJECTED,EURUSD,SELL,2020-02-04 21:00:00+00:00,,PRE_TRADE_PROJECTED_EQUITY_BREACH
REJECTED,EURUSD,SELL,2020-02-05 08:00:00+00:00,,PRE_TRADE_PROJECTED_EQUITY_BREACH
REJECTED,GBPUSD,SELL,2020-02-05 08:00:00+00:00,,PRE_TRADE_PROJECTED_EQUITY_BREACH
REJECTED,EURUSD,SELL,2020-02-07 02:30:00+00:00,,PRE_TRADE_PROJECTED_EQUITY_BREACH
REJECTED,GBPUSD,SELL,2020-02-07 02:30:00+00:00,,PRE_TRADE_PROJECTED_EQUITY_BREACH
REJECTED,EURUSD,SELL,2020-02-10 00:00:00+00:00,,PRE_TRADE_PROJECTED_EQUITY_BREACH
REJECTED,GBPUSD,SELL,2020-02-10 00:00:00+00:00,,PRE_TRADE_PROJECTED_EQUITY_BREACH
REJECTED,GBPUSD,SELL,2020-02-10 02:00:00+00:00,,PRE_TRADE_PROJECTED_EQUITY_BREACH
REJECTED,GBPUSD,SELL,2020-02-10 11:00:00+00:00,,PRE_TRADE_PROJECTED_EQUITY_BREACH
REJECTED,GBPUSD,SELL,2020-02-11 09:30:00+00:00,,PRE_TRADE_PROJECTED_EQUITY_BREACH
REJECTED,EURUSD,SELL,2020-02-11 10:30:00+00:00,,PRE_TRADE_PROJECTED_EQUITY_BREACH
REJECTED,GBPUSD,SELL,2020-02-11 14:00:00+00:00,,PRE_TRADE_PROJECTED_EQUITY_BREACH
REJECTED,GBPUSD,SELL,2020-02-11 19:00:00+00:00,,PRE_TRADE_PROJECTED_EQUITY_BREACH
REJECTED,GBPUSD,SELL,2020-02-12 02:30:00+00:00,,PRE_TRADE_PROJECTED_EQUITY_BREACH
REJECTED,EURUSD,SELL,2020-02-12 08:30:00+00:00,,PRE_TRADE_PROJECTED_EQUITY_BREACH
REJECTED,EURUSD,SELL,2020-02-13 07:30:00+00:00,,PRE_TRADE_PROJECTED_EQUITY_BREACH
REJECTED,GBPUSD,BUY,2020-02-13 21:30:00+00:00,,PRE_TRADE_PROJECTED_EQUITY_BREACH
REJECTED,GBPUSD,BUY,2020-02-14 13:00:00+00:00,,PRE_TRADE_PROJECTED_EQUITY_BREACH
REJECTED,GBPUSD,BUY,2020-02-17 11:00:00+00:00,,PRE_TRADE_PROJECTED_EQUITY_BREACH
REJECTED,GBPUSD,BUY,2020-02-17 19:00:00+00:00,,PRE_TRADE_PROJECTED_EQUITY_BREACH
REJECTED,EURUSD,SELL,2020-02-19 01:00:00+00:00,,PRE_TRADE_PROJECTED_EQUITY_BREACH
REJECTED,EURUSD,SELL,2020-02-19 07:30:00+00:00,,PRE_TRADE_PROJECTED_EQUITY_BREACH
REJECTED,EURUSD,SELL,2020-02-19 20:30:00+00:00,,PRE_TRADE_PROJECTED_EQUITY_BREACH
REJECTED,GBPUSD,SELL,2020-02-20 00:30:00+00:00,,PRE_TRADE_PROJECTED_EQUITY_BREACH
REJECTED,EURUSD,SELL,2020-02-20 09:00:00+00:00,,PRE_TRADE_PROJECTED_EQUITY_BREACH
REJECTED,EURUSD,SELL,2020-02-20 14:00:00+00:00,,PRE_TRADE_PROJECTED_EQUITY_BREACH
REJECTED,EURUSD,SELL,2020-02-21 01:00:00+00:00,,PRE_TRADE_PROJECTED_EQUITY_BREACH
REJECTED,GBPUSD,SELL,2020-02-21 02:00:00+00:00,,PRE_TRADE_PROJECTED_EQUITY_BREACH
REJECTED,GBPUSD,SELL,2020-02-21 03:30:00+00:00,,PRE_TRADE_PROJECTED_EQUITY_BREACH
REJECTED,EURUSD,SELL,2020-02-21 04:30:00+00:00,,PRE_TRADE_PROJECTED_EQUITY_BREACH
REJECTED,EURUSD,SELL,2020-02-21 08:00:00+00:00,,PRE_TRADE_PROJECTED_EQUITY_BREACH
REJECTED,GBPUSD,SELL,2020-02-21 09:30:00+00:00,,PRE_TRADE_PROJECTED_EQUITY_BREACH
REJECTED,EURUSD,SELL,2020-02-21 14:30:00+00:00,,PRE_TRADE_PROJECTED_EQUITY_BREACH
REJECTED,GBPUSD,SELL,2020-02-21 15:00:00+00:00,,PRE_TRADE_PROJECTED_EQUITY_BREACH
REJECTED,EURUSD,BUY,2020-02-21 21:30:00+00:00,,PRE_TRADE_PROJECTED_EQUITY_BREACH
REJECTED,EURUSD,BUY,2020-02-24 19:30:00+00:00,,PRE_TRADE_PROJECTED_EQUITY_BREACH
REJECTED,GBPUSD,SELL,2020-02-25 01:00:00+00:00,,PRE_TRADE_PROJECTED_EQUITY_BREACH
REJECTED,EURUSD,BUY,2020-02-25 05:30:00+00:00,,PRE_TRADE_PROJECTED_EQUITY_BREACH
REJECTED,EURUSD,BUY,2020-02-25 10:00:00+00:00,,PRE_TRADE_PROJECTED_EQUITY_BREACH
REJECTED,GBPUSD,BUY,2020-02-26 04:00:00+00:00,,PRE_TRADE_PROJECTED_EQUITY_BREACH
REJECTED,GBPUSD,BUY,2020-02-26 09:00:00+00:00,,PRE_TRADE_PROJECTED_EQUITY_BREACH
REJECTED,GBPUSD,SELL,2020-02-27 00:00:00+00:00,,PRE_TRADE_PROJECTED_EQUITY_BREACH
REJECTED,EURUSD,BUY,2020-02-28 01:30:00+00:00,,PRE_TRADE_PROJECTED_EQUITY_BREACH
REJECTED,GBPUSD,SELL,2020-02-28 09:30:00+00:00,,PRE_TRADE_PROJECTED_EQUITY_BREACH
REJECTED,EURUSD,BUY,2020-02-28 12:00:00+00:00,,PRE_TRADE_PROJECTED_EQUITY_BREACH
REJECTED,EURUSD,BUY,2020-02-28 13:00:00+00:00,,PRE_TRADE_PROJECTED_EQUITY_BREACH
REJECTED,GBPUSD,SELL,2020-02-28 20:00:00+00:00,,PRE_TRADE_PROJECTED_EQUITY_BREACH
REJECTED,GBPUSD,SELL,2020-03-02 03:00:00+00:00,,PRE_TRADE_PROJECTED_EQUITY_BREACH
REJECTED,EURUSD,BUY,2020-03-02 20:00:00+00:00,,PRE_TRADE_PROJECTED_EQUITY_BREACH
REJECTED,GBPUSD,SELL,2020-03-03 06:30:00+00:00,,PRE_TRADE_PROJECTED_EQUITY_BREACH
REJECTED,EURUSD,BUY,2020-03-03 07:00:00+00:00,,PRE_TRADE_PROJECTED_EQUITY_BREACH
REJECTED,GBPUSD,SELL,2020-03-03 23:00:00+00:00,,PRE_TRADE_PROJECTED_EQUITY_BREACH
REJECTED,GBPUSD,BUY,2020-03-06 17:00:00+00:00,,PRE_TRADE_PROJECTED_EQUITY_BREACH
REJECTED,EURUSD,BUY,2020-03-06 21:30:00+00:00,,PRE_TRADE_PROJECTED_EQUITY_BREACH
REJECTED,GBPUSD,BUY,2020-03-10 00:30:00+00:00,,PRE_TRADE_PROJECTED_EQUITY_BREACH
REJECTED,EURUSD,BUY,2020-03-10 05:00:00+00:00,,PRE_TRADE_PROJECTED_EQUITY_BREACH
REJECTED,GBPUSD,BUY,2020-03-10 05:30:00+00:00,,PRE_TRADE_PROJECTED_EQUITY_BREACH
REJECTED,GBPUSD,BUY,2020-03-10 11:00:00+00:00,,PRE_TRADE_PROJECTED_EQUITY_BREACH
REJECTED,GBPUSD,BUY,2020-03-10 12:30:00+00:00,,PRE_TRADE_PROJECTED_EQUITY_BREACH
REJECTED,GBPUSD,SELL,2020-03-11 03:30:00+00:00,,PRE_TRADE_PROJECTED_EQUITY_BREACH
REJECTED,GBPUSD,SELL,2020-03-11 14:00:00+00:00,,PRE_TRADE_PROJECTED_EQUITY_BREACH
REJECTED,EURUSD,BUY,2020-03-11 15:00:00+00:00,,PRE_TRADE_PROJECTED_EQUITY_BREACH
REJECTED,GBPUSD,SELL,2020-03-12 01:00:00+00:00,,PRE_TRADE_PROJECTED_EQUITY_BREACH
REJECTED,EURUSD,BUY,2020-03-12 09:30:00+00:00,,PRE_TRADE_PROJECTED_EQUITY_BREACH
REJECTED,GBPUSD,SELL,2020-03-13 08:00:00+00:00,,PRE_TRADE_PROJECTED_EQUITY_BREACH
REJECTED,EURUSD,SELL,2020-03-15 21:00:00+00:00,,PRE_TRADE_PROJECTED_EQUITY_BREACH
REJECTED,EURUSD,SELL,2020-03-16 08:00:00+00:00,,PRE_TRADE_PROJECTED_EQUITY_BREACH
REJECTED,EURUSD,SELL,2020-03-18 03:30:00+00:00,,PRE_TRADE_PROJECTED_EQUITY_BREACH
REJECTED,EURUSD,SELL,2020-03-18 05:00:00+00:00,,PRE_TRADE_PROJECTED_EQUITY_BREACH
REJECTED,EURUSD,SELL,2020-03-18 20:00:00+00:00,,PRE_TRADE_PROJECTED_EQUITY_BREACH
REJECTED,EURUSD,SELL,2020-03-19 06:00:00+00:00,,PRE_TRADE_PROJECTED_EQUITY_BREACH
REJECTED,GBPUSD,SELL,2020-03-19 06:00:00+00:00,,PRE_TRADE_PROJECTED_EQUITY_BREACH
REJECTED,GBPUSD,SELL,2020-03-19 12:30:00+00:00,,PRE_TRADE_PROJECTED_EQUITY_BREACH
REJECTED,GBPUSD,SELL,2020-03-19 14:00:00+00:00,,PRE_TRADE_PROJECTED_EQUITY_BREACH
REJECTED,GBPUSD,SELL,2020-03-20 00:00:00+00:00,,PRE_TRADE_PROJECTED_EQUITY_BREACH
REJECTED,EURUSD,SELL,2020-03-20 01:00:00+00:00,,PRE_TRADE_PROJECTED_EQUITY_BREACH
REJECTED,GBPUSD,SELL,2020-03-20 01:30:00+00:00,,PRE_TRADE_PROJECTED_EQUITY_BREACH
REJECTED,GBPUSD,SELL,2020-03-20 06:30:00+00:00,,PRE_TRADE_PROJECTED_EQUITY_BREACH
REJECTED,EURUSD,SELL,2020-03-20 07:30:00+00:00,,PRE_TRADE_PROJECTED_EQUITY_BREACH
REJECTED,EURUSD,SELL,2020-03-23 01:30:00+00:00,,PRE_TRADE_PROJECTED_EQUITY_BREACH
REJECTED,EURUSD,SELL,2020-03-23 02:30:00+00:00,,PRE_TRADE_PROJECTED_EQUITY_BREACH
REJECTED,EURUSD,SELL,2020-03-23 06:00:00+00:00,,PRE_TRADE_PROJECTED_EQUITY_BREACH
REJECTED,GBPUSD,SELL,2020-03-23 23:00:00+00:00,,PRE_TRADE_PROJECTED_EQUITY_BREACH
REJECTED,EURUSD,SELL,2020-03-24 00:30:00+00:00,,PRE_TRADE_PROJECTED_EQUITY_BREACH
REJECTED,GBPUSD,SELL,2020-03-24 01:00:00+00:00,,PRE_TRADE_PROJECTED_EQUITY_BREACH
REJECTED,EURUSD,SELL,2020-03-24 07:00:00+00:00,,PRE_TRADE_PROJECTED_EQUITY_BREACH
REJECTED,EURUSD,SELL,2020-03-24 10:00:00+00:00,,PRE_TRADE_PROJECTED_EQUITY_BREACH
REJECTED,GBPUSD,SELL,2020-03-24 10:00:00+00:00,,PRE_TRADE_PROJECTED_EQUITY_BREACH
REJECTED,EURUSD,SELL,2020-03-24 22:00:00+00:00,,PRE_TRADE_PROJECTED_EQUITY_BREACH
REJECTED,GBPUSD,SELL,2020-03-24 22:00:00+00:00,,PRE_TRADE_PROJECTED_EQUITY_BREACH
REJECTED,GBPUSD,SELL,2020-03-24 23:30:00+00:00,,PRE_TRADE_PROJECTED_EQUITY_BREACH
REJECTED,EURUSD,SELL,2020-03-25 02:30:00+00:00,,PRE_TRADE_PROJECTED_EQUITY_BREACH
REJECTED,GBPUSD,SELL,2020-03-25 05:30:00+00:00,,PRE_TRADE_PROJECTED_EQUITY_BREACH
REJECTED,GBPUSD,SELL,2020-03-25 08:30:00+00:00,,PRE_TRADE_PROJECTED_EQUITY_BREACH
REJECTED,EURUSD,SELL,2020-03-25 17:00:00+00:00,,PRE_TRADE_PROJECTED_EQUITY_BREACH
REJECTED,EURUSD,BUY,2020-03-27 07:30:00+00:00,,PRE_TRADE_PROJECTED_EQUITY_BREACH
REJECTED,GBPUSD,BUY,2020-03-27 08:00:00+00:00,,PRE_TRADE_PROJECTED_EQUITY_BREACH
REJECTED,EURUSD,BUY,2020-03-27 13:00:00+00:00,,PRE_TRADE_PROJECTED_EQUITY_BREACH
REJECTED,GBPUSD,BUY,2020-03-29 23:00:00+00:00,,PRE_TRADE_PROJECTED_EQUITY_BREACH
REJECTED,EURUSD,BUY,2020-03-30 04:00:00+00:00,,PRE_TRADE_PROJECTED_EQUITY_BREACH
REJECTED,GBPUSD,BUY,2020-03-30 04:00:00+00:00,,PRE_TRADE_PROJECTED_EQUITY_BREACH
REJECTED,EURUSD,BUY,2020-03-31 07:30:00+00:00,,PRE_TRADE_PROJECTED_EQUITY_BREACH
REJECTED,GBPUSD,BUY,2020-03-31 07:30:00+00:00,,PRE_TRADE_PROJECTED_EQUITY_BREACH
REJECTED,EURUSD,BUY,2020-03-31 09:30:00+00:00,,PRE_TRADE_PROJECTED_EQUITY_BREACH
REJECTED,EURUSD,BUY,2020-04-01 07:30:00+00:00,,PRE_TRADE_PROJECTED_EQUITY_BREACH
REJECTED,GBPUSD,BUY,2020-04-01 08:00:00+00:00,,PRE_TRADE_PROJECTED_EQUITY_BREACH
REJECTED,EURUSD,SELL,2020-04-01 20:00:00+00:00,,PRE_TRADE_PROJECTED_EQUITY_BREACH
REJECTED,EURUSD,SELL,2020-04-02 07:00:00+00:00,,PRE_TRADE_PROJECTED_EQUITY_BREACH
REJECTED,GBPUSD,BUY,2020-04-02 14:30:00+00:00,,PRE_TRADE_PROJECTED_EQUITY_BREACH
REJECTED,GBPUSD,BUY,2020-04-03 10:00:00+00:00,,PRE_TRADE_PROJECTED_EQUITY_BREACH
REJECTED,EURUSD,SELL,2020-04-03 19:00:00+00:00,,PRE_TRADE_PROJECTED_EQUITY_BREACH
REJECTED,GBPUSD,BUY,2020-04-06 20:00:00+00:00,,PRE_TRADE_PROJECTED_EQUITY_BREACH
REJECTED,EURUSD,SELL,2020-04-07 04:00:00+00:00,,PRE_TRADE_PROJECTED_EQUITY_BREACH
REJECTED,EURUSD,SELL,2020-04-07 05:30:00+00:00,,PRE_TRADE_PROJECTED_EQUITY_BREACH
REJECTED,GBPUSD,BUY,2020-04-08 20:30:00+00:00,,PRE_TRADE_PROJECTED_EQUITY_BREACH
REJECTED,EURUSD,SELL,2020-04-09 01:00:00+00:00,,PRE_TRADE_PROJECTED_EQUITY_BREACH
REJECTED,GBPUSD,BUY,2020-04-09 06:00:00+00:00,,PRE_TRADE_PROJECTED_EQUITY_BREACH
REJECTED,EURUSD,BUY,2020-04-10 12:30:00+00:00,,PRE_TRADE_PROJECTED_EQUITY_BREACH
REJECTED,EURUSD,BUY,2020-04-10 18:30:00+00:00,,PRE_TRADE_PROJECTED_EQUITY_BREACH
REJECTED,EURUSD,BUY,2020-04-14 07:00:00+00:00,,PRE_TRADE_PROJECTED_EQUITY_BREACH
REJECTED,GBPUSD,BUY,2020-04-14 07:00:00+00:00,,PRE_TRADE_PROJECTED_EQUITY_BREACH
REJECTED,EURUSD,BUY,2020-04-15 05:00:00+00:00,,PRE_TRADE_PROJECTED_EQUITY_BREACH
REJECTED,GBPUSD,BUY,2020-04-15 06:00:00+00:00,,PRE_TRADE_PROJECTED_EQUITY_BREACH
REJECTED,EURUSD,BUY,2020-04-15 06:30:00+00:00,,PRE_TRADE_PROJECTED_EQUITY_BREACH
REJECTED,EURUSD,BUY,2020-04-15 07:30:00+00:00,,PRE_TRADE_PROJECTED_EQUITY_BREACH
REJECTED,GBPUSD,BUY,2020-04-15 12:30:00+00:00,,PRE_TRADE_PROJECTED_EQUITY_BREACH
REJECTED,EURUSD,SELL,2020-04-15 19:00:00+00:00,,PRE_TRADE_PROJECTED_EQUITY_BREACH
REJECTED,GBPUSD,BUY,2020-04-16 01:00:00+00:00,,PRE_TRADE_PROJECTED_EQUITY_BREACH
REJECTED,GBPUSD,BUY,2020-04-16 10:00:00+00:00,,PRE_TRADE_PROJECTED_EQUITY_BREACH
REJECTED,EURUSD,SELL,2020-04-17 02:00:00+00:00,,PRE_TRADE_PROJECTED_EQUITY_BREACH
REJECTED,GBPUSD,BUY,2020-04-17 07:00:00+00:00,,PRE_TRADE_PROJECTED_EQUITY_BREACH
REJECTED,EURUSD,SELL,2020-04-17 12:30:00+00:00,,PRE_TRADE_PROJECTED_EQUITY_BREACH
REJECTED,GBPUSD,BUY,2020-04-20 01:00:00+00:00,,PRE_TRADE_PROJECTED_EQUITY_BREACH
REJECTED,EURUSD,SELL,2020-04-20 15:00:00+00:00,,PRE_TRADE_PROJECTED_EQUITY_BREACH
REJECTED,GBPUSD,SELL,2020-04-21 07:00:00+00:00,,PRE_TRADE_PROJECTED_EQUITY_BREACH
REJECTED,GBPUSD,SELL,2020-04-21 19:00:00+00:00,,PRE_TRADE_PROJECTED_EQUITY_BREACH
REJECTED,EURUSD,SELL,2020-04-22 07:00:00+00:00,,PRE_TRADE_PROJECTED_EQUITY_BREACH
REJECTED,GBPUSD,SELL,2020-04-22 07:00:00+00:00,,PRE_TRADE_PROJECTED_EQUITY_BREACH
REJECTED,EURUSD,SELL,2020-04-22 12:30:00+00:00,,PRE_TRADE_PROJECTED_EQUITY_BREACH
REJECTED,GBPUSD,SELL,2020-04-22 21:00:00+00:00,,PRE_TRADE_PROJECTED_EQUITY_BREACH
REJECTED,EURUSD,SELL,2020-04-23 06:00:00+00:00,,PRE_TRADE_PROJECTED_EQUITY_BREACH
REJECTED,GBPUSD,SELL,2020-04-23 06:00:00+00:00,,PRE_TRADE_PROJECTED_EQUITY_BREACH
REJECTED,EURUSD,SELL,2020-04-23 15:00:00+00:00,,PRE_TRADE_PROJECTED_EQUITY_BREACH
REJECTED,GBPUSD,SELL,2020-04-23 15:00:00+00:00,,PRE_TRADE_PROJECTED_EQUITY_BREACH
REJECTED,EURUSD,SELL,2020-04-24 11:00:00+00:00,,PRE_TRADE_PROJECTED_EQUITY_BREACH
REJECTED,GBPUSD,SELL,2020-04-24 11:30:00+00:00,,PRE_TRADE_PROJECTED_EQUITY_BREACH
REJECTED,GBPUSD,SELL,2020-04-24 18:30:00+00:00,,PRE_TRADE_PROJECTED_EQUITY_BREACH
REJECTED,EURUSD,SELL,2020-04-24 20:00:00+00:00,,PRE_TRADE_PROJECTED_EQUITY_BREACH
REJECTED,EURUSD,SELL,2020-04-27 05:30:00+00:00,,PRE_TRADE_PROJECTED_EQUITY_BREACH
REJECTED,EURUSD,BUY,2020-04-28 14:30:00+00:00,,PRE_TRADE_PROJECTED_EQUITY_BREACH
REJECTED,GBPUSD,BUY,2020-04-28 14:30:00+00:00,,PRE_TRADE_PROJECTED_EQUITY_BREACH
REJECTED,GBPUSD,BUY,2020-04-28 21:30:00+00:00,,PRE_TRADE_PROJECTED_EQUITY_BREACH
REJECTED,EURUSD,SELL,2020-04-29 00:30:00+00:00,,PRE_TRADE_PROJECTED_EQUITY_BREACH
REJECTED,GBPUSD,BUY,2020-04-29 09:30:00+00:00,,PRE_TRADE_PROJECTED_EQUITY_BREACH
REJECTED,EURUSD,BUY,2020-04-29 12:30:00+00:00,,PRE_TRADE_PROJECTED_EQUITY_BREACH
REJECTED,GBPUSD,BUY,2020-04-30 01:00:00+00:00,,PRE_TRADE_PROJECTED_EQUITY_BREACH
REJECTED,EURUSD,BUY,2020-04-30 01:30:00+00:00,,PRE_TRADE_PROJECTED_EQUITY_BREACH
REJECTED,GBPUSD,BUY,2020-04-30 08:00:00+00:00,,PRE_TRADE_PROJECTED_EQUITY_BREACH
REJECTED,EURUSD,BUY,2020-05-01 00:00:00+00:00,,PRE_TRADE_PROJECTED_EQUITY_BREACH
REJECTED,GBPUSD,BUY,2020-05-01 13:00:00+00:00,,PRE_TRADE_PROJECTED_EQUITY_BREACH
REJECTED,EURUSD,BUY,2020-05-01 19:30:00+00:00,,PRE_TRADE_PROJECTED_EQUITY_BREACH
REJECTED,GBPUSD,BUY,2020-05-03 23:00:00+00:00,,PRE_TRADE_PROJECTED_EQUITY_BREACH
REJECTED,EURUSD,BUY,2020-05-03 23:30:00+00:00,,PRE_TRADE_PROJECTED_EQUITY_BREACH
REJECTED,EURUSD,BUY,2020-05-04 05:00:00+00:00,,PRE_TRADE_PROJECTED_EQUITY_BREACH
REJECTED,EURUSD,BUY,2020-05-04 15:00:00+00:00,,PRE_TRADE_PROJECTED_EQUITY_BREACH
REJECTED,GBPUSD,SELL,2020-05-04 18:30:00+00:00,,PRE_TRADE_PROJECTED_EQUITY_BREACH
REJECTED,GBPUSD,SELL,2020-05-05 01:00:00+00:00,,PRE_TRADE_PROJECTED_EQUITY_BREACH
REJECTED,GBPUSD,BUY,2020-05-05 08:00:00+00:00,,PRE_TRADE_PROJECTED_EQUITY_BREACH
REJECTED,EURUSD,SELL,2020-05-05 19:00:00+00:00,,PRE_TRADE_PROJECTED_EQUITY_BREACH
REJECTED,GBPUSD,SELL,2020-05-07 07:00:00+00:00,,PRE_TRADE_PROJECTED_EQUITY_BREACH
REJECTED,EURUSD,SELL,2020-05-07 18:30:00+00:00,,PRE_TRADE_PROJECTED_EQUITY_BREACH
REJECTED,GBPUSD,SELL,2020-05-07 18:30:00+00:00,,PRE_TRADE_PROJECTED_EQUITY_BREACH
REJECTED,GBPUSD,SELL,2020-05-08 01:30:00+00:00,,PRE_TRADE_PROJECTED_EQUITY_BREACH
REJECTED,GBPUSD,SELL,2020-05-08 02:30:00+00:00,,PRE_TRADE_PROJECTED_EQUITY_BREACH
REJECTED,EURUSD,SELL,2020-05-12 04:30:00+00:00,,PRE_TRADE_PROJECTED_EQUITY_BREACH
REJECTED,GBPUSD,SELL,2020-05-12 04:30:00+00:00,,PRE_TRADE_PROJECTED_EQUITY_BREACH
REJECTED,EURUSD,SELL,2020-05-12 11:00:00+00:00,,PRE_TRADE_PROJECTED_EQUITY_BREACH
REJECTED,GBPUSD,SELL,2020-05-13 07:00:00+00:00,,PRE_TRADE_PROJECTED_EQUITY_BREACH
REJECTED,GBPUSD,SELL,2020-05-13 10:30:00+00:00,,PRE_TRADE_PROJECTED_EQUITY_BREACH
REJECTED,GBPUSD,SELL,2020-05-13 12:30:00+00:00,,PRE_TRADE_PROJECTED_EQUITY_BREACH
REJECTED,GBPUSD,SELL,2020-05-14 20:00:00+00:00,,PRE_TRADE_PROJECTED_EQUITY_BREACH
REJECTED,EURUSD,SELL,2020-05-14 20:30:00+00:00,,PRE_TRADE_PROJECTED_EQUITY_BREACH
REJECTED,EURUSD,SELL,2020-05-14 21:30:00+00:00,,PRE_TRADE_PROJECTED_EQUITY_BREACH
REJECTED,EURUSD,SELL,2020-05-15 14:00:00+00:00,,PRE_TRADE_PROJECTED_EQUITY_BREACH
REJECTED,GBPUSD,SELL,2020-05-18 02:30:00+00:00,,PRE_TRADE_PROJECTED_EQUITY_BREACH
REJECTED,GBPUSD,SELL,2020-05-18 09:00:00+00:00,,PRE_TRADE_PROJECTED_EQUITY_BREACH
REJECTED,EURUSD,SELL,2020-05-18 12:30:00+00:00,,PRE_TRADE_PROJECTED_EQUITY_BREACH
REJECTED,GBPUSD,SELL,2020-05-18 13:00:00+00:00,,PRE_TRADE_PROJECTED_EQUITY_BREACH
REJECTED,EURUSD,BUY,2020-05-19 03:30:00+00:00,,PRE_TRADE_PROJECTED_EQUITY_BREACH
REJECTED,GBPUSD,SELL,2020-05-19 07:00:00+00:00,,PRE_TRADE_PROJECTED_EQUITY_BREACH
REJECTED,EURUSD,BUY,2020-05-21 01:00:00+00:00,,PRE_TRADE_PROJECTED_EQUITY_BREACH
REJECTED,EURUSD,BUY,2020-05-21 15:30:00+00:00,,PRE_TRADE_PROJECTED_EQUITY_BREACH
REJECTED,EURUSD,BUY,2020-05-22 06:00:00+00:00,,PRE_TRADE_PROJECTED_EQUITY_BREACH
REJECTED,EURUSD,BUY,2020-05-22 08:30:00+00:00,,PRE_TRADE_PROJECTED_EQUITY_BREACH
REJECTED,GBPUSD,SELL,2020-05-24 23:30:00+00:00,,PRE_TRADE_PROJECTED_EQUITY_BREACH
REJECTED,EURUSD,SELL,2020-05-25 10:00:00+00:00,,PRE_TRADE_PROJECTED_EQUITY_BREACH
REJECTED,GBPUSD,SELL,2020-05-26 05:30:00+00:00,,PRE_TRADE_PROJECTED_EQUITY_BREACH
REJECTED,GBPUSD,SELL,2020-05-26 07:00:00+00:00,,PRE_TRADE_PROJECTED_EQUITY_BREACH
REJECTED,GBPUSD,BUY,2020-05-27 01:00:00+00:00,,PRE_TRADE_PROJECTED_EQUITY_BREACH
REJECTED,EURUSD,BUY,2020-05-27 01:30:00+00:00,,PRE_TRADE_PROJECTED_EQUITY_BREACH
REJECTED,GBPUSD,BUY,2020-05-27 13:00:00+00:00,,PRE_TRADE_PROJECTED_EQUITY_BREACH
REJECTED,EURUSD,BUY,2020-05-27 14:30:00+00:00,,PRE_TRADE_PROJECTED_EQUITY_BREACH
REJECTED,GBPUSD,BUY,2020-05-28 04:30:00+00:00,,PRE_TRADE_PROJECTED_EQUITY_BREACH
REJECTED,EURUSD,BUY,2020-05-28 05:00:00+00:00,,PRE_TRADE_PROJECTED_EQUITY_BREACH
REJECTED,EURUSD,BUY,2020-05-28 09:00:00+00:00,,PRE_TRADE_PROJECTED_EQUITY_BREACH
REJECTED,GBPUSD,BUY,2020-05-29 09:00:00+00:00,,PRE_TRADE_PROJECTED_EQUITY_BREACH
REJECTED,EURUSD,BUY,2020-05-29 17:00:00+00:00,,PRE_TRADE_PROJECTED_EQUITY_BREACH
REJECTED,GBPUSD,BUY,2020-05-29 17:00:00+00:00,,PRE_TRADE_PROJECTED_EQUITY_BREACH
REJECTED,EURUSD,BUY,2020-06-01 11:30:00+00:00,,PRE_TRADE_PROJECTED_EQUITY_BREACH
REJECTED,GBPUSD,BUY,2020-06-01 12:00:00+00:00,,PRE_TRADE_PROJECTED_EQUITY_BREACH
REJECTED,EURUSD,BUY,2020-06-03 12:00:00+00:00,,PRE_TRADE_PROJECTED_EQUITY_BREACH
REJECTED,GBPUSD,BUY,2020-06-04 01:00:00+00:00,,PRE_TRADE_PROJECTED_EQUITY_BREACH
REJECTED,EURUSD,BUY,2020-06-04 02:00:00+00:00,,PRE_TRADE_PROJECTED_EQUITY_BREACH
REJECTED,GBPUSD,BUY,2020-06-04 08:00:00+00:00,,PRE_TRADE_PROJECTED_EQUITY_BREACH
REJECTED,EURUSD,BUY,2020-06-05 09:30:00+00:00,,PRE_TRADE_PROJECTED_EQUITY_BREACH
REJECTED,EURUSD,BUY,2020-06-05 13:30:00+00:00,,PRE_TRADE_PROJECTED_EQUITY_BREACH
REJECTED,GBPUSD,BUY,2020-06-05 18:30:00+00:00,,PRE_TRADE_PROJECTED_EQUITY_BREACH
REJECTED,GBPUSD,BUY,2020-06-08 08:30:00+00:00,,PRE_TRADE_PROJECTED_EQUITY_BREACH
REJECTED,EURUSD,BUY,2020-06-08 11:30:00+00:00,,PRE_TRADE_PROJECTED_EQUITY_BREACH
REJECTED,GBPUSD,BUY,2020-06-08 11:30:00+00:00,,PRE_TRADE_PROJECTED_EQUITY_BREACH
REJECTED,GBPUSD,BUY,2020-06-09 05:30:00+00:00,,PRE_TRADE_PROJECTED_EQUITY_BREACH
REJECTED,EURUSD,BUY,2020-06-09 08:00:00+00:00,,PRE_TRADE_PROJECTED_EQUITY_BREACH
REJECTED,GBPUSD,BUY,2020-06-09 08:00:00+00:00,,PRE_TRADE_PROJECTED_EQUITY_BREACH
REJECTED,EURUSD,BUY,2020-06-09 09:00:00+00:00,,PRE_TRADE_PROJECTED_EQUITY_BREACH
REJECTED,GBPUSD,BUY,2020-06-09 20:30:00+00:00,,PRE_TRADE_PROJECTED_EQUITY_BREACH
REJECTED,GBPUSD,BUY,2020-06-10 00:30:00+00:00,,PRE_TRADE_PROJECTED_EQUITY_BREACH
REJECTED,GBPUSD,BUY,2020-06-11 00:30:00+00:00,,PRE_TRADE_PROJECTED_EQUITY_BREACH
REJECTED,GBPUSD,BUY,2020-06-11 04:00:00+00:00,,PRE_TRADE_PROJECTED_EQUITY_BREACH
REJECTED,EURUSD,BUY,2020-06-11 04:30:00+00:00,,PRE_TRADE_PROJECTED_EQUITY_BREACH
REJECTED,EURUSD,BUY,2020-06-11 12:00:00+00:00,,PRE_TRADE_PROJECTED_EQUITY_BREACH
REJECTED,GBPUSD,BUY,2020-06-11 12:00:00+00:00,,PRE_TRADE_PROJECTED_EQUITY_BREACH
REJECTED,EURUSD,BUY,2020-06-11 17:30:00+00:00,,PRE_TRADE_PROJECTED_EQUITY_BREACH
REJECTED,GBPUSD,BUY,2020-06-11 18:00:00+00:00,,PRE_TRADE_PROJECTED_EQUITY_BREACH
REJECTED,EURUSD,BUY,2020-06-11 20:30:00+00:00,,PRE_TRADE_PROJECTED_EQUITY_BREACH
REJECTED,GBPUSD,SELL,2020-06-12 06:30:00+00:00,,PRE_TRADE_PROJECTED_EQUITY_BREACH
REJECTED,EURUSD,SELL,2020-06-12 20:30:00+00:00,,PRE_TRADE_PROJECTED_EQUITY_BREACH
REJECTED,GBPUSD,SELL,2020-06-12 20:30:00+00:00,,PRE_TRADE_PROJECTED_EQUITY_BREACH
REJECTED,GBPUSD,SELL,2020-06-15 09:00:00+00:00,,PRE_TRADE_PROJECTED_EQUITY_BREACH
REJECTED,EURUSD,SELL,2020-06-15 09:30:00+00:00,,PRE_TRADE_PROJECTED_EQUITY_BREACH
REJECTED,GBPUSD,SELL,2020-06-15 19:00:00+00:00,,PRE_TRADE_PROJECTED_EQUITY_BREACH
REJECTED,GBPUSD,BUY,2020-06-16 08:00:00+00:00,,PRE_TRADE_PROJECTED_EQUITY_BREACH
REJECTED,EURUSD,BUY,2020-06-16 12:30:00+00:00,,PRE_TRADE_PROJECTED_EQUITY_BREACH
REJECTED,EURUSD,BUY,2020-06-16 14:00:00+00:00,,PRE_TRADE_PROJECTED_EQUITY_BREACH
REJECTED,EURUSD,SELL,2020-06-17 07:00:00+00:00,,PRE_TRADE_PROJECTED_EQUITY_BREACH
REJECTED,EURUSD,SELL,2020-06-17 23:00:00+00:00,,PRE_TRADE_PROJECTED_EQUITY_BREACH
REJECTED,EURUSD,SELL,2020-06-19 03:30:00+00:00,,PRE_TRADE_PROJECTED_EQUITY_BREACH
REJECTED,GBPUSD,SELL,2020-06-19 03:30:00+00:00,,PRE_TRADE_PROJECTED_EQUITY_BREACH
REJECTED,EURUSD,SELL,2020-06-19 13:30:00+00:00,,PRE_TRADE_PROJECTED_EQUITY_BREACH
REJECTED,GBPUSD,SELL,2020-06-22 02:00:00+00:00,,PRE_TRADE_PROJECTED_EQUITY_BREACH
REJECTED,EURUSD,SELL,2020-06-22 03:00:00+00:00,,PRE_TRADE_PROJECTED_EQUITY_BREACH
REJECTED,GBPUSD,SELL,2020-06-22 03:00:00+00:00,,PRE_TRADE_PROJECTED_EQUITY_BREACH
REJECTED,GBPUSD,SELL,2020-06-22 06:00:00+00:00,,PRE_TRADE_PROJECTED_EQUITY_BREACH
REJECTED,GBPUSD,SELL,2020-06-22 08:30:00+00:00,,PRE_TRADE_PROJECTED_EQUITY_BREACH
REJECTED,GBPUSD,SELL,2020-06-22 14:30:00+00:00,,PRE_TRADE_PROJECTED_EQUITY_BREACH
REJECTED,GBPUSD,SELL,2020-06-22 17:30:00+00:00,,PRE_TRADE_PROJECTED_EQUITY_BREACH
REJECTED,GBPUSD,SELL,2020-06-22 23:30:00+00:00,,PRE_TRADE_PROJECTED_EQUITY_BREACH
REJECTED,EURUSD,BUY,2020-06-23 02:00:00+00:00,,PRE_TRADE_PROJECTED_EQUITY_BREACH
REJECTED,GBPUSD,SELL,2020-06-23 13:30:00+00:00,,PRE_TRADE_PROJECTED_EQUITY_BREACH
REJECTED,EURUSD,BUY,2020-06-23 20:30:00+00:00,,PRE_TRADE_PROJECTED_EQUITY_BREACH
REJECTED,GBPUSD,BUY,2020-06-24 04:30:00+00:00,,PRE_TRADE_PROJECTED_EQUITY_BREACH
REJECTED,EURUSD,BUY,2020-06-24 14:00:00+00:00,,PRE_TRADE_PROJECTED_EQUITY_BREACH
REJECTED,GBPUSD,SELL,2020-06-25 09:30:00+00:00,,PRE_TRADE_PROJECTED_EQUITY_BREACH
REJECTED,EURUSD,SELL,2020-06-25 15:00:00+00:00,,PRE_TRADE_PROJECTED_EQUITY_BREACH
REJECTED,GBPUSD,SELL,2020-06-26 00:00:00+00:00,,PRE_TRADE_PROJECTED_EQUITY_BREACH
REJECTED,GBPUSD,SELL,2020-06-26 04:30:00+00:00,,PRE_TRADE_PROJECTED_EQUITY_BREACH
REJECTED,EURUSD,SELL,2020-06-26 09:30:00+00:00,,PRE_TRADE_PROJECTED_EQUITY_BREACH
REJECTED,EURUSD,SELL,2020-06-26 18:00:00+00:00,,PRE_TRADE_PROJECTED_EQUITY_BREACH
REJECTED,EURUSD,SELL,2020-06-29 02:00:00+00:00,,PRE_TRADE_PROJECTED_EQUITY_BREACH
REJECTED,GBPUSD,SELL,2020-06-29 02:00:00+00:00,,PRE_TRADE_PROJECTED_EQUITY_BREACH
REJECTED,GBPUSD,SELL,2020-06-29 03:00:00+00:00,,PRE_TRADE_PROJECTED_EQUITY_BREACH
REJECTED,EURUSD,SELL,2020-06-29 06:00:00+00:00,,PRE_TRADE_PROJECTED_EQUITY_BREACH
REJECTED,EURUSD,BUY,2020-06-29 15:00:00+00:00,,PRE_TRADE_PROJECTED_EQUITY_BREACH
REJECTED,GBPUSD,SELL,2020-06-29 21:30:00+00:00,,PRE_TRADE_PROJECTED_EQUITY_BREACH
REJECTED,GBPUSD,SELL,2020-06-29 23:30:00+00:00,,PRE_TRADE_PROJECTED_EQUITY_BREACH
REJECTED,GBPUSD,SELL,2020-06-30 14:00:00+00:00,,PRE_TRADE_PROJECTED_EQUITY_BREACH
REJECTED,GBPUSD,SELL,2020-06-30 15:30:00+00:00,,PRE_TRADE_PROJECTED_EQUITY_BREACH
REJECTED,EURUSD,SELL,2020-07-01 14:30:00+00:00,,PRE_TRADE_PROJECTED_EQUITY_BREACH
REJECTED,GBPUSD,BUY,2020-07-02 00:30:00+00:00,,PRE_TRADE_PROJECTED_EQUITY_BREACH
REJECTED,EURUSD,BUY,2020-07-02 01:00:00+00:00,,PRE_TRADE_PROJECTED_EQUITY_BREACH
REJECTED,EURUSD,SELL,2020-07-02 21:00:00+00:00,,PRE_TRADE_PROJECTED_EQUITY_BREACH
REJECTED,EURUSD,SELL,2020-07-03 02:00:00+00:00,,PRE_TRADE_PROJECTED_EQUITY_BREACH
REJECTED,EURUSD,SELL,2020-07-03 15:00:00+00:00,,PRE_TRADE_PROJECTED_EQUITY_BREACH
REJECTED,GBPUSD,BUY,2020-07-06 15:00:00+00:00,,PRE_TRADE_PROJECTED_EQUITY_BREACH
REJECTED,EURUSD,BUY,2020-07-07 07:30:00+00:00,,PRE_TRADE_PROJECTED_EQUITY_BREACH
REJECTED,GBPUSD,BUY,2020-07-07 07:30:00+00:00,,PRE_TRADE_PROJECTED_EQUITY_BREACH
REJECTED,EURUSD,BUY,2020-07-07 20:30:00+00:00,,PRE_TRADE_PROJECTED_EQUITY_BREACH
REJECTED,GBPUSD,BUY,2020-07-07 20:30:00+00:00,,PRE_TRADE_PROJECTED_EQUITY_BREACH
REJECTED,GBPUSD,BUY,2020-07-08 10:00:00+00:00,,PRE_TRADE_PROJECTED_EQUITY_BREACH
REJECTED,EURUSD,BUY,2020-07-08 21:30:00+00:00,,PRE_TRADE_PROJECTED_EQUITY_BREACH
REJECTED,EURUSD,BUY,2020-07-09 08:00:00+00:00,,PRE_TRADE_PROJECTED_EQUITY_BREACH
REJECTED,EURUSD,BUY,2020-07-09 09:30:00+00:00,,PRE_TRADE_PROJECTED_EQUITY_BREACH
REJECTED,EURUSD,BUY,2020-07-09 15:30:00+00:00,,PRE_TRADE_PROJECTED_EQUITY_BREACH
REJECTED,GBPUSD,BUY,2020-07-09 15:30:00+00:00,,PRE_TRADE_PROJECTED_EQUITY_BREACH
REJECTED,GBPUSD,BUY,2020-07-10 01:30:00+00:00,,PRE_TRADE_PROJECTED_EQUITY_BREACH
REJECTED,EURUSD,SELL,2020-07-10 09:00:00+00:00,,PRE_TRADE_PROJECTED_EQUITY_BREACH
REJECTED,GBPUSD,BUY,2020-07-13 09:00:00+00:00,,PRE_TRADE_PROJECTED_EQUITY_BREACH
REJECTED,GBPUSD,BUY,2020-07-13 10:00:00+00:00,,PRE_TRADE_PROJECTED_EQUITY_BREACH
REJECTED,GBPUSD,BUY,2020-07-13 18:30:00+00:00,,PRE_TRADE_PROJECTED_EQUITY_BREACH
REJECTED,EURUSD,BUY,2020-07-13 20:00:00+00:00,,PRE_TRADE_PROJECTED_EQUITY_BREACH
REJECTED,EURUSD,BUY,2020-07-13 21:00:00+00:00,,PRE_TRADE_PROJECTED_EQUITY_BREACH
REJECTED,GBPUSD,SELL,2020-07-14 18:00:00+00:00,,PRE_TRADE_PROJECTED_EQUITY_BREACH
REJECTED,EURUSD,BUY,2020-07-15 04:00:00+00:00,,PRE_TRADE_PROJECTED_EQUITY_BREACH
REJECTED,GBPUSD,BUY,2020-07-16 01:30:00+00:00,,PRE_TRADE_PROJECTED_EQUITY_BREACH
REJECTED,EURUSD,BUY,2020-07-16 03:00:00+00:00,,PRE_TRADE_PROJECTED_EQUITY_BREACH
REJECTED,GBPUSD,BUY,2020-07-16 03:00:00+00:00,,PRE_TRADE_PROJECTED_EQUITY_BREACH
REJECTED,GBPUSD,SELL,2020-07-16 13:00:00+00:00,,PRE_TRADE_PROJECTED_EQUITY_BREACH
REJECTED,EURUSD,BUY,2020-07-16 18:00:00+00:00,,PRE_TRADE_PROJECTED_EQUITY_BREACH
REJECTED,GBPUSD,SELL,2020-07-17 01:00:00+00:00,,PRE_TRADE_PROJECTED_EQUITY_BREACH
REJECTED,GBPUSD,SELL,2020-07-17 17:30:00+00:00,,PRE_TRADE_PROJECTED_EQUITY_BREACH
REJECTED,EURUSD,BUY,2020-07-19 22:00:00+00:00,,PRE_TRADE_PROJECTED_EQUITY_BREACH
REJECTED,GBPUSD,SELL,2020-07-20 06:00:00+00:00,,PRE_TRADE_PROJECTED_EQUITY_BREACH
REJECTED,EURUSD,BUY,2020-07-20 13:30:00+00:00,,PRE_TRADE_PROJECTED_EQUITY_BREACH
REJECTED,GBPUSD,BUY,2020-07-21 22:00:00+00:00,,PRE_TRADE_PROJECTED_EQUITY_BREACH
REJECTED,GBPUSD,BUY,2020-07-22 05:30:00+00:00,,PRE_TRADE_PROJECTED_EQUITY_BREACH
REJECTED,EURUSD,BUY,2020-07-22 07:00:00+00:00,,PRE_TRADE_PROJECTED_EQUITY_BREACH
REJECTED,GBPUSD,BUY,2020-07-22 08:00:00+00:00,,PRE_TRADE_PROJECTED_EQUITY_BREACH
REJECTED,EURUSD,BUY,2020-07-22 18:30:00+00:00,,PRE_TRADE_PROJECTED_EQUITY_BREACH
REJECTED,EURUSD,BUY,2020-07-23 12:30:00+00:00,,PRE_TRADE_PROJECTED_EQUITY_BREACH
REJECTED,GBPUSD,BUY,2020-07-23 12:30:00+00:00,,PRE_TRADE_PROJECTED_EQUITY_BREACH
REJECTED,EURUSD,BUY,2020-07-24 05:00:00+00:00,,PRE_TRADE_PROJECTED_EQUITY_BREACH
REJECTED,GBPUSD,BUY,2020-07-24 05:00:00+00:00,,PRE_TRADE_PROJECTED_EQUITY_BREACH
REJECTED,GBPUSD,BUY,2020-07-27 07:00:00+00:00,,PRE_TRADE_PROJECTED_EQUITY_BREACH
REJECTED,EURUSD,BUY,2020-07-28 04:00:00+00:00,,PRE_TRADE_PROJECTED_EQUITY_BREACH
REJECTED,EURUSD,BUY,2020-07-28 09:00:00+00:00,,PRE_TRADE_PROJECTED_EQUITY_BREACH
REJECTED,EURUSD,BUY,2020-07-29 12:00:00+00:00,,PRE_TRADE_PROJECTED_EQUITY_BREACH
REJECTED,EURUSD,BUY,2020-07-30 00:30:00+00:00,,PRE_TRADE_PROJECTED_EQUITY_BREACH
REJECTED,GBPUSD,BUY,2020-07-30 06:00:00+00:00,,PRE_TRADE_PROJECTED_EQUITY_BREACH
REJECTED,EURUSD,BUY,2020-07-30 06:30:00+00:00,,PRE_TRADE_PROJECTED_EQUITY_BREACH
REJECTED,EURUSD,BUY,2020-07-30 09:30:00+00:00,,PRE_TRADE_PROJECTED_EQUITY_BREACH
REJECTED,EURUSD,BUY,2020-07-31 09:30:00+00:00,,PRE_TRADE_PROJECTED_EQUITY_BREACH
REJECTED,EURUSD,BUY,2020-07-31 17:00:00+00:00,,PRE_TRADE_PROJECTED_EQUITY_BREACH
REJECTED,GBPUSD,BUY,2020-07-31 21:00:00+00:00,,PRE_TRADE_PROJECTED_EQUITY_BREACH
REJECTED,EURUSD,BUY,2020-07-31 21:30:00+00:00,,PRE_TRADE_PROJECTED_EQUITY_BREACH
REJECTED,EURUSD,BUY,2020-08-03 01:00:00+00:00,,PRE_TRADE_PROJECTED_EQUITY_BREACH
REJECTED,EURUSD,BUY,2020-08-03 11:00:00+00:00,,PRE_TRADE_PROJECTED_EQUITY_BREACH
REJECTED,GBPUSD,BUY,2020-08-03 11:00:00+00:00,,PRE_TRADE_PROJECTED_EQUITY_BREACH
REJECTED,GBPUSD,BUY,2020-08-04 11:30:00+00:00,,PRE_TRADE_PROJECTED_EQUITY_BREACH
REJECTED,EURUSD,BUY,2020-08-04 12:30:00+00:00,,PRE_TRADE_PROJECTED_EQUITY_BREACH
REJECTED,GBPUSD,BUY,2020-08-05 19:00:00+00:00,,PRE_TRADE_PROJECTED_EQUITY_BREACH
REJECTED,EURUSD,BUY,2020-08-05 19:30:00+00:00,,PRE_TRADE_PROJECTED_EQUITY_BREACH
REJECTED,GBPUSD,BUY,2020-08-06 13:00:00+00:00,,PRE_TRADE_PROJECTED_EQUITY_BREACH
REJECTED,EURUSD,BUY,2020-08-07 03:00:00+00:00,,PRE_TRADE_PROJECTED_EQUITY_BREACH
REJECTED,GBPUSD,BUY,2020-08-07 09:00:00+00:00,,PRE_TRADE_PROJECTED_EQUITY_BREACH
REJECTED,GBPUSD,BUY,2020-08-07 11:30:00+00:00,,PRE_TRADE_PROJECTED_EQUITY_BREACH
REJECTED,EURUSD,BUY,2020-08-09 23:00:00+00:00,,PRE_TRADE_PROJECTED_EQUITY_BREACH
REJECTED,GBPUSD,BUY,2020-08-10 07:30:00+00:00,,PRE_TRADE_PROJECTED_EQUITY_BREACH
REJECTED,GBPUSD,BUY,2020-08-11 07:00:00+00:00,,PRE_TRADE_PROJECTED_EQUITY_BREACH
REJECTED,EURUSD,SELL,2020-08-11 09:00:00+00:00,,PRE_TRADE_PROJECTED_EQUITY_BREACH
REJECTED,GBPUSD,BUY,2020-08-11 19:30:00+00:00,,PRE_TRADE_PROJECTED_EQUITY_BREACH
REJECTED,GBPUSD,SELL,2020-08-12 07:00:00+00:00,,PRE_TRADE_PROJECTED_EQUITY_BREACH
REJECTED,EURUSD,SELL,2020-08-12 08:30:00+00:00,,PRE_TRADE_PROJECTED_EQUITY_BREACH
REJECTED,GBPUSD,SELL,2020-08-12 09:00:00+00:00,,PRE_TRADE_PROJECTED_EQUITY_BREACH
REJECTED,GBPUSD,SELL,2020-08-13 00:00:00+00:00,,PRE_TRADE_PROJECTED_EQUITY_BREACH
REJECTED,GBPUSD,BUY,2020-08-13 18:00:00+00:00,,PRE_TRADE_PROJECTED_EQUITY_BREACH
REJECTED,EURUSD,BUY,2020-08-13 19:00:00+00:00,,PRE_TRADE_PROJECTED_EQUITY_BREACH
REJECTED,EURUSD,BUY,2020-08-14 02:00:00+00:00,,PRE_TRADE_PROJECTED_EQUITY_BREACH
REJECTED,GBPUSD,BUY,2020-08-14 02:00:00+00:00,,PRE_TRADE_PROJECTED_EQUITY_BREACH
REJECTED,EURUSD,BUY,2020-08-14 08:00:00+00:00,,PRE_TRADE_PROJECTED_EQUITY_BREACH
REJECTED,GBPUSD,BUY,2020-08-14 20:30:00+00:00,,PRE_TRADE_PROJECTED_EQUITY_BREACH
REJECTED,GBPUSD,BUY,2020-08-17 05:30:00+00:00,,PRE_TRADE_PROJECTED_EQUITY_BREACH
REJECTED,EURUSD,BUY,2020-08-17 09:00:00+00:00,,PRE_TRADE_PROJECTED_EQUITY_BREACH
REJECTED,GBPUSD,BUY,2020-08-19 12:00:00+00:00,,PRE_TRADE_PROJECTED_EQUITY_BREACH
REJECTED,EURUSD,BUY,2020-08-19 15:30:00+00:00,,PRE_TRADE_PROJECTED_EQUITY_BREACH
REJECTED,EURUSD,BUY,2020-08-19 17:00:00+00:00,,PRE_TRADE_PROJECTED_EQUITY_BREACH
REJECTED,GBPUSD,BUY,2020-08-19 19:00:00+00:00,,PRE_TRADE_PROJECTED_EQUITY_BREACH
REJECTED,EURUSD,BUY,2020-08-21 08:00:00+00:00,,PRE_TRADE_PROJECTED_EQUITY_BREACH
REJECTED,GBPUSD,BUY,2020-08-21 09:00:00+00:00,,PRE_TRADE_PROJECTED_EQUITY_BREACH
REJECTED,GBPUSD,BUY,2020-08-21 10:30:00+00:00,,PRE_TRADE_PROJECTED_EQUITY_BREACH
REJECTED,EURUSD,SELL,2020-08-21 20:30:00+00:00,,PRE_TRADE_PROJECTED_EQUITY_BREACH
REJECTED,EURUSD,SELL,2020-08-23 23:00:00+00:00,,PRE_TRADE_PROJECTED_EQUITY_BREACH
REJECTED,EURUSD,SELL,2020-08-24 06:30:00+00:00,,PRE_TRADE_PROJECTED_EQUITY_BREACH
REJECTED,GBPUSD,SELL,2020-08-24 07:30:00+00:00,,PRE_TRADE_PROJECTED_EQUITY_BREACH
REJECTED,EURUSD,SELL,2020-08-24 09:30:00+00:00,,PRE_TRADE_PROJECTED_EQUITY_BREACH
REJECTED,GBPUSD,SELL,2020-08-25 02:30:00+00:00,,PRE_TRADE_PROJECTED_EQUITY_BREACH
REJECTED,GBPUSD,SELL,2020-08-25 04:30:00+00:00,,PRE_TRADE_PROJECTED_EQUITY_BREACH
REJECTED,GBPUSD,BUY,2020-08-26 03:30:00+00:00,,PRE_TRADE_PROJECTED_EQUITY_BREACH
REJECTED,GBPUSD,BUY,2020-08-26 13:30:00+00:00,,PRE_TRADE_PROJECTED_EQUITY_BREACH
REJECTED,EURUSD,SELL,2020-08-26 15:00:00+00:00,,PRE_TRADE_PROJECTED_EQUITY_BREACH
REJECTED,EURUSD,BUY,2020-08-27 02:30:00+00:00,,PRE_TRADE_PROJECTED_EQUITY_BREACH
REJECTED,GBPUSD,BUY,2020-08-27 03:00:00+00:00,,PRE_TRADE_PROJECTED_EQUITY_BREACH
REJECTED,GBPUSD,BUY,2020-08-27 11:30:00+00:00,,PRE_TRADE_PROJECTED_EQUITY_BREACH
REJECTED,EURUSD,BUY,2020-08-31 19:30:00+00:00,,PRE_TRADE_PROJECTED_EQUITY_BREACH
REJECTED,GBPUSD,BUY,2020-09-01 00:30:00+00:00,,PRE_TRADE_PROJECTED_EQUITY_BREACH
REJECTED,GBPUSD,BUY,2020-09-01 15:00:00+00:00,,PRE_TRADE_PROJECTED_EQUITY_BREACH
REJECTED,EURUSD,BUY,2020-09-01 18:00:00+00:00,,PRE_TRADE_PROJECTED_EQUITY_BREACH
REJECTED,GBPUSD,BUY,2020-09-01 18:30:00+00:00,,PRE_TRADE_PROJECTED_EQUITY_BREACH
REJECTED,EURUSD,BUY,2020-09-01 19:30:00+00:00,,PRE_TRADE_PROJECTED_EQUITY_BREACH
REJECTED,EURUSD,BUY,2020-09-02 02:30:00+00:00,,PRE_TRADE_PROJECTED_EQUITY_BREACH
REJECTED,GBPUSD,BUY,2020-09-02 07:00:00+00:00,,PRE_TRADE_PROJECTED_EQUITY_BREACH
REJECTED,GBPUSD,BUY,2020-09-02 15:00:00+00:00,,PRE_TRADE_PROJECTED_EQUITY_BREACH
REJECTED,GBPUSD,BUY,2020-09-03 01:30:00+00:00,,PRE_TRADE_PROJECTED_EQUITY_BREACH
REJECTED,GBPUSD,BUY,2020-09-03 05:30:00+00:00,,PRE_TRADE_PROJECTED_EQUITY_BREACH
REJECTED,EURUSD,SELL,2020-09-03 09:30:00+00:00,,PRE_TRADE_PROJECTED_EQUITY_BREACH
REJECTED,EURUSD,SELL,2020-09-03 14:00:00+00:00,,PRE_TRADE_PROJECTED_EQUITY_BREACH
REJECTED,GBPUSD,SELL,2020-09-03 14:00:00+00:00,,PRE_TRADE_PROJECTED_EQUITY_BREACH
REJECTED,EURUSD,SELL,2020-09-04 17:30:00+00:00,,PRE_TRADE_PROJECTED_EQUITY_BREACH
REJECTED,GBPUSD,SELL,2020-09-04 18:00:00+00:00,,PRE_TRADE_PROJECTED_EQUITY_BREACH
REJECTED,GBPUSD,BUY,2020-09-06 22:00:00+00:00,,PRE_TRADE_PROJECTED_EQUITY_BREACH
REJECTED,EURUSD,SELL,2020-09-07 23:00:00+00:00,,PRE_TRADE_PROJECTED_EQUITY_BREACH
REJECTED,EURUSD,SELL,2020-09-08 05:30:00+00:00,,PRE_TRADE_PROJECTED_EQUITY_BREACH
REJECTED,EURUSD,SELL,2020-09-09 05:00:00+00:00,,PRE_TRADE_PROJECTED_EQUITY_BREACH
REJECTED,EURUSD,SELL,2020-09-09 13:30:00+00:00,,PRE_TRADE_PROJECTED_EQUITY_BREACH
REJECTED,EURUSD,SELL,2020-09-10 02:30:00+00:00,,PRE_TRADE_PROJECTED_EQUITY_BREACH
REJECTED,GBPUSD,SELL,2020-09-10 07:00:00+00:00,,PRE_TRADE_PROJECTED_EQUITY_BREACH
REJECTED,EURUSD,BUY,2020-09-10 18:30:00+00:00,,PRE_TRADE_PROJECTED_EQUITY_BREACH
REJECTED,EURUSD,SELL,2020-09-10 23:30:00+00:00,,PRE_TRADE_PROJECTED_EQUITY_BREACH
REJECTED,GBPUSD,SELL,2020-09-14 03:30:00+00:00,,PRE_TRADE_PROJECTED_EQUITY_BREACH
REJECTED,GBPUSD,SELL,2020-09-14 11:30:00+00:00,,PRE_TRADE_PROJECTED_EQUITY_BREACH
REJECTED,GBPUSD,SELL,2020-09-15 12:00:00+00:00,,PRE_TRADE_PROJECTED_EQUITY_BREACH
REJECTED,EURUSD,BUY,2020-09-15 14:00:00+00:00,,PRE_TRADE_PROJECTED_EQUITY_BREACH
REJECTED,GBPUSD,SELL,2020-09-15 18:00:00+00:00,,PRE_TRADE_PROJECTED_EQUITY_BREACH
REJECTED,GBPUSD,SELL,2020-09-16 02:30:00+00:00,,PRE_TRADE_PROJECTED_EQUITY_BREACH
REJECTED,GBPUSD,SELL,2020-09-16 10:00:00+00:00,,PRE_TRADE_PROJECTED_EQUITY_BREACH
REJECTED,GBPUSD,SELL,2020-09-17 06:30:00+00:00,,PRE_TRADE_PROJECTED_EQUITY_BREACH
REJECTED,EURUSD,SELL,2020-09-17 08:30:00+00:00,,PRE_TRADE_PROJECTED_EQUITY_BREACH
REJECTED,GBPUSD,SELL,2020-09-17 15:30:00+00:00,,PRE_TRADE_PROJECTED_EQUITY_BREACH
REJECTED,EURUSD,SELL,2020-09-17 18:30:00+00:00,,PRE_TRADE_PROJECTED_EQUITY_BREACH
REJECTED,GBPUSD,SELL,2020-09-17 20:00:00+00:00,,PRE_TRADE_PROJECTED_EQUITY_BREACH
REJECTED,GBPUSD,BUY,2020-09-18 14:00:00+00:00,,PRE_TRADE_PROJECTED_EQUITY_BREACH
REJECTED,EURUSD,BUY,2020-09-21 07:00:00+00:00,,PRE_TRADE_PROJECTED_EQUITY_BREACH
REJECTED,EURUSD,SELL,2020-09-21 20:00:00+00:00,,PRE_TRADE_PROJECTED_EQUITY_BREACH
REJECTED,GBPUSD,SELL,2020-09-21 20:30:00+00:00,,PRE_TRADE_PROJECTED_EQUITY_BREACH
REJECTED,EURUSD,SELL,2020-09-24 02:00:00+00:00,,PRE_TRADE_PROJECTED_EQUITY_BREACH
REJECTED,GBPUSD,SELL,2020-09-24 08:30:00+00:00,,PRE_TRADE_PROJECTED_EQUITY_BREACH
REJECTED,GBPUSD,SELL,2020-09-24 18:00:00+00:00,,PRE_TRADE_PROJECTED_EQUITY_BREACH
REJECTED,EURUSD,SELL,2020-09-24 18:30:00+00:00,,PRE_TRADE_PROJECTED_EQUITY_BREACH
REJECTED,EURUSD,SELL,2020-09-25 08:00:00+00:00,,PRE_TRADE_PROJECTED_EQUITY_BREACH
REJECTED,GBPUSD,SELL,2020-09-25 08:00:00+00:00,,PRE_TRADE_PROJECTED_EQUITY_BREACH
REJECTED,EURUSD,SELL,2020-09-25 19:00:00+00:00,,PRE_TRADE_PROJECTED_EQUITY_BREACH
REJECTED,GBPUSD,SELL,2020-09-25 19:00:00+00:00,,PRE_TRADE_PROJECTED_EQUITY_BREACH
REJECTED,GBPUSD,SELL,2020-09-25 20:00:00+00:00,,PRE_TRADE_PROJECTED_EQUITY_BREACH
REJECTED,GBPUSD,SELL,2020-09-28 08:30:00+00:00,,PRE_TRADE_PROJECTED_EQUITY_BREACH
REJECTED,EURUSD,SELL,2020-09-28 10:00:00+00:00,,PRE_TRADE_PROJECTED_EQUITY_BREACH
REJECTED,EURUSD,SELL,2020-09-28 20:30:00+00:00,,PRE_TRADE_PROJECTED_EQUITY_BREACH
REJECTED,EURUSD,SELL,2020-09-29 00:00:00+00:00,,PRE_TRADE_PROJECTED_EQUITY_BREACH
REJECTED,EURUSD,SELL,2020-09-29 12:00:00+00:00,,PRE_TRADE_PROJECTED_EQUITY_BREACH
REJECTED,GBPUSD,BUY,2020-09-30 01:30:00+00:00,,PRE_TRADE_PROJECTED_EQUITY_BREACH
REJECTED,GBPUSD,BUY,2020-09-30 04:30:00+00:00,,PRE_TRADE_PROJECTED_EQUITY_BREACH
REJECTED,GBPUSD,BUY,2020-10-01 08:30:00+00:00,,PRE_TRADE_PROJECTED_EQUITY_BREACH
REJECTED,EURUSD,BUY,2020-10-01 09:30:00+00:00,,PRE_TRADE_PROJECTED_EQUITY_BREACH
REJECTED,EURUSD,BUY,2020-10-01 15:00:00+00:00,,PRE_TRADE_PROJECTED_EQUITY_BREACH
REJECTED,EURUSD,BUY,2020-10-02 01:00:00+00:00,,PRE_TRADE_PROJECTED_EQUITY_BREACH
REJECTED,GBPUSD,BUY,2020-10-02 01:30:00+00:00,,PRE_TRADE_PROJECTED_EQUITY_BREACH
REJECTED,GBPUSD,BUY,2020-10-02 03:30:00+00:00,,PRE_TRADE_PROJECTED_EQUITY_BREACH
REJECTED,EURUSD,SELL,2020-10-05 00:30:00+00:00,,PRE_TRADE_PROJECTED_EQUITY_BREACH
REJECTED,GBPUSD,BUY,2020-10-05 07:00:00+00:00,,PRE_TRADE_PROJECTED_EQUITY_BREACH
REJECTED,EURUSD,BUY,2020-10-05 19:00:00+00:00,,PRE_TRADE_PROJECTED_EQUITY_BREACH
REJECTED,EURUSD,BUY,2020-10-06 07:00:00+00:00,,PRE_TRADE_PROJECTED_EQUITY_BREACH
REJECTED,EURUSD,BUY,2020-10-06 09:00:00+00:00,,PRE_TRADE_PROJECTED_EQUITY_BREACH
REJECTED,GBPUSD,BUY,2020-10-06 09:00:00+00:00,,PRE_TRADE_PROJECTED_EQUITY_BREACH
REJECTED,GBPUSD,BUY,2020-10-06 11:30:00+00:00,,PRE_TRADE_PROJECTED_EQUITY_BREACH
REJECTED,GBPUSD,BUY,2020-10-09 07:00:00+00:00,,PRE_TRADE_PROJECTED_EQUITY_BREACH
REJECTED,EURUSD,BUY,2020-10-11 22:30:00+00:00,,PRE_TRADE_PROJECTED_EQUITY_BREACH
REJECTED,GBPUSD,BUY,2020-10-12 09:30:00+00:00,,PRE_TRADE_PROJECTED_EQUITY_BREACH
REJECTED,EURUSD,BUY,2020-10-13 01:00:00+00:00,,PRE_TRADE_PROJECTED_EQUITY_BREACH
REJECTED,GBPUSD,BUY,2020-10-13 01:00:00+00:00,,PRE_TRADE_PROJECTED_EQUITY_BREACH
REJECTED,EURUSD,BUY,2020-10-13 08:30:00+00:00,,PRE_TRADE_PROJECTED_EQUITY_BREACH
REJECTED,GBPUSD,BUY,2020-10-13 08:30:00+00:00,,PRE_TRADE_PROJECTED_EQUITY_BREACH
REJECTED,GBPUSD,BUY,2020-10-13 13:30:00+00:00,,PRE_TRADE_PROJECTED_EQUITY_BREACH
REJECTED,GBPUSD,BUY,2020-10-13 17:00:00+00:00,,PRE_TRADE_PROJECTED_EQUITY_BREACH
REJECTED,EURUSD,SELL,2020-10-13 19:30:00+00:00,,PRE_TRADE_PROJECTED_EQUITY_BREACH
REJECTED,GBPUSD,SELL,2020-10-14 01:00:00+00:00,,PRE_TRADE_PROJECTED_EQUITY_BREACH
REJECTED,GBPUSD,SELL,2020-10-14 10:00:00+00:00,,PRE_TRADE_PROJECTED_EQUITY_BREACH
REJECTED,EURUSD,SELL,2020-10-14 13:00:00+00:00,,PRE_TRADE_PROJECTED_EQUITY_BREACH
REJECTED,EURUSD,SELL,2020-10-15 02:00:00+00:00,,PRE_TRADE_PROJECTED_EQUITY_BREACH
REJECTED,GBPUSD,SELL,2020-10-16 09:00:00+00:00,,PRE_TRADE_PROJECTED_EQUITY_BREACH
REJECTED,EURUSD,SELL,2020-10-16 13:00:00+00:00,,PRE_TRADE_PROJECTED_EQUITY_BREACH
REJECTED,EURUSD,SELL,2020-10-19 01:30:00+00:00,,PRE_TRADE_PROJECTED_EQUITY_BREACH
REJECTED,GBPUSD,SELL,2020-10-19 01:30:00+00:00,,PRE_TRADE_PROJECTED_EQUITY_BREACH
REJECTED,GBPUSD,SELL,2020-10-19 07:30:00+00:00,,PRE_TRADE_PROJECTED_EQUITY_BREACH
REJECTED,EURUSD,SELL,2020-10-19 09:00:00+00:00,,PRE_TRADE_PROJECTED_EQUITY_BREACH
REJECTED,GBPUSD,BUY,2020-10-19 18:30:00+00:00,,PRE_TRADE_PROJECTED_EQUITY_BREACH
REJECTED,EURUSD,BUY,2020-10-19 19:30:00+00:00,,PRE_TRADE_PROJECTED_EQUITY_BREACH
REJECTED,EURUSD,BUY,2020-10-20 07:30:00+00:00,,PRE_TRADE_PROJECTED_EQUITY_BREACH
REJECTED,EURUSD,BUY,2020-10-20 21:30:00+00:00,,PRE_TRADE_PROJECTED_EQUITY_BREACH
REJECTED,GBPUSD,BUY,2020-10-21 21:00:00+00:00,,PRE_TRADE_PROJECTED_EQUITY_BREACH
REJECTED,EURUSD,BUY,2020-10-22 00:30:00+00:00,,PRE_TRADE_PROJECTED_EQUITY_BREACH
REJECTED,EURUSD,BUY,2020-10-22 04:00:00+00:00,,PRE_TRADE_PROJECTED_EQUITY_BREACH
REJECTED,GBPUSD,BUY,2020-10-22 09:30:00+00:00,,PRE_TRADE_PROJECTED_EQUITY_BREACH
REJECTED,EURUSD,BUY,2020-10-22 10:30:00+00:00,,PRE_TRADE_PROJECTED_EQUITY_BREACH
REJECTED,GBPUSD,BUY,2020-10-22 19:30:00+00:00,,PRE_TRADE_PROJECTED_EQUITY_BREACH
REJECTED,EURUSD,BUY,2020-10-23 01:00:00+00:00,,PRE_TRADE_PROJECTED_EQUITY_BREACH
REJECTED,GBPUSD,BUY,2020-10-23 01:00:00+00:00,,PRE_TRADE_PROJECTED_EQUITY_BREACH
REJECTED,GBPUSD,BUY,2020-10-23 05:00:00+00:00,,PRE_TRADE_PROJECTED_EQUITY_BREACH
REJECTED,EURUSD,BUY,2020-10-23 15:00:00+00:00,,PRE_TRADE_PROJECTED_EQUITY_BREACH
REJECTED,EURUSD,BUY,2020-10-25 22:30:00+00:00,,PRE_TRADE_PROJECTED_EQUITY_BREACH
REJECTED,GBPUSD,BUY,2020-10-26 01:30:00+00:00,,PRE_TRADE_PROJECTED_EQUITY_BREACH
REJECTED,GBPUSD,BUY,2020-10-26 07:00:00+00:00,,PRE_TRADE_PROJECTED_EQUITY_BREACH
REJECTED,EURUSD,BUY,2020-10-26 09:00:00+00:00,,PRE_TRADE_PROJECTED_EQUITY_BREACH
REJECTED,GBPUSD,BUY,2020-10-26 12:30:00+00:00,,PRE_TRADE_PROJECTED_EQUITY_BREACH
REJECTED,EURUSD,BUY,2020-10-26 19:30:00+00:00,,PRE_TRADE_PROJECTED_EQUITY_BREACH
REJECTED,GBPUSD,BUY,2020-10-27 07:00:00+00:00,,PRE_TRADE_PROJECTED_EQUITY_BREACH
REJECTED,GBPUSD,BUY,2020-10-27 19:00:00+00:00,,PRE_TRADE_PROJECTED_EQUITY_BREACH
REJECTED,GBPUSD,BUY,2020-10-27 20:30:00+00:00,,PRE_TRADE_PROJECTED_EQUITY_BREACH
REJECTED,GBPUSD,BUY,2020-10-28 08:00:00+00:00,,PRE_TRADE_PROJECTED_EQUITY_BREACH
REJECTED,GBPUSD,SELL,2020-10-28 14:30:00+00:00,,PRE_TRADE_PROJECTED_EQUITY_BREACH
REJECTED,EURUSD,SELL,2020-10-28 16:00:00+00:00,,PRE_TRADE_PROJECTED_EQUITY_BREACH
REJECTED,EURUSD,SELL,2020-10-29 20:00:00+00:00,,PRE_TRADE_PROJECTED_EQUITY_BREACH
REJECTED,EURUSD,SELL,2020-10-30 02:00:00+00:00,,PRE_TRADE_PROJECTED_EQUITY_BREACH
REJECTED,GBPUSD,SELL,2020-10-30 08:00:00+00:00,,PRE_TRADE_PROJECTED_EQUITY_BREACH
REJECTED,GBPUSD,SELL,2020-10-30 11:30:00+00:00,,PRE_TRADE_PROJECTED_EQUITY_BREACH
REJECTED,EURUSD,SELL,2020-10-30 12:30:00+00:00,,PRE_TRADE_PROJECTED_EQUITY_BREACH
REJECTED,EURUSD,SELL,2020-11-02 20:30:00+00:00,,PRE_TRADE_PROJECTED_EQUITY_BREACH
REJECTED,GBPUSD,SELL,2020-11-03 00:00:00+00:00,,PRE_TRADE_PROJECTED_EQUITY_BREACH
REJECTED,GBPUSD,SELL,2020-11-03 02:00:00+00:00,,PRE_TRADE_PROJECTED_EQUITY_BREACH
REJECTED,EURUSD,SELL,2020-11-03 07:30:00+00:00,,PRE_TRADE_PROJECTED_EQUITY_BREACH
REJECTED,GBPUSD,SELL,2020-11-03 07:30:00+00:00,,PRE_TRADE_PROJECTED_EQUITY_BREACH
REJECTED,EURUSD,SELL,2020-11-03 11:00:00+00:00,,PRE_TRADE_PROJECTED_EQUITY_BREACH
REJECTED,EURUSD,SELL,2020-11-04 10:30:00+00:00,,PRE_TRADE_PROJECTED_EQUITY_BREACH
REJECTED,EURUSD,BUY,2020-11-05 15:00:00+00:00,,PRE_TRADE_PROJECTED_EQUITY_BREACH
REJECTED,GBPUSD,BUY,2020-11-06 00:30:00+00:00,,PRE_TRADE_PROJECTED_EQUITY_BREACH
REJECTED,EURUSD,BUY,2020-11-06 21:00:00+00:00,,PRE_TRADE_PROJECTED_EQUITY_BREACH
REJECTED,GBPUSD,BUY,2020-11-06 21:00:00+00:00,,PRE_TRADE_PROJECTED_EQUITY_BREACH
REJECTED,EURUSD,BUY,2020-11-09 08:30:00+00:00,,PRE_TRADE_PROJECTED_EQUITY_BREACH
REJECTED,GBPUSD,BUY,2020-11-09 09:00:00+00:00,,PRE_TRADE_PROJECTED_EQUITY_BREACH
REJECTED,EURUSD,BUY,2020-11-09 16:30:00+00:00,,PRE_TRADE_PROJECTED_EQUITY_BREACH
REJECTED,GBPUSD,BUY,2020-11-11 06:00:00+00:00,,PRE_TRADE_PROJECTED_EQUITY_BREACH
REJECTED,EURUSD,BUY,2020-11-11 08:00:00+00:00,,PRE_TRADE_PROJECTED_EQUITY_BREACH
REJECTED,EURUSD,SELL,2020-11-11 17:30:00+00:00,,PRE_TRADE_PROJECTED_EQUITY_BREACH
REJECTED,GBPUSD,BUY,2020-11-12 04:30:00+00:00,,PRE_TRADE_PROJECTED_EQUITY_BREACH
REJECTED,GBPUSD,BUY,2020-11-12 06:30:00+00:00,,PRE_TRADE_PROJECTED_EQUITY_BREACH
REJECTED,EURUSD,SELL,2020-11-12 08:00:00+00:00,,PRE_TRADE_PROJECTED_EQUITY_BREACH
REJECTED,GBPUSD,BUY,2020-11-12 11:30:00+00:00,,PRE_TRADE_PROJECTED_EQUITY_BREACH
REJECTED,GBPUSD,SELL,2020-11-13 00:00:00+00:00,,PRE_TRADE_PROJECTED_EQUITY_BREACH
REJECTED,GBPUSD,SELL,2020-11-13 05:00:00+00:00,,PRE_TRADE_PROJECTED_EQUITY_BREACH
REJECTED,GBPUSD,BUY,2020-11-16 05:30:00+00:00,,PRE_TRADE_PROJECTED_EQUITY_BREACH
REJECTED,GBPUSD,BUY,2020-11-16 09:00:00+00:00,,PRE_TRADE_PROJECTED_EQUITY_BREACH
REJECTED,EURUSD,BUY,2020-11-16 11:30:00+00:00,,PRE_TRADE_PROJECTED_EQUITY_BREACH
REJECTED,EURUSD,BUY,2020-11-17 05:00:00+00:00,,PRE_TRADE_PROJECTED_EQUITY_BREACH
REJECTED,GBPUSD,BUY,2020-11-17 06:00:00+00:00,,PRE_TRADE_PROJECTED_EQUITY_BREACH
REJECTED,EURUSD,BUY,2020-11-17 07:30:00+00:00,,PRE_TRADE_PROJECTED_EQUITY_BREACH
REJECTED,EURUSD,BUY,2020-11-18 01:30:00+00:00,,PRE_TRADE_PROJECTED_EQUITY_BREACH
REJECTED,EURUSD,BUY,2020-11-18 12:00:00+00:00,,PRE_TRADE_PROJECTED_EQUITY_BREACH
REJECTED,GBPUSD,BUY,2020-11-18 13:00:00+00:00,,PRE_TRADE_PROJECTED_EQUITY_BREACH
REJECTED,EURUSD,BUY,2020-11-19 00:00:00+00:00,,PRE_TRADE_PROJECTED_EQUITY_BREACH
REJECTED,GBPUSD,BUY,2020-11-19 00:00:00+00:00,,PRE_TRADE_PROJECTED_EQUITY_BREACH
REJECTED,EURUSD,BUY,2020-11-19 08:00:00+00:00,,PRE_TRADE_PROJECTED_EQUITY_BREACH
REJECTED,GBPUSD,BUY,2020-11-19 14:00:00+00:00,,PRE_TRADE_PROJECTED_EQUITY_BREACH
REJECTED,EURUSD,BUY,2020-11-19 23:30:00+00:00,,PRE_TRADE_PROJECTED_EQUITY_BREACH
REJECTED,GBPUSD,BUY,2020-11-20 07:30:00+00:00,,PRE_TRADE_PROJECTED_EQUITY_BREACH
REJECTED,EURUSD,BUY,2020-11-20 10:00:00+00:00,,PRE_TRADE_PROJECTED_EQUITY_BREACH
REJECTED,EURUSD,BUY,2020-11-23 14:30:00+00:00,,PRE_TRADE_PROJECTED_EQUITY_BREACH
REJECTED,GBPUSD,BUY,2020-11-23 15:00:00+00:00,,PRE_TRADE_PROJECTED_EQUITY_BREACH
REJECTED,GBPUSD,BUY,2020-11-24 12:00:00+00:00,,PRE_TRADE_PROJECTED_EQUITY_BREACH
REJECTED,GBPUSD,BUY,2020-11-25 05:30:00+00:00,,PRE_TRADE_PROJECTED_EQUITY_BREACH
REJECTED,EURUSD,BUY,2020-11-25 06:00:00+00:00,,PRE_TRADE_PROJECTED_EQUITY_BREACH
REJECTED,GBPUSD,BUY,2020-11-25 10:00:00+00:00,,PRE_TRADE_PROJECTED_EQUITY_BREACH
REJECTED,GBPUSD,BUY,2020-11-26 07:30:00+00:00,,PRE_TRADE_PROJECTED_EQUITY_BREACH
REJECTED,EURUSD,BUY,2020-11-26 12:00:00+00:00,,PRE_TRADE_PROJECTED_EQUITY_BREACH
REJECTED,GBPUSD,BUY,2020-11-26 15:00:00+00:00,,PRE_TRADE_PROJECTED_EQUITY_BREACH
REJECTED,GBPUSD,BUY,2020-11-27 10:00:00+00:00,,PRE_TRADE_PROJECTED_EQUITY_BREACH
REJECTED,EURUSD,BUY,2020-12-01 00:00:00+00:00,,PRE_TRADE_PROJECTED_EQUITY_BREACH
REJECTED,GBPUSD,BUY,2020-12-01 11:30:00+00:00,,PRE_TRADE_PROJECTED_EQUITY_BREACH
REJECTED,EURUSD,BUY,2020-12-02 01:00:00+00:00,,PRE_TRADE_PROJECTED_EQUITY_BREACH
REJECTED,GBPUSD,BUY,2020-12-02 01:30:00+00:00,,PRE_TRADE_PROJECTED_EQUITY_BREACH
REJECTED,GBPUSD,BUY,2020-12-02 08:30:00+00:00,,PRE_TRADE_PROJECTED_EQUITY_BREACH
REJECTED,GBPUSD,BUY,2020-12-02 12:00:00+00:00,,PRE_TRADE_PROJECTED_EQUITY_BREACH
REJECTED,GBPUSD,BUY,2020-12-03 00:30:00+00:00,,PRE_TRADE_PROJECTED_EQUITY_BREACH
REJECTED,EURUSD,BUY,2020-12-03 18:00:00+00:00,,PRE_TRADE_PROJECTED_EQUITY_BREACH
REJECTED,GBPUSD,BUY,2020-12-03 18:30:00+00:00,,PRE_TRADE_PROJECTED_EQUITY_BREACH
REJECTED,GBPUSD,BUY,2020-12-04 04:30:00+00:00,,PRE_TRADE_PROJECTED_EQUITY_BREACH
REJECTED,EURUSD,BUY,2020-12-04 13:30:00+00:00,,PRE_TRADE_PROJECTED_EQUITY_BREACH
REJECTED,EURUSD,BUY,2020-12-04 20:30:00+00:00,,PRE_TRADE_PROJECTED_EQUITY_BREACH
REJECTED,EURUSD,BUY,2020-12-07 06:00:00+00:00,,PRE_TRADE_PROJECTED_EQUITY_BREACH
REJECTED,GBPUSD,BUY,2020-12-07 06:00:00+00:00,,PRE_TRADE_PROJECTED_EQUITY_BREACH
REJECTED,EURUSD,BUY,2020-12-07 07:00:00+00:00,,PRE_TRADE_PROJECTED_EQUITY_BREACH
REJECTED,GBPUSD,BUY,2020-12-07 07:00:00+00:00,,PRE_TRADE_PROJECTED_EQUITY_BREACH
REJECTED,EURUSD,BUY,2020-12-07 09:00:00+00:00,,PRE_TRADE_PROJECTED_EQUITY_BREACH
REJECTED,EURUSD,BUY,2020-12-07 18:00:00+00:00,,PRE_TRADE_PROJECTED_EQUITY_BREACH
REJECTED,EURUSD,BUY,2020-12-07 20:30:00+00:00,,PRE_TRADE_PROJECTED_EQUITY_BREACH
REJECTED,EURUSD,BUY,2020-12-09 12:00:00+00:00,,PRE_TRADE_PROJECTED_EQUITY_BREACH
REJECTED,EURUSD,BUY,2020-12-09 15:30:00+00:00,,PRE_TRADE_PROJECTED_EQUITY_BREACH
REJECTED,GBPUSD,BUY,2020-12-09 15:30:00+00:00,,PRE_TRADE_PROJECTED_EQUITY_BREACH
REJECTED,GBPUSD,BUY,2020-12-09 22:00:00+00:00,,PRE_TRADE_PROJECTED_EQUITY_BREACH
REJECTED,EURUSD,BUY,2020-12-10 06:30:00+00:00,,PRE_TRADE_PROJECTED_EQUITY_BREACH
REJECTED,EURUSD,BUY,2020-12-10 12:00:00+00:00,,PRE_TRADE_PROJECTED_EQUITY_BREACH
REJECTED,GBPUSD,SELL,2020-12-11 02:30:00+00:00,,PRE_TRADE_PROJECTED_EQUITY_BREACH
REJECTED,EURUSD,BUY,2020-12-11 07:30:00+00:00,,PRE_TRADE_PROJECTED_EQUITY_BREACH
REJECTED,GBPUSD,SELL,2020-12-13 22:00:00+00:00,,PRE_TRADE_PROJECTED_EQUITY_BREACH
REJECTED,GBPUSD,BUY,2020-12-14 14:00:00+00:00,,PRE_TRADE_PROJECTED_EQUITY_BREACH
REJECTED,GBPUSD,BUY,2020-12-14 15:00:00+00:00,,PRE_TRADE_PROJECTED_EQUITY_BREACH
REJECTED,GBPUSD,SELL,2020-12-15 01:00:00+00:00,,PRE_TRADE_PROJECTED_EQUITY_BREACH
REJECTED,EURUSD,BUY,2020-12-15 04:00:00+00:00,,PRE_TRADE_PROJECTED_EQUITY_BREACH
REJECTED,EURUSD,BUY,2020-12-15 12:30:00+00:00,,PRE_TRADE_PROJECTED_EQUITY_BREACH
REJECTED,GBPUSD,BUY,2020-12-16 15:30:00+00:00,,PRE_TRADE_PROJECTED_EQUITY_BREACH
REJECTED,EURUSD,BUY,2020-12-16 19:00:00+00:00,,PRE_TRADE_PROJECTED_EQUITY_BREACH
REJECTED,EURUSD,BUY,2020-12-18 00:30:00+00:00,,PRE_TRADE_PROJECTED_EQUITY_BREACH
REJECTED,GBPUSD,BUY,2020-12-18 00:30:00+00:00,,PRE_TRADE_PROJECTED_EQUITY_BREACH
REJECTED,EURUSD,BUY,2020-12-18 02:30:00+00:00,,PRE_TRADE_PROJECTED_EQUITY_BREACH
REJECTED,GBPUSD,BUY,2020-12-18 02:30:00+00:00,,PRE_TRADE_PROJECTED_EQUITY_BREACH
REJECTED,EURUSD,BUY,2020-12-18 14:30:00+00:00,,PRE_TRADE_PROJECTED_EQUITY_BREACH
REJECTED,EURUSD,BUY,2020-12-18 16:00:00+00:00,,PRE_TRADE_PROJECTED_EQUITY_BREACH
REJECTED,GBPUSD,BUY,2020-12-18 20:30:00+00:00,,PRE_TRADE_PROJECTED_EQUITY_BREACH
REJECTED,EURUSD,BUY,2020-12-20 23:00:00+00:00,,PRE_TRADE_PROJECTED_EQUITY_BREACH
REJECTED,EURUSD,BUY,2020-12-21 03:00:00+00:00,,PRE_TRADE_PROJECTED_EQUITY_BREACH
REJECTED,GBPUSD,SELL,2020-12-21 13:30:00+00:00,,PRE_TRADE_PROJECTED_EQUITY_BREACH
REJECTED,GBPUSD,SELL,2020-12-21 16:30:00+00:00,,PRE_TRADE_PROJECTED_EQUITY_BREACH
REJECTED,GBPUSD,SELL,2020-12-21 19:00:00+00:00,,PRE_TRADE_PROJECTED_EQUITY_BREACH
REJECTED,GBPUSD,BUY,2020-12-22 00:30:00+00:00,,PRE_TRADE_PROJECTED_EQUITY_BREACH
REJECTED,EURUSD,BUY,2020-12-22 05:30:00+00:00,,PRE_TRADE_PROJECTED_EQUITY_BREACH
REJECTED,EURUSD,BUY,2020-12-22 14:30:00+00:00,,PRE_TRADE_PROJECTED_EQUITY_BREACH
REJECTED,GBPUSD,SELL,2020-12-23 03:00:00+00:00,,PRE_TRADE_PROJECTED_EQUITY_BREACH
REJECTED,EURUSD,BUY,2020-12-24 08:30:00+00:00,,PRE_TRADE_PROJECTED_EQUITY_BREACH
REJECTED,GBPUSD,BUY,2020-12-24 13:00:00+00:00,,PRE_TRADE_PROJECTED_EQUITY_BREACH
REJECTED,GBPUSD,BUY,2020-12-24 15:30:00+00:00,,PRE_TRADE_PROJECTED_EQUITY_BREACH
REJECTED,GBPUSD,BUY,2020-12-28 10:00:00+00:00,,PRE_TRADE_PROJECTED_EQUITY_BREACH
REJECTED,EURUSD,BUY,2020-12-28 11:30:00+00:00,,PRE_TRADE_PROJECTED_EQUITY_BREACH
REJECTED,GBPUSD,SELL,2020-12-28 23:30:00+00:00,,PRE_TRADE_PROJECTED_EQUITY_BREACH
REJECTED,GBPUSD,SELL,2020-12-29 01:00:00+00:00,,PRE_TRADE_PROJECTED_EQUITY_BREACH
REJECTED,EURUSD,BUY,2020-12-30 09:00:00+00:00,,PRE_TRADE_PROJECTED_EQUITY_BREACH
REJECTED,EURUSD,BUY,2020-12-31 15:30:00+00:00,,PRE_TRADE_PROJECTED_EQUITY_BREACH
REJECTED,GBPUSD,BUY,2021-01-04 05:00:00+00:00,,PRE_TRADE_PROJECTED_EQUITY_BREACH
REJECTED,GBPUSD,BUY,2021-01-04 13:00:00+00:00,,PRE_TRADE_PROJECTED_EQUITY_BREACH
REJECTED,GBPUSD,BUY,2021-01-04 14:30:00+00:00,,PRE_TRADE_PROJECTED_EQUITY_BREACH
REJECTED,EURUSD,BUY,2021-01-04 16:30:00+00:00,,PRE_TRADE_PROJECTED_EQUITY_BREACH
REJECTED,GBPUSD,BUY,2021-01-06 02:30:00+00:00,,PRE_TRADE_PROJECTED_EQUITY_BREACH
REJECTED,EURUSD,BUY,2021-01-06 14:00:00+00:00,,PRE_TRADE_PROJECTED_EQUITY_BREACH
REJECTED,EURUSD,BUY,2021-01-07 02:00:00+00:00,,PRE_TRADE_PROJECTED_EQUITY_BREACH
REJECTED,GBPUSD,BUY,2021-01-07 02:00:00+00:00,,PRE_TRADE_PROJECTED_EQUITY_BREACH
REJECTED,EURUSD,BUY,2021-01-07 05:30:00+00:00,,PRE_TRADE_PROJECTED_EQUITY_BREACH
REJECTED,EURUSD,BUY,2021-01-07 08:30:00+00:00,,PRE_TRADE_PROJECTED_EQUITY_BREACH
REJECTED,EURUSD,SELL,2021-01-08 11:30:00+00:00,,PRE_TRADE_PROJECTED_EQUITY_BREACH
REJECTED,EURUSD,SELL,2021-01-11 06:30:00+00:00,,PRE_TRADE_PROJECTED_EQUITY_BREACH
REJECTED,GBPUSD,SELL,2021-01-11 06:30:00+00:00,,PRE_TRADE_PROJECTED_EQUITY_BREACH
REJECTED,GBPUSD,SELL,2021-01-11 16:30:00+00:00,,PRE_TRADE_PROJECTED_EQUITY_BREACH
REJECTED,GBPUSD,SELL,2021-01-12 05:30:00+00:00,,PRE_TRADE_PROJECTED_EQUITY_BREACH
REJECTED,EURUSD,SELL,2021-01-12 07:00:00+00:00,,PRE_TRADE_PROJECTED_EQUITY_BREACH
REJECTED,EURUSD,SELL,2021-01-12 16:30:00+00:00,,PRE_TRADE_PROJECTED_EQUITY_BREACH
REJECTED,EURUSD,SELL,2021-01-13 00:00:00+00:00,,PRE_TRADE_PROJECTED_EQUITY_BREACH
REJECTED,EURUSD,SELL,2021-01-14 00:00:00+00:00,,PRE_TRADE_PROJECTED_EQUITY_BREACH
REJECTED,GBPUSD,BUY,2021-01-14 02:00:00+00:00,,PRE_TRADE_PROJECTED_EQUITY_BREACH
REJECTED,EURUSD,SELL,2021-01-14 16:00:00+00:00,,PRE_TRADE_PROJECTED_EQUITY_BREACH
REJECTED,GBPUSD,BUY,2021-01-15 05:30:00+00:00,,PRE_TRADE_PROJECTED_EQUITY_BREACH
REJECTED,GBPUSD,BUY,2021-01-15 08:00:00+00:00,,PRE_TRADE_PROJECTED_EQUITY_BREACH
REJECTED,GBPUSD,BUY,2021-01-15 12:00:00+00:00,,PRE_TRADE_PROJECTED_EQUITY_BREACH
REJECTED,GBPUSD,SELL,2021-01-18 16:30:00+00:00,,PRE_TRADE_PROJECTED_EQUITY_BREACH
REJECTED,GBPUSD,SELL,2021-01-18 20:00:00+00:00,,PRE_TRADE_PROJECTED_EQUITY_BREACH
REJECTED,EURUSD,SELL,2021-01-19 00:30:00+00:00,,PRE_TRADE_PROJECTED_EQUITY_BREACH
REJECTED,GBPUSD,SELL,2021-01-19 00:30:00+00:00,,PRE_TRADE_PROJECTED_EQUITY_BREACH
REJECTED,EURUSD,SELL,2021-01-19 11:00:00+00:00,,PRE_TRADE_PROJECTED_EQUITY_BREACH
REJECTED,EURUSD,SELL,2021-01-19 23:30:00+00:00,,PRE_TRADE_PROJECTED_EQUITY_BREACH
REJECTED,EURUSD,SELL,2021-01-20 07:00:00+00:00,,PRE_TRADE_PROJECTED_EQUITY_BREACH
REJECTED,GBPUSD,BUY,2021-01-20 14:30:00+00:00,,PRE_TRADE_PROJECTED_EQUITY_BREACH
REJECTED,EURUSD,SELL,2021-01-20 23:00:00+00:00,,PRE_TRADE_PROJECTED_EQUITY_BREACH
REJECTED,EURUSD,SELL,2021-01-21 03:00:00+00:00,,PRE_TRADE_PROJECTED_EQUITY_BREACH
REJECTED,GBPUSD,BUY,2021-01-22 01:00:00+00:00,,PRE_TRADE_PROJECTED_EQUITY_BREACH
REJECTED,EURUSD,BUY,2021-01-22 06:00:00+00:00,,PRE_TRADE_PROJECTED_EQUITY_BREACH
REJECTED,GBPUSD,BUY,2021-01-22 06:00:00+00:00,,PRE_TRADE_PROJECTED_EQUITY_BREACH
REJECTED,EURUSD,BUY,2021-01-25 09:00:00+00:00,,PRE_TRADE_PROJECTED_EQUITY_BREACH
REJECTED,GBPUSD,BUY,2021-01-25 09:00:00+00:00,,PRE_TRADE_PROJECTED_EQUITY_BREACH
REJECTED,EURUSD,SELL,2021-01-25 17:30:00+00:00,,PRE_TRADE_PROJECTED_EQUITY_BREACH
REJECTED,EURUSD,BUY,2021-01-27 08:00:00+00:00,,PRE_TRADE_PROJECTED_EQUITY_BREACH
REJECTED,GBPUSD,BUY,2021-01-27 12:00:00+00:00,,PRE_TRADE_PROJECTED_EQUITY_BREACH
REJECTED,GBPUSD,BUY,2021-01-27 13:30:00+00:00,,PRE_TRADE_PROJECTED_EQUITY_BREACH
REJECTED,EURUSD,SELL,2021-01-27 17:30:00+00:00,,PRE_TRADE_PROJECTED_EQUITY_BREACH
REJECTED,GBPUSD,BUY,2021-01-28 21:30:00+00:00,,PRE_TRADE_PROJECTED_EQUITY_BREACH
REJECTED,EURUSD,SELL,2021-01-29 06:30:00+00:00,,PRE_TRADE_PROJECTED_EQUITY_BREACH
REJECTED,GBPUSD,BUY,2021-01-29 08:00:00+00:00,,PRE_TRADE_PROJECTED_EQUITY_BREACH
REJECTED,EURUSD,SELL,2021-01-29 08:30:00+00:00,,PRE_TRADE_PROJECTED_EQUITY_BREACH
REJECTED,EURUSD,SELL,2021-02-01 23:00:00+00:00,,PRE_TRADE_PROJECTED_EQUITY_BREACH
REJECTED,EURUSD,SELL,2021-02-02 01:30:00+00:00,,PRE_TRADE_PROJECTED_EQUITY_BREACH
REJECTED,GBPUSD,SELL,2021-02-02 19:30:00+00:00,,PRE_TRADE_PROJECTED_EQUITY_BREACH
REJECTED,EURUSD,SELL,2021-02-02 21:30:00+00:00,,PRE_TRADE_PROJECTED_EQUITY_BREACH
REJECTED,GBPUSD,SELL,2021-02-03 02:00:00+00:00,,PRE_TRADE_PROJECTED_EQUITY_BREACH
REJECTED,GBPUSD,SELL,2021-02-03 14:30:00+00:00,,PRE_TRADE_PROJECTED_EQUITY_BREACH
REJECTED,EURUSD,SELL,2021-02-03 21:00:00+00:00,,PRE_TRADE_PROJECTED_EQUITY_BREACH
REJECTED,GBPUSD,SELL,2021-02-04 13:00:00+00:00,,PRE_TRADE_PROJECTED_EQUITY_BREACH
REJECTED,EURUSD,SELL,2021-02-05 06:00:00+00:00,,PRE_TRADE_PROJECTED_EQUITY_BREACH
REJECTED,EURUSD,SELL,2021-02-05 08:30:00+00:00,,PRE_TRADE_PROJECTED_EQUITY_BREACH
REJECTED,EURUSD,SELL,2021-02-05 12:00:00+00:00,,PRE_TRADE_PROJECTED_EQUITY_BREACH
REJECTED,EURUSD,SELL,2021-02-05 14:30:00+00:00,,PRE_TRADE_PROJECTED_EQUITY_BREACH
REJECTED,EURUSD,SELL,2021-02-05 16:30:00+00:00,,PRE_TRADE_PROJECTED_EQUITY_BREACH
REJECTED,EURUSD,SELL,2021-02-05 20:30:00+00:00,,PRE_TRADE_PROJECTED_EQUITY_BREACH
REJECTED,GBPUSD,BUY,2021-02-08 09:00:00+00:00,,PRE_TRADE_PROJECTED_EQUITY_BREACH
REJECTED,EURUSD,BUY,2021-02-10 01:00:00+00:00,,PRE_TRADE_PROJECTED_EQUITY_BREACH
REJECTED,GBPUSD,BUY,2021-02-10 07:00:00+00:00,,PRE_TRADE_PROJECTED_EQUITY_BREACH
REJECTED,GBPUSD,BUY,2021-02-10 20:30:00+00:00,,PRE_TRADE_PROJECTED_EQUITY_BREACH
REJECTED,EURUSD,BUY,2021-02-11 00:30:00+00:00,,PRE_TRADE_PROJECTED_EQUITY_BREACH
REJECTED,GBPUSD,BUY,2021-02-11 00:30:00+00:00,,PRE_TRADE_PROJECTED_EQUITY_BREACH
REJECTED,GBPUSD,BUY,2021-02-11 08:30:00+00:00,,PRE_TRADE_PROJECTED_EQUITY_BREACH
REJECTED,EURUSD,BUY,2021-02-11 17:00:00+00:00,,PRE_TRADE_PROJECTED_EQUITY_BREACH
REJECTED,GBPUSD,BUY,2021-02-12 02:00:00+00:00,,PRE_TRADE_PROJECTED_EQUITY_BREACH
REJECTED,EURUSD,BUY,2021-02-12 02:30:00+00:00,,PRE_TRADE_PROJECTED_EQUITY_BREACH
REJECTED,EURUSD,BUY,2021-02-12 07:30:00+00:00,,PRE_TRADE_PROJECTED_EQUITY_BREACH
REJECTED,GBPUSD,BUY,2021-02-12 08:30:00+00:00,,PRE_TRADE_PROJECTED_EQUITY_BREACH
REJECTED,EURUSD,BUY,2021-02-12 19:30:00+00:00,,PRE_TRADE_PROJECTED_EQUITY_BREACH
REJECTED,EURUSD,BUY,2021-02-15 21:30:00+00:00,,PRE_TRADE_PROJECTED_EQUITY_BREACH
REJECTED,EURUSD,BUY,2021-02-16 05:30:00+00:00,,PRE_TRADE_PROJECTED_EQUITY_BREACH
REJECTED,GBPUSD,BUY,2021-02-16 07:00:00+00:00,,PRE_TRADE_PROJECTED_EQUITY_BREACH
REJECTED,EURUSD,BUY,2021-02-16 13:00:00+00:00,,PRE_TRADE_PROJECTED_EQUITY_BREACH
REJECTED,GBPUSD,BUY,2021-02-16 13:30:00+00:00,,PRE_TRADE_PROJECTED_EQUITY_BREACH
REJECTED,GBPUSD,BUY,2021-02-16 21:00:00+00:00,,PRE_TRADE_PROJECTED_EQUITY_BREACH
REJECTED,GBPUSD,BUY,2021-02-17 07:00:00+00:00,,PRE_TRADE_PROJECTED_EQUITY_BREACH
REJECTED,GBPUSD,BUY,2021-02-17 10:00:00+00:00,,PRE_TRADE_PROJECTED_EQUITY_BREACH
REJECTED,EURUSD,SELL,2021-02-18 00:30:00+00:00,,PRE_TRADE_PROJECTED_EQUITY_BREACH
REJECTED,GBPUSD,BUY,2021-02-18 02:00:00+00:00,,PRE_TRADE_PROJECTED_EQUITY_BREACH
REJECTED,EURUSD,SELL,2021-02-18 08:00:00+00:00,,PRE_TRADE_PROJECTED_EQUITY_BREACH
REJECTED,GBPUSD,BUY,2021-02-19 03:30:00+00:00,,PRE_TRADE_PROJECTED_EQUITY_BREACH
REJECTED,EURUSD,BUY,2021-02-19 13:00:00+00:00,,PRE_TRADE_PROJECTED_EQUITY_BREACH
REJECTED,EURUSD,BUY,2021-02-19 18:00:00+00:00,,PRE_TRADE_PROJECTED_EQUITY_BREACH
REJECTED,GBPUSD,BUY,2021-02-22 07:00:00+00:00,,PRE_TRADE_PROJECTED_EQUITY_BREACH
REJECTED,EURUSD,BUY,2021-02-22 20:30:00+00:00,,PRE_TRADE_PROJECTED_EQUITY_BREACH
REJECTED,GBPUSD,BUY,2021-02-22 20:30:00+00:00,,PRE_TRADE_PROJECTED_EQUITY_BREACH
REJECTED,EURUSD,BUY,2021-02-23 08:30:00+00:00,,PRE_TRADE_PROJECTED_EQUITY_BREACH
REJECTED,EURUSD,BUY,2021-02-24 04:30:00+00:00,,PRE_TRADE_PROJECTED_EQUITY_BREACH
REJECTED,GBPUSD,BUY,2021-02-24 10:00:00+00:00,,PRE_TRADE_PROJECTED_EQUITY_BREACH
REJECTED,EURUSD,BUY,2021-02-24 15:30:00+00:00,,PRE_TRADE_PROJECTED_EQUITY_BREACH
REJECTED,EURUSD,BUY,2021-02-25 01:30:00+00:00,,PRE_TRADE_PROJECTED_EQUITY_BREACH
REJECTED,GBPUSD,BUY,2021-02-25 01:30:00+00:00,,PRE_TRADE_PROJECTED_EQUITY_BREACH
REJECTED,GBPUSD,BUY,2021-02-25 16:30:00+00:00,,PRE_TRADE_PROJECTED_EQUITY_BREACH
REJECTED,EURUSD,BUY,2021-02-25 18:00:00+00:00,,PRE_TRADE_PROJECTED_EQUITY_BREACH
REJECTED,EURUSD,BUY,2021-02-26 00:00:00+00:00,,PRE_TRADE_PROJECTED_EQUITY_BREACH
REJECTED,EURUSD,SELL,2021-02-28 23:30:00+00:00,,PRE_TRADE_PROJECTED_EQUITY_BREACH
REJECTED,GBPUSD,SELL,2021-02-28 23:30:00+00:00,,PRE_TRADE_PROJECTED_EQUITY_BREACH
REJECTED,EURUSD,SELL,2021-03-01 06:30:00+00:00,,PRE_TRADE_PROJECTED_EQUITY_BREACH
REJECTED,EURUSD,SELL,2021-03-02 10:30:00+00:00,,PRE_TRADE_PROJECTED_EQUITY_BREACH
REJECTED,GBPUSD,SELL,2021-03-02 11:30:00+00:00,,PRE_TRADE_PROJECTED_EQUITY_BREACH
REJECTED,EURUSD,SELL,2021-03-02 16:00:00+00:00,,PRE_TRADE_PROJECTED_EQUITY_BREACH
REJECTED,EURUSD,SELL,2021-03-03 01:00:00+00:00,,PRE_TRADE_PROJECTED_EQUITY_BREACH
REJECTED,GBPUSD,SELL,2021-03-03 01:30:00+00:00,,PRE_TRADE_PROJECTED_EQUITY_BREACH
REJECTED,EURUSD,SELL,2021-03-03 16:00:00+00:00,,PRE_TRADE_PROJECTED_EQUITY_BREACH
REJECTED,EURUSD,SELL,2021-03-04 06:00:00+00:00,,PRE_TRADE_PROJECTED_EQUITY_BREACH
REJECTED,GBPUSD,SELL,2021-03-04 06:00:00+00:00,,PRE_TRADE_PROJECTED_EQUITY_BREACH
REJECTED,GBPUSD,SELL,2021-03-04 13:30:00+00:00,,PRE_TRADE_PROJECTED_EQUITY_BREACH
REJECTED,GBPUSD,SELL,2021-03-05 14:00:00+00:00,,PRE_TRADE_PROJECTED_EQUITY_BREACH
REJECTED,EURUSD,SELL,2021-03-07 23:00:00+00:00,,PRE_TRADE_PROJECTED_EQUITY_BREACH
REJECTED,EURUSD,SELL,2021-03-09 03:30:00+00:00,,PRE_TRADE_PROJECTED_EQUITY_BREACH
REJECTED,GBPUSD,SELL,2021-03-09 03:30:00+00:00,,PRE_TRADE_PROJECTED_EQUITY_BREACH
REJECTED,EURUSD,SELL,2021-03-09 08:30:00+00:00,,PRE_TRADE_PROJECTED_EQUITY_BREACH
REJECTED,EURUSD,SELL,2021-03-09 19:00:00+00:00,,PRE_TRADE_PROJECTED_EQUITY_BREACH
REJECTED,GBPUSD,SELL,2021-03-10 07:30:00+00:00,,PRE_TRADE_PROJECTED_EQUITY_BREACH
REJECTED,EURUSD,SELL,2021-03-10 14:00:00+00:00,,PRE_TRADE_PROJECTED_EQUITY_BREACH
REJECTED,EURUSD,SELL,2021-03-10 18:00:00+00:00,,PRE_TRADE_PROJECTED_EQUITY_BREACH
REJECTED,EURUSD,SELL,2021-03-10 19:00:00+00:00,,PRE_TRADE_PROJECTED_EQUITY_BREACH
REJECTED,EURUSD,SELL,2021-03-11 02:00:00+00:00,,PRE_TRADE_PROJECTED_EQUITY_BREACH
REJECTED,GBPUSD,BUY,2021-03-12 06:30:00+00:00,,PRE_TRADE_PROJECTED_EQUITY_BREACH
REJECTED,EURUSD,SELL,2021-03-15 00:00:00+00:00,,PRE_TRADE_PROJECTED_EQUITY_BREACH
REJECTED,GBPUSD,BUY,2021-03-15 05:00:00+00:00,,PRE_TRADE_PROJECTED_EQUITY_BREACH
REJECTED,GBPUSD,SELL,2021-03-16 11:00:00+00:00,,PRE_TRADE_PROJECTED_EQUITY_BREACH
REJECTED,GBPUSD,SELL,2021-03-16 23:30:00+00:00,,PRE_TRADE_PROJECTED_EQUITY_BREACH
REJECTED,EURUSD,SELL,2021-03-17 18:00:00+00:00,,PRE_TRADE_PROJECTED_EQUITY_BREACH
REJECTED,GBPUSD,BUY,2021-03-18 01:30:00+00:00,,PRE_TRADE_PROJECTED_EQUITY_BREACH
REJECTED,EURUSD,BUY,2021-03-18 03:30:00+00:00,,PRE_TRADE_PROJECTED_EQUITY_BREACH
REJECTED,GBPUSD,BUY,2021-03-18 03:30:00+00:00,,PRE_TRADE_PROJECTED_EQUITY_BREACH
REJECTED,EURUSD,SELL,2021-03-18 16:00:00+00:00,,PRE_TRADE_PROJECTED_EQUITY_BREACH
REJECTED,EURUSD,SELL,2021-03-19 04:30:00+00:00,,PRE_TRADE_PROJECTED_EQUITY_BREACH
REJECTED,EURUSD,SELL,2021-03-19 07:30:00+00:00,,PRE_TRADE_PROJECTED_EQUITY_BREACH
REJECTED,EURUSD,SELL,2021-03-19 15:30:00+00:00,,PRE_TRADE_PROJECTED_EQUITY_BREACH
REJECTED,EURUSD,SELL,2021-03-22 11:00:00+00:00,,PRE_TRADE_PROJECTED_EQUITY_BREACH
REJECTED,GBPUSD,SELL,2021-03-22 16:00:00+00:00,,PRE_TRADE_PROJECTED_EQUITY_BREACH
REJECTED,GBPUSD,SELL,2021-03-24 09:30:00+00:00,,PRE_TRADE_PROJECTED_EQUITY_BREACH
REJECTED,GBPUSD,SELL,2021-03-24 16:00:00+00:00,,PRE_TRADE_PROJECTED_EQUITY_BREACH
REJECTED,EURUSD,SELL,2021-03-25 00:30:00+00:00,,PRE_TRADE_PROJECTED_EQUITY_BREACH
REJECTED,GBPUSD,SELL,2021-03-25 00:30:00+00:00,,PRE_TRADE_PROJECTED_EQUITY_BREACH
REJECTED,GBPUSD,SELL,2021-03-25 10:00:00+00:00,,PRE_TRADE_PROJECTED_EQUITY_BREACH
REJECTED,GBPUSD,SELL,2021-03-25 17:30:00+00:00,,PRE_TRADE_PROJECTED_EQUITY_BREACH
REJECTED,GBPUSD,SELL,2021-03-25 18:30:00+00:00,,PRE_TRADE_PROJECTED_EQUITY_BREACH
REJECTED,GBPUSD,SELL,2021-03-25 23:00:00+00:00,,PRE_TRADE_PROJECTED_EQUITY_BREACH
REJECTED,EURUSD,SELL,2021-03-25 23:30:00+00:00,,PRE_TRADE_PROJECTED_EQUITY_BREACH
REJECTED,GBPUSD,SELL,2021-03-26 01:30:00+00:00,,PRE_TRADE_PROJECTED_EQUITY_BREACH
REJECTED,EURUSD,SELL,2021-03-26 14:30:00+00:00,,PRE_TRADE_PROJECTED_EQUITY_BREACH
REJECTED,GBPUSD,SELL,2021-03-29 08:30:00+00:00,,PRE_TRADE_PROJECTED_EQUITY_BREACH
REJECTED,EURUSD,SELL,2021-03-29 14:00:00+00:00,,PRE_TRADE_PROJECTED_EQUITY_BREACH
REJECTED,GBPUSD,SELL,2021-03-30 20:00:00+00:00,,PRE_TRADE_PROJECTED_EQUITY_BREACH
REJECTED,GBPUSD,SELL,2021-03-30 21:30:00+00:00,,PRE_TRADE_PROJECTED_EQUITY_BREACH
REJECTED,EURUSD,SELL,2021-03-31 01:00:00+00:00,,PRE_TRADE_PROJECTED_EQUITY_BREACH
REJECTED,EURUSD,SELL,2021-03-31 07:00:00+00:00,,PRE_TRADE_PROJECTED_EQUITY_BREACH
REJECTED,GBPUSD,SELL,2021-03-31 07:30:00+00:00,,PRE_TRADE_PROJECTED_EQUITY_BREACH
REJECTED,EURUSD,SELL,2021-03-31 15:00:00+00:00,,PRE_TRADE_PROJECTED_EQUITY_BREACH
REJECTED,GBPUSD,SELL,2021-03-31 15:00:00+00:00,,PRE_TRADE_PROJECTED_EQUITY_BREACH
REJECTED,EURUSD,SELL,2021-04-01 07:30:00+00:00,,PRE_TRADE_PROJECTED_EQUITY_BREACH
REJECTED,EURUSD,SELL,2021-04-02 10:00:00+00:00,,PRE_TRADE_PROJECTED_EQUITY_BREACH
REJECTED,EURUSD,SELL,2021-04-05 00:30:00+00:00,,PRE_TRADE_PROJECTED_EQUITY_BREACH
REJECTED,EURUSD,SELL,2021-04-05 13:00:00+00:00,,PRE_TRADE_PROJECTED_EQUITY_BREACH
REJECTED,GBPUSD,BUY,2021-04-06 02:30:00+00:00,,PRE_TRADE_PROJECTED_EQUITY_BREACH
REJECTED,EURUSD,BUY,2021-04-06 03:00:00+00:00,,PRE_TRADE_PROJECTED_EQUITY_BREACH
REJECTED,GBPUSD,BUY,2021-04-06 08:00:00+00:00,,PRE_TRADE_PROJECTED_EQUITY_BREACH
REJECTED,GBPUSD,BUY,2021-04-06 10:00:00+00:00,,PRE_TRADE_PROJECTED_EQUITY_BREACH
REJECTED,EURUSD,BUY,2021-04-07 19:30:00+00:00,,PRE_TRADE_PROJECTED_EQUITY_BREACH
REJECTED,GBPUSD,SELL,2021-04-08 03:30:00+00:00,,PRE_TRADE_PROJECTED_EQUITY_BREACH
REJECTED,GBPUSD,SELL,2021-04-08 05:00:00+00:00,,PRE_TRADE_PROJECTED_EQUITY_BREACH
REJECTED,EURUSD,BUY,2021-04-08 10:30:00+00:00,,PRE_TRADE_PROJECTED_EQUITY_BREACH
REJECTED,GBPUSD,SELL,2021-04-09 01:30:00+00:00,,PRE_TRADE_PROJECTED_EQUITY_BREACH
REJECTED,EURUSD,BUY,2021-04-09 06:00:00+00:00,,PRE_TRADE_PROJECTED_EQUITY_BREACH
REJECTED,EURUSD,BUY,2021-04-09 21:30:00+00:00,,PRE_TRADE_PROJECTED_EQUITY_BREACH
REJECTED,EURUSD,BUY,2021-04-12 08:00:00+00:00,,PRE_TRADE_PROJECTED_EQUITY_BREACH
REJECTED,GBPUSD,SELL,2021-04-12 08:30:00+00:00,,PRE_TRADE_PROJECTED_EQUITY_BREACH
REJECTED,GBPUSD,SELL,2021-04-13 00:00:00+00:00,,PRE_TRADE_PROJECTED_EQUITY_BREACH
REJECTED,EURUSD,BUY,2021-04-13 01:00:00+00:00,,PRE_TRADE_PROJECTED_EQUITY_BREACH
REJECTED,EURUSD,BUY,2021-04-13 04:00:00+00:00,,PRE_TRADE_PROJECTED_EQUITY_BREACH
REJECTED,GBPUSD,SELL,2021-04-14 00:30:00+00:00,,PRE_TRADE_PROJECTED_EQUITY_BREACH
REJECTED,EURUSD,BUY,2021-04-15 05:30:00+00:00,,PRE_TRADE_PROJECTED_EQUITY_BREACH
REJECTED,EURUSD,BUY,2021-04-15 11:30:00+00:00,,PRE_TRADE_PROJECTED_EQUITY_BREACH
REJECTED,GBPUSD,BUY,2021-04-15 22:00:00+00:00,,PRE_TRADE_PROJECTED_EQUITY_BREACH
REJECTED,EURUSD,BUY,2021-04-16 01:30:00+00:00,,PRE_TRADE_PROJECTED_EQUITY_BREACH
REJECTED,EURUSD,BUY,2021-04-18 23:00:00+00:00,,PRE_TRADE_PROJECTED_EQUITY_BREACH
REJECTED,EURUSD,BUY,2021-04-19 01:30:00+00:00,,PRE_TRADE_PROJECTED_EQUITY_BREACH
REJECTED,GBPUSD,BUY,2021-04-20 02:00:00+00:00,,PRE_TRADE_PROJECTED_EQUITY_BREACH
REJECTED,EURUSD,BUY,2021-04-20 11:30:00+00:00,,PRE_TRADE_PROJECTED_EQUITY_BREACH
REJECTED,EURUSD,BUY,2021-04-20 13:30:00+00:00,,PRE_TRADE_PROJECTED_EQUITY_BREACH
REJECTED,EURUSD,BUY,2021-04-21 05:00:00+00:00,,PRE_TRADE_PROJECTED_EQUITY_BREACH
REJECTED,GBPUSD,BUY,2021-04-21 05:00:00+00:00,,PRE_TRADE_PROJECTED_EQUITY_BREACH
REJECTED,EURUSD,BUY,2021-04-21 09:30:00+00:00,,PRE_TRADE_PROJECTED_EQUITY_BREACH
REJECTED,GBPUSD,BUY,2021-04-21 13:30:00+00:00,,PRE_TRADE_PROJECTED_EQUITY_BREACH
REJECTED,GBPUSD,BUY,2021-04-22 05:30:00+00:00,,PRE_TRADE_PROJECTED_EQUITY_BREACH
REJECTED,EURUSD,BUY,2021-04-22 06:00:00+00:00,,PRE_TRADE_PROJECTED_EQUITY_BREACH
REJECTED,GBPUSD,BUY,2021-04-22 09:00:00+00:00,,PRE_TRADE_PROJECTED_EQUITY_BREACH
REJECTED,GBPUSD,BUY,2021-04-22 14:00:00+00:00,,PRE_TRADE_PROJECTED_EQUITY_BREACH
REJECTED,GBPUSD,SELL,2021-04-23 02:00:00+00:00,,PRE_TRADE_PROJECTED_EQUITY_BREACH
REJECTED,EURUSD,BUY,2021-04-23 15:30:00+00:00,,PRE_TRADE_PROJECTED_EQUITY_BREACH
REJECTED,EURUSD,BUY,2021-04-26 12:30:00+00:00,,PRE_TRADE_PROJECTED_EQUITY_BREACH
REJECTED,EURUSD,BUY,2021-04-26 14:30:00+00:00,,PRE_TRADE_PROJECTED_EQUITY_BREACH
REJECTED,EURUSD,BUY,2021-04-26 21:30:00+00:00,,PRE_TRADE_PROJECTED_EQUITY_BREACH
REJECTED,EURUSD,BUY,2021-04-27 00:30:00+00:00,,PRE_TRADE_PROJECTED_EQUITY_BREACH
REJECTED,EURUSD,BUY,2021-04-27 02:00:00+00:00,,PRE_TRADE_PROJECTED_EQUITY_BREACH
REJECTED,EURUSD,BUY,2021-04-27 03:00:00+00:00,,PRE_TRADE_PROJECTED_EQUITY_BREACH
REJECTED,GBPUSD,BUY,2021-04-27 08:00:00+00:00,,PRE_TRADE_PROJECTED_EQUITY_BREACH
REJECTED,EURUSD,BUY,2021-04-27 09:30:00+00:00,,PRE_TRADE_PROJECTED_EQUITY_BREACH
REJECTED,GBPUSD,BUY,2021-04-27 14:00:00+00:00,,PRE_TRADE_PROJECTED_EQUITY_BREACH
REJECTED,EURUSD,BUY,2021-04-28 01:30:00+00:00,,PRE_TRADE_PROJECTED_EQUITY_BREACH
REJECTED,GBPUSD,BUY,2021-04-28 01:30:00+00:00,,PRE_TRADE_PROJECTED_EQUITY_BREACH
REJECTED,EURUSD,BUY,2021-04-28 05:30:00+00:00,,PRE_TRADE_PROJECTED_EQUITY_BREACH
REJECTED,EURUSD,BUY,2021-04-29 04:30:00+00:00,,PRE_TRADE_PROJECTED_EQUITY_BREACH
REJECTED,GBPUSD,BUY,2021-04-29 04:30:00+00:00,,PRE_TRADE_PROJECTED_EQUITY_BREACH
REJECTED,EURUSD,BUY,2021-04-29 08:30:00+00:00,,PRE_TRADE_PROJECTED_EQUITY_BREACH
REJECTED,GBPUSD,BUY,2021-04-29 09:30:00+00:00,,PRE_TRADE_PROJECTED_EQUITY_BREACH
REJECTED,EURUSD,BUY,2021-04-29 14:30:00+00:00,,PRE_TRADE_PROJECTED_EQUITY_BREACH
REJECTED,GBPUSD,BUY,2021-04-30 04:00:00+00:00,,PRE_TRADE_PROJECTED_EQUITY_BREACH
REJECTED,GBPUSD,BUY,2021-04-30 07:30:00+00:00,,PRE_TRADE_PROJECTED_EQUITY_BREACH
REJECTED,EURUSD,BUY,2021-04-30 08:00:00+00:00,,PRE_TRADE_PROJECTED_EQUITY_BREACH
REJECTED,EURUSD,BUY,2021-04-30 11:30:00+00:00,,PRE_TRADE_PROJECTED_EQUITY_BREACH
REJECTED,EURUSD,SELL,2021-05-03 01:30:00+00:00,,PRE_TRADE_PROJECTED_EQUITY_BREACH
REJECTED,GBPUSD,SELL,2021-05-03 01:30:00+00:00,,PRE_TRADE_PROJECTED_EQUITY_BREACH
REJECTED,EURUSD,SELL,2021-05-03 07:30:00+00:00,,PRE_TRADE_PROJECTED_EQUITY_BREACH
REJECTED,GBPUSD,SELL,2021-05-03 08:00:00+00:00,,PRE_TRADE_PROJECTED_EQUITY_BREACH
REJECTED,EURUSD,SELL,2021-05-03 10:00:00+00:00,,PRE_TRADE_PROJECTED_EQUITY_BREACH
REJECTED,EURUSD,SELL,2021-05-03 11:30:00+00:00,,PRE_TRADE_PROJECTED_EQUITY_BREACH
REJECTED,GBPUSD,SELL,2021-05-03 11:30:00+00:00,,PRE_TRADE_PROJECTED_EQUITY_BREACH
REJECTED,GBPUSD,SELL,2021-05-03 13:00:00+00:00,,PRE_TRADE_PROJECTED_EQUITY_BREACH
REJECTED,GBPUSD,SELL,2021-05-04 15:30:00+00:00,,PRE_TRADE_PROJECTED_EQUITY_BREACH
REJECTED,GBPUSD,BUY,2021-05-05 06:00:00+00:00,,PRE_TRADE_PROJECTED_EQUITY_BREACH
REJECTED,EURUSD,SELL,2021-05-05 11:00:00+00:00,,PRE_TRADE_PROJECTED_EQUITY_BREACH
REJECTED,EURUSD,SELL,2021-05-05 20:30:00+00:00,,PRE_TRADE_PROJECTED_EQUITY_BREACH
REJECTED,EURUSD,SELL,2021-05-05 22:30:00+00:00,,PRE_TRADE_PROJECTED_EQUITY_BREACH
REJECTED,EURUSD,SELL,2021-05-06 07:30:00+00:00,,PRE_TRADE_PROJECTED_EQUITY_BREACH
REJECTED,GBPUSD,SELL,2021-05-06 20:00:00+00:00,,PRE_TRADE_PROJECTED_EQUITY_BREACH
REJECTED,EURUSD,BUY,2021-05-07 06:30:00+00:00,,PRE_TRADE_PROJECTED_EQUITY_BREACH
REJECTED,EURUSD,BUY,2021-05-10 19:30:00+00:00,,PRE_TRADE_PROJECTED_EQUITY_BREACH
REJECTED,GBPUSD,BUY,2021-05-10 21:00:00+00:00,,PRE_TRADE_PROJECTED_EQUITY_BREACH
REJECTED,EURUSD,BUY,2021-05-11 07:30:00+00:00,,PRE_TRADE_PROJECTED_EQUITY_BREACH
REJECTED,EURUSD,BUY,2021-05-11 14:00:00+00:00,,PRE_TRADE_PROJECTED_EQUITY_BREACH
REJECTED,EURUSD,BUY,2021-05-11 19:00:00+00:00,,PRE_TRADE_PROJECTED_EQUITY_BREACH
REJECTED,EURUSD,BUY,2021-05-12 01:30:00+00:00,,PRE_TRADE_PROJECTED_EQUITY_BREACH
REJECTED,GBPUSD,BUY,2021-05-12 01:30:00+00:00,,PRE_TRADE_PROJECTED_EQUITY_BREACH
REJECTED,EURUSD,BUY,2021-05-12 12:00:00+00:00,,PRE_TRADE_PROJECTED_EQUITY_BREACH
REJECTED,GBPUSD,BUY,2021-05-12 16:30:00+00:00,,PRE_TRADE_PROJECTED_EQUITY_BREACH
REJECTED,EURUSD,SELL,2021-05-13 08:00:00+00:00,,PRE_TRADE_PROJECTED_EQUITY_BREACH
REJECTED,EURUSD,SELL,2021-05-13 14:00:00+00:00,,PRE_TRADE_PROJECTED_EQUITY_BREACH
REJECTED,EURUSD,BUY,2021-05-17 21:30:00+00:00,,PRE_TRADE_PROJECTED_EQUITY_BREACH
REJECTED,GBPUSD,BUY,2021-05-18 21:30:00+00:00,,PRE_TRADE_PROJECTED_EQUITY_BREACH
REJECTED,GBPUSD,BUY,2021-05-19 03:30:00+00:00,,PRE_TRADE_PROJECTED_EQUITY_BREACH
REJECTED,EURUSD,BUY,2021-05-19 09:00:00+00:00,,PRE_TRADE_PROJECTED_EQUITY_BREACH
REJECTED,GBPUSD,BUY,2021-05-19 12:00:00+00:00,,PRE_TRADE_PROJECTED_EQUITY_BREACH
REJECTED,EURUSD,BUY,2021-05-19 18:30:00+00:00,,PRE_TRADE_PROJECTED_EQUITY_BREACH
REJECTED,GBPUSD,BUY,2021-05-19 19:00:00+00:00,,PRE_TRADE_PROJECTED_EQUITY_BREACH
REJECTED,EURUSD,BUY,2021-05-21 12:30:00+00:00,,PRE_TRADE_PROJECTED_EQUITY_BREACH
REJECTED,GBPUSD,BUY,2021-05-25 11:30:00+00:00,,PRE_TRADE_PROJECTED_EQUITY_BREACH
REJECTED,GBPUSD,BUY,2021-05-25 13:30:00+00:00,,PRE_TRADE_PROJECTED_EQUITY_BREACH
REJECTED,GBPUSD,BUY,2021-05-26 07:30:00+00:00,,PRE_TRADE_PROJECTED_EQUITY_BREACH
REJECTED,EURUSD,BUY,2021-05-26 13:30:00+00:00,,PRE_TRADE_PROJECTED_EQUITY_BREACH
REJECTED,GBPUSD,BUY,2021-05-26 14:00:00+00:00,,PRE_TRADE_PROJECTED_EQUITY_BREACH
REJECTED,EURUSD,BUY,2021-05-26 18:00:00+00:00,,PRE_TRADE_PROJECTED_EQUITY_BREACH
REJECTED,EURUSD,SELL,2021-05-26 23:00:00+00:00,,PRE_TRADE_PROJECTED_EQUITY_BREACH
REJECTED,GBPUSD,BUY,2021-05-28 01:30:00+00:00,,PRE_TRADE_PROJECTED_EQUITY_BREACH
REJECTED,EURUSD,SELL,2021-05-28 09:00:00+00:00,,PRE_TRADE_PROJECTED_EQUITY_BREACH
REJECTED,GBPUSD,BUY,2021-05-28 12:00:00+00:00,,PRE_TRADE_PROJECTED_EQUITY_BREACH
REJECTED,EURUSD,SELL,2021-05-28 16:00:00+00:00,,PRE_TRADE_PROJECTED_EQUITY_BREACH
REJECTED,GBPUSD,BUY,2021-05-31 01:00:00+00:00,,PRE_TRADE_PROJECTED_EQUITY_BREACH
REJECTED,GBPUSD,BUY,2021-06-01 06:00:00+00:00,,PRE_TRADE_PROJECTED_EQUITY_BREACH
REJECTED,GBPUSD,BUY,2021-06-01 09:00:00+00:00,,PRE_TRADE_PROJECTED_EQUITY_BREACH
REJECTED,GBPUSD,BUY,2021-06-01 13:30:00+00:00,,PRE_TRADE_PROJECTED_EQUITY_BREACH
REJECTED,EURUSD,BUY,2021-06-01 18:00:00+00:00,,PRE_TRADE_PROJECTED_EQUITY_BREACH
REJECTED,GBPUSD,BUY,2021-06-01 18:00:00+00:00,,PRE_TRADE_PROJECTED_EQUITY_BREACH
REJECTED,EURUSD,BUY,2021-06-01 20:00:00+00:00,,PRE_TRADE_PROJECTED_EQUITY_BREACH
REJECTED,GBPUSD,SELL,2021-06-02 00:30:00+00:00,,PRE_TRADE_PROJECTED_EQUITY_BREACH
REJECTED,EURUSD,BUY,2021-06-02 06:30:00+00:00,,PRE_TRADE_PROJECTED_EQUITY_BREACH
REJECTED,EURUSD,BUY,2021-06-02 08:00:00+00:00,,PRE_TRADE_PROJECTED_EQUITY_BREACH
REJECTED,GBPUSD,BUY,2021-06-03 06:00:00+00:00,,PRE_TRADE_PROJECTED_EQUITY_BREACH
REJECTED,GBPUSD,SELL,2021-06-03 20:30:00+00:00,,PRE_TRADE_PROJECTED_EQUITY_BREACH
REJECTED,GBPUSD,SELL,2021-06-04 09:30:00+00:00,,PRE_TRADE_PROJECTED_EQUITY_BREACH
REJECTED,EURUSD,SELL,2021-06-04 13:30:00+00:00,,PRE_TRADE_PROJECTED_EQUITY_BREACH
REJECTED,GBPUSD,BUY,2021-06-07 21:00:00+00:00,,PRE_TRADE_PROJECTED_EQUITY_BREACH
REJECTED,EURUSD,BUY,2021-06-07 21:30:00+00:00,,PRE_TRADE_PROJECTED_EQUITY_BREACH
REJECTED,GBPUSD,BUY,2021-06-08 00:30:00+00:00,,PRE_TRADE_PROJECTED_EQUITY_BREACH
REJECTED,EURUSD,BUY,2021-06-08 01:30:00+00:00,,PRE_TRADE_PROJECTED_EQUITY_BREACH
REJECTED,GBPUSD,BUY,2021-06-08 01:30:00+00:00,,PRE_TRADE_PROJECTED_EQUITY_BREACH
REJECTED,EURUSD,BUY,2021-06-08 04:00:00+00:00,,PRE_TRADE_PROJECTED_EQUITY_BREACH
REJECTED,GBPUSD,BUY,2021-06-08 04:00:00+00:00,,PRE_TRADE_PROJECTED_EQUITY_BREACH
REJECTED,GBPUSD,SELL,2021-06-10 02:30:00+00:00,,PRE_TRADE_PROJECTED_EQUITY_BREACH
REJECTED,EURUSD,SELL,2021-06-11 02:00:00+00:00,,PRE_TRADE_PROJECTED_EQUITY_BREACH
REJECTED,EURUSD,BUY,2021-06-11 08:00:00+00:00,,PRE_TRADE_PROJECTED_EQUITY_BREACH
REJECTED,GBPUSD,BUY,2021-06-11 08:00:00+00:00,,PRE_TRADE_PROJECTED_EQUITY_BREACH
REJECTED,EURUSD,SELL,2021-06-11 20:30:00+00:00,,PRE_TRADE_PROJECTED_EQUITY_BREACH
REJECTED,GBPUSD,SELL,2021-06-14 00:30:00+00:00,,PRE_TRADE_PROJECTED_EQUITY_BREACH
REJECTED,GBPUSD,SELL,2021-06-14 11:30:00+00:00,,PRE_TRADE_PROJECTED_EQUITY_BREACH
REJECTED,GBPUSD,SELL,2021-06-15 01:00:00+00:00,,PRE_TRADE_PROJECTED_EQUITY_BREACH
REJECTED,GBPUSD,SELL,2021-06-15 06:30:00+00:00,,PRE_TRADE_PROJECTED_EQUITY_BREACH
REJECTED,EURUSD,SELL,2021-06-15 07:00:00+00:00,,PRE_TRADE_PROJECTED_EQUITY_BREACH
REJECTED,EURUSD,SELL,2021-06-15 08:30:00+00:00,,PRE_TRADE_PROJECTED_EQUITY_BREACH
REJECTED,GBPUSD,SELL,2021-06-16 05:30:00+00:00,,PRE_TRADE_PROJECTED_EQUITY_BREACH
REJECTED,GBPUSD,SELL,2021-06-16 08:30:00+00:00,,PRE_TRADE_PROJECTED_EQUITY_BREACH
REJECTED,GBPUSD,SELL,2021-06-16 13:00:00+00:00,,PRE_TRADE_PROJECTED_EQUITY_BREACH
REJECTED,EURUSD,SELL,2021-06-18 00:30:00+00:00,,PRE_TRADE_PROJECTED_EQUITY_BREACH
REJECTED,GBPUSD,SELL,2021-06-18 00:30:00+00:00,,PRE_TRADE_PROJECTED_EQUITY_BREACH
REJECTED,EURUSD,SELL,2021-06-18 04:00:00+00:00,,PRE_TRADE_PROJECTED_EQUITY_BREACH
REJECTED,EURUSD,SELL,2021-06-21 00:00:00+00:00,,PRE_TRADE_PROJECTED_EQUITY_BREACH
REJECTED,GBPUSD,SELL,2021-06-21 07:00:00+00:00,,PRE_TRADE_PROJECTED_EQUITY_BREACH
REJECTED,GBPUSD,SELL,2021-06-21 10:00:00+00:00,,PRE_TRADE_PROJECTED_EQUITY_BREACH
REJECTED,EURUSD,SELL,2021-06-21 15:00:00+00:00,,PRE_TRADE_PROJECTED_EQUITY_BREACH
REJECTED,GBPUSD,SELL,2021-06-21 15:00:00+00:00,,PRE_TRADE_PROJECTED_EQUITY_BREACH
REJECTED,GBPUSD,SELL,2021-06-21 19:00:00+00:00,,PRE_TRADE_PROJECTED_EQUITY_BREACH
REJECTED,GBPUSD,SELL,2021-06-22 12:30:00+00:00,,PRE_TRADE_PROJECTED_EQUITY_BREACH
REJECTED,EURUSD,SELL,2021-06-22 17:00:00+00:00,,PRE_TRADE_PROJECTED_EQUITY_BREACH
REJECTED,GBPUSD,SELL,2021-06-22 17:00:00+00:00,,PRE_TRADE_PROJECTED_EQUITY_BREACH
REJECTED,GBPUSD,SELL,2021-06-22 20:00:00+00:00,,PRE_TRADE_PROJECTED_EQUITY_BREACH
REJECTED,GBPUSD,SELL,2021-06-23 07:30:00+00:00,,PRE_TRADE_PROJECTED_EQUITY_BREACH
REJECTED,EURUSD,SELL,2021-06-23 14:30:00+00:00,,PRE_TRADE_PROJECTED_EQUITY_BREACH
REJECTED,EURUSD,SELL,2021-06-23 23:00:00+00:00,,PRE_TRADE_PROJECTED_EQUITY_BREACH
REJECTED,EURUSD,SELL,2021-06-24 07:00:00+00:00,,PRE_TRADE_PROJECTED_EQUITY_BREACH
REJECTED,GBPUSD,SELL,2021-06-24 19:00:00+00:00,,PRE_TRADE_PROJECTED_EQUITY_BREACH
REJECTED,EURUSD,SELL,2021-06-25 02:00:00+00:00,,PRE_TRADE_PROJECTED_EQUITY_BREACH
REJECTED,EURUSD,SELL,2021-06-25 14:00:00+00:00,,PRE_TRADE_PROJECTED_EQUITY_BREACH
REJECTED,GBPUSD,SELL,2021-06-25 14:30:00+00:00,,PRE_TRADE_PROJECTED_EQUITY_BREACH
REJECTED,GBPUSD,SELL,2021-06-28 00:30:00+00:00,,PRE_TRADE_PROJECTED_EQUITY_BREACH
REJECTED,GBPUSD,SELL,2021-06-28 06:00:00+00:00,,PRE_TRADE_PROJECTED_EQUITY_BREACH
REJECTED,GBPUSD,SELL,2021-06-28 07:30:00+00:00,,PRE_TRADE_PROJECTED_EQUITY_BREACH
REJECTED,EURUSD,SELL,2021-06-28 08:30:00+00:00,,PRE_TRADE_PROJECTED_EQUITY_BREACH
REJECTED,EURUSD,SELL,2021-06-28 16:30:00+00:00,,PRE_TRADE_PROJECTED_EQUITY_BREACH
REJECTED,EURUSD,SELL,2021-06-29 15:30:00+00:00,,PRE_TRADE_PROJECTED_EQUITY_BREACH
REJECTED,GBPUSD,SELL,2021-06-30 11:30:00+00:00,,PRE_TRADE_PROJECTED_EQUITY_BREACH
REJECTED,GBPUSD,SELL,2021-06-30 21:00:00+00:00,,PRE_TRADE_PROJECTED_EQUITY_BREACH
REJECTED,EURUSD,SELL,2021-07-01 11:30:00+00:00,,PRE_TRADE_PROJECTED_EQUITY_BREACH
REJECTED,GBPUSD,SELL,2021-07-01 12:30:00+00:00,,PRE_TRADE_PROJECTED_EQUITY_BREACH
REJECTED,GBPUSD,SELL,2021-07-02 03:30:00+00:00,,PRE_TRADE_PROJECTED_EQUITY_BREACH
REJECTED,EURUSD,SELL,2021-07-02 06:00:00+00:00,,PRE_TRADE_PROJECTED_EQUITY_BREACH
REJECTED,EURUSD,SELL,2021-07-02 13:30:00+00:00,,PRE_TRADE_PROJECTED_EQUITY_BREACH
REJECTED,GBPUSD,SELL,2021-07-02 17:30:00+00:00,,PRE_TRADE_PROJECTED_EQUITY_BREACH
REJECTED,EURUSD,SELL,2021-07-02 18:30:00+00:00,,PRE_TRADE_PROJECTED_EQUITY_BREACH
REJECTED,GBPUSD,SELL,2021-07-05 23:30:00+00:00,,PRE_TRADE_PROJECTED_EQUITY_BREACH
REJECTED,EURUSD,SELL,2021-07-06 03:00:00+00:00,,PRE_TRADE_PROJECTED_EQUITY_BREACH
REJECTED,EURUSD,SELL,2021-07-06 06:30:00+00:00,,PRE_TRADE_PROJECTED_EQUITY_BREACH
REJECTED,GBPUSD,BUY,2021-07-06 09:00:00+00:00,,PRE_TRADE_PROJECTED_EQUITY_BREACH
REJECTED,GBPUSD,SELL,2021-07-07 13:00:00+00:00,,PRE_TRADE_PROJECTED_EQUITY_BREACH
REJECTED,EURUSD,SELL,2021-07-08 05:30:00+00:00,,PRE_TRADE_PROJECTED_EQUITY_BREACH
REJECTED,GBPUSD,SELL,2021-07-08 06:30:00+00:00,,PRE_TRADE_PROJECTED_EQUITY_BREACH
REJECTED,EURUSD,SELL,2021-07-08 15:00:00+00:00,,PRE_TRADE_PROJECTED_EQUITY_BREACH
REJECTED,GBPUSD,SELL,2021-07-09 11:30:00+00:00,,PRE_TRADE_PROJECTED_EQUITY_BREACH
REJECTED,EURUSD,BUY,2021-07-09 16:00:00+00:00,,PRE_TRADE_PROJECTED_EQUITY_BREACH
REJECTED,GBPUSD,BUY,2021-07-12 04:30:00+00:00,,PRE_TRADE_PROJECTED_EQUITY_BREACH
REJECTED,EURUSD,BUY,2021-07-12 06:00:00+00:00,,PRE_TRADE_PROJECTED_EQUITY_BREACH
REJECTED,EURUSD,BUY,2021-07-12 07:00:00+00:00,,PRE_TRADE_PROJECTED_EQUITY_BREACH
REJECTED,GBPUSD,BUY,2021-07-12 09:30:00+00:00,,PRE_TRADE_PROJECTED_EQUITY_BREACH
REJECTED,GBPUSD,BUY,2021-07-12 19:30:00+00:00,,PRE_TRADE_PROJECTED_EQUITY_BREACH
REJECTED,GBPUSD,BUY,2021-07-13 06:30:00+00:00,,PRE_TRADE_PROJECTED_EQUITY_BREACH
REJECTED,GBPUSD,BUY,2021-07-13 09:00:00+00:00,,PRE_TRADE_PROJECTED_EQUITY_BREACH
REJECTED,GBPUSD,SELL,2021-07-14 03:30:00+00:00,,PRE_TRADE_PROJECTED_EQUITY_BREACH
REJECTED,EURUSD,SELL,2021-07-14 06:30:00+00:00,,PRE_TRADE_PROJECTED_EQUITY_BREACH
REJECTED,GBPUSD,SELL,2021-07-14 07:00:00+00:00,,PRE_TRADE_PROJECTED_EQUITY_BREACH
REJECTED,EURUSD,SELL,2021-07-14 13:00:00+00:00,,PRE_TRADE_PROJECTED_EQUITY_BREACH
REJECTED,GBPUSD,BUY,2021-07-14 16:30:00+00:00,,PRE_TRADE_PROJECTED_EQUITY_BREACH
REJECTED,EURUSD,SELL,2021-07-14 17:00:00+00:00,,PRE_TRADE_PROJECTED_EQUITY_BREACH
REJECTED,GBPUSD,BUY,2021-07-15 01:00:00+00:00,,PRE_TRADE_PROJECTED_EQUITY_BREACH
REJECTED,GBPUSD,SELL,2021-07-15 11:00:00+00:00,,PRE_TRADE_PROJECTED_EQUITY_BREACH
REJECTED,EURUSD,SELL,2021-07-15 20:30:00+00:00,,PRE_TRADE_PROJECTED_EQUITY_BREACH
REJECTED,EURUSD,SELL,2021-07-16 18:00:00+00:00,,PRE_TRADE_PROJECTED_EQUITY_BREACH
REJECTED,EURUSD,SELL,2021-07-19 14:00:00+00:00,,PRE_TRADE_PROJECTED_EQUITY_BREACH
REJECTED,GBPUSD,SELL,2021-07-20 03:00:00+00:00,,PRE_TRADE_PROJECTED_EQUITY_BREACH
REJECTED,EURUSD,SELL,2021-07-20 19:00:00+00:00,,PRE_TRADE_PROJECTED_EQUITY_BREACH
REJECTED,GBPUSD,SELL,2021-07-21 00:30:00+00:00,,PRE_TRADE_PROJECTED_EQUITY_BREACH
REJECTED,GBPUSD,SELL,2021-07-21 14:30:00+00:00,,PRE_TRADE_PROJECTED_EQUITY_BREACH
REJECTED,EURUSD,SELL,2021-07-21 16:00:00+00:00,,PRE_TRADE_PROJECTED_EQUITY_BREACH
REJECTED,GBPUSD,SELL,2021-07-21 16:30:00+00:00,,PRE_TRADE_PROJECTED_EQUITY_BREACH
REJECTED,GBPUSD,SELL,2021-07-21 18:00:00+00:00,,PRE_TRADE_PROJECTED_EQUITY_BREACH
REJECTED,GBPUSD,SELL,2021-07-22 07:30:00+00:00,,PRE_TRADE_PROJECTED_EQUITY_BREACH
REJECTED,GBPUSD,BUY,2021-07-22 17:00:00+00:00,,PRE_TRADE_PROJECTED_EQUITY_BREACH
REJECTED,GBPUSD,BUY,2021-07-23 03:00:00+00:00,,PRE_TRADE_PROJECTED_EQUITY_BREACH
REJECTED,GBPUSD,BUY,2021-07-23 08:00:00+00:00,,PRE_TRADE_PROJECTED_EQUITY_BREACH
REJECTED,EURUSD,SELL,2021-07-23 13:30:00+00:00,,PRE_TRADE_PROJECTED_EQUITY_BREACH
REJECTED,EURUSD,SELL,2021-07-26 06:30:00+00:00,,PRE_TRADE_PROJECTED_EQUITY_BREACH
REJECTED,GBPUSD,BUY,2021-07-26 19:00:00+00:00,,PRE_TRADE_PROJECTED_EQUITY_BREACH
REJECTED,EURUSD,BUY,2021-07-26 19:30:00+00:00,,PRE_TRADE_PROJECTED_EQUITY_BREACH
REJECTED,EURUSD,BUY,2021-07-27 07:00:00+00:00,,PRE_TRADE_PROJECTED_EQUITY_BREACH
REJECTED,GBPUSD,BUY,2021-07-27 07:00:00+00:00,,PRE_TRADE_PROJECTED_EQUITY_BREACH
REJECTED,GBPUSD,BUY,2021-07-27 08:00:00+00:00,,PRE_TRADE_PROJECTED_EQUITY_BREACH
REJECTED,EURUSD,BUY,2021-07-27 20:00:00+00:00,,PRE_TRADE_PROJECTED_EQUITY_BREACH
REJECTED,GBPUSD,BUY,2021-07-28 05:30:00+00:00,,PRE_TRADE_PROJECTED_EQUITY_BREACH
REJECTED,EURUSD,BUY,2021-07-28 06:00:00+00:00,,PRE_TRADE_PROJECTED_EQUITY_BREACH
REJECTED,EURUSD,BUY,2021-07-28 07:30:00+00:00,,PRE_TRADE_PROJECTED_EQUITY_BREACH
REJECTED,GBPUSD,BUY,2021-07-28 14:30:00+00:00,,PRE_TRADE_PROJECTED_EQUITY_BREACH
REJECTED,GBPUSD,BUY,2021-07-29 21:30:00+00:00,,PRE_TRADE_PROJECTED_EQUITY_BREACH
REJECTED,EURUSD,BUY,2021-07-30 01:30:00+00:00,,PRE_TRADE_PROJECTED_EQUITY_BREACH
REJECTED,GBPUSD,BUY,2021-07-30 01:30:00+00:00,,PRE_TRADE_PROJECTED_EQUITY_BREACH
REJECTED,GBPUSD,BUY,2021-07-30 12:30:00+00:00,,PRE_TRADE_PROJECTED_EQUITY_BREACH
REJECTED,EURUSD,BUY,2021-07-30 15:30:00+00:00,,PRE_TRADE_PROJECTED_EQUITY_BREACH
REJECTED,GBPUSD,BUY,2021-07-30 19:00:00+00:00,,PRE_TRADE_PROJECTED_EQUITY_BREACH
REJECTED,GBPUSD,BUY,2021-08-02 11:30:00+00:00,,PRE_TRADE_PROJECTED_EQUITY_BREACH
REJECTED,GBPUSD,BUY,2021-08-02 13:30:00+00:00,,PRE_TRADE_PROJECTED_EQUITY_BREACH
REJECTED,GBPUSD,BUY,2021-08-03 14:30:00+00:00,,PRE_TRADE_PROJECTED_EQUITY_BREACH
REJECTED,EURUSD,BUY,2021-08-03 15:30:00+00:00,,PRE_TRADE_PROJECTED_EQUITY_BREACH
REJECTED,EURUSD,SELL,2021-08-05 08:00:00+00:00,,PRE_TRADE_PROJECTED_EQUITY_BREACH
REJECTED,GBPUSD,BUY,2021-08-05 13:30:00+00:00,,PRE_TRADE_PROJECTED_EQUITY_BREACH
REJECTED,GBPUSD,BUY,2021-08-06 01:00:00+00:00,,PRE_TRADE_PROJECTED_EQUITY_BREACH
REJECTED,GBPUSD,SELL,2021-08-10 09:00:00+00:00,,PRE_TRADE_PROJECTED_EQUITY_BREACH
REJECTED,EURUSD,SELL,2021-08-11 13:30:00+00:00,,PRE_TRADE_PROJECTED_EQUITY_BREACH
REJECTED,GBPUSD,SELL,2021-08-11 13:30:00+00:00,,PRE_TRADE_PROJECTED_EQUITY_BREACH
REJECTED,EURUSD,SELL,2021-08-11 17:30:00+00:00,,PRE_TRADE_PROJECTED_EQUITY_BREACH
REJECTED,EURUSD,SELL,2021-08-12 05:00:00+00:00,,PRE_TRADE_PROJECTED_EQUITY_BREACH
REJECTED,EURUSD,SELL,2021-08-12 17:00:00+00:00,,PRE_TRADE_PROJECTED_EQUITY_BREACH
REJECTED,GBPUSD,SELL,2021-08-12 23:00:00+00:00,,PRE_TRADE_PROJECTED_EQUITY_BREACH
REJECTED,GBPUSD,SELL,2021-08-13 00:00:00+00:00,,PRE_TRADE_PROJECTED_EQUITY_BREACH
REJECTED,EURUSD,SELL,2021-08-13 03:00:00+00:00,,PRE_TRADE_PROJECTED_EQUITY_BREACH
REJECTED,EURUSD,SELL,2021-08-13 09:30:00+00:00,,PRE_TRADE_PROJECTED_EQUITY_BREACH
REJECTED,EURUSD,SELL,2021-08-13 12:00:00+00:00,,PRE_TRADE_PROJECTED_EQUITY_BREACH
REJECTED,GBPUSD,SELL,2021-08-13 13:00:00+00:00,,PRE_TRADE_PROJECTED_EQUITY_BREACH
REJECTED,GBPUSD,BUY,2021-08-13 21:30:00+00:00,,PRE_TRADE_PROJECTED_EQUITY_BREACH
REJECTED,EURUSD,BUY,2021-08-16 04:00:00+00:00,,PRE_TRADE_PROJECTED_EQUITY_BREACH
REJECTED,EURUSD,BUY,2021-08-16 12:00:00+00:00,,PRE_TRADE_PROJECTED_EQUITY_BREACH
REJECTED,EURUSD,BUY,2021-08-17 01:30:00+00:00,,PRE_TRADE_PROJECTED_EQUITY_BREACH
REJECTED,GBPUSD,SELL,2021-08-18 02:00:00+00:00,,PRE_TRADE_PROJECTED_EQUITY_BREACH
REJECTED,EURUSD,SELL,2021-08-18 02:30:00+00:00,,PRE_TRADE_PROJECTED_EQUITY_BREACH
REJECTED,EURUSD,SELL,2021-08-19 09:00:00+00:00,,PRE_TRADE_PROJECTED_EQUITY_BREACH
REJECTED,EURUSD,SELL,2021-08-20 02:00:00+00:00,,PRE_TRADE_PROJECTED_EQUITY_BREACH
REJECTED,EURUSD,SELL,2021-08-20 16:30:00+00:00,,PRE_TRADE_PROJECTED_EQUITY_BREACH
REJECTED,EURUSD,SELL,2021-08-20 21:00:00+00:00,,PRE_TRADE_PROJECTED_EQUITY_BREACH
REJECTED,GBPUSD,SELL,2021-08-23 01:00:00+00:00,,PRE_TRADE_PROJECTED_EQUITY_BREACH
REJECTED,EURUSD,SELL,2021-08-23 02:00:00+00:00,,PRE_TRADE_PROJECTED_EQUITY_BREACH
REJECTED,GBPUSD,SELL,2021-08-23 10:30:00+00:00,,PRE_TRADE_PROJECTED_EQUITY_BREACH
REJECTED,GBPUSD,SELL,2021-08-23 13:30:00+00:00,,PRE_TRADE_PROJECTED_EQUITY_BREACH
REJECTED,GBPUSD,SELL,2021-08-23 15:30:00+00:00,,PRE_TRADE_PROJECTED_EQUITY_BREACH
REJECTED,GBPUSD,SELL,2021-08-23 18:00:00+00:00,,PRE_TRADE_PROJECTED_EQUITY_BREACH
REJECTED,EURUSD,BUY,2021-08-24 01:00:00+00:00,,PRE_TRADE_PROJECTED_EQUITY_BREACH
REJECTED,GBPUSD,SELL,2021-08-24 06:00:00+00:00,,PRE_TRADE_PROJECTED_EQUITY_BREACH
REJECTED,EURUSD,BUY,2021-08-24 09:00:00+00:00,,PRE_TRADE_PROJECTED_EQUITY_BREACH
REJECTED,GBPUSD,SELL,2021-08-24 19:30:00+00:00,,PRE_TRADE_PROJECTED_EQUITY_BREACH
REJECTED,EURUSD,BUY,2021-08-25 01:30:00+00:00,,PRE_TRADE_PROJECTED_EQUITY_BREACH
REJECTED,EURUSD,BUY,2021-08-25 12:00:00+00:00,,PRE_TRADE_PROJECTED_EQUITY_BREACH
REJECTED,GBPUSD,SELL,2021-08-25 15:30:00+00:00,,PRE_TRADE_PROJECTED_EQUITY_BREACH
REJECTED,EURUSD,BUY,2021-08-26 02:00:00+00:00,,PRE_TRADE_PROJECTED_EQUITY_BREACH
REJECTED,GBPUSD,BUY,2021-08-26 02:00:00+00:00,,PRE_TRADE_PROJECTED_EQUITY_BREACH
REJECTED,GBPUSD,BUY,2021-08-26 07:00:00+00:00,,PRE_TRADE_PROJECTED_EQUITY_BREACH
REJECTED,EURUSD,BUY,2021-08-26 07:30:00+00:00,,PRE_TRADE_PROJECTED_EQUITY_BREACH
REJECTED,EURUSD,BUY,2021-08-26 13:30:00+00:00,,PRE_TRADE_PROJECTED_EQUITY_BREACH
REJECTED,GBPUSD,SELL,2021-08-26 23:30:00+00:00,,PRE_TRADE_PROJECTED_EQUITY_BREACH
REJECTED,EURUSD,BUY,2021-08-27 01:00:00+00:00,,PRE_TRADE_PROJECTED_EQUITY_BREACH
REJECTED,GBPUSD,SELL,2021-08-27 08:00:00+00:00,,PRE_TRADE_PROJECTED_EQUITY_BREACH
REJECTED,GBPUSD,SELL,2021-08-27 13:00:00+00:00,,PRE_TRADE_PROJECTED_EQUITY_BREACH
REJECTED,EURUSD,BUY,2021-08-27 14:00:00+00:00,,PRE_TRADE_PROJECTED_EQUITY_BREACH
REJECTED,GBPUSD,BUY,2021-08-27 21:30:00+00:00,,PRE_TRADE_PROJECTED_EQUITY_BREACH
REJECTED,GBPUSD,BUY,2021-08-31 09:00:00+00:00,,PRE_TRADE_PROJECTED_EQUITY_BREACH
REJECTED,GBPUSD,BUY,2021-09-01 01:00:00+00:00,,PRE_TRADE_PROJECTED_EQUITY_BREACH
REJECTED,EURUSD,BUY,2021-09-01 06:00:00+00:00,,PRE_TRADE_PROJECTED_EQUITY_BREACH
REJECTED,GBPUSD,SELL,2021-09-01 07:00:00+00:00,,PRE_TRADE_PROJECTED_EQUITY_BREACH
REJECTED,GBPUSD,BUY,2021-09-01 20:00:00+00:00,,PRE_TRADE_PROJECTED_EQUITY_BREACH
REJECTED,EURUSD,BUY,2021-09-02 05:00:00+00:00,,PRE_TRADE_PROJECTED_EQUITY_BREACH
REJECTED,GBPUSD,BUY,2021-09-03 04:00:00+00:00,,PRE_TRADE_PROJECTED_EQUITY_BREACH
REJECTED,GBPUSD,BUY,2021-09-03 08:30:00+00:00,,PRE_TRADE_PROJECTED_EQUITY_BREACH
REJECTED,EURUSD,BUY,2021-09-03 20:30:00+00:00,,PRE_TRADE_PROJECTED_EQUITY_BREACH
REJECTED,GBPUSD,BUY,2021-09-03 21:00:00+00:00,,PRE_TRADE_PROJECTED_EQUITY_BREACH
REJECTED,EURUSD,BUY,2021-09-06 04:00:00+00:00,,PRE_TRADE_PROJECTED_EQUITY_BREACH
REJECTED,GBPUSD,BUY,2021-09-06 05:00:00+00:00,,PRE_TRADE_PROJECTED_EQUITY_BREACH
REJECTED,GBPUSD,BUY,2021-09-06 15:00:00+00:00,,PRE_TRADE_PROJECTED_EQUITY_BREACH
REJECTED,EURUSD,BUY,2021-09-07 05:30:00+00:00,,PRE_TRADE_PROJECTED_EQUITY_BREACH
REJECTED,GBPUSD,BUY,2021-09-07 05:30:00+00:00,,PRE_TRADE_PROJECTED_EQUITY_BREACH
REJECTED,EURUSD,BUY,2021-09-07 14:00:00+00:00,,PRE_TRADE_PROJECTED_EQUITY_BREACH
REJECTED,EURUSD,BUY,2021-09-08 07:00:00+00:00,,PRE_TRADE_PROJECTED_EQUITY_BREACH
REJECTED,GBPUSD,SELL,2021-09-09 09:00:00+00:00,,PRE_TRADE_PROJECTED_EQUITY_BREACH
REJECTED,GBPUSD,BUY,2021-09-10 16:00:00+00:00,,PRE_TRADE_PROJECTED_EQUITY_BREACH
REJECTED,GBPUSD,BUY,2021-09-13 06:00:00+00:00,,PRE_TRADE_PROJECTED_EQUITY_BREACH
REJECTED,EURUSD,SELL,2021-09-13 14:00:00+00:00,,PRE_TRADE_PROJECTED_EQUITY_BREACH
REJECTED,EURUSD,SELL,2021-09-14 08:00:00+00:00,,PRE_TRADE_PROJECTED_EQUITY_BREACH
REJECTED,GBPUSD,BUY,2021-09-14 19:00:00+00:00,,PRE_TRADE_PROJECTED_EQUITY_BREACH
REJECTED,EURUSD,SELL,2021-09-15 02:00:00+00:00,,PRE_TRADE_PROJECTED_EQUITY_BREACH
REJECTED,EURUSD,SELL,2021-09-15 08:30:00+00:00,,PRE_TRADE_PROJECTED_EQUITY_BREACH
REJECTED,GBPUSD,SELL,2021-09-16 21:00:00+00:00,,PRE_TRADE_PROJECTED_EQUITY_BREACH
REJECTED,EURUSD,SELL,2021-09-17 05:00:00+00:00,,PRE_TRADE_PROJECTED_EQUITY_BREACH
REJECTED,GBPUSD,SELL,2021-09-17 05:00:00+00:00,,PRE_TRADE_PROJECTED_EQUITY_BREACH
REJECTED,EURUSD,SELL,2021-09-17 08:00:00+00:00,,PRE_TRADE_PROJECTED_EQUITY_BREACH
REJECTED,EURUSD,SELL,2021-09-20 15:30:00+00:00,,PRE_TRADE_PROJECTED_EQUITY_BREACH
REJECTED,EURUSD,SELL,2021-09-21 02:30:00+00:00,,PRE_TRADE_PROJECTED_EQUITY_BREACH
REJECTED,GBPUSD,SELL,2021-09-21 10:30:00+00:00,,PRE_TRADE_PROJECTED_EQUITY_BREACH
REJECTED,GBPUSD,SELL,2021-09-21 20:00:00+00:00,,PRE_TRADE_PROJECTED_EQUITY_BREACH
REJECTED,GBPUSD,SELL,2021-09-22 16:00:00+00:00,,PRE_TRADE_PROJECTED_EQUITY_BREACH
REJECTED,GBPUSD,SELL,2021-09-23 02:30:00+00:00,,PRE_TRADE_PROJECTED_EQUITY_BREACH
REJECTED,EURUSD,SELL,2021-09-23 04:00:00+00:00,,PRE_TRADE_PROJECTED_EQUITY_BREACH
REJECTED,EURUSD,SELL,2021-09-23 07:00:00+00:00,,PRE_TRADE_PROJECTED_EQUITY_BREACH
REJECTED,EURUSD,SELL,2021-09-23 08:00:00+00:00,,PRE_TRADE_PROJECTED_EQUITY_BREACH
REJECTED,GBPUSD,SELL,2021-09-23 09:00:00+00:00,,PRE_TRADE_PROJECTED_EQUITY_BREACH
REJECTED,GBPUSD,SELL,2021-09-23 12:30:00+00:00,,PRE_TRADE_PROJECTED_EQUITY_BREACH
REJECTED,EURUSD,SELL,2021-09-23 15:00:00+00:00,,PRE_TRADE_PROJECTED_EQUITY_BREACH
REJECTED,GBPUSD,BUY,2021-09-23 19:30:00+00:00,,PRE_TRADE_PROJECTED_EQUITY_BREACH
REJECTED,EURUSD,SELL,2021-09-28 05:30:00+00:00,,PRE_TRADE_PROJECTED_EQUITY_BREACH
REJECTED,GBPUSD,SELL,2021-09-29 05:30:00+00:00,,PRE_TRADE_PROJECTED_EQUITY_BREACH
REJECTED,EURUSD,SELL,2021-09-30 00:30:00+00:00,,PRE_TRADE_PROJECTED_EQUITY_BREACH
REJECTED,GBPUSD,SELL,2021-09-30 01:30:00+00:00,,PRE_TRADE_PROJECTED_EQUITY_BREACH
REJECTED,GBPUSD,SELL,2021-09-30 03:00:00+00:00,,PRE_TRADE_PROJECTED_EQUITY_BREACH
REJECTED,EURUSD,SELL,2021-09-30 03:30:00+00:00,,PRE_TRADE_PROJECTED_EQUITY_BREACH
REJECTED,GBPUSD,SELL,2021-09-30 16:00:00+00:00,,PRE_TRADE_PROJECTED_EQUITY_BREACH
REJECTED,EURUSD,SELL,2021-10-01 08:00:00+00:00,,PRE_TRADE_PROJECTED_EQUITY_BREACH
REJECTED,GBPUSD,SELL,2021-10-01 09:00:00+00:00,,PRE_TRADE_PROJECTED_EQUITY_BREACH
REJECTED,EURUSD,SELL,2021-10-01 13:00:00+00:00,,PRE_TRADE_PROJECTED_EQUITY_BREACH
REJECTED,GBPUSD,SELL,2021-10-01 14:00:00+00:00,,PRE_TRADE_PROJECTED_EQUITY_BREACH
REJECTED,EURUSD,SELL,2021-10-04 07:30:00+00:00,,PRE_TRADE_PROJECTED_EQUITY_BREACH
REJECTED,EURUSD,SELL,2021-10-04 10:00:00+00:00,,PRE_TRADE_PROJECTED_EQUITY_BREACH
REJECTED,EURUSD,SELL,2021-10-04 12:00:00+00:00,,PRE_TRADE_PROJECTED_EQUITY_BREACH
REJECTED,GBPUSD,BUY,2021-10-05 01:30:00+00:00,,PRE_TRADE_PROJECTED_EQUITY_BREACH
REJECTED,GBPUSD,BUY,2021-10-05 21:00:00+00:00,,PRE_TRADE_PROJECTED_EQUITY_BREACH
REJECTED,GBPUSD,BUY,2021-10-06 02:00:00+00:00,,PRE_TRADE_PROJECTED_EQUITY_BREACH
REJECTED,GBPUSD,BUY,2021-10-06 08:00:00+00:00,,PRE_TRADE_PROJECTED_EQUITY_BREACH
REJECTED,GBPUSD,SELL,2021-10-06 13:00:00+00:00,,PRE_TRADE_PROJECTED_EQUITY_BREACH
REJECTED,EURUSD,SELL,2021-10-06 20:30:00+00:00,,PRE_TRADE_PROJECTED_EQUITY_BREACH
REJECTED,EURUSD,SELL,2021-10-07 12:00:00+00:00,,PRE_TRADE_PROJECTED_EQUITY_BREACH
REJECTED,EURUSD,SELL,2021-10-08 09:30:00+00:00,,PRE_TRADE_PROJECTED_EQUITY_BREACH
REJECTED,GBPUSD,BUY,2021-10-08 21:30:00+00:00,,PRE_TRADE_PROJECTED_EQUITY_BREACH
REJECTED,EURUSD,SELL,2021-10-11 07:00:00+00:00,,PRE_TRADE_PROJECTED_EQUITY_BREACH
REJECTED,GBPUSD,BUY,2021-10-11 17:30:00+00:00,,PRE_TRADE_PROJECTED_EQUITY_BREACH
REJECTED,EURUSD,SELL,2021-10-12 03:30:00+00:00,,PRE_TRADE_PROJECTED_EQUITY_BREACH
REJECTED,EURUSD,SELL,2021-10-12 07:30:00+00:00,,PRE_TRADE_PROJECTED_EQUITY_BREACH
REJECTED,EURUSD,SELL,2021-10-13 02:00:00+00:00,,PRE_TRADE_PROJECTED_EQUITY_BREACH
REJECTED,EURUSD,SELL,2021-10-13 11:00:00+00:00,,PRE_TRADE_PROJECTED_EQUITY_BREACH
REJECTED,EURUSD,SELL,2021-10-13 18:00:00+00:00,,PRE_TRADE_PROJECTED_EQUITY_BREACH
REJECTED,GBPUSD,BUY,2021-10-14 02:30:00+00:00,,PRE_TRADE_PROJECTED_EQUITY_BREACH
REJECTED,EURUSD,BUY,2021-10-14 06:00:00+00:00,,PRE_TRADE_PROJECTED_EQUITY_BREACH
REJECTED,EURUSD,BUY,2021-10-14 16:00:00+00:00,,PRE_TRADE_PROJECTED_EQUITY_BREACH
REJECTED,GBPUSD,BUY,2021-10-14 16:00:00+00:00,,PRE_TRADE_PROJECTED_EQUITY_BREACH
REJECTED,EURUSD,BUY,2021-10-15 00:30:00+00:00,,PRE_TRADE_PROJECTED_EQUITY_BREACH
REJECTED,EURUSD,BUY,2021-10-15 13:00:00+00:00,,PRE_TRADE_PROJECTED_EQUITY_BREACH
REJECTED,GBPUSD,BUY,2021-10-15 19:30:00+00:00,,PRE_TRADE_PROJECTED_EQUITY_BREACH
REJECTED,EURUSD,BUY,2021-10-18 01:00:00+00:00,,PRE_TRADE_PROJECTED_EQUITY_BREACH
REJECTED,GBPUSD,BUY,2021-10-18 02:00:00+00:00,,PRE_TRADE_PROJECTED_EQUITY_BREACH
REJECTED,GBPUSD,BUY,2021-10-18 07:00:00+00:00,,PRE_TRADE_PROJECTED_EQUITY_BREACH
REJECTED,GBPUSD,BUY,2021-10-18 16:00:00+00:00,,PRE_TRADE_PROJECTED_EQUITY_BREACH
REJECTED,EURUSD,BUY,2021-10-19 13:00:00+00:00,,PRE_TRADE_PROJECTED_EQUITY_BREACH
REJECTED,GBPUSD,BUY,2021-10-19 14:00:00+00:00,,PRE_TRADE_PROJECTED_EQUITY_BREACH
REJECTED,EURUSD,BUY,2021-10-20 08:00:00+00:00,,PRE_TRADE_PROJECTED_EQUITY_BREACH
REJECTED,GBPUSD,BUY,2021-10-20 08:30:00+00:00,,PRE_TRADE_PROJECTED_EQUITY_BREACH
REJECTED,GBPUSD,BUY,2021-10-20 21:30:00+00:00,,PRE_TRADE_PROJECTED_EQUITY_BREACH
REJECTED,EURUSD,BUY,2021-10-21 05:30:00+00:00,,PRE_TRADE_PROJECTED_EQUITY_BREACH
REJECTED,GBPUSD,BUY,2021-10-21 06:00:00+00:00,,PRE_TRADE_PROJECTED_EQUITY_BREACH
REJECTED,EURUSD,BUY,2021-10-21 09:00:00+00:00,,PRE_TRADE_PROJECTED_EQUITY_BREACH
REJECTED,GBPUSD,BUY,2021-10-21 18:30:00+00:00,,PRE_TRADE_PROJECTED_EQUITY_BREACH
REJECTED,GBPUSD,BUY,2021-10-22 08:30:00+00:00,,PRE_TRADE_PROJECTED_EQUITY_BREACH
REJECTED,GBPUSD,BUY,2021-10-22 16:30:00+00:00,,PRE_TRADE_PROJECTED_EQUITY_BREACH
REJECTED,EURUSD,BUY,2021-10-25 07:30:00+00:00,,PRE_TRADE_PROJECTED_EQUITY_BREACH
REJECTED,EURUSD,BUY,2021-10-25 10:00:00+00:00,,PRE_TRADE_PROJECTED_EQUITY_BREACH
REJECTED,GBPUSD,BUY,2021-10-25 10:00:00+00:00,,PRE_TRADE_PROJECTED_EQUITY_BREACH
REJECTED,EURUSD,SELL,2021-10-26 10:30:00+00:00,,PRE_TRADE_PROJECTED_EQUITY_BREACH
REJECTED,GBPUSD,BUY,2021-10-26 16:30:00+00:00,,PRE_TRADE_PROJECTED_EQUITY_BREACH
REJECTED,EURUSD,SELL,2021-10-27 01:00:00+00:00,,PRE_TRADE_PROJECTED_EQUITY_BREACH
REJECTED,EURUSD,SELL,2021-10-27 13:00:00+00:00,,PRE_TRADE_PROJECTED_EQUITY_BREACH
REJECTED,EURUSD,SELL,2021-10-28 03:30:00+00:00,,PRE_TRADE_PROJECTED_EQUITY_BREACH
REJECTED,GBPUSD,SELL,2021-10-28 08:00:00+00:00,,PRE_TRADE_PROJECTED_EQUITY_BREACH
REJECTED,EURUSD,BUY,2021-10-29 03:00:00+00:00,,PRE_TRADE_PROJECTED_EQUITY_BREACH
REJECTED,EURUSD,BUY,2021-10-29 05:30:00+00:00,,PRE_TRADE_PROJECTED_EQUITY_BREACH
REJECTED,GBPUSD,BUY,2021-10-29 05:30:00+00:00,,PRE_TRADE_PROJECTED_EQUITY_BREACH
REJECTED,EURUSD,BUY,2021-10-29 13:30:00+00:00,,PRE_TRADE_PROJECTED_EQUITY_BREACH
REJECTED,EURUSD,SELL,2021-11-01 08:30:00+00:00,,PRE_TRADE_PROJECTED_EQUITY_BREACH
REJECTED,EURUSD,SELL,2021-11-01 18:00:00+00:00,,PRE_TRADE_PROJECTED_EQUITY_BREACH
REJECTED,EURUSD,SELL,2021-11-02 05:30:00+00:00,,PRE_TRADE_PROJECTED_EQUITY_BREACH
REJECTED,GBPUSD,SELL,2021-11-03 11:30:00+00:00,,PRE_TRADE_PROJECTED_EQUITY_BREACH
REJECTED,EURUSD,BUY,2021-11-04 01:30:00+00:00,,PRE_TRADE_PROJECTED_EQUITY_BREACH
REJECTED,EURUSD,BUY,2021-11-04 03:00:00+00:00,,PRE_TRADE_PROJECTED_EQUITY_BREACH
REJECTED,EURUSD,SELL,2021-11-04 12:30:00+00:00,,PRE_TRADE_PROJECTED_EQUITY_BREACH
REJECTED,EURUSD,SELL,2021-11-05 04:30:00+00:00,,PRE_TRADE_PROJECTED_EQUITY_BREACH
REJECTED,GBPUSD,SELL,2021-11-05 07:00:00+00:00,,PRE_TRADE_PROJECTED_EQUITY_BREACH
REJECTED,EURUSD,SELL,2021-11-05 16:00:00+00:00,,PRE_TRADE_PROJECTED_EQUITY_BREACH
REJECTED,GBPUSD,SELL,2021-11-05 16:30:00+00:00,,PRE_TRADE_PROJECTED_EQUITY_BREACH
REJECTED,GBPUSD,SELL,2021-11-08 11:30:00+00:00,,PRE_TRADE_PROJECTED_EQUITY_BREACH
REJECTED,EURUSD,SELL,2021-11-08 13:00:00+00:00,,PRE_TRADE_PROJECTED_EQUITY_BREACH
REJECTED,GBPUSD,SELL,2021-11-08 15:00:00+00:00,,PRE_TRADE_PROJECTED_EQUITY_BREACH
REJECTED,GBPUSD,SELL,2021-11-08 21:00:00+00:00,,PRE_TRADE_PROJECTED_EQUITY_BREACH
REJECTED,GBPUSD,SELL,2021-11-09 05:00:00+00:00,,PRE_TRADE_PROJECTED_EQUITY_BREACH
REJECTED,EURUSD,BUY,2021-11-09 08:00:00+00:00,,PRE_TRADE_PROJECTED_EQUITY_BREACH
REJECTED,GBPUSD,SELL,2021-11-09 09:30:00+00:00,,PRE_TRADE_PROJECTED_EQUITY_BREACH
REJECTED,EURUSD,BUY,2021-11-10 02:30:00+00:00,,PRE_TRADE_PROJECTED_EQUITY_BREACH
REJECTED,EURUSD,SELL,2021-11-10 23:30:00+00:00,,PRE_TRADE_PROJECTED_EQUITY_BREACH
REJECTED,GBPUSD,SELL,2021-11-11 00:00:00+00:00,,PRE_TRADE_PROJECTED_EQUITY_BREACH
REJECTED,GBPUSD,SELL,2021-11-11 06:00:00+00:00,,PRE_TRADE_PROJECTED_EQUITY_BREACH
REJECTED,GBPUSD,SELL,2021-11-12 06:30:00+00:00,,PRE_TRADE_PROJECTED_EQUITY_BREACH
REJECTED,EURUSD,SELL,2021-11-12 07:30:00+00:00,,PRE_TRADE_PROJECTED_EQUITY_BREACH
REJECTED,EURUSD,SELL,2021-11-15 01:30:00+00:00,,PRE_TRADE_PROJECTED_EQUITY_BREACH
REJECTED,GBPUSD,SELL,2021-11-15 01:30:00+00:00,,PRE_TRADE_PROJECTED_EQUITY_BREACH
REJECTED,GBPUSD,SELL,2021-11-16 01:30:00+00:00,,PRE_TRADE_PROJECTED_EQUITY_BREACH
REJECTED,EURUSD,SELL,2021-11-16 02:00:00+00:00,,PRE_TRADE_PROJECTED_EQUITY_BREACH
REJECTED,GBPUSD,SELL,2021-11-16 07:00:00+00:00,,PRE_TRADE_PROJECTED_EQUITY_BREACH
REJECTED,EURUSD,SELL,2021-11-17 07:00:00+00:00,,PRE_TRADE_PROJECTED_EQUITY_BREACH
REJECTED,GBPUSD,SELL,2021-11-17 07:00:00+00:00,,PRE_TRADE_PROJECTED_EQUITY_BREACH
REJECTED,GBPUSD,SELL,2021-11-17 11:30:00+00:00,,PRE_TRADE_PROJECTED_EQUITY_BREACH
REJECTED,EURUSD,SELL,2021-11-18 01:00:00+00:00,,PRE_TRADE_PROJECTED_EQUITY_BREACH
REJECTED,EURUSD,SELL,2021-11-18 07:30:00+00:00,,PRE_TRADE_PROJECTED_EQUITY_BREACH
REJECTED,GBPUSD,BUY,2021-11-18 13:00:00+00:00,,PRE_TRADE_PROJECTED_EQUITY_BREACH
REJECTED,EURUSD,SELL,2021-11-18 15:00:00+00:00,,PRE_TRADE_PROJECTED_EQUITY_BREACH
REJECTED,EURUSD,SELL,2021-11-18 17:00:00+00:00,,PRE_TRADE_PROJECTED_EQUITY_BREACH
REJECTED,GBPUSD,BUY,2021-11-19 01:00:00+00:00,,PRE_TRADE_PROJECTED_EQUITY_BREACH
REJECTED,EURUSD,SELL,2021-11-23 00:00:00+00:00,,PRE_TRADE_PROJECTED_EQUITY_BREACH
REJECTED,GBPUSD,SELL,2021-11-23 00:00:00+00:00,,PRE_TRADE_PROJECTED_EQUITY_BREACH
REJECTED,EURUSD,SELL,2021-11-23 07:00:00+00:00,,PRE_TRADE_PROJECTED_EQUITY_BREACH
REJECTED,EURUSD,SELL,2021-11-23 08:30:00+00:00,,PRE_TRADE_PROJECTED_EQUITY_BREACH
REJECTED,GBPUSD,SELL,2021-11-24 06:30:00+00:00,,PRE_TRADE_PROJECTED_EQUITY_BREACH
REJECTED,EURUSD,SELL,2021-11-24 20:30:00+00:00,,PRE_TRADE_PROJECTED_EQUITY_BREACH
REJECTED,EURUSD,SELL,2021-11-25 00:00:00+00:00,,PRE_TRADE_PROJECTED_EQUITY_BREACH
REJECTED,GBPUSD,SELL,2021-11-25 00:00:00+00:00,,PRE_TRADE_PROJECTED_EQUITY_BREACH
REJECTED,EURUSD,SELL,2021-11-25 08:00:00+00:00,,PRE_TRADE_PROJECTED_EQUITY_BREACH
REJECTED,GBPUSD,SELL,2021-11-25 16:00:00+00:00,,PRE_TRADE_PROJECTED_EQUITY_BREACH
REJECTED,EURUSD,SELL,2021-11-26 01:00:00+00:00,,PRE_TRADE_PROJECTED_EQUITY_BREACH
REJECTED,EURUSD,SELL,2021-11-26 08:00:00+00:00,,PRE_TRADE_PROJECTED_EQUITY_BREACH
REJECTED,GBPUSD,SELL,2021-11-26 09:00:00+00:00,,PRE_TRADE_PROJECTED_EQUITY_BREACH
REJECTED,GBPUSD,SELL,2021-11-29 09:00:00+00:00,,PRE_TRADE_PROJECTED_EQUITY_BREACH
REJECTED,EURUSD,SELL,2021-11-29 10:00:00+00:00,,PRE_TRADE_PROJECTED_EQUITY_BREACH
REJECTED,GBPUSD,SELL,2021-11-30 08:30:00+00:00,,PRE_TRADE_PROJECTED_EQUITY_BREACH
REJECTED,GBPUSD,SELL,2021-11-30 19:30:00+00:00,,PRE_TRADE_PROJECTED_EQUITY_BREACH
REJECTED,GBPUSD,SELL,2021-12-01 03:30:00+00:00,,PRE_TRADE_PROJECTED_EQUITY_BREACH
REJECTED,GBPUSD,SELL,2021-12-01 06:30:00+00:00,,PRE_TRADE_PROJECTED_EQUITY_BREACH
REJECTED,GBPUSD,SELL,2021-12-02 02:00:00+00:00,,PRE_TRADE_PROJECTED_EQUITY_BREACH
REJECTED,EURUSD,BUY,2021-12-02 05:00:00+00:00,,PRE_TRADE_PROJECTED_EQUITY_BREACH
REJECTED,EURUSD,BUY,2021-12-02 16:00:00+00:00,,PRE_TRADE_PROJECTED_EQUITY_BREACH
REJECTED,GBPUSD,SELL,2021-12-03 05:30:00+00:00,,PRE_TRADE_PROJECTED_EQUITY_BREACH
REJECTED,GBPUSD,SELL,2021-12-03 18:30:00+00:00,,PRE_TRADE_PROJECTED_EQUITY_BREACH
REJECTED,GBPUSD,SELL,2021-12-06 08:00:00+00:00,,PRE_TRADE_PROJECTED_EQUITY_BREACH
REJECTED,EURUSD,SELL,2021-12-06 10:00:00+00:00,,PRE_TRADE_PROJECTED_EQUITY_BREACH
REJECTED,GBPUSD,SELL,2021-12-06 11:30:00+00:00,,PRE_TRADE_PROJECTED_EQUITY_BREACH
REJECTED,GBPUSD,SELL,2021-12-07 02:00:00+00:00,,PRE_TRADE_PROJECTED_EQUITY_BREACH
REJECTED,EURUSD,SELL,2021-12-07 02:30:00+00:00,,PRE_TRADE_PROJECTED_EQUITY_BREACH
REJECTED,GBPUSD,SELL,2021-12-07 04:00:00+00:00,,PRE_TRADE_PROJECTED_EQUITY_BREACH
REJECTED,EURUSD,SELL,2021-12-07 19:30:00+00:00,,PRE_TRADE_PROJECTED_EQUITY_BREACH
REJECTED,GBPUSD,SELL,2021-12-07 20:30:00+00:00,,PRE_TRADE_PROJECTED_EQUITY_BREACH
REJECTED,EURUSD,SELL,2021-12-08 00:00:00+00:00,,PRE_TRADE_PROJECTED_EQUITY_BREACH
REJECTED,EURUSD,SELL,2021-12-08 02:00:00+00:00,,PRE_TRADE_PROJECTED_EQUITY_BREACH
REJECTED,EURUSD,SELL,2021-12-08 10:30:00+00:00,,PRE_TRADE_PROJECTED_EQUITY_BREACH
REJECTED,EURUSD,BUY,2021-12-09 01:00:00+00:00,,PRE_TRADE_PROJECTED_EQUITY_BREACH
REJECTED,EURUSD,BUY,2021-12-09 15:00:00+00:00,,PRE_TRADE_PROJECTED_EQUITY_BREACH
REJECTED,GBPUSD,SELL,2021-12-09 23:00:00+00:00,,PRE_TRADE_PROJECTED_EQUITY_BREACH
REJECTED,GBPUSD,SELL,2021-12-10 13:30:00+00:00,,PRE_TRADE_PROJECTED_EQUITY_BREACH
REJECTED,GBPUSD,SELL,2021-12-13 11:00:00+00:00,,PRE_TRADE_PROJECTED_EQUITY_BREACH
REJECTED,EURUSD,SELL,2021-12-13 14:00:00+00:00,,PRE_TRADE_PROJECTED_EQUITY_BREACH
REJECTED,GBPUSD,SELL,2021-12-14 06:00:00+00:00,,PRE_TRADE_PROJECTED_EQUITY_BREACH
REJECTED,GBPUSD,SELL,2021-12-14 10:00:00+00:00,,PRE_TRADE_PROJECTED_EQUITY_BREACH
REJECTED,EURUSD,BUY,2021-12-14 14:00:00+00:00,,PRE_TRADE_PROJECTED_EQUITY_BREACH
REJECTED,EURUSD,SELL,2021-12-15 00:30:00+00:00,,PRE_TRADE_PROJECTED_EQUITY_BREACH
REJECTED,GBPUSD,SELL,2021-12-15 05:00:00+00:00,,PRE_TRADE_PROJECTED_EQUITY_BREACH
REJECTED,EURUSD,SELL,2021-12-15 06:00:00+00:00,,PRE_TRADE_PROJECTED_EQUITY_BREACH
REJECTED,EURUSD,BUY,2021-12-16 11:00:00+00:00,,PRE_TRADE_PROJECTED_EQUITY_BREACH
REJECTED,EURUSD,BUY,2021-12-17 01:30:00+00:00,,PRE_TRADE_PROJECTED_EQUITY_BREACH
REJECTED,GBPUSD,BUY,2021-12-17 07:30:00+00:00,,PRE_TRADE_PROJECTED_EQUITY_BREACH
REJECTED,GBPUSD,BUY,2021-12-17 10:30:00+00:00,,PRE_TRADE_PROJECTED_EQUITY_BREACH
REJECTED,EURUSD,BUY,2021-12-17 15:00:00+00:00,,PRE_TRADE_PROJECTED_EQUITY_BREACH
REJECTED,EURUSD,SELL,2021-12-20 00:00:00+00:00,,PRE_TRADE_PROJECTED_EQUITY_BREACH
REJECTED,EURUSD,SELL,2021-12-20 05:30:00+00:00,,PRE_TRADE_PROJECTED_EQUITY_BREACH
REJECTED,EURUSD,SELL,2021-12-20 08:30:00+00:00,,PRE_TRADE_PROJECTED_EQUITY_BREACH
REJECTED,GBPUSD,SELL,2021-12-20 12:00:00+00:00,,PRE_TRADE_PROJECTED_EQUITY_BREACH
REJECTED,EURUSD,SELL,2021-12-21 02:00:00+00:00,,PRE_TRADE_PROJECTED_EQUITY_BREACH
REJECTED,EURUSD,SELL,2021-12-21 08:00:00+00:00,,PRE_TRADE_PROJECTED_EQUITY_BREACH
REJECTED,EURUSD,BUY,2021-12-21 11:00:00+00:00,,PRE_TRADE_PROJECTED_EQUITY_BREACH
REJECTED,EURUSD,SELL,2021-12-21 19:30:00+00:00,,PRE_TRADE_PROJECTED_EQUITY_BREACH
REJECTED,GBPUSD,BUY,2021-12-22 04:00:00+00:00,,PRE_TRADE_PROJECTED_EQUITY_BREACH
REJECTED,GBPUSD,BUY,2021-12-22 05:00:00+00:00,,PRE_TRADE_PROJECTED_EQUITY_BREACH
REJECTED,EURUSD,SELL,2021-12-22 09:30:00+00:00,,PRE_TRADE_PROJECTED_EQUITY_BREACH
REJECTED,EURUSD,BUY,2021-12-23 08:00:00+00:00,,PRE_TRADE_PROJECTED_EQUITY_BREACH
REJECTED,GBPUSD,BUY,2021-12-23 23:30:00+00:00,,PRE_TRADE_PROJECTED_EQUITY_BREACH
REJECTED,GBPUSD,BUY,2021-12-24 05:30:00+00:00,,PRE_TRADE_PROJECTED_EQUITY_BREACH
REJECTED,EURUSD,BUY,2021-12-24 12:30:00+00:00,,PRE_TRADE_PROJECTED_EQUITY_BREACH
REJECTED,GBPUSD,BUY,2021-12-24 15:00:00+00:00,,PRE_TRADE_PROJECTED_EQUITY_BREACH
REJECTED,EURUSD,BUY,2021-12-27 06:00:00+00:00,,PRE_TRADE_PROJECTED_EQUITY_BREACH
REJECTED,GBPUSD,BUY,2021-12-27 06:00:00+00:00,,PRE_TRADE_PROJECTED_EQUITY_BREACH
REJECTED,EURUSD,BUY,2021-12-28 01:30:00+00:00,,PRE_TRADE_PROJECTED_EQUITY_BREACH
REJECTED,GBPUSD,BUY,2021-12-28 01:30:00+00:00,,PRE_TRADE_PROJECTED_EQUITY_BREACH
REJECTED,EURUSD,BUY,2021-12-28 07:30:00+00:00,,PRE_TRADE_PROJECTED_EQUITY_BREACH
REJECTED,EURUSD,BUY,2021-12-28 13:30:00+00:00,,PRE_TRADE_PROJECTED_EQUITY_BREACH
REJECTED,GBPUSD,BUY,2021-12-29 06:30:00+00:00,,PRE_TRADE_PROJECTED_EQUITY_BREACH
REJECTED,EURUSD,BUY,2021-12-30 03:00:00+00:00,,PRE_TRADE_PROJECTED_EQUITY_BREACH
REJECTED,GBPUSD,BUY,2021-12-30 03:30:00+00:00,,PRE_TRADE_PROJECTED_EQUITY_BREACH
REJECTED,GBPUSD,BUY,2021-12-30 06:00:00+00:00,,PRE_TRADE_PROJECTED_EQUITY_BREACH
REJECTED,GBPUSD,BUY,2021-12-30 08:00:00+00:00,,PRE_TRADE_PROJECTED_EQUITY_BREACH
REJECTED,GBPUSD,BUY,2021-12-30 18:00:00+00:00,,PRE_TRADE_PROJECTED_EQUITY_BREACH
REJECTED,GBPUSD,BUY,2021-12-31 11:30:00+00:00,,PRE_TRADE_PROJECTED_EQUITY_BREACH
REJECTED,EURUSD,BUY,2022-01-03 00:30:00+00:00,,PRE_TRADE_PROJECTED_EQUITY_BREACH
REJECTED,GBPUSD,BUY,2022-01-03 03:30:00+00:00,,PRE_TRADE_PROJECTED_EQUITY_BREACH
REJECTED,GBPUSD,BUY,2022-01-03 13:00:00+00:00,,PRE_TRADE_PROJECTED_EQUITY_BREACH
REJECTED,GBPUSD,BUY,2022-01-03 22:30:00+00:00,,PRE_TRADE_PROJECTED_EQUITY_BREACH
REJECTED,EURUSD,SELL,2022-01-04 00:00:00+00:00,,PRE_TRADE_PROJECTED_EQUITY_BREACH
REJECTED,GBPUSD,BUY,2022-01-04 03:00:00+00:00,,PRE_TRADE_PROJECTED_EQUITY_BREACH
REJECTED,GBPUSD,BUY,2022-01-04 06:00:00+00:00,,PRE_TRADE_PROJECTED_EQUITY_BREACH
REJECTED,EURUSD,SELL,2022-01-04 15:00:00+00:00,,PRE_TRADE_PROJECTED_EQUITY_BREACH
REJECTED,GBPUSD,BUY,2022-01-04 22:30:00+00:00,,PRE_TRADE_PROJECTED_EQUITY_BREACH
REJECTED,EURUSD,SELL,2022-01-05 03:00:00+00:00,,PRE_TRADE_PROJECTED_EQUITY_BREACH
REJECTED,EURUSD,SELL,2022-01-05 08:00:00+00:00,,PRE_TRADE_PROJECTED_EQUITY_BREACH
REJECTED,EURUSD,BUY,2022-01-05 19:00:00+00:00,,PRE_TRADE_PROJECTED_EQUITY_BREACH
REJECTED,GBPUSD,BUY,2022-01-05 20:30:00+00:00,,PRE_TRADE_PROJECTED_EQUITY_BREACH
REJECTED,GBPUSD,BUY,2022-01-06 01:00:00+00:00,,PRE_TRADE_PROJECTED_EQUITY_BREACH
REJECTED,GBPUSD,BUY,2022-01-06 06:30:00+00:00,,PRE_TRADE_PROJECTED_EQUITY_BREACH
REJECTED,GBPUSD,BUY,2022-01-06 07:30:00+00:00,,PRE_TRADE_PROJECTED_EQUITY_BREACH
REJECTED,GBPUSD,BUY,2022-01-07 06:00:00+00:00,,PRE_TRADE_PROJECTED_EQUITY_BREACH
REJECTED,GBPUSD,BUY,2022-01-07 07:30:00+00:00,,PRE_TRADE_PROJECTED_EQUITY_BREACH
REJECTED,EURUSD,SELL,2022-01-07 14:00:00+00:00,,PRE_TRADE_PROJECTED_EQUITY_BREACH
REJECTED,EURUSD,BUY,2022-01-09 22:00:00+00:00,,PRE_TRADE_PROJECTED_EQUITY_BREACH
REJECTED,EURUSD,BUY,2022-01-10 02:30:00+00:00,,PRE_TRADE_PROJECTED_EQUITY_BREACH
REJECTED,EURUSD,BUY,2022-01-10 04:00:00+00:00,,PRE_TRADE_PROJECTED_EQUITY_BREACH
REJECTED,EURUSD,BUY,2022-01-10 06:00:00+00:00,,PRE_TRADE_PROJECTED_EQUITY_BREACH
REJECTED,GBPUSD,BUY,2022-01-10 12:30:00+00:00,,PRE_TRADE_PROJECTED_EQUITY_BREACH
REJECTED,GBPUSD,BUY,2022-01-11 12:30:00+00:00,,PRE_TRADE_PROJECTED_EQUITY_BREACH
REJECTED,EURUSD,BUY,2022-01-11 14:30:00+00:00,,PRE_TRADE_PROJECTED_EQUITY_BREACH
REJECTED,EURUSD,BUY,2022-01-12 07:00:00+00:00,,PRE_TRADE_PROJECTED_EQUITY_BREACH
REJECTED,GBPUSD,BUY,2022-01-13 17:30:00+00:00,,PRE_TRADE_PROJECTED_EQUITY_BREACH
REJECTED,EURUSD,BUY,2022-01-14 11:00:00+00:00,,PRE_TRADE_PROJECTED_EQUITY_BREACH
REJECTED,GBPUSD,BUY,2022-01-14 11:30:00+00:00,,PRE_TRADE_PROJECTED_EQUITY_BREACH
REJECTED,EURUSD,BUY,2022-01-14 14:00:00+00:00,,PRE_TRADE_PROJECTED_EQUITY_BREACH
REJECTED,GBPUSD,BUY,2022-01-14 14:00:00+00:00,,PRE_TRADE_PROJECTED_EQUITY_BREACH
REJECTED,EURUSD,BUY,2022-01-14 17:00:00+00:00,,PRE_TRADE_PROJECTED_EQUITY_BREACH
REJECTED,GBPUSD,BUY,2022-01-14 17:00:00+00:00,,PRE_TRADE_PROJECTED_EQUITY_BREACH
REJECTED,GBPUSD,BUY,2022-01-17 11:30:00+00:00,,PRE_TRADE_PROJECTED_EQUITY_BREACH
REJECTED,EURUSD,BUY,2022-01-17 12:30:00+00:00,,PRE_TRADE_PROJECTED_EQUITY_BREACH
REJECTED,GBPUSD,BUY,2022-01-17 19:30:00+00:00,,PRE_TRADE_PROJECTED_EQUITY_BREACH
REJECTED,EURUSD,BUY,2022-01-18 03:30:00+00:00,,PRE_TRADE_PROJECTED_EQUITY_BREACH
REJECTED,GBPUSD,SELL,2022-01-18 23:30:00+00:00,,PRE_TRADE_PROJECTED_EQUITY_BREACH
REJECTED,EURUSD,SELL,2022-01-19 06:00:00+00:00,,PRE_TRADE_PROJECTED_EQUITY_BREACH
REJECTED,GBPUSD,SELL,2022-01-19 09:30:00+00:00,,PRE_TRADE_PROJECTED_EQUITY_BREACH
REJECTED,EURUSD,SELL,2022-01-20 00:30:00+00:00,,PRE_TRADE_PROJECTED_EQUITY_BREACH
REJECTED,EURUSD,SELL,2022-01-20 07:00:00+00:00,,PRE_TRADE_PROJECTED_EQUITY_BREACH
REJECTED,EURUSD,SELL,2022-01-21 02:30:00+00:00,,PRE_TRADE_PROJECTED_EQUITY_BREACH
REJECTED,EURUSD,SELL,2022-01-21 07:00:00+00:00,,PRE_TRADE_PROJECTED_EQUITY_BREACH
REJECTED,EURUSD,SELL,2022-01-21 13:30:00+00:00,,PRE_TRADE_PROJECTED_EQUITY_BREACH
REJECTED,EURUSD,SELL,2022-01-24 17:00:00+00:00,,PRE_TRADE_PROJECTED_EQUITY_BREACH
REJECTED,GBPUSD,SELL,2022-01-24 21:00:00+00:00,,PRE_TRADE_PROJECTED_EQUITY_BREACH
REJECTED,GBPUSD,SELL,2022-01-25 16:30:00+00:00,,PRE_TRADE_PROJECTED_EQUITY_BREACH
REJECTED,EURUSD,SELL,2022-01-25 18:00:00+00:00,,PRE_TRADE_PROJECTED_EQUITY_BREACH
REJECTED,GBPUSD,SELL,2022-01-25 19:30:00+00:00,,PRE_TRADE_PROJECTED_EQUITY_BREACH
REJECTED,GBPUSD,SELL,2022-01-26 02:00:00+00:00,,PRE_TRADE_PROJECTED_EQUITY_BREACH
REJECTED,EURUSD,SELL,2022-01-26 14:00:00+00:00,,PRE_TRADE_PROJECTED_EQUITY_BREACH
REJECTED,EURUSD,SELL,2022-01-28 02:30:00+00:00,,PRE_TRADE_PROJECTED_EQUITY_BREACH
REJECTED,GBPUSD,SELL,2022-01-28 02:30:00+00:00,,PRE_TRADE_PROJECTED_EQUITY_BREACH
REJECTED,GBPUSD,SELL,2022-01-28 05:00:00+00:00,,PRE_TRADE_PROJECTED_EQUITY_BREACH
REJECTED,GBPUSD,SELL,2022-01-28 13:30:00+00:00,,PRE_TRADE_PROJECTED_EQUITY_BREACH
REJECTED,EURUSD,SELL,2022-01-30 23:30:00+00:00,,PRE_TRADE_PROJECTED_EQUITY_BREACH
REJECTED,GBPUSD,SELL,2022-01-31 00:00:00+00:00,,PRE_TRADE_PROJECTED_EQUITY_BREACH
REJECTED,EURUSD,SELL,2022-01-31 05:00:00+00:00,,PRE_TRADE_PROJECTED_EQUITY_BREACH
REJECTED,GBPUSD,SELL,2022-01-31 05:00:00+00:00,,PRE_TRADE_PROJECTED_EQUITY_BREACH
REJECTED,EURUSD,SELL,2022-01-31 13:30:00+00:00,,PRE_TRADE_PROJECTED_EQUITY_BREACH
REJECTED,EURUSD,SELL,2022-01-31 15:30:00+00:00,,PRE_TRADE_PROJECTED_EQUITY_BREACH
REJECTED,EURUSD,SELL,2022-01-31 18:00:00+00:00,,PRE_TRADE_PROJECTED_EQUITY_BREACH
REJECTED,GBPUSD,SELL,2022-01-31 19:30:00+00:00,,PRE_TRADE_PROJECTED_EQUITY_BREACH
REJECTED,EURUSD,SELL,2022-02-01 04:00:00+00:00,,PRE_TRADE_PROJECTED_EQUITY_BREACH
REJECTED,GBPUSD,BUY,2022-02-02 03:30:00+00:00,,PRE_TRADE_PROJECTED_EQUITY_BREACH
REJECTED,EURUSD,BUY,2022-02-02 23:30:00+00:00,,PRE_TRADE_PROJECTED_EQUITY_BREACH
REJECTED,GBPUSD,BUY,2022-02-02 23:30:00+00:00,,PRE_TRADE_PROJECTED_EQUITY_BREACH
REJECTED,EURUSD,BUY,2022-02-03 10:00:00+00:00,,PRE_TRADE_PROJECTED_EQUITY_BREACH
REJECTED,GBPUSD,BUY,2022-02-04 05:30:00+00:00,,PRE_TRADE_PROJECTED_EQUITY_BREACH
REJECTED,EURUSD,BUY,2022-02-04 07:00:00+00:00,,PRE_TRADE_PROJECTED_EQUITY_BREACH
REJECTED,GBPUSD,BUY,2022-02-04 08:30:00+00:00,,PRE_TRADE_PROJECTED_EQUITY_BREACH
REJECTED,EURUSD,BUY,2022-02-04 13:30:00+00:00,,PRE_TRADE_PROJECTED_EQUITY_BREACH
REJECTED,EURUSD,BUY,2022-02-04 14:30:00+00:00,,PRE_TRADE_PROJECTED_EQUITY_BREACH
REJECTED,EURUSD,BUY,2022-02-07 02:00:00+00:00,,PRE_TRADE_PROJECTED_EQUITY_BREACH
REJECTED,EURUSD,BUY,2022-02-07 17:00:00+00:00,,PRE_TRADE_PROJECTED_EQUITY_BREACH
REJECTED,EURUSD,BUY,2022-02-08 05:00:00+00:00,,PRE_TRADE_PROJECTED_EQUITY_BREACH
REJECTED,EURUSD,BUY,2022-02-08 07:00:00+00:00,,PRE_TRADE_PROJECTED_EQUITY_BREACH
REJECTED,GBPUSD,BUY,2022-02-08 12:30:00+00:00,,PRE_TRADE_PROJECTED_EQUITY_BREACH
REJECTED,EURUSD,BUY,2022-02-08 13:00:00+00:00,,PRE_TRADE_PROJECTED_EQUITY_BREACH
REJECTED,EURUSD,BUY,2022-02-09 06:30:00+00:00,,PRE_TRADE_PROJECTED_EQUITY_BREACH
REJECTED,EURUSD,BUY,2022-02-10 13:30:00+00:00,,PRE_TRADE_PROJECTED_EQUITY_BREACH
REJECTED,GBPUSD,BUY,2022-02-10 14:00:00+00:00,,PRE_TRADE_PROJECTED_EQUITY_BREACH
REJECTED,GBPUSD,BUY,2022-02-10 19:00:00+00:00,,PRE_TRADE_PROJECTED_EQUITY_BREACH
REJECTED,EURUSD,BUY,2022-02-10 19:30:00+00:00,,PRE_TRADE_PROJECTED_EQUITY_BREACH
REJECTED,GBPUSD,BUY,2022-02-11 00:00:00+00:00,,PRE_TRADE_PROJECTED_EQUITY_BREACH
REJECTED,EURUSD,BUY,2022-02-11 04:00:00+00:00,,PRE_TRADE_PROJECTED_EQUITY_BREACH
REJECTED,GBPUSD,SELL,2022-02-11 08:00:00+00:00,,PRE_TRADE_PROJECTED_EQUITY_BREACH
REJECTED,GBPUSD,BUY,2022-02-11 18:30:00+00:00,,PRE_TRADE_PROJECTED_EQUITY_BREACH
REJECTED,GBPUSD,BUY,2022-02-14 02:00:00+00:00,,PRE_TRADE_PROJECTED_EQUITY_BREACH
REJECTED,EURUSD,SELL,2022-02-15 00:00:00+00:00,,PRE_TRADE_PROJECTED_EQUITY_BREACH
REJECTED,GBPUSD,SELL,2022-02-15 00:00:00+00:00,,PRE_TRADE_PROJECTED_EQUITY_BREACH
REJECTED,EURUSD,SELL,2022-02-16 05:00:00+00:00,,PRE_TRADE_PROJECTED_EQUITY_BREACH
REJECTED,GBPUSD,BUY,2022-02-17 20:30:00+00:00,,PRE_TRADE_PROJECTED_EQUITY_BREACH
REJECTED,GBPUSD,BUY,2022-02-18 15:30:00+00:00,,PRE_TRADE_PROJECTED_EQUITY_BREACH
REJECTED,EURUSD,SELL,2022-02-21 01:30:00+00:00,,PRE_TRADE_PROJECTED_EQUITY_BREACH
REJECTED,GBPUSD,BUY,2022-02-21 13:00:00+00:00,,PRE_TRADE_PROJECTED_EQUITY_BREACH
REJECTED,EURUSD,SELL,2022-02-22 09:00:00+00:00,,PRE_TRADE_PROJECTED_EQUITY_BREACH
REJECTED,EURUSD,SELL,2022-02-24 18:30:00+00:00,,PRE_TRADE_PROJECTED_EQUITY_BREACH
REJECTED,EURUSD,SELL,2022-02-24 20:00:00+00:00,,PRE_TRADE_PROJECTED_EQUITY_BREACH
REJECTED,GBPUSD,SELL,2022-02-25 02:30:00+00:00,,PRE_TRADE_PROJECTED_EQUITY_BREACH
REJECTED,EURUSD,SELL,2022-02-25 12:30:00+00:00,,PRE_TRADE_PROJECTED_EQUITY_BREACH
REJECTED,GBPUSD,SELL,2022-02-25 12:30:00+00:00,,PRE_TRADE_PROJECTED_EQUITY_BREACH
REJECTED,EURUSD,SELL,2022-02-25 16:00:00+00:00,,PRE_TRADE_PROJECTED_EQUITY_BREACH
REJECTED,GBPUSD,SELL,2022-02-25 21:00:00+00:00,,PRE_TRADE_PROJECTED_EQUITY_BREACH
REJECTED,EURUSD,SELL,2022-02-28 06:00:00+00:00,,PRE_TRADE_PROJECTED_EQUITY_BREACH
REJECTED,GBPUSD,SELL,2022-02-28 06:30:00+00:00,,PRE_TRADE_PROJECTED_EQUITY_BREACH
REJECTED,GBPUSD,SELL,2022-02-28 10:00:00+00:00,,PRE_TRADE_PROJECTED_EQUITY_BREACH
REJECTED,EURUSD,SELL,2022-02-28 10:30:00+00:00,,PRE_TRADE_PROJECTED_EQUITY_BREACH
REJECTED,GBPUSD,SELL,2022-03-01 06:30:00+00:00,,PRE_TRADE_PROJECTED_EQUITY_BREACH
REJECTED,EURUSD,SELL,2022-03-01 07:00:00+00:00,,PRE_TRADE_PROJECTED_EQUITY_BREACH
REJECTED,GBPUSD,SELL,2022-03-01 23:30:00+00:00,,PRE_TRADE_PROJECTED_EQUITY_BREACH
REJECTED,EURUSD,SELL,2022-03-02 12:30:00+00:00,,PRE_TRADE_PROJECTED_EQUITY_BREACH
REJECTED,GBPUSD,SELL,2022-03-02 21:30:00+00:00,,PRE_TRADE_PROJECTED_EQUITY_BREACH
REJECTED,GBPUSD,SELL,2022-03-03 05:00:00+00:00,,PRE_TRADE_PROJECTED_EQUITY_BREACH
REJECTED,GBPUSD,SELL,2022-03-04 19:00:00+00:00,,PRE_TRADE_PROJECTED_EQUITY_BREACH
REJECTED,GBPUSD,SELL,2022-03-07 23:30:00+00:00,,PRE_TRADE_PROJECTED_EQUITY_BREACH
REJECTED,EURUSD,SELL,2022-03-08 17:30:00+00:00,,PRE_TRADE_PROJECTED_EQUITY_BREACH
REJECTED,EURUSD,SELL,2022-03-09 09:30:00+00:00,,PRE_TRADE_PROJECTED_EQUITY_BREACH
REJECTED,GBPUSD,SELL,2022-03-09 10:00:00+00:00,,PRE_TRADE_PROJECTED_EQUITY_BREACH
REJECTED,EURUSD,SELL,2022-03-09 13:30:00+00:00,,PRE_TRADE_PROJECTED_EQUITY_BREACH
REJECTED,GBPUSD,SELL,2022-03-09 14:00:00+00:00,,PRE_TRADE_PROJECTED_EQUITY_BREACH
REJECTED,GBPUSD,SELL,2022-03-10 07:30:00+00:00,,PRE_TRADE_PROJECTED_EQUITY_BREACH
REJECTED,EURUSD,SELL,2022-03-10 23:00:00+00:00,,PRE_TRADE_PROJECTED_EQUITY_BREACH
REJECTED,GBPUSD,SELL,2022-03-10 23:30:00+00:00,,PRE_TRADE_PROJECTED_EQUITY_BREACH
REJECTED,EURUSD,SELL,2022-03-11 12:00:00+00:00,,PRE_TRADE_PROJECTED_EQUITY_BREACH
REJECTED,GBPUSD,SELL,2022-03-13 22:00:00+00:00,,PRE_TRADE_PROJECTED_EQUITY_BREACH
REJECTED,GBPUSD,SELL,2022-03-14 07:30:00+00:00,,PRE_TRADE_PROJECTED_EQUITY_BREACH
REJECTED,EURUSD,SELL,2022-03-14 08:00:00+00:00,,PRE_TRADE_PROJECTED_EQUITY_BREACH
REJECTED,EURUSD,SELL,2022-03-14 15:30:00+00:00,,PRE_TRADE_PROJECTED_EQUITY_BREACH
REJECTED,GBPUSD,SELL,2022-03-15 00:00:00+00:00,,PRE_TRADE_PROJECTED_EQUITY_BREACH
REJECTED,EURUSD,SELL,2022-03-15 02:30:00+00:00,,PRE_TRADE_PROJECTED_EQUITY_BREACH
REJECTED,GBPUSD,SELL,2022-03-15 03:00:00+00:00,,PRE_TRADE_PROJECTED_EQUITY_BREACH
REJECTED,EURUSD,SELL,2022-03-15 04:30:00+00:00,,PRE_TRADE_PROJECTED_EQUITY_BREACH
REJECTED,GBPUSD,SELL,2022-03-15 12:00:00+00:00,,PRE_TRADE_PROJECTED_EQUITY_BREACH
REJECTED,EURUSD,SELL,2022-03-16 05:30:00+00:00,,PRE_TRADE_PROJECTED_EQUITY_BREACH
REJECTED,EURUSD,BUY,2022-03-18 03:00:00+00:00,,PRE_TRADE_PROJECTED_EQUITY_BREACH
REJECTED,GBPUSD,BUY,2022-03-18 03:00:00+00:00,,PRE_TRADE_PROJECTED_EQUITY_BREACH
REJECTED,EURUSD,BUY,2022-03-18 09:30:00+00:00,,PRE_TRADE_PROJECTED_EQUITY_BREACH
REJECTED,EURUSD,BUY,2022-03-18 11:30:00+00:00,,PRE_TRADE_PROJECTED_EQUITY_BREACH
REJECTED,GBPUSD,BUY,2022-03-20 21:00:00+00:00,,PRE_TRADE_PROJECTED_EQUITY_BREACH
REJECTED,GBPUSD,BUY,2022-03-20 23:30:00+00:00,,PRE_TRADE_PROJECTED_EQUITY_BREACH
REJECTED,EURUSD,BUY,2022-03-21 05:00:00+00:00,,PRE_TRADE_PROJECTED_EQUITY_BREACH
REJECTED,EURUSD,BUY,2022-03-21 11:00:00+00:00,,PRE_TRADE_PROJECTED_EQUITY_BREACH
REJECTED,EURUSD,BUY,2022-03-21 18:00:00+00:00,,PRE_TRADE_PROJECTED_EQUITY_BREACH
REJECTED,GBPUSD,BUY,2022-03-21 18:30:00+00:00,,PRE_TRADE_PROJECTED_EQUITY_BREACH
REJECTED,EURUSD,SELL,2022-03-21 22:00:00+00:00,,PRE_TRADE_PROJECTED_EQUITY_BREACH
REJECTED,GBPUSD,SELL,2022-03-22 08:00:00+00:00,,PRE_TRADE_PROJECTED_EQUITY_BREACH
REJECTED,EURUSD,SELL,2022-03-22 08:30:00+00:00,,PRE_TRADE_PROJECTED_EQUITY_BREACH
REJECTED,GBPUSD,BUY,2022-03-23 07:00:00+00:00,,PRE_TRADE_PROJECTED_EQUITY_BREACH
REJECTED,GBPUSD,BUY,2022-03-24 14:00:00+00:00,,PRE_TRADE_PROJECTED_EQUITY_BREACH
REJECTED,EURUSD,SELL,2022-03-24 15:30:00+00:00,,PRE_TRADE_PROJECTED_EQUITY_BREACH
REJECTED,EURUSD,SELL,2022-03-24 22:30:00+00:00,,PRE_TRADE_PROJECTED_EQUITY_BREACH
REJECTED,GBPUSD,BUY,2022-03-25 07:00:00+00:00,,PRE_TRADE_PROJECTED_EQUITY_BREACH
REJECTED,EURUSD,BUY,2022-03-25 08:00:00+00:00,,PRE_TRADE_PROJECTED_EQUITY_BREACH
REJECTED,EURUSD,SELL,2022-03-28 09:30:00+00:00,,PRE_TRADE_PROJECTED_EQUITY_BREACH
REJECTED,EURUSD,SELL,2022-03-28 17:00:00+00:00,,PRE_TRADE_PROJECTED_EQUITY_BREACH
REJECTED,GBPUSD,SELL,2022-03-29 00:00:00+00:00,,PRE_TRADE_PROJECTED_EQUITY_BREACH
REJECTED,GBPUSD,SELL,2022-03-29 08:00:00+00:00,,PRE_TRADE_PROJECTED_EQUITY_BREACH
REJECTED,EURUSD,BUY,2022-03-29 19:00:00+00:00,,PRE_TRADE_PROJECTED_EQUITY_BREACH
REJECTED,GBPUSD,SELL,2022-03-30 05:00:00+00:00,,PRE_TRADE_PROJECTED_EQUITY_BREACH
REJECTED,EURUSD,BUY,2022-03-30 18:30:00+00:00,,PRE_TRADE_PROJECTED_EQUITY_BREACH
REJECTED,GBPUSD,SELL,2022-03-31 07:30:00+00:00,,PRE_TRADE_PROJECTED_EQUITY_BREACH
REJECTED,EURUSD,BUY,2022-03-31 09:00:00+00:00,,PRE_TRADE_PROJECTED_EQUITY_BREACH
REJECTED,EURUSD,SELL,2022-04-04 01:00:00+00:00,,PRE_TRADE_PROJECTED_EQUITY_BREACH
REJECTED,GBPUSD,SELL,2022-04-04 02:30:00+00:00,,PRE_TRADE_PROJECTED_EQUITY_BREACH
REJECTED,GBPUSD,SELL,2022-04-04 04:00:00+00:00,,PRE_TRADE_PROJECTED_EQUITY_BREACH
REJECTED,GBPUSD,SELL,2022-04-04 06:30:00+00:00,,PRE_TRADE_PROJECTED_EQUITY_BREACH
REJECTED,EURUSD,SELL,2022-04-06 09:00:00+00:00,,PRE_TRADE_PROJECTED_EQUITY_BREACH
REJECTED,GBPUSD,SELL,2022-04-06 09:00:00+00:00,,PRE_TRADE_PROJECTED_EQUITY_BREACH
REJECTED,EURUSD,SELL,2022-04-07 01:30:00+00:00,,PRE_TRADE_PROJECTED_EQUITY_BREACH
REJECTED,EURUSD,SELL,2022-04-07 07:00:00+00:00,,PRE_TRADE_PROJECTED_EQUITY_BREACH
REJECTED,EURUSD,SELL,2022-04-07 12:30:00+00:00,,PRE_TRADE_PROJECTED_EQUITY_BREACH
REJECTED,EURUSD,SELL,2022-04-07 14:00:00+00:00,,PRE_TRADE_PROJECTED_EQUITY_BREACH
REJECTED,EURUSD,SELL,2022-04-08 19:30:00+00:00,,PRE_TRADE_PROJECTED_EQUITY_BREACH
REJECTED,EURUSD,SELL,2022-04-10 22:00:00+00:00,,PRE_TRADE_PROJECTED_EQUITY_BREACH
REJECTED,GBPUSD,SELL,2022-04-11 10:30:00+00:00,,PRE_TRADE_PROJECTED_EQUITY_BREACH
REJECTED,EURUSD,SELL,2022-04-12 05:00:00+00:00,,PRE_TRADE_PROJECTED_EQUITY_BREACH
REJECTED,GBPUSD,SELL,2022-04-12 12:30:00+00:00,,PRE_TRADE_PROJECTED_EQUITY_BREACH
REJECTED,GBPUSD,SELL,2022-04-13 03:30:00+00:00,,PRE_TRADE_PROJECTED_EQUITY_BREACH
REJECTED,EURUSD,SELL,2022-04-13 04:00:00+00:00,,PRE_TRADE_PROJECTED_EQUITY_BREACH
REJECTED,EURUSD,SELL,2022-04-13 15:30:00+00:00,,PRE_TRADE_PROJECTED_EQUITY_BREACH
REJECTED,GBPUSD,SELL,2022-04-13 15:30:00+00:00,,PRE_TRADE_PROJECTED_EQUITY_BREACH
REJECTED,GBPUSD,BUY,2022-04-14 13:30:00+00:00,,PRE_TRADE_PROJECTED_EQUITY_BREACH
REJECTED,EURUSD,SELL,2022-04-15 09:30:00+00:00,,PRE_TRADE_PROJECTED_EQUITY_BREACH
REJECTED,GBPUSD,SELL,2022-04-15 19:30:00+00:00,,PRE_TRADE_PROJECTED_EQUITY_BREACH
REJECTED,EURUSD,SELL,2022-04-17 23:30:00+00:00,,PRE_TRADE_PROJECTED_EQUITY_BREACH
REJECTED,EURUSD,SELL,2022-04-18 12:00:00+00:00,,PRE_TRADE_PROJECTED_EQUITY_BREACH
REJECTED,GBPUSD,SELL,2022-04-18 12:30:00+00:00,,PRE_TRADE_PROJECTED_EQUITY_BREACH
REJECTED,EURUSD,SELL,2022-04-19 07:30:00+00:00,,PRE_TRADE_PROJECTED_EQUITY_BREACH
REJECTED,GBPUSD,SELL,2022-04-19 08:30:00+00:00,,PRE_TRADE_PROJECTED_EQUITY_BREACH
REJECTED,GBPUSD,SELL,2022-04-20 01:30:00+00:00,,PRE_TRADE_PROJECTED_EQUITY_BREACH
REJECTED,EURUSD,SELL,2022-04-20 05:00:00+00:00,,PRE_TRADE_PROJECTED_EQUITY_BREACH
REJECTED,EURUSD,SELL,2022-04-20 09:30:00+00:00,,PRE_TRADE_PROJECTED_EQUITY_BREACH
REJECTED,GBPUSD,SELL,2022-04-20 11:00:00+00:00,,PRE_TRADE_PROJECTED_EQUITY_BREACH
REJECTED,EURUSD,SELL,2022-04-21 06:00:00+00:00,,PRE_TRADE_PROJECTED_EQUITY_BREACH
REJECTED,EURUSD,BUY,2022-04-21 12:00:00+00:00,,PRE_TRADE_PROJECTED_EQUITY_BREACH
REJECTED,GBPUSD,SELL,2022-04-26 04:00:00+00:00,,PRE_TRADE_PROJECTED_EQUITY_BREACH
REJECTED,EURUSD,SELL,2022-04-27 00:00:00+00:00,,PRE_TRADE_PROJECTED_EQUITY_BREACH
REJECTED,EURUSD,SELL,2022-04-27 06:00:00+00:00,,PRE_TRADE_PROJECTED_EQUITY_BREACH
REJECTED,GBPUSD,SELL,2022-04-28 08:00:00+00:00,,PRE_TRADE_PROJECTED_EQUITY_BREACH
REJECTED,EURUSD,SELL,2022-04-28 08:30:00+00:00,,PRE_TRADE_PROJECTED_EQUITY_BREACH
REJECTED,EURUSD,SELL,2022-04-28 16:00:00+00:00,,PRE_TRADE_PROJECTED_EQUITY_BREACH
REJECTED,GBPUSD,SELL,2022-04-29 00:30:00+00:00,,PRE_TRADE_PROJECTED_EQUITY_BREACH
REJECTED,EURUSD,SELL,2022-04-29 01:00:00+00:00,,PRE_TRADE_PROJECTED_EQUITY_BREACH
REJECTED,EURUSD,SELL,2022-04-29 06:00:00+00:00,,PRE_TRADE_PROJECTED_EQUITY_BREACH
REJECTED,GBPUSD,SELL,2022-04-29 06:00:00+00:00,,PRE_TRADE_PROJECTED_EQUITY_BREACH
REJECTED,EURUSD,SELL,2022-04-29 08:30:00+00:00,,PRE_TRADE_PROJECTED_EQUITY_BREACH
REJECTED,GBPUSD,SELL,2022-04-29 12:00:00+00:00,,PRE_TRADE_PROJECTED_EQUITY_BREACH
REJECTED,EURUSD,SELL,2022-04-29 18:00:00+00:00,,PRE_TRADE_PROJECTED_EQUITY_BREACH
REJECTED,GBPUSD,SELL,2022-04-29 18:00:00+00:00,,PRE_TRADE_PROJECTED_EQUITY_BREACH
REJECTED,EURUSD,SELL,2022-05-02 07:30:00+00:00,,PRE_TRADE_PROJECTED_EQUITY_BREACH
REJECTED,GBPUSD,SELL,2022-05-02 08:00:00+00:00,,PRE_TRADE_PROJECTED_EQUITY_BREACH
REJECTED,GBPUSD,SELL,2022-05-02 09:00:00+00:00,,PRE_TRADE_PROJECTED_EQUITY_BREACH
REJECTED,EURUSD,SELL,2022-05-02 23:00:00+00:00,,PRE_TRADE_PROJECTED_EQUITY_BREACH
REJECTED,EURUSD,SELL,2022-05-03 01:30:00+00:00,,PRE_TRADE_PROJECTED_EQUITY_BREACH
REJECTED,GBPUSD,SELL,2022-05-03 01:30:00+00:00,,PRE_TRADE_PROJECTED_EQUITY_BREACH
REJECTED,GBPUSD,SELL,2022-05-03 09:30:00+00:00,,PRE_TRADE_PROJECTED_EQUITY_BREACH
REJECTED,EURUSD,SELL,2022-05-03 13:00:00+00:00,,PRE_TRADE_PROJECTED_EQUITY_BREACH
REJECTED,GBPUSD,SELL,2022-05-04 08:30:00+00:00,,PRE_TRADE_PROJECTED_EQUITY_BREACH
REJECTED,EURUSD,SELL,2022-05-04 13:30:00+00:00,,PRE_TRADE_PROJECTED_EQUITY_BREACH
REJECTED,GBPUSD,SELL,2022-05-04 19:30:00+00:00,,PRE_TRADE_PROJECTED_EQUITY_BREACH
REJECTED,EURUSD,BUY,2022-05-05 12:00:00+00:00,,PRE_TRADE_PROJECTED_EQUITY_BREACH
REJECTED,EURUSD,SELL,2022-05-05 20:00:00+00:00,,PRE_TRADE_PROJECTED_EQUITY_BREACH
REJECTED,GBPUSD,SELL,2022-05-05 20:30:00+00:00,,PRE_TRADE_PROJECTED_EQUITY_BREACH
REJECTED,GBPUSD,SELL,2022-05-05 23:30:00+00:00,,PRE_TRADE_PROJECTED_EQUITY_BREACH
REJECTED,EURUSD,SELL,2022-05-06 10:30:00+00:00,,PRE_TRADE_PROJECTED_EQUITY_BREACH
REJECTED,EURUSD,SELL,2022-05-09 11:30:00+00:00,,PRE_TRADE_PROJECTED_EQUITY_BREACH
REJECTED,GBPUSD,SELL,2022-05-09 13:00:00+00:00,,PRE_TRADE_PROJECTED_EQUITY_BREACH
REJECTED,EURUSD,SELL,2022-05-09 17:00:00+00:00,,PRE_TRADE_PROJECTED_EQUITY_BREACH
REJECTED,EURUSD,SELL,2022-05-10 00:30:00+00:00,,PRE_TRADE_PROJECTED_EQUITY_BREACH
REJECTED,GBPUSD,SELL,2022-05-10 00:30:00+00:00,,PRE_TRADE_PROJECTED_EQUITY_BREACH
REJECTED,GBPUSD,SELL,2022-05-10 03:00:00+00:00,,PRE_TRADE_PROJECTED_EQUITY_BREACH
REJECTED,GBPUSD,SELL,2022-05-11 03:00:00+00:00,,PRE_TRADE_PROJECTED_EQUITY_BREACH
REJECTED,EURUSD,SELL,2022-05-11 04:00:00+00:00,,PRE_TRADE_PROJECTED_EQUITY_BREACH
REJECTED,EURUSD,SELL,2022-05-11 06:00:00+00:00,,PRE_TRADE_PROJECTED_EQUITY_BREACH
REJECTED,EURUSD,SELL,2022-05-13 04:00:00+00:00,,PRE_TRADE_PROJECTED_EQUITY_BREACH
REJECTED,EURUSD,SELL,2022-05-13 16:00:00+00:00,,PRE_TRADE_PROJECTED_EQUITY_BREACH
REJECTED,GBPUSD,SELL,2022-05-13 16:30:00+00:00,,PRE_TRADE_PROJECTED_EQUITY_BREACH
REJECTED,GBPUSD,SELL,2022-05-13 21:30:00+00:00,,PRE_TRADE_PROJECTED_EQUITY_BREACH
REJECTED,GBPUSD,SELL,2022-05-16 01:30:00+00:00,,PRE_TRADE_PROJECTED_EQUITY_BREACH
REJECTED,GBPUSD,SELL,2022-05-16 19:00:00+00:00,,PRE_TRADE_PROJECTED_EQUITY_BREACH
REJECTED,EURUSD,SELL,2022-05-16 19:30:00+00:00,,PRE_TRADE_PROJECTED_EQUITY_BREACH
REJECTED,EURUSD,SELL,2022-05-17 01:00:00+00:00,,PRE_TRADE_PROJECTED_EQUITY_BREACH
REJECTED,GBPUSD,SELL,2022-05-17 01:00:00+00:00,,PRE_TRADE_PROJECTED_EQUITY_BREACH
REJECTED,EURUSD,SELL,2022-05-17 06:30:00+00:00,,PRE_TRADE_PROJECTED_EQUITY_BREACH
REJECTED,EURUSD,BUY,2022-05-18 03:30:00+00:00,,PRE_TRADE_PROJECTED_EQUITY_BREACH
REJECTED,GBPUSD,BUY,2022-05-18 03:30:00+00:00,,PRE_TRADE_PROJECTED_EQUITY_BREACH
REJECTED,GBPUSD,BUY,2022-05-18 08:00:00+00:00,,PRE_TRADE_PROJECTED_EQUITY_BREACH
REJECTED,EURUSD,BUY,2022-05-18 09:30:00+00:00,,PRE_TRADE_PROJECTED_EQUITY_BREACH
REJECTED,GBPUSD,BUY,2022-05-18 18:00:00+00:00,,PRE_TRADE_PROJECTED_EQUITY_BREACH
REJECTED,GBPUSD,SELL,2022-05-18 23:30:00+00:00,,PRE_TRADE_PROJECTED_EQUITY_BREACH
REJECTED,EURUSD,SELL,2022-05-19 01:30:00+00:00,,PRE_TRADE_PROJECTED_EQUITY_BREACH
REJECTED,GBPUSD,BUY,2022-05-20 02:30:00+00:00,,PRE_TRADE_PROJECTED_EQUITY_BREACH
REJECTED,EURUSD,BUY,2022-05-20 03:00:00+00:00,,PRE_TRADE_PROJECTED_EQUITY_BREACH
REJECTED,EURUSD,BUY,2022-05-20 16:00:00+00:00,,PRE_TRADE_PROJECTED_EQUITY_BREACH
REJECTED,EURUSD,BUY,2022-05-20 19:00:00+00:00,,PRE_TRADE_PROJECTED_EQUITY_BREACH
REJECTED,GBPUSD,BUY,2022-05-24 00:00:00+00:00,,PRE_TRADE_PROJECTED_EQUITY_BREACH
REJECTED,EURUSD,BUY,2022-05-24 01:00:00+00:00,,PRE_TRADE_PROJECTED_EQUITY_BREACH
REJECTED,GBPUSD,BUY,2022-05-24 09:30:00+00:00,,PRE_TRADE_PROJECTED_EQUITY_BREACH
REJECTED,EURUSD,BUY,2022-05-25 02:00:00+00:00,,PRE_TRADE_PROJECTED_EQUITY_BREACH
REJECTED,GBPUSD,BUY,2022-05-25 02:00:00+00:00,,PRE_TRADE_PROJECTED_EQUITY_BREACH
REJECTED,EURUSD,BUY,2022-05-25 09:00:00+00:00,,PRE_TRADE_PROJECTED_EQUITY_BREACH
REJECTED,GBPUSD,BUY,2022-05-25 10:00:00+00:00,,PRE_TRADE_PROJECTED_EQUITY_BREACH
REJECTED,EURUSD,BUY,2022-05-25 13:00:00+00:00,,PRE_TRADE_PROJECTED_EQUITY_BREACH
REJECTED,EURUSD,BUY,2022-05-26 06:30:00+00:00,,PRE_TRADE_PROJECTED_EQUITY_BREACH
REJECTED,GBPUSD,BUY,2022-05-26 06:30:00+00:00,,PRE_TRADE_PROJECTED_EQUITY_BREACH
REJECTED,GBPUSD,BUY,2022-05-27 07:00:00+00:00,,PRE_TRADE_PROJECTED_EQUITY_BREACH
REJECTED,EURUSD,BUY,2022-05-27 07:30:00+00:00,,PRE_TRADE_PROJECTED_EQUITY_BREACH
REJECTED,EURUSD,BUY,2022-05-27 10:00:00+00:00,,PRE_TRADE_PROJECTED_EQUITY_BREACH
REJECTED,GBPUSD,BUY,2022-05-27 10:00:00+00:00,,PRE_TRADE_PROJECTED_EQUITY_BREACH
REJECTED,EURUSD,BUY,2022-05-27 11:30:00+00:00,,PRE_TRADE_PROJECTED_EQUITY_BREACH
REJECTED,GBPUSD,BUY,2022-05-27 17:30:00+00:00,,PRE_TRADE_PROJECTED_EQUITY_BREACH
REJECTED,GBPUSD,BUY,2022-05-30 08:30:00+00:00,,PRE_TRADE_PROJECTED_EQUITY_BREACH
REJECTED,EURUSD,BUY,2022-05-30 20:30:00+00:00,,PRE_TRADE_PROJECTED_EQUITY_BREACH
REJECTED,GBPUSD,BUY,2022-05-31 00:00:00+00:00,,PRE_TRADE_PROJECTED_EQUITY_BREACH
REJECTED,EURUSD,BUY,2022-05-31 01:00:00+00:00,,PRE_TRADE_PROJECTED_EQUITY_BREACH
REJECTED,GBPUSD,BUY,2022-05-31 01:30:00+00:00,,PRE_TRADE_PROJECTED_EQUITY_BREACH
REJECTED,GBPUSD,BUY,2022-05-31 07:30:00+00:00,,PRE_TRADE_PROJECTED_EQUITY_BREACH
REJECTED,GBPUSD,BUY,2022-05-31 12:00:00+00:00,,PRE_TRADE_PROJECTED_EQUITY_BREACH
REJECTED,EURUSD,BUY,2022-05-31 22:30:00+00:00,,PRE_TRADE_PROJECTED_EQUITY_BREACH
REJECTED,EURUSD,BUY,2022-06-01 02:00:00+00:00,,PRE_TRADE_PROJECTED_EQUITY_BREACH
REJECTED,GBPUSD,BUY,2022-06-01 03:00:00+00:00,,PRE_TRADE_PROJECTED_EQUITY_BREACH
REJECTED,GBPUSD,BUY,2022-06-01 05:00:00+00:00,,PRE_TRADE_PROJECTED_EQUITY_BREACH
REJECTED,EURUSD,BUY,2022-06-01 15:00:00+00:00,,PRE_TRADE_PROJECTED_EQUITY_BREACH
REJECTED,EURUSD,SELL,2022-06-02 07:30:00+00:00,,PRE_TRADE_PROJECTED_EQUITY_BREACH
REJECTED,GBPUSD,SELL,2022-06-02 07:30:00+00:00,,PRE_TRADE_PROJECTED_EQUITY_BREACH
REJECTED,EURUSD,BUY,2022-06-03 05:30:00+00:00,,PRE_TRADE_PROJECTED_EQUITY_BREACH
REJECTED,EURUSD,BUY,2022-06-03 11:30:00+00:00,,PRE_TRADE_PROJECTED_EQUITY_BREACH
REJECTED,GBPUSD,BUY,2022-06-03 12:30:00+00:00,,PRE_TRADE_PROJECTED_EQUITY_BREACH
REJECTED,GBPUSD,SELL,2022-06-06 05:30:00+00:00,,PRE_TRADE_PROJECTED_EQUITY_BREACH
REJECTED,GBPUSD,SELL,2022-06-06 07:30:00+00:00,,PRE_TRADE_PROJECTED_EQUITY_BREACH
REJECTED,EURUSD,BUY,2022-06-06 11:30:00+00:00,,PRE_TRADE_PROJECTED_EQUITY_BREACH
REJECTED,EURUSD,SELL,2022-06-07 05:00:00+00:00,,PRE_TRADE_PROJECTED_EQUITY_BREACH
REJECTED,GBPUSD,BUY,2022-06-08 01:00:00+00:00,,PRE_TRADE_PROJECTED_EQUITY_BREACH
REJECTED,EURUSD,BUY,2022-06-08 18:30:00+00:00,,PRE_TRADE_PROJECTED_EQUITY_BREACH
REJECTED,EURUSD,BUY,2022-06-09 01:30:00+00:00,,PRE_TRADE_PROJECTED_EQUITY_BREACH
REJECTED,EURUSD,BUY,2022-06-09 02:30:00+00:00,,PRE_TRADE_PROJECTED_EQUITY_BREACH
REJECTED,EURUSD,BUY,2022-06-09 07:00:00+00:00,,PRE_TRADE_PROJECTED_EQUITY_BREACH
REJECTED,EURUSD,SELL,2022-06-10 04:00:00+00:00,,PRE_TRADE_PROJECTED_EQUITY_BREACH
REJECTED,GBPUSD,SELL,2022-06-14 01:00:00+00:00,,PRE_TRADE_PROJECTED_EQUITY_BREACH
REJECTED,EURUSD,SELL,2022-06-14 01:30:00+00:00,,PRE_TRADE_PROJECTED_EQUITY_BREACH
REJECTED,GBPUSD,SELL,2022-06-14 04:30:00+00:00,,PRE_TRADE_PROJECTED_EQUITY_BREACH
REJECTED,EURUSD,SELL,2022-06-14 05:00:00+00:00,,PRE_TRADE_PROJECTED_EQUITY_BREACH
REJECTED,EURUSD,SELL,2022-06-14 08:00:00+00:00,,PRE_TRADE_PROJECTED_EQUITY_BREACH
REJECTED,EURUSD,SELL,2022-06-14 23:30:00+00:00,,PRE_TRADE_PROJECTED_EQUITY_BREACH
REJECTED,GBPUSD,SELL,2022-06-15 00:00:00+00:00,,PRE_TRADE_PROJECTED_EQUITY_BREACH
REJECTED,GBPUSD,SELL,2022-06-15 02:00:00+00:00,,PRE_TRADE_PROJECTED_EQUITY_BREACH
REJECTED,EURUSD,SELL,2022-06-15 07:00:00+00:00,,PRE_TRADE_PROJECTED_EQUITY_BREACH
REJECTED,GBPUSD,SELL,2022-06-15 09:00:00+00:00,,PRE_TRADE_PROJECTED_EQUITY_BREACH
REJECTED,GBPUSD,SELL,2022-06-15 12:00:00+00:00,,PRE_TRADE_PROJECTED_EQUITY_BREACH
REJECTED,GBPUSD,SELL,2022-06-15 18:30:00+00:00,,PRE_TRADE_PROJECTED_EQUITY_BREACH
REJECTED,GBPUSD,SELL,2022-06-16 14:00:00+00:00,,PRE_TRADE_PROJECTED_EQUITY_BREACH
REJECTED,GBPUSD,SELL,2022-06-16 16:00:00+00:00,,PRE_TRADE_PROJECTED_EQUITY_BREACH
REJECTED,EURUSD,SELL,2022-06-16 16:30:00+00:00,,PRE_TRADE_PROJECTED_EQUITY_BREACH
REJECTED,EURUSD,BUY,2022-06-17 01:00:00+00:00,,PRE_TRADE_PROJECTED_EQUITY_BREACH
REJECTED,GBPUSD,BUY,2022-06-17 03:30:00+00:00,,PRE_TRADE_PROJECTED_EQUITY_BREACH
REJECTED,EURUSD,SELL,2022-06-17 19:00:00+00:00,,PRE_TRADE_PROJECTED_EQUITY_BREACH
REJECTED,EURUSD,SELL,2022-06-20 03:30:00+00:00,,PRE_TRADE_PROJECTED_EQUITY_BREACH
REJECTED,GBPUSD,SELL,2022-06-20 04:30:00+00:00,,PRE_TRADE_PROJECTED_EQUITY_BREACH
REJECTED,GBPUSD,SELL,2022-06-20 13:00:00+00:00,,PRE_TRADE_PROJECTED_EQUITY_BREACH
REJECTED,EURUSD,SELL,2022-06-21 01:00:00+00:00,,PRE_TRADE_PROJECTED_EQUITY_BREACH
REJECTED,GBPUSD,BUY,2022-06-21 12:00:00+00:00,,PRE_TRADE_PROJECTED_EQUITY_BREACH
REJECTED,EURUSD,BUY,2022-06-21 18:00:00+00:00,,PRE_TRADE_PROJECTED_EQUITY_BREACH
REJECTED,GBPUSD,BUY,2022-06-22 00:00:00+00:00,,PRE_TRADE_PROJECTED_EQUITY_BREACH
REJECTED,GBPUSD,SELL,2022-06-22 10:30:00+00:00,,PRE_TRADE_PROJECTED_EQUITY_BREACH
REJECTED,EURUSD,SELL,2022-06-22 11:00:00+00:00,,PRE_TRADE_PROJECTED_EQUITY_BREACH
REJECTED,GBPUSD,SELL,2022-06-23 13:00:00+00:00,,PRE_TRADE_PROJECTED_EQUITY_BREACH
REJECTED,EURUSD,SELL,2022-06-23 20:00:00+00:00,,PRE_TRADE_PROJECTED_EQUITY_BREACH
REJECTED,GBPUSD,BUY,2022-06-24 07:00:00+00:00,,PRE_TRADE_PROJECTED_EQUITY_BREACH
REJECTED,EURUSD,BUY,2022-06-24 08:00:00+00:00,,PRE_TRADE_PROJECTED_EQUITY_BREACH
REJECTED,GBPUSD,SELL,2022-06-28 01:00:00+00:00,,PRE_TRADE_PROJECTED_EQUITY_BREACH
REJECTED,EURUSD,BUY,2022-06-28 06:30:00+00:00,,PRE_TRADE_PROJECTED_EQUITY_BREACH
REJECTED,GBPUSD,SELL,2022-06-29 01:00:00+00:00,,PRE_TRADE_PROJECTED_EQUITY_BREACH
REJECTED,GBPUSD,SELL,2022-06-30 06:30:00+00:00,,PRE_TRADE_PROJECTED_EQUITY_BREACH
REJECTED,EURUSD,SELL,2022-06-30 07:00:00+00:00,,PRE_TRADE_PROJECTED_EQUITY_BREACH
REJECTED,GBPUSD,SELL,2022-06-30 14:30:00+00:00,,PRE_TRADE_PROJECTED_EQUITY_BREACH
REJECTED,EURUSD,SELL,2022-06-30 15:30:00+00:00,,PRE_TRADE_PROJECTED_EQUITY_BREACH
REJECTED,GBPUSD,SELL,2022-06-30 19:30:00+00:00,,PRE_TRADE_PROJECTED_EQUITY_BREACH
REJECTED,GBPUSD,SELL,2022-07-01 19:00:00+00:00,,PRE_TRADE_PROJECTED_EQUITY_BREACH
REJECTED,EURUSD,SELL,2022-07-04 11:00:00+00:00,,PRE_TRADE_PROJECTED_EQUITY_BREACH
REJECTED,GBPUSD,SELL,2022-07-04 12:00:00+00:00,,PRE_TRADE_PROJECTED_EQUITY_BREACH
REJECTED,EURUSD,SELL,2022-07-05 00:00:00+00:00,,PRE_TRADE_PROJECTED_EQUITY_BREACH
REJECTED,GBPUSD,SELL,2022-07-05 00:00:00+00:00,,PRE_TRADE_PROJECTED_EQUITY_BREACH
REJECTED,EURUSD,SELL,2022-07-05 06:00:00+00:00,,PRE_TRADE_PROJECTED_EQUITY_BREACH
REJECTED,GBPUSD,SELL,2022-07-05 20:00:00+00:00,,PRE_TRADE_PROJECTED_EQUITY_BREACH
REJECTED,GBPUSD,SELL,2022-07-06 08:00:00+00:00,,PRE_TRADE_PROJECTED_EQUITY_BREACH
REJECTED,GBPUSD,SELL,2022-07-06 18:00:00+00:00,,PRE_TRADE_PROJECTED_EQUITY_BREACH
REJECTED,EURUSD,SELL,2022-07-07 03:30:00+00:00,,PRE_TRADE_PROJECTED_EQUITY_BREACH
REJECTED,GBPUSD,SELL,2022-07-07 03:30:00+00:00,,PRE_TRADE_PROJECTED_EQUITY_BREACH
REJECTED,EURUSD,SELL,2022-07-07 06:30:00+00:00,,PRE_TRADE_PROJECTED_EQUITY_BREACH
REJECTED,GBPUSD,SELL,2022-07-07 11:00:00+00:00,,PRE_TRADE_PROJECTED_EQUITY_BREACH
REJECTED,EURUSD,SELL,2022-07-08 01:30:00+00:00,,PRE_TRADE_PROJECTED_EQUITY_BREACH
REJECTED,GBPUSD,SELL,2022-07-08 01:30:00+00:00,,PRE_TRADE_PROJECTED_EQUITY_BREACH
REJECTED,GBPUSD,SELL,2022-07-08 11:00:00+00:00,,PRE_TRADE_PROJECTED_EQUITY_BREACH
REJECTED,EURUSD,SELL,2022-07-08 12:30:00+00:00,,PRE_TRADE_PROJECTED_EQUITY_BREACH
REJECTED,GBPUSD,SELL,2022-07-08 13:00:00+00:00,,PRE_TRADE_PROJECTED_EQUITY_BREACH
REJECTED,EURUSD,SELL,2022-07-08 21:00:00+00:00,,PRE_TRADE_PROJECTED_EQUITY_BREACH
REJECTED,GBPUSD,SELL,2022-07-08 21:00:00+00:00,,PRE_TRADE_PROJECTED_EQUITY_BREACH
REJECTED,EURUSD,SELL,2022-07-12 12:00:00+00:00,,PRE_TRADE_PROJECTED_EQUITY_BREACH
REJECTED,GBPUSD,SELL,2022-07-12 12:00:00+00:00,,PRE_TRADE_PROJECTED_EQUITY_BREACH
REJECTED,GBPUSD,SELL,2022-07-13 03:30:00+00:00,,PRE_TRADE_PROJECTED_EQUITY_BREACH
REJECTED,EURUSD,SELL,2022-07-13 11:30:00+00:00,,PRE_TRADE_PROJECTED_EQUITY_BREACH
REJECTED,GBPUSD,SELL,2022-07-13 12:30:00+00:00,,PRE_TRADE_PROJECTED_EQUITY_BREACH
REJECTED,EURUSD,SELL,2022-07-13 15:30:00+00:00,,PRE_TRADE_PROJECTED_EQUITY_BREACH
REJECTED,EURUSD,SELL,2022-07-14 16:30:00+00:00,,PRE_TRADE_PROJECTED_EQUITY_BREACH
REJECTED,GBPUSD,SELL,2022-07-15 00:00:00+00:00,,PRE_TRADE_PROJECTED_EQUITY_BREACH
REJECTED,EURUSD,SELL,2022-07-15 10:30:00+00:00,,PRE_TRADE_PROJECTED_EQUITY_BREACH
REJECTED,GBPUSD,SELL,2022-07-18 00:00:00+00:00,,PRE_TRADE_PROJECTED_EQUITY_BREACH
REJECTED,EURUSD,SELL,2022-07-18 08:00:00+00:00,,PRE_TRADE_PROJECTED_EQUITY_BREACH
REJECTED,EURUSD,BUY,2022-07-18 13:00:00+00:00,,PRE_TRADE_PROJECTED_EQUITY_BREACH
REJECTED,GBPUSD,BUY,2022-07-18 18:30:00+00:00,,PRE_TRADE_PROJECTED_EQUITY_BREACH
REJECTED,EURUSD,BUY,2022-07-18 21:30:00+00:00,,PRE_TRADE_PROJECTED_EQUITY_BREACH
REJECTED,GBPUSD,BUY,2022-07-19 17:30:00+00:00,,PRE_TRADE_PROJECTED_EQUITY_BREACH
REJECTED,EURUSD,BUY,2022-07-19 20:30:00+00:00,,PRE_TRADE_PROJECTED_EQUITY_BREACH
REJECTED,GBPUSD,BUY,2022-07-20 13:00:00+00:00,,PRE_TRADE_PROJECTED_EQUITY_BREACH
REJECTED,GBPUSD,BUY,2022-07-20 18:30:00+00:00,,PRE_TRADE_PROJECTED_EQUITY_BREACH
REJECTED,GBPUSD,BUY,2022-07-21 08:00:00+00:00,,PRE_TRADE_PROJECTED_EQUITY_BREACH
REJECTED,EURUSD,BUY,2022-07-21 08:30:00+00:00,,PRE_TRADE_PROJECTED_EQUITY_BREACH
REJECTED,EURUSD,BUY,2022-07-22 01:30:00+00:00,,PRE_TRADE_PROJECTED_EQUITY_BREACH
REJECTED,GBPUSD,BUY,2022-07-22 19:00:00+00:00,,PRE_TRADE_PROJECTED_EQUITY_BREACH
REJECTED,EURUSD,BUY,2022-07-22 19:30:00+00:00,,PRE_TRADE_PROJECTED_EQUITY_BREACH
REJECTED,EURUSD,BUY,2022-07-25 00:00:00+00:00,,PRE_TRADE_PROJECTED_EQUITY_BREACH
REJECTED,GBPUSD,BUY,2022-07-25 00:30:00+00:00,,PRE_TRADE_PROJECTED_EQUITY_BREACH
REJECTED,EURUSD,BUY,2022-07-25 07:00:00+00:00,,PRE_TRADE_PROJECTED_EQUITY_BREACH
REJECTED,GBPUSD,BUY,2022-07-25 07:00:00+00:00,,PRE_TRADE_PROJECTED_EQUITY_BREACH
REJECTED,EURUSD,BUY,2022-07-25 16:00:00+00:00,,PRE_TRADE_PROJECTED_EQUITY_BREACH
REJECTED,EURUSD,BUY,2022-07-26 05:30:00+00:00,,PRE_TRADE_PROJECTED_EQUITY_BREACH
REJECTED,EURUSD,BUY,2022-07-26 10:00:00+00:00,,PRE_TRADE_PROJECTED_EQUITY_BREACH
REJECTED,GBPUSD,BUY,2022-07-26 10:00:00+00:00,,PRE_TRADE_PROJECTED_EQUITY_BREACH
REJECTED,EURUSD,SELL,2022-07-27 00:00:00+00:00,,PRE_TRADE_PROJECTED_EQUITY_BREACH
REJECTED,EURUSD,SELL,2022-07-27 02:30:00+00:00,,PRE_TRADE_PROJECTED_EQUITY_BREACH
REJECTED,EURUSD,SELL,2022-07-27 12:00:00+00:00,,PRE_TRADE_PROJECTED_EQUITY_BREACH
REJECTED,GBPUSD,BUY,2022-07-29 10:00:00+00:00,,PRE_TRADE_PROJECTED_EQUITY_BREACH
REJECTED,GBPUSD,BUY,2022-07-29 13:30:00+00:00,,PRE_TRADE_PROJECTED_EQUITY_BREACH
REJECTED,EURUSD,BUY,2022-08-01 06:30:00+00:00,,PRE_TRADE_PROJECTED_EQUITY_BREACH
REJECTED,EURUSD,BUY,2022-08-01 12:30:00+00:00,,PRE_TRADE_PROJECTED_EQUITY_BREACH
REJECTED,GBPUSD,BUY,2022-08-02 05:30:00+00:00,,PRE_TRADE_PROJECTED_EQUITY_BREACH
REJECTED,GBPUSD,BUY,2022-08-02 07:00:00+00:00,,PRE_TRADE_PROJECTED_EQUITY_BREACH
REJECTED,EURUSD,BUY,2022-08-02 07:30:00+00:00,,PRE_TRADE_PROJECTED_EQUITY_BREACH
REJECTED,GBPUSD,BUY,2022-08-02 18:00:00+00:00,,PRE_TRADE_PROJECTED_EQUITY_BREACH
REJECTED,GBPUSD,BUY,2022-08-03 00:30:00+00:00,,PRE_TRADE_PROJECTED_EQUITY_BREACH
REJECTED,EURUSD,SELL,2022-08-03 03:30:00+00:00,,PRE_TRADE_PROJECTED_EQUITY_BREACH
REJECTED,EURUSD,SELL,2022-08-03 04:30:00+00:00,,PRE_TRADE_PROJECTED_EQUITY_BREACH
REJECTED,GBPUSD,BUY,2022-08-03 14:30:00+00:00,,PRE_TRADE_PROJECTED_EQUITY_BREACH
REJECTED,GBPUSD,BUY,2022-08-03 22:00:00+00:00,,PRE_TRADE_PROJECTED_EQUITY_BREACH
REJECTED,EURUSD,SELL,2022-08-04 06:00:00+00:00,,PRE_TRADE_PROJECTED_EQUITY_BREACH
REJECTED,GBPUSD,SELL,2022-08-04 16:00:00+00:00,,PRE_TRADE_PROJECTED_EQUITY_BREACH
REJECTED,EURUSD,BUY,2022-08-05 01:30:00+00:00,,PRE_TRADE_PROJECTED_EQUITY_BREACH
REJECTED,GBPUSD,BUY,2022-08-05 01:30:00+00:00,,PRE_TRADE_PROJECTED_EQUITY_BREACH
REJECTED,EURUSD,BUY,2022-08-05 07:00:00+00:00,,PRE_TRADE_PROJECTED_EQUITY_BREACH
REJECTED,GBPUSD,BUY,2022-08-05 10:00:00+00:00,,PRE_TRADE_PROJECTED_EQUITY_BREACH
REJECTED,GBPUSD,SELL,2022-08-08 08:00:00+00:00,,PRE_TRADE_PROJECTED_EQUITY_BREACH
REJECTED,EURUSD,BUY,2022-08-09 12:30:00+00:00,,PRE_TRADE_PROJECTED_EQUITY_BREACH
REJECTED,EURUSD,BUY,2022-08-09 18:30:00+00:00,,PRE_TRADE_PROJECTED_EQUITY_BREACH
REJECTED,GBPUSD,SELL,2022-08-10 03:00:00+00:00,,PRE_TRADE_PROJECTED_EQUITY_BREACH
REJECTED,EURUSD,BUY,2022-08-10 07:00:00+00:00,,PRE_TRADE_PROJECTED_EQUITY_BREACH
REJECTED,GBPUSD,SELL,2022-08-10 09:30:00+00:00,,PRE_TRADE_PROJECTED_EQUITY_BREACH
REJECTED,EURUSD,BUY,2022-08-10 19:00:00+00:00,,PRE_TRADE_PROJECTED_EQUITY_BREACH
REJECTED,GBPUSD,BUY,2022-08-10 20:30:00+00:00,,PRE_TRADE_PROJECTED_EQUITY_BREACH
REJECTED,GBPUSD,BUY,2022-08-11 02:00:00+00:00,,PRE_TRADE_PROJECTED_EQUITY_BREACH
REJECTED,EURUSD,BUY,2022-08-11 03:30:00+00:00,,PRE_TRADE_PROJECTED_EQUITY_BREACH
REJECTED,EURUSD,BUY,2022-08-11 06:00:00+00:00,,PRE_TRADE_PROJECTED_EQUITY_BREACH
REJECTED,EURUSD,BUY,2022-08-11 19:00:00+00:00,,PRE_TRADE_PROJECTED_EQUITY_BREACH
REJECTED,GBPUSD,BUY,2022-08-11 20:30:00+00:00,,PRE_TRADE_PROJECTED_EQUITY_BREACH
REJECTED,EURUSD,BUY,2022-08-12 08:00:00+00:00,,PRE_TRADE_PROJECTED_EQUITY_BREACH
REJECTED,EURUSD,BUY,2022-08-12 12:00:00+00:00,,PRE_TRADE_PROJECTED_EQUITY_BREACH
REJECTED,GBPUSD,SELL,2022-08-16 13:30:00+00:00,,PRE_TRADE_PROJECTED_EQUITY_BREACH
REJECTED,EURUSD,SELL,2022-08-16 14:00:00+00:00,,PRE_TRADE_PROJECTED_EQUITY_BREACH
REJECTED,EURUSD,SELL,2022-08-17 10:30:00+00:00,,PRE_TRADE_PROJECTED_EQUITY_BREACH
REJECTED,EURUSD,SELL,2022-08-17 19:00:00+00:00,,PRE_TRADE_PROJECTED_EQUITY_BREACH
REJECTED,GBPUSD,SELL,2022-08-17 19:00:00+00:00,,PRE_TRADE_PROJECTED_EQUITY_BREACH
REJECTED,EURUSD,SELL,2022-08-18 01:30:00+00:00,,PRE_TRADE_PROJECTED_EQUITY_BREACH
REJECTED,GBPUSD,SELL,2022-08-22 04:00:00+00:00,,PRE_TRADE_PROJECTED_EQUITY_BREACH
REJECTED,EURUSD,SELL,2022-08-23 14:30:00+00:00,,PRE_TRADE_PROJECTED_EQUITY_BREACH
REJECTED,GBPUSD,SELL,2022-08-23 14:30:00+00:00,,PRE_TRADE_PROJECTED_EQUITY_BREACH
REJECTED,GBPUSD,SELL,2022-08-23 16:00:00+00:00,,PRE_TRADE_PROJECTED_EQUITY_BREACH
REJECTED,EURUSD,SELL,2022-08-24 15:30:00+00:00,,PRE_TRADE_PROJECTED_EQUITY_BREACH
REJECTED,GBPUSD,SELL,2022-08-24 15:30:00+00:00,,PRE_TRADE_PROJECTED_EQUITY_BREACH
REJECTED,EURUSD,SELL,2022-08-25 02:00:00+00:00,,PRE_TRADE_PROJECTED_EQUITY_BREACH
REJECTED,GBPUSD,SELL,2022-08-25 02:00:00+00:00,,PRE_TRADE_PROJECTED_EQUITY_BREACH
REJECTED,GBPUSD,SELL,2022-08-25 08:00:00+00:00,,PRE_TRADE_PROJECTED_EQUITY_BREACH
REJECTED,EURUSD,SELL,2022-08-25 20:30:00+00:00,,PRE_TRADE_PROJECTED_EQUITY_BREACH
REJECTED,EURUSD,SELL,2022-08-26 04:00:00+00:00,,PRE_TRADE_PROJECTED_EQUITY_BREACH
REJECTED,EURUSD,SELL,2022-08-26 09:30:00+00:00,,PRE_TRADE_PROJECTED_EQUITY_BREACH
REJECTED,EURUSD,SELL,2022-08-26 11:30:00+00:00,,PRE_TRADE_PROJECTED_EQUITY_BREACH
REJECTED,EURUSD,SELL,2022-08-26 14:00:00+00:00,,PRE_TRADE_PROJECTED_EQUITY_BREACH
REJECTED,EURUSD,SELL,2022-08-29 07:30:00+00:00,,PRE_TRADE_PROJECTED_EQUITY_BREACH
REJECTED,EURUSD,SELL,2022-08-29 11:00:00+00:00,,PRE_TRADE_PROJECTED_EQUITY_BREACH
REJECTED,EURUSD,SELL,2022-08-29 23:30:00+00:00,,PRE_TRADE_PROJECTED_EQUITY_BREACH
REJECTED,EURUSD,SELL,2022-08-30 00:30:00+00:00,,PRE_TRADE_PROJECTED_EQUITY_BREACH
REJECTED,GBPUSD,SELL,2022-08-31 01:00:00+00:00,,PRE_TRADE_PROJECTED_EQUITY_BREACH
REJECTED,GBPUSD,SELL,2022-08-31 04:30:00+00:00,,PRE_TRADE_PROJECTED_EQUITY_BREACH
REJECTED,EURUSD,BUY,2022-09-01 00:30:00+00:00,,PRE_TRADE_PROJECTED_EQUITY_BREACH
REJECTED,GBPUSD,SELL,2022-09-01 08:00:00+00:00,,PRE_TRADE_PROJECTED_EQUITY_BREACH
REJECTED,EURUSD,SELL,2022-09-02 00:30:00+00:00,,PRE_TRADE_PROJECTED_EQUITY_BREACH
REJECTED,GBPUSD,SELL,2022-09-02 01:00:00+00:00,,PRE_TRADE_PROJECTED_EQUITY_BREACH
REJECTED,EURUSD,SELL,2022-09-02 04:30:00+00:00,,PRE_TRADE_PROJECTED_EQUITY_BREACH
REJECTED,EURUSD,SELL,2022-09-05 09:00:00+00:00,,PRE_TRADE_PROJECTED_EQUITY_BREACH
REJECTED,GBPUSD,SELL,2022-09-05 10:00:00+00:00,,PRE_TRADE_PROJECTED_EQUITY_BREACH
REJECTED,EURUSD,SELL,2022-09-05 23:00:00+00:00,,PRE_TRADE_PROJECTED_EQUITY_BREACH
REJECTED,GBPUSD,SELL,2022-09-05 23:00:00+00:00,,PRE_TRADE_PROJECTED_EQUITY_BREACH
REJECTED,EURUSD,SELL,2022-09-06 01:00:00+00:00,,PRE_TRADE_PROJECTED_EQUITY_BREACH
REJECTED,GBPUSD,SELL,2022-09-06 01:00:00+00:00,,PRE_TRADE_PROJECTED_EQUITY_BREACH
REJECTED,EURUSD,SELL,2022-09-06 08:30:00+00:00,,PRE_TRADE_PROJECTED_EQUITY_BREACH
REJECTED,GBPUSD,SELL,2022-09-07 07:30:00+00:00,,PRE_TRADE_PROJECTED_EQUITY_BREACH
REJECTED,EURUSD,SELL,2022-09-07 15:00:00+00:00,,PRE_TRADE_PROJECTED_EQUITY_BREACH
REJECTED,GBPUSD,SELL,2022-09-07 17:00:00+00:00,,PRE_TRADE_PROJECTED_EQUITY_BREACH
REJECTED,GBPUSD,SELL,2022-09-07 23:30:00+00:00,,PRE_TRADE_PROJECTED_EQUITY_BREACH
REJECTED,EURUSD,BUY,2022-09-08 00:00:00+00:00,,PRE_TRADE_PROJECTED_EQUITY_BREACH
REJECTED,GBPUSD,SELL,2022-09-08 11:30:00+00:00,,PRE_TRADE_PROJECTED_EQUITY_BREACH
REJECTED,EURUSD,BUY,2022-09-08 14:00:00+00:00,,PRE_TRADE_PROJECTED_EQUITY_BREACH
REJECTED,EURUSD,SELL,2022-09-08 18:00:00+00:00,,PRE_TRADE_PROJECTED_EQUITY_BREACH
REJECTED,GBPUSD,SELL,2022-09-09 00:00:00+00:00,,PRE_TRADE_PROJECTED_EQUITY_BREACH
REJECTED,EURUSD,BUY,2022-09-09 12:00:00+00:00,,PRE_TRADE_PROJECTED_EQUITY_BREACH
REJECTED,GBPUSD,BUY,2022-09-12 20:00:00+00:00,,PRE_TRADE_PROJECTED_EQUITY_BREACH
REJECTED,EURUSD,BUY,2022-09-13 13:30:00+00:00,,PRE_TRADE_PROJECTED_EQUITY_BREACH
REJECTED,EURUSD,SELL,2022-09-14 05:30:00+00:00,,PRE_TRADE_PROJECTED_EQUITY_BREACH
REJECTED,GBPUSD,SELL,2022-09-14 05:30:00+00:00,,PRE_TRADE_PROJECTED_EQUITY_BREACH
REJECTED,GBPUSD,SELL,2022-09-14 10:30:00+00:00,,PRE_TRADE_PROJECTED_EQUITY_BREACH
REJECTED,EURUSD,SELL,2022-09-14 11:00:00+00:00,,PRE_TRADE_PROJECTED_EQUITY_BREACH
REJECTED,GBPUSD,SELL,2022-09-14 23:30:00+00:00,,PRE_TRADE_PROJECTED_EQUITY_BREACH
REJECTED,EURUSD,SELL,2022-09-15 08:30:00+00:00,,PRE_TRADE_PROJECTED_EQUITY_BREACH
REJECTED,GBPUSD,SELL,2022-09-16 12:00:00+00:00,,PRE_TRADE_PROJECTED_EQUITY_BREACH
REJECTED,GBPUSD,SELL,2022-09-16 15:30:00+00:00,,PRE_TRADE_PROJECTED_EQUITY_BREACH
REJECTED,GBPUSD,SELL,2022-09-19 00:30:00+00:00,,PRE_TRADE_PROJECTED_EQUITY_BREACH
REJECTED,GBPUSD,SELL,2022-09-19 15:30:00+00:00,,PRE_TRADE_PROJECTED_EQUITY_BREACH
REJECTED,GBPUSD,SELL,2022-09-20 00:30:00+00:00,,PRE_TRADE_PROJECTED_EQUITY_BREACH
REJECTED,EURUSD,SELL,2022-09-22 09:00:00+00:00,,PRE_TRADE_PROJECTED_EQUITY_BREACH
REJECTED,GBPUSD,SELL,2022-09-22 09:00:00+00:00,,PRE_TRADE_PROJECTED_EQUITY_BREACH
REJECTED,GBPUSD,SELL,2022-09-23 00:30:00+00:00,,PRE_TRADE_PROJECTED_EQUITY_BREACH
REJECTED,GBPUSD,SELL,2022-09-26 07:30:00+00:00,,PRE_TRADE_PROJECTED_EQUITY_BREACH
REJECTED,GBPUSD,SELL,2022-09-26 13:30:00+00:00,,PRE_TRADE_PROJECTED_EQUITY_BREACH
REJECTED,EURUSD,SELL,2022-09-27 04:30:00+00:00,,PRE_TRADE_PROJECTED_EQUITY_BREACH
REJECTED,EURUSD,SELL,2022-09-27 07:00:00+00:00,,PRE_TRADE_PROJECTED_EQUITY_BREACH
REJECTED,EURUSD,SELL,2022-09-28 14:30:00+00:00,,PRE_TRADE_PROJECTED_EQUITY_BREACH
REJECTED,GBPUSD,SELL,2022-09-28 16:00:00+00:00,,PRE_TRADE_PROJECTED_EQUITY_BREACH
REJECTED,GBPUSD,SELL,2022-09-29 10:00:00+00:00,,PRE_TRADE_PROJECTED_EQUITY_BREACH
REJECTED,EURUSD,SELL,2022-09-29 12:00:00+00:00,,PRE_TRADE_PROJECTED_EQUITY_BREACH
REJECTED,GBPUSD,SELL,2022-09-29 14:00:00+00:00,,PRE_TRADE_PROJECTED_EQUITY_BREACH
REJECTED,GBPUSD,BUY,2022-09-30 03:00:00+00:00,,PRE_TRADE_PROJECTED_EQUITY_BREACH
REJECTED,EURUSD,BUY,2022-09-30 11:00:00+00:00,,PRE_TRADE_PROJECTED_EQUITY_BREACH
REJECTED,GBPUSD,BUY,2022-09-30 11:30:00+00:00,,PRE_TRADE_PROJECTED_EQUITY_BREACH
REJECTED,GBPUSD,BUY,2022-10-03 01:00:00+00:00,,PRE_TRADE_PROJECTED_EQUITY_BREACH
REJECTED,EURUSD,BUY,2022-10-03 05:00:00+00:00,,PRE_TRADE_PROJECTED_EQUITY_BREACH
REJECTED,GBPUSD,BUY,2022-10-03 05:00:00+00:00,,PRE_TRADE_PROJECTED_EQUITY_BREACH
REJECTED,GBPUSD,BUY,2022-10-05 00:00:00+00:00,,PRE_TRADE_PROJECTED_EQUITY_BREACH
REJECTED,GBPUSD,BUY,2022-10-05 01:30:00+00:00,,PRE_TRADE_PROJECTED_EQUITY_BREACH
REJECTED,EURUSD,BUY,2022-10-05 09:00:00+00:00,,PRE_TRADE_PROJECTED_EQUITY_BREACH
REJECTED,GBPUSD,BUY,2022-10-05 12:30:00+00:00,,PRE_TRADE_PROJECTED_EQUITY_BREACH
REJECTED,GBPUSD,BUY,2022-10-05 13:30:00+00:00,,PRE_TRADE_PROJECTED_EQUITY_BREACH
REJECTED,EURUSD,BUY,2022-10-05 14:30:00+00:00,,PRE_TRADE_PROJECTED_EQUITY_BREACH
REJECTED,GBPUSD,BUY,2022-10-05 15:00:00+00:00,,PRE_TRADE_PROJECTED_EQUITY_BREACH
REJECTED,GBPUSD,BUY,2022-10-06 07:00:00+00:00,,PRE_TRADE_PROJECTED_EQUITY_BREACH
REJECTED,EURUSD,BUY,2022-10-06 12:30:00+00:00,,PRE_TRADE_PROJECTED_EQUITY_BREACH
REJECTED,GBPUSD,SELL,2022-10-07 03:00:00+00:00,,PRE_TRADE_PROJECTED_EQUITY_BREACH
REJECTED,EURUSD,SELL,2022-10-07 03:30:00+00:00,,PRE_TRADE_PROJECTED_EQUITY_BREACH
REJECTED,GBPUSD,SELL,2022-10-10 02:30:00+00:00,,PRE_TRADE_PROJECTED_EQUITY_BREACH
REJECTED,GBPUSD,SELL,2022-10-11 00:00:00+00:00,,PRE_TRADE_PROJECTED_EQUITY_BREACH
REJECTED,EURUSD,SELL,2022-10-11 01:00:00+00:00,,PRE_TRADE_PROJECTED_EQUITY_BREACH
REJECTED,EURUSD,SELL,2022-10-11 08:00:00+00:00,,PRE_TRADE_PROJECTED_EQUITY_BREACH
REJECTED,EURUSD,SELL,2022-10-11 12:00:00+00:00,,PRE_TRADE_PROJECTED_EQUITY_BREACH
REJECTED,GBPUSD,SELL,2022-10-11 12:00:00+00:00,,PRE_TRADE_PROJECTED_EQUITY_BREACH
REJECTED,EURUSD,SELL,2022-10-11 16:30:00+00:00,,PRE_TRADE_PROJECTED_EQUITY_BREACH
REJECTED,GBPUSD,SELL,2022-10-12 05:00:00+00:00,,PRE_TRADE_PROJECTED_EQUITY_BREACH
REJECTED,GBPUSD,SELL,2022-10-12 16:00:00+00:00,,PRE_TRADE_PROJECTED_EQUITY_BREACH
REJECTED,GBPUSD,SELL,2022-10-13 01:30:00+00:00,,PRE_TRADE_PROJECTED_EQUITY_BREACH
REJECTED,EURUSD,SELL,2022-10-13 10:00:00+00:00,,PRE_TRADE_PROJECTED_EQUITY_BREACH
REJECTED,GBPUSD,SELL,2022-10-13 10:00:00+00:00,,PRE_TRADE_PROJECTED_EQUITY_BREACH
REJECTED,GBPUSD,BUY,2022-10-14 08:00:00+00:00,,PRE_TRADE_PROJECTED_EQUITY_BREACH
REJECTED,EURUSD,SELL,2022-10-17 00:00:00+00:00,,PRE_TRADE_PROJECTED_EQUITY_BREACH
REJECTED,EURUSD,BUY,2022-10-18 02:30:00+00:00,,PRE_TRADE_PROJECTED_EQUITY_BREACH
REJECTED,EURUSD,BUY,2022-10-19 04:30:00+00:00,,PRE_TRADE_PROJECTED_EQUITY_BREACH
REJECTED,GBPUSD,BUY,2022-10-19 07:30:00+00:00,,PRE_TRADE_PROJECTED_EQUITY_BREACH
REJECTED,EURUSD,SELL,2022-10-20 06:00:00+00:00,,PRE_TRADE_PROJECTED_EQUITY_BREACH
REJECTED,GBPUSD,BUY,2022-10-24 04:30:00+00:00,,PRE_TRADE_PROJECTED_EQUITY_BREACH
REJECTED,EURUSD,BUY,2022-10-25 06:00:00+00:00,,PRE_TRADE_PROJECTED_EQUITY_BREACH
REJECTED,GBPUSD,BUY,2022-10-25 06:00:00+00:00,,PRE_TRADE_PROJECTED_EQUITY_BREACH
REJECTED,EURUSD,BUY,2022-10-26 01:30:00+00:00,,PRE_TRADE_PROJECTED_EQUITY_BREACH
REJECTED,GBPUSD,BUY,2022-10-26 01:30:00+00:00,,PRE_TRADE_PROJECTED_EQUITY_BREACH
REJECTED,EURUSD,BUY,2022-10-27 03:00:00+00:00,,PRE_TRADE_PROJECTED_EQUITY_BREACH
REJECTED,GBPUSD,BUY,2022-10-27 07:30:00+00:00,,PRE_TRADE_PROJECTED_EQUITY_BREACH
REJECTED,EURUSD,BUY,2022-10-27 10:30:00+00:00,,PRE_TRADE_PROJECTED_EQUITY_BREACH
REJECTED,GBPUSD,BUY,2022-10-27 10:30:00+00:00,,PRE_TRADE_PROJECTED_EQUITY_BREACH
REJECTED,GBPUSD,BUY,2022-10-28 01:30:00+00:00,,PRE_TRADE_PROJECTED_EQUITY_BREACH
REJECTED,GBPUSD,BUY,2022-10-28 06:30:00+00:00,,PRE_TRADE_PROJECTED_EQUITY_BREACH
REJECTED,EURUSD,BUY,2022-10-28 07:00:00+00:00,,PRE_TRADE_PROJECTED_EQUITY_BREACH
REJECTED,EURUSD,BUY,2022-10-28 16:30:00+00:00,,PRE_TRADE_PROJECTED_EQUITY_BREACH
REJECTED,GBPUSD,BUY,2022-10-30 21:00:00+00:00,,PRE_TRADE_PROJECTED_EQUITY_BREACH
REJECTED,EURUSD,BUY,2022-10-31 06:00:00+00:00,,PRE_TRADE_PROJECTED_EQUITY_BREACH
REJECTED,GBPUSD,BUY,2022-10-31 08:30:00+00:00,,PRE_TRADE_PROJECTED_EQUITY_BREACH
REJECTED,GBPUSD,BUY,2022-10-31 12:30:00+00:00,,PRE_TRADE_PROJECTED_EQUITY_BREACH
REJECTED,GBPUSD,BUY,2022-10-31 17:30:00+00:00,,PRE_TRADE_PROJECTED_EQUITY_BREACH
REJECTED,EURUSD,SELL,2022-11-01 02:00:00+00:00,,PRE_TRADE_PROJECTED_EQUITY_BREACH
REJECTED,EURUSD,BUY,2022-11-01 14:00:00+00:00,,PRE_TRADE_PROJECTED_EQUITY_BREACH
REJECTED,GBPUSD,BUY,2022-11-01 14:00:00+00:00,,PRE_TRADE_PROJECTED_EQUITY_BREACH
REJECTED,GBPUSD,BUY,2022-11-01 16:00:00+00:00,,PRE_TRADE_PROJECTED_EQUITY_BREACH
REJECTED,EURUSD,SELL,2022-11-02 00:30:00+00:00,,PRE_TRADE_PROJECTED_EQUITY_BREACH
REJECTED,GBPUSD,BUY,2022-11-02 07:00:00+00:00,,PRE_TRADE_PROJECTED_EQUITY_BREACH
REJECTED,GBPUSD,BUY,2022-11-02 14:30:00+00:00,,PRE_TRADE_PROJECTED_EQUITY_BREACH
REJECTED,EURUSD,SELL,2022-11-02 18:00:00+00:00,,PRE_TRADE_PROJECTED_EQUITY_BREACH
REJECTED,EURUSD,SELL,2022-11-03 01:00:00+00:00,,PRE_TRADE_PROJECTED_EQUITY_BREACH
REJECTED,EURUSD,SELL,2022-11-03 19:00:00+00:00,,PRE_TRADE_PROJECTED_EQUITY_BREACH
REJECTED,GBPUSD,SELL,2022-11-03 23:30:00+00:00,,PRE_TRADE_PROJECTED_EQUITY_BREACH
REJECTED,EURUSD,SELL,2022-11-04 02:30:00+00:00,,PRE_TRADE_PROJECTED_EQUITY_BREACH
REJECTED,GBPUSD,SELL,2022-11-04 04:00:00+00:00,,PRE_TRADE_PROJECTED_EQUITY_BREACH
REJECTED,EURUSD,SELL,2022-11-04 13:00:00+00:00,,PRE_TRADE_PROJECTED_EQUITY_BREACH
REJECTED,GBPUSD,SELL,2022-11-04 17:30:00+00:00,,PRE_TRADE_PROJECTED_EQUITY_BREACH
REJECTED,EURUSD,BUY,2022-11-06 22:00:00+00:00,,PRE_TRADE_PROJECTED_EQUITY_BREACH
REJECTED,EURUSD,BUY,2022-11-07 07:30:00+00:00,,PRE_TRADE_PROJECTED_EQUITY_BREACH
REJECTED,EURUSD,BUY,2022-11-08 05:30:00+00:00,,PRE_TRADE_PROJECTED_EQUITY_BREACH
REJECTED,GBPUSD,BUY,2022-11-08 06:00:00+00:00,,PRE_TRADE_PROJECTED_EQUITY_BREACH
REJECTED,GBPUSD,BUY,2022-11-08 07:30:00+00:00,,PRE_TRADE_PROJECTED_EQUITY_BREACH
REJECTED,GBPUSD,BUY,2022-11-08 19:00:00+00:00,,PRE_TRADE_PROJECTED_EQUITY_BREACH
REJECTED,EURUSD,BUY,2022-11-09 06:30:00+00:00,,PRE_TRADE_PROJECTED_EQUITY_BREACH
REJECTED,GBPUSD,BUY,2022-11-09 10:00:00+00:00,,PRE_TRADE_PROJECTED_EQUITY_BREACH
REJECTED,EURUSD,BUY,2022-11-09 19:00:00+00:00,,PRE_TRADE_PROJECTED_EQUITY_BREACH
REJECTED,GBPUSD,SELL,2022-11-09 23:30:00+00:00,,PRE_TRADE_PROJECTED_EQUITY_BREACH
REJECTED,EURUSD,BUY,2022-11-10 07:30:00+00:00,,PRE_TRADE_PROJECTED_EQUITY_BREACH
REJECTED,EURUSD,BUY,2022-11-10 09:00:00+00:00,,PRE_TRADE_PROJECTED_EQUITY_BREACH
REJECTED,EURUSD,BUY,2022-11-11 00:30:00+00:00,,PRE_TRADE_PROJECTED_EQUITY_BREACH
REJECTED,GBPUSD,BUY,2022-11-11 00:30:00+00:00,,PRE_TRADE_PROJECTED_EQUITY_BREACH
REJECTED,EURUSD,BUY,2022-11-13 22:00:00+00:00,,PRE_TRADE_PROJECTED_EQUITY_BREACH
REJECTED,GBPUSD,BUY,2022-11-13 22:00:00+00:00,,PRE_TRADE_PROJECTED_EQUITY_BREACH
REJECTED,EURUSD,BUY,2022-11-14 10:30:00+00:00,,PRE_TRADE_PROJECTED_EQUITY_BREACH
REJECTED,GBPUSD,BUY,2022-11-15 00:00:00+00:00,,PRE_TRADE_PROJECTED_EQUITY_BREACH
REJECTED,EURUSD,BUY,2022-11-15 00:30:00+00:00,,PRE_TRADE_PROJECTED_EQUITY_BREACH
REJECTED,EURUSD,BUY,2022-11-15 13:00:00+00:00,,PRE_TRADE_PROJECTED_EQUITY_BREACH
REJECTED,EURUSD,BUY,2022-11-16 13:30:00+00:00,,PRE_TRADE_PROJECTED_EQUITY_BREACH
REJECTED,EURUSD,BUY,2022-11-16 18:00:00+00:00,,PRE_TRADE_PROJECTED_EQUITY_BREACH
REJECTED,EURUSD,BUY,2022-11-17 01:00:00+00:00,,PRE_TRADE_PROJECTED_EQUITY_BREACH
REJECTED,GBPUSD,BUY,2022-11-17 01:30:00+00:00,,PRE_TRADE_PROJECTED_EQUITY_BREACH
REJECTED,GBPUSD,BUY,2022-11-17 10:30:00+00:00,,PRE_TRADE_PROJECTED_EQUITY_BREACH
REJECTED,GBPUSD,BUY,2022-11-17 12:00:00+00:00,,PRE_TRADE_PROJECTED_EQUITY_BREACH
REJECTED,EURUSD,BUY,2022-11-17 13:30:00+00:00,,PRE_TRADE_PROJECTED_EQUITY_BREACH
REJECTED,GBPUSD,BUY,2022-11-21 00:00:00+00:00,,PRE_TRADE_PROJECTED_EQUITY_BREACH
REJECTED,EURUSD,BUY,2022-11-21 01:00:00+00:00,,PRE_TRADE_PROJECTED_EQUITY_BREACH
REJECTED,GBPUSD,BUY,2022-11-21 02:30:00+00:00,,PRE_TRADE_PROJECTED_EQUITY_BREACH
REJECTED,GBPUSD,BUY,2022-11-21 06:30:00+00:00,,PRE_TRADE_PROJECTED_EQUITY_BREACH
REJECTED,EURUSD,SELL,2022-11-21 13:30:00+00:00,,PRE_TRADE_PROJECTED_EQUITY_BREACH
REJECTED,EURUSD,SELL,2022-11-22 00:00:00+00:00,,PRE_TRADE_PROJECTED_EQUITY_BREACH
REJECTED,GBPUSD,BUY,2022-11-22 07:00:00+00:00,,PRE_TRADE_PROJECTED_EQUITY_BREACH
REJECTED,EURUSD,BUY,2022-11-24 08:00:00+00:00,,PRE_TRADE_PROJECTED_EQUITY_BREACH
REJECTED,GBPUSD,BUY,2022-11-25 00:00:00+00:00,,PRE_TRADE_PROJECTED_EQUITY_BREACH
REJECTED,EURUSD,BUY,2022-11-25 13:00:00+00:00,,PRE_TRADE_PROJECTED_EQUITY_BREACH
REJECTED,EURUSD,BUY,2022-11-27 22:00:00+00:00,,PRE_TRADE_PROJECTED_EQUITY_BREACH
REJECTED,GBPUSD,BUY,2022-11-27 22:00:00+00:00,,PRE_TRADE_PROJECTED_EQUITY_BREACH
REJECTED,EURUSD,BUY,2022-11-28 15:30:00+00:00,,PRE_TRADE_PROJECTED_EQUITY_BREACH
REJECTED,EURUSD,BUY,2022-11-28 17:30:00+00:00,,PRE_TRADE_PROJECTED_EQUITY_BREACH
REJECTED,GBPUSD,BUY,2022-11-28 18:00:00+00:00,,PRE_TRADE_PROJECTED_EQUITY_BREACH
REJECTED,EURUSD,BUY,2022-12-02 13:30:00+00:00,,PRE_TRADE_PROJECTED_EQUITY_BREACH
REJECTED,GBPUSD,BUY,2022-12-02 13:30:00+00:00,,PRE_TRADE_PROJECTED_EQUITY_BREACH
REJECTED,GBPUSD,BUY,2022-12-05 06:30:00+00:00,,PRE_TRADE_PROJECTED_EQUITY_BREACH
REJECTED,EURUSD,BUY,2022-12-05 07:00:00+00:00,,PRE_TRADE_PROJECTED_EQUITY_BREACH
REJECTED,EURUSD,BUY,2022-12-05 15:00:00+00:00,,PRE_TRADE_PROJECTED_EQUITY_BREACH
REJECTED,GBPUSD,BUY,2022-12-05 15:00:00+00:00,,PRE_TRADE_PROJECTED_EQUITY_BREACH
REJECTED,GBPUSD,BUY,2022-12-05 16:30:00+00:00,,PRE_TRADE_PROJECTED_EQUITY_BREACH
REJECTED,EURUSD,BUY,2022-12-06 14:30:00+00:00,,PRE_TRADE_PROJECTED_EQUITY_BREACH
REJECTED,GBPUSD,BUY,2022-12-06 15:00:00+00:00,,PRE_TRADE_PROJECTED_EQUITY_BREACH
REJECTED,EURUSD,BUY,2022-12-06 18:30:00+00:00,,PRE_TRADE_PROJECTED_EQUITY_BREACH
REJECTED,GBPUSD,BUY,2022-12-06 18:30:00+00:00,,PRE_TRADE_PROJECTED_EQUITY_BREACH
REJECTED,GBPUSD,BUY,2022-12-06 21:00:00+00:00,,PRE_TRADE_PROJECTED_EQUITY_BREACH
REJECTED,GBPUSD,BUY,2022-12-07 06:00:00+00:00,,PRE_TRADE_PROJECTED_EQUITY_BREACH
REJECTED,EURUSD,BUY,2022-12-07 06:30:00+00:00,,PRE_TRADE_PROJECTED_EQUITY_BREACH
REJECTED,GBPUSD,BUY,2022-12-08 01:00:00+00:00,,PRE_TRADE_PROJECTED_EQUITY_BREACH
REJECTED,GBPUSD,BUY,2022-12-08 09:00:00+00:00,,PRE_TRADE_PROJECTED_EQUITY_BREACH
REJECTED,GBPUSD,BUY,2022-12-08 22:00:00+00:00,,PRE_TRADE_PROJECTED_EQUITY_BREACH
REJECTED,GBPUSD,BUY,2022-12-09 08:00:00+00:00,,PRE_TRADE_PROJECTED_EQUITY_BREACH
REJECTED,EURUSD,BUY,2022-12-09 08:30:00+00:00,,PRE_TRADE_PROJECTED_EQUITY_BREACH
REJECTED,EURUSD,BUY,2022-12-09 15:00:00+00:00,,PRE_TRADE_PROJECTED_EQUITY_BREACH
REJECTED,EURUSD,BUY,2022-12-09 20:30:00+00:00,,PRE_TRADE_PROJECTED_EQUITY_BREACH
REJECTED,GBPUSD,BUY,2022-12-09 20:30:00+00:00,,PRE_TRADE_PROJECTED_EQUITY_BREACH
REJECTED,EURUSD,BUY,2022-12-11 23:30:00+00:00,,PRE_TRADE_PROJECTED_EQUITY_BREACH
REJECTED,GBPUSD,BUY,2022-12-11 23:30:00+00:00,,PRE_TRADE_PROJECTED_EQUITY_BREACH
REJECTED,EURUSD,BUY,2022-12-12 02:00:00+00:00,,PRE_TRADE_PROJECTED_EQUITY_BREACH
REJECTED,EURUSD,BUY,2022-12-12 15:30:00+00:00,,PRE_TRADE_PROJECTED_EQUITY_BREACH
REJECTED,GBPUSD,BUY,2022-12-13 03:30:00+00:00,,PRE_TRADE_PROJECTED_EQUITY_BREACH
REJECTED,EURUSD,BUY,2022-12-13 09:00:00+00:00,,PRE_TRADE_PROJECTED_EQUITY_BREACH
REJECTED,GBPUSD,BUY,2022-12-14 00:00:00+00:00,,PRE_TRADE_PROJECTED_EQUITY_BREACH
REJECTED,EURUSD,BUY,2022-12-15 00:00:00+00:00,,PRE_TRADE_PROJECTED_EQUITY_BREACH
REJECTED,GBPUSD,BUY,2022-12-15 04:00:00+00:00,,PRE_TRADE_PROJECTED_EQUITY_BREACH
REJECTED,EURUSD,BUY,2022-12-15 04:30:00+00:00,,PRE_TRADE_PROJECTED_EQUITY_BREACH
REJECTED,EURUSD,BUY,2022-12-15 08:00:00+00:00,,PRE_TRADE_PROJECTED_EQUITY_BREACH
REJECTED,GBPUSD,BUY,2022-12-15 08:00:00+00:00,,PRE_TRADE_PROJECTED_EQUITY_BREACH
REJECTED,GBPUSD,BUY,2022-12-15 13:00:00+00:00,,PRE_TRADE_PROJECTED_EQUITY_BREACH
REJECTED,GBPUSD,BUY,2022-12-15 15:00:00+00:00,,PRE_TRADE_PROJECTED_EQUITY_BREACH
REJECTED,EURUSD,BUY,2022-12-15 17:00:00+00:00,,PRE_TRADE_PROJECTED_EQUITY_BREACH
REJECTED,GBPUSD,SELL,2022-12-16 00:00:00+00:00,,PRE_TRADE_PROJECTED_EQUITY_BREACH
REJECTED,GBPUSD,SELL,2022-12-19 01:30:00+00:00,,PRE_TRADE_PROJECTED_EQUITY_BREACH
REJECTED,GBPUSD,SELL,2022-12-19 08:00:00+00:00,,PRE_TRADE_PROJECTED_EQUITY_BREACH
REJECTED,EURUSD,BUY,2022-12-20 05:00:00+00:00,,PRE_TRADE_PROJECTED_EQUITY_BREACH
REJECTED,GBPUSD,SELL,2022-12-20 19:30:00+00:00,,PRE_TRADE_PROJECTED_EQUITY_BREACH
REJECTED,GBPUSD,SELL,2022-12-22 01:00:00+00:00,,PRE_TRADE_PROJECTED_EQUITY_BREACH
REJECTED,GBPUSD,SELL,2022-12-22 20:00:00+00:00,,PRE_TRADE_PROJECTED_EQUITY_BREACH
REJECTED,GBPUSD,SELL,2022-12-23 07:30:00+00:00,,PRE_TRADE_PROJECTED_EQUITY_BREACH
REJECTED,GBPUSD,SELL,2022-12-26 10:30:00+00:00,,PRE_TRADE_PROJECTED_EQUITY_BREACH
REJECTED,GBPUSD,SELL,2022-12-26 22:00:00+00:00,,PRE_TRADE_PROJECTED_EQUITY_BREACH
REJECTED,EURUSD,BUY,2022-12-27 12:30:00+00:00,,PRE_TRADE_PROJECTED_EQUITY_BREACH
REJECTED,EURUSD,BUY,2022-12-28 00:00:00+00:00,,PRE_TRADE_PROJECTED_EQUITY_BREACH
REJECTED,EURUSD,BUY,2022-12-28 09:00:00+00:00,,PRE_TRADE_PROJECTED_EQUITY_BREACH
REJECTED,GBPUSD,SELL,2022-12-28 10:30:00+00:00,,PRE_TRADE_PROJECTED_EQUITY_BREACH
REJECTED,EURUSD,SELL,2022-12-28 23:00:00+00:00,,PRE_TRADE_PROJECTED_EQUITY_BREACH
REJECTED,GBPUSD,SELL,2022-12-29 00:30:00+00:00,,PRE_TRADE_PROJECTED_EQUITY_BREACH
REJECTED,EURUSD,BUY,2022-12-29 04:00:00+00:00,,PRE_TRADE_PROJECTED_EQUITY_BREACH
REJECTED,EURUSD,BUY,2022-12-29 21:30:00+00:00,,PRE_TRADE_PROJECTED_EQUITY_BREACH
REJECTED,EURUSD,BUY,2022-12-29 23:00:00+00:00,,PRE_TRADE_PROJECTED_EQUITY_BREACH
REJECTED,EURUSD,BUY,2022-12-30 05:30:00+00:00,,PRE_TRADE_PROJECTED_EQUITY_BREACH
ACCEPTED,EURUSD,SELL,2015-01-14 06:00:00+00:00,1.17915,CLOSED_DISCRETIONARY_EXIT
ACCEPTED,EURUSD,SELL,2015-01-14 14:00:00+00:00,1.18255,CLOSED_DISCRETIONARY_EXIT
ACCEPTED,GBPUSD,BUY,2015-01-15 07:30:00+00:00,1.52074,CLOSED_SL
ACCEPTED,EURUSD,SELL,2015-01-15 22:00:00+00:00,1.16304,CLOSED_DISCRETIONARY_EXIT
ACCEPTED,EURUSD,SELL,2015-01-16 18:30:00+00:00,1.15627,CLOSED_DISCRETIONARY_EXIT
ACCEPTED,EURUSD,SELL,2015-01-19 07:30:00+00:00,1.15805,CLOSED_SL
ACCEPTED,EURUSD,SELL,2015-01-19 14:30:00+00:00,1.16182,CLOSED_DISCRETIONARY_EXIT
ACCEPTED,GBPUSD,SELL,2015-01-20 08:00:00+00:00,1.51032,CLOSED_SL
ACCEPTED,GBPUSD,SELL,2015-01-20 09:00:00+00:00,1.51241,CLOSED_SL
ACCEPTED,GBPUSD,SELL,2015-01-21 03:30:00+00:00,1.51554,CLOSED_SL
ACCEPTED,EURUSD,SELL,2015-01-21 03:00:00+00:00,1.15667,CLOSED_DISCRETIONARY_EXIT
ACCEPTED,EURUSD,SELL,2015-01-21 06:30:00+00:00,1.15840,CLOSED_DISCRETIONARY_EXIT
ACCEPTED,EURUSD,SELL,2015-01-21 14:00:00+00:00,1.16329,CLOSED_SL
ACCEPTED,EURUSD,SELL,2015-01-21 22:00:00+00:00,1.16095,CLOSED_DISCRETIONARY_EXIT
ACCEPTED,GBPUSD,SELL,2015-01-22 01:30:00+00:00,1.51568,CLOSED_DISCRETIONARY_EXIT
ACCEPTED,GBPUSD,SELL,2015-01-22 08:30:00+00:00,1.51503,CLOSED_SL
ACCEPTED,GBPUSD,BUY,2015-01-22 14:30:00+00:00,1.51382,CLOSED_SL
ACCEPTED,GBPUSD,SELL,2015-01-26 05:30:00+00:00,1.50032,CLOSED_SL
ACCEPTED,EURUSD,SELL,2015-01-26 06:30:00+00:00,1.11936,CLOSED_SL
ACCEPTED,EURUSD,SELL,2015-01-26 14:00:00+00:00,1.12689,CLOSED_DISCRETIONARY_EXIT
ACCEPTED,GBPUSD,SELL,2015-01-26 15:00:00+00:00,1.50524,CLOSED_SL
ACCEPTED,GBPUSD,SELL,2015-01-27 01:30:00+00:00,1.51021,CLOSED_DISCRETIONARY_EXIT
ACCEPTED,EURUSD,SELL,2015-01-27 08:30:00+00:00,1.12870,CLOSED_SL
ACCEPTED,EURUSD,SELL,2015-01-27 14:00:00+00:00,1.13385,CLOSED_SL
ACCEPTED,EURUSD,SELL,2015-01-27 21:00:00+00:00,1.13796,CLOSED_DISCRETIONARY_EXIT
ACCEPTED,GBPUSD,BUY,2015-01-27 23:00:00+00:00,1.51880,CLOSED_SL_GAP
ACCEPTED,GBPUSD,BUY,2015-01-28 02:30:00+00:00,1.51608,CLOSED_DISCRETIONARY_EXIT
ACCEPTED,EURUSD,SELL,2015-01-28 06:30:00+00:00,1.13688,CLOSED_DISCRETIONARY_EXIT
ACCEPTED,GBPUSD,BUY,2015-01-28 15:30:00+00:00,1.51703,CLOSED_DISCRETIONARY_EXIT
ACCEPTED,GBPUSD,BUY,2015-01-28 20:00:00+00:00,1.51576,CLOSED_DISCRETIONARY_EXIT
ACCEPTED,GBPUSD,BUY,2015-01-29 04:30:00+00:00,1.51375,CLOSED_DISCRETIONARY_EXIT
ACCEPTED,EURUSD,SELL,2015-01-29 07:30:00+00:00,1.12921,CLOSED_DISCRETIONARY_EXIT
ACCEPTED,GBPUSD,BUY,2015-01-29 08:30:00+00:00,1.51188,CLOSED_DISCRETIONARY_EXIT
ACCEPTED,EURUSD,SELL,2015-01-29 15:30:00+00:00,1.13567,CLOSED_DISCRETIONARY_EXIT
ACCEPTED,EURUSD,SELL,2015-01-29 21:00:00+00:00,1.13246,CLOSED_DISCRETIONARY_EXIT
ACCEPTED,GBPUSD,SELL,2015-01-30 00:00:00+00:00,1.50773,CLOSED_DISCRETIONARY_EXIT
ACCEPTED,EURUSD,SELL,2015-01-30 06:00:00+00:00,1.13390,CLOSED_DISCRETIONARY_EXIT
ACCEPTED,GBPUSD,SELL,2015-01-30 20:00:00+00:00,1.50568,CLOSED_TIMEOUT_EXIT
ACCEPTED,EURUSD,SELL,2015-02-02 02:00:00+00:00,1.13152,CLOSED_DISCRETIONARY_EXIT
ACCEPTED,GBPUSD,SELL,2015-02-02 14:30:00+00:00,1.50437,CLOSED_SL
ACCEPTED,EURUSD,SELL,2015-02-03 11:00:00+00:00,1.13504,CLOSED_DISCRETIONARY_EXIT
ACCEPTED,GBPUSD,SELL,2015-02-03 11:30:00+00:00,1.50633,CLOSED_SL
ACCEPTED,EURUSD,SELL,2015-02-03 13:30:00+00:00,1.13849,CLOSED_SL
ACCEPTED,GBPUSD,SELL,2015-02-03 13:30:00+00:00,1.50909,CLOSED_DISCRETIONARY_EXIT
ACCEPTED,EURUSD,BUY,2015-02-03 23:00:00+00:00,1.14657,CLOSED_DISCRETIONARY_EXIT
ACCEPTED,EURUSD,BUY,2015-02-04 15:00:00+00:00,1.14028,CLOSED_DISCRETIONARY_EXIT
ACCEPTED,EURUSD,BUY,2015-02-04 21:30:00+00:00,1.13436,CLOSED_DISCRETIONARY_EXIT
ACCEPTED,GBPUSD,BUY,2015-02-04 21:30:00+00:00,1.51875,CLOSED_DISCRETIONARY_EXIT
ACCEPTED,EURUSD,SELL,2015-02-05 08:00:00+00:00,1.13809,CLOSED_DISCRETIONARY_EXIT
ACCEPTED,EURUSD,BUY,2015-02-05 23:30:00+00:00,1.14688,CLOSED_DISCRETIONARY_EXIT
ACCEPTED,EURUSD,BUY,2015-02-06 07:30:00+00:00,1.14547,CLOSED_DISCRETIONARY_EXIT
ACCEPTED,GBPUSD,BUY,2015-02-06 07:30:00+00:00,1.53166,CLOSED_DISCRETIONARY_EXIT
ACCEPTED,GBPUSD,BUY,2015-02-10 09:30:00+00:00,1.52171,CLOSED_SL
ACCEPTED,EURUSD,SELL,2015-02-11 01:30:00+00:00,1.13283,CLOSED_DISCRETIONARY_EXIT
ACCEPTED,GBPUSD,BUY,2015-02-11 04:30:00+00:00,1.52428,CLOSED_DISCRETIONARY_EXIT
ACCEPTED,GBPUSD,BUY,2015-02-11 14:30:00+00:00,1.52810,CLOSED_SL
ACCEPTED,EURUSD,SELL,2015-02-11 22:30:00+00:00,1.13427,CLOSED_DISCRETIONARY_EXIT
ACCEPTED,GBPUSD,BUY,2015-02-12 03:30:00+00:00,1.52226,CLOSED_DISCRETIONARY_EXIT
ACCEPTED,EURUSD,SELL,2015-02-12 08:00:00+00:00,1.13257,CLOSED_SL
ACCEPTED,GBPUSD,BUY,2015-02-12 23:00:00+00:00,1.53811,CLOSED_DISCRETIONARY_EXIT
ACCEPTED,EURUSD,BUY,2015-02-13 01:30:00+00:00,1.13985,CLOSED_DISCRETIONARY_EXIT
ACCEPTED,GBPUSD,BUY,2015-02-13 08:30:00+00:00,1.53796,CLOSED_DISCRETIONARY_EXIT
ACCEPTED,GBPUSD,BUY,2015-02-16 10:30:00+00:00,1.53848,CLOSED_DISCRETIONARY_EXIT
ACCEPTED,EURUSD,BUY,2015-02-16 16:30:00+00:00,1.13940,CLOSED_SL
ACCEPTED,GBPUSD,BUY,2015-02-16 17:30:00+00:00,1.53593,CLOSED_SL
ACCEPTED,EURUSD,SELL,2015-02-17 03:00:00+00:00,1.13529,CLOSED_DISCRETIONARY_EXIT
ACCEPTED,GBPUSD,BUY,2015-02-17 07:30:00+00:00,1.53604,CLOSED_SL
ACCEPTED,GBPUSD,BUY,2015-02-17 13:30:00+00:00,1.53509,CLOSED_SL
ACCEPTED,GBPUSD,BUY,2015-02-17 15:30:00+00:00,1.53200,CLOSED_DISCRETIONARY_EXIT
ACCEPTED,EURUSD,BUY,2015-02-17 15:30:00+00:00,1.13856,CLOSED_DISCRETIONARY_EXIT
ACCEPTED,GBPUSD,BUY,2015-02-17 23:00:00+00:00,1.53470,CLOSED_DISCRETIONARY_EXIT
ACCEPTED,EURUSD,BUY,2015-02-18 02:00:00+00:00,1.14000,CLOSED_DISCRETIONARY_EXIT
ACCEPTED,EURUSD,BUY,2015-02-18 08:00:00+00:00,1.13890,CLOSED_DISCRETIONARY_EXIT
ACCEPTED,EURUSD,BUY,2015-02-18 11:30:00+00:00,1.13679,CLOSED_DISCRETIONARY_EXIT
ACCEPTED,GBPUSD,BUY,2015-02-19 19:30:00+00:00,1.54101,CLOSED_DISCRETIONARY_EXIT
ACCEPTED,GBPUSD,BUY,2015-02-20 06:30:00+00:00,1.54236,CLOSED_DISCRETIONARY_EXIT
ACCEPTED,GBPUSD,BUY,2015-02-20 09:30:00+00:00,1.53559,CLOSED_DISCRETIONARY_EXIT
ACCEPTED,EURUSD,BUY,2015-02-23 00:30:00+00:00,1.13649,CLOSED_DISCRETIONARY_EXIT
ACCEPTED,GBPUSD,BUY,2015-02-23 00:30:00+00:00,1.53797,CLOSED_DISCRETIONARY_EXIT
ACCEPTED,EURUSD,BUY,2015-02-23 05:30:00+00:00,1.13762,CLOSED_DISCRETIONARY_EXIT
ACCEPTED,GBPUSD,BUY,2015-02-23 09:30:00+00:00,1.53710,CLOSED_SL
ACCEPTED,EURUSD,SELL,2015-02-23 15:30:00+00:00,1.13374,CLOSED_SL
ACCEPTED,GBPUSD,BUY,2015-02-24 02:00:00+00:00,1.54492,CLOSED_SL
ACCEPTED,EURUSD,SELL,2015-02-25 07:30:00+00:00,1.13810,CLOSED_DISCRETIONARY_EXIT
ACCEPTED,GBPUSD,BUY,2015-02-25 13:00:00+00:00,1.54710,CLOSED_DISCRETIONARY_EXIT
ACCEPTED,GBPUSD,BUY,2015-02-26 08:30:00+00:00,1.55250,CLOSED_DISCRETIONARY_EXIT
ACCEPTED,GBPUSD,BUY,2015-02-26 12:30:00+00:00,1.55093,CLOSED_SL
ACCEPTED,EURUSD,SELL,2015-02-27 00:30:00+00:00,1.12086,CLOSED_DISCRETIONARY_EXIT
ACCEPTED,GBPUSD,SELL,2015-02-27 00:30:00+00:00,1.54232,CLOSED_DISCRETIONARY_EXIT
ACCEPTED,EURUSD,SELL,2015-03-02 06:00:00+00:00,1.11815,CLOSED_DISCRETIONARY_EXIT
ACCEPTED,GBPUSD,SELL,2015-03-02 06:00:00+00:00,1.54107,CLOSED_DISCRETIONARY_EXIT
ACCEPTED,EURUSD,SELL,2015-03-02 10:00:00+00:00,1.12147,CLOSED_SL
ACCEPTED,GBPUSD,SELL,2015-03-02 10:00:00+00:00,1.54172,CLOSED_DISCRETIONARY_EXIT
ACCEPTED,EURUSD,SELL,2015-03-03 02:00:00+00:00,1.11932,CLOSED_DISCRETIONARY_EXIT
ACCEPTED,GBPUSD,SELL,2015-03-03 15:00:00+00:00,1.53906,CLOSED_DISCRETIONARY_EXIT
ACCEPTED,EURUSD,SELL,2015-03-04 00:00:00+00:00,1.11825,CLOSED_DISCRETIONARY_EXIT
ACCEPTED,EURUSD,SELL,2015-03-04 22:30:00+00:00,1.10807,CLOSED_DISCRETIONARY_EXIT
ACCEPTED,GBPUSD,SELL,2015-03-05 22:30:00+00:00,1.52492,CLOSED_DISCRETIONARY_EXIT
ACCEPTED,GBPUSD,SELL,2015-03-09 00:00:00+00:00,1.50607,CLOSED_DISCRETIONARY_EXIT
ACCEPTED,GBPUSD,SELL,2015-03-09 06:00:00+00:00,1.50680,CLOSED_DISCRETIONARY_EXIT
ACCEPTED,EURUSD,SELL,2015-03-09 08:00:00+00:00,1.08576,CLOSED_SL
ACCEPTED,GBPUSD,SELL,2015-03-09 19:30:00+00:00,1.51249,CLOSED_DISCRETIONARY_EXIT
ACCEPTED,GBPUSD,SELL,2015-03-12 07:30:00+00:00,1.49473,CLOSED_SL
ACCEPTED,EURUSD,SELL,2015-03-12 07:30:00+00:00,1.05352,CLOSED_SL
ACCEPTED,EURUSD,SELL,2015-03-12 12:30:00+00:00,1.06322,CLOSED_SL
ACCEPTED,GBPUSD,SELL,2015-03-16 02:30:00+00:00,1.47645,CLOSED_DISCRETIONARY_EXIT
ACCEPTED,EURUSD,SELL,2015-03-16 03:00:00+00:00,1.05264,CLOSED_DISCRETIONARY_EXIT
ACCEPTED,GBPUSD,SELL,2015-03-16 08:00:00+00:00,1.47769,CLOSED_SL
ACCEPTED,EURUSD,SELL,2015-03-16 14:30:00+00:00,1.05739,CLOSED_SL
ACCEPTED,GBPUSD,SELL,2015-03-16 14:30:00+00:00,1.48129,CLOSED_DISCRETIONARY_EXIT
ACCEPTED,EURUSD,SELL,2015-03-16 18:00:00+00:00,1.06136,CLOSED_DISCRETIONARY_EXIT
ACCEPTED,GBPUSD,SELL,2015-03-16 18:00:00+00:00,1.48434,CLOSED_DISCRETIONARY_EXIT
ACCEPTED,EURUSD,SELL,2015-03-17 00:30:00+00:00,1.05774,CLOSED_DISCRETIONARY_EXIT
ACCEPTED,EURUSD,SELL,2015-03-17 08:30:00+00:00,1.06000,CLOSED_DISCRETIONARY_EXIT
ACCEPTED,GBPUSD,SELL,2015-03-18 02:30:00+00:00,1.47688,CLOSED_DISCRETIONARY_EXIT
ACCEPTED,EURUSD,SELL,2015-03-18 02:00:00+00:00,1.06056,CLOSED_DISCRETIONARY_EXIT
ACCEPTED,EURUSD,SELL,2015-03-18 17:00:00+00:00,1.06420,CLOSED_SL
ACCEPTED,GBPUSD,SELL,2015-03-18 18:00:00+00:00,1.47066,CLOSED_SL
ACCEPTED,EURUSD,SELL,2015-03-18 19:30:00+00:00,1.07514,CLOSED_SL
ACCEPTED,EURUSD,BUY,2015-03-19 09:30:00+00:00,1.06535,CLOSED_DISCRETIONARY_EXIT
ACCEPTED,GBPUSD,SELL,2015-03-20 00:30:00+00:00,1.47628,CLOSED_DISCRETIONARY_EXIT
ACCEPTED,EURUSD,SELL,2015-03-20 03:00:00+00:00,1.06938,CLOSED_DISCRETIONARY_EXIT
ACCEPTED,GBPUSD,SELL,2015-03-20 13:30:00+00:00,1.48072,CLOSED_SL
ACCEPTED,EURUSD,BUY,2015-03-23 01:30:00+00:00,1.08128,CLOSED_DISCRETIONARY_EXIT
ACCEPTED,GBPUSD,BUY,2015-03-23 01:30:00+00:00,1.49346,CLOSED_DISCRETIONARY_EXIT
ACCEPTED,GBPUSD,BUY,2015-03-23 08:00:00+00:00,1.49058,CLOSED_SL
ACCEPTED,EURUSD,BUY,2015-03-23 09:00:00+00:00,1.07907,CLOSED_DISCRETIONARY_EXIT
ACCEPTED,GBPUSD,BUY,2015-03-24 02:30:00+00:00,1.49271,CLOSED_DISCRETIONARY_EXIT
ACCEPTED,EURUSD,BUY,2015-03-24 02:30:00+00:00,1.09197,CLOSED_DISCRETIONARY_EXIT
ACCEPTED,GBPUSD,BUY,2015-03-24 12:00:00+00:00,1.49255,CLOSED_DISCRETIONARY_EXIT
ACCEPTED,EURUSD,BUY,2015-03-24 15:30:00+00:00,1.09091,CLOSED_DISCRETIONARY_EXIT
ACCEPTED,EURUSD,BUY,2015-03-25 01:00:00+00:00,1.09056,CLOSED_DISCRETIONARY_EXIT
ACCEPTED,EURUSD,BUY,2015-03-25 08:00:00+00:00,1.09085,CLOSED_DISCRETIONARY_EXIT
ACCEPTED,GBPUSD,SELL,2015-03-26 08:30:00+00:00,1.49105,CLOSED_SL
ACCEPTED,EURUSD,BUY,2015-03-26 12:30:00+00:00,1.09960,CLOSED_DISCRETIONARY_EXIT
ACCEPTED,EURUSD,BUY,2015-03-26 15:30:00+00:00,1.09183,CLOSED_SL
ACCEPTED,EURUSD,SELL,2015-03-27 12:30:00+00:00,1.08504,CLOSED_SL
ACCEPTED,GBPUSD,SELL,2015-03-27 12:30:00+00:00,1.49072,CLOSED_DISCRETIONARY_EXIT
ACCEPTED,EURUSD,BUY,2015-03-29 22:00:00+00:00,1.08866,CLOSED_DISCRETIONARY_EXIT
ACCEPTED,EURUSD,BUY,2015-03-30 01:30:00+00:00,1.08674,CLOSED_DISCRETIONARY_EXIT
ACCEPTED,EURUSD,BUY,2015-03-30 05:30:00+00:00,1.08619,CLOSED_DISCRETIONARY_EXIT
ACCEPTED,EURUSD,BUY,2015-03-30 08:30:00+00:00,1.08387,CLOSED_DISCRETIONARY_EXIT
ACCEPTED,GBPUSD,SELL,2015-03-31 16:30:00+00:00,1.48552,CLOSED_DISCRETIONARY_EXIT
ACCEPTED,EURUSD,SELL,2015-03-31 20:30:00+00:00,1.07478,CLOSED_DISCRETIONARY_EXIT
ACCEPTED,EURUSD,SELL,2015-04-01 02:30:00+00:00,1.07737,CLOSED_DISCRETIONARY_EXIT
ACCEPTED,EURUSD,SELL,2015-04-01 23:30:00+00:00,1.07728,CLOSED_DISCRETIONARY_EXIT
ACCEPTED,EURUSD,SELL,2015-04-02 06:30:00+00:00,1.07822,CLOSED_SL
ACCEPTED,GBPUSD,SELL,2015-04-02 07:30:00+00:00,1.48574,CLOSED_DISCRETIONARY_EXIT
ACCEPTED,GBPUSD,SELL,2015-04-02 17:30:00+00:00,1.48527,CLOSED_DISCRETIONARY_EXIT
ACCEPTED,EURUSD,BUY,2015-04-03 00:30:00+00:00,1.08722,CLOSED_DISCRETIONARY_EXIT
ACCEPTED,GBPUSD,SELL,2015-04-03 07:00:00+00:00,1.48388,CLOSED_DISCRETIONARY_EXIT
ACCEPTED,EURUSD,BUY,2015-04-03 18:00:00+00:00,1.09710,CLOSED_DISCRETIONARY_EXIT
ACCEPTED,GBPUSD,BUY,2015-04-06 03:00:00+00:00,1.49059,CLOSED_DISCRETIONARY_EXIT
ACCEPTED,GBPUSD,BUY,2015-04-06 18:30:00+00:00,1.49390,CLOSED_SL
ACCEPTED,EURUSD,BUY,2015-04-06 17:30:00+00:00,1.09924,CLOSED_SL
ACCEPTED,EURUSD,SELL,2015-04-08 02:30:00+00:00,1.08408,CLOSED_DISCRETIONARY_EXIT
ACCEPTED,GBPUSD,SELL,2015-04-08 06:00:00+00:00,1.48391,CLOSED_SL
ACCEPTED,EURUSD,SELL,2015-04-08 05:30:00+00:00,1.08443,CLOSED_DISCRETIONARY_EXIT
ACCEPTED,GBPUSD,SELL,2015-04-08 07:30:00+00:00,1.48562,CLOSED_SL
ACCEPTED,GBPUSD,BUY,2015-04-08 16:00:00+00:00,1.49246,CLOSED_SL
ACCEPTED,GBPUSD,SELL,2015-04-09 12:30:00+00:00,1.48371,CLOSED_DISCRETIONARY_EXIT
ACCEPTED,EURUSD,SELL,2015-04-09 12:30:00+00:00,1.07688,CLOSED_DISCRETIONARY_EXIT
ACCEPTED,EURUSD,SELL,2015-04-10 02:00:00+00:00,1.06743,CLOSED_DISCRETIONARY_EXIT
ACCEPTED,GBPUSD,SELL,2015-04-10 03:00:00+00:00,1.47239,CLOSED_DISCRETIONARY_EXIT
ACCEPTED,EURUSD,SELL,2015-04-13 08:00:00+00:00,1.06061,CLOSED_DISCRETIONARY_EXIT
ACCEPTED,GBPUSD,SELL,2015-04-13 13:30:00+00:00,1.46333,CLOSED_SL
ACCEPTED,GBPUSD,SELL,2015-04-13 17:30:00+00:00,1.46769,CLOSED_DISCRETIONARY_EXIT
ACCEPTED,EURUSD,SELL,2015-04-14 02:00:00+00:00,1.05913,CLOSED_DISCRETIONARY_EXIT
ACCEPTED,GBPUSD,SELL,2015-04-14 08:00:00+00:00,1.46741,CLOSED_DISCRETIONARY_EXIT
ACCEPTED,GBPUSD,SELL,2015-04-14 13:00:00+00:00,1.46640,CLOSED_SL
ACCEPTED,EURUSD,SELL,2015-04-14 14:00:00+00:00,1.06369,CLOSED_SL
ACCEPTED,GBPUSD,BUY,2015-04-15 01:30:00+00:00,1.47587,CLOSED_DISCRETIONARY_EXIT
ACCEPTED,EURUSD,SELL,2015-04-15 07:30:00+00:00,1.06464,CLOSED_SL
ACCEPTED,EURUSD,SELL,2015-04-15 14:30:00+00:00,1.06547,CLOSED_DISCRETIONARY_EXIT
ACCEPTED,EURUSD,SELL,2015-04-15 18:30:00+00:00,1.06827,CLOSED_DISCRETIONARY_EXIT
ACCEPTED,EURUSD,SELL,2015-04-16 01:30:00+00:00,1.07320,CLOSED_DISCRETIONARY_EXIT
ACCEPTED,GBPUSD,BUY,2015-04-16 07:00:00+00:00,1.48293,CLOSED_DISCRETIONARY_EXIT
ACCEPTED,EURUSD,SELL,2015-04-16 11:30:00+00:00,1.06942,CLOSED_SL
ACCEPTED,GBPUSD,BUY,2015-04-17 16:30:00+00:00,1.49399,CLOSED_DISCRETIONARY_EXIT
ACCEPTED,GBPUSD,BUY,2015-04-20 08:30:00+00:00,1.49434,CLOSED_DISCRETIONARY_EXIT
ACCEPTED,EURUSD,BUY,2015-04-20 10:00:00+00:00,1.07540,CLOSED_DISCRETIONARY_EXIT
ACCEPTED,GBPUSD,BUY,2015-04-20 19:00:00+00:00,1.48969,CLOSED_DISCRETIONARY_EXIT
ACCEPTED,EURUSD,BUY,2015-04-20 19:00:00+00:00,1.07293,CLOSED_DISCRETIONARY_EXIT
ACCEPTED,GBPUSD,BUY,2015-04-21 08:00:00+00:00,1.48650,CLOSED_DISCRETIONARY_EXIT
ACCEPTED,EURUSD,SELL,2015-04-21 14:00:00+00:00,1.07143,CLOSED_DISCRETIONARY_EXIT
ACCEPTED,EURUSD,BUY,2015-04-22 13:30:00+00:00,1.07392,CLOSED_SL
ACCEPTED,GBPUSD,BUY,2015-04-22 23:00:00+00:00,1.50345,CLOSED_DISCRETIONARY_EXIT
ACCEPTED,GBPUSD,BUY,2015-04-23 02:30:00+00:00,1.50194,CLOSED_DISCRETIONARY_EXIT
ACCEPTED,GBPUSD,BUY,2015-04-23 08:00:00+00:00,1.49960,CLOSED_SL
ACCEPTED,GBPUSD,BUY,2015-04-24 00:30:00+00:00,1.50484,CLOSED_DISCRETIONARY_EXIT
ACCEPTED,EURUSD,BUY,2015-04-24 01:30:00+00:00,1.08103,CLOSED_SL
ACCEPTED,EURUSD,BUY,2015-04-24 04:30:00+00:00,1.07916,CLOSED_DISCRETIONARY_EXIT
ACCEPTED,EURUSD,BUY,2015-04-24 11:30:00+00:00,1.08242,CLOSED_DISCRETIONARY_EXIT
ACCEPTED,GBPUSD,BUY,2015-04-27 08:00:00+00:00,1.51444,CLOSED_SL
ACCEPTED,GBPUSD,BUY,2015-04-27 13:00:00+00:00,1.51209,CLOSED_DISCRETIONARY_EXIT
ACCEPTED,EURUSD,BUY,2015-04-27 23:30:00+00:00,1.08693,CLOSED_DISCRETIONARY_EXIT
ACCEPTED,GBPUSD,BUY,2015-04-29 19:30:00+00:00,1.54153,CLOSED_DISCRETIONARY_EXIT
ACCEPTED,EURUSD,BUY,2015-04-30 05:30:00+00:00,1.11037,CLOSED_SL
ACCEPTED,GBPUSD,BUY,2015-04-30 05:30:00+00:00,1.54214,CLOSED_DISCRETIONARY_EXIT
ACCEPTED,GBPUSD,BUY,2015-04-30 17:00:00+00:00,1.53274,CLOSED_DISCRETIONARY_EXIT
ACCEPTED,GBPUSD,BUY,2015-05-01 03:30:00+00:00,1.53397,CLOSED_DISCRETIONARY_EXIT
ACCEPTED,EURUSD,BUY,2015-05-01 17:00:00+00:00,1.11952,CLOSED_DISCRETIONARY_EXIT
ACCEPTED,EURUSD,BUY,2015-05-04 09:00:00+00:00,1.11523,CLOSED_SL
ACCEPTED,GBPUSD,SELL,2015-05-05 02:30:00+00:00,1.51250,CLOSED_DISCRETIONARY_EXIT
ACCEPTED,EURUSD,BUY,2015-05-05 04:30:00+00:00,1.11357,CLOSED_DISCRETIONARY_EXIT
ACCEPTED,GBPUSD,SELL,2015-05-05 06:30:00+00:00,1.51287,CLOSED_DISCRETIONARY_EXIT
ACCEPTED,EURUSD,BUY,2015-05-05 08:00:00+00:00,1.10913,CLOSED_SL
ACCEPTED,EURUSD,BUY,2015-05-06 10:30:00+00:00,1.12067,CLOSED_DISCRETIONARY_EXIT
ACCEPTED,EURUSD,BUY,2015-05-06 23:30:00+00:00,1.13421,CLOSED_DISCRETIONARY_EXIT
ACCEPTED,GBPUSD,BUY,2015-05-07 02:30:00+00:00,1.52310,CLOSED_DISCRETIONARY_EXIT
ACCEPTED,GBPUSD,BUY,2015-05-07 08:00:00+00:00,1.52015,CLOSED_SL
ACCEPTED,EURUSD,BUY,2015-05-07 13:00:00+00:00,1.12981,CLOSED_SL
ACCEPTED,EURUSD,BUY,2015-05-07 16:00:00+00:00,1.12616,CLOSED_DISCRETIONARY_EXIT
ACCEPTED,EURUSD,BUY,2015-05-07 23:00:00+00:00,1.12518,CLOSED_DISCRETIONARY_EXIT
ACCEPTED,EURUSD,BUY,2015-05-08 03:30:00+00:00,1.12271,CLOSED_SL
ACCEPTED,GBPUSD,BUY,2015-05-08 12:00:00+00:00,1.54244,CLOSED_DISCRETIONARY_EXIT
ACCEPTED,GBPUSD,BUY,2015-05-08 15:30:00+00:00,1.53785,CLOSED_DISCRETIONARY_EXIT
ACCEPTED,EURUSD,BUY,2015-05-11 00:30:00+00:00,1.11935,CLOSED_DISCRETIONARY_EXIT
ACCEPTED,GBPUSD,BUY,2015-05-11 00:00:00+00:00,1.54410,CLOSED_DISCRETIONARY_EXIT
ACCEPTED,GBPUSD,BUY,2015-05-12 00:00:00+00:00,1.55759,CLOSED_DISCRETIONARY_EXIT
ACCEPTED,EURUSD,BUY,2015-05-12 13:00:00+00:00,1.12369,CLOSED_DISCRETIONARY_EXIT
ACCEPTED,EURUSD,BUY,2015-05-12 20:30:00+00:00,1.12176,CLOSED_DISCRETIONARY_EXIT
ACCEPTED,GBPUSD,BUY,2015-05-12 21:30:00+00:00,1.56670,CLOSED_DISCRETIONARY_EXIT
ACCEPTED,GBPUSD,BUY,2015-05-13 08:00:00+00:00,1.56649,CLOSED_DISCRETIONARY_EXIT
ACCEPTED,EURUSD,BUY,2015-05-14 15:00:00+00:00,1.14032,CLOSED_SL
ACCEPTED,GBPUSD,BUY,2015-05-14 15:30:00+00:00,1.57738,CLOSED_DISCRETIONARY_EXIT
ACCEPTED,EURUSD,BUY,2015-05-15 00:30:00+00:00,1.14004,CLOSED_DISCRETIONARY_EXIT
ACCEPTED,EURUSD,BUY,2015-05-15 07:00:00+00:00,1.13843,CLOSED_DISCRETIONARY_EXIT
ACCEPTED,GBPUSD,BUY,2015-05-15 12:30:00+00:00,1.57220,CLOSED_DISCRETIONARY_EXIT
ACCEPTED,GBPUSD,BUY,2015-05-15 19:30:00+00:00,1.57440,CLOSED_TIMEOUT_EXIT
ACCEPTED,EURUSD,BUY,2015-05-18 03:00:00+00:00,1.14236,CLOSED_DISCRETIONARY_EXIT
ACCEPTED,GBPUSD,BUY,2015-05-18 03:00:00+00:00,1.57078,CLOSED_DISCRETIONARY_EXIT
ACCEPTED,GBPUSD,BUY,2015-05-18 08:00:00+00:00,1.57092,CLOSED_SL
ACCEPTED,EURUSD,BUY,2015-05-18 08:30:00+00:00,1.13963,CLOSED_SL
ACCEPTED,EURUSD,BUY,2015-05-18 20:00:00+00:00,1.13045,CLOSED_DISCRETIONARY_EXIT
ACCEPTED,GBPUSD,BUY,2015-05-19 03:00:00+00:00,1.56348,CLOSED_DISCRETIONARY_EXIT
ACCEPTED,GBPUSD,SELL,2015-05-20 11:00:00+00:00,1.55259,CLOSED_SL
ACCEPTED,EURUSD,SELL,2015-05-20 19:30:00+00:00,1.11331,CLOSED_DISCRETIONARY_EXIT
ACCEPTED,EURUSD,SELL,2015-05-21 02:00:00+00:00,1.11171,CLOSED_DISCRETIONARY_EXIT
ACCEPTED,GBPUSD,SELL,2015-05-21 09:30:00+00:00,1.56332,CLOSED_SL
ACCEPTED,EURUSD,SELL,2015-05-21 09:30:00+00:00,1.11637,CLOSED_DISCRETIONARY_EXIT
ACCEPTED,EURUSD,SELL,2015-05-22 01:30:00+00:00,1.11181,CLOSED_SL
ACCEPTED,EURUSD,SELL,2015-05-22 05:00:00+00:00,1.11464,CLOSED_SL
ACCEPTED,EURUSD,SELL,2015-05-22 11:00:00+00:00,1.11925,CLOSED_DISCRETIONARY_EXIT
ACCEPTED,GBPUSD,BUY,2015-05-22 12:30:00+00:00,1.56323,CLOSED_SL
ACCEPTED,GBPUSD,SELL,2015-05-25 07:30:00+00:00,1.54845,CLOSED_SL
ACCEPTED,EURUSD,SELL,2015-05-25 08:00:00+00:00,1.10041,CLOSED_DISCRETIONARY_EXIT
ACCEPTED,GBPUSD,SELL,2015-05-25 23:30:00+00:00,1.54722,CLOSED_DISCRETIONARY_EXIT
ACCEPTED,GBPUSD,SELL,2015-05-27 06:30:00+00:00,1.54148,CLOSED_SL
ACCEPTED,EURUSD,SELL,2015-05-27 07:30:00+00:00,1.09251,CLOSED_DISCRETIONARY_EXIT
ACCEPTED,EURUSD,SELL,2015-05-28 07:30:00+00:00,1.09420,CLOSED_DISCRETIONARY_EXIT
ACCEPTED,GBPUSD,SELL,2015-05-28 07:00:00+00:00,1.53658,CLOSED_DISCRETIONARY_EXIT
ACCEPTED,GBPUSD,SELL,2015-05-28 18:30:00+00:00,1.53146,CLOSED_DISCRETIONARY_EXIT
ACCEPTED,EURUSD,SELL,2015-05-28 18:30:00+00:00,1.09450,CLOSED_DISCRETIONARY_EXIT
ACCEPTED,GBPUSD,SELL,2015-05-29 00:00:00+00:00,1.53213,CLOSED_DISCRETIONARY_EXIT
ACCEPTED,GBPUSD,SELL,2015-05-29 05:30:00+00:00,1.53371,CLOSED_DISCRETIONARY_EXIT
ACCEPTED,EURUSD,SELL,2015-05-29 11:00:00+00:00,1.09869,CLOSED_DISCRETIONARY_EXIT
ACCEPTED,GBPUSD,SELL,2015-05-29 15:00:00+00:00,1.52941,CLOSED_DISCRETIONARY_EXIT
ACCEPTED,GBPUSD,SELL,2015-06-01 14:00:00+00:00,1.52375,CLOSED_SL
ACCEPTED,EURUSD,SELL,2015-06-01 14:30:00+00:00,1.09693,CLOSED_DISCRETIONARY_EXIT
ACCEPTED,EURUSD,SELL,2015-06-01 19:30:00+00:00,1.09303,CLOSED_DISCRETIONARY_EXIT
ACCEPTED,EURUSD,SELL,2015-06-02 06:00:00+00:00,1.09362,CLOSED_SL
ACCEPTED,GBPUSD,SELL,2015-06-02 06:30:00+00:00,1.52152,CLOSED_DISCRETIONARY_EXIT
ACCEPTED,EURUSD,SELL,2015-06-02 08:30:00+00:00,1.09747,CLOSED_SL
ACCEPTED,EURUSD,SELL,2015-06-02 11:30:00+00:00,1.10239,CLOSED_SL
ACCEPTED,GBPUSD,SELL,2015-06-02 15:00:00+00:00,1.53168,CLOSED_SL
ACCEPTED,GBPUSD,SELL,2015-06-02 18:00:00+00:00,1.53585,CLOSED_DISCRETIONARY_EXIT
ACCEPTED,EURUSD,BUY,2015-06-03 01:30:00+00:00,1.11385,CLOSED_DISCRETIONARY_EXIT
ACCEPTED,GBPUSD,SELL,2015-06-03 17:00:00+00:00,1.53474,CLOSED_DISCRETIONARY_EXIT
ACCEPTED,EURUSD,BUY,2015-06-04 08:00:00+00:00,1.12399,CLOSED_DISCRETIONARY_EXIT
ACCEPTED,GBPUSD,SELL,2015-06-04 09:30:00+00:00,1.53658,CLOSED_SL
ACCEPTED,EURUSD,BUY,2015-06-04 14:00:00+00:00,1.12947,CLOSED_SL
ACCEPTED,EURUSD,BUY,2015-06-04 23:00:00+00:00,1.12247,CLOSED_SL
ACCEPTED,GBPUSD,BUY,2015-06-05 07:30:00+00:00,1.53455,CLOSED_SL
ACCEPTED,EURUSD,BUY,2015-06-05 12:00:00+00:00,1.12225,CLOSED_SL_GAP
ACCEPTED,GBPUSD,SELL,2015-06-08 13:30:00+00:00,1.52695,CLOSED_SL
ACCEPTED,GBPUSD,SELL,2015-06-08 18:00:00+00:00,1.53073,CLOSED_SL
ACCEPTED,GBPUSD,BUY,2015-06-09 01:30:00+00:00,1.53365,CLOSED_DISCRETIONARY_EXIT
ACCEPTED,GBPUSD,BUY,2015-06-09 08:30:00+00:00,1.53095,CLOSED_SL
ACCEPTED,GBPUSD,BUY,2015-06-10 04:30:00+00:00,1.53804,CLOSED_DISCRETIONARY_EXIT
ACCEPTED,EURUSD,BUY,2015-06-10 05:00:00+00:00,1.12825,CLOSED_DISCRETIONARY_EXIT
ACCEPTED,EURUSD,BUY,2015-06-10 12:30:00+00:00,1.12784,CLOSED_DISCRETIONARY_EXIT
ACCEPTED,GBPUSD,BUY,2015-06-10 23:00:00+00:00,1.55130,CLOSED_DISCRETIONARY_EXIT
ACCEPTED,EURUSD,BUY,2015-06-11 01:30:00+00:00,1.13022,CLOSED_DISCRETIONARY_EXIT
ACCEPTED,GBPUSD,BUY,2015-06-11 08:00:00+00:00,1.54645,CLOSED_SL
ACCEPTED,EURUSD,BUY,2015-06-11 09:30:00+00:00,1.12571,CLOSED_DISCRETIONARY_EXIT
ACCEPTED,EURUSD,BUY,2015-06-11 13:00:00+00:00,1.12353,CLOSED_SL_GAP
ACCEPTED,EURUSD,BUY,2015-06-12 06:00:00+00:00,1.12324,CLOSED_DISCRETIONARY_EXIT
ACCEPTED,GBPUSD,BUY,2015-06-12 10:00:00+00:00,1.54830,CLOSED_DISCRETIONARY_EXIT
ACCEPTED,EURUSD,SELL,2015-06-12 13:30:00+00:00,1.12277,CLOSED_DISCRETIONARY_EXIT
ACCEPTED,EURUSD,BUY,2015-06-14 23:00:00+00:00,1.12151,CLOSED_DISCRETIONARY_EXIT
ACCEPTED,GBPUSD,BUY,2015-06-15 07:00:00+00:00,1.55309,CLOSED_DISCRETIONARY_EXIT
ACCEPTED,GBPUSD,BUY,2015-06-15 10:30:00+00:00,1.55037,CLOSED_DISCRETIONARY_EXIT
ACCEPTED,GBPUSD,BUY,2015-06-16 01:30:00+00:00,1.55943,CLOSED_DISCRETIONARY_EXIT
ACCEPTED,GBPUSD,BUY,2015-06-16 07:30:00+00:00,1.55917,CLOSED_DISCRETIONARY_EXIT
ACCEPTED,GBPUSD,BUY,2015-06-16 10:00:00+00:00,1.55449,CLOSED_DISCRETIONARY_EXIT
ACCEPTED,GBPUSD,BUY,2015-06-17 01:00:00+00:00,1.56400,CLOSED_DISCRETIONARY_EXIT
ACCEPTED,EURUSD,BUY,2015-06-17 07:30:00+00:00,1.12469,CLOSED_DISCRETIONARY_EXIT
ACCEPTED,EURUSD,BUY,2015-06-17 16:00:00+00:00,1.12338,CLOSED_DISCRETIONARY_EXIT
ACCEPTED,GBPUSD,BUY,2015-06-18 06:00:00+00:00,1.58317,CLOSED_SL
ACCEPTED,GBPUSD,BUY,2015-06-18 15:30:00+00:00,1.58857,CLOSED_DISCRETIONARY_EXIT
ACCEPTED,GBPUSD,BUY,2015-06-18 18:30:00+00:00,1.58584,CLOSED_DISCRETIONARY_EXIT
ACCEPTED,EURUSD,BUY,2015-06-19 05:30:00+00:00,1.13647,CLOSED_SL
ACCEPTED,GBPUSD,BUY,2015-06-19 06:30:00+00:00,1.58716,CLOSED_SL
ACCEPTED,EURUSD,BUY,2015-06-19 07:30:00+00:00,1.13412,CLOSED_SL
ACCEPTED,GBPUSD,BUY,2015-06-19 09:00:00+00:00,1.58565,CLOSED_DISCRETIONARY_EXIT
ACCEPTED,EURUSD,BUY,2015-06-19 09:00:00+00:00,1.13179,CLOSED_SL
ACCEPTED,EURUSD,BUY,2015-06-19 11:30:00+00:00,1.13011,CLOSED_DISCRETIONARY_EXIT
ACCEPTED,EURUSD,BUY,2015-06-22 09:00:00+00:00,1.13230,CLOSED_DISCRETIONARY_EXIT
ACCEPTED,GBPUSD,BUY,2015-06-22 12:00:00+00:00,1.58201,CLOSED_DISCRETIONARY_EXIT
ACCEPTED,GBPUSD,BUY,2015-06-23 02:30:00+00:00,1.58152,CLOSED_SL
ACCEPTED,EURUSD,BUY,2015-06-23 02:30:00+00:00,1.13289,CLOSED_SL
ACCEPTED,GBPUSD,BUY,2015-06-23 14:00:00+00:00,1.57463,CLOSED_DISCRETIONARY_EXIT
ACCEPTED,GBPUSD,BUY,2015-06-24 12:00:00+00:00,1.57567,CLOSED_SL
ACCEPTED,EURUSD,SELL,2015-06-24 19:00:00+00:00,1.12091,CLOSED_DISCRETIONARY_EXIT
ACCEPTED,EURUSD,SELL,2015-06-26 07:30:00+00:00,1.11990,CLOSED_SL
ACCEPTED,GBPUSD,BUY,2015-06-26 11:30:00+00:00,1.57356,CLOSED_SL
ACCEPTED,GBPUSD,BUY,2015-06-28 22:30:00+00:00,1.56850,CLOSED_DISCRETIONARY_EXIT
ACCEPTED,EURUSD,SELL,2015-06-29 07:30:00+00:00,1.10783,CLOSED_SL
ACCEPTED,EURUSD,BUY,2015-06-30 00:00:00+00:00,1.12165,CLOSED_DISCRETIONARY_EXIT
ACCEPTED,GBPUSD,SELL,2015-07-01 06:00:00+00:00,1.57011,CLOSED_DISCRETIONARY_EXIT
ACCEPTED,GBPUSD,SELL,2015-07-01 09:30:00+00:00,1.56919,CLOSED_DISCRETIONARY_EXIT
ACCEPTED,EURUSD,SELL,2015-07-02 04:00:00+00:00,1.10711,CLOSED_DISCRETIONARY_EXIT
ACCEPTED,GBPUSD,SELL,2015-07-02 06:00:00+00:00,1.56151,CLOSED_DISCRETIONARY_EXIT
ACCEPTED,EURUSD,SELL,2015-07-03 00:00:00+00:00,1.10893,CLOSED_DISCRETIONARY_EXIT
ACCEPTED,GBPUSD,SELL,2015-07-03 01:30:00+00:00,1.56170,CLOSED_DISCRETIONARY_EXIT
ACCEPTED,GBPUSD,SELL,2015-07-03 11:30:00+00:00,1.56401,CLOSED_DISCRETIONARY_EXIT
ACCEPTED,GBPUSD,SELL,2015-07-06 07:00:00+00:00,1.55875,CLOSED_DISCRETIONARY_EXIT
ACCEPTED,EURUSD,SELL,2015-07-06 16:00:00+00:00,1.10756,CLOSED_DISCRETIONARY_EXIT
ACCEPTED,GBPUSD,SELL,2015-07-06 16:00:00+00:00,1.56024,CLOSED_DISCRETIONARY_EXIT
ACCEPTED,EURUSD,SELL,2015-07-07 20:30:00+00:00,1.10366,CLOSED_DISCRETIONARY_EXIT
ACCEPTED,EURUSD,SELL,2015-07-08 14:30:00+00:00,1.10562,CLOSED_SL
ACCEPTED,EURUSD,SELL,2015-07-09 04:30:00+00:00,1.10768,CLOSED_SL
ACCEPTED,GBPUSD,SELL,2015-07-09 07:00:00+00:00,1.54008,CLOSED_SL
ACCEPTED,GBPUSD,SELL,2015-07-09 20:30:00+00:00,1.53874,CLOSED_DISCRETIONARY_EXIT
ACCEPTED,EURUSD,SELL,2015-07-09 21:30:00+00:00,1.10313,CLOSED_SL
ACCEPTED,GBPUSD,SELL,2015-07-10 04:30:00+00:00,1.53955,CLOSED_DISCRETIONARY_EXIT
ACCEPTED,GBPUSD,SELL,2015-07-10 10:00:00+00:00,1.54555,CLOSED_SL
ACCEPTED,GBPUSD,SELL,2015-07-10 11:30:00+00:00,1.55027,CLOSED_SL
ACCEPTED,EURUSD,SELL,2015-07-14 09:30:00+00:00,1.10243,CLOSED_DISCRETIONARY_EXIT
ACCEPTED,EURUSD,SELL,2015-07-14 14:00:00+00:00,1.10546,CLOSED_DISCRETIONARY_EXIT
ACCEPTED,EURUSD,SELL,2015-07-14 23:30:00+00:00,1.10155,CLOSED_DISCRETIONARY_EXIT
ACCEPTED,GBPUSD,BUY,2015-07-15 10:30:00+00:00,1.56242,CLOSED_SL
ACCEPTED,GBPUSD,BUY,2015-07-16 06:30:00+00:00,1.56140,CLOSED_DISCRETIONARY_EXIT
ACCEPTED,GBPUSD,BUY,2015-07-16 13:00:00+00:00,1.55740,CLOSED_DISCRETIONARY_EXIT
ACCEPTED,EURUSD,SELL,2015-07-17 04:00:00+00:00,1.08944,CLOSED_DISCRETIONARY_EXIT
ACCEPTED,GBPUSD,BUY,2015-07-17 11:00:00+00:00,1.56336,CLOSED_SL
ACCEPTED,GBPUSD,BUY,2015-07-17 15:00:00+00:00,1.55752,CLOSED_DISCRETIONARY_EXIT
ACCEPTED,GBPUSD,BUY,2015-07-19 22:30:00+00:00,1.55946,CLOSED_DISCRETIONARY_EXIT
ACCEPTED,EURUSD,SELL,2015-07-20 08:00:00+00:00,1.08412,CLOSED_SL
ACCEPTED,EURUSD,SELL,2015-07-21 09:30:00+00:00,1.08522,CLOSED_SL
ACCEPTED,EURUSD,SELL,2015-07-21 15:30:00+00:00,1.09132,CLOSED_SL
ACCEPTED,EURUSD,SELL,2015-07-22 01:30:00+00:00,1.09472,CLOSED_DISCRETIONARY_EXIT
ACCEPTED,GBPUSD,BUY,2015-07-22 17:30:00+00:00,1.55940,CLOSED_DISCRETIONARY_EXIT
ACCEPTED,EURUSD,SELL,2015-07-22 21:00:00+00:00,1.09163,CLOSED_DISCRETIONARY_EXIT
ACCEPTED,EURUSD,BUY,2015-07-23 22:00:00+00:00,1.09842,CLOSED_DISCRETIONARY_EXIT
ACCEPTED,EURUSD,BUY,2015-07-24 04:30:00+00:00,1.09666,CLOSED_DISCRETIONARY_EXIT
ACCEPTED,GBPUSD,SELL,2015-07-24 16:30:00+00:00,1.55225,CLOSED_DISCRETIONARY_EXIT
ACCEPTED,GBPUSD,SELL,2015-07-27 00:30:00+00:00,1.55221,CLOSED_DISCRETIONARY_EXIT
ACCEPTED,GBPUSD,SELL,2015-07-27 14:30:00+00:00,1.55497,CLOSED_SL
ACCEPTED,GBPUSD,SELL,2015-07-27 15:30:00+00:00,1.55771,CLOSED_DISCRETIONARY_EXIT
ACCEPTED,GBPUSD,BUY,2015-07-27 20:30:00+00:00,1.55551,CLOSED_DISCRETIONARY_EXIT
ACCEPTED,EURUSD,BUY,2015-07-28 05:00:00+00:00,1.10753,CLOSED_DISCRETIONARY_EXIT
ACCEPTED,EURUSD,BUY,2015-07-28 08:00:00+00:00,1.10573,CLOSED_DISCRETIONARY_EXIT
ACCEPTED,EURUSD,BUY,2015-07-28 11:30:00+00:00,1.10367,CLOSED_DISCRETIONARY_EXIT
ACCEPTED,EURUSD,BUY,2015-07-29 05:30:00+00:00,1.10655,CLOSED_SL
ACCEPTED,GBPUSD,BUY,2015-07-29 06:00:00+00:00,1.56054,CLOSED_SL
ACCEPTED,EURUSD,BUY,2015-07-29 07:30:00+00:00,1.10450,CLOSED_SL
ACCEPTED,EURUSD,BUY,2015-07-29 13:00:00+00:00,1.10351,CLOSED_DISCRETIONARY_EXIT
ACCEPTED,EURUSD,BUY,2015-07-29 16:30:00+00:00,1.10223,CLOSED_DISCRETIONARY_EXIT
ACCEPTED,EURUSD,BUY,2015-07-29 20:30:00+00:00,1.09844,CLOSED_DISCRETIONARY_EXIT
ACCEPTED,GBPUSD,BUY,2015-07-29 22:00:00+00:00,1.55974,CLOSED_DISCRETIONARY_EXIT
ACCEPTED,GBPUSD,BUY,2015-07-30 17:00:00+00:00,1.55828,CLOSED_DISCRETIONARY_EXIT
ACCEPTED,EURUSD,SELL,2015-07-31 01:00:00+00:00,1.09404,CLOSED_DISCRETIONARY_EXIT
ACCEPTED,GBPUSD,BUY,2015-07-31 08:30:00+00:00,1.55636,CLOSED_DISCRETIONARY_EXIT
ACCEPTED,EURUSD,SELL,2015-07-31 11:00:00+00:00,1.09755,CLOSED_DISCRETIONARY_EXIT
ACCEPTED,GBPUSD,SELL,2015-08-03 23:30:00+00:00,1.55877,CLOSED_DISCRETIONARY_EXIT
ACCEPTED,EURUSD,SELL,2015-08-04 07:00:00+00:00,1.09575,CLOSED_SL
ACCEPTED,GBPUSD,BUY,2015-08-04 15:30:00+00:00,1.55727,CLOSED_DISCRETIONARY_EXIT
ACCEPTED,GBPUSD,SELL,2015-08-05 09:00:00+00:00,1.55832,CLOSED_SL
ACCEPTED,EURUSD,SELL,2015-08-05 13:30:00+00:00,1.09055,CLOSED_DISCRETIONARY_EXIT
ACCEPTED,GBPUSD,BUY,2015-08-05 16:00:00+00:00,1.56079,CLOSED_DISCRETIONARY_EXIT
ACCEPTED,EURUSD,SELL,2015-08-05 19:00:00+00:00,1.09012,CLOSED_DISCRETIONARY_EXIT
ACCEPTED,EURUSD,SELL,2015-08-06 01:30:00+00:00,1.09221,CLOSED_DISCRETIONARY_EXIT
ACCEPTED,EURUSD,SELL,2015-08-06 07:00:00+00:00,1.09256,CLOSED_SL
ACCEPTED,EURUSD,SELL,2015-08-06 17:30:00+00:00,1.09268,CLOSED_DISCRETIONARY_EXIT
ACCEPTED,GBPUSD,SELL,2015-08-07 10:00:00+00:00,1.55239,CLOSED_DISCRETIONARY_EXIT
ACCEPTED,EURUSD,SELL,2015-08-07 13:30:00+00:00,1.09511,CLOSED_DISCRETIONARY_EXIT
ACCEPTED,GBPUSD,SELL,2015-08-07 19:00:00+00:00,1.54862,CLOSED_DISCRETIONARY_EXIT
ACCEPTED,EURUSD,BUY,2015-08-10 01:30:00+00:00,1.09543,CLOSED_DISCRETIONARY_EXIT
ACCEPTED,GBPUSD,SELL,2015-08-10 08:00:00+00:00,1.54959,CLOSED_DISCRETIONARY_EXIT
ACCEPTED,GBPUSD,SELL,2015-08-10 12:30:00+00:00,1.54938,CLOSED_SL
ACCEPTED,GBPUSD,SELL,2015-08-10 14:00:00+00:00,1.55095,CLOSED_SL
ACCEPTED,GBPUSD,SELL,2015-08-10 16:00:00+00:00,1.55430,CLOSED_SL
ACCEPTED,EURUSD,BUY,2015-08-11 04:00:00+00:00,1.09750,CLOSED_DISCRETIONARY_EXIT
ACCEPTED,GBPUSD,BUY,2015-08-12 20:00:00+00:00,1.56137,CLOSED_DISCRETIONARY_EXIT
ACCEPTED,EURUSD,BUY,2015-08-13 09:00:00+00:00,1.11138,CLOSED_DISCRETIONARY_EXIT
ACCEPTED,GBPUSD,BUY,2015-08-13 14:30:00+00:00,1.55974,CLOSED_SL
ACCEPTED,GBPUSD,BUY,2015-08-14 07:30:00+00:00,1.56081,CLOSED_DISCRETIONARY_EXIT
ACCEPTED,EURUSD,BUY,2015-08-14 14:30:00+00:00,1.11331,CLOSED_SL
ACCEPTED,EURUSD,BUY,2015-08-17 01:30:00+00:00,1.10947,CLOSED_DISCRETIONARY_EXIT
ACCEPTED,EURUSD,BUY,2015-08-17 05:30:00+00:00,1.10875,CLOSED_DISCRETIONARY_EXIT
ACCEPTED,GBPUSD,BUY,2015-08-17 10:30:00+00:00,1.56408,CLOSED_SL
ACCEPTED,GBPUSD,BUY,2015-08-17 16:00:00+00:00,1.55995,CLOSED_DISCRETIONARY_EXIT
ACCEPTED,GBPUSD,SELL,2015-08-18 03:00:00+00:00,1.55873,CLOSED_DISCRETIONARY_EXIT
ACCEPTED,EURUSD,BUY,2015-08-18 05:30:00+00:00,1.10676,CLOSED_SL
ACCEPTED,EURUSD,SELL,2015-08-19 02:00:00+00:00,1.10374,CLOSED_SL
ACCEPTED,EURUSD,BUY,2015-08-20 07:00:00+00:00,1.11282,CLOSED_DISCRETIONARY_EXIT
ACCEPTED,GBPUSD,BUY,2015-08-20 08:30:00+00:00,1.56748,CLOSED_SL
ACCEPTED,EURUSD,BUY,2015-08-21 08:30:00+00:00,1.12656,CLOSED_SL
ACCEPTED,GBPUSD,BUY,2015-08-21 13:00:00+00:00,1.56727,CLOSED_DISCRETIONARY_EXIT
ACCEPTED,GBPUSD,BUY,2015-08-24 02:00:00+00:00,1.56678,CLOSED_DISCRETIONARY_EXIT
ACCEPTED,GBPUSD,BUY,2015-08-24 07:00:00+00:00,1.56606,CLOSED_SL
ACCEPTED,EURUSD,BUY,2015-08-25 12:00:00+00:00,1.14966,CLOSED_SL
ACCEPTED,GBPUSD,BUY,2015-08-25 15:30:00+00:00,1.57439,CLOSED_SL
ACCEPTED,GBPUSD,BUY,2015-08-25 18:00:00+00:00,1.56969,CLOSED_DISCRETIONARY_EXIT
ACCEPTED,EURUSD,BUY,2015-08-26 07:00:00+00:00,1.14753,CLOSED_DISCRETIONARY_EXIT
ACCEPTED,EURUSD,BUY,2015-08-26 13:30:00+00:00,1.13907,CLOSED_SL
ACCEPTED,EURUSD,BUY,2015-08-26 20:30:00+00:00,1.13308,CLOSED_SL
ACCEPTED,GBPUSD,SELL,2015-08-27 00:30:00+00:00,1.54786,CLOSED_SL
ACCEPTED,GBPUSD,SELL,2015-08-28 02:00:00+00:00,1.54124,CLOSED_SL
ACCEPTED,EURUSD,SELL,2015-08-28 04:00:00+00:00,1.12605,CLOSED_DISCRETIONARY_EXIT
ACCEPTED,EURUSD,SELL,2015-08-28 09:00:00+00:00,1.12968,CLOSED_DISCRETIONARY_EXIT
ACCEPTED,EURUSD,SELL,2015-08-31 00:30:00+00:00,1.12054,CLOSED_SL
ACCEPTED,GBPUSD,SELL,2015-08-31 01:30:00+00:00,1.54204,CLOSED_DISCRETIONARY_EXIT
ACCEPTED,EURUSD,SELL,2015-08-31 14:00:00+00:00,1.12265,CLOSED_DISCRETIONARY_EXIT
ACCEPTED,EURUSD,SELL,2015-09-01 01:00:00+00:00,1.12241,CLOSED_SL
ACCEPTED,GBPUSD,SELL,2015-09-01 00:30:00+00:00,1.53604,CLOSED_SL
ACCEPTED,EURUSD,SELL,2015-09-01 02:30:00+00:00,1.12518,CLOSED_SL
ACCEPTED,GBPUSD,SELL,2015-09-01 04:00:00+00:00,1.54019,CLOSED_DISCRETIONARY_EXIT
ACCEPTED,EURUSD,BUY,2015-09-02 01:00:00+00:00,1.12962,CLOSED_SL
ACCEPTED,GBPUSD,SELL,2015-09-02 04:00:00+00:00,1.53070,CLOSED_DISCRETIONARY_EXIT
ACCEPTED,GBPUSD,SELL,2015-09-02 14:30:00+00:00,1.53013,CLOSED_SL
ACCEPTED,EURUSD,SELL,2015-09-04 01:30:00+00:00,1.11298,CLOSED_DISCRETIONARY_EXIT
ACCEPTED,GBPUSD,SELL,2015-09-04 07:30:00+00:00,1.52463,CLOSED_DISCRETIONARY_EXIT
ACCEPTED,EURUSD,SELL,2015-09-04 13:30:00+00:00,1.11864,CLOSED_DISCRETIONARY_EXIT
ACCEPTED,EURUSD,SELL,2015-09-04 18:30:00+00:00,1.11634,CLOSED_DISCRETIONARY_EXIT
ACCEPTED,GBPUSD,SELL,2015-09-07 00:30:00+00:00,1.51940,CLOSED_DISCRETIONARY_EXIT
ACCEPTED,GBPUSD,SELL,2015-09-07 08:30:00+00:00,1.52228,CLOSED_SL
ACCEPTED,EURUSD,SELL,2015-09-07 17:30:00+00:00,1.11682,CLOSED_DISCRETIONARY_EXIT
ACCEPTED,GBPUSD,SELL,2015-09-08 03:00:00+00:00,1.52824,CLOSED_SL
ACCEPTED,EURUSD,SELL,2015-09-08 05:00:00+00:00,1.12044,CLOSED_SL
ACCEPTED,GBPUSD,BUY,2015-09-08 16:00:00+00:00,1.53606,CLOSED_DISCRETIONARY_EXIT
ACCEPTED,GBPUSD,BUY,2015-09-09 07:00:00+00:00,1.53790,CLOSED_DISCRETIONARY_EXIT
ACCEPTED,EURUSD,SELL,2015-09-09 10:30:00+00:00,1.11978,CLOSED_DISCRETIONARY_EXIT
ACCEPTED,EURUSD,SELL,2015-09-09 19:30:00+00:00,1.11898,CLOSED_DISCRETIONARY_EXIT
ACCEPTED,GBPUSD,BUY,2015-09-10 00:00:00+00:00,1.53566,CLOSED_DISCRETIONARY_EXIT
ACCEPTED,EURUSD,BUY,2015-09-11 12:30:00+00:00,1.12605,CLOSED_DISCRETIONARY_EXIT
ACCEPTED,GBPUSD,BUY,2015-09-11 12:30:00+00:00,1.54086,CLOSED_DISCRETIONARY_EXIT
ACCEPTED,GBPUSD,BUY,2015-09-11 16:00:00+00:00,1.54024,CLOSED_DISCRETIONARY_EXIT
ACCEPTED,GBPUSD,BUY,2015-09-14 05:30:00+00:00,1.54410,CLOSED_DISCRETIONARY_EXIT
ACCEPTED,GBPUSD,BUY,2015-09-14 12:30:00+00:00,1.54140,CLOSED_SL
ACCEPTED,EURUSD,BUY,2015-09-15 00:30:00+00:00,1.13095,CLOSED_DISCRETIONARY_EXIT
ACCEPTED,GBPUSD,BUY,2015-09-15 08:00:00+00:00,1.54096,CLOSED_DISCRETIONARY_EXIT
ACCEPTED,GBPUSD,BUY,2015-09-15 14:00:00+00:00,1.53954,CLOSED_SL
ACCEPTED,EURUSD,BUY,2015-09-15 16:00:00+00:00,1.12745,CLOSED_DISCRETIONARY_EXIT
ACCEPTED,EURUSD,BUY,2015-09-16 07:30:00+00:00,1.12752,CLOSED_SL
ACCEPTED,EURUSD,BUY,2015-09-16 20:00:00+00:00,1.12770,CLOSED_DISCRETIONARY_EXIT
ACCEPTED,GBPUSD,BUY,2015-09-18 01:00:00+00:00,1.55678,CLOSED_DISCRETIONARY_EXIT
ACCEPTED,GBPUSD,BUY,2015-09-18 15:30:00+00:00,1.56016,CLOSED_SL
ACCEPTED,EURUSD,BUY,2015-09-18 15:30:00+00:00,1.13788,CLOSED_SL
ACCEPTED,GBPUSD,BUY,2015-09-18 19:30:00+00:00,1.55533,CLOSED_SL
ACCEPTED,EURUSD,BUY,2015-09-18 20:30:00+00:00,1.13057,CLOSED_SL
ACCEPTED,GBPUSD,BUY,2015-09-21 16:00:00+00:00,1.54855,CLOSED_DISCRETIONARY_EXIT
ACCEPTED,EURUSD,SELL,2015-09-22 02:00:00+00:00,1.11944,CLOSED_DISCRETIONARY_EXIT
ACCEPTED,GBPUSD,BUY,2015-09-22 08:30:00+00:00,1.54959,CLOSED_SL
ACCEPTED,EURUSD,SELL,2015-09-23 04:30:00+00:00,1.11364,CLOSED_DISCRETIONARY_EXIT
ACCEPTED,EURUSD,SELL,2015-09-23 12:00:00+00:00,1.11603,CLOSED_DISCRETIONARY_EXIT
ACCEPTED,EURUSD,SELL,2015-09-23 18:30:00+00:00,1.11853,CLOSED_DISCRETIONARY_EXIT
ACCEPTED,GBPUSD,SELL,2015-09-24 03:30:00+00:00,1.52529,CLOSED_DISCRETIONARY_EXIT
ACCEPTED,EURUSD,SELL,2015-09-24 09:00:00+00:00,1.12137,CLOSED_DISCRETIONARY_EXIT
ACCEPTED,EURUSD,SELL,2015-09-24 12:30:00+00:00,1.12433,CLOSED_DISCRETIONARY_EXIT
ACCEPTED,EURUSD,SELL,2015-09-25 12:00:00+00:00,1.11702,CLOSED_DISCRETIONARY_EXIT
ACCEPTED,EURUSD,SELL,2015-09-25 15:30:00+00:00,1.11901,CLOSED_DISCRETIONARY_EXIT
ACCEPTED,EURUSD,SELL,2015-09-25 20:30:00+00:00,1.12032,CLOSED_TIMEOUT_EXIT
ACCEPTED,EURUSD,SELL,2015-09-28 01:30:00+00:00,1.12075,CLOSED_DISCRETIONARY_EXIT
ACCEPTED,GBPUSD,SELL,2015-09-28 09:30:00+00:00,1.52302,CLOSED_DISCRETIONARY_EXIT
ACCEPTED,EURUSD,SELL,2015-09-28 16:00:00+00:00,1.12040,CLOSED_SL
ACCEPTED,EURUSD,BUY,2015-09-29 01:00:00+00:00,1.12303,CLOSED_DISCRETIONARY_EXIT
ACCEPTED,GBPUSD,SELL,2015-09-29 07:00:00+00:00,1.51797,CLOSED_DISCRETIONARY_EXIT
ACCEPTED,GBPUSD,SELL,2015-09-30 05:00:00+00:00,1.51639,CLOSED_DISCRETIONARY_EXIT
ACCEPTED,EURUSD,BUY,2015-09-30 07:30:00+00:00,1.12358,CLOSED_SL
ACCEPTED,GBPUSD,SELL,2015-09-30 10:30:00+00:00,1.51850,CLOSED_SL
ACCEPTED,GBPUSD,SELL,2015-10-01 10:00:00+00:00,1.51502,CLOSED_DISCRETIONARY_EXIT
ACCEPTED,EURUSD,SELL,2015-10-01 14:30:00+00:00,1.11651,CLOSED_SL
ACCEPTED,GBPUSD,SELL,2015-10-02 02:00:00+00:00,1.51422,CLOSED_DISCRETIONARY_EXIT
ACCEPTED,EURUSD,BUY,2015-10-02 18:30:00+00:00,1.12259,CLOSED_DISCRETIONARY_EXIT
ACCEPTED,GBPUSD,SELL,2015-10-05 01:30:00+00:00,1.51942,CLOSED_SL
ACCEPTED,GBPUSD,SELL,2015-10-05 08:30:00+00:00,1.52216,CLOSED_SL
ACCEPTED,EURUSD,SELL,2015-10-06 08:30:00+00:00,1.12097,CLOSED_DISCRETIONARY_EXIT
ACCEPTED,GBPUSD,SELL,2015-10-06 14:30:00+00:00,1.51850,CLOSED_SL
ACCEPTED,EURUSD,BUY,2015-10-07 08:00:00+00:00,1.12538,CLOSED_SL
ACCEPTED,GBPUSD,BUY,2015-10-08 05:30:00+00:00,1.53014,CLOSED_DISCRETIONARY_EXIT
ACCEPTED,EURUSD,BUY,2015-10-08 13:00:00+00:00,1.12786,CLOSED_SL
ACCEPTED,GBPUSD,BUY,2015-10-08 14:00:00+00:00,1.52831,CLOSED_DISCRETIONARY_EXIT
ACCEPTED,EURUSD,BUY,2015-10-09 02:30:00+00:00,1.12724,CLOSED_DISCRETIONARY_EXIT
ACCEPTED,GBPUSD,BUY,2015-10-09 16:00:00+00:00,1.53093,CLOSED_DISCRETIONARY_EXIT
ACCEPTED,EURUSD,BUY,2015-10-09 20:30:00+00:00,1.13575,CLOSED_DISCRETIONARY_EXIT
ACCEPTED,GBPUSD,BUY,2015-10-13 01:30:00+00:00,1.53298,CLOSED_SL
ACCEPTED,EURUSD,BUY,2015-10-14 12:30:00+00:00,1.13983,CLOSED_DISCRETIONARY_EXIT
ACCEPTED,EURUSD,BUY,2015-10-15 09:00:00+00:00,1.14382,CLOSED_DISCRETIONARY_EXIT
ACCEPTED,GBPUSD,BUY,2015-10-15 14:00:00+00:00,1.54323,CLOSED_DISCRETIONARY_EXIT
ACCEPTED,EURUSD,BUY,2015-10-15 15:00:00+00:00,1.13723,CLOSED_DISCRETIONARY_EXIT
ACCEPTED,EURUSD,BUY,2015-10-16 00:30:00+00:00,1.13680,CLOSED_DISCRETIONARY_EXIT
ACCEPTED,EURUSD,BUY,2015-10-16 09:30:00+00:00,1.13603,CLOSED_SL
ACCEPTED,GBPUSD,BUY,2015-10-16 09:30:00+00:00,1.54586,CLOSED_SL
ACCEPTED,EURUSD,BUY,2015-10-16 21:00:00+00:00,1.13551,CLOSED_TIMEOUT_EXIT
ACCEPTED,GBPUSD,BUY,2015-10-19 17:00:00+00:00,1.54703,CLOSED_DISCRETIONARY_EXIT
ACCEPTED,GBPUSD,BUY,2015-10-20 07:30:00+00:00,1.54728,CLOSED_DISCRETIONARY_EXIT
ACCEPTED,EURUSD,SELL,2015-10-20 09:30:00+00:00,1.13608,CLOSED_DISCRETIONARY_EXIT
ACCEPTED,EURUSD,BUY,2015-10-20 15:00:00+00:00,1.13502,CLOSED_SL
ACCEPTED,GBPUSD,BUY,2015-10-20 16:00:00+00:00,1.54622,CLOSED_DISCRETIONARY_EXIT
ACCEPTED,GBPUSD,BUY,2015-10-21 07:00:00+00:00,1.54314,CLOSED_SL
ACCEPTED,GBPUSD,BUY,2015-10-22 06:30:00+00:00,1.54249,CLOSED_DISCRETIONARY_EXIT
ACCEPTED,GBPUSD,BUY,2015-10-22 13:30:00+00:00,1.54417,CLOSED_SL
ACCEPTED,GBPUSD,SELL,2015-10-23 02:30:00+00:00,1.54070,CLOSED_DISCRETIONARY_EXIT
ACCEPTED,EURUSD,SELL,2015-10-26 09:30:00+00:00,1.10493,CLOSED_DISCRETIONARY_EXIT
ACCEPTED,EURUSD,SELL,2015-10-27 13:30:00+00:00,1.10711,CLOSED_DISCRETIONARY_EXIT
ACCEPTED,GBPUSD,SELL,2015-10-28 00:30:00+00:00,1.53129,CLOSED_DISCRETIONARY_EXIT
ACCEPTED,EURUSD,SELL,2015-10-28 09:00:00+00:00,1.10495,CLOSED_SL
ACCEPTED,EURUSD,SELL,2015-10-28 11:30:00+00:00,1.10645,CLOSED_SL
ACCEPTED,EURUSD,SELL,2015-10-28 14:00:00+00:00,1.10878,CLOSED_DISCRETIONARY_EXIT
ACCEPTED,GBPUSD,SELL,2015-10-28 16:00:00+00:00,1.53241,CLOSED_SL
ACCEPTED,EURUSD,SELL,2015-10-29 11:00:00+00:00,1.09629,CLOSED_DISCRETIONARY_EXIT
ACCEPTED,GBPUSD,SELL,2015-10-29 15:30:00+00:00,1.53071,CLOSED_TIMEOUT_EXIT
ACCEPTED,EURUSD,SELL,2015-10-29 23:30:00+00:00,1.09874,CLOSED_DISCRETIONARY_EXIT
ACCEPTED,GBPUSD,SELL,2015-10-30 00:30:00+00:00,1.53229,CLOSED_DISCRETIONARY_EXIT
ACCEPTED,EURUSD,SELL,2015-10-30 10:00:00+00:00,1.10069,CLOSED_DISCRETIONARY_EXIT
ACCEPTED,EURUSD,SELL,2015-10-30 16:30:00+00:00,1.10698,CLOSED_DISCRETIONARY_EXIT
ACCEPTED,GBPUSD,BUY,2015-10-30 20:30:00+00:00,1.54196,CLOSED_TIMEOUT_EXIT
ACCEPTED,EURUSD,SELL,2015-11-01 22:30:00+00:00,1.10298,CLOSED_DISCRETIONARY_EXIT
ACCEPTED,EURUSD,SELL,2015-11-02 14:00:00+00:00,1.10504,CLOSED_DISCRETIONARY_EXIT
ACCEPTED,GBPUSD,BUY,2015-11-02 18:00:00+00:00,1.54232,CLOSED_DISCRETIONARY_EXIT
ACCEPTED,GBPUSD,BUY,2015-11-04 13:30:00+00:00,1.53985,CLOSED_SL
ACCEPTED,EURUSD,SELL,2015-11-04 21:30:00+00:00,1.08645,CLOSED_DISCRETIONARY_EXIT
ACCEPTED,GBPUSD,SELL,2015-11-05 08:30:00+00:00,1.53921,CLOSED_DISCRETIONARY_EXIT
ACCEPTED,GBPUSD,BUY,2015-11-05 12:30:00+00:00,1.52889,CLOSED_SL
ACCEPTED,EURUSD,SELL,2015-11-05 13:30:00+00:00,1.08895,CLOSED_DISCRETIONARY_EXIT
ACCEPTED,EURUSD,SELL,2015-11-05 19:30:00+00:00,1.08843,CLOSED_DISCRETIONARY_EXIT
ACCEPTED,EURUSD,SELL,2015-11-09 03:00:00+00:00,1.07589,CLOSED_DISCRETIONARY_EXIT
ACCEPTED,GBPUSD,SELL,2015-11-09 02:30:00+00:00,1.50669,CLOSED_DISCRETIONARY_EXIT
ACCEPTED,GBPUSD,SELL,2015-11-09 12:00:00+00:00,1.51030,CLOSED_DISCRETIONARY_EXIT
ACCEPTED,GBPUSD,SELL,2015-11-09 16:30:00+00:00,1.51217,CLOSED_DISCRETIONARY_EXIT
ACCEPTED,GBPUSD,SELL,2015-11-10 01:30:00+00:00,1.51235,CLOSED_DISCRETIONARY_EXIT
ACCEPTED,EURUSD,SELL,2015-11-10 19:00:00+00:00,1.07181,CLOSED_DISCRETIONARY_EXIT
ACCEPTED,GBPUSD,SELL,2015-11-11 00:00:00+00:00,1.51355,CLOSED_SL
ACCEPTED,EURUSD,SELL,2015-11-11 00:00:00+00:00,1.07364,CLOSED_SL
ACCEPTED,EURUSD,SELL,2015-11-11 02:30:00+00:00,1.07539,CLOSED_SL
ACCEPTED,GBPUSD,SELL,2015-11-11 02:00:00+00:00,1.51660,CLOSED_DISCRETIONARY_EXIT
ACCEPTED,GBPUSD,SELL,2015-11-11 12:30:00+00:00,1.51786,CLOSED_SL
ACCEPTED,EURUSD,SELL,2015-11-11 14:30:00+00:00,1.07440,CLOSED_DISCRETIONARY_EXIT
ACCEPTED,GBPUSD,SELL,2015-11-11 16:30:00+00:00,1.52105,CLOSED_DISCRETIONARY_EXIT
ACCEPTED,EURUSD,SELL,2015-11-11 23:00:00+00:00,1.07580,CLOSED_SL
ACCEPTED,GBPUSD,BUY,2015-11-12 05:30:00+00:00,1.52200,CLOSED_SL
ACCEPTED,GBPUSD,SELL,2015-11-12 11:30:00+00:00,1.51999,CLOSED_DISCRETIONARY_EXIT
ACCEPTED,EURUSD,SELL,2015-11-12 14:30:00+00:00,1.07379,CLOSED_SL
ACCEPTED,EURUSD,SELL,2015-11-12 17:30:00+00:00,1.08014,CLOSED_DISCRETIONARY_EXIT
ACCEPTED,EURUSD,SELL,2015-11-12 21:30:00+00:00,1.08193,CLOSED_DISCRETIONARY_EXIT
ACCEPTED,EURUSD,SELL,2015-11-13 11:30:00+00:00,1.07967,CLOSED_DISCRETIONARY_EXIT
ACCEPTED,GBPUSD,SELL,2015-11-13 19:30:00+00:00,1.52176,CLOSED_SL
ACCEPTED,EURUSD,SELL,2015-11-13 20:30:00+00:00,1.07436,CLOSED_SL
ACCEPTED,EURUSD,SELL,2015-11-15 22:00:00+00:00,1.07402,CLOSED_DISCRETIONARY_EXIT
ACCEPTED,EURUSD,SELL,2015-11-16 07:30:00+00:00,1.07436,CLOSED_DISCRETIONARY_EXIT
ACCEPTED,GBPUSD,SELL,2015-11-16 17:30:00+00:00,1.52166,CLOSED_DISCRETIONARY_EXIT
ACCEPTED,EURUSD,SELL,2015-11-18 05:30:00+00:00,1.06446,CLOSED_SL
ACCEPTED,EURUSD,SELL,2015-11-18 08:30:00+00:00,1.06689,CLOSED_SL
ACCEPTED,EURUSD,SELL,2015-11-18 23:30:00+00:00,1.06728,CLOSED_SL
ACCEPTED,EURUSD,SELL,2015-11-19 11:30:00+00:00,1.07057,CLOSED_DISCRETIONARY_EXIT
ACCEPTED,GBPUSD,BUY,2015-11-20 00:30:00+00:00,1.52824,CLOSED_DISCRETIONARY_EXIT
ACCEPTED,GBPUSD,BUY,2015-11-20 08:00:00+00:00,1.52750,CLOSED_DISCRETIONARY_EXIT
ACCEPTED,GBPUSD,BUY,2015-11-20 12:30:00+00:00,1.52451,CLOSED_DISCRETIONARY_EXIT
ACCEPTED,EURUSD,SELL,2015-11-23 08:30:00+00:00,1.06355,CLOSED_DISCRETIONARY_EXIT
ACCEPTED,EURUSD,SELL,2015-11-23 21:30:00+00:00,1.06278,CLOSED_DISCRETIONARY_EXIT
ACCEPTED,EURUSD,SELL,2015-11-24 09:00:00+00:00,1.06617,CLOSED_DISCRETIONARY_EXIT
ACCEPTED,EURUSD,SELL,2015-11-24 14:00:00+00:00,1.06622,CLOSED_DISCRETIONARY_EXIT
ACCEPTED,GBPUSD,SELL,2015-11-24 19:30:00+00:00,1.50922,CLOSED_DISCRETIONARY_EXIT
ACCEPTED,EURUSD,SELL,2015-11-25 03:00:00+00:00,1.06751,CLOSED_DISCRETIONARY_EXIT
ACCEPTED,GBPUSD,SELL,2015-11-25 03:00:00+00:00,1.51127,CLOSED_DISCRETIONARY_EXIT
ACCEPTED,EURUSD,SELL,2015-11-25 07:30:00+00:00,1.06781,CLOSED_DISCRETIONARY_EXIT
ACCEPTED,EURUSD,SELL,2015-11-25 17:30:00+00:00,1.06280,CLOSED_DISCRETIONARY_EXIT
ACCEPTED,EURUSD,SELL,2015-11-26 01:00:00+00:00,1.06257,CLOSED_DISCRETIONARY_EXIT
ACCEPTED,GBPUSD,SELL,2015-11-26 13:30:00+00:00,1.51031,CLOSED_SL
ACCEPTED,EURUSD,SELL,2015-11-27 07:00:00+00:00,1.06316,CLOSED_DISCRETIONARY_EXIT
ACCEPTED,EURUSD,SELL,2015-11-27 16:00:00+00:00,1.05949,CLOSED_DISCRETIONARY_EXIT
ACCEPTED,EURUSD,SELL,2015-11-30 05:30:00+00:00,1.05901,CLOSED_DISCRETIONARY_EXIT
ACCEPTED,GBPUSD,SELL,2015-11-30 08:00:00+00:00,1.50386,CLOSED_DISCRETIONARY_EXIT
ACCEPTED,EURUSD,SELL,2015-12-01 02:30:00+00:00,1.05871,CLOSED_DISCRETIONARY_EXIT
ACCEPTED,GBPUSD,SELL,2015-12-01 01:30:00+00:00,1.50840,CLOSED_DISCRETIONARY_EXIT
ACCEPTED,EURUSD,SELL,2015-12-01 09:00:00+00:00,1.06068,CLOSED_DISCRETIONARY_EXIT
ACCEPTED,EURUSD,SELL,2015-12-01 13:30:00+00:00,1.06082,CLOSED_SL
ACCEPTED,GBPUSD,SELL,2015-12-01 19:00:00+00:00,1.50846,CLOSED_DISCRETIONARY_EXIT
ACCEPTED,GBPUSD,SELL,2015-12-02 08:00:00+00:00,1.50738,CLOSED_DISCRETIONARY_EXIT
ACCEPTED,EURUSD,SELL,2015-12-02 19:30:00+00:00,1.06174,CLOSED_DISCRETIONARY_EXIT
ACCEPTED,EURUSD,BUY,2015-12-04 00:00:00+00:00,1.09184,CLOSED_DISCRETIONARY_EXIT
ACCEPTED,GBPUSD,BUY,2015-12-04 07:30:00+00:00,1.51019,CLOSED_SL
ACCEPTED,EURUSD,BUY,2015-12-04 07:30:00+00:00,1.08871,CLOSED_DISCRETIONARY_EXIT
ACCEPTED,EURUSD,BUY,2015-12-04 17:30:00+00:00,1.08749,CLOSED_DISCRETIONARY_EXIT
ACCEPTED,EURUSD,BUY,2015-12-07 02:30:00+00:00,1.08570,CLOSED_DISCRETIONARY_EXIT
ACCEPTED,GBPUSD,BUY,2015-12-07 02:30:00+00:00,1.50991,CLOSED_DISCRETIONARY_EXIT
ACCEPTED,EURUSD,BUY,2015-12-07 08:30:00+00:00,1.08379,CLOSED_SL
ACCEPTED,GBPUSD,BUY,2015-12-07 08:30:00+00:00,1.50580,CLOSED_DISCRETIONARY_EXIT
ACCEPTED,EURUSD,BUY,2015-12-08 10:30:00+00:00,1.08441,CLOSED_DISCRETIONARY_EXIT
ACCEPTED,EURUSD,BUY,2015-12-09 00:30:00+00:00,1.08892,CLOSED_DISCRETIONARY_EXIT
ACCEPTED,GBPUSD,SELL,2015-12-09 06:30:00+00:00,1.50225,CLOSED_SL
ACCEPTED,GBPUSD,SELL,2015-12-09 10:30:00+00:00,1.50688,CLOSED_DISCRETIONARY_EXIT
ACCEPTED,EURUSD,BUY,2015-12-10 06:30:00+00:00,1.10000,CLOSED_SL
ACCEPTED,EURUSD,BUY,2015-12-10 09:30:00+00:00,1.09658,CLOSED_SL
ACCEPTED,EURUSD,BUY,2015-12-10 11:00:00+00:00,1.09412,CLOSED_DISCRETIONARY_EXIT
ACCEPTED,EURUSD,BUY,2015-12-13 22:30:00+00:00,1.09785,CLOSED_DISCRETIONARY_EXIT
ACCEPTED,GBPUSD,BUY,2015-12-13 23:00:00+00:00,1.51929,CLOSED_DISCRETIONARY_EXIT
ACCEPTED,EURUSD,BUY,2015-12-14 03:30:00+00:00,1.09616,CLOSED_DISCRETIONARY_EXIT
ACCEPTED,GBPUSD,BUY,2015-12-14 04:30:00+00:00,1.51866,CLOSED_DISCRETIONARY_EXIT
ACCEPTED,GBPUSD,BUY,2015-12-14 09:00:00+00:00,1.51528,CLOSED_DISCRETIONARY_EXIT
ACCEPTED,GBPUSD,BUY,2015-12-14 12:00:00+00:00,1.51208,CLOSED_DISCRETIONARY_EXIT
ACCEPTED,EURUSD,BUY,2015-12-14 20:30:00+00:00,1.09975,CLOSED_DISCRETIONARY_EXIT
ACCEPTED,EURUSD,BUY,2015-12-15 14:00:00+00:00,1.09720,CLOSED_SL
ACCEPTED,GBPUSD,SELL,2015-12-16 03:30:00+00:00,1.50540,CLOSED_DISCRETIONARY_EXIT
ACCEPTED,EURUSD,BUY,2015-12-16 10:00:00+00:00,1.09221,CLOSED_DISCRETIONARY_EXIT
ACCEPTED,EURUSD,SELL,2015-12-17 07:00:00+00:00,1.08632,CLOSED_DISCRETIONARY_EXIT
ACCEPTED,GBPUSD,SELL,2015-12-18 00:00:00+00:00,1.49283,CLOSED_DISCRETIONARY_EXIT
ACCEPTED,EURUSD,SELL,2015-12-17 22:30:00+00:00,1.08322,CLOSED_DISCRETIONARY_EXIT
ACCEPTED,EURUSD,SELL,2015-12-18 07:00:00+00:00,1.08619,CLOSED_DISCRETIONARY_EXIT
ACCEPTED,GBPUSD,SELL,2015-12-18 07:00:00+00:00,1.49416,CLOSED_DISCRETIONARY_EXIT
ACCEPTED,EURUSD,SELL,2015-12-18 20:30:00+00:00,1.08692,CLOSED_TIMEOUT_EXIT
ACCEPTED,EURUSD,SELL,2015-12-21 06:00:00+00:00,1.08736,CLOSED_DISCRETIONARY_EXIT
ACCEPTED,EURUSD,BUY,2015-12-21 23:00:00+00:00,1.09101,CLOSED_DISCRETIONARY_EXIT
ACCEPTED,GBPUSD,SELL,2015-12-22 00:00:00+00:00,1.48911,CLOSED_DISCRETIONARY_EXIT
ACCEPTED,GBPUSD,SELL,2015-12-22 07:30:00+00:00,1.48962,CLOSED_SL
ACCEPTED,EURUSD,BUY,2015-12-22 20:00:00+00:00,1.09521,CLOSED_DISCRETIONARY_EXIT
ACCEPTED,GBPUSD,SELL,2015-12-22 22:00:00+00:00,1.48257,CLOSED_DISCRETIONARY_EXIT
ACCEPTED,EURUSD,BUY,2015-12-23 02:00:00+00:00,1.09437,CLOSED_DISCRETIONARY_EXIT
ACCEPTED,GBPUSD,SELL,2015-12-23 06:00:00+00:00,1.48459,CLOSED_SL
ACCEPTED,GBPUSD,SELL,2015-12-23 07:30:00+00:00,1.48540,CLOSED_DISCRETIONARY_EXIT
ACCEPTED,GBPUSD,SELL,2015-12-23 11:00:00+00:00,1.48763,CLOSED_SL
ACCEPTED,GBPUSD,SELL,2015-12-24 00:30:00+00:00,1.48769,CLOSED_DISCRETIONARY_EXIT
ACCEPTED,GBPUSD,SELL,2015-12-24 08:00:00+00:00,1.49057,CLOSED_DISCRETIONARY_EXIT
ACCEPTED,EURUSD,BUY,2015-12-24 12:00:00+00:00,1.09470,CLOSED_SL
ACCEPTED,GBPUSD,SELL,2015-12-24 12:30:00+00:00,1.49357,CLOSED_DISCRETIONARY_EXIT
ACCEPTED,EURUSD,BUY,2015-12-28 13:30:00+00:00,1.09664,CLOSED_DISCRETIONARY_EXIT
ACCEPTED,GBPUSD,SELL,2015-12-29 00:00:00+00:00,1.48906,CLOSED_SL
ACCEPTED,EURUSD,BUY,2015-12-29 13:30:00+00:00,1.09481,CLOSED_SL
ACCEPTED,GBPUSD,SELL,2015-12-29 20:00:00+00:00,1.48291,CLOSED_DISCRETIONARY_EXIT
ACCEPTED,GBPUSD,SELL,2015-12-30 03:00:00+00:00,1.48307,CLOSED_SL
ACCEPTED,EURUSD,SELL,2015-12-30 20:00:00+00:00,1.09242,CLOSED_DISCRETIONARY_EXIT
ACCEPTED,GBPUSD,SELL,2015-12-31 01:00:00+00:00,1.48200,CLOSED_DISCRETIONARY_EXIT
ACCEPTED,GBPUSD,SELL,2015-12-31 08:00:00+00:00,1.48323,CLOSED_SL
ACCEPTED,EURUSD,SELL,2016-01-04 05:30:00+00:00,1.08821,CLOSED_SL
ACCEPTED,GBPUSD,SELL,2016-01-04 05:00:00+00:00,1.47349,CLOSED_DISCRETIONARY_EXIT
ACCEPTED,EURUSD,SELL,2016-01-04 08:30:00+00:00,1.09412,CLOSED_DISCRETIONARY_EXIT
ACCEPTED,GBPUSD,SELL,2016-01-04 20:00:00+00:00,1.47113,CLOSED_DISCRETIONARY_EXIT
ACCEPTED,GBPUSD,SELL,2016-01-05 02:00:00+00:00,1.47237,CLOSED_DISCRETIONARY_EXIT
ACCEPTED,EURUSD,SELL,2016-01-05 05:30:00+00:00,1.08290,CLOSED_DISCRETIONARY_EXIT
ACCEPTED,GBPUSD,SELL,2016-01-05 22:30:00+00:00,1.46774,CLOSED_DISCRETIONARY_EXIT
ACCEPTED,EURUSD,SELL,2016-01-06 12:30:00+00:00,1.07542,CLOSED_DISCRETIONARY_EXIT
ACCEPTED,EURUSD,SELL,2016-01-07 01:30:00+00:00,1.07968,CLOSED_SL
ACCEPTED,EURUSD,SELL,2016-01-07 03:00:00+00:00,1.08149,CLOSED_DISCRETIONARY_EXIT
ACCEPTED,EURUSD,BUY,2016-01-08 01:30:00+00:00,1.08790,CLOSED_DISCRETIONARY_EXIT
ACCEPTED,GBPUSD,SELL,2016-01-08 03:00:00+00:00,1.46335,CLOSED_DISCRETIONARY_EXIT
ACCEPTED,EURUSD,BUY,2016-01-08 07:30:00+00:00,1.08589,CLOSED_DISCRETIONARY_EXIT
ACCEPTED,EURUSD,BUY,2016-01-11 02:30:00+00:00,1.09194,CLOSED_DISCRETIONARY_EXIT
ACCEPTED,GBPUSD,SELL,2016-01-11 09:00:00+00:00,1.45696,CLOSED_DISCRETIONARY_EXIT
ACCEPTED,GBPUSD,SELL,2016-01-11 13:30:00+00:00,1.45830,CLOSED_SL
ACCEPTED,EURUSD,BUY,2016-01-11 13:30:00+00:00,1.08881,CLOSED_SL
ACCEPTED,GBPUSD,SELL,2016-01-12 19:30:00+00:00,1.44410,CLOSED_DISCRETIONARY_EXIT
ACCEPTED,GBPUSD,SELL,2016-01-13 01:30:00+00:00,1.44655,CLOSED_DISCRETIONARY_EXIT
ACCEPTED,EURUSD,SELL,2016-01-13 15:30:00+00:00,1.08647,CLOSED_DISCRETIONARY_EXIT
ACCEPTED,GBPUSD,SELL,2016-01-14 06:30:00+00:00,1.44121,CLOSED_DISCRETIONARY_EXIT
ACCEPTED,EURUSD,BUY,2016-01-14 07:00:00+00:00,1.08686,CLOSED_DISCRETIONARY_EXIT
ACCEPTED,GBPUSD,SELL,2016-01-14 23:30:00+00:00,1.44199,CLOSED_DISCRETIONARY_EXIT
ACCEPTED,EURUSD,SELL,2016-01-15 01:30:00+00:00,1.08746,CLOSED_DISCRETIONARY_EXIT
ACCEPTED,EURUSD,BUY,2016-01-15 20:00:00+00:00,1.09099,CLOSED_TIMEOUT_EXIT
ACCEPTED,GBPUSD,SELL,2016-01-18 00:00:00+00:00,1.42717,CLOSED_DISCRETIONARY_EXIT
ACCEPTED,GBPUSD,SELL,2016-01-19 05:30:00+00:00,1.42618,CLOSED_SL
ACCEPTED,EURUSD,BUY,2016-01-19 05:30:00+00:00,1.08824,CLOSED_DISCRETIONARY_EXIT
ACCEPTED,GBPUSD,SELL,2016-01-19 09:30:00+00:00,1.43275,CLOSED_DISCRETIONARY_EXIT
ACCEPTED,GBPUSD,SELL,2016-01-19 18:30:00+00:00,1.41949,CLOSED_DISCRETIONARY_EXIT
ACCEPTED,GBPUSD,SELL,2016-01-20 14:30:00+00:00,1.41900,CLOSED_SL
ACCEPTED,EURUSD,BUY,2016-01-20 20:30:00+00:00,1.08805,CLOSED_DISCRETIONARY_EXIT
ACCEPTED,EURUSD,SELL,2016-01-21 04:00:00+00:00,1.08871,CLOSED_DISCRETIONARY_EXIT
ACCEPTED,GBPUSD,SELL,2016-01-21 16:30:00+00:00,1.41791,CLOSED_SL
ACCEPTED,EURUSD,SELL,2016-01-21 19:00:00+00:00,1.08832,CLOSED_DISCRETIONARY_EXIT
ACCEPTED,GBPUSD,SELL,2016-01-21 21:00:00+00:00,1.42410,CLOSED_DISCRETIONARY_EXIT
ACCEPTED,GBPUSD,SELL,2016-01-22 06:30:00+00:00,1.42334,CLOSED_SL
ACCEPTED,GBPUSD,SELL,2016-01-22 08:30:00+00:00,1.42637,CLOSED_SL
ACCEPTED,GBPUSD,SELL,2016-01-22 12:30:00+00:00,1.43193,CLOSED_DISCRETIONARY_EXIT
ACCEPTED,GBPUSD,SELL,2016-01-25 02:30:00+00:00,1.42978,CLOSED_DISCRETIONARY_EXIT
ACCEPTED,EURUSD,SELL,2016-01-25 04:00:00+00:00,1.08130,CLOSED_DISCRETIONARY_EXIT
ACCEPTED,GBPUSD,SELL,2016-01-25 19:30:00+00:00,1.42618,CLOSED_DISCRETIONARY_EXIT
ACCEPTED,EURUSD,SELL,2016-01-26 07:30:00+00:00,1.08680,CLOSED_DISCRETIONARY_EXIT
ACCEPTED,GBPUSD,SELL,2016-01-26 13:00:00+00:00,1.42489,CLOSED_SL
ACCEPTED,EURUSD,SELL,2016-01-26 16:30:00+00:00,1.08507,CLOSED_DISCRETIONARY_EXIT
ACCEPTED,GBPUSD,BUY,2016-01-27 09:00:00+00:00,1.43106,CLOSED_SL
ACCEPTED,GBPUSD,SELL,2016-01-28 02:30:00+00:00,1.42605,CLOSED_DISCRETIONARY_EXIT
ACCEPTED,EURUSD,BUY,2016-01-28 01:30:00+00:00,1.08928,CLOSED_DISCRETIONARY_EXIT
ACCEPTED,GBPUSD,SELL,2016-01-28 07:30:00+00:00,1.42643,CLOSED_SL
ACCEPTED,EURUSD,BUY,2016-01-28 21:00:00+00:00,1.09424,CLOSED_DISCRETIONARY_EXIT
ACCEPTED,EURUSD,BUY,2016-01-29 07:00:00+00:00,1.09056,CLOSED_DISCRETIONARY_EXIT
ACCEPTED,GBPUSD,BUY,2016-01-29 09:30:00+00:00,1.43514,CLOSED_SL
ACCEPTED,GBPUSD,SELL,2016-01-29 20:30:00+00:00,1.42460,CLOSED_TIMEOUT_EXIT
ACCEPTED,GBPUSD,SELL,2016-02-01 09:30:00+00:00,1.43104,CLOSED_DISCRETIONARY_EXIT
ACCEPTED,GBPUSD,BUY,2016-02-02 05:00:00+00:00,1.44066,CLOSED_SL
ACCEPTED,GBPUSD,BUY,2016-02-03 01:00:00+00:00,1.44002,CLOSED_DISCRETIONARY_EXIT
ACCEPTED,EURUSD,BUY,2016-02-03 04:00:00+00:00,1.09136,CLOSED_DISCRETIONARY_EXIT
ACCEPTED,GBPUSD,BUY,2016-02-04 06:00:00+00:00,1.45717,CLOSED_DISCRETIONARY_EXIT
ACCEPTED,EURUSD,BUY,2016-02-04 07:30:00+00:00,1.10720,CLOSED_DISCRETIONARY_EXIT
ACCEPTED,GBPUSD,BUY,2016-02-04 12:30:00+00:00,1.45401,CLOSED_DISCRETIONARY_EXIT
ACCEPTED,GBPUSD,BUY,2016-02-05 02:30:00+00:00,1.45721,CLOSED_DISCRETIONARY_EXIT
ACCEPTED,GBPUSD,BUY,2016-02-05 06:00:00+00:00,1.45552,CLOSED_SL
ACCEPTED,GBPUSD,BUY,2016-02-05 08:00:00+00:00,1.45190,CLOSED_DISCRETIONARY_EXIT
ACCEPTED,EURUSD,BUY,2016-02-08 04:00:00+00:00,1.11325,CLOSED_DISCRETIONARY_EXIT
ACCEPTED,GBPUSD,BUY,2016-02-08 11:30:00+00:00,1.43980,CLOSED_DISCRETIONARY_EXIT
ACCEPTED,EURUSD,BUY,2016-02-08 11:30:00+00:00,1.11105,CLOSED_SL
ACCEPTED,EURUSD,BUY,2016-02-08 13:30:00+00:00,1.10902,CLOSED_DISCRETIONARY_EXIT
ACCEPTED,EURUSD,BUY,2016-02-09 07:30:00+00:00,1.11868,CLOSED_DISCRETIONARY_EXIT
ACCEPTED,EURUSD,BUY,2016-02-10 08:30:00+00:00,1.12782,CLOSED_SL
ACCEPTED,EURUSD,BUY,2016-02-10 15:30:00+00:00,1.11819,CLOSED_DISCRETIONARY_EXIT
ACCEPTED,GBPUSD,BUY,2016-02-10 15:30:00+00:00,1.44594,CLOSED_DISCRETIONARY_EXIT
ACCEPTED,GBPUSD,BUY,2016-02-11 06:30:00+00:00,1.45253,CLOSED_DISCRETIONARY_EXIT
ACCEPTED,GBPUSD,BUY,2016-02-12 01:00:00+00:00,1.44680,CLOSED_DISCRETIONARY_EXIT
ACCEPTED,GBPUSD,BUY,2016-02-12 13:30:00+00:00,1.45061,CLOSED_SL
ACCEPTED,EURUSD,BUY,2016-02-12 14:00:00+00:00,1.12465,CLOSED_SL
ACCEPTED,EURUSD,BUY,2016-02-14 23:00:00+00:00,1.12387,CLOSED_DISCRETIONARY_EXIT
ACCEPTED,GBPUSD,BUY,2016-02-15 07:30:00+00:00,1.45127,CLOSED_SL
ACCEPTED,GBPUSD,BUY,2016-02-15 09:00:00+00:00,1.44945,CLOSED_SL
ACCEPTED,EURUSD,SELL,2016-02-15 23:30:00+00:00,1.11651,CLOSED_SL
ACCEPTED,GBPUSD,SELL,2016-02-16 00:00:00+00:00,1.44534,CLOSED_DISCRETIONARY_EXIT
ACCEPTED,GBPUSD,SELL,2016-02-16 08:30:00+00:00,1.44676,CLOSED_SL
ACCEPTED,EURUSD,SELL,2016-02-16 10:30:00+00:00,1.11817,CLOSED_DISCRETIONARY_EXIT
ACCEPTED,GBPUSD,SELL,2016-02-16 23:30:00+00:00,1.43066,CLOSED_DISCRETIONARY_EXIT
ACCEPTED,EURUSD,SELL,2016-02-17 04:30:00+00:00,1.11640,CLOSED_DISCRETIONARY_EXIT
ACCEPTED,GBPUSD,SELL,2016-02-17 10:00:00+00:00,1.43102,CLOSED_DISCRETIONARY_EXIT
ACCEPTED,EURUSD,SELL,2016-02-17 18:00:00+00:00,1.11452,CLOSED_DISCRETIONARY_EXIT
ACCEPTED,EURUSD,SELL,2016-02-18 02:30:00+00:00,1.11419,CLOSED_DISCRETIONARY_EXIT
ACCEPTED,GBPUSD,SELL,2016-02-18 02:30:00+00:00,1.42995,CLOSED_DISCRETIONARY_EXIT
ACCEPTED,GBPUSD,SELL,2016-02-18 11:30:00+00:00,1.43720,CLOSED_DISCRETIONARY_EXIT
ACCEPTED,EURUSD,SELL,2016-02-19 01:00:00+00:00,1.11232,CLOSED_DISCRETIONARY_EXIT
ACCEPTED,GBPUSD,SELL,2016-02-19 16:30:00+00:00,1.43329,CLOSED_SL
ACCEPTED,GBPUSD,SELL,2016-02-19 20:00:00+00:00,1.43603,CLOSED_SL
ACCEPTED,EURUSD,SELL,2016-02-22 07:00:00+00:00,1.11170,CLOSED_DISCRETIONARY_EXIT
ACCEPTED,EURUSD,SELL,2016-02-23 01:30:00+00:00,1.10363,CLOSED_DISCRETIONARY_EXIT
ACCEPTED,GBPUSD,SELL,2016-02-24 14:00:00+00:00,1.39373,CLOSED_DISCRETIONARY_EXIT
ACCEPTED,GBPUSD,SELL,2016-02-24 21:30:00+00:00,1.39430,CLOSED_DISCRETIONARY_EXIT
ACCEPTED,GBPUSD,SELL,2016-02-25 05:00:00+00:00,1.39410,CLOSED_DISCRETIONARY_EXIT
ACCEPTED,EURUSD,SELL,2016-02-25 05:00:00+00:00,1.10316,CLOSED_DISCRETIONARY_EXIT
ACCEPTED,EURUSD,SELL,2016-02-25 12:00:00+00:00,1.10315,CLOSED_DISCRETIONARY_EXIT
ACCEPTED,GBPUSD,SELL,2016-02-25 12:30:00+00:00,1.39828,CLOSED_DISCRETIONARY_EXIT
ACCEPTED,EURUSD,SELL,2016-02-26 01:00:00+00:00,1.10422,CLOSED_SL
ACCEPTED,GBPUSD,SELL,2016-02-26 00:30:00+00:00,1.39766,CLOSED_SL
ACCEPTED,GBPUSD,SELL,2016-02-26 03:30:00+00:00,1.40072,CLOSED_DISCRETIONARY_EXIT
ACCEPTED,GBPUSD,SELL,2016-02-26 09:30:00+00:00,1.40247,CLOSED_DISCRETIONARY_EXIT
ACCEPTED,EURUSD,SELL,2016-02-29 02:30:00+00:00,1.09349,CLOSED_DISCRETIONARY_EXIT
ACCEPTED,GBPUSD,SELL,2016-02-29 05:30:00+00:00,1.38764,CLOSED_SL
ACCEPTED,EURUSD,SELL,2016-02-29 08:00:00+00:00,1.09568,CLOSED_DISCRETIONARY_EXIT
ACCEPTED,GBPUSD,SELL,2016-02-29 08:00:00+00:00,1.39116,CLOSED_DISCRETIONARY_EXIT
ACCEPTED,GBPUSD,SELL,2016-02-29 15:00:00+00:00,1.39015,CLOSED_SL
ACCEPTED,EURUSD,SELL,2016-02-29 19:30:00+00:00,1.08797,CLOSED_DISCRETIONARY_EXIT
ACCEPTED,GBPUSD,SELL,2016-03-01 18:30:00+00:00,1.39670,CLOSED_DISCRETIONARY_EXIT
ACCEPTED,EURUSD,SELL,2016-03-02 00:00:00+00:00,1.08761,CLOSED_DISCRETIONARY_EXIT
ACCEPTED,GBPUSD,SELL,2016-03-02 06:00:00+00:00,1.39696,CLOSED_DISCRETIONARY_EXIT
ACCEPTED,EURUSD,SELL,2016-03-02 06:30:00+00:00,1.08653,CLOSED_DISCRETIONARY_EXIT
ACCEPTED,GBPUSD,SELL,2016-03-02 12:00:00+00:00,1.40012,CLOSED_SL
ACCEPTED,GBPUSD,SELL,2016-03-02 15:30:00+00:00,1.40554,CLOSED_DISCRETIONARY_EXIT
ACCEPTED,EURUSD,SELL,2016-03-02 18:30:00+00:00,1.08609,CLOSED_DISCRETIONARY_EXIT
ACCEPTED,EURUSD,SELL,2016-03-03 01:30:00+00:00,1.08724,CLOSED_DISCRETIONARY_EXIT
ACCEPTED,EURUSD,SELL,2016-03-03 08:30:00+00:00,1.08708,CLOSED_DISCRETIONARY_EXIT
ACCEPTED,EURUSD,SELL,2016-03-03 13:00:00+00:00,1.09068,CLOSED_SL
ACCEPTED,EURUSD,SELL,2016-03-03 16:30:00+00:00,1.09462,CLOSED_SL
ACCEPTED,GBPUSD,BUY,2016-03-04 08:30:00+00:00,1.41342,CLOSED_DISCRETIONARY_EXIT
ACCEPTED,GBPUSD,BUY,2016-03-07 00:30:00+00:00,1.42076,CLOSED_DISCRETIONARY_EXIT
ACCEPTED,EURUSD,BUY,2016-03-07 07:30:00+00:00,1.09780,CLOSED_SL
ACCEPTED,GBPUSD,BUY,2016-03-07 09:00:00+00:00,1.41516,CLOSED_DISCRETIONARY_EXIT
ACCEPTED,GBPUSD,BUY,2016-03-08 00:00:00+00:00,1.42607,CLOSED_DISCRETIONARY_EXIT
ACCEPTED,GBPUSD,BUY,2016-03-08 02:00:00+00:00,1.42527,CLOSED_DISCRETIONARY_EXIT
ACCEPTED,EURUSD,BUY,2016-03-09 00:30:00+00:00,1.09999,CLOSED_SL
ACCEPTED,GBPUSD,BUY,2016-03-09 00:00:00+00:00,1.42061,CLOSED_SL
ACCEPTED,GBPUSD,BUY,2016-03-09 14:00:00+00:00,1.42002,CLOSED_DISCRETIONARY_EXIT
ACCEPTED,EURUSD,BUY,2016-03-09 20:00:00+00:00,1.10027,CLOSED_SL
ACCEPTED,GBPUSD,BUY,2016-03-09 23:30:00+00:00,1.42092,CLOSED_SL
ACCEPTED,GBPUSD,BUY,2016-03-10 07:30:00+00:00,1.41884,CLOSED_DISCRETIONARY_EXIT
ACCEPTED,GBPUSD,BUY,2016-03-10 13:00:00+00:00,1.41563,CLOSED_SL
ACCEPTED,EURUSD,BUY,2016-03-11 04:30:00+00:00,1.11646,CLOSED_DISCRETIONARY_EXIT
ACCEPTED,EURUSD,BUY,2016-03-11 08:00:00+00:00,1.11465,CLOSED_SL
ACCEPTED,GBPUSD,BUY,2016-03-14 08:00:00+00:00,1.43626,CLOSED_SL
ACCEPTED,EURUSD,BUY,2016-03-14 09:30:00+00:00,1.11154,CLOSED_DISCRETIONARY_EXIT
ACCEPTED,GBPUSD,BUY,2016-03-14 19:00:00+00:00,1.43110,CLOSED_DISCRETIONARY_EXIT
ACCEPTED,EURUSD,BUY,2016-03-15 01:30:00+00:00,1.10979,CLOSED_DISCRETIONARY_EXIT
ACCEPTED,GBPUSD,BUY,2016-03-15 01:30:00+00:00,1.42805,CLOSED_DISCRETIONARY_EXIT
ACCEPTED,GBPUSD,BUY,2016-03-15 06:30:00+00:00,1.42630,CLOSED_DISCRETIONARY_EXIT
ACCEPTED,EURUSD,BUY,2016-03-16 09:00:00+00:00,1.10881,CLOSED_SL
ACCEPTED,GBPUSD,SELL,2016-03-16 17:30:00+00:00,1.41059,CLOSED_DISCRETIONARY_EXIT
ACCEPTED,GBPUSD,SELL,2016-03-16 19:30:00+00:00,1.42394,CLOSED_DISCRETIONARY_EXIT
ACCEPTED,GBPUSD,BUY,2016-03-17 06:00:00+00:00,1.42311,CLOSED_DISCRETIONARY_EXIT
ACCEPTED,GBPUSD,BUY,2016-03-18 05:00:00+00:00,1.44590,CLOSED_DISCRETIONARY_EXIT
ACCEPTED,EURUSD,BUY,2016-03-18 08:00:00+00:00,1.12967,CLOSED_SL
ACCEPTED,GBPUSD,BUY,2016-03-18 10:00:00+00:00,1.44179,CLOSED_DISCRETIONARY_EXIT
ACCEPTED,EURUSD,BUY,2016-03-18 20:30:00+00:00,1.12684,CLOSED_DISCRETIONARY_EXIT
ACCEPTED,GBPUSD,BUY,2016-03-21 02:30:00+00:00,1.44465,CLOSED_DISCRETIONARY_EXIT
ACCEPTED,EURUSD,BUY,2016-03-21 05:30:00+00:00,1.12717,CLOSED_SL
ACCEPTED,GBPUSD,BUY,2016-03-21 07:00:00+00:00,1.44298,CLOSED_SL
ACCEPTED,EURUSD,BUY,2016-03-21 09:00:00+00:00,1.12509,CLOSED_SL
ACCEPTED,GBPUSD,BUY,2016-03-21 09:00:00+00:00,1.43852,CLOSED_DISCRETIONARY_EXIT
ACCEPTED,GBPUSD,BUY,2016-03-21 21:00:00+00:00,1.43717,CLOSED_DISCRETIONARY_EXIT
ACCEPTED,EURUSD,BUY,2016-03-21 22:30:00+00:00,1.12405,CLOSED_DISCRETIONARY_EXIT
ACCEPTED,GBPUSD,BUY,2016-03-22 09:30:00+00:00,1.43045,CLOSED_SL
ACCEPTED,EURUSD,BUY,2016-03-22 09:30:00+00:00,1.12060,CLOSED_DISCRETIONARY_EXIT
ACCEPTED,EURUSD,BUY,2016-03-22 17:30:00+00:00,1.12114,CLOSED_DISCRETIONARY_EXIT
ACCEPTED,GBPUSD,SELL,2016-03-23 00:30:00+00:00,1.42178,CLOSED_DISCRETIONARY_EXIT
ACCEPTED,EURUSD,BUY,2016-03-23 05:30:00+00:00,1.12059,CLOSED_DISCRETIONARY_EXIT
ACCEPTED,GBPUSD,SELL,2016-03-24 12:00:00+00:00,1.41376,CLOSED_DISCRETIONARY_EXIT
ACCEPTED,GBPUSD,SELL,2016-03-24 17:30:00+00:00,1.41583,CLOSED_DISCRETIONARY_EXIT
ACCEPTED,EURUSD,SELL,2016-03-25 07:00:00+00:00,1.11653,CLOSED_DISCRETIONARY_EXIT
ACCEPTED,GBPUSD,SELL,2016-03-25 07:00:00+00:00,1.41241,CLOSED_DISCRETIONARY_EXIT
ACCEPTED,GBPUSD,SELL,2016-03-25 10:30:00+00:00,1.41378,CLOSED_SL
ACCEPTED,EURUSD,SELL,2016-03-25 12:00:00+00:00,1.11737,CLOSED_DISCRETIONARY_EXIT
ACCEPTED,EURUSD,SELL,2016-03-25 21:00:00+00:00,1.11692,CLOSED_TIMEOUT_EXIT
ACCEPTED,GBPUSD,SELL,2016-03-28 05:00:00+00:00,1.41347,CLOSED_DISCRETIONARY_EXIT
ACCEPTED,GBPUSD,SELL,2016-03-28 08:30:00+00:00,1.41707,CLOSED_DISCRETIONARY_EXIT
ACCEPTED,EURUSD,BUY,2016-03-29 02:30:00+00:00,1.11894,CLOSED_DISCRETIONARY_EXIT
ACCEPTED,GBPUSD,BUY,2016-03-29 02:30:00+00:00,1.42391,CLOSED_SL
ACCEPTED,GBPUSD,BUY,2016-03-29 07:00:00+00:00,1.42275,CLOSED_SL
ACCEPTED,EURUSD,BUY,2016-03-31 04:00:00+00:00,1.13138,CLOSED_DISCRETIONARY_EXIT
ACCEPTED,GBPUSD,BUY,2016-03-31 21:00:00+00:00,1.43642,CLOSED_DISCRETIONARY_EXIT
ACCEPTED,GBPUSD,BUY,2016-04-01 03:00:00+00:00,1.43492,CLOSED_DISCRETIONARY_EXIT
ACCEPTED,GBPUSD,SELL,2016-04-04 02:00:00+00:00,1.42394,CLOSED_DISCRETIONARY_EXIT
ACCEPTED,EURUSD,BUY,2016-04-04 04:30:00+00:00,1.13920,CLOSED_DISCRETIONARY_EXIT
ACCEPTED,EURUSD,BUY,2016-04-04 11:30:00+00:00,1.13618,CLOSED_DISCRETIONARY_EXIT
ACCEPTED,GBPUSD,SELL,2016-04-04 13:00:00+00:00,1.42687,CLOSED_SL
ACCEPTED,GBPUSD,SELL,2016-04-05 02:00:00+00:00,1.42758,CLOSED_DISCRETIONARY_EXIT
ACCEPTED,EURUSD,BUY,2016-04-05 08:30:00+00:00,1.13565,CLOSED_DISCRETIONARY_EXIT
ACCEPTED,EURUSD,BUY,2016-04-06 03:00:00+00:00,1.13721,CLOSED_DISCRETIONARY_EXIT
ACCEPTED,EURUSD,BUY,2016-04-06 07:30:00+00:00,1.13560,CLOSED_SL
ACCEPTED,EURUSD,BUY,2016-04-06 09:30:00+00:00,1.13460,CLOSED_DISCRETIONARY_EXIT
ACCEPTED,GBPUSD,SELL,2016-04-06 16:00:00+00:00,1.40860,CLOSED_SL
ACCEPTED,EURUSD,BUY,2016-04-06 21:00:00+00:00,1.14007,CLOSED_DISCRETIONARY_EXIT
ACCEPTED,GBPUSD,SELL,2016-04-07 01:00:00+00:00,1.41318,CLOSED_DISCRETIONARY_EXIT
ACCEPTED,GBPUSD,SELL,2016-04-07 06:30:00+00:00,1.41369,CLOSED_SL
ACCEPTED,GBPUSD,SELL,2016-04-08 02:30:00+00:00,1.40694,CLOSED_DISCRETIONARY_EXIT
ACCEPTED,GBPUSD,SELL,2016-04-08 06:00:00+00:00,1.40712,CLOSED_DISCRETIONARY_EXIT
ACCEPTED,GBPUSD,SELL,2016-04-11 01:00:00+00:00,1.41294,CLOSED_DISCRETIONARY_EXIT
ACCEPTED,EURUSD,BUY,2016-04-11 02:00:00+00:00,1.13965,CLOSED_DISCRETIONARY_EXIT
ACCEPTED,GBPUSD,BUY,2016-04-11 23:00:00+00:00,1.42328,CLOSED_DISCRETIONARY_EXIT
ACCEPTED,EURUSD,BUY,2016-04-12 13:30:00+00:00,1.13967,CLOSED_SL
ACCEPTED,GBPUSD,BUY,2016-04-12 13:30:00+00:00,1.42658,CLOSED_SL
ACCEPTED,GBPUSD,BUY,2016-04-12 15:30:00+00:00,1.42080,CLOSED_DISCRETIONARY_EXIT
ACCEPTED,GBPUSD,BUY,2016-04-13 06:30:00+00:00,1.42526,CLOSED_SL
ACCEPTED,GBPUSD,BUY,2016-04-13 08:00:00+00:00,1.42302,CLOSED_SL
ACCEPTED,GBPUSD,SELL,2016-04-15 11:30:00+00:00,1.42008,CLOSED_DISCRETIONARY_EXIT
ACCEPTED,GBPUSD,BUY,2016-04-15 21:00:00+00:00,1.41986,CLOSED_TIMEOUT_EXIT
ACCEPTED,EURUSD,SELL,2016-04-18 01:30:00+00:00,1.13060,CLOSED_DISCRETIONARY_EXIT
ACCEPTED,EURUSD,SELL,2016-04-18 08:30:00+00:00,1.13005,CLOSED_DISCRETIONARY_EXIT
ACCEPTED,EURUSD,BUY,2016-04-19 21:00:00+00:00,1.13635,CLOSED_DISCRETIONARY_EXIT
ACCEPTED,GBPUSD,BUY,2016-04-19 23:30:00+00:00,1.43892,CLOSED_DISCRETIONARY_EXIT
ACCEPTED,GBPUSD,BUY,2016-04-20 06:30:00+00:00,1.43593,CLOSED_DISCRETIONARY_EXIT
ACCEPTED,EURUSD,BUY,2016-04-20 15:00:00+00:00,1.13401,CLOSED_SL
ACCEPTED,GBPUSD,BUY,2016-04-20 20:30:00+00:00,1.43536,CLOSED_SL
ACCEPTED,GBPUSD,BUY,2016-04-21 02:00:00+00:00,1.43259,CLOSED_DISCRETIONARY_EXIT
ACCEPTED,EURUSD,SELL,2016-04-21 08:30:00+00:00,1.13052,CLOSED_DISCRETIONARY_EXIT
ACCEPTED,GBPUSD,BUY,2016-04-21 09:30:00+00:00,1.43157,CLOSED_DISCRETIONARY_EXIT
ACCEPTED,GBPUSD,BUY,2016-04-21 23:00:00+00:00,1.43184,CLOSED_DISCRETIONARY_EXIT
ACCEPTED,EURUSD,SELL,2016-04-22 02:30:00+00:00,1.13024,CLOSED_DISCRETIONARY_EXIT
ACCEPTED,EURUSD,SELL,2016-04-25 09:30:00+00:00,1.12557,CLOSED_DISCRETIONARY_EXIT
ACCEPTED,EURUSD,SELL,2016-04-25 16:00:00+00:00,1.12673,CLOSED_DISCRETIONARY_EXIT
ACCEPTED,EURUSD,SELL,2016-04-26 10:00:00+00:00,1.12926,CLOSED_DISCRETIONARY_EXIT
ACCEPTED,GBPUSD,BUY,2016-04-27 07:00:00+00:00,1.45606,CLOSED_DISCRETIONARY_EXIT
ACCEPTED,EURUSD,BUY,2016-04-28 02:00:00+00:00,1.13113,CLOSED_DISCRETIONARY_EXIT
ACCEPTED,GBPUSD,BUY,2016-04-28 12:00:00+00:00,1.45526,CLOSED_DISCRETIONARY_EXIT
ACCEPTED,EURUSD,BUY,2016-04-28 14:30:00+00:00,1.13280,CLOSED_DISCRETIONARY_EXIT
ACCEPTED,GBPUSD,BUY,2016-04-29 10:00:00+00:00,1.45830,CLOSED_DISCRETIONARY_EXIT
ACCEPTED,GBPUSD,BUY,2016-04-29 19:00:00+00:00,1.45930,CLOSED_DISCRETIONARY_EXIT
ACCEPTED,GBPUSD,BUY,2016-05-01 22:30:00+00:00,1.45890,CLOSED_DISCRETIONARY_EXIT
ACCEPTED,GBPUSD,BUY,2016-05-03 12:00:00+00:00,1.46726,CLOSED_SL
ACCEPTED,EURUSD,BUY,2016-05-03 13:00:00+00:00,1.15666,CLOSED_SL
ACCEPTED,GBPUSD,BUY,2016-05-03 15:00:00+00:00,1.46059,CLOSED_SL
ACCEPTED,EURUSD,BUY,2016-05-03 15:30:00+00:00,1.15288,CLOSED_SL
ACCEPTED,EURUSD,BUY,2016-05-03 22:00:00+00:00,1.14968,CLOSED_DISCRETIONARY_EXIT
ACCEPTED,EURUSD,BUY,2016-05-04 03:30:00+00:00,1.14859,CLOSED_DISCRETIONARY_EXIT
ACCEPTED,GBPUSD,SELL,2016-05-04 13:30:00+00:00,1.45304,CLOSED_DISCRETIONARY_EXIT
ACCEPTED,GBPUSD,SELL,2016-05-05 03:30:00+00:00,1.45194,CLOSED_DISCRETIONARY_EXIT
ACCEPTED,EURUSD,BUY,2016-05-05 09:00:00+00:00,1.14567,CLOSED_SL
ACCEPTED,GBPUSD,SELL,2016-05-06 00:30:00+00:00,1.44906,CLOSED_DISCRETIONARY_EXIT
ACCEPTED,EURUSD,SELL,2016-05-09 06:00:00+00:00,1.14118,CLOSED_DISCRETIONARY_EXIT
ACCEPTED,GBPUSD,SELL,2016-05-09 06:00:00+00:00,1.44396,CLOSED_DISCRETIONARY_EXIT
ACCEPTED,GBPUSD,SELL,2016-05-09 11:00:00+00:00,1.44757,CLOSED_DISCRETIONARY_EXIT
ACCEPTED,EURUSD,SELL,2016-05-10 08:30:00+00:00,1.13964,CLOSED_DISCRETIONARY_EXIT
ACCEPTED,GBPUSD,SELL,2016-05-10 08:30:00+00:00,1.44373,CLOSED_SL
ACCEPTED,GBPUSD,SELL,2016-05-11 00:30:00+00:00,1.44492,CLOSED_SL
ACCEPTED,GBPUSD,SELL,2016-05-11 07:00:00+00:00,1.44536,CLOSED_SL
ACCEPTED,EURUSD,SELL,2016-05-11 08:00:00+00:00,1.13921,CLOSED_DISCRETIONARY_EXIT
ACCEPTED,EURUSD,SELL,2016-05-11 13:30:00+00:00,1.14129,CLOSED_SL
ACCEPTED,GBPUSD,SELL,2016-05-12 02:30:00+00:00,1.44481,CLOSED_DISCRETIONARY_EXIT
ACCEPTED,GBPUSD,SELL,2016-05-12 11:00:00+00:00,1.44570,CLOSED_SL
ACCEPTED,EURUSD,SELL,2016-05-13 00:00:00+00:00,1.13785,CLOSED_DISCRETIONARY_EXIT
ACCEPTED,GBPUSD,SELL,2016-05-13 05:30:00+00:00,1.44458,CLOSED_DISCRETIONARY_EXIT
ACCEPTED,EURUSD,SELL,2016-05-13 20:00:00+00:00,1.13056,CLOSED_DISCRETIONARY_EXIT
ACCEPTED,EURUSD,SELL,2016-05-16 08:30:00+00:00,1.13190,CLOSED_SL
ACCEPTED,EURUSD,SELL,2016-05-16 14:00:00+00:00,1.13363,CLOSED_DISCRETIONARY_EXIT
ACCEPTED,EURUSD,SELL,2016-05-17 08:00:00+00:00,1.13285,CLOSED_SL
ACCEPTED,GBPUSD,BUY,2016-05-17 15:00:00+00:00,1.44567,CLOSED_DISCRETIONARY_EXIT
ACCEPTED,GBPUSD,BUY,2016-05-18 02:00:00+00:00,1.44468,CLOSED_DISCRETIONARY_EXIT
ACCEPTED,GBPUSD,BUY,2016-05-19 01:30:00+00:00,1.45901,CLOSED_SL
ACCEPTED,GBPUSD,BUY,2016-05-19 14:00:00+00:00,1.45842,CLOSED_DISCRETIONARY_EXIT
ACCEPTED,GBPUSD,BUY,2016-05-19 21:00:00+00:00,1.45933,CLOSED_DISCRETIONARY_EXIT
ACCEPTED,GBPUSD,BUY,2016-05-20 01:30:00+00:00,1.45960,CLOSED_DISCRETIONARY_EXIT
ACCEPTED,GBPUSD,BUY,2016-05-20 09:30:00+00:00,1.45615,CLOSED_DISCRETIONARY_EXIT
ACCEPTED,EURUSD,SELL,2016-05-20 14:30:00+00:00,1.12341,CLOSED_DISCRETIONARY_EXIT
ACCEPTED,GBPUSD,BUY,2016-05-20 15:00:00+00:00,1.45393,CLOSED_SL
ACCEPTED,EURUSD,SELL,2016-05-20 19:00:00+00:00,1.12215,CLOSED_DISCRETIONARY_EXIT
ACCEPTED,GBPUSD,BUY,2016-05-20 20:30:00+00:00,1.44893,CLOSED_TIMEOUT_EXIT
ACCEPTED,EURUSD,SELL,2016-05-23 01:30:00+00:00,1.12301,CLOSED_DISCRETIONARY_EXIT
ACCEPTED,GBPUSD,BUY,2016-05-25 01:00:00+00:00,1.46137,CLOSED_DISCRETIONARY_EXIT
ACCEPTED,EURUSD,SELL,2016-05-25 04:30:00+00:00,1.11533,CLOSED_DISCRETIONARY_EXIT
ACCEPTED,GBPUSD,BUY,2016-05-25 22:00:00+00:00,1.46937,CLOSED_DISCRETIONARY_EXIT
ACCEPTED,EURUSD,SELL,2016-05-26 02:30:00+00:00,1.11721,CLOSED_SL
ACCEPTED,GBPUSD,BUY,2016-05-26 10:00:00+00:00,1.46904,CLOSED_DISCRETIONARY_EXIT
ACCEPTED,EURUSD,SELL,2016-05-26 11:00:00+00:00,1.11832,CLOSED_DISCRETIONARY_EXIT
ACCEPTED,GBPUSD,BUY,2016-05-26 17:30:00+00:00,1.46432,CLOSED_DISCRETIONARY_EXIT
ACCEPTED,GBPUSD,BUY,2016-05-27 08:30:00+00:00,1.46521,CLOSED_SL
ACCEPTED,EURUSD,SELL,2016-05-30 08:00:00+00:00,1.11195,CLOSED_SL
ACCEPTED,EURUSD,SELL,2016-05-30 09:30:00+00:00,1.11332,CLOSED_DISCRETIONARY_EXIT
ACCEPTED,EURUSD,SELL,2016-05-31 01:00:00+00:00,1.11473,CLOSED_SL
ACCEPTED,EURUSD,SELL,2016-05-31 05:00:00+00:00,1.11504,CLOSED_DISCRETIONARY_EXIT
ACCEPTED,EURUSD,SELL,2016-06-01 09:00:00+00:00,1.11526,CLOSED_SL
ACCEPTED,GBPUSD,SELL,2016-06-02 01:00:00+00:00,1.44188,CLOSED_DISCRETIONARY_EXIT
ACCEPTED,GBPUSD,SELL,2016-06-02 06:00:00+00:00,1.44409,CLOSED_DISCRETIONARY_EXIT
ACCEPTED,EURUSD,BUY,2016-06-02 07:00:00+00:00,1.12001,CLOSED_DISCRETIONARY_EXIT
ACCEPTED,EURUSD,BUY,2016-06-02 13:00:00+00:00,1.11873,CLOSED_SL
ACCEPTED,EURUSD,SELL,2016-06-03 05:00:00+00:00,1.11562,CLOSED_DISCRETIONARY_EXIT
ACCEPTED,GBPUSD,SELL,2016-06-03 08:30:00+00:00,1.44255,CLOSED_SL
ACCEPTED,EURUSD,SELL,2016-06-03 13:30:00+00:00,1.11552,CLOSED_SL
ACCEPTED,EURUSD,BUY,2016-06-06 00:30:00+00:00,1.13497,CLOSED_DISCRETIONARY_EXIT
ACCEPTED,GBPUSD,SELL,2016-06-06 09:30:00+00:00,1.44349,CLOSED_DISCRETIONARY_EXIT
ACCEPTED,EURUSD,BUY,2016-06-06 12:00:00+00:00,1.13353,CLOSED_DISCRETIONARY_EXIT
ACCEPTED,GBPUSD,SELL,2016-06-06 15:30:00+00:00,1.44498,CLOSED_DISCRETIONARY_EXIT
ACCEPTED,GBPUSD,SELL,2016-06-07 05:00:00+00:00,1.44762,CLOSED_SL
ACCEPTED,EURUSD,BUY,2016-06-07 12:30:00+00:00,1.13496,CLOSED_DISCRETIONARY_EXIT
ACCEPTED,GBPUSD,BUY,2016-06-07 14:00:00+00:00,1.45599,CLOSED_DISCRETIONARY_EXIT
ACCEPTED,GBPUSD,BUY,2016-06-08 09:00:00+00:00,1.45212,CLOSED_DISCRETIONARY_EXIT
ACCEPTED,EURUSD,BUY,2016-06-09 07:30:00+00:00,1.13940,CLOSED_SL
ACCEPTED,EURUSD,BUY,2016-06-09 09:30:00+00:00,1.13620,CLOSED_SL
ACCEPTED,EURUSD,BUY,2016-06-09 12:00:00+00:00,1.13433,CLOSED_DISCRETIONARY_EXIT
ACCEPTED,EURUSD,BUY,2016-06-09 15:30:00+00:00,1.13070,CLOSED_DISCRETIONARY_EXIT
ACCEPTED,EURUSD,BUY,2016-06-10 01:30:00+00:00,1.12984,CLOSED_DISCRETIONARY_EXIT
ACCEPTED,GBPUSD,SELL,2016-06-10 07:30:00+00:00,1.44614,CLOSED_DISCRETIONARY_EXIT
ACCEPTED,GBPUSD,SELL,2016-06-13 15:00:00+00:00,1.42680,CLOSED_SL
ACCEPTED,GBPUSD,SELL,2016-06-15 04:30:00+00:00,1.41401,CLOSED_SL
ACCEPTED,GBPUSD,SELL,2016-06-15 07:30:00+00:00,1.41700,CLOSED_SL
ACCEPTED,GBPUSD,SELL,2016-06-15 10:00:00+00:00,1.41903,CLOSED_DISCRETIONARY_EXIT
ACCEPTED,EURUSD,SELL,2016-06-16 17:30:00+00:00,1.11936,CLOSED_SL
ACCEPTED,GBPUSD,SELL,2016-06-16 18:30:00+00:00,1.42038,CLOSED_DISCRETIONARY_EXIT
ACCEPTED,GBPUSD,BUY,2016-06-20 07:00:00+00:00,1.45558,CLOSED_DISCRETIONARY_EXIT
ACCEPTED,EURUSD,BUY,2016-06-20 16:30:00+00:00,1.13201,CLOSED_DISCRETIONARY_EXIT
ACCEPTED,GBPUSD,BUY,2016-06-21 02:00:00+00:00,1.46504,CLOSED_DISCRETIONARY_EXIT
ACCEPTED,EURUSD,BUY,2016-06-21 13:00:00+00:00,1.13118,CLOSED_SL
ACCEPTED,GBPUSD,BUY,2016-06-21 21:00:00+00:00,1.46288,CLOSED_DISCRETIONARY_EXIT
ACCEPTED,EURUSD,SELL,2016-06-22 04:00:00+00:00,1.12641,CLOSED_DISCRETIONARY_EXIT
ACCEPTED,GBPUSD,BUY,2016-06-22 06:30:00+00:00,1.46728,CLOSED_DISCRETIONARY_EXIT
ACCEPTED,GBPUSD,BUY,2016-06-23 07:30:00+00:00,1.47638,CLOSED_DISCRETIONARY_EXIT
ACCEPTED,EURUSD,BUY,2016-06-23 09:00:00+00:00,1.13201,CLOSED_DISCRETIONARY_EXIT
ACCEPTED,EURUSD,BUY,2016-06-23 15:30:00+00:00,1.13702,CLOSED_SL
ACCEPTED,GBPUSD,BUY,2016-06-23 15:30:00+00:00,1.47663,CLOSED_DISCRETIONARY_EXIT
ACCEPTED,GBPUSD,BUY,2016-06-24 00:30:00+00:00,1.45869,CLOSED_DISCRETIONARY_EXIT
ACCEPTED,EURUSD,BUY,2016-06-24 01:30:00+00:00,1.13137,CLOSED_SL
ACCEPTED,EURUSD,SELL,2016-06-24 09:00:00+00:00,1.11569,CLOSED_DISCRETIONARY_EXIT
ACCEPTED,EURUSD,SELL,2016-06-24 18:00:00+00:00,1.11651,CLOSED_DISCRETIONARY_EXIT
ACCEPTED,GBPUSD,SELL,2016-06-27 07:30:00+00:00,1.34466,CLOSED_DISCRETIONARY_EXIT
ACCEPTED,GBPUSD,SELL,2016-06-28 03:00:00+00:00,1.32985,CLOSED_DISCRETIONARY_EXIT
ACCEPTED,EURUSD,SELL,2016-06-28 03:30:00+00:00,1.10462,CLOSED_DISCRETIONARY_EXIT
ACCEPTED,EURUSD,SELL,2016-06-28 21:00:00+00:00,1.10779,CLOSED_DISCRETIONARY_EXIT
ACCEPTED,GBPUSD,SELL,2016-06-29 06:30:00+00:00,1.33391,CLOSED_SL
ACCEPTED,EURUSD,SELL,2016-06-29 08:30:00+00:00,1.11003,CLOSED_DISCRETIONARY_EXIT
ACCEPTED,GBPUSD,SELL,2016-06-29 12:30:00+00:00,1.34394,CLOSED_SL
ACCEPTED,EURUSD,SELL,2016-06-30 11:00:00+00:00,1.11264,CLOSED_SL
ACCEPTED,GBPUSD,SELL,2016-06-30 21:00:00+00:00,1.33123,CLOSED_DISCRETIONARY_EXIT
ACCEPTED,EURUSD,SELL,2016-06-30 21:30:00+00:00,1.11022,CLOSED_DISCRETIONARY_EXIT
ACCEPTED,GBPUSD,SELL,2016-07-01 00:30:00+00:00,1.33392,CLOSED_DISCRETIONARY_EXIT
ACCEPTED,EURUSD,SELL,2016-07-01 09:00:00+00:00,1.11068,CLOSED_DISCRETIONARY_EXIT
ACCEPTED,EURUSD,SELL,2016-07-01 12:00:00+00:00,1.11231,CLOSED_SL
ACCEPTED,GBPUSD,SELL,2016-07-04 00:30:00+00:00,1.32887,CLOSED_DISCRETIONARY_EXIT
ACCEPTED,EURUSD,SELL,2016-07-04 03:30:00+00:00,1.11410,CLOSED_DISCRETIONARY_EXIT
ACCEPTED,GBPUSD,SELL,2016-07-04 16:30:00+00:00,1.33253,CLOSED_DISCRETIONARY_EXIT
ACCEPTED,EURUSD,BUY,2016-07-04 23:30:00+00:00,1.11482,CLOSED_SL
ACCEPTED,EURUSD,SELL,2016-07-05 08:30:00+00:00,1.11624,CLOSED_SL
ACCEPTED,EURUSD,SELL,2016-07-06 08:00:00+00:00,1.10648,CLOSED_DISCRETIONARY_EXIT
ACCEPTED,GBPUSD,SELL,2016-07-06 08:30:00+00:00,1.29854,CLOSED_DISCRETIONARY_EXIT
ACCEPTED,EURUSD,SELL,2016-07-06 19:30:00+00:00,1.10993,CLOSED_DISCRETIONARY_EXIT
ACCEPTED,GBPUSD,SELL,2016-07-07 03:30:00+00:00,1.29425,CLOSED_SL
ACCEPTED,EURUSD,SELL,2016-07-07 05:00:00+00:00,1.10962,CLOSED_DISCRETIONARY_EXIT
ACCEPTED,GBPUSD,SELL,2016-07-07 05:30:00+00:00,1.29848,CLOSED_DISCRETIONARY_EXIT
ACCEPTED,GBPUSD,SELL,2016-07-07 11:30:00+00:00,1.30144,CLOSED_DISCRETIONARY_EXIT
ACCEPTED,EURUSD,SELL,2016-07-08 02:30:00+00:00,1.10747,CLOSED_DISCRETIONARY_EXIT
ACCEPTED,GBPUSD,SELL,2016-07-08 11:30:00+00:00,1.29621,CLOSED_SL
ACCEPTED,EURUSD,SELL,2016-07-11 12:00:00+00:00,1.10474,CLOSED_SL
ACCEPTED,EURUSD,SELL,2016-07-11 19:30:00+00:00,1.10585,CLOSED_DISCRETIONARY_EXIT
ACCEPTED,GBPUSD,SELL,2016-07-12 03:00:00+00:00,1.30691,CLOSED_DISCRETIONARY_EXIT
ACCEPTED,GBPUSD,SELL,2016-07-12 08:00:00+00:00,1.30886,CLOSED_SL
ACCEPTED,GBPUSD,BUY,2016-07-13 09:00:00+00:00,1.32445,CLOSED_DISCRETIONARY_EXIT
ACCEPTED,EURUSD,SELL,2016-07-13 11:00:00+00:00,1.10779,CLOSED_DISCRETIONARY_EXIT
ACCEPTED,EURUSD,BUY,2016-07-13 21:00:00+00:00,1.10947,CLOSED_DISCRETIONARY_EXIT
ACCEPTED,GBPUSD,SELL,2016-07-14 03:00:00+00:00,1.31549,CLOSED_SL
ACCEPTED,GBPUSD,BUY,2016-07-15 14:30:00+00:00,1.33066,CLOSED_SL
ACCEPTED,EURUSD,SELL,2016-07-18 02:30:00+00:00,1.10683,CLOSED_DISCRETIONARY_EXIT
ACCEPTED,GBPUSD,BUY,2016-07-19 02:30:00+00:00,1.32374,CLOSED_SL
ACCEPTED,EURUSD,SELL,2016-07-19 03:30:00+00:00,1.10783,CLOSED_DISCRETIONARY_EXIT
ACCEPTED,GBPUSD,SELL,2016-07-20 10:00:00+00:00,1.31502,CLOSED_SL
ACCEPTED,EURUSD,SELL,2016-07-20 12:30:00+00:00,1.10150,CLOSED_DISCRETIONARY_EXIT
ACCEPTED,GBPUSD,SELL,2016-07-20 18:00:00+00:00,1.31862,CLOSED_DISCRETIONARY_EXIT
ACCEPTED,EURUSD,SELL,2016-07-20 21:00:00+00:00,1.10178,CLOSED_DISCRETIONARY_EXIT
ACCEPTED,EURUSD,SELL,2016-07-21 05:00:00+00:00,1.10362,CLOSED_DISCRETIONARY_EXIT
ACCEPTED,EURUSD,SELL,2016-07-21 14:00:00+00:00,1.10436,CLOSED_DISCRETIONARY_EXIT
ACCEPTED,EURUSD,SELL,2016-07-21 22:00:00+00:00,1.10240,CLOSED_DISCRETIONARY_EXIT
ACCEPTED,GBPUSD,SELL,2016-07-25 00:00:00+00:00,1.31423,CLOSED_DISCRETIONARY_EXIT
ACCEPTED,EURUSD,SELL,2016-07-25 06:00:00+00:00,1.09753,CLOSED_DISCRETIONARY_EXIT
ACCEPTED,EURUSD,SELL,2016-07-25 10:30:00+00:00,1.09877,CLOSED_DISCRETIONARY_EXIT
ACCEPTED,EURUSD,SELL,2016-07-26 06:00:00+00:00,1.10047,CLOSED_SL
ACCEPTED,EURUSD,SELL,2016-07-27 06:00:00+00:00,1.09999,CLOSED_DISCRETIONARY_EXIT
ACCEPTED,GBPUSD,SELL,2016-07-27 14:30:00+00:00,1.31261,CLOSED_DISCRETIONARY_EXIT
ACCEPTED,GBPUSD,BUY,2016-07-28 06:00:00+00:00,1.31757,CLOSED_DISCRETIONARY_EXIT
ACCEPTED,EURUSD,BUY,2016-07-28 12:00:00+00:00,1.10844,CLOSED_DISCRETIONARY_EXIT
ACCEPTED,EURUSD,BUY,2016-08-03 01:00:00+00:00,1.12187,CLOSED_SL
ACCEPTED,GBPUSD,BUY,2016-08-03 02:00:00+00:00,1.33290,CLOSED_DISCRETIONARY_EXIT
ACCEPTED,EURUSD,BUY,2016-08-03 07:30:00+00:00,1.12046,CLOSED_DISCRETIONARY_EXIT
ACCEPTED,EURUSD,BUY,2016-08-03 11:00:00+00:00,1.11925,CLOSED_DISCRETIONARY_EXIT
ACCEPTED,EURUSD,BUY,2016-08-03 14:30:00+00:00,1.11769,CLOSED_SL
ACCEPTED,GBPUSD,BUY,2016-08-03 15:30:00+00:00,1.32982,CLOSED_DISCRETIONARY_EXIT
ACCEPTED,EURUSD,BUY,2016-08-03 19:00:00+00:00,1.11450,CLOSED_DISCRETIONARY_EXIT
ACCEPTED,GBPUSD,BUY,2016-08-03 21:30:00+00:00,1.33132,CLOSED_DISCRETIONARY_EXIT
ACCEPTED,GBPUSD,BUY,2016-08-04 07:00:00+00:00,1.33091,CLOSED_SL
ACCEPTED,EURUSD,BUY,2016-08-04 11:00:00+00:00,1.11276,CLOSED_DISCRETIONARY_EXIT
ACCEPTED,GBPUSD,SELL,2016-08-04 21:00:00+00:00,1.31298,CLOSED_DISCRETIONARY_EXIT
ACCEPTED,EURUSD,SELL,2016-08-05 18:30:00+00:00,1.10983,CLOSED_DISCRETIONARY_EXIT
ACCEPTED,EURUSD,SELL,2016-08-08 04:30:00+00:00,1.11007,CLOSED_DISCRETIONARY_EXIT
ACCEPTED,EURUSD,SELL,2016-08-08 19:30:00+00:00,1.10828,CLOSED_DISCRETIONARY_EXIT
ACCEPTED,EURUSD,SELL,2016-08-09 01:30:00+00:00,1.10885,CLOSED_DISCRETIONARY_EXIT
ACCEPTED,EURUSD,SELL,2016-08-09 10:00:00+00:00,1.10940,CLOSED_DISCRETIONARY_EXIT
ACCEPTED,EURUSD,SELL,2016-08-09 15:00:00+00:00,1.11011,CLOSED_SL
ACCEPTED,GBPUSD,SELL,2016-08-10 01:30:00+00:00,1.30681,CLOSED_DISCRETIONARY_EXIT
ACCEPTED,GBPUSD,SELL,2016-08-10 12:30:00+00:00,1.30800,CLOSED_DISCRETIONARY_EXIT
ACCEPTED,EURUSD,BUY,2016-08-11 05:00:00+00:00,1.11696,CLOSED_DISCRETIONARY_EXIT
ACCEPTED,EURUSD,BUY,2016-08-11 18:30:00+00:00,1.11467,CLOSED_DISCRETIONARY_EXIT
ACCEPTED,GBPUSD,SELL,2016-08-12 02:30:00+00:00,1.29676,CLOSED_DISCRETIONARY_EXIT
ACCEPTED,GBPUSD,SELL,2016-08-12 14:00:00+00:00,1.30116,CLOSED_DISCRETIONARY_EXIT
ACCEPTED,GBPUSD,SELL,2016-08-15 02:30:00+00:00,1.29288,CLOSED_DISCRETIONARY_EXIT
ACCEPTED,GBPUSD,SELL,2016-08-15 19:00:00+00:00,1.28812,CLOSED_DISCRETIONARY_EXIT
ACCEPTED,GBPUSD,SELL,2016-08-16 00:00:00+00:00,1.28882,CLOSED_DISCRETIONARY_EXIT
ACCEPTED,GBPUSD,SELL,2016-08-16 05:00:00+00:00,1.29048,CLOSED_SL
ACCEPTED,GBPUSD,SELL,2016-08-16 10:00:00+00:00,1.29639,CLOSED_SL
ACCEPTED,EURUSD,BUY,2016-08-16 14:30:00+00:00,1.12529,CLOSED_DISCRETIONARY_EXIT
ACCEPTED,EURUSD,BUY,2016-08-16 23:00:00+00:00,1.12757,CLOSED_DISCRETIONARY_EXIT
ACCEPTED,GBPUSD,BUY,2016-08-17 00:30:00+00:00,1.30304,CLOSED_DISCRETIONARY_EXIT
ACCEPTED,EURUSD,BUY,2016-08-17 06:30:00+00:00,1.12586,CLOSED_DISCRETIONARY_EXIT
ACCEPTED,GBPUSD,BUY,2016-08-19 02:30:00+00:00,1.31430,CLOSED_DISCRETIONARY_EXIT
ACCEPTED,EURUSD,BUY,2016-08-19 04:00:00+00:00,1.13317,CLOSED_DISCRETIONARY_EXIT
ACCEPTED,GBPUSD,BUY,2016-08-19 13:30:00+00:00,1.30620,CLOSED_SL
ACCEPTED,EURUSD,BUY,2016-08-21 22:30:00+00:00,1.13141,CLOSED_SL
ACCEPTED,EURUSD,BUY,2016-08-22 01:00:00+00:00,1.12986,CLOSED_SL
ACCEPTED,GBPUSD,BUY,2016-08-22 01:30:00+00:00,1.30520,CLOSED_DISCRETIONARY_EXIT
ACCEPTED,EURUSD,BUY,2016-08-22 05:00:00+00:00,1.12777,CLOSED_DISCRETIONARY_EXIT
ACCEPTED,EURUSD,BUY,2016-08-23 17:00:00+00:00,1.13080,CLOSED_DISCRETIONARY_EXIT
ACCEPTED,EURUSD,BUY,2016-08-24 02:00:00+00:00,1.12995,CLOSED_SL
ACCEPTED,EURUSD,BUY,2016-08-24 07:00:00+00:00,1.12899,CLOSED_DISCRETIONARY_EXIT
ACCEPTED,EURUSD,BUY,2016-08-24 12:30:00+00:00,1.12768,CLOSED_SL
ACCEPTED,EURUSD,BUY,2016-08-25 16:00:00+00:00,1.12802,CLOSED_DISCRETIONARY_EXIT
ACCEPTED,EURUSD,BUY,2016-08-26 06:00:00+00:00,1.12891,CLOSED_DISCRETIONARY_EXIT
ACCEPTED,GBPUSD,BUY,2016-08-26 11:30:00+00:00,1.31929,CLOSED_DISCRETIONARY_EXIT
ACCEPTED,GBPUSD,BUY,2016-08-26 19:30:00+00:00,1.31395,CLOSED_DISCRETIONARY_EXIT
ACCEPTED,EURUSD,SELL,2016-08-29 06:30:00+00:00,1.12067,CLOSED_DISCRETIONARY_EXIT
ACCEPTED,GBPUSD,SELL,2016-08-29 19:00:00+00:00,1.31082,CLOSED_DISCRETIONARY_EXIT
ACCEPTED,GBPUSD,SELL,2016-08-30 12:30:00+00:00,1.30988,CLOSED_SL
ACCEPTED,EURUSD,SELL,2016-08-31 00:30:00+00:00,1.11489,CLOSED_DISCRETIONARY_EXIT
ACCEPTED,GBPUSD,SELL,2016-08-31 01:00:00+00:00,1.30899,CLOSED_DISCRETIONARY_EXIT
ACCEPTED,GBPUSD,SELL,2016-08-31 04:00:00+00:00,1.31118,CLOSED_DISCRETIONARY_EXIT
ACCEPTED,EURUSD,SELL,2016-08-31 04:00:00+00:00,1.11595,CLOSED_DISCRETIONARY_EXIT
ACCEPTED,GBPUSD,BUY,2016-08-31 13:30:00+00:00,1.31123,CLOSED_SL
ACCEPTED,EURUSD,SELL,2016-09-01 15:30:00+00:00,1.11841,CLOSED_SL
ACCEPTED,EURUSD,SELL,2016-09-05 01:30:00+00:00,1.11647,CLOSED_DISCRETIONARY_EXIT
ACCEPTED,EURUSD,SELL,2016-09-05 06:00:00+00:00,1.11743,CLOSED_DISCRETIONARY_EXIT
ACCEPTED,GBPUSD,BUY,2016-09-05 08:30:00+00:00,1.33037,CLOSED_DISCRETIONARY_EXIT
ACCEPTED,GBPUSD,BUY,2016-09-05 15:30:00+00:00,1.33023,CLOSED_DISCRETIONARY_EXIT
ACCEPTED,GBPUSD,BUY,2016-09-05 20:30:00+00:00,1.32998,CLOSED_DISCRETIONARY_EXIT
ACCEPTED,EURUSD,SELL,2016-09-06 08:30:00+00:00,1.11639,CLOSED_DISCRETIONARY_EXIT
ACCEPTED,EURUSD,SELL,2016-09-06 15:30:00+00:00,1.12300,CLOSED_SL
ACCEPTED,GBPUSD,BUY,2016-09-07 01:00:00+00:00,1.34152,CLOSED_DISCRETIONARY_EXIT
ACCEPTED,EURUSD,BUY,2016-09-07 02:30:00+00:00,1.12364,CLOSED_DISCRETIONARY_EXIT
ACCEPTED,GBPUSD,BUY,2016-09-07 09:30:00+00:00,1.33998,CLOSED_SL
ACCEPTED,EURUSD,BUY,2016-09-07 09:00:00+00:00,1.12422,CLOSED_DISCRETIONARY_EXIT
ACCEPTED,GBPUSD,BUY,2016-09-08 14:00:00+00:00,1.33335,CLOSED_SL
ACCEPTED,EURUSD,BUY,2016-09-08 17:00:00+00:00,1.12575,CLOSED_DISCRETIONARY_EXIT
ACCEPTED,GBPUSD,BUY,2016-09-09 08:30:00+00:00,1.33030,CLOSED_DISCRETIONARY_EXIT
ACCEPTED,GBPUSD,BUY,2016-09-09 14:30:00+00:00,1.32913,CLOSED_SL
ACCEPTED,EURUSD,BUY,2016-09-09 14:30:00+00:00,1.12222,CLOSED_SL
ACCEPTED,EURUSD,BUY,2016-09-12 10:30:00+00:00,1.12319,CLOSED_SL
ACCEPTED,GBPUSD,BUY,2016-09-13 02:00:00+00:00,1.33253,CLOSED_DISCRETIONARY_EXIT
ACCEPTED,GBPUSD,SELL,2016-09-14 05:00:00+00:00,1.31957,CLOSED_SL
ACCEPTED,EURUSD,SELL,2016-09-14 04:30:00+00:00,1.12209,CLOSED_SL
ACCEPTED,GBPUSD,SELL,2016-09-14 08:00:00+00:00,1.32253,CLOSED_DISCRETIONARY_EXIT
ACCEPTED,GBPUSD,SELL,2016-09-14 23:30:00+00:00,1.32583,CLOSED_DISCRETIONARY_EXIT
ACCEPTED,GBPUSD,SELL,2016-09-15 20:00:00+00:00,1.32385,CLOSED_DISCRETIONARY_EXIT
ACCEPTED,EURUSD,BUY,2016-09-16 08:00:00+00:00,1.12338,CLOSED_SL
ACCEPTED,EURUSD,SELL,2016-09-19 03:30:00+00:00,1.11655,CLOSED_DISCRETIONARY_EXIT
ACCEPTED,GBPUSD,SELL,2016-09-19 02:30:00+00:00,1.30330,CLOSED_DISCRETIONARY_EXIT
ACCEPTED,EURUSD,SELL,2016-09-19 14:30:00+00:00,1.11767,CLOSED_SL
ACCEPTED,GBPUSD,SELL,2016-09-19 14:30:00+00:00,1.30774,CLOSED_DISCRETIONARY_EXIT
ACCEPTED,EURUSD,SELL,2016-09-20 08:00:00+00:00,1.12004,CLOSED_SL
ACCEPTED,GBPUSD,SELL,2016-09-21 08:30:00+00:00,1.29831,CLOSED_DISCRETIONARY_EXIT
ACCEPTED,GBPUSD,SELL,2016-09-21 20:00:00+00:00,1.30012,CLOSED_SL
ACCEPTED,EURUSD,SELL,2016-09-21 20:00:00+00:00,1.11779,CLOSED_DISCRETIONARY_EXIT
ACCEPTED,GBPUSD,SELL,2016-09-22 05:30:00+00:00,1.30542,CLOSED_DISCRETIONARY_EXIT
ACCEPTED,EURUSD,BUY,2016-09-22 17:30:00+00:00,1.12245,CLOSED_SL
ACCEPTED,EURUSD,BUY,2016-09-22 19:30:00+00:00,1.12061,CLOSED_DISCRETIONARY_EXIT
ACCEPTED,GBPUSD,SELL,2016-09-23 00:00:00+00:00,1.30782,CLOSED_DISCRETIONARY_EXIT
ACCEPTED,EURUSD,BUY,2016-09-23 01:30:00+00:00,1.12040,CLOSED_DISCRETIONARY_EXIT
ACCEPTED,GBPUSD,SELL,2016-09-26 00:30:00+00:00,1.29795,CLOSED_DISCRETIONARY_EXIT
ACCEPTED,GBPUSD,SELL,2016-09-27 07:30:00+00:00,1.30008,CLOSED_DISCRETIONARY_EXIT
ACCEPTED,GBPUSD,SELL,2016-09-27 13:00:00+00:00,1.29884,CLOSED_DISCRETIONARY_EXIT
ACCEPTED,EURUSD,BUY,2016-09-27 13:30:00+00:00,1.12103,CLOSED_DISCRETIONARY_EXIT
ACCEPTED,GBPUSD,SELL,2016-09-27 18:00:00+00:00,1.30201,CLOSED_DISCRETIONARY_EXIT
ACCEPTED,GBPUSD,SELL,2016-09-28 07:30:00+00:00,1.30175,CLOSED_SL
ACCEPTED,GBPUSD,SELL,2016-09-29 00:30:00+00:00,1.30422,CLOSED_DISCRETIONARY_EXIT
ACCEPTED,EURUSD,BUY,2016-09-29 07:30:00+00:00,1.12198,CLOSED_DISCRETIONARY_EXIT
ACCEPTED,GBPUSD,SELL,2016-09-30 05:00:00+00:00,1.29715,CLOSED_DISCRETIONARY_EXIT
ACCEPTED,EURUSD,BUY,2016-10-03 07:00:00+00:00,1.12291,CLOSED_DISCRETIONARY_EXIT
ACCEPTED,EURUSD,BUY,2016-10-03 14:30:00+00:00,1.12276,CLOSED_SL
ACCEPTED,GBPUSD,SELL,2016-10-03 18:30:00+00:00,1.28605,CLOSED_DISCRETIONARY_EXIT
ACCEPTED,GBPUSD,SELL,2016-10-04 01:00:00+00:00,1.28586,CLOSED_DISCRETIONARY_EXIT
ACCEPTED,EURUSD,SELL,2016-10-05 01:30:00+00:00,1.12100,CLOSED_DISCRETIONARY_EXIT
ACCEPTED,GBPUSD,SELL,2016-10-06 00:30:00+00:00,1.27545,CLOSED_DISCRETIONARY_EXIT
ACCEPTED,GBPUSD,SELL,2016-10-07 06:30:00+00:00,1.24678,CLOSED_DISCRETIONARY_EXIT
ACCEPTED,EURUSD,SELL,2016-10-07 12:00:00+00:00,1.11407,CLOSED_SL
ACCEPTED,EURUSD,SELL,2016-10-07 14:30:00+00:00,1.11935,CLOSED_DISCRETIONARY_EXIT
ACCEPTED,EURUSD,SELL,2016-10-07 20:00:00+00:00,1.11803,CLOSED_TIMEOUT_EXIT
ACCEPTED,GBPUSD,SELL,2016-10-10 02:00:00+00:00,1.24384,CLOSED_DISCRETIONARY_EXIT
ACCEPTED,EURUSD,SELL,2016-10-11 00:30:00+00:00,1.11412,CLOSED_DISCRETIONARY_EXIT
ACCEPTED,GBPUSD,SELL,2016-10-12 00:00:00+00:00,1.22402,CLOSED_SL
ACCEPTED,EURUSD,SELL,2016-10-12 00:30:00+00:00,1.10614,CLOSED_DISCRETIONARY_EXIT
ACCEPTED,GBPUSD,SELL,2016-10-12 04:00:00+00:00,1.23152,CLOSED_DISCRETIONARY_EXIT
ACCEPTED,EURUSD,SELL,2016-10-13 04:00:00+00:00,1.10328,CLOSED_DISCRETIONARY_EXIT
ACCEPTED,GBPUSD,SELL,2016-10-13 18:00:00+00:00,1.22481,CLOSED_DISCRETIONARY_EXIT
ACCEPTED,EURUSD,SELL,2016-10-13 19:00:00+00:00,1.10537,CLOSED_DISCRETIONARY_EXIT
ACCEPTED,GBPUSD,SELL,2016-10-14 13:00:00+00:00,1.22506,CLOSED_DISCRETIONARY_EXIT
ACCEPTED,EURUSD,SELL,2016-10-17 04:00:00+00:00,1.09776,CLOSED_SL
ACCEPTED,EURUSD,SELL,2016-10-17 14:00:00+00:00,1.10045,CLOSED_DISCRETIONARY_EXIT
ACCEPTED,GBPUSD,SELL,2016-10-18 01:00:00+00:00,1.22180,CLOSED_SL
ACCEPTED,EURUSD,SELL,2016-10-18 01:00:00+00:00,1.10108,CLOSED_SL
ACCEPTED,GBPUSD,SELL,2016-10-18 08:00:00+00:00,1.22370,CLOSED_SL
ACCEPTED,GBPUSD,SELL,2016-10-19 01:30:00+00:00,1.23057,CLOSED_DISCRETIONARY_EXIT
ACCEPTED,EURUSD,SELL,2016-10-19 03:00:00+00:00,1.09954,CLOSED_DISCRETIONARY_EXIT
ACCEPTED,GBPUSD,SELL,2016-10-19 09:30:00+00:00,1.23076,CLOSED_SL
ACCEPTED,EURUSD,SELL,2016-10-19 09:30:00+00:00,1.09972,CLOSED_DISCRETIONARY_EXIT
ACCEPTED,EURUSD,SELL,2016-10-19 22:30:00+00:00,1.09743,CLOSED_DISCRETIONARY_EXIT
ACCEPTED,GBPUSD,SELL,2016-10-19 22:30:00+00:00,1.22858,CLOSED_DISCRETIONARY_EXIT
ACCEPTED,EURUSD,SELL,2016-10-20 09:00:00+00:00,1.09746,CLOSED_DISCRETIONARY_EXIT
ACCEPTED,EURUSD,SELL,2016-10-20 12:30:00+00:00,1.09860,CLOSED_SL
ACCEPTED,GBPUSD,SELL,2016-10-20 18:00:00+00:00,1.22736,CLOSED_DISCRETIONARY_EXIT
ACCEPTED,GBPUSD,SELL,2016-10-21 18:00:00+00:00,1.22355,CLOSED_DISCRETIONARY_EXIT
ACCEPTED,EURUSD,SELL,2016-10-21 21:00:00+00:00,1.08808,CLOSED_TIMEOUT_EXIT
ACCEPTED,EURUSD,SELL,2016-10-24 07:00:00+00:00,1.08769,CLOSED_SL
ACCEPTED,GBPUSD,SELL,2016-10-24 07:00:00+00:00,1.22056,CLOSED_SL
ACCEPTED,GBPUSD,SELL,2016-10-25 18:00:00+00:00,1.21976,CLOSED_DISCRETIONARY_EXIT
ACCEPTED,EURUSD,SELL,2016-10-25 16:30:00+00:00,1.08928,CLOSED_DISCRETIONARY_EXIT
ACCEPTED,GBPUSD,SELL,2016-10-26 07:30:00+00:00,1.21714,CLOSED_SL
ACCEPTED,EURUSD,SELL,2016-10-26 08:00:00+00:00,1.09063,CLOSED_SL
ACCEPTED,GBPUSD,SELL,2016-10-26 08:30:00+00:00,1.21863,CLOSED_SL
ACCEPTED,GBPUSD,SELL,2016-10-26 09:30:00+00:00,1.22097,CLOSED_DISCRETIONARY_EXIT
ACCEPTED,EURUSD,SELL,2016-10-28 02:00:00+00:00,1.09016,CLOSED_DISCRETIONARY_EXIT
ACCEPTED,GBPUSD,SELL,2016-10-28 04:30:00+00:00,1.21844,CLOSED_DISCRETIONARY_EXIT
ACCEPTED,EURUSD,SELL,2016-10-28 13:00:00+00:00,1.09210,CLOSED_SL
ACCEPTED,GBPUSD,SELL,2016-10-28 18:30:00+00:00,1.21899,CLOSED_TIMEOUT_EXIT
ACCEPTED,GBPUSD,SELL,2016-10-31 00:30:00+00:00,1.21958,CLOSED_DISCRETIONARY_EXIT
ACCEPTED,EURUSD,BUY,2016-10-31 03:30:00+00:00,1.09634,CLOSED_DISCRETIONARY_EXIT
ACCEPTED,GBPUSD,SELL,2016-10-31 06:30:00+00:00,1.21940,CLOSED_DISCRETIONARY_EXIT
ACCEPTED,EURUSD,BUY,2016-10-31 08:00:00+00:00,1.09613,CLOSED_SL
ACCEPTED,GBPUSD,SELL,2016-10-31 17:00:00+00:00,1.22125,CLOSED_DISCRETIONARY_EXIT
ACCEPTED,GBPUSD,BUY,2016-11-01 01:30:00+00:00,1.22262,CLOSED_DISCRETIONARY_EXIT
ACCEPTED,EURUSD,BUY,2016-11-01 02:00:00+00:00,1.09684,CLOSED_DISCRETIONARY_EXIT
ACCEPTED,GBPUSD,BUY,2016-11-01 08:00:00+00:00,1.22217,CLOSED_DISCRETIONARY_EXIT
ACCEPTED,GBPUSD,BUY,2016-11-01 13:30:00+00:00,1.22127,CLOSED_DISCRETIONARY_EXIT
ACCEPTED,EURUSD,BUY,2016-11-02 02:30:00+00:00,1.10509,CLOSED_DISCRETIONARY_EXIT
ACCEPTED,GBPUSD,BUY,2016-11-02 01:30:00+00:00,1.22370,CLOSED_DISCRETIONARY_EXIT
ACCEPTED,EURUSD,BUY,2016-11-02 20:00:00+00:00,1.10961,CLOSED_DISCRETIONARY_EXIT
ACCEPTED,EURUSD,BUY,2016-11-03 12:00:00+00:00,1.10853,CLOSED_SL
ACCEPTED,EURUSD,BUY,2016-11-04 00:30:00+00:00,1.11011,CLOSED_DISCRETIONARY_EXIT
ACCEPTED,EURUSD,BUY,2016-11-04 07:00:00+00:00,1.10887,CLOSED_DISCRETIONARY_EXIT
ACCEPTED,GBPUSD,BUY,2016-11-04 07:00:00+00:00,1.24561,CLOSED_DISCRETIONARY_EXIT
ACCEPTED,GBPUSD,BUY,2016-11-06 22:30:00+00:00,1.24644,CLOSED_DISCRETIONARY_EXIT
ACCEPTED,GBPUSD,BUY,2016-11-07 03:00:00+00:00,1.24588,CLOSED_SL
ACCEPTED,GBPUSD,BUY,2016-11-07 05:30:00+00:00,1.24333,CLOSED_SL
ACCEPTED,GBPUSD,BUY,2016-11-07 08:00:00+00:00,1.24093,CLOSED_SL
ACCEPTED,GBPUSD,BUY,2016-11-07 15:00:00+00:00,1.23941,CLOSED_DISCRETIONARY_EXIT
ACCEPTED,EURUSD,BUY,2016-11-07 15:30:00+00:00,1.10361,CLOSED_DISCRETIONARY_EXIT
ACCEPTED,GBPUSD,BUY,2016-11-08 05:00:00+00:00,1.23882,CLOSED_DISCRETIONARY_EXIT
ACCEPTED,GBPUSD,BUY,2016-11-08 14:30:00+00:00,1.23717,CLOSED_DISCRETIONARY_EXIT
ACCEPTED,EURUSD,BUY,2016-11-09 08:00:00+00:00,1.11184,CLOSED_SL
ACCEPTED,GBPUSD,BUY,2016-11-09 13:30:00+00:00,1.23709,CLOSED_DISCRETIONARY_EXIT
ACCEPTED,GBPUSD,BUY,2016-11-10 10:00:00+00:00,1.23915,CLOSED_DISCRETIONARY_EXIT
ACCEPTED,EURUSD,SELL,2016-11-11 13:30:00+00:00,1.09012,CLOSED_DISCRETIONARY_EXIT
ACCEPTED,GBPUSD,BUY,2016-11-14 01:30:00+00:00,1.25273,CLOSED_DISCRETIONARY_EXIT
ACCEPTED,GBPUSD,BUY,2016-11-14 06:30:00+00:00,1.25371,CLOSED_SL
ACCEPTED,GBPUSD,BUY,2016-11-14 08:00:00+00:00,1.24970,CLOSED_SL
ACCEPTED,GBPUSD,BUY,2016-11-14 09:00:00+00:00,1.24733,CLOSED_DISCRETIONARY_EXIT
ACCEPTED,EURUSD,SELL,2016-11-14 12:00:00+00:00,1.07847,CLOSED_DISCRETIONARY_EXIT
ACCEPTED,GBPUSD,BUY,2016-11-14 15:30:00+00:00,1.24538,CLOSED_DISCRETIONARY_EXIT
ACCEPTED,EURUSD,SELL,2016-11-14 18:30:00+00:00,1.07581,CLOSED_DISCRETIONARY_EXIT
ACCEPTED,EURUSD,SELL,2016-11-15 00:30:00+00:00,1.07654,CLOSED_DISCRETIONARY_EXIT
ACCEPTED,GBPUSD,BUY,2016-11-15 02:00:00+00:00,1.24850,CLOSED_DISCRETIONARY_EXIT
ACCEPTED,GBPUSD,BUY,2016-11-15 06:00:00+00:00,1.24747,CLOSED_DISCRETIONARY_EXIT
ACCEPTED,EURUSD,SELL,2016-11-15 07:30:00+00:00,1.07730,CLOSED_SL
ACCEPTED,EURUSD,SELL,2016-11-16 01:30:00+00:00,1.07427,CLOSED_DISCRETIONARY_EXIT
ACCEPTED,GBPUSD,BUY,2016-11-16 05:00:00+00:00,1.24625,CLOSED_DISCRETIONARY_EXIT
ACCEPTED,GBPUSD,SELL,2016-11-16 14:30:00+00:00,1.24602,CLOSED_DISCRETIONARY_EXIT
ACCEPTED,GBPUSD,SELL,2016-11-16 23:30:00+00:00,1.24504,CLOSED_DISCRETIONARY_EXIT
ACCEPTED,EURUSD,SELL,2016-11-16 23:00:00+00:00,1.06995,CLOSED_DISCRETIONARY_EXIT
ACCEPTED,EURUSD,SELL,2016-11-17 08:30:00+00:00,1.07185,CLOSED_SL
ACCEPTED,GBPUSD,SELL,2016-11-18 19:00:00+00:00,1.23498,CLOSED_TIMEOUT_EXIT
ACCEPTED,EURUSD,SELL,2016-11-21 07:00:00+00:00,1.06075,CLOSED_SL
ACCEPTED,GBPUSD,SELL,2016-11-21 07:30:00+00:00,1.23623,CLOSED_DISCRETIONARY_EXIT
ACCEPTED,GBPUSD,SELL,2016-11-21 12:00:00+00:00,1.23832,CLOSED_SL
ACCEPTED,GBPUSD,SELL,2016-11-21 13:30:00+00:00,1.24524,CLOSED_SL
ACCEPTED,EURUSD,SELL,2016-11-21 21:00:00+00:00,1.06250,CLOSED_DISCRETIONARY_EXIT
ACCEPTED,GBPUSD,BUY,2016-11-22 04:00:00+00:00,1.24912,CLOSED_DISCRETIONARY_EXIT
ACCEPTED,EURUSD,SELL,2016-11-22 09:30:00+00:00,1.06531,CLOSED_DISCRETIONARY_EXIT
ACCEPTED,EURUSD,SELL,2016-11-22 23:30:00+00:00,1.06286,CLOSED_DISCRETIONARY_EXIT
ACCEPTED,EURUSD,SELL,2016-11-23 06:30:00+00:00,1.06315,CLOSED_SL
ACCEPTED,GBPUSD,BUY,2016-11-24 21:00:00+00:00,1.24453,CLOSED_DISCRETIONARY_EXIT
ACCEPTED,EURUSD,SELL,2016-11-25 07:30:00+00:00,1.06023,CLOSED_DISCRETIONARY_EXIT
ACCEPTED,EURUSD,SELL,2016-11-25 14:30:00+00:00,1.06164,CLOSED_DISCRETIONARY_EXIT
ACCEPTED,EURUSD,SELL,2016-11-28 01:00:00+00:00,1.06295,CLOSED_SL
ACCEPTED,GBPUSD,SELL,2016-11-29 09:30:00+00:00,1.24307,CLOSED_SL
ACCEPTED,EURUSD,SELL,2016-11-29 15:30:00+00:00,1.06131,CLOSED_SL
ACCEPTED,GBPUSD,BUY,2016-11-30 02:30:00+00:00,1.24799,CLOSED_DISCRETIONARY_EXIT
ACCEPTED,EURUSD,SELL,2016-12-01 06:00:00+00:00,1.06137,CLOSED_SL
ACCEPTED,EURUSD,BUY,2016-12-02 08:00:00+00:00,1.06719,CLOSED_SL
ACCEPTED,EURUSD,BUY,2016-12-04 22:30:00+00:00,1.05778,CLOSED_SL
ACCEPTED,GBPUSD,BUY,2016-12-04 23:00:00+00:00,1.26322,CLOSED_DISCRETIONARY_EXIT
ACCEPTED,EURUSD,SELL,2016-12-05 08:00:00+00:00,1.06035,CLOSED_SL
ACCEPTED,EURUSD,BUY,2016-12-06 07:00:00+00:00,1.07419,CLOSED_DISCRETIONARY_EXIT
ACCEPTED,EURUSD,BUY,2016-12-06 12:00:00+00:00,1.07383,CLOSED_DISCRETIONARY_EXIT
ACCEPTED,EURUSD,BUY,2016-12-06 17:30:00+00:00,1.07050,CLOSED_DISCRETIONARY_EXIT
ACCEPTED,GBPUSD,BUY,2016-12-06 17:30:00+00:00,1.26729,CLOSED_DISCRETIONARY_EXIT
ACCEPTED,GBPUSD,BUY,2016-12-07 00:30:00+00:00,1.26704,CLOSED_SL
ACCEPTED,GBPUSD,BUY,2016-12-07 08:00:00+00:00,1.26341,CLOSED_SL
ACCEPTED,EURUSD,BUY,2016-12-08 07:00:00+00:00,1.07653,CLOSED_DISCRETIONARY_EXIT
ACCEPTED,GBPUSD,BUY,2016-12-08 08:30:00+00:00,1.26333,CLOSED_DISCRETIONARY_EXIT
ACCEPTED,GBPUSD,BUY,2016-12-08 14:00:00+00:00,1.26078,CLOSED_SL
ACCEPTED,EURUSD,SELL,2016-12-09 06:00:00+00:00,1.06166,CLOSED_DISCRETIONARY_EXIT
ACCEPTED,EURUSD,SELL,2016-12-09 20:00:00+00:00,1.05533,CLOSED_TIMEOUT_EXIT
ACCEPTED,EURUSD,SELL,2016-12-12 03:00:00+00:00,1.05631,CLOSED_DISCRETIONARY_EXIT
ACCEPTED,EURUSD,SELL,2016-12-12 07:30:00+00:00,1.05651,CLOSED_SL
ACCEPTED,GBPUSD,SELL,2016-12-12 08:00:00+00:00,1.25974,CLOSED_DISCRETIONARY_EXIT
ACCEPTED,EURUSD,SELL,2016-12-12 08:30:00+00:00,1.05725,CLOSED_SL
ACCEPTED,EURUSD,SELL,2016-12-12 11:00:00+00:00,1.06069,CLOSED_DISCRETIONARY_EXIT
ACCEPTED,EURUSD,SELL,2016-12-12 23:30:00+00:00,1.06400,CLOSED_DISCRETIONARY_EXIT
ACCEPTED,GBPUSD,BUY,2016-12-13 06:00:00+00:00,1.26699,CLOSED_DISCRETIONARY_EXIT
ACCEPTED,EURUSD,SELL,2016-12-13 07:00:00+00:00,1.06421,CLOSED_DISCRETIONARY_EXIT
ACCEPTED,GBPUSD,BUY,2016-12-14 01:30:00+00:00,1.26431,CLOSED_DISCRETIONARY_EXIT
ACCEPTED,EURUSD,SELL,2016-12-14 00:30:00+00:00,1.06350,CLOSED_TIMEOUT_EXIT
ACCEPTED,EURUSD,BUY,2016-12-14 19:30:00+00:00,1.05858,CLOSED_SL
ACCEPTED,GBPUSD,SELL,2016-12-16 06:00:00+00:00,1.24264,CLOSED_SL
ACCEPTED,GBPUSD,SELL,2016-12-16 16:30:00+00:00,1.24693,CLOSED_SL
ACCEPTED,GBPUSD,SELL,2016-12-20 04:00:00+00:00,1.24053,CLOSED_DISCRETIONARY_EXIT
ACCEPTED,EURUSD,SELL,2016-12-20 18:00:00+00:00,1.03976,CLOSED_DISCRETIONARY_EXIT
ACCEPTED,EURUSD,SELL,2016-12-21 02:00:00+00:00,1.03969,CLOSED_SL
ACCEPTED,GBPUSD,SELL,2016-12-21 03:00:00+00:00,1.23795,CLOSED_DISCRETIONARY_EXIT
ACCEPTED,EURUSD,SELL,2016-12-21 12:30:00+00:00,1.04295,CLOSED_SL
ACCEPTED,GBPUSD,SELL,2016-12-21 12:30:00+00:00,1.23728,CLOSED_DISCRETIONARY_EXIT
ACCEPTED,GBPUSD,SELL,2016-12-22 01:30:00+00:00,1.23731,CLOSED_DISCRETIONARY_EXIT
ACCEPTED,EURUSD,SELL,2016-12-22 01:30:00+00:00,1.04424,CLOSED_DISCRETIONARY_EXIT
ACCEPTED,EURUSD,SELL,2016-12-22 15:30:00+00:00,1.04830,CLOSED_DISCRETIONARY_EXIT
ACCEPTED,GBPUSD,SELL,2016-12-23 06:00:00+00:00,1.22977,CLOSED_DISCRETIONARY_EXIT
ACCEPTED,EURUSD,SELL,2016-12-26 23:00:00+00:00,1.04526,CLOSED_DISCRETIONARY_EXIT
ACCEPTED,GBPUSD,SELL,2016-12-27 06:00:00+00:00,1.22785,CLOSED_DISCRETIONARY_EXIT
ACCEPTED,GBPUSD,SELL,2016-12-27 15:00:00+00:00,1.22659,CLOSED_DISCRETIONARY_EXIT
ACCEPTED,GBPUSD,SELL,2016-12-27 19:00:00+00:00,1.22793,CLOSED_DISCRETIONARY_EXIT
ACCEPTED,EURUSD,SELL,2016-12-28 01:00:00+00:00,1.04640,CLOSED_SL
ACCEPTED,GBPUSD,SELL,2016-12-28 01:00:00+00:00,1.22861,CLOSED_DISCRETIONARY_EXIT
ACCEPTED,EURUSD,BUY,2016-12-28 08:30:00+00:00,1.04536,CLOSED_SL
ACCEPTED,EURUSD,SELL,2016-12-28 20:30:00+00:00,1.04127,CLOSED_DISCRETIONARY_EXIT
ACCEPTED,EURUSD,SELL,2016-12-29 04:30:00+00:00,1.04578,CLOSED_DISCRETIONARY_EXIT
ACCEPTED,GBPUSD,SELL,2016-12-29 04:30:00+00:00,1.22567,CLOSED_DISCRETIONARY_EXIT
ACCEPTED,GBPUSD,SELL,2016-12-29 20:00:00+00:00,1.22528,CLOSED_DISCRETIONARY_EXIT
ACCEPTED,GBPUSD,SELL,2016-12-30 00:30:00+00:00,1.22876,CLOSED_DISCRETIONARY_EXIT
ACCEPTED,EURUSD,BUY,2016-12-30 03:30:00+00:00,1.05236,CLOSED_DISCRETIONARY_EXIT
ACCEPTED,EURUSD,BUY,2016-12-30 08:00:00+00:00,1.05079,CLOSED_DISCRETIONARY_EXIT
ACCEPTED,GBPUSD,BUY,2016-12-30 19:30:00+00:00,1.23142,CLOSED_DISCRETIONARY_EXIT
ACCEPTED,GBPUSD,BUY,2017-01-02 10:30:00+00:00,1.23005,CLOSED_DISCRETIONARY_EXIT
ACCEPTED,EURUSD,BUY,2017-01-02 09:00:00+00:00,1.04899,CLOSED_SL
ACCEPTED,GBPUSD,SELL,2017-01-03 00:30:00+00:00,1.22865,CLOSED_SL
ACCEPTED,EURUSD,SELL,2017-01-03 23:30:00+00:00,1.04182,CLOSED_DISCRETIONARY_EXIT
ACCEPTED,GBPUSD,SELL,2017-01-04 05:30:00+00:00,1.22437,CLOSED_SL
ACCEPTED,GBPUSD,SELL,2017-01-04 07:30:00+00:00,1.22672,CLOSED_SL
ACCEPTED,EURUSD,SELL,2017-01-04 08:30:00+00:00,1.04309,CLOSED_DISCRETIONARY_EXIT
ACCEPTED,GBPUSD,SELL,2017-01-04 08:30:00+00:00,1.22727,CLOSED_DISCRETIONARY_EXIT
ACCEPTED,EURUSD,SELL,2017-01-04 14:30:00+00:00,1.04484,CLOSED_SL
ACCEPTED,GBPUSD,SELL,2017-01-04 17:30:00+00:00,1.23233,CLOSED_DISCRETIONARY_EXIT
ACCEPTED,EURUSD,BUY,2017-01-06 01:00:00+00:00,1.05911,CLOSED_DISCRETIONARY_EXIT
ACCEPTED,GBPUSD,BUY,2017-01-06 01:30:00+00:00,1.23887,CLOSED_DISCRETIONARY_EXIT
ACCEPTED,GBPUSD,BUY,2017-01-06 12:30:00+00:00,1.23525,CLOSED_SL
ACCEPTED,GBPUSD,SELL,2017-01-09 02:00:00+00:00,1.22680,CLOSED_DISCRETIONARY_EXIT
ACCEPTED,EURUSD,BUY,2017-01-09 04:30:00+00:00,1.05263,CLOSED_DISCRETIONARY_EXIT
ACCEPTED,GBPUSD,SELL,2017-01-10 22:00:00+00:00,1.21725,CLOSED_SL
ACCEPTED,GBPUSD,SELL,2017-01-11 00:30:00+00:00,1.21840,CLOSED_DISCRETIONARY_EXIT
ACCEPTED,EURUSD,BUY,2017-01-11 10:00:00+00:00,1.05363,CLOSED_SL
ACCEPTED,GBPUSD,SELL,2017-01-11 18:30:00+00:00,1.22411,CLOSED_DISCRETIONARY_EXIT
ACCEPTED,GBPUSD,SELL,2017-01-12 04:30:00+00:00,1.22107,CLOSED_DISCRETIONARY_EXIT
ACCEPTED,EURUSD,BUY,2017-01-12 20:00:00+00:00,1.06274,CLOSED_DISCRETIONARY_EXIT
ACCEPTED,GBPUSD,SELL,2017-01-13 08:30:00+00:00,1.21843,CLOSED_SL
ACCEPTED,EURUSD,BUY,2017-01-13 15:00:00+00:00,1.06057,CLOSED_DISCRETIONARY_EXIT
ACCEPTED,GBPUSD,SELL,2017-01-13 17:30:00+00:00,1.22052,CLOSED_DISCRETIONARY_EXIT
ACCEPTED,EURUSD,BUY,2017-01-16 04:00:00+00:00,1.06116,CLOSED_DISCRETIONARY_EXIT
ACCEPTED,EURUSD,BUY,2017-01-16 07:30:00+00:00,1.06081,CLOSED_SL
ACCEPTED,GBPUSD,SELL,2017-01-17 03:00:00+00:00,1.20674,CLOSED_SL
ACCEPTED,EURUSD,BUY,2017-01-18 00:00:00+00:00,1.06975,CLOSED_DISCRETIONARY_EXIT
ACCEPTED,GBPUSD,BUY,2017-01-18 02:30:00+00:00,1.23476,CLOSED_DISCRETIONARY_EXIT
ACCEPTED,EURUSD,BUY,2017-01-18 13:00:00+00:00,1.06668,CLOSED_DISCRETIONARY_EXIT
ACCEPTED,GBPUSD,BUY,2017-01-18 12:00:00+00:00,1.22829,CLOSED_DISCRETIONARY_EXIT
ACCEPTED,EURUSD,BUY,2017-01-18 19:00:00+00:00,1.06675,CLOSED_SL
ACCEPTED,GBPUSD,BUY,2017-01-18 19:30:00+00:00,1.22839,CLOSED_DISCRETIONARY_EXIT
ACCEPTED,EURUSD,BUY,2017-01-19 14:00:00+00:00,1.06198,CLOSED_SL
ACCEPTED,EURUSD,BUY,2017-01-20 09:30:00+00:00,1.06590,CLOSED_SL
ACCEPTED,GBPUSD,BUY,2017-01-20 10:00:00+00:00,1.22926,CLOSED_SL
ACCEPTED,GBPUSD,BUY,2017-01-20 11:30:00+00:00,1.22684,CLOSED_DISCRETIONARY_EXIT
ACCEPTED,EURUSD,BUY,2017-01-23 10:00:00+00:00,1.07272,CLOSED_DISCRETIONARY_EXIT
ACCEPTED,GBPUSD,BUY,2017-01-24 07:00:00+00:00,1.24859,CLOSED_SL
ACCEPTED,EURUSD,BUY,2017-01-24 20:00:00+00:00,1.07231,CLOSED_DISCRETIONARY_EXIT
ACCEPTED,EURUSD,BUY,2017-01-25 07:00:00+00:00,1.07223,CLOSED_SL
ACCEPTED,EURUSD,BUY,2017-01-26 06:30:00+00:00,1.07443,CLOSED_SL
ACCEPTED,GBPUSD,BUY,2017-01-26 07:30:00+00:00,1.26320,CLOSED_DISCRETIONARY_EXIT
ACCEPTED,EURUSD,BUY,2017-01-26 10:30:00+00:00,1.07182,CLOSED_DISCRETIONARY_EXIT
ACCEPTED,GBPUSD,BUY,2017-01-26 10:30:00+00:00,1.26060,CLOSED_SL
ACCEPTED,GBPUSD,BUY,2017-01-26 13:00:00+00:00,1.25729,CLOSED_DISCRETIONARY_EXIT
ACCEPTED,EURUSD,BUY,2017-01-26 13:30:00+00:00,1.06948,CLOSED_SL
ACCEPTED,GBPUSD,BUY,2017-01-27 04:30:00+00:00,1.25680,CLOSED_SL
ACCEPTED,EURUSD,SELL,2017-01-27 09:00:00+00:00,1.06810,CLOSED_SL
ACCEPTED,EURUSD,BUY,2017-01-30 06:00:00+00:00,1.07250,CLOSED_SL
ACCEPTED,GBPUSD,BUY,2017-01-30 06:00:00+00:00,1.25716,CLOSED_SL
ACCEPTED,EURUSD,SELL,2017-01-30 16:00:00+00:00,1.06877,CLOSED_SL
ACCEPTED,GBPUSD,BUY,2017-01-31 07:00:00+00:00,1.24931,CLOSED_DISCRETIONARY_EXIT
ACCEPTED,EURUSD,BUY,2017-02-01 06:30:00+00:00,1.07811,CLOSED_DISCRETIONARY_EXIT
ACCEPTED,EURUSD,BUY,2017-02-01 13:30:00+00:00,1.07689,CLOSED_SL
ACCEPTED,GBPUSD,BUY,2017-02-01 19:00:00+00:00,1.26214,CLOSED_DISCRETIONARY_EXIT
ACCEPTED,EURUSD,BUY,2017-02-02 18:00:00+00:00,1.07889,CLOSED_SL
ACCEPTED,EURUSD,BUY,2017-02-02 20:30:00+00:00,1.07599,CLOSED_DISCRETIONARY_EXIT
ACCEPTED,EURUSD,BUY,2017-02-03 09:00:00+00:00,1.07449,CLOSED_SL
ACCEPTED,EURUSD,BUY,2017-02-03 19:30:00+00:00,1.07649,CLOSED_DISCRETIONARY_EXIT
ACCEPTED,EURUSD,BUY,2017-02-06 07:30:00+00:00,1.07518,CLOSED_SL
ACCEPTED,EURUSD,BUY,2017-02-06 10:30:00+00:00,1.07361,CLOSED_DISCRETIONARY_EXIT
ACCEPTED,GBPUSD,SELL,2017-02-07 16:30:00+00:00,1.24817,CLOSED_SL
ACCEPTED,EURUSD,SELL,2017-02-07 17:30:00+00:00,1.07016,CLOSED_DISCRETIONARY_EXIT
ACCEPTED,EURUSD,SELL,2017-02-08 13:30:00+00:00,1.06668,CLOSED_SL
ACCEPTED,EURUSD,SELL,2017-02-08 22:00:00+00:00,1.06974,CLOSED_DISCRETIONARY_EXIT
ACCEPTED,GBPUSD,BUY,2017-02-09 01:30:00+00:00,1.25056,CLOSED_DISCRETIONARY_EXIT
ACCEPTED,EURUSD,SELL,2017-02-09 09:00:00+00:00,1.06991,CLOSED_DISCRETIONARY_EXIT
ACCEPTED,GBPUSD,BUY,2017-02-09 15:30:00+00:00,1.25297,CLOSED_SL
ACCEPTED,GBPUSD,SELL,2017-02-10 17:00:00+00:00,1.25011,CLOSED_DISCRETIONARY_EXIT
ACCEPTED,GBPUSD,SELL,2017-02-13 05:00:00+00:00,1.24940,CLOSED_SL
ACCEPTED,GBPUSD,SELL,2017-02-13 06:30:00+00:00,1.25053,CLOSED_SL
ACCEPTED,EURUSD,SELL,2017-02-13 06:00:00+00:00,1.06281,CLOSED_SL
