idea_id,symbol,direction,lots,entry_time_utc,entry_price,sl,tp,exit_time_utc,exit_price,exit_reason,same_bar_ambiguous,gross_pnl_usd,commission_usd,net_pnl_usd,r_multiple_net
m30-idea-1,EURUSD,SELL,0.17,2015-01-14 06:00:00+00:00,1.17915,1.1805642679961474,,2015-01-14 07:00:00+00:00,1.17866,DISCRETIONARY_EXIT,False,8.3300,0.8500,7.4800,0.3005
m30-idea-2,EURUSD,SELL,0.07,2015-01-14 14:00:00+00:00,1.18255,1.1856610486044736,,2015-01-14 15:30:00+00:00,1.17887,DISCRETIONARY_EXIT,False,25.7600,0.3500,25.4100,1.1484
m30-idea-3,GBPUSD,BUY,0.16,2015-01-15 07:30:00+00:00,1.5207400000000002,1.5192327648072237,,2015-01-15 09:31:00+00:00,1.5192327648072237,SL,False,-24.1158,0.8000,-24.9158,-1.0000
m30-idea-4,EURUSD,SELL,0.06,2015-01-15 22:00:00+00:00,1.16304,1.1670369996367123,,2015-01-16 00:30:00+00:00,1.16184,DISCRETIONARY_EXIT,False,7.2000,0.3000,6.9000,0.2842
m30-idea-5,EURUSD,SELL,0.06,2015-01-16 18:30:00+00:00,1.15627,1.1602354422414791,,2015-01-16 19:30:00+00:00,1.15389,DISCRETIONARY_EXIT,False,14.2800,0.3000,13.9800,0.5803
m30-idea-6,EURUSD,SELL,0.11,2015-01-19 07:30:00+00:00,1.15805,1.1601522183468318,,2015-01-19 09:24:00+00:00,1.1601522183468318,SL,False,-23.1244,0.5500,-23.6744,-1.0000
m30-idea-7,EURUSD,SELL,0.09,2015-01-19 14:30:00+00:00,1.16182,1.1644262711624096,,2015-01-19 17:00:00+00:00,1.16228,DISCRETIONARY_EXIT,False,-4.1400,0.4500,-4.5900,-0.1920
m30-idea-8,GBPUSD,SELL,0.14,2015-01-20 08:00:00+00:00,1.51032,1.5120525412179173,,2015-01-20 08:55:00+00:00,1.5120525412179173,SL,False,-24.2556,0.7000,-24.9556,-1.0000
m30-idea-9,GBPUSD,SELL,0.12,2015-01-20 09:00:00+00:00,1.51241,1.5142995380909592,,2015-01-20 09:20:00+00:00,1.5142995380909592,SL,False,-22.6745,0.6000,-23.2745,-1.0000
m30-idea-11,GBPUSD,SELL,0.16,2015-01-21 03:30:00+00:00,1.51554,1.516968977977641,,2015-01-21 04:09:00+00:00,1.516968977977641,SL,False,-22.8636,0.8000,-23.6636,-1.0000
m30-idea-10,EURUSD,SELL,0.16,2015-01-21 03:00:00+00:00,1.15667,1.1581821521844666,,2015-01-21 05:00:00+00:00,1.15668,DISCRETIONARY_EXIT,False,-0.1600,0.8000,-0.9600,-0.0384
m30-idea-12,EURUSD,SELL,0.15,2015-01-21 06:30:00+00:00,1.1584,1.159923110717329,,2015-01-21 07:30:00+00:00,1.15687,DISCRETIONARY_EXIT,False,22.9500,0.7500,22.2000,0.9408
m30-idea-13,EURUSD,SELL,0.1,2015-01-21 14:00:00+00:00,1.16329,1.165606566785849,,2015-01-21 14:48:00+00:00,1.165606566785849,SL,False,-23.1657,0.5000,-23.6657,-1.0000
m30-idea-14,EURUSD,SELL,0.08,2015-01-21 22:00:00+00:00,1.16095,1.1637257557726233,,2015-01-22 00:30:00+00:00,1.16012,DISCRETIONARY_EXIT,False,6.6400,0.4000,6.2400,0.2760
m30-idea-15,GBPUSD,SELL,0.09,2015-01-22 01:30:00+00:00,1.51568,1.518138239714681,,2015-01-22 02:30:00+00:00,1.5147400000000002,DISCRETIONARY_EXIT,False,8.4600,0.4500,8.0100,0.3548
m30-idea-16,GBPUSD,SELL,0.12,2015-01-22 08:30:00+00:00,1.51503,1.5170423399223505,,2015-01-22 09:30:00+00:00,1.5170423399223505,SL,False,-24.1481,0.6000,-24.7481,-1.0000
m30-idea-17,GBPUSD,BUY,0.06,2015-01-22 14:30:00+00:00,1.5138200000000002,1.510033508713408,,2015-01-22 15:33:00+00:00,1.510033508713408,SL,False,-22.7189,0.3000,-23.0189,-1.0000
m30-idea-18,GBPUSD,SELL,0.12,2015-01-26 05:30:00+00:00,1.50032,1.5023304443158263,,2015-01-26 06:44:00+00:00,1.5023304443158263,SL,False,-24.1253,0.6000,-24.7253,-1.0000
m30-idea-19,EURUSD,SELL,0.07,2015-01-26 06:30:00+00:00,1.11936,1.122705474899113,,2015-01-26 07:03:00+00:00,1.122705474899113,SL,False,-23.4183,0.3500,-23.7683,-1.0000
m30-idea-20,EURUSD,SELL,0.07,2015-01-26 14:00:00+00:00,1.12689,1.1303511730817513,,2015-01-26 16:00:00+00:00,1.12567,DISCRETIONARY_EXIT,False,8.5400,0.3500,8.1900,0.3332
m30-idea-21,GBPUSD,SELL,0.09,2015-01-26 15:00:00+00:00,1.50524,1.5079141266392457,,2015-01-26 16:19:00+00:00,1.5079141266392457,SL,False,-24.0671,0.4500,-24.5171,-1.0000
m30-idea-22,GBPUSD,SELL,0.1,2015-01-27 01:30:00+00:00,1.51021,1.5124454329595893,,2015-01-27 03:30:00+00:00,1.5099200000000002,DISCRETIONARY_EXIT,False,2.9000,0.5000,2.4000,0.1050
m30-idea-23,EURUSD,SELL,0.1,2015-01-27 08:30:00+00:00,1.1287,1.130995539086359,,2015-01-27 08:42:00+00:00,1.130995539086359,SL,False,-22.9554,0.5000,-23.4554,-1.0000
m30-idea-24,EURUSD,SELL,0.07,2015-01-27 14:00:00+00:00,1.13385,1.1371335911881906,,2015-01-27 14:16:00+00:00,1.1371335911881906,SL,False,-22.9851,0.3500,-23.3351,-1.0000
m30-idea-25,EURUSD,SELL,0.07,2015-01-27 21:00:00+00:00,1.13796,1.1412908605233476,,2015-01-27 23:00:00+00:00,1.13718,DISCRETIONARY_EXIT,False,5.4600,0.3500,5.1100,0.2159
m30-idea-26,GBPUSD,BUY,0.1,2015-01-27 23:00:00+00:00,1.5188000000000001,1.5163937481852776,,2015-01-28 00:55:00+00:00,1.51621,SL_GAP,False,-25.9000,0.5000,-26.4000,-1.0748
m30-idea-27,GBPUSD,BUY,0.1,2015-01-28 02:30:00+00:00,1.51608,1.513818874546971,,2015-01-28 03:30:00+00:00,1.51695,DISCRETIONARY_EXIT,False,8.7000,0.5000,8.2000,0.3548
m30-idea-28,EURUSD,SELL,0.1,2015-01-28 06:30:00+00:00,1.13688,1.1391775821384196,,2015-01-28 08:00:00+00:00,1.13456,DISCRETIONARY_EXIT,False,23.2000,0.5000,22.7000,0.9670
m30-idea-29,GBPUSD,BUY,0.1,2015-01-28 15:30:00+00:00,1.51703,1.5146136621040969,,2015-01-28 17:30:00+00:00,1.51741,DISCRETIONARY_EXIT,False,3.8000,0.5000,3.3000,0.1338
m30-idea-30,GBPUSD,BUY,0.08,2015-01-28 20:00:00+00:00,1.51576,1.5129174391429292,,2015-01-28 23:00:00+00:00,1.51459,DISCRETIONARY_EXIT,False,-9.3600,0.4000,-9.7600,-0.4218
m30-idea-31,GBPUSD,BUY,0.12,2015-01-29 04:30:00+00:00,1.5137500000000002,1.5118435475805028,,2015-01-29 06:00:00+00:00,1.51464,DISCRETIONARY_EXIT,False,10.6800,0.6000,10.0800,0.4293
m30-idea-32,EURUSD,SELL,0.12,2015-01-29 07:30:00+00:00,1.12921,1.1312285826042037,,2015-01-29 08:30:00+00:00,1.12784,DISCRETIONARY_EXIT,False,16.4400,0.6000,15.8400,0.6381
m30-idea-33,GBPUSD,BUY,0.11,2015-01-29 08:30:00+00:00,1.5118800000000001,1.5096614893652027,,2015-01-29 10:00:00+00:00,1.51376,DISCRETIONARY_EXIT,False,20.6800,0.5500,20.1300,0.8067
m30-idea-34,EURUSD,SELL,0.07,2015-01-29 15:30:00+00:00,1.13567,1.1387860266178118,,2015-01-29 16:30:00+00:00,1.13143,DISCRETIONARY_EXIT,False,29.6800,0.3500,29.3300,1.3234
m30-idea-35,EURUSD,SELL,0.08,2015-01-29 21:00:00+00:00,1.13246,1.1352798016124792,,2015-01-30 00:30:00+00:00,1.13264,DISCRETIONARY_EXIT,False,-1.4400,0.4000,-1.8400,-0.0801
m30-idea-36,GBPUSD,SELL,0.11,2015-01-30 00:00:00+00:00,1.50773,1.5099037958494108,,2015-01-30 02:00:00+00:00,1.5076100000000001,DISCRETIONARY_EXIT,False,1.3200,0.5500,0.7700,0.0315
m30-idea-37,EURUSD,SELL,0.15,2015-01-30 06:00:00+00:00,1.1339,1.1354665398179316,,2015-01-30 07:30:00+00:00,1.13251,DISCRETIONARY_EXIT,False,20.8500,0.7500,20.1000,0.8289
m30-idea-38,GBPUSD,SELL,0.08,2015-01-30 20:00:00+00:00,1.50568,1.508641528203023,,2015-02-01 22:00:00+00:00,1.50858,TIMEOUT_EXIT,False,-23.2000,0.4000,-23.6000,-0.9796
m30-idea-39,EURUSD,SELL,0.11,2015-02-02 02:00:00+00:00,1.13152,1.133640337922005,,2015-02-02 03:30:00+00:00,1.13086,DISCRETIONARY_EXIT,False,7.2600,0.5500,6.7100,0.2811
m30-idea-40,GBPUSD,SELL,0.08,2015-02-02 14:30:00+00:00,1.50437,1.5071588615732912,,2015-02-02 15:00:00+00:00,1.5071588615732912,SL,False,-22.3109,0.4000,-22.7109,-1.0000
m30-idea-41,EURUSD,SELL,0.12,2015-02-03 11:00:00+00:00,1.13504,1.1370425727516837,,2015-02-03 12:00:00+00:00,1.13396,DISCRETIONARY_EXIT,False,12.9600,0.6000,12.3600,0.5018
m30-idea-42,GBPUSD,SELL,0.08,2015-02-03 11:30:00+00:00,1.50633,1.509234160095725,,2015-02-03 13:13:00+00:00,1.509234160095725,SL,False,-23.2333,0.4000,-23.6333,-1.0000
m30-idea-43,EURUSD,SELL,0.09,2015-02-03 13:30:00+00:00,1.13849,1.1410111438959416,,2015-02-03 13:37:00+00:00,1.1410111438959416,SL,False,-22.6903,0.4500,-23.1403,-1.0000
m30-idea-44,GBPUSD,SELL,0.08,2015-02-03 13:30:00+00:00,1.50909,1.512092508498907,,2015-02-03 15:00:00+00:00,1.5095800000000001,DISCRETIONARY_EXIT,False,-3.9200,0.4000,-4.3200,-0.1769
m30-idea-45,EURUSD,BUY,0.08,2015-02-03 23:00:00+00:00,1.14657,1.143518356522572,,2015-02-04 01:30:00+00:00,1.14667,DISCRETIONARY_EXIT,False,0.8000,0.4000,0.4000,0.0161
m30-idea-46,EURUSD,BUY,0.09,2015-02-04 15:00:00+00:00,1.14028,1.1375958691675836,,2015-02-04 18:30:00+00:00,1.14219,DISCRETIONARY_EXIT,False,17.1900,0.4500,16.7400,0.6803
m30-idea-47,EURUSD,BUY,0.07,2015-02-04 21:30:00+00:00,1.13436,1.131083329428396,,2015-02-04 23:00:00+00:00,1.13356,DISCRETIONARY_EXIT,False,-5.6000,0.3500,-5.9500,-0.2555
m30-idea-48,GBPUSD,BUY,0.08,2015-02-04 21:30:00+00:00,1.51875,1.5157609619395436,,2015-02-05 01:30:00+00:00,1.5183,DISCRETIONARY_EXIT,False,-3.6000,0.4000,-4.0000,-0.1645
m30-idea-49,EURUSD,SELL,0.09,2015-02-05 08:00:00+00:00,1.13809,1.1406391764678567,,2015-02-05 10:00:00+00:00,1.13907,DISCRETIONARY_EXIT,False,-8.8200,0.4500,-9.2700,-0.3963
m30-idea-50,EURUSD,BUY,0.09,2015-02-05 23:30:00+00:00,1.14688,1.144333250562301,,2015-02-06 01:00:00+00:00,1.14721,DISCRETIONARY_EXIT,False,2.9700,0.4500,2.5200,0.1078
m30-idea-51,EURUSD,BUY,0.16,2015-02-06 07:30:00+00:00,1.14547,1.1439849267780953,,2015-02-06 09:30:00+00:00,1.14598,DISCRETIONARY_EXIT,False,8.1600,0.8000,7.3600,0.2997
m30-idea-52,GBPUSD,BUY,0.15,2015-02-06 07:30:00+00:00,1.53166,1.5300465617676855,,2015-02-06 09:30:00+00:00,1.53209,DISCRETIONARY_EXIT,False,6.4500,0.7500,5.7000,0.2284
m30-idea-53,GBPUSD,BUY,0.14,2015-02-10 09:30:00+00:00,1.5217100000000001,1.5200356586463284,,2015-02-10 09:56:00+00:00,1.5200356586463284,SL,False,-23.4408,0.7000,-24.1408,-1.0000
m30-idea-54,EURUSD,SELL,0.14,2015-02-11 01:30:00+00:00,1.13283,1.1344986366273482,,2015-02-11 03:00:00+00:00,1.13253,DISCRETIONARY_EXIT,False,4.2000,0.7000,3.5000,0.1455
m30-idea-55,GBPUSD,BUY,0.16,2015-02-11 04:30:00+00:00,1.52428,1.5227794663831904,,2015-02-11 06:30:00+00:00,1.52432,DISCRETIONARY_EXIT,False,0.6400,0.8000,-0.1600,-0.0064
m30-idea-56,GBPUSD,BUY,0.13,2015-02-11 14:30:00+00:00,1.5281,1.526323907912148,,2015-02-11 14:50:00+00:00,1.526323907912148,SL,False,-23.0892,0.6500,-23.7392,-1.0000
m30-idea-57,EURUSD,SELL,0.09,2015-02-11 22:30:00+00:00,1.13427,1.1368373625877752,,2015-02-11 23:30:00+00:00,1.1305,DISCRETIONARY_EXIT,False,33.9300,0.4500,33.4800,1.4213
m30-idea-58,GBPUSD,BUY,0.14,2015-02-12 03:30:00+00:00,1.5222600000000002,1.5205306176264368,,2015-02-12 06:00:00+00:00,1.52257,DISCRETIONARY_EXIT,False,4.3400,0.7000,3.6400,0.1461
m30-idea-59,EURUSD,SELL,0.14,2015-02-12 08:00:00+00:00,1.13257,1.1342912690165612,,2015-02-12 08:30:00+00:00,1.1342912690165612,SL,False,-24.0978,0.7000,-24.7978,-1.0000
m30-idea-60,GBPUSD,BUY,0.1,2015-02-12 23:00:00+00:00,1.53811,1.5357191583100147,,2015-02-13 00:00:00+00:00,1.53897,DISCRETIONARY_EXIT,False,8.6000,0.5000,8.1000,0.3319
m30-idea-61,EURUSD,BUY,0.12,2015-02-13 01:30:00+00:00,1.13985,1.1378891013281607,,2015-02-13 03:30:00+00:00,1.13995,DISCRETIONARY_EXIT,False,1.2000,0.6000,0.6000,0.0249
m30-idea-62,GBPUSD,BUY,0.12,2015-02-13 08:30:00+00:00,1.53796,1.5360357513982426,,2015-02-13 10:00:00+00:00,1.53903,DISCRETIONARY_EXIT,False,12.8400,0.6000,12.2400,0.5167
m30-idea-63,GBPUSD,BUY,0.12,2015-02-16 10:30:00+00:00,1.53848,1.536561086046615,,2015-02-16 12:30:00+00:00,1.53843,DISCRETIONARY_EXIT,False,-0.6000,0.6000,-1.2000,-0.0508
m30-idea-64,EURUSD,BUY,0.16,2015-02-16 16:30:00+00:00,1.1394,1.1379069007449951,,2015-02-16 16:55:00+00:00,1.1379069007449951,SL,False,-23.8896,0.8000,-24.6896,-1.0000
m30-idea-65,GBPUSD,BUY,0.12,2015-02-16 17:30:00+00:00,1.53593,1.5339560135164076,,2015-02-16 18:29:00+00:00,1.5339560135164076,SL,False,-23.6878,0.6000,-24.2878,-1.0000
m30-idea-66,EURUSD,SELL,0.13,2015-02-17 03:00:00+00:00,1.13529,1.1370832639849844,,2015-02-17 06:30:00+00:00,1.13601,DISCRETIONARY_EXIT,False,-9.3600,0.6500,-10.0100,-0.4177
m30-idea-67,GBPUSD,BUY,0.16,2015-02-17 07:30:00+00:00,1.53604,1.534613977503776,,2015-02-17 08:56:00+00:00,1.534613977503776,SL,False,-22.8164,0.8000,-23.6164,-1.0000
m30-idea-68,GBPUSD,BUY,0.1,2015-02-17 13:30:00+00:00,1.53509,1.5326840299654945,,2015-02-17 15:18:00+00:00,1.5326840299654945,SL,False,-24.0597,0.5000,-24.5597,-1.0000
m30-idea-70,GBPUSD,BUY,0.09,2015-02-17 15:30:00+00:00,1.532,1.5295173128343527,,2015-02-17 16:30:00+00:00,1.53447,DISCRETIONARY_EXIT,False,22.2300,0.4500,21.7800,0.9555
m30-idea-69,EURUSD,BUY,0.09,2015-02-17 15:30:00+00:00,1.13856,1.1359999981117135,,2015-02-17 17:30:00+00:00,1.13969,DISCRETIONARY_EXIT,False,10.1700,0.4500,9.7200,0.4138
m30-idea-71,GBPUSD,BUY,0.11,2015-02-17 23:00:00+00:00,1.5347000000000002,1.532662493838845,,2015-02-18 00:00:00+00:00,1.53519,DISCRETIONARY_EXIT,False,5.3900,0.5500,4.8400,0.2108
m30-idea-72,EURUSD,BUY,0.15,2015-02-18 02:00:00+00:00,1.14,1.138457317402508,,2015-02-18 03:00:00+00:00,1.14078,DISCRETIONARY_EXIT,False,11.7000,0.7500,10.9500,0.4583
m30-idea-73,EURUSD,BUY,0.19,2015-02-18 08:00:00+00:00,1.1389,1.1376670307162673,,2015-02-18 09:00:00+00:00,1.14072,DISCRETIONARY_EXIT,False,34.5800,0.9500,33.6300,1.3796
m30-idea-74,EURUSD,BUY,0.14,2015-02-18 11:30:00+00:00,1.13679,1.135094931126369,,2015-02-18 13:00:00+00:00,1.13841,DISCRETIONARY_EXIT,False,22.6800,0.7000,21.9800,0.8997
m30-idea-75,GBPUSD,BUY,0.11,2015-02-19 19:30:00+00:00,1.54101,1.5388168968569762,,2015-02-19 21:30:00+00:00,1.54117,DISCRETIONARY_EXIT,False,1.7600,0.5500,1.2100,0.0490
m30-idea-76,GBPUSD,BUY,0.21,2015-02-20 06:30:00+00:00,1.5423600000000002,1.5412648092806178,,2015-02-20 08:00:00+00:00,1.54309,DISCRETIONARY_EXIT,False,15.3300,1.0500,14.2800,0.5938
m30-idea-77,GBPUSD,BUY,0.13,2015-02-20 09:30:00+00:00,1.53559,1.5337950089379968,,2015-02-20 12:00:00+00:00,1.53672,DISCRETIONARY_EXIT,False,14.6900,0.6500,14.0400,0.5854
m30-idea-78,EURUSD,BUY,0.07,2015-02-23 00:30:00+00:00,1.13649,1.1332713234454943,,2015-02-23 01:30:00+00:00,1.1378,DISCRETIONARY_EXIT,False,9.1700,0.3500,8.8200,0.3855
m30-idea-79,GBPUSD,BUY,0.1,2015-02-23 00:30:00+00:00,1.53797,1.5355979205308254,,2015-02-23 02:30:00+00:00,1.53818,DISCRETIONARY_EXIT,False,2.1000,0.5000,1.6000,0.0661
m30-idea-80,EURUSD,BUY,0.12,2015-02-23 05:30:00+00:00,1.13762,1.1356039050766777,,2015-02-23 07:00:00+00:00,1.13755,DISCRETIONARY_EXIT,False,-0.8400,0.6000,-1.4400,-0.0581
m30-idea-81,GBPUSD,BUY,0.14,2015-02-23 09:30:00+00:00,1.5371000000000001,1.5354140965745782,,2015-02-23 10:34:00+00:00,1.5354140965745782,SL,False,-23.6026,0.7000,-24.3026,-1.0000
m30-idea-82,EURUSD,SELL,0.11,2015-02-23 15:30:00+00:00,1.13374,1.1358528344324654,,2015-02-23 15:58:00+00:00,1.1358528344324654,SL,False,-23.2412,0.5500,-23.7912,-1.0000
m30-idea-83,GBPUSD,BUY,0.17,2015-02-24 02:00:00+00:00,1.54492,1.5435165334591232,,2015-02-24 02:45:00+00:00,1.5435165334591232,SL,False,-23.8589,0.8500,-24.7089,-1.0000
m30-idea-84,EURUSD,SELL,0.16,2015-02-25 07:30:00+00:00,1.1381,1.1395633520008308,,2015-02-25 08:30:00+00:00,1.13619,DISCRETIONARY_EXIT,False,30.5600,0.8000,29.7600,1.2291
m30-idea-85,GBPUSD,BUY,0.11,2015-02-25 13:00:00+00:00,1.5471000000000001,1.5449171591440378,,2015-02-25 14:00:00+00:00,1.54962,DISCRETIONARY_EXIT,False,27.7200,0.5500,27.1700,1.1062
m30-idea-86,GBPUSD,BUY,0.16,2015-02-26 08:30:00+00:00,1.5525,1.5509917539513964,,2015-02-26 10:00:00+00:00,1.55319,DISCRETIONARY_EXIT,False,11.0400,0.8000,10.2400,0.4107
m30-idea-87,GBPUSD,BUY,0.15,2015-02-26 12:30:00+00:00,1.5509300000000001,1.549346119029634,,2015-02-26 13:00:00+00:00,1.549346119029634,SL,False,-23.7582,0.7500,-24.5082,-1.0000
m30-idea-88,EURUSD,SELL,0.13,2015-02-27 00:30:00+00:00,1.12086,1.122642407027034,,2015-02-27 01:30:00+00:00,1.1204399999999999,DISCRETIONARY_EXIT,False,5.4600,0.6500,4.8100,0.2019
m30-idea-89,GBPUSD,SELL,0.13,2015-02-27 00:30:00+00:00,1.54232,1.5440900407478524,,2015-02-27 02:00:00+00:00,1.5428300000000001,DISCRETIONARY_EXIT,False,-6.6300,0.6500,-7.2800,-0.3077
m30-idea-90,EURUSD,SELL,0.18,2015-03-02 06:00:00+00:00,1.11815,1.119466796322675,,2015-03-02 07:00:00+00:00,1.11744,DISCRETIONARY_EXIT,False,12.7800,0.9000,11.8800,0.4829
m30-idea-91,GBPUSD,SELL,0.15,2015-03-02 06:00:00+00:00,1.54107,1.542595964175525,,2015-03-02 07:00:00+00:00,1.5400500000000001,DISCRETIONARY_EXIT,False,15.3000,0.7500,14.5500,0.6155
m30-idea-92,EURUSD,SELL,0.15,2015-03-02 10:00:00+00:00,1.12147,1.1230537526620308,,2015-03-02 11:20:00+00:00,1.1230537526620308,SL,False,-23.7563,0.7500,-24.5063,-1.0000
m30-idea-93,GBPUSD,SELL,0.15,2015-03-02 10:00:00+00:00,1.54172,1.5433328691271078,,2015-03-02 12:00:00+00:00,1.54048,DISCRETIONARY_EXIT,False,18.6000,0.7500,17.8500,0.7156
m30-idea-94,EURUSD,SELL,0.18,2015-03-03 02:00:00+00:00,1.11932,1.1205975882412136,,2015-03-03 04:00:00+00:00,1.11898,DISCRETIONARY_EXIT,False,6.1200,0.9000,5.2200,0.2184
m30-idea-95,GBPUSD,SELL,0.12,2015-03-03 15:00:00+00:00,1.53906,1.5409453534839128,,2015-03-03 18:30:00+00:00,1.53807,DISCRETIONARY_EXIT,False,11.8800,0.6000,11.2800,0.4857
m30-idea-96,EURUSD,SELL,0.17,2015-03-04 00:00:00+00:00,1.11825,1.1195897582076635,,2015-03-04 01:30:00+00:00,1.1178,DISCRETIONARY_EXIT,False,7.6500,0.8500,6.8000,0.2878
m30-idea-97,EURUSD,SELL,0.14,2015-03-04 22:30:00+00:00,1.10807,1.109699486417049,,2015-03-05 00:00:00+00:00,1.10801,DISCRETIONARY_EXIT,False,0.8400,0.7000,0.1400,0.0060
m30-idea-98,GBPUSD,SELL,0.12,2015-03-05 22:30:00+00:00,1.52492,1.5268580648403027,,2015-03-06 00:30:00+00:00,1.52397,DISCRETIONARY_EXIT,False,11.4000,0.6000,10.8000,0.4527
m30-idea-99,GBPUSD,SELL,0.09,2015-03-09 00:00:00+00:00,1.50607,1.5085990100567583,,2015-03-09 02:30:00+00:00,1.5054400000000001,DISCRETIONARY_EXIT,False,5.6700,0.4500,5.2200,0.2249
m30-idea-100,GBPUSD,SELL,0.14,2015-03-09 06:00:00+00:00,1.5068,1.5084719794427435,,2015-03-09 08:30:00+00:00,1.50712,DISCRETIONARY_EXIT,False,-4.4800,0.7000,-5.1800,-0.2149
m30-idea-101,EURUSD,SELL,0.16,2015-03-09 08:00:00+00:00,1.08576,1.0872148791717564,,2015-03-09 09:01:00+00:00,1.0872148791717564,SL,False,-23.2781,0.8000,-24.0781,-1.0000
m30-idea-102,GBPUSD,SELL,0.11,2015-03-09 19:30:00+00:00,1.51249,1.5145844674543851,,2015-03-09 21:30:00+00:00,1.51271,DISCRETIONARY_EXIT,False,-2.4200,0.5500,-2.9700,-0.1259
m30-idea-104,GBPUSD,SELL,0.12,2015-03-12 07:30:00+00:00,1.49473,1.4967102867960542,,2015-03-12 07:48:00+00:00,1.4967102867960542,SL,False,-23.7634,0.6000,-24.3634,-1.0000
m30-idea-103,EURUSD,SELL,0.09,2015-03-12 07:30:00+00:00,1.05352,1.0559896930021393,,2015-03-12 07:49:00+00:00,1.0559896930021393,SL,False,-22.2272,0.4500,-22.6772,-1.0000
m30-idea-105,EURUSD,SELL,0.06,2015-03-12 12:30:00+00:00,1.06322,1.0668230075791367,,2015-03-12 13:30:00+00:00,1.0668230075791367,SL,False,-21.6180,0.3000,-21.9180,-1.0000
m30-idea-106,GBPUSD,SELL,0.09,2015-03-16 02:30:00+00:00,1.47645,1.4789102631067335,,2015-03-16 04:00:00+00:00,1.47585,DISCRETIONARY_EXIT,False,5.4000,0.4500,4.9500,0.2191
m30-idea-107,EURUSD,SELL,0.08,2015-03-16 03:00:00+00:00,1.05264,1.0555224276942956,,2015-03-16 04:30:00+00:00,1.05187,DISCRETIONARY_EXIT,False,6.1600,0.4000,5.7600,0.2455
m30-idea-108,GBPUSD,SELL,0.11,2015-03-16 08:00:00+00:00,1.47769,1.47975217209663,,2015-03-16 10:00:00+00:00,1.47975217209663,SL,False,-22.6839,0.5500,-23.2339,-1.0000
m30-idea-109,EURUSD,SELL,0.08,2015-03-16 14:30:00+00:00,1.05739,1.060130345884833,,2015-03-16 14:53:00+00:00,1.060130345884833,SL,False,-21.9228,0.4000,-22.3228,-1.0000
m30-idea-110,GBPUSD,SELL,0.1,2015-03-16 14:30:00+00:00,1.48129,1.4835485804972186,,2015-03-16 15:30:00+00:00,1.4790800000000002,DISCRETIONARY_EXIT,False,22.1000,0.5000,21.6000,0.9356
m30-idea-111,EURUSD,SELL,0.07,2015-03-16 18:00:00+00:00,1.06136,1.0645101316340393,,2015-03-16 19:30:00+00:00,1.05846,DISCRETIONARY_EXIT,False,20.3000,0.3500,19.9500,0.8906
m30-idea-112,GBPUSD,SELL,0.08,2015-03-16 18:00:00+00:00,1.48434,1.4872002720092732,,2015-03-16 21:00:00+00:00,1.48316,DISCRETIONARY_EXIT,False,9.4400,0.4000,9.0400,0.3883
m30-idea-113,EURUSD,SELL,0.11,2015-03-17 00:30:00+00:00,1.05774,1.0599320114038635,,2015-03-17 01:30:00+00:00,1.05667,DISCRETIONARY_EXIT,False,11.7700,0.5500,11.2200,0.4549
m30-idea-114,EURUSD,SELL,0.11,2015-03-17 08:30:00+00:00,1.06,1.0621541269378099,,2015-03-17 10:00:00+00:00,1.05888,DISCRETIONARY_EXIT,False,12.3200,0.5500,11.7700,0.4855
m30-idea-116,GBPUSD,SELL,0.12,2015-03-18 02:30:00+00:00,1.47688,1.478790064490662,,2015-03-18 03:30:00+00:00,1.4759,DISCRETIONARY_EXIT,False,11.7600,0.6000,11.1600,0.4745
m30-idea-115,EURUSD,SELL,0.13,2015-03-18 02:00:00+00:00,1.06056,1.0623103323958902,,2015-03-18 04:30:00+00:00,1.06079,DISCRETIONARY_EXIT,False,-2.9900,0.6500,-3.6400,-0.1555
m30-idea-117,EURUSD,SELL,0.1,2015-03-18 17:00:00+00:00,1.0642,1.066590517354408,,2015-03-18 17:43:00+00:00,1.066590517354408,SL,False,-23.9052,0.5000,-24.4052,-1.0000
m30-idea-118,GBPUSD,SELL,0.07,2015-03-18 18:00:00+00:00,1.47066,1.4738335160036566,,2015-03-18 19:00:00+00:00,1.4738335160036566,SL,False,-22.2146,0.3500,-22.5646,-1.0000
m30-idea-119,EURUSD,SELL,0.05,2015-03-18 19:30:00+00:00,1.07514,1.0797754315818375,,2015-03-18 20:14:00+00:00,1.0797754315818375,SL,False,-23.1772,0.2500,-23.4272,-1.0000
m30-idea-120,EURUSD,BUY,0.04,2015-03-19 09:30:00+00:00,1.06535,1.0593978983923262,,2015-03-19 11:00:00+00:00,1.06906,DISCRETIONARY_EXIT,False,14.8400,0.2000,14.6400,0.6098
m30-idea-121,GBPUSD,SELL,0.06,2015-03-20 00:30:00+00:00,1.47628,1.4798180457390484,,2015-03-20 01:30:00+00:00,1.4750500000000002,DISCRETIONARY_EXIT,False,7.3800,0.3000,7.0800,0.3289
m30-idea-122,EURUSD,SELL,0.08,2015-03-20 03:00:00+00:00,1.06938,1.0723748146688779,,2015-03-20 05:00:00+00:00,1.06845,DISCRETIONARY_EXIT,False,7.4400,0.4000,7.0400,0.2890
m30-idea-123,GBPUSD,SELL,0.07,2015-03-20 13:30:00+00:00,1.48072,1.4838500093074698,,2015-03-20 13:50:00+00:00,1.4838500093074698,SL,False,-21.9101,0.3500,-22.2601,-1.0000
m30-idea-124,EURUSD,BUY,0.06,2015-03-23 01:30:00+00:00,1.08128,1.0775068343707255,,2015-03-23 04:30:00+00:00,1.08014,DISCRETIONARY_EXIT,False,-6.8400,0.3000,-7.1400,-0.3113
m30-idea-125,GBPUSD,BUY,0.07,2015-03-23 01:30:00+00:00,1.49346,1.4899983244111217,,2015-03-23 05:00:00+00:00,1.49363,DISCRETIONARY_EXIT,False,1.1900,0.3500,0.8400,0.0342
m30-idea-126,GBPUSD,BUY,0.08,2015-03-23 08:00:00+00:00,1.49058,1.4876540918046068,,2015-03-23 08:59:00+00:00,1.4876540918046068,SL,False,-23.4073,0.4000,-23.8073,-1.0000
m30-idea-127,EURUSD,BUY,0.07,2015-03-23 09:00:00+00:00,1.07907,1.075935312452955,,2015-03-23 10:30:00+00:00,1.08264,DISCRETIONARY_EXIT,False,24.9900,0.3500,24.6400,1.1053
m30-idea-129,GBPUSD,BUY,0.08,2015-03-24 02:30:00+00:00,1.4927100000000002,1.489846780881791,,2015-03-24 04:30:00+00:00,1.49379,DISCRETIONARY_EXIT,False,8.6400,0.4000,8.2400,0.3536
m30-idea-128,EURUSD,BUY,0.08,2015-03-24 02:30:00+00:00,1.0919699999999999,1.0890421877190994,,2015-03-24 06:00:00+00:00,1.0919,DISCRETIONARY_EXIT,False,-0.5600,0.4000,-0.9600,-0.0403
m30-idea-130,GBPUSD,BUY,0.07,2015-03-24 12:00:00+00:00,1.49255,1.4894070016631724,,2015-03-24 13:30:00+00:00,1.49429,DISCRETIONARY_EXIT,False,12.1800,0.3500,11.8300,0.5293
m30-idea-131,EURUSD,BUY,0.05,2015-03-24 15:30:00+00:00,1.09091,1.0862173451771036,,2015-03-24 17:30:00+00:00,1.09171,DISCRETIONARY_EXIT,False,4.0000,0.2500,3.7500,0.1581
m30-idea-132,EURUSD,BUY,0.09,2015-03-25 01:00:00+00:00,1.09056,1.0880944735937934,,2015-03-25 02:00:00+00:00,1.09192,DISCRETIONARY_EXIT,False,12.2400,0.4500,11.7900,0.5208
m30-idea-133,EURUSD,BUY,0.12,2015-03-25 08:00:00+00:00,1.09085,1.0889316922850143,,2015-03-25 09:00:00+00:00,1.09522,DISCRETIONARY_EXIT,False,52.4400,0.6000,51.8400,2.1948
m30-idea-134,GBPUSD,SELL,0.11,2015-03-26 08:30:00+00:00,1.49105,1.4932213364460143,,2015-03-26 09:02:00+00:00,1.4932213364460143,SL,False,-23.8847,0.5500,-24.4347,-1.0000
m30-idea-135,EURUSD,BUY,0.08,2015-03-26 12:30:00+00:00,1.0996,1.0968676980116467,,2015-03-26 13:30:00+00:00,1.10143,DISCRETIONARY_EXIT,False,14.6400,0.4000,14.2400,0.6398
m30-idea-136,EURUSD,BUY,0.06,2015-03-26 15:30:00+00:00,1.09183,1.0880355031873012,,2015-03-26 18:30:00+00:00,1.0880355031873012,SL,False,-22.7670,0.3000,-23.0670,-1.0000
m30-idea-137,EURUSD,SELL,0.09,2015-03-27 12:30:00+00:00,1.08504,1.0877133482051522,,2015-03-27 13:30:00+00:00,1.0877133482051522,SL,False,-24.0601,0.4500,-24.5101,-1.0000
m30-idea-138,GBPUSD,SELL,0.08,2015-03-27 12:30:00+00:00,1.49072,1.4937784897462545,,2015-03-27 14:00:00+00:00,1.48987,DISCRETIONARY_EXIT,False,6.8000,0.4000,6.4000,0.2574
m30-idea-139,EURUSD,BUY,0.07,2015-03-29 22:00:00+00:00,1.08866,1.0852346813855427,,2015-03-29 23:30:00+00:00,1.08936,DISCRETIONARY_EXIT,False,4.9000,0.3500,4.5500,0.1870
m30-idea-140,EURUSD,BUY,0.08,2015-03-30 01:30:00+00:00,1.08674,1.0839321653547378,,2015-03-30 03:30:00+00:00,1.08787,DISCRETIONARY_EXIT,False,9.0400,0.4000,8.6400,0.3779
m30-idea-141,EURUSD,BUY,0.11,2015-03-30 05:30:00+00:00,1.08619,1.0840240440308608,,2015-03-30 07:00:00+00:00,1.08726,DISCRETIONARY_EXIT,False,11.7700,0.5500,11.2200,0.4603
m30-idea-142,EURUSD,BUY,0.1,2015-03-30 08:30:00+00:00,1.08387,1.0814943117370783,,2015-03-30 10:00:00+00:00,1.0862,DISCRETIONARY_EXIT,False,23.3000,0.5000,22.8000,0.9399
m30-idea-143,GBPUSD,SELL,0.06,2015-03-31 16:30:00+00:00,1.48552,1.4893364634179111,,2015-03-31 18:00:00+00:00,1.48449,DISCRETIONARY_EXIT,False,6.1800,0.3000,5.8800,0.2535
m30-idea-144,EURUSD,SELL,0.09,2015-03-31 20:30:00+00:00,1.07478,1.0772739749627356,,2015-03-31 21:30:00+00:00,1.07443,DISCRETIONARY_EXIT,False,3.1500,0.4500,2.7000,0.1179
m30-idea-145,EURUSD,SELL,0.11,2015-04-01 02:30:00+00:00,1.07737,1.0795269529411011,,2015-04-01 06:30:00+00:00,1.0776999999999999,DISCRETIONARY_EXIT,False,-3.6300,0.5500,-4.1800,-0.1722
m30-idea-146,EURUSD,SELL,0.11,2015-04-01 23:30:00+00:00,1.07728,1.079482803536992,,2015-04-02 00:30:00+00:00,1.07675,DISCRETIONARY_EXIT,False,5.8300,0.5500,5.2800,0.2131
m30-idea-147,EURUSD,SELL,0.14,2015-04-02 06:30:00+00:00,1.07822,1.079912447341217,,2015-04-02 07:21:00+00:00,1.079912447341217,SL,False,-23.6943,0.7000,-24.3943,-1.0000
m30-idea-148,GBPUSD,SELL,0.12,2015-04-02 07:30:00+00:00,1.48574,1.4877493008570024,,2015-04-02 09:00:00+00:00,1.48412,DISCRETIONARY_EXIT,False,19.4400,0.6000,18.8400,0.7624
m30-idea-149,GBPUSD,SELL,0.07,2015-04-02 17:30:00+00:00,1.48527,1.4886031898551921,,2015-04-02 18:30:00+00:00,1.48415,DISCRETIONARY_EXIT,False,7.8400,0.3500,7.4900,0.3163
m30-idea-150,EURUSD,BUY,0.12,2015-04-03 00:30:00+00:00,1.08722,1.0853411371631465,,2015-04-03 03:30:00+00:00,1.08698,DISCRETIONARY_EXIT,False,-2.8800,0.6000,-3.4800,-0.1503
m30-idea-151,GBPUSD,SELL,0.16,2015-04-03 07:00:00+00:00,1.48388,1.4853650312982316,,2015-04-03 08:00:00+00:00,1.48307,DISCRETIONARY_EXIT,False,12.9600,0.8000,12.1600,0.4951
m30-idea-152,EURUSD,BUY,0.08,2015-04-03 18:00:00+00:00,1.0971,1.094212740906886,,2015-04-03 19:00:00+00:00,1.09831,DISCRETIONARY_EXIT,False,9.6800,0.4000,9.2800,0.3949
m30-idea-153,GBPUSD,BUY,0.11,2015-04-06 03:00:00+00:00,1.49059,1.4883981626155913,,2015-04-06 04:00:00+00:00,1.49209,DISCRETIONARY_EXIT,False,16.5000,0.5500,15.9500,0.6468
m30-idea-155,GBPUSD,BUY,0.11,2015-04-06 18:30:00+00:00,1.4939,1.4918208991451232,,2015-04-06 20:02:00+00:00,1.4918208991451232,SL,False,-22.8701,0.5500,-23.4201,-1.0000
m30-idea-154,EURUSD,BUY,0.11,2015-04-06 17:30:00+00:00,1.09924,1.0970369282301018,,2015-04-06 20:04:00+00:00,1.0970369282301018,SL,False,-24.2338,0.5500,-24.7838,-1.0000
m30-idea-156,EURUSD,SELL,0.12,2015-04-08 02:30:00+00:00,1.08408,1.085974340932313,,2015-04-08 03:30:00+00:00,1.083,DISCRETIONARY_EXIT,False,12.9600,0.6000,12.3600,0.5297
m30-idea-158,GBPUSD,SELL,0.13,2015-04-08 06:00:00+00:00,1.48391,1.4856694157887167,,2015-04-08 07:27:00+00:00,1.4856694157887167,SL,False,-22.8724,0.6500,-23.5224,-1.0000
m30-idea-157,EURUSD,SELL,0.14,2015-04-08 05:30:00+00:00,1.08443,1.0861222319245378,,2015-04-08 08:00:00+00:00,1.08461,DISCRETIONARY_EXIT,False,-2.5200,0.7000,-3.2200,-0.1320
m30-idea-159,GBPUSD,SELL,0.12,2015-04-08 07:30:00+00:00,1.48562,1.4875519757608637,,2015-04-08 08:02:00+00:00,1.4875519757608637,SL,False,-23.1837,0.6000,-23.7837,-1.0000
m30-idea-160,GBPUSD,BUY,0.07,2015-04-08 16:00:00+00:00,1.4924600000000001,1.489230145057868,,2015-04-08 19:00:00+00:00,1.489230145057868,SL,False,-22.6090,0.3500,-22.9590,-1.0000
m30-idea-162,GBPUSD,SELL,0.07,2015-04-09 12:30:00+00:00,1.48371,1.4869051125053356,,2015-04-09 13:30:00+00:00,1.4810100000000002,DISCRETIONARY_EXIT,False,18.9000,0.3500,18.5500,0.8166
m30-idea-161,EURUSD,SELL,0.09,2015-04-09 12:30:00+00:00,1.07688,1.0793506217753541,,2015-04-09 14:00:00+00:00,1.07439,DISCRETIONARY_EXIT,False,22.4100,0.4500,21.9600,0.9680
m30-idea-163,EURUSD,SELL,0.13,2015-04-10 02:00:00+00:00,1.06743,1.0691781714514363,,2015-04-10 04:00:00+00:00,1.06718,DISCRETIONARY_EXIT,False,3.2500,0.6500,2.6000,0.1112
m30-idea-164,GBPUSD,SELL,0.11,2015-04-10 03:00:00+00:00,1.47239,1.474540432139209,,2015-04-10 04:00:00+00:00,1.4708700000000001,DISCRETIONARY_EXIT,False,16.7200,0.5500,16.1700,0.6681
m30-idea-165,EURUSD,SELL,0.12,2015-04-13 08:00:00+00:00,1.06061,1.0626013466244368,,2015-04-13 09:00:00+00:00,1.05658,DISCRETIONARY_EXIT,False,48.3600,0.6000,47.7600,1.9497
m30-idea-166,GBPUSD,SELL,0.08,2015-04-13 13:30:00+00:00,1.46333,1.4663347028581015,,2015-04-13 14:07:00+00:00,1.4663347028581015,SL,False,-24.0376,0.4000,-24.4376,-1.0000
m30-idea-167,GBPUSD,SELL,0.07,2015-04-13 17:30:00+00:00,1.46769,1.471128187066797,,2015-04-13 22:00:00+00:00,1.4676200000000001,DISCRETIONARY_EXIT,False,0.4900,0.3500,0.1400,0.0057
m30-idea-168,EURUSD,SELL,0.12,2015-04-14 02:00:00+00:00,1.05913,1.0610655469986183,,2015-04-14 03:00:00+00:00,1.05756,DISCRETIONARY_EXIT,False,18.8400,0.6000,18.2400,0.7655
m30-idea-169,GBPUSD,SELL,0.11,2015-04-14 08:00:00+00:00,1.46741,1.4694637313988326,,2015-04-14 09:00:00+00:00,1.46469,DISCRETIONARY_EXIT,False,29.9200,0.5500,29.3700,1.2692
m30-idea-170,GBPUSD,SELL,0.08,2015-04-14 13:00:00+00:00,1.4664,1.469163080280071,,2015-04-14 13:31:00+00:00,1.469163080280071,SL,False,-22.1046,0.4000,-22.5046,-1.0000
m30-idea-171,EURUSD,SELL,0.07,2015-04-14 14:00:00+00:00,1.06369,1.0667791117937457,,2015-04-14 14:01:00+00:00,1.0667791117937457,SL,False,-21.6238,0.3500,-21.9738,-1.0000
m30-idea-172,GBPUSD,BUY,0.11,2015-04-15 01:30:00+00:00,1.47587,1.4737944176983562,,2015-04-15 03:00:00+00:00,1.47562,DISCRETIONARY_EXIT,False,-2.7500,0.5500,-3.3000,-0.1411
m30-idea-173,EURUSD,SELL,0.14,2015-04-15 07:30:00+00:00,1.06464,1.0663333682021814,,2015-04-15 07:36:00+00:00,1.0663333682021814,SL,False,-23.7072,0.7000,-24.4072,-1.0000
m30-idea-174,EURUSD,SELL,0.06,2015-04-15 14:30:00+00:00,1.06547,1.068993912473543,,2015-04-15 16:00:00+00:00,1.06099,DISCRETIONARY_EXIT,False,26.8800,0.3000,26.5800,1.2395
m30-idea-175,EURUSD,SELL,0.05,2015-04-15 18:30:00+00:00,1.06827,1.0725481611372643,,2015-04-15 22:30:00+00:00,1.06814,DISCRETIONARY_EXIT,False,0.6500,0.2500,0.4000,0.0185
m30-idea-176,EURUSD,SELL,0.07,2015-04-16 01:30:00+00:00,1.0732,1.0764835236600365,,2015-04-16 03:00:00+00:00,1.07161,DISCRETIONARY_EXIT,False,11.1300,0.3500,10.7800,0.4620
m30-idea-177,GBPUSD,BUY,0.1,2015-04-16 07:00:00+00:00,1.48293,1.4806373762816747,,2015-04-16 08:30:00+00:00,1.48447,DISCRETIONARY_EXIT,False,15.4000,0.5000,14.9000,0.6360
m30-idea-178,EURUSD,SELL,0.07,2015-04-16 11:30:00+00:00,1.06942,1.0728675009062087,,2015-04-16 11:44:00+00:00,1.0728675009062087,SL,False,-24.1325,0.3500,-24.4825,-1.0000
m30-idea-179,GBPUSD,BUY,0.05,2015-04-17 16:30:00+00:00,1.4939900000000002,1.4898496768160117,,2015-04-17 18:30:00+00:00,1.49506,DISCRETIONARY_EXIT,False,5.3500,0.2500,5.1000,0.2434
m30-idea-180,GBPUSD,BUY,0.1,2015-04-20 08:30:00+00:00,1.49434,1.4919817454323998,,2015-04-20 09:30:00+00:00,1.49693,DISCRETIONARY_EXIT,False,25.9000,0.5000,25.4000,1.0547
m30-idea-181,EURUSD,BUY,0.09,2015-04-20 10:00:00+00:00,1.0754,1.0727765518296135,,2015-04-20 11:30:00+00:00,1.07605,DISCRETIONARY_EXIT,False,5.8500,0.4500,5.4000,0.2244
m30-idea-183,GBPUSD,BUY,0.09,2015-04-20 19:00:00+00:00,1.4896900000000002,1.4870089123551684,,2015-04-20 20:00:00+00:00,1.49033,DISCRETIONARY_EXIT,False,5.7600,0.4500,5.3100,0.2160
m30-idea-182,EURUSD,BUY,0.09,2015-04-20 19:00:00+00:00,1.07293,1.0702752011742085,,2015-04-20 20:30:00+00:00,1.07369,DISCRETIONARY_EXIT,False,6.8400,0.4500,6.3900,0.2625
m30-idea-184,GBPUSD,BUY,0.12,2015-04-21 08:00:00+00:00,1.4865000000000002,1.4844677253944292,,2015-04-21 10:00:00+00:00,1.48768,DISCRETIONARY_EXIT,False,14.1600,0.6000,13.5600,0.5427
m30-idea-185,EURUSD,SELL,0.1,2015-04-21 14:00:00+00:00,1.07143,1.0737842764165,,2015-04-21 15:00:00+00:00,1.06894,DISCRETIONARY_EXIT,False,24.9000,0.5000,24.4000,1.0149
m30-idea-186,EURUSD,BUY,0.08,2015-04-22 13:30:00+00:00,1.07392,1.0711280842559778,,2015-04-22 14:04:00+00:00,1.0711280842559778,SL,False,-22.3353,0.4000,-22.7353,-1.0000
m30-idea-187,GBPUSD,BUY,0.1,2015-04-22 23:00:00+00:00,1.5034500000000002,1.501186938151896,,2015-04-23 00:00:00+00:00,1.50359,DISCRETIONARY_EXIT,False,1.4000,0.5000,0.9000,0.0389
m30-idea-188,GBPUSD,BUY,0.12,2015-04-23 02:30:00+00:00,1.50194,1.499975762891462,,2015-04-23 04:30:00+00:00,1.50239,DISCRETIONARY_EXIT,False,5.4000,0.6000,4.8000,0.1986
m30-idea-189,GBPUSD,BUY,0.12,2015-04-23 08:00:00+00:00,1.4996,1.4975721358742191,,2015-04-23 08:30:00+00:00,1.4975721358742191,SL,False,-24.3344,0.6000,-24.9344,-1.0000
m30-idea-190,GBPUSD,BUY,0.12,2015-04-24 00:30:00+00:00,1.5048400000000002,1.5028397054851268,,2015-04-24 02:00:00+00:00,1.50598,DISCRETIONARY_EXIT,False,13.6800,0.6000,13.0800,0.5316
m30-idea-191,EURUSD,BUY,0.11,2015-04-24 01:30:00+00:00,1.08103,1.078964200216093,,2015-04-24 04:09:00+00:00,1.078964200216093,SL,False,-22.7238,0.5500,-23.2738,-1.0000
m30-idea-192,EURUSD,BUY,0.11,2015-04-24 04:30:00+00:00,1.07916,1.0771167525948264,,2015-04-24 06:00:00+00:00,1.08036,DISCRETIONARY_EXIT,False,13.2000,0.5500,12.6500,0.5494
m30-idea-193,EURUSD,BUY,0.07,2015-04-24 11:30:00+00:00,1.08242,1.0792408510704568,,2015-04-24 13:30:00+00:00,1.08482,DISCRETIONARY_EXIT,False,16.8000,0.3500,16.4500,0.7277
m30-idea-194,GBPUSD,BUY,0.11,2015-04-27 08:00:00+00:00,1.51444,1.512354482169653,,2015-04-27 11:40:00+00:00,1.512354482169653,SL,False,-22.9407,0.5500,-23.4907,-1.0000
m30-idea-195,GBPUSD,BUY,0.09,2015-04-27 13:00:00+00:00,1.5120900000000002,1.5095011630689208,,2015-04-27 14:00:00+00:00,1.51325,DISCRETIONARY_EXIT,False,10.4400,0.4500,9.9900,0.4206
m30-idea-196,EURUSD,BUY,0.1,2015-04-27 23:30:00+00:00,1.08693,1.0845114019215931,,2015-04-28 02:00:00+00:00,1.0878,DISCRETIONARY_EXIT,False,8.7000,0.5000,8.2000,0.3322
m30-idea-197,GBPUSD,BUY,0.05,2015-04-29 19:30:00+00:00,1.54153,1.5371399447130916,,2015-04-29 21:30:00+00:00,1.54332,DISCRETIONARY_EXIT,False,8.9500,0.2500,8.7000,0.3919
m30-idea-198,EURUSD,BUY,0.11,2015-04-30 05:30:00+00:00,1.11037,1.1081878506308505,,2015-04-30 07:02:00+00:00,1.1081878506308505,SL,False,-24.0036,0.5500,-24.5536,-1.0000
m30-idea-199,GBPUSD,BUY,0.12,2015-04-30 05:30:00+00:00,1.54214,1.5401067147584786,,2015-04-30 08:00:00+00:00,1.54301,DISCRETIONARY_EXIT,False,10.4400,0.6000,9.8400,0.3936
m30-idea-200,GBPUSD,BUY,0.05,2015-04-30 17:00:00+00:00,1.53274,1.5284856797231035,,2015-04-30 19:30:00+00:00,1.53351,DISCRETIONARY_EXIT,False,3.8500,0.2500,3.6000,0.1673
m30-idea-201,GBPUSD,BUY,0.1,2015-05-01 03:30:00+00:00,1.53397,1.531642325847756,,2015-05-01 05:00:00+00:00,1.53433,DISCRETIONARY_EXIT,False,3.6000,0.5000,3.1000,0.1304
m30-idea-202,EURUSD,BUY,0.06,2015-05-01 17:00:00+00:00,1.11952,1.1156613931211534,,2015-05-01 19:00:00+00:00,1.11975,DISCRETIONARY_EXIT,False,1.3800,0.3000,1.0800,0.0461
m30-idea-203,EURUSD,BUY,0.11,2015-05-04 09:00:00+00:00,1.11523,1.1130186790963206,,2015-05-04 10:45:00+00:00,1.1130186790963206,SL,False,-24.3245,0.5500,-24.8745,-1.0000
m30-idea-204,GBPUSD,SELL,0.15,2015-05-05 02:30:00+00:00,1.5125,1.5140453153775009,,2015-05-05 03:30:00+00:00,1.51183,DISCRETIONARY_EXIT,False,10.0500,0.7500,9.3000,0.3886
m30-idea-205,EURUSD,BUY,0.18,2015-05-05 04:30:00+00:00,1.11357,1.1122370287566454,,2015-05-05 06:30:00+00:00,1.11389,DISCRETIONARY_EXIT,False,5.7600,0.9000,4.8600,0.1952
m30-idea-206,GBPUSD,SELL,0.17,2015-05-05 06:30:00+00:00,1.51287,1.5142390644466914,,2015-05-05 07:30:00+00:00,1.5106000000000002,DISCRETIONARY_EXIT,False,38.5900,0.8500,37.7400,1.5644
m30-idea-207,EURUSD,BUY,0.13,2015-05-05 08:00:00+00:00,1.10913,1.1072601443274843,,2015-05-05 09:24:00+00:00,1.1072601443274843,SL,False,-24.3081,0.6500,-24.9581,-1.0000
m30-idea-208,EURUSD,BUY,0.08,2015-05-06 10:30:00+00:00,1.12067,1.1176334551774834,,2015-05-06 11:30:00+00:00,1.12377,DISCRETIONARY_EXIT,False,24.8000,0.4000,24.4000,0.9882
m30-idea-209,EURUSD,BUY,0.09,2015-05-06 23:30:00+00:00,1.13421,1.131612113835315,,2015-05-07 03:30:00+00:00,1.13364,DISCRETIONARY_EXIT,False,-5.1300,0.4500,-5.5800,-0.2341
m30-idea-210,GBPUSD,BUY,0.12,2015-05-07 02:30:00+00:00,1.5231000000000001,1.5211246391258582,,2015-05-07 03:30:00+00:00,1.52378,DISCRETIONARY_EXIT,False,8.1600,0.6000,7.5600,0.3111
m30-idea-211,GBPUSD,BUY,0.11,2015-05-07 08:00:00+00:00,1.5201500000000001,1.5179635169335632,,2015-05-07 09:21:00+00:00,1.5179635169335632,SL,False,-24.0513,0.5500,-24.6013,-1.0000
m30-idea-212,EURUSD,BUY,0.07,2015-05-07 13:00:00+00:00,1.12981,1.1263793488446947,,2015-05-07 13:33:00+00:00,1.1263793488446947,SL,False,-24.0146,0.3500,-24.3646,-1.0000
m30-idea-213,EURUSD,BUY,0.06,2015-05-07 16:00:00+00:00,1.12616,1.1222027566934685,,2015-05-07 17:00:00+00:00,1.12822,DISCRETIONARY_EXIT,False,12.3600,0.3000,12.0600,0.5016
m30-idea-214,EURUSD,BUY,0.08,2015-05-07 23:00:00+00:00,1.12518,1.1224081693171397,,2015-05-08 01:30:00+00:00,1.12499,DISCRETIONARY_EXIT,False,-1.5200,0.4000,-1.9200,-0.0851
m30-idea-215,EURUSD,BUY,0.09,2015-05-08 03:30:00+00:00,1.12271,1.1202267658059493,,2015-05-08 04:46:00+00:00,1.1202267658059493,SL,False,-22.3491,0.4500,-22.7991,-1.0000
m30-idea-216,GBPUSD,BUY,0.05,2015-05-08 12:00:00+00:00,1.54244,1.5377375152671648,,2015-05-08 13:30:00+00:00,1.54362,DISCRETIONARY_EXIT,False,5.9000,0.2500,5.6500,0.2378
m30-idea-217,GBPUSD,BUY,0.04,2015-05-08 15:30:00+00:00,1.5378500000000002,1.532442514900695,,2015-05-08 16:30:00+00:00,1.54427,DISCRETIONARY_EXIT,False,25.6800,0.2000,25.4800,1.1672
m30-idea-219,EURUSD,BUY,0.09,2015-05-11 00:30:00+00:00,1.11935,1.1167584123840641,,2015-05-11 01:30:00+00:00,1.12001,DISCRETIONARY_EXIT,False,5.9400,0.4500,5.4900,0.2309
m30-idea-218,GBPUSD,BUY,0.07,2015-05-11 00:00:00+00:00,1.5441,1.5408709593685923,,2015-05-11 01:30:00+00:00,1.54425,DISCRETIONARY_EXIT,False,1.0500,0.3500,0.7000,0.0305
m30-idea-220,GBPUSD,BUY,0.1,2015-05-12 00:00:00+00:00,1.55759,1.555173537686237,,2015-05-12 04:00:00+00:00,1.55744,DISCRETIONARY_EXIT,False,-1.5000,0.5000,-2.0000,-0.0811
m30-idea-221,EURUSD,BUY,0.08,2015-05-12 13:00:00+00:00,1.12369,1.1209532380329734,,2015-05-12 15:00:00+00:00,1.12498,DISCRETIONARY_EXIT,False,10.3200,0.4000,9.9200,0.4450
m30-idea-222,EURUSD,BUY,0.09,2015-05-12 20:30:00+00:00,1.12176,1.119279905783468,,2015-05-12 22:30:00+00:00,1.12171,DISCRETIONARY_EXIT,False,-0.4500,0.4500,-0.9000,-0.0395
m30-idea-223,GBPUSD,BUY,0.08,2015-05-12 21:30:00+00:00,1.5667000000000002,1.563855650141786,,2015-05-12 22:30:00+00:00,1.5675,DISCRETIONARY_EXIT,False,6.4000,0.4000,6.0000,0.2591
m30-idea-224,GBPUSD,BUY,0.11,2015-05-13 08:00:00+00:00,1.5664900000000002,1.5644499699867052,,2015-05-13 09:00:00+00:00,1.57012,DISCRETIONARY_EXIT,False,39.9300,0.5500,39.3800,1.7129
m30-idea-225,EURUSD,BUY,0.06,2015-05-14 15:00:00+00:00,1.14032,1.1367510149624156,,2015-05-14 15:56:00+00:00,1.1367510149624156,SL,False,-21.4139,0.3000,-21.7139,-1.0000
m30-idea-226,GBPUSD,BUY,0.07,2015-05-14 15:30:00+00:00,1.57738,1.5740301921646322,,2015-05-14 18:30:00+00:00,1.57595,DISCRETIONARY_EXIT,False,-10.0100,0.3500,-10.3600,-0.4353
m30-idea-227,EURUSD,BUY,0.11,2015-05-15 00:30:00+00:00,1.14004,1.137859146195441,,2015-05-15 01:30:00+00:00,1.14089,DISCRETIONARY_EXIT,False,9.3500,0.5500,8.8000,0.3586
m30-idea-228,EURUSD,BUY,0.12,2015-05-15 07:00:00+00:00,1.13843,1.1365386639151653,,2015-05-15 08:00:00+00:00,1.14145,DISCRETIONARY_EXIT,False,36.2400,0.6000,35.6400,1.5299
m30-idea-229,GBPUSD,BUY,0.1,2015-05-15 12:30:00+00:00,1.5722,1.5698385849067276,,2015-05-15 14:00:00+00:00,1.57231,DISCRETIONARY_EXIT,False,1.1000,0.5000,0.6000,0.0249
m30-idea-230,GBPUSD,BUY,0.08,2015-05-15 19:30:00+00:00,1.5744,1.5715042013192662,,2015-05-17 22:00:00+00:00,1.57412,TIMEOUT_EXIT,False,-2.2400,0.4000,-2.6400,-0.1120
m30-idea-231,EURUSD,BUY,0.11,2015-05-18 03:00:00+00:00,1.14236,1.1402277215952434,,2015-05-18 04:00:00+00:00,1.1433,DISCRETIONARY_EXIT,False,10.3400,0.5500,9.7900,0.4078
m30-idea-232,GBPUSD,BUY,0.11,2015-05-18 03:00:00+00:00,1.57078,1.5686753611757507,,2015-05-18 04:30:00+00:00,1.57183,DISCRETIONARY_EXIT,False,11.5500,0.5500,11.0000,0.4641
m30-idea-233,GBPUSD,BUY,0.13,2015-05-18 08:00:00+00:00,1.57092,1.5691379193900528,,2015-05-18 08:08:00+00:00,1.5691379193900528,SL,False,-23.1670,0.6500,-23.8170,-1.0000
m30-idea-234,EURUSD,BUY,0.1,2015-05-18 08:30:00+00:00,1.13963,1.1374037579094312,,2015-05-18 09:08:00+00:00,1.1374037579094312,SL,False,-22.2624,0.5000,-22.7624,-1.0000
m30-idea-235,EURUSD,BUY,0.07,2015-05-18 20:00:00+00:00,1.13045,1.127334892059685,,2015-05-18 21:30:00+00:00,1.13145,DISCRETIONARY_EXIT,False,7.0000,0.3500,6.6500,0.3001
m30-idea-236,GBPUSD,BUY,0.13,2015-05-19 03:00:00+00:00,1.5634800000000002,1.561698953795373,,2015-05-19 04:00:00+00:00,1.56461,DISCRETIONARY_EXIT,False,14.6900,0.6500,14.0400,0.5898
m30-idea-237,GBPUSD,SELL,0.08,2015-05-20 11:00:00+00:00,1.55259,1.5553232756709732,,2015-05-20 11:22:00+00:00,1.5553232756709732,SL,False,-21.8662,0.4000,-22.2662,-1.0000
m30-idea-238,EURUSD,SELL,0.06,2015-05-20 19:30:00+00:00,1.11331,1.1168362162925358,,2015-05-20 20:30:00+00:00,1.11054,DISCRETIONARY_EXIT,False,16.6200,0.3000,16.3200,0.7606
m30-idea-239,EURUSD,SELL,0.1,2015-05-21 02:00:00+00:00,1.11171,1.1141331874744338,,2015-05-21 06:30:00+00:00,1.11196,DISCRETIONARY_EXIT,False,-2.5000,0.5000,-3.0000,-0.1213
m30-idea-241,GBPUSD,SELL,0.08,2015-05-21 09:30:00+00:00,1.56332,1.5660519262207844,,2015-05-21 09:51:00+00:00,1.5660519262207844,SL,False,-21.8554,0.4000,-22.2554,-1.0000
m30-idea-240,EURUSD,SELL,0.08,2015-05-21 09:30:00+00:00,1.11637,1.1194427568188525,,2015-05-21 11:00:00+00:00,1.11406,DISCRETIONARY_EXIT,False,18.4800,0.4000,18.0800,0.7237
m30-idea-242,EURUSD,SELL,0.13,2015-05-22 01:30:00+00:00,1.11181,1.1136809975824713,,2015-05-22 03:23:00+00:00,1.1136809975824713,SL,False,-24.3230,0.6500,-24.9730,-1.0000
m30-idea-243,EURUSD,SELL,0.14,2015-05-22 05:00:00+00:00,1.11464,1.1163293215438097,,2015-05-22 07:00:00+00:00,1.1163293215438097,SL,False,-23.6505,0.7000,-24.3505,-1.0000
m30-idea-244,EURUSD,SELL,0.1,2015-05-22 11:00:00+00:00,1.11925,1.1214742141797334,,2015-05-22 12:30:00+00:00,1.11768,DISCRETIONARY_EXIT,False,15.7000,0.5000,15.2000,0.6684
m30-idea-245,GBPUSD,BUY,0.09,2015-05-22 12:30:00+00:00,1.5632300000000001,1.560659301856405,,2015-05-22 13:30:00+00:00,1.560659301856405,SL,False,-23.1363,0.4500,-23.5863,-1.0000
m30-idea-246,GBPUSD,SELL,0.14,2015-05-25 07:30:00+00:00,1.54845,1.550123726379859,,2015-05-25 07:48:00+00:00,1.550123726379859,SL,False,-23.4322,0.7000,-24.1322,-1.0000
m30-idea-247,EURUSD,SELL,0.12,2015-05-25 08:00:00+00:00,1.10041,1.1023682911222554,,2015-05-25 09:00:00+00:00,1.09745,DISCRETIONARY_EXIT,False,35.5200,0.6000,34.9200,1.4490
m30-idea-248,GBPUSD,SELL,0.22,2015-05-25 23:30:00+00:00,1.54722,1.5482848125375437,,2015-05-26 01:00:00+00:00,1.5471400000000002,DISCRETIONARY_EXIT,False,1.7600,1.1000,0.6600,0.0269
m30-idea-249,GBPUSD,SELL,0.13,2015-05-27 06:30:00+00:00,1.54148,1.5432847952136155,,2015-05-27 07:09:00+00:00,1.5432847952136155,SL,False,-23.4623,0.6500,-24.1123,-1.0000
m30-idea-250,EURUSD,SELL,0.11,2015-05-27 07:30:00+00:00,1.09251,1.0945642798682773,,2015-05-27 09:30:00+00:00,1.09169,DISCRETIONARY_EXIT,False,9.0200,0.5500,8.4700,0.3659
m30-idea-252,EURUSD,SELL,0.1,2015-05-28 07:30:00+00:00,1.0942,1.0965539958620003,,2015-05-28 08:30:00+00:00,1.0926,DISCRETIONARY_EXIT,False,16.0000,0.5000,15.5000,0.6448
m30-idea-251,GBPUSD,SELL,0.13,2015-05-28 07:00:00+00:00,1.53658,1.5384285433022937,,2015-05-28 08:30:00+00:00,1.5359500000000001,DISCRETIONARY_EXIT,False,8.1900,0.6500,7.5400,0.3055
m30-idea-254,GBPUSD,SELL,0.07,2015-05-28 18:30:00+00:00,1.53146,1.534913578413835,,2015-05-28 19:30:00+00:00,1.53013,DISCRETIONARY_EXIT,False,9.3100,0.3500,8.9600,0.3653
m30-idea-253,EURUSD,SELL,0.07,2015-05-28 18:30:00+00:00,1.0945,1.0980165582457002,,2015-05-28 20:30:00+00:00,1.09385,DISCRETIONARY_EXIT,False,4.5500,0.3500,4.2000,0.1682
m30-idea-255,GBPUSD,SELL,0.09,2015-05-29 00:00:00+00:00,1.53213,1.5346806946186733,,2015-05-29 01:00:00+00:00,1.5321500000000001,DISCRETIONARY_EXIT,False,-0.1800,0.4500,-0.6300,-0.0269
m30-idea-256,GBPUSD,SELL,0.13,2015-05-29 05:30:00+00:00,1.53371,1.535556510379862,,2015-05-29 06:30:00+00:00,1.53265,DISCRETIONARY_EXIT,False,13.7800,0.6500,13.1300,0.5326
m30-idea-257,EURUSD,SELL,0.1,2015-05-29 11:00:00+00:00,1.09869,1.1011291955417917,,2015-05-29 12:00:00+00:00,1.096,DISCRETIONARY_EXIT,False,26.9000,0.5000,26.4000,1.0606
m30-idea-258,GBPUSD,SELL,0.07,2015-05-29 15:00:00+00:00,1.52941,1.5326564071681783,,2015-05-29 16:00:00+00:00,1.5261900000000002,DISCRETIONARY_EXIT,False,22.5400,0.3500,22.1900,0.9617
m30-idea-259,GBPUSD,SELL,0.08,2015-06-01 14:00:00+00:00,1.52375,1.5266267288056274,,2015-06-01 14:26:00+00:00,1.5266267288056274,SL,False,-23.0138,0.4000,-23.4138,-1.0000
m30-idea-260,EURUSD,SELL,0.08,2015-06-01 14:30:00+00:00,1.09693,1.0997650566508177,,2015-06-01 15:30:00+00:00,1.09025,DISCRETIONARY_EXIT,False,53.4400,0.4000,53.0400,2.2980
m30-idea-261,EURUSD,SELL,0.08,2015-06-01 19:30:00+00:00,1.09303,1.095988817390411,,2015-06-01 21:00:00+00:00,1.09221,DISCRETIONARY_EXIT,False,6.5600,0.4000,6.1600,0.2559
m30-idea-262,EURUSD,SELL,0.14,2015-06-02 06:00:00+00:00,1.09362,1.0952843937150258,,2015-06-02 07:32:00+00:00,1.0952843937150258,SL,False,-23.3015,0.7000,-24.0015,-1.0000
m30-idea-263,GBPUSD,SELL,0.14,2015-06-02 06:30:00+00:00,1.52152,1.52315538810751,,2015-06-02 09:00:00+00:00,1.51842,DISCRETIONARY_EXIT,False,43.4000,0.7000,42.7000,1.8097
m30-idea-264,EURUSD,SELL,0.1,2015-06-02 08:30:00+00:00,1.09747,1.0998146848423147,,2015-06-02 11:08:00+00:00,1.0998146848423147,SL,False,-23.4468,0.5000,-23.9468,-1.0000
m30-idea-265,EURUSD,SELL,0.07,2015-06-02 11:30:00+00:00,1.10239,1.1055969774006058,,2015-06-02 12:26:00+00:00,1.1055969774006058,SL,False,-22.4488,0.3500,-22.7988,-1.0000
m30-idea-266,GBPUSD,SELL,0.06,2015-06-02 15:00:00+00:00,1.53168,1.5355943050231513,,2015-06-02 17:32:00+00:00,1.5355943050231513,SL,False,-23.4858,0.3000,-23.7858,-1.0000
m30-idea-267,GBPUSD,SELL,0.06,2015-06-02 18:00:00+00:00,1.53585,1.5395706262722553,,2015-06-02 20:30:00+00:00,1.5341900000000002,DISCRETIONARY_EXIT,False,9.9600,0.3000,9.6600,0.4270
m30-idea-268,EURUSD,BUY,0.09,2015-06-03 01:30:00+00:00,1.11385,1.1113491167174403,,2015-06-03 02:30:00+00:00,1.11478,DISCRETIONARY_EXIT,False,8.3700,0.4500,7.9200,0.3450
m30-idea-269,GBPUSD,SELL,0.07,2015-06-03 17:00:00+00:00,1.53474,1.5382336311144365,,2015-06-03 18:00:00+00:00,1.5330700000000002,DISCRETIONARY_EXIT,False,11.6900,0.3500,11.3400,0.4572
m30-idea-270,EURUSD,BUY,0.11,2015-06-04 08:00:00+00:00,1.12399,1.1219317092983105,,2015-06-04 09:00:00+00:00,1.1259,DISCRETIONARY_EXIT,False,21.0100,0.5500,20.4600,0.8822
m30-idea-271,GBPUSD,SELL,0.11,2015-06-04 09:30:00+00:00,1.53658,1.5387848664176484,,2015-06-04 09:34:00+00:00,1.5387848664176484,SL,False,-24.2535,0.5500,-24.8035,-1.0000
m30-idea-272,EURUSD,BUY,0.06,2015-06-04 14:00:00+00:00,1.12947,1.125778099471712,,2015-06-04 14:17:00+00:00,1.125778099471712,SL,False,-22.1514,0.3000,-22.4514,-1.0000
m30-idea-273,EURUSD,BUY,0.07,2015-06-04 23:00:00+00:00,1.12247,1.119198837274859,,2015-06-05 00:04:00+00:00,1.119198837274859,SL,False,-22.8981,0.3500,-23.2481,-1.0000
m30-idea-274,GBPUSD,BUY,0.14,2015-06-05 07:30:00+00:00,1.53455,1.5329070461663645,,2015-06-05 07:35:00+00:00,1.5329070461663645,SL,False,-23.0014,0.7000,-23.7014,-1.0000
m30-idea-275,EURUSD,BUY,0.08,2015-06-05 12:00:00+00:00,1.12225,1.1192188144368227,,2015-06-05 13:30:00+00:00,1.11431,SL_GAP,False,-63.5200,0.4000,-63.9200,-2.5932
m30-idea-276,GBPUSD,SELL,0.09,2015-06-08 13:30:00+00:00,1.52695,1.5295159810125494,,2015-06-08 14:12:00+00:00,1.5295159810125494,SL,False,-23.0938,0.4500,-23.5438,-1.0000
m30-idea-277,GBPUSD,SELL,0.08,2015-06-08 18:00:00+00:00,1.53073,1.533469907879154,,2015-06-08 18:17:00+00:00,1.533469907879154,SL,False,-21.9193,0.4000,-22.3193,-1.0000
m30-idea-278,GBPUSD,BUY,0.12,2015-06-09 01:30:00+00:00,1.5336500000000002,1.5317395373102636,,2015-06-09 02:30:00+00:00,1.53465,DISCRETIONARY_EXIT,False,12.0000,0.6000,11.4000,0.4846
m30-idea-279,GBPUSD,BUY,0.1,2015-06-09 08:30:00+00:00,1.53095,1.528666918752354,,2015-06-09 08:36:00+00:00,1.528666918752354,SL,False,-22.8308,0.5000,-23.3308,-1.0000
m30-idea-280,GBPUSD,BUY,0.13,2015-06-10 04:30:00+00:00,1.53804,1.5362595786458704,,2015-06-10 05:30:00+00:00,1.53974,DISCRETIONARY_EXIT,False,22.1000,0.6500,21.4500,0.9014
m30-idea-281,EURUSD,BUY,0.13,2015-06-10 05:00:00+00:00,1.12825,1.1263874635273041,,2015-06-10 06:00:00+00:00,1.12952,DISCRETIONARY_EXIT,False,16.5100,0.6500,15.8600,0.6379
m30-idea-282,EURUSD,BUY,0.06,2015-06-10 12:30:00+00:00,1.12784,1.1238636739340326,,2015-06-10 13:30:00+00:00,1.13008,DISCRETIONARY_EXIT,False,13.4400,0.3000,13.1400,0.5439
m30-idea-283,GBPUSD,BUY,0.07,2015-06-10 23:00:00+00:00,1.5513000000000001,1.5482197316084885,,2015-06-11 03:30:00+00:00,1.5496,DISCRETIONARY_EXIT,False,-11.9000,0.3500,-12.2500,-0.5591
m30-idea-284,EURUSD,BUY,0.09,2015-06-11 01:30:00+00:00,1.13022,1.127763456061921,,2015-06-11 04:00:00+00:00,1.1302,DISCRETIONARY_EXIT,False,-0.1800,0.4500,-0.6300,-0.0279
m30-idea-285,GBPUSD,BUY,0.1,2015-06-11 08:00:00+00:00,1.54645,1.5440554643110727,,2015-06-11 08:10:00+00:00,1.5440554643110727,SL,False,-23.9454,0.5000,-24.4454,-1.0000
m30-idea-286,EURUSD,BUY,0.09,2015-06-11 09:30:00+00:00,1.12571,1.1230109242383772,,2015-06-11 11:30:00+00:00,1.12653,DISCRETIONARY_EXIT,False,7.3800,0.4500,6.9300,0.2801
m30-idea-287,EURUSD,BUY,0.08,2015-06-11 13:00:00+00:00,1.12353,1.1207268956479477,,2015-06-11 13:30:00+00:00,1.11954,SL_GAP,False,-31.9200,0.4000,-32.3200,-1.4160
m30-idea-288,EURUSD,BUY,0.11,2015-06-12 06:00:00+00:00,1.12324,1.1211388860288722,,2015-06-12 08:30:00+00:00,1.12369,DISCRETIONARY_EXIT,False,4.9500,0.5500,4.4000,0.1860
m30-idea-289,GBPUSD,BUY,0.1,2015-06-12 10:00:00+00:00,1.5483,1.5459273856630016,,2015-06-12 11:30:00+00:00,1.55003,DISCRETIONARY_EXIT,False,17.3000,0.5000,16.8000,0.6935
m30-idea-290,EURUSD,SELL,0.07,2015-06-12 13:30:00+00:00,1.12277,1.1262557949797203,,2015-06-12 15:00:00+00:00,1.12251,DISCRETIONARY_EXIT,False,1.8200,0.3500,1.4700,0.0594
m30-idea-291,EURUSD,BUY,0.08,2015-06-14 23:00:00+00:00,1.12151,1.1184413440554404,,2015-06-15 01:00:00+00:00,1.12242,DISCRETIONARY_EXIT,False,7.2800,0.4000,6.8800,0.2758
m30-idea-292,GBPUSD,BUY,0.12,2015-06-15 07:00:00+00:00,1.55309,1.5511519266657134,,2015-06-15 08:00:00+00:00,1.55405,DISCRETIONARY_EXIT,False,11.5200,0.6000,10.9200,0.4577
m30-idea-293,GBPUSD,BUY,0.1,2015-06-15 10:30:00+00:00,1.55037,1.5479401087145939,,2015-06-15 13:00:00+00:00,1.55004,DISCRETIONARY_EXIT,False,-3.3000,0.5000,-3.8000,-0.1532
m30-idea-294,GBPUSD,BUY,0.14,2015-06-16 01:30:00+00:00,1.55943,1.5577782012302044,,2015-06-16 02:30:00+00:00,1.56,DISCRETIONARY_EXIT,False,7.9800,0.7000,7.2800,0.3056
m30-idea-295,GBPUSD,BUY,0.16,2015-06-16 07:30:00+00:00,1.5591700000000002,1.5577364145097568,,2015-06-16 08:30:00+00:00,1.56141,DISCRETIONARY_EXIT,False,35.8400,0.8000,35.0400,1.4762
m30-idea-296,GBPUSD,BUY,0.08,2015-06-16 10:00:00+00:00,1.5544900000000001,1.5515895450046318,,2015-06-16 11:30:00+00:00,1.55891,DISCRETIONARY_EXIT,False,35.3600,0.4000,34.9600,1.4811
m30-idea-297,GBPUSD,BUY,0.13,2015-06-17 01:00:00+00:00,1.564,1.562233546946413,,2015-06-17 02:30:00+00:00,1.56419,DISCRETIONARY_EXIT,False,2.4700,0.6500,1.8200,0.0771
m30-idea-298,EURUSD,BUY,0.17,2015-06-17 07:30:00+00:00,1.12469,1.12331844733341,,2015-06-17 08:30:00+00:00,1.12688,DISCRETIONARY_EXIT,False,37.2300,0.8500,36.3800,1.5054
m30-idea-299,EURUSD,BUY,0.1,2015-06-17 16:00:00+00:00,1.12338,1.1209457930643094,,2015-06-17 17:30:00+00:00,1.12512,DISCRETIONARY_EXIT,False,17.4000,0.5000,16.9000,0.6803
m30-idea-300,GBPUSD,BUY,0.11,2015-06-18 06:00:00+00:00,1.5831700000000002,1.5811233663226192,,2015-06-18 07:02:00+00:00,1.5811233663226192,SL,False,-22.5130,0.5500,-23.0630,-1.0000
m30-idea-301,GBPUSD,BUY,0.07,2015-06-18 15:30:00+00:00,1.58857,1.58548085101626,,2015-06-18 16:30:00+00:00,1.58952,DISCRETIONARY_EXIT,False,6.6500,0.3500,6.3000,0.2867
m30-idea-302,GBPUSD,BUY,0.08,2015-06-18 18:30:00+00:00,1.5858400000000001,1.5827827202337492,,2015-06-18 19:30:00+00:00,1.58724,DISCRETIONARY_EXIT,False,11.2000,0.4000,10.8000,0.4345
m30-idea-303,EURUSD,BUY,0.12,2015-06-19 05:30:00+00:00,1.13647,1.134591658037786,,2015-06-19 06:24:00+00:00,1.134591658037786,SL,False,-22.5401,0.6000,-23.1401,-1.0000
m30-idea-304,GBPUSD,BUY,0.16,2015-06-19 06:30:00+00:00,1.5871600000000001,1.5856977806065238,,2015-06-19 08:01:00+00:00,1.5856977806065238,SL,False,-23.3955,0.8000,-24.1955,-1.0000
m30-idea-305,EURUSD,BUY,0.12,2015-06-19 07:30:00+00:00,1.13412,1.1321573282022388,,2015-06-19 08:02:00+00:00,1.1321573282022388,SL,False,-23.5521,0.6000,-24.1521,-1.0000
m30-idea-307,GBPUSD,BUY,0.14,2015-06-19 09:00:00+00:00,1.58565,1.5839481017670056,,2015-06-19 10:30:00+00:00,1.58607,DISCRETIONARY_EXIT,False,5.8800,0.7000,5.1800,0.2112
m30-idea-306,EURUSD,BUY,0.1,2015-06-19 09:00:00+00:00,1.13179,1.1294740743660052,,2015-06-19 11:22:00+00:00,1.1294740743660052,SL,False,-23.1593,0.5000,-23.6593,-1.0000
m30-idea-308,EURUSD,BUY,0.1,2015-06-19 11:30:00+00:00,1.13011,1.1276816817371058,,2015-06-19 13:30:00+00:00,1.1311,DISCRETIONARY_EXIT,False,9.9000,0.5000,9.4000,0.3793
m30-idea-309,EURUSD,BUY,0.1,2015-06-22 09:00:00+00:00,1.1323,1.1299361181486385,,2015-06-22 11:00:00+00:00,1.13602,DISCRETIONARY_EXIT,False,37.2000,0.5000,36.7000,1.5204
m30-idea-310,GBPUSD,BUY,0.1,2015-06-22 12:00:00+00:00,1.5820100000000001,1.5796140379235846,,2015-06-22 14:00:00+00:00,1.58282,DISCRETIONARY_EXIT,False,8.1000,0.5000,7.6000,0.3107
m30-idea-312,GBPUSD,BUY,0.14,2015-06-23 02:30:00+00:00,1.58152,1.5798422721536869,,2015-06-23 02:58:00+00:00,1.5798422721536869,SL,False,-23.4882,0.7000,-24.1882,-1.0000
m30-idea-311,EURUSD,BUY,0.12,2015-06-23 02:30:00+00:00,1.13289,1.1309868206936786,,2015-06-23 03:15:00+00:00,1.1309868206936786,SL,False,-22.8382,0.6000,-23.4382,-1.0000
m30-idea-313,GBPUSD,BUY,0.08,2015-06-23 14:00:00+00:00,1.5746300000000002,1.5716293376275907,,2015-06-23 16:30:00+00:00,1.57495,DISCRETIONARY_EXIT,False,2.5600,0.4000,2.1600,0.0885
m30-idea-314,GBPUSD,BUY,0.1,2015-06-24 12:00:00+00:00,1.5756700000000001,1.5734441704589344,,2015-06-24 13:39:00+00:00,1.5734441704589344,SL,False,-22.2583,0.5000,-22.7583,-1.0000
m30-idea-315,EURUSD,SELL,0.08,2015-06-24 19:00:00+00:00,1.12091,1.1238316932230588,,2015-06-24 21:00:00+00:00,1.11966,DISCRETIONARY_EXIT,False,10.0000,0.4000,9.6000,0.4038
m30-idea-316,EURUSD,SELL,0.17,2015-06-26 07:30:00+00:00,1.1199,1.121304060445974,,2015-06-26 09:01:00+00:00,1.121304060445974,SL,False,-23.8690,0.8500,-24.7190,-1.0000
m30-idea-317,GBPUSD,BUY,0.13,2015-06-26 11:30:00+00:00,1.57356,1.5717434224916562,,2015-06-26 13:58:00+00:00,1.5717434224916562,SL,False,-23.6155,0.6500,-24.2655,-1.0000
m30-idea-318,GBPUSD,BUY,0.08,2015-06-28 22:30:00+00:00,1.5685,1.5657187387155527,,2015-06-29 00:00:00+00:00,1.57086,DISCRETIONARY_EXIT,False,18.8800,0.4000,18.4800,0.8159
m30-idea-319,EURUSD,SELL,0.06,2015-06-29 07:30:00+00:00,1.10783,1.1117785712897217,,2015-06-29 09:42:00+00:00,1.1117785712897217,SL,False,-23.6914,0.3000,-23.9914,-1.0000
m30-idea-320,EURUSD,BUY,0.07,2015-06-30 00:00:00+00:00,1.12165,1.1181414126073737,,2015-06-30 02:00:00+00:00,1.11997,DISCRETIONARY_EXIT,False,-11.7600,0.3500,-12.1100,-0.4861
m30-idea-321,GBPUSD,SELL,0.13,2015-07-01 06:00:00+00:00,1.57011,1.571935971363694,,2015-07-01 07:00:00+00:00,1.56969,DISCRETIONARY_EXIT,False,5.4600,0.6500,4.8100,0.1972
m30-idea-322,GBPUSD,SELL,0.12,2015-07-01 09:30:00+00:00,1.56919,1.5711569013119162,,2015-07-01 10:30:00+00:00,1.56623,DISCRETIONARY_EXIT,False,35.5200,0.6000,34.9200,1.4428
m30-idea-323,EURUSD,SELL,0.13,2015-07-02 04:00:00+00:00,1.10711,1.1089567650729462,,2015-07-02 06:30:00+00:00,1.1068,DISCRETIONARY_EXIT,False,4.0300,0.6500,3.3800,0.1371
m30-idea-324,GBPUSD,SELL,0.17,2015-07-02 06:00:00+00:00,1.56151,1.5628834256289368,,2015-07-02 07:30:00+00:00,1.5611300000000001,DISCRETIONARY_EXIT,False,6.4600,0.8500,5.6100,0.2318
m30-idea-325,EURUSD,SELL,0.14,2015-07-03 00:00:00+00:00,1.10893,1.1105575869380697,,2015-07-03 01:00:00+00:00,1.10864,DISCRETIONARY_EXIT,False,4.0600,0.7000,3.3600,0.1431
m30-idea-326,GBPUSD,SELL,0.15,2015-07-03 01:30:00+00:00,1.5617,1.563241187298521,,2015-07-03 03:00:00+00:00,1.5610600000000001,DISCRETIONARY_EXIT,False,9.6000,0.7500,8.8500,0.3708
m30-idea-327,GBPUSD,SELL,0.14,2015-07-03 11:30:00+00:00,1.56401,1.5656327827101142,,2015-07-03 12:30:00+00:00,1.5629300000000002,DISCRETIONARY_EXIT,False,15.1200,0.7000,14.4200,0.6157
m30-idea-328,GBPUSD,SELL,0.11,2015-07-06 07:00:00+00:00,1.55875,1.5608985649802696,,2015-07-06 08:00:00+00:00,1.55543,DISCRETIONARY_EXIT,False,36.5200,0.5500,35.9700,1.4873
m30-idea-329,EURUSD,SELL,0.07,2015-07-06 16:00:00+00:00,1.10756,1.1108540040083863,,2015-07-06 19:00:00+00:00,1.10664,DISCRETIONARY_EXIT,False,6.4400,0.3500,6.0900,0.2602
m30-idea-330,GBPUSD,SELL,0.08,2015-07-06 16:00:00+00:00,1.56024,1.5632233549824142,,2015-07-06 19:00:00+00:00,1.5610400000000002,DISCRETIONARY_EXIT,False,-6.4000,0.4000,-6.8000,-0.2802
m30-idea-331,EURUSD,SELL,0.06,2015-07-07 20:30:00+00:00,1.10366,1.1072037802212076,,2015-07-07 22:30:00+00:00,1.09927,DISCRETIONARY_EXIT,False,26.3400,0.3000,26.0400,1.2076
m30-idea-332,EURUSD,SELL,0.07,2015-07-08 14:30:00+00:00,1.10562,1.1087777768095006,,2015-07-08 16:22:00+00:00,1.1087777768095006,SL,False,-22.1044,0.3500,-22.4544,-1.0000
m30-idea-333,EURUSD,SELL,0.13,2015-07-09 04:30:00+00:00,1.10768,1.1095058813363383,,2015-07-09 06:18:00+00:00,1.1095058813363383,SL,False,-23.7365,0.6500,-24.3865,-1.0000
m30-idea-334,GBPUSD,SELL,0.13,2015-07-09 07:00:00+00:00,1.54008,1.5418848853699765,,2015-07-09 07:07:00+00:00,1.5418848853699765,SL,False,-23.4635,0.6500,-24.1135,-1.0000
m30-idea-335,GBPUSD,SELL,0.09,2015-07-09 20:30:00+00:00,1.53874,1.5412145981154608,,2015-07-09 23:00:00+00:00,1.53796,DISCRETIONARY_EXIT,False,7.0200,0.4500,6.5700,0.2892
m30-idea-336,EURUSD,SELL,0.09,2015-07-09 21:30:00+00:00,1.10313,1.1057804598097332,,2015-07-09 23:06:00+00:00,1.1057804598097332,SL,False,-23.8541,0.4500,-24.3041,-1.0000
m30-idea-337,GBPUSD,SELL,0.13,2015-07-10 04:30:00+00:00,1.53955,1.5413000015638296,,2015-07-10 06:30:00+00:00,1.53963,DISCRETIONARY_EXIT,False,-1.0400,0.6500,-1.6900,-0.0722
m30-idea-338,GBPUSD,SELL,0.1,2015-07-10 10:00:00+00:00,1.54555,1.547868003447193,,2015-07-10 10:15:00+00:00,1.547868003447193,SL,False,-23.1800,0.5000,-23.6800,-1.0000
m30-idea-339,GBPUSD,SELL,0.08,2015-07-10 11:30:00+00:00,1.55027,1.553001717774593,,2015-07-10 12:00:00+00:00,1.553001717774593,SL,False,-21.8537,0.4000,-22.2537,-1.0000
m30-idea-340,EURUSD,SELL,0.09,2015-07-14 09:30:00+00:00,1.10243,1.1050521579337316,,2015-07-14 12:00:00+00:00,1.10225,DISCRETIONARY_EXIT,False,1.6200,0.4500,1.1700,0.0486
m30-idea-341,EURUSD,SELL,0.08,2015-07-14 14:00:00+00:00,1.10546,1.108409495633398,,2015-07-14 15:00:00+00:00,1.1038,DISCRETIONARY_EXIT,False,13.2800,0.4000,12.8800,0.5368
m30-idea-342,EURUSD,SELL,0.13,2015-07-14 23:30:00+00:00,1.10155,1.1033082969736332,,2015-07-15 00:30:00+00:00,1.10097,DISCRETIONARY_EXIT,False,7.5400,0.6500,6.8900,0.2931
m30-idea-343,GBPUSD,BUY,0.09,2015-07-15 10:30:00+00:00,1.5624200000000001,1.5599678830244537,,2015-07-15 14:01:00+00:00,1.5599678830244537,SL,False,-22.0691,0.4500,-22.5191,-1.0000
m30-idea-344,GBPUSD,BUY,0.14,2015-07-16 06:30:00+00:00,1.5614000000000001,1.5597381816868314,,2015-07-16 08:00:00+00:00,1.56293,DISCRETIONARY_EXIT,False,21.4200,0.7000,20.7200,0.8646
m30-idea-345,GBPUSD,BUY,0.09,2015-07-16 13:00:00+00:00,1.5574000000000001,1.5548965498018326,,2015-07-16 14:30:00+00:00,1.55968,DISCRETIONARY_EXIT,False,20.5200,0.4500,20.0700,0.8733
m30-idea-346,EURUSD,SELL,0.15,2015-07-17 04:00:00+00:00,1.08944,1.0909540319957571,,2015-07-17 06:00:00+00:00,1.08958,DISCRETIONARY_EXIT,False,-2.1000,0.7500,-2.8500,-0.1215
m30-idea-347,GBPUSD,BUY,0.12,2015-07-17 11:00:00+00:00,1.56336,1.5613678241873212,,2015-07-17 11:28:00+00:00,1.5613678241873212,SL,False,-23.9061,0.6000,-24.5061,-1.0000
m30-idea-348,GBPUSD,BUY,0.09,2015-07-17 15:00:00+00:00,1.55752,1.5550121524557603,,2015-07-17 16:00:00+00:00,1.56321,DISCRETIONARY_EXIT,False,51.2100,0.4500,50.7600,2.2050
m30-idea-349,GBPUSD,BUY,0.11,2015-07-19 22:30:00+00:00,1.55946,1.5572492331842982,,2015-07-19 23:30:00+00:00,1.56082,DISCRETIONARY_EXIT,False,14.9600,0.5500,14.4100,0.5794
m30-idea-350,EURUSD,SELL,0.17,2015-07-20 08:00:00+00:00,1.08412,1.0854910472670012,,2015-07-20 08:11:00+00:00,1.0854910472670012,SL,False,-23.3078,0.8500,-24.1578,-1.0000
m30-idea-351,EURUSD,SELL,0.14,2015-07-21 09:30:00+00:00,1.08522,1.0869321981700741,,2015-07-21 12:21:00+00:00,1.0869321981700741,SL,False,-23.9708,0.7000,-24.6708,-1.0000
m30-idea-352,EURUSD,SELL,0.09,2015-07-21 15:30:00+00:00,1.09132,1.0938017189886347,,2015-07-21 15:50:00+00:00,1.0938017189886347,SL,False,-22.3355,0.4500,-22.7855,-1.0000
m30-idea-353,EURUSD,SELL,0.13,2015-07-22 01:30:00+00:00,1.09472,1.0964568286001821,,2015-07-22 03:00:00+00:00,1.09399,DISCRETIONARY_EXIT,False,9.4900,0.6500,8.8400,0.3806
m30-idea-354,GBPUSD,BUY,0.08,2015-07-22 17:30:00+00:00,1.5594000000000001,1.5563747013090026,,2015-07-22 19:30:00+00:00,1.55973,DISCRETIONARY_EXIT,False,2.6400,0.4000,2.2400,0.0910
m30-idea-355,EURUSD,SELL,0.11,2015-07-22 21:00:00+00:00,1.09163,1.0937471588920327,,2015-07-23 00:30:00+00:00,1.0927,DISCRETIONARY_EXIT,False,-11.7700,0.5500,-12.3200,-0.5168
m30-idea-356,EURUSD,BUY,0.1,2015-07-23 22:00:00+00:00,1.09842,1.0960732591200075,,2015-07-24 00:30:00+00:00,1.09851,DISCRETIONARY_EXIT,False,0.9000,0.5000,0.4000,0.0167
m30-idea-357,EURUSD,BUY,0.14,2015-07-24 04:30:00+00:00,1.09666,1.0950171472197154,,2015-07-24 06:30:00+00:00,1.09766,DISCRETIONARY_EXIT,False,14.0000,0.7000,13.3000,0.5612
m30-idea-358,GBPUSD,SELL,0.09,2015-07-24 16:30:00+00:00,1.55225,1.554815530815939,,2015-07-24 18:00:00+00:00,1.55099,DISCRETIONARY_EXIT,False,11.3400,0.4500,10.8900,0.4626
m30-idea-359,GBPUSD,SELL,0.13,2015-07-27 00:30:00+00:00,1.55221,1.5539577230971178,,2015-07-27 04:30:00+00:00,1.5520200000000002,DISCRETIONARY_EXIT,False,2.4700,0.6500,1.8200,0.0779
m30-idea-360,GBPUSD,SELL,0.09,2015-07-27 14:30:00+00:00,1.55497,1.557556140399786,,2015-07-27 15:05:00+00:00,1.557556140399786,SL,False,-23.2753,0.4500,-23.7253,-1.0000
m30-idea-361,GBPUSD,SELL,0.08,2015-07-27 15:30:00+00:00,1.55771,1.560515702691652,,2015-07-27 17:00:00+00:00,1.5595100000000002,DISCRETIONARY_EXIT,False,-14.4000,0.4000,-14.8000,-0.6478
m30-idea-362,GBPUSD,BUY,0.11,2015-07-27 20:30:00+00:00,1.5555100000000002,1.5533034895973132,,2015-07-27 22:00:00+00:00,1.55552,DISCRETIONARY_EXIT,False,0.1100,0.5500,-0.4400,-0.0177
m30-idea-363,EURUSD,BUY,0.15,2015-07-28 05:00:00+00:00,1.10753,1.1059842346160085,,2015-07-28 06:30:00+00:00,1.10827,DISCRETIONARY_EXIT,False,11.1000,0.7500,10.3500,0.4324
m30-idea-364,EURUSD,BUY,0.14,2015-07-28 08:00:00+00:00,1.1057299999999999,1.104110234729957,,2015-07-28 09:30:00+00:00,1.10662,DISCRETIONARY_EXIT,False,12.4600,0.7000,11.7600,0.5031
m30-idea-365,EURUSD,BUY,0.12,2015-07-28 11:30:00+00:00,1.10367,1.1016721891985175,,2015-07-28 14:00:00+00:00,1.1034,DISCRETIONARY_EXIT,False,-3.2400,0.6000,-3.8400,-0.1563
m30-idea-366,EURUSD,BUY,0.18,2015-07-29 05:30:00+00:00,1.10655,1.105247862518096,,2015-07-29 06:33:00+00:00,1.105247862518096,SL,False,-23.4385,0.9000,-24.3385,-1.0000
m30-idea-367,GBPUSD,BUY,0.18,2015-07-29 06:00:00+00:00,1.56054,1.5592107992058943,,2015-07-29 07:21:00+00:00,1.5592107992058943,SL,False,-23.9256,0.9000,-24.8256,-1.0000
m30-idea-368,EURUSD,BUY,0.16,2015-07-29 07:30:00+00:00,1.1045,1.103071879591299,,2015-07-29 08:13:00+00:00,1.103071879591299,SL,False,-22.8499,0.8000,-23.6499,-1.0000
m30-idea-369,EURUSD,BUY,0.12,2015-07-29 13:00:00+00:00,1.10351,1.1016340030921026,,2015-07-29 14:00:00+00:00,1.10485,DISCRETIONARY_EXIT,False,16.0800,0.6000,15.4800,0.6698
m30-idea-370,EURUSD,BUY,0.11,2015-07-29 16:30:00+00:00,1.10223,1.1000275542334488,,2015-07-29 18:00:00+00:00,1.10349,DISCRETIONARY_EXIT,False,13.8600,0.5500,13.3100,0.5372
m30-idea-371,EURUSD,BUY,0.07,2015-07-29 20:30:00+00:00,1.09844,1.0951824551224973,,2015-07-29 22:00:00+00:00,1.09817,DISCRETIONARY_EXIT,False,-1.8900,0.3500,-2.2400,-0.0967
m30-idea-372,GBPUSD,BUY,0.08,2015-07-29 22:00:00+00:00,1.5597400000000001,1.5569078150677162,,2015-07-29 23:30:00+00:00,1.56033,DISCRETIONARY_EXIT,False,4.7200,0.4000,4.3200,0.1874
m30-idea-373,GBPUSD,BUY,0.09,2015-07-30 17:00:00+00:00,1.55828,1.555660903204389,,2015-07-30 19:00:00+00:00,1.55904,DISCRETIONARY_EXIT,False,6.8400,0.4500,6.3900,0.2660
m30-idea-374,EURUSD,SELL,0.14,2015-07-31 01:00:00+00:00,1.09404,1.0956738179043604,,2015-07-31 05:30:00+00:00,1.09439,DISCRETIONARY_EXIT,False,-4.9000,0.7000,-5.6000,-0.2376
m30-idea-375,GBPUSD,BUY,0.13,2015-07-31 08:30:00+00:00,1.5563600000000002,1.5545520188588189,,2015-07-31 10:00:00+00:00,1.55665,DISCRETIONARY_EXIT,False,3.7700,0.6500,3.1200,0.1292
m30-idea-376,EURUSD,SELL,0.11,2015-07-31 11:00:00+00:00,1.09755,1.0996064188426193,,2015-07-31 13:00:00+00:00,1.09646,DISCRETIONARY_EXIT,False,11.9900,0.5500,11.4400,0.4937
m30-idea-377,GBPUSD,SELL,0.14,2015-08-03 23:30:00+00:00,1.55877,1.5604715093427628,,2015-08-04 01:30:00+00:00,1.5583,DISCRETIONARY_EXIT,False,6.5800,0.7000,5.8800,0.2398
m30-idea-378,EURUSD,SELL,0.17,2015-08-04 07:00:00+00:00,1.09575,1.0971347292994449,,2015-08-04 08:29:00+00:00,1.0971347292994449,SL,False,-23.5404,0.8500,-24.3904,-1.0000
m30-idea-379,GBPUSD,BUY,0.09,2015-08-04 15:30:00+00:00,1.5572700000000002,1.5545814117371304,,2015-08-04 16:30:00+00:00,1.56223,DISCRETIONARY_EXIT,False,44.6400,0.4500,44.1900,1.7929
m30-idea-380,GBPUSD,SELL,0.11,2015-08-05 09:00:00+00:00,1.55832,1.5604330021214883,,2015-08-05 09:21:00+00:00,1.5604330021214883,SL,False,-23.2430,0.5500,-23.7930,-1.0000
m30-idea-381,EURUSD,SELL,0.1,2015-08-05 13:30:00+00:00,1.09055,1.0929565111060942,,2015-08-05 15:30:00+00:00,1.08659,DISCRETIONARY_EXIT,False,39.6000,0.5000,39.1000,1.5917
m30-idea-382,GBPUSD,BUY,0.09,2015-08-05 16:00:00+00:00,1.5607900000000001,1.5580793796923171,,2015-08-05 18:30:00+00:00,1.56065,DISCRETIONARY_EXIT,False,-1.2600,0.4500,-1.7100,-0.0688
m30-idea-383,EURUSD,SELL,0.09,2015-08-05 19:00:00+00:00,1.09012,1.092745746110263,,2015-08-05 23:00:00+00:00,1.09004,DISCRETIONARY_EXIT,False,0.7200,0.4500,0.2700,0.0112
m30-idea-384,EURUSD,SELL,0.13,2015-08-06 01:30:00+00:00,1.09221,1.0939534088930885,,2015-08-06 03:00:00+00:00,1.09089,DISCRETIONARY_EXIT,False,17.1600,0.6500,16.5100,0.7081
m30-idea-385,EURUSD,SELL,0.16,2015-08-06 07:00:00+00:00,1.09256,1.0940394467839996,,2015-08-06 07:00:00+00:00,1.0940394467839996,SL,False,-23.6711,0.8000,-24.4711,-1.0000
m30-idea-386,EURUSD,SELL,0.1,2015-08-06 17:30:00+00:00,1.09268,1.0949621284352429,,2015-08-06 18:30:00+00:00,1.09183,DISCRETIONARY_EXIT,False,8.5000,0.5000,8.0000,0.3430
m30-idea-387,GBPUSD,SELL,0.13,2015-08-07 10:00:00+00:00,1.55239,1.5541756289292061,,2015-08-07 11:30:00+00:00,1.55136,DISCRETIONARY_EXIT,False,13.3900,0.6500,12.7400,0.5339
m30-idea-388,EURUSD,SELL,0.13,2015-08-07 13:30:00+00:00,1.09511,1.0969635321206648,,2015-08-07 14:30:00+00:00,1.08804,DISCRETIONARY_EXIT,False,91.9100,0.6500,91.2600,3.6879
m30-idea-389,GBPUSD,SELL,0.08,2015-08-07 19:00:00+00:00,1.54862,1.5515260801607809,,2015-08-07 21:00:00+00:00,1.54881,DISCRETIONARY_EXIT,False,-1.5200,0.4000,-1.9200,-0.0812
m30-idea-390,EURUSD,BUY,0.13,2015-08-10 01:30:00+00:00,1.09543,1.0936648032061234,,2015-08-10 02:30:00+00:00,1.09637,DISCRETIONARY_EXIT,False,12.2200,0.6500,11.5700,0.4903
m30-idea-391,GBPUSD,SELL,0.17,2015-08-10 08:00:00+00:00,1.54959,1.5509469621860132,,2015-08-10 09:00:00+00:00,1.54797,DISCRETIONARY_EXIT,False,27.5400,0.8500,26.6900,1.1159
m30-idea-392,GBPUSD,SELL,0.12,2015-08-10 12:30:00+00:00,1.54938,1.551368225431454,,2015-08-10 13:55:00+00:00,1.551368225431454,SL,False,-23.8587,0.6000,-24.4587,-1.0000
m30-idea-393,GBPUSD,SELL,0.11,2015-08-10 14:00:00+00:00,1.55095,1.5530847326067438,,2015-08-10 15:01:00+00:00,1.5530847326067438,SL,False,-23.4821,0.5500,-24.0321,-1.0000
m30-idea-394,GBPUSD,SELL,0.1,2015-08-10 16:00:00+00:00,1.5543,1.5566308605263746,,2015-08-10 17:10:00+00:00,1.5566308605263746,SL,False,-23.3086,0.5000,-23.8086,-1.0000
m30-idea-395,EURUSD,BUY,0.11,2015-08-11 04:00:00+00:00,1.0975,1.0954225246163096,,2015-08-11 05:30:00+00:00,1.09818,DISCRETIONARY_EXIT,False,7.4800,0.5500,6.9300,0.2961
m30-idea-396,GBPUSD,BUY,0.08,2015-08-12 20:00:00+00:00,1.5613700000000001,1.558591466885974,,2015-08-12 21:00:00+00:00,1.56228,DISCRETIONARY_EXIT,False,7.2800,0.4000,6.8800,0.3040
m30-idea-397,EURUSD,BUY,0.11,2015-08-13 09:00:00+00:00,1.11138,1.1091856624564198,,2015-08-13 11:00:00+00:00,1.11201,DISCRETIONARY_EXIT,False,6.9300,0.5500,6.3800,0.2584
m30-idea-398,GBPUSD,BUY,0.11,2015-08-13 14:30:00+00:00,1.5597400000000001,1.5575880311662664,,2015-08-13 14:45:00+00:00,1.5575880311662664,SL,False,-23.6717,0.5500,-24.2217,-1.0000
m30-idea-399,GBPUSD,BUY,0.2,2015-08-14 07:30:00+00:00,1.56081,1.5596337723222586,,2015-08-14 08:30:00+00:00,1.56125,DISCRETIONARY_EXIT,False,8.8000,1.0000,7.8000,0.3180
m30-idea-400,EURUSD,BUY,0.1,2015-08-14 14:30:00+00:00,1.11331,1.1110300174314645,,2015-08-14 15:58:00+00:00,1.1110300174314645,SL,False,-22.7998,0.5000,-23.2998,-1.0000
m30-idea-401,EURUSD,BUY,0.13,2015-08-17 01:30:00+00:00,1.10947,1.1076174349277121,,2015-08-17 03:00:00+00:00,1.10972,DISCRETIONARY_EXIT,False,3.2500,0.6500,2.6000,0.1051
m30-idea-402,EURUSD,BUY,0.16,2015-08-17 05:30:00+00:00,1.10875,1.1072909813058394,,2015-08-17 06:30:00+00:00,1.10993,DISCRETIONARY_EXIT,False,18.8800,0.8000,18.0800,0.7488
m30-idea-403,GBPUSD,BUY,0.12,2015-08-17 10:30:00+00:00,1.5640800000000001,1.5620559008851913,,2015-08-17 11:38:00+00:00,1.5620559008851913,SL,False,-24.2892,0.6000,-24.8892,-1.0000
m30-idea-404,GBPUSD,BUY,0.1,2015-08-17 16:00:00+00:00,1.5599500000000002,1.5576677301240751,,2015-08-17 18:00:00+00:00,1.55881,DISCRETIONARY_EXIT,False,-11.4000,0.5000,-11.9000,-0.5102
m30-idea-405,GBPUSD,SELL,0.18,2015-08-18 03:00:00+00:00,1.55873,1.5600244255138327,,2015-08-18 05:30:00+00:00,1.5579,DISCRETIONARY_EXIT,False,14.9400,0.9000,14.0400,0.5802
m30-idea-406,EURUSD,BUY,0.22,2015-08-18 05:30:00+00:00,1.10676,1.1056836255918394,,2015-08-18 05:43:00+00:00,1.1056836255918394,SL,False,-23.6802,1.1000,-24.7802,-1.0000
m30-idea-407,EURUSD,SELL,0.18,2015-08-19 02:00:00+00:00,1.10374,1.105012672454189,,2015-08-19 03:30:00+00:00,1.105012672454189,SL,False,-22.9081,0.9000,-23.8081,-1.0000
m30-idea-408,EURUSD,BUY,0.14,2015-08-20 07:00:00+00:00,1.11282,1.1111841981880692,,2015-08-20 08:00:00+00:00,1.11349,DISCRETIONARY_EXIT,False,9.3800,0.7000,8.6800,0.3678
m30-idea-409,GBPUSD,BUY,0.15,2015-08-20 08:30:00+00:00,1.56748,1.5658969085803678,,2015-08-20 09:16:00+00:00,1.5658969085803678,SL,False,-23.7464,0.7500,-24.4964,-1.0000
m30-idea-410,EURUSD,BUY,0.11,2015-08-21 08:30:00+00:00,1.12656,1.124423031720055,,2015-08-21 08:34:00+00:00,1.124423031720055,SL,False,-23.5067,0.5500,-24.0567,-1.0000
m30-idea-411,GBPUSD,BUY,0.1,2015-08-21 13:00:00+00:00,1.5672700000000002,1.564859585291314,,2015-08-21 14:30:00+00:00,1.56898,DISCRETIONARY_EXIT,False,17.1000,0.5000,16.6000,0.6747
m30-idea-412,GBPUSD,BUY,0.11,2015-08-24 02:00:00+00:00,1.56678,1.5646056186290924,,2015-08-24 03:00:00+00:00,1.56749,DISCRETIONARY_EXIT,False,7.8100,0.5500,7.2600,0.2967
m30-idea-413,GBPUSD,BUY,0.11,2015-08-24 07:00:00+00:00,1.56606,1.563880161485589,,2015-08-24 07:40:00+00:00,1.563880161485589,SL,False,-23.9782,0.5500,-24.5282,-1.0000
m30-idea-414,EURUSD,BUY,0.05,2015-08-25 12:00:00+00:00,1.14966,1.145254596232075,,2015-08-25 15:14:00+00:00,1.145254596232075,SL,False,-22.0270,0.2500,-22.2770,-1.0000
m30-idea-415,GBPUSD,BUY,0.07,2015-08-25 15:30:00+00:00,1.5743900000000002,1.5711029734798423,,2015-08-25 15:52:00+00:00,1.5711029734798423,SL,False,-23.0092,0.3500,-23.3592,-1.0000
m30-idea-416,GBPUSD,BUY,0.07,2015-08-25 18:00:00+00:00,1.56969,1.5662877920792881,,2015-08-25 20:30:00+00:00,1.56975,DISCRETIONARY_EXIT,False,0.4200,0.3500,0.0700,0.0029
m30-idea-417,EURUSD,BUY,0.07,2015-08-26 07:00:00+00:00,1.14753,1.1440515115977892,,2015-08-26 08:00:00+00:00,1.1497,DISCRETIONARY_EXIT,False,15.1900,0.3500,14.8400,0.6008
m30-idea-418,EURUSD,BUY,0.06,2015-08-26 13:30:00+00:00,1.13907,1.1353487662497859,,2015-08-26 13:33:00+00:00,1.1353487662497859,SL,False,-22.3274,0.3000,-22.6274,-1.0000
m30-idea-419,EURUSD,BUY,0.06,2015-08-26 20:30:00+00:00,1.13308,1.1292732052096321,,2015-08-26 21:39:00+00:00,1.1292732052096321,SL,False,-22.8408,0.3000,-23.1408,-1.0000
m30-idea-420,GBPUSD,SELL,0.1,2015-08-27 00:30:00+00:00,1.54786,1.5501843318182074,,2015-08-27 02:32:00+00:00,1.5501843318182074,SL,False,-23.2433,0.5000,-23.7433,-1.0000
m30-idea-421,GBPUSD,SELL,0.11,2015-08-28 02:00:00+00:00,1.54124,1.5432819249117002,,2015-08-28 04:12:00+00:00,1.5432819249117002,SL,False,-22.4612,0.5500,-23.0112,-1.0000
m30-idea-422,EURUSD,SELL,0.11,2015-08-28 04:00:00+00:00,1.12605,1.1281662298019517,,2015-08-28 06:00:00+00:00,1.12552,DISCRETIONARY_EXIT,False,5.8300,0.5500,5.2800,0.2216
m30-idea-423,EURUSD,SELL,0.1,2015-08-28 09:00:00+00:00,1.12968,1.131915118457104,,2015-08-28 10:30:00+00:00,1.1276599999999999,DISCRETIONARY_EXIT,False,20.2000,0.5000,19.7000,0.8621
m30-idea-424,EURUSD,SELL,0.09,2015-08-31 00:30:00+00:00,1.12054,1.1231105837105182,,2015-08-31 02:59:00+00:00,1.1231105837105182,SL,False,-23.1353,0.4500,-23.5853,-1.0000
m30-idea-425,GBPUSD,SELL,0.1,2015-08-31 01:30:00+00:00,1.54204,1.5443384825145474,,2015-08-31 04:30:00+00:00,1.54279,DISCRETIONARY_EXIT,False,-7.5000,0.5000,-8.0000,-0.3406
m30-idea-426,EURUSD,SELL,0.11,2015-08-31 14:00:00+00:00,1.12265,1.1248192490246192,,2015-08-31 15:30:00+00:00,1.12151,DISCRETIONARY_EXIT,False,12.5400,0.5500,11.9900,0.4912
m30-idea-428,EURUSD,SELL,0.13,2015-09-01 01:00:00+00:00,1.12241,1.124258735074893,,2015-09-01 01:29:00+00:00,1.124258735074893,SL,False,-24.0336,0.6500,-24.6836,-1.0000
m30-idea-427,GBPUSD,SELL,0.14,2015-09-01 00:30:00+00:00,1.53604,1.5377684166166257,,2015-09-01 01:54:00+00:00,1.5377684166166257,SL,False,-24.1978,0.7000,-24.8978,-1.0000
m30-idea-429,EURUSD,SELL,0.12,2015-09-01 02:30:00+00:00,1.12518,1.1271237412388995,,2015-09-01 03:10:00+00:00,1.1271237412388995,SL,False,-23.3249,0.6000,-23.9249,-1.0000
m30-idea-430,GBPUSD,SELL,0.13,2015-09-01 04:00:00+00:00,1.54019,1.5419765305339002,,2015-09-01 05:30:00+00:00,1.53973,DISCRETIONARY_EXIT,False,5.9800,0.6500,5.3300,0.2232
m30-idea-431,EURUSD,BUY,0.1,2015-09-02 01:00:00+00:00,1.12962,1.1272576111516448,,2015-09-02 01:14:00+00:00,1.1272576111516448,SL,False,-23.6239,0.5000,-24.1239,-1.0000
m30-idea-432,GBPUSD,SELL,0.13,2015-09-02 04:00:00+00:00,1.5307,1.5324916589390236,,2015-09-02 06:00:00+00:00,1.5310300000000001,DISCRETIONARY_EXIT,False,-4.2900,0.6500,-4.9400,-0.2063
m30-idea-433,GBPUSD,SELL,0.09,2015-09-02 14:30:00+00:00,1.53013,1.5326349982281797,,2015-09-02 18:35:00+00:00,1.5326349982281797,SL,False,-22.5450,0.4500,-22.9950,-1.0000
m30-idea-434,EURUSD,SELL,0.12,2015-09-04 01:30:00+00:00,1.11298,1.1148994366520277,,2015-09-04 03:00:00+00:00,1.11268,DISCRETIONARY_EXIT,False,3.6000,0.6000,3.0000,0.1269
m30-idea-435,GBPUSD,SELL,0.16,2015-09-04 07:30:00+00:00,1.52463,1.5260550634389298,,2015-09-04 08:30:00+00:00,1.52238,DISCRETIONARY_EXIT,False,36.0000,0.8000,35.2000,1.4915
m30-idea-436,EURUSD,SELL,0.13,2015-09-04 13:30:00+00:00,1.11864,1.120438667213377,,2015-09-04 14:30:00+00:00,1.11189,DISCRETIONARY_EXIT,False,87.7500,0.6500,87.1000,3.6242
m30-idea-437,EURUSD,SELL,0.08,2015-09-04 18:30:00+00:00,1.11634,1.1194076630173844,,2015-09-04 20:00:00+00:00,1.11492,DISCRETIONARY_EXIT,False,11.3600,0.4000,10.9600,0.4394
m30-idea-438,GBPUSD,SELL,0.11,2015-09-07 00:30:00+00:00,1.5194,1.5215401360018892,,2015-09-07 02:00:00+00:00,1.51889,DISCRETIONARY_EXIT,False,5.6100,0.5500,5.0600,0.2100
m30-idea-439,GBPUSD,SELL,0.12,2015-09-07 08:30:00+00:00,1.52228,1.5242306367696234,,2015-09-07 09:38:00+00:00,1.5242306367696234,SL,False,-23.4076,0.6000,-24.0076,-1.0000
m30-idea-440,EURUSD,SELL,0.14,2015-09-07 17:30:00+00:00,1.11682,1.1184981503542184,,2015-09-07 20:30:00+00:00,1.11691,DISCRETIONARY_EXIT,False,-1.2600,0.7000,-1.9600,-0.0810
m30-idea-441,GBPUSD,SELL,0.19,2015-09-08 03:00:00+00:00,1.52824,1.5294616578545543,,2015-09-08 04:25:00+00:00,1.5294616578545543,SL,False,-23.2115,0.9500,-24.1615,-1.0000
m30-idea-442,EURUSD,SELL,0.16,2015-09-08 05:00:00+00:00,1.12044,1.1218886238205352,,2015-09-08 05:20:00+00:00,1.1218886238205352,SL,False,-23.1780,0.8000,-23.9780,-1.0000
m30-idea-443,GBPUSD,BUY,0.09,2015-09-08 16:00:00+00:00,1.5360600000000002,1.533503541382655,,2015-09-08 17:00:00+00:00,1.53796,DISCRETIONARY_EXIT,False,17.1000,0.4500,16.6500,0.7098
m30-idea-444,GBPUSD,BUY,0.17,2015-09-09 07:00:00+00:00,1.5379,1.5364825607817816,,2015-09-09 08:30:00+00:00,1.53917,DISCRETIONARY_EXIT,False,21.5900,0.8500,20.7400,0.8314
m30-idea-445,EURUSD,SELL,0.11,2015-09-09 10:30:00+00:00,1.11978,1.1218216638931533,,2015-09-09 11:30:00+00:00,1.11612,DISCRETIONARY_EXIT,False,40.2600,0.5500,39.7100,1.7259
m30-idea-446,EURUSD,SELL,0.09,2015-09-09 19:30:00+00:00,1.11898,1.1214723643754279,,2015-09-09 21:00:00+00:00,1.12072,DISCRETIONARY_EXIT,False,-15.6600,0.4500,-16.1100,-0.7041
m30-idea-447,GBPUSD,BUY,0.14,2015-09-10 00:00:00+00:00,1.53566,1.533985902234132,,2015-09-10 01:30:00+00:00,1.53595,DISCRETIONARY_EXIT,False,4.0600,0.7000,3.3600,0.1392
m30-idea-448,EURUSD,BUY,0.11,2015-09-11 12:30:00+00:00,1.12605,1.1239156397396572,,2015-09-11 13:30:00+00:00,1.12647,DISCRETIONARY_EXIT,False,4.6200,0.5500,4.0700,0.1694
m30-idea-449,GBPUSD,BUY,0.13,2015-09-11 12:30:00+00:00,1.5408600000000001,1.5390906707270582,,2015-09-11 13:30:00+00:00,1.54207,DISCRETIONARY_EXIT,False,15.7300,0.6500,15.0800,0.6376
m30-idea-450,GBPUSD,BUY,0.1,2015-09-11 16:00:00+00:00,1.54024,1.5379072173723891,,2015-09-11 17:00:00+00:00,1.54256,DISCRETIONARY_EXIT,False,23.2000,0.5000,22.7000,0.9527
m30-idea-451,GBPUSD,BUY,0.17,2015-09-14 05:30:00+00:00,1.5441,1.5427509664455703,,2015-09-14 07:30:00+00:00,1.54485,DISCRETIONARY_EXIT,False,12.7500,0.8500,11.9000,0.5003
m30-idea-452,GBPUSD,BUY,0.12,2015-09-14 12:30:00+00:00,1.5414,1.5394359177877592,,2015-09-14 14:01:00+00:00,1.5394359177877592,SL,False,-23.5690,0.6000,-24.1690,-1.0000
m30-idea-453,EURUSD,BUY,0.17,2015-09-15 00:30:00+00:00,1.13095,1.1295850399839074,,2015-09-15 02:30:00+00:00,1.13083,DISCRETIONARY_EXIT,False,-2.0400,0.8500,-2.8900,-0.1201
m30-idea-454,GBPUSD,BUY,0.18,2015-09-15 08:00:00+00:00,1.54096,1.5396444448874065,,2015-09-15 09:00:00+00:00,1.54417,DISCRETIONARY_EXIT,False,57.7800,0.9000,56.8800,2.3141
m30-idea-455,GBPUSD,BUY,0.11,2015-09-15 14:00:00+00:00,1.5395400000000001,1.5374834194460383,,2015-09-15 15:40:00+00:00,1.5374834194460383,SL,False,-22.6224,0.5500,-23.1724,-1.0000
m30-idea-456,EURUSD,BUY,0.1,2015-09-15 16:00:00+00:00,1.12745,1.1251578096412613,,2015-09-15 18:00:00+00:00,1.12828,DISCRETIONARY_EXIT,False,8.3000,0.5000,7.8000,0.3330
m30-idea-457,EURUSD,BUY,0.17,2015-09-16 07:30:00+00:00,1.12752,1.1261448551661037,,2015-09-16 08:07:00+00:00,1.1261448551661037,SL,False,-23.3775,0.8500,-24.2275,-1.0000
m30-idea-458,EURUSD,BUY,0.11,2015-09-16 20:00:00+00:00,1.1277,1.1255553625369041,,2015-09-16 22:00:00+00:00,1.12869,DISCRETIONARY_EXIT,False,10.8900,0.5500,10.3400,0.4283
m30-idea-459,GBPUSD,BUY,0.08,2015-09-18 01:00:00+00:00,1.55678,1.5540158642705715,,2015-09-18 03:00:00+00:00,1.55678,DISCRETIONARY_EXIT,False,0.0000,0.4000,-0.4000,-0.0178
m30-idea-461,GBPUSD,BUY,0.07,2015-09-18 15:30:00+00:00,1.56016,1.5569799035453993,,2015-09-18 16:16:00+00:00,1.5569799035453993,SL,False,-22.2607,0.3500,-22.6107,-1.0000
m30-idea-460,EURUSD,BUY,0.08,2015-09-18 15:30:00+00:00,1.13788,1.1351246758624576,,2015-09-18 16:51:00+00:00,1.1351246758624576,SL,False,-22.0426,0.4000,-22.4426,-1.0000
m30-idea-462,GBPUSD,BUY,0.08,2015-09-18 19:30:00+00:00,1.55533,1.5524191750807774,,2015-09-18 20:35:00+00:00,1.5524191750807774,SL,False,-23.2866,0.4000,-23.6866,-1.0000
m30-idea-463,EURUSD,BUY,0.08,2015-09-18 20:30:00+00:00,1.13057,1.127694488901882,,2015-09-18 20:58:00+00:00,1.127694488901882,SL,False,-23.0041,0.4000,-23.4041,-1.0000
m30-idea-464,GBPUSD,BUY,0.09,2015-09-21 16:00:00+00:00,1.54855,1.5459536678918124,,2015-09-21 18:00:00+00:00,1.55049,DISCRETIONARY_EXIT,False,17.4600,0.4500,17.0100,0.7142
m30-idea-465,EURUSD,SELL,0.16,2015-09-22 02:00:00+00:00,1.11944,1.120878692425387,,2015-09-22 04:30:00+00:00,1.11998,DISCRETIONARY_EXIT,False,-8.6400,0.8000,-9.4400,-0.3963
m30-idea-466,GBPUSD,BUY,0.15,2015-09-22 08:30:00+00:00,1.54959,1.5480149162099428,,2015-09-22 08:56:00+00:00,1.5480149162099428,SL,False,-23.6263,0.7500,-24.3763,-1.0000
m30-idea-467,EURUSD,SELL,0.14,2015-09-23 04:30:00+00:00,1.11364,1.115290708022597,,2015-09-23 06:30:00+00:00,1.11311,DISCRETIONARY_EXIT,False,7.4200,0.7000,6.7200,0.2822
m30-idea-468,EURUSD,SELL,0.09,2015-09-23 12:00:00+00:00,1.11603,1.1186555747430165,,2015-09-23 13:30:00+00:00,1.11395,DISCRETIONARY_EXIT,False,18.7200,0.4500,18.2700,0.7587
m30-idea-469,EURUSD,SELL,0.07,2015-09-23 18:30:00+00:00,1.11853,1.1216825131978605,,2015-09-23 20:30:00+00:00,1.11842,DISCRETIONARY_EXIT,False,0.7700,0.3500,0.4200,0.0187
m30-idea-470,GBPUSD,SELL,0.14,2015-09-24 03:30:00+00:00,1.52529,1.526947475377394,,2015-09-24 07:00:00+00:00,1.52601,DISCRETIONARY_EXIT,False,-10.0800,0.7000,-10.7800,-0.4510
m30-idea-471,EURUSD,SELL,0.12,2015-09-24 09:00:00+00:00,1.12137,1.1233918707536892,,2015-09-24 10:00:00+00:00,1.11995,DISCRETIONARY_EXIT,False,17.0400,0.6000,16.4400,0.6612
m30-idea-472,EURUSD,SELL,0.09,2015-09-24 12:30:00+00:00,1.12433,1.1269022353495115,,2015-09-24 14:00:00+00:00,1.1252,DISCRETIONARY_EXIT,False,-7.8300,0.4500,-8.2800,-0.3508
m30-idea-473,EURUSD,SELL,0.1,2015-09-25 12:00:00+00:00,1.11702,1.119447662110209,,2015-09-25 13:30:00+00:00,1.1143,DISCRETIONARY_EXIT,False,27.2000,0.5000,26.7000,1.0776
m30-idea-474,EURUSD,SELL,0.08,2015-09-25 15:30:00+00:00,1.11901,1.1219369087746833,,2015-09-25 18:00:00+00:00,1.11875,DISCRETIONARY_EXIT,False,2.0800,0.4000,1.6800,0.0705
m30-idea-475,EURUSD,SELL,0.08,2015-09-25 20:30:00+00:00,1.12032,1.1232587992859742,,2015-09-27 22:00:00+00:00,1.11863,TIMEOUT_EXIT,False,13.5200,0.4000,13.1200,0.5487
m30-idea-476,EURUSD,SELL,0.1,2015-09-28 01:30:00+00:00,1.12075,1.1230078186197223,,2015-09-28 02:30:00+00:00,1.11946,DISCRETIONARY_EXIT,False,12.9000,0.5000,12.4000,0.5373
m30-idea-477,GBPUSD,SELL,0.1,2015-09-28 09:30:00+00:00,1.52302,1.5253774951034393,,2015-09-28 11:30:00+00:00,1.52152,DISCRETIONARY_EXIT,False,15.0000,0.5000,14.5000,0.6023
m30-idea-478,EURUSD,SELL,0.09,2015-09-28 16:00:00+00:00,1.1204,1.123073244662214,,2015-09-28 16:30:00+00:00,1.123073244662214,SL,False,-24.0592,0.4500,-24.5092,-1.0000
m30-idea-479,EURUSD,BUY,0.13,2015-09-29 01:00:00+00:00,1.12303,1.121261790192555,,2015-09-29 02:00:00+00:00,1.12432,DISCRETIONARY_EXIT,False,16.7700,0.6500,16.1200,0.6820
m30-idea-480,GBPUSD,SELL,0.16,2015-09-29 07:00:00+00:00,1.51797,1.5194688477324594,,2015-09-29 08:00:00+00:00,1.51681,DISCRETIONARY_EXIT,False,18.5600,0.8000,17.7600,0.7167
m30-idea-481,GBPUSD,SELL,0.18,2015-09-30 05:00:00+00:00,1.51639,1.517726316441461,,2015-09-30 07:00:00+00:00,1.5163900000000001,DISCRETIONARY_EXIT,False,-0.0000,0.9000,-0.9000,-0.0361
m30-idea-482,EURUSD,BUY,0.14,2015-09-30 07:30:00+00:00,1.12358,1.1219487328123356,,2015-09-30 08:00:00+00:00,1.1219487328123356,SL,False,-22.8377,0.7000,-23.5377,-1.0000
m30-idea-483,GBPUSD,SELL,0.11,2015-09-30 10:30:00+00:00,1.5185,1.5206101779855197,,2015-09-30 11:41:00+00:00,1.5206101779855197,SL,False,-23.2120,0.5500,-23.7620,-1.0000
m30-idea-484,GBPUSD,SELL,0.15,2015-10-01 10:00:00+00:00,1.51502,1.5166178785344553,,2015-10-01 11:00:00+00:00,1.51342,DISCRETIONARY_EXIT,False,24.0000,0.7500,23.2500,0.9406
m30-idea-485,EURUSD,SELL,0.13,2015-10-01 14:30:00+00:00,1.11651,1.1183499886944488,,2015-10-01 14:39:00+00:00,1.1183499886944488,SL,False,-23.9199,0.6500,-24.5699,-1.0000
m30-idea-486,GBPUSD,SELL,0.17,2015-10-02 02:00:00+00:00,1.51422,1.5155938553561281,,2015-10-02 04:00:00+00:00,1.51387,DISCRETIONARY_EXIT,False,5.9500,0.8500,5.1000,0.2107
m30-idea-487,EURUSD,BUY,0.06,2015-10-02 18:30:00+00:00,1.12259,1.1189109374483552,,2015-10-02 21:00:00+00:00,1.12025,DISCRETIONARY_EXIT,False,-14.0400,0.3000,-14.3400,-0.6409
m30-idea-488,GBPUSD,SELL,0.11,2015-10-05 01:30:00+00:00,1.51942,1.5216245083903177,,2015-10-05 02:58:00+00:00,1.5216245083903177,SL,False,-24.2496,0.5500,-24.7996,-1.0000
m30-idea-489,GBPUSD,SELL,0.14,2015-10-05 08:30:00+00:00,1.52216,1.5237962709438657,,2015-10-05 08:47:00+00:00,1.5237962709438657,SL,False,-22.9078,0.7000,-23.6078,-1.0000
m30-idea-490,EURUSD,SELL,0.14,2015-10-06 08:30:00+00:00,1.12097,1.1226418090445345,,2015-10-06 10:30:00+00:00,1.12063,DISCRETIONARY_EXIT,False,4.7600,0.7000,4.0600,0.1684
m30-idea-491,GBPUSD,SELL,0.14,2015-10-06 14:30:00+00:00,1.5185,1.5202066309125497,,2015-10-06 15:01:00+00:00,1.5202066309125497,SL,False,-23.8928,0.7000,-24.5928,-1.0000
m30-idea-492,EURUSD,BUY,0.18,2015-10-07 08:00:00+00:00,1.12538,1.1240465656932523,,2015-10-07 08:05:00+00:00,1.1240465656932523,SL,False,-24.0018,0.9000,-24.9018,-1.0000
m30-idea-493,GBPUSD,BUY,0.19,2015-10-08 05:30:00+00:00,1.53014,1.5288902482116629,,2015-10-08 06:30:00+00:00,1.53103,DISCRETIONARY_EXIT,False,16.9100,0.9500,15.9600,0.6463
m30-idea-494,EURUSD,BUY,0.12,2015-10-08 13:00:00+00:00,1.12786,1.1258345459817551,,2015-10-08 13:07:00+00:00,1.1258345459817551,SL,False,-24.3054,0.6000,-24.9054,-1.0000
m30-idea-495,GBPUSD,BUY,0.09,2015-10-08 14:00:00+00:00,1.52831,1.5255972416345425,,2015-10-08 15:30:00+00:00,1.52934,DISCRETIONARY_EXIT,False,9.2700,0.4500,8.8200,0.3547
m30-idea-496,EURUSD,BUY,0.13,2015-10-09 02:30:00+00:00,1.12724,1.1254904936854233,,2015-10-09 03:30:00+00:00,1.12808,DISCRETIONARY_EXIT,False,10.9200,0.6500,10.2700,0.4390
m30-idea-497,GBPUSD,BUY,0.09,2015-10-09 16:00:00+00:00,1.5309300000000001,1.5283541839737158,,2015-10-09 18:00:00+00:00,1.53278,DISCRETIONARY_EXIT,False,16.6500,0.4500,16.2000,0.6855
m30-idea-498,EURUSD,BUY,0.11,2015-10-09 20:30:00+00:00,1.13575,1.1336238160812757,,2015-10-09 21:30:00+00:00,1.13624,DISCRETIONARY_EXIT,False,5.3900,0.5500,4.8400,0.2022
m30-idea-499,GBPUSD,BUY,0.17,2015-10-13 01:30:00+00:00,1.53298,1.5316042061784447,,2015-10-13 01:54:00+00:00,1.5316042061784447,SL,False,-23.3885,0.8500,-24.2385,-1.0000
m30-idea-500,EURUSD,BUY,0.14,2015-10-14 12:30:00+00:00,1.13983,1.1381698979685395,,2015-10-14 13:30:00+00:00,1.14377,DISCRETIONARY_EXIT,False,55.1600,0.7000,54.4600,2.2747
m30-idea-501,EURUSD,BUY,0.12,2015-10-15 09:00:00+00:00,1.14382,1.1418704646228246,,2015-10-15 13:30:00+00:00,1.14225,DISCRETIONARY_EXIT,False,-18.8400,0.6000,-19.4400,-0.8102
m30-idea-502,GBPUSD,BUY,0.09,2015-10-15 14:00:00+00:00,1.54323,1.5405399015137937,,2015-10-15 16:00:00+00:00,1.54588,DISCRETIONARY_EXIT,False,23.8500,0.4500,23.4000,0.9489
m30-idea-503,EURUSD,BUY,0.08,2015-10-15 15:00:00+00:00,1.13723,1.1344894180556055,,2015-10-15 16:30:00+00:00,1.14007,DISCRETIONARY_EXIT,False,22.7200,0.4000,22.3200,0.9998
m30-idea-504,EURUSD,BUY,0.12,2015-10-16 00:30:00+00:00,1.1368,1.134767658098948,,2015-10-16 03:00:00+00:00,1.13664,DISCRETIONARY_EXIT,False,-1.9200,0.6000,-2.5200,-0.1008
m30-idea-505,EURUSD,BUY,0.14,2015-10-16 09:30:00+00:00,1.13603,1.1343226443312149,,2015-10-16 10:53:00+00:00,1.1343226443312149,SL,False,-23.9030,0.7000,-24.6030,-1.0000
m30-idea-506,GBPUSD,BUY,0.13,2015-10-16 09:30:00+00:00,1.54586,1.5440433144289447,,2015-10-16 10:55:00+00:00,1.5440433144289447,SL,False,-23.6169,0.6500,-24.2669,-1.0000
m30-idea-507,EURUSD,BUY,0.11,2015-10-16 21:00:00+00:00,1.13551,1.1334026151570522,,2015-10-18 22:00:00+00:00,1.13576,TIMEOUT_EXIT,False,2.7500,0.5500,2.2000,0.0927
m30-idea-508,GBPUSD,BUY,0.12,2015-10-19 17:00:00+00:00,1.5470300000000001,1.5451321940748306,,2015-10-19 19:00:00+00:00,1.54734,DISCRETIONARY_EXIT,False,3.7200,0.6000,3.1200,0.1335
m30-idea-509,GBPUSD,BUY,0.25,2015-10-20 07:30:00+00:00,1.54728,1.5463668462965172,,2015-10-20 08:30:00+00:00,1.54925,DISCRETIONARY_EXIT,False,49.2500,1.2500,48.0000,1.9935
m30-idea-510,EURUSD,SELL,0.18,2015-10-20 09:30:00+00:00,1.13608,1.137395188513718,,2015-10-20 11:00:00+00:00,1.13709,DISCRETIONARY_EXIT,False,-18.1800,0.9000,-19.0800,-0.7764
m30-idea-511,EURUSD,BUY,0.15,2015-10-20 15:00:00+00:00,1.13502,1.1334052269330972,,2015-10-20 15:45:00+00:00,1.1334052269330972,SL,False,-24.2216,0.7500,-24.9716,-1.0000
m30-idea-512,GBPUSD,BUY,0.14,2015-10-20 16:00:00+00:00,1.5462200000000001,1.5445007264483857,,2015-10-20 18:30:00+00:00,1.54627,DISCRETIONARY_EXIT,False,0.7000,0.7000,-0.0000,-0.0000
m30-idea-513,GBPUSD,BUY,0.24,2015-10-21 07:00:00+00:00,1.5431400000000002,1.5421737885246658,,2015-10-21 07:28:00+00:00,1.5421737885246658,SL,False,-23.1891,1.2000,-24.3891,-1.0000
m30-idea-514,GBPUSD,BUY,0.21,2015-10-22 06:30:00+00:00,1.5424900000000001,1.5413543980805169,,2015-10-22 07:30:00+00:00,1.543,DISCRETIONARY_EXIT,False,10.7100,1.0500,9.6600,0.3880
m30-idea-515,GBPUSD,BUY,0.1,2015-10-22 13:30:00+00:00,1.54417,1.5418214971333342,,2015-10-22 13:50:00+00:00,1.5418214971333342,SL,False,-23.4850,0.5000,-23.9850,-1.0000
m30-idea-516,GBPUSD,SELL,0.13,2015-10-23 02:30:00+00:00,1.5407,1.5425647068754413,,2015-10-23 05:30:00+00:00,1.54084,DISCRETIONARY_EXIT,False,-1.8200,0.6500,-2.4700,-0.0992
m30-idea-517,EURUSD,SELL,0.14,2015-10-26 09:30:00+00:00,1.10493,1.1066525035532517,,2015-10-26 10:30:00+00:00,1.1028499999999999,DISCRETIONARY_EXIT,False,29.1200,0.7000,28.4200,1.1453
m30-idea-518,EURUSD,SELL,0.14,2015-10-27 13:30:00+00:00,1.10711,1.1087818940084062,,2015-10-27 14:30:00+00:00,1.10553,DISCRETIONARY_EXIT,False,22.1200,0.7000,21.4200,0.8886
m30-idea-519,GBPUSD,SELL,0.15,2015-10-28 00:30:00+00:00,1.53129,1.532893800316584,,2015-10-28 01:30:00+00:00,1.53031,DISCRETIONARY_EXIT,False,14.7000,0.7500,13.9500,0.5623
m30-idea-520,EURUSD,SELL,0.17,2015-10-28 09:00:00+00:00,1.10495,1.1063459961352242,,2015-10-28 11:16:00+00:00,1.1063459961352242,SL,False,-23.7319,0.8500,-24.5819,-1.0000
m30-idea-521,EURUSD,SELL,0.15,2015-10-28 11:30:00+00:00,1.10645,1.1080543943707155,,2015-10-28 13:39:00+00:00,1.1080543943707155,SL,False,-24.0659,0.7500,-24.8159,-1.0000
m30-idea-522,EURUSD,SELL,0.13,2015-10-28 14:00:00+00:00,1.10878,1.1106004704588976,,2015-10-28 15:00:00+00:00,1.10705,DISCRETIONARY_EXIT,False,22.4900,0.6500,21.8400,0.8982
m30-idea-523,GBPUSD,SELL,0.13,2015-10-28 16:00:00+00:00,1.53241,1.5341817724792066,,2015-10-28 16:40:00+00:00,1.5341817724792066,SL,False,-23.0330,0.6500,-23.6830,-1.0000
m30-idea-524,EURUSD,SELL,0.11,2015-10-29 11:00:00+00:00,1.09629,1.098401946839898,,2015-10-29 13:00:00+00:00,1.09621,DISCRETIONARY_EXIT,False,0.8800,0.5500,0.3300,0.0139
m30-idea-525,GBPUSD,SELL,0.11,2015-10-29 15:30:00+00:00,1.53071,1.5328766764336275,,2015-10-29 21:00:00+00:00,1.53133,TIMEOUT_EXIT,False,-6.8200,0.5500,-7.3700,-0.3023
m30-idea-526,EURUSD,SELL,0.12,2015-10-29 23:30:00+00:00,1.09874,1.1006884951757603,,2015-10-30 01:30:00+00:00,1.09862,DISCRETIONARY_EXIT,False,1.4400,0.6000,0.8400,0.0350
m30-idea-527,GBPUSD,SELL,0.15,2015-10-30 00:30:00+00:00,1.53229,1.533906480461758,,2015-10-30 02:30:00+00:00,1.5322600000000002,DISCRETIONARY_EXIT,False,0.4500,0.7500,-0.3000,-0.0120
m30-idea-528,EURUSD,SELL,0.11,2015-10-30 10:00:00+00:00,1.10069,1.102883318857464,,2015-10-30 12:00:00+00:00,1.10044,DISCRETIONARY_EXIT,False,2.7500,0.5500,2.2000,0.0892
m30-idea-529,EURUSD,SELL,0.08,2015-10-30 16:30:00+00:00,1.10698,1.1098447927195483,,2015-10-30 17:30:00+00:00,1.10281,DISCRETIONARY_EXIT,False,33.3600,0.4000,32.9600,1.4135
m30-idea-530,GBPUSD,BUY,0.08,2015-10-30 20:30:00+00:00,1.54196,1.5391838685838422,,2015-11-01 22:00:00+00:00,1.54491,TIMEOUT_EXIT,False,23.6000,0.4000,23.2000,1.0261
m30-idea-531,EURUSD,SELL,0.09,2015-11-01 22:30:00+00:00,1.10298,1.105667508739805,,2015-11-02 00:30:00+00:00,1.10208,DISCRETIONARY_EXIT,False,8.1000,0.4500,7.6500,0.3105
m30-idea-532,EURUSD,SELL,0.11,2015-11-02 14:00:00+00:00,1.10504,1.1072083921205622,,2015-11-02 15:00:00+00:00,1.10337,DISCRETIONARY_EXIT,False,18.3700,0.5500,17.8200,0.7303
m30-idea-533,GBPUSD,BUY,0.1,2015-11-02 18:00:00+00:00,1.5423200000000001,1.540007833810903,,2015-11-02 21:00:00+00:00,1.54163,DISCRETIONARY_EXIT,False,-6.9000,0.5000,-7.4000,-0.3133
m30-idea-534,GBPUSD,BUY,0.13,2015-11-04 13:30:00+00:00,1.5398500000000002,1.5379863799668596,,2015-11-04 14:54:00+00:00,1.5379863799668596,SL,False,-24.2271,0.6500,-24.8771,-1.0000
m30-idea-535,EURUSD,SELL,0.13,2015-11-04 21:30:00+00:00,1.08645,1.0882517229361999,,2015-11-04 23:30:00+00:00,1.08654,DISCRETIONARY_EXIT,False,-1.1700,0.6500,-1.8200,-0.0756
m30-idea-536,GBPUSD,SELL,0.17,2015-11-05 08:30:00+00:00,1.53921,1.5405520768737033,,2015-11-05 10:00:00+00:00,1.53821,DISCRETIONARY_EXIT,False,17.0000,0.8500,16.1500,0.6824
m30-idea-537,GBPUSD,BUY,0.09,2015-11-05 12:30:00+00:00,1.52889,1.5261894408552936,,2015-11-05 13:09:00+00:00,1.5261894408552936,SL,False,-24.3050,0.4500,-24.7550,-1.0000
m30-idea-538,EURUSD,SELL,0.11,2015-11-05 13:30:00+00:00,1.08895,1.0910702826611711,,2015-11-05 15:00:00+00:00,1.08702,DISCRETIONARY_EXIT,False,21.2300,0.5500,20.6800,0.8662
m30-idea-539,EURUSD,SELL,0.11,2015-11-05 19:30:00+00:00,1.08843,1.090519167862309,,2015-11-05 21:00:00+00:00,1.08777,DISCRETIONARY_EXIT,False,7.2600,0.5500,6.7100,0.2852
m30-idea-541,EURUSD,SELL,0.12,2015-11-09 03:00:00+00:00,1.07589,1.0777957875282687,,2015-11-09 06:00:00+00:00,1.07657,DISCRETIONARY_EXIT,False,-8.1600,0.6000,-8.7600,-0.3733
m30-idea-540,GBPUSD,SELL,0.13,2015-11-09 02:30:00+00:00,1.50669,1.5085355856514284,,2015-11-09 07:30:00+00:00,1.50698,DISCRETIONARY_EXIT,False,-3.7700,0.6500,-4.4200,-0.1794
m30-idea-542,GBPUSD,SELL,0.12,2015-11-09 12:00:00+00:00,1.5103,1.512226414958228,,2015-11-09 13:00:00+00:00,1.5091700000000001,DISCRETIONARY_EXIT,False,13.5600,0.6000,12.9600,0.5464
m30-idea-543,GBPUSD,SELL,0.11,2015-11-09 16:30:00+00:00,1.51217,1.5143379308014764,,2015-11-09 18:00:00+00:00,1.51143,DISCRETIONARY_EXIT,False,8.1400,0.5500,7.5900,0.3111
m30-idea-544,GBPUSD,SELL,0.18,2015-11-10 01:30:00+00:00,1.51235,1.5136568051152224,,2015-11-10 02:30:00+00:00,1.51176,DISCRETIONARY_EXIT,False,10.6200,0.9000,9.7200,0.3980
m30-idea-545,EURUSD,SELL,0.1,2015-11-10 19:00:00+00:00,1.07181,1.074091665974751,,2015-11-10 20:00:00+00:00,1.07066,DISCRETIONARY_EXIT,False,11.5000,0.5000,11.0000,0.4718
m30-idea-547,GBPUSD,SELL,0.16,2015-11-11 00:00:00+00:00,1.51355,1.515023330060683,,2015-11-11 01:37:00+00:00,1.515023330060683,SL,False,-23.5733,0.8000,-24.3733,-1.0000
m30-idea-546,EURUSD,SELL,0.12,2015-11-11 00:00:00+00:00,1.07364,1.0755315335701197,,2015-11-11 02:11:00+00:00,1.0755315335701197,SL,False,-22.6984,0.6000,-23.2984,-1.0000
m30-idea-549,EURUSD,SELL,0.13,2015-11-11 02:30:00+00:00,1.07539,1.0771635687210883,,2015-11-11 03:54:00+00:00,1.0771635687210883,SL,False,-23.0564,0.6500,-23.7064,-1.0000
m30-idea-548,GBPUSD,SELL,0.13,2015-11-11 02:00:00+00:00,1.5166,1.5184379016519982,,2015-11-11 04:30:00+00:00,1.51681,DISCRETIONARY_EXIT,False,-2.7300,0.6500,-3.3800,-0.1377
m30-idea-550,GBPUSD,SELL,0.1,2015-11-11 12:30:00+00:00,1.51786,1.5202738476239588,,2015-11-11 15:24:00+00:00,1.5202738476239588,SL,False,-24.1385,0.5000,-24.6385,-1.0000
m30-idea-551,EURUSD,SELL,0.12,2015-11-11 14:30:00+00:00,1.0744,1.0763936881613951,,2015-11-11 16:00:00+00:00,1.07294,DISCRETIONARY_EXIT,False,17.5200,0.6000,16.9200,0.6899
m30-idea-552,GBPUSD,SELL,0.1,2015-11-11 16:30:00+00:00,1.52105,1.5234712086844924,,2015-11-11 18:00:00+00:00,1.5198200000000002,DISCRETIONARY_EXIT,False,12.3000,0.5000,11.8000,0.4775
m30-idea-553,EURUSD,SELL,0.14,2015-11-11 23:00:00+00:00,1.0758,1.0774981538107726,,2015-11-12 01:08:00+00:00,1.0774981538107726,SL,False,-23.7742,0.7000,-24.4742,-1.0000
m30-idea-554,GBPUSD,BUY,0.17,2015-11-12 05:30:00+00:00,1.522,1.5206058443264237,,2015-11-12 06:58:00+00:00,1.5206058443264237,SL,False,-23.7006,0.8500,-24.5506,-1.0000
m30-idea-555,GBPUSD,SELL,0.14,2015-11-12 11:30:00+00:00,1.51999,1.5216663474471626,,2015-11-12 13:00:00+00:00,1.5186300000000001,DISCRETIONARY_EXIT,False,19.0400,0.7000,18.3400,0.7588
m30-idea-556,EURUSD,SELL,0.1,2015-11-12 14:30:00+00:00,1.07379,1.0760234477908444,,2015-11-12 14:34:00+00:00,1.0760234477908444,SL,False,-22.3345,0.5000,-22.8345,-1.0000
m30-idea-557,EURUSD,SELL,0.07,2015-11-12 17:30:00+00:00,1.08014,1.083486943189179,,2015-11-12 18:30:00+00:00,1.07713,DISCRETIONARY_EXIT,False,21.0700,0.3500,20.7200,0.8714
m30-idea-558,EURUSD,SELL,0.07,2015-11-12 21:30:00+00:00,1.08193,1.0851452209503172,,2015-11-12 23:00:00+00:00,1.08076,DISCRETIONARY_EXIT,False,8.1900,0.3500,7.8400,0.3430
m30-idea-559,EURUSD,SELL,0.12,2015-11-13 11:30:00+00:00,1.07967,1.0816310639669595,,2015-11-13 13:00:00+00:00,1.0770899999999999,DISCRETIONARY_EXIT,False,30.9600,0.6000,30.3600,1.2580
m30-idea-560,GBPUSD,SELL,0.13,2015-11-13 19:30:00+00:00,1.52176,1.523574459946121,,2015-11-13 20:00:00+00:00,1.523574459946121,SL,False,-23.5880,0.6500,-24.2380,-1.0000
m30-idea-561,EURUSD,SELL,0.1,2015-11-13 20:30:00+00:00,1.07436,1.076643493499516,,2015-11-13 21:49:00+00:00,1.076643493499516,SL,False,-22.8349,0.5000,-23.3349,-1.0000
m30-idea-562,EURUSD,SELL,0.1,2015-11-15 22:00:00+00:00,1.07402,1.076303737324503,,2015-11-15 23:00:00+00:00,1.07375,DISCRETIONARY_EXIT,False,2.7000,0.5000,2.2000,0.0943
m30-idea-563,EURUSD,SELL,0.12,2015-11-16 07:30:00+00:00,1.07436,1.0762409405628994,,2015-11-16 09:30:00+00:00,1.07218,DISCRETIONARY_EXIT,False,26.1600,0.6000,25.5600,1.1031
m30-idea-564,GBPUSD,SELL,0.14,2015-11-16 17:30:00+00:00,1.52166,1.52328677775923,,2015-11-16 19:30:00+00:00,1.5207400000000002,DISCRETIONARY_EXIT,False,12.8800,0.7000,12.1800,0.5189
m30-idea-565,EURUSD,SELL,0.2,2015-11-18 05:30:00+00:00,1.06446,1.0656197364419047,,2015-11-18 07:39:00+00:00,1.0656197364419047,SL,False,-23.1947,1.0000,-24.1947,-1.0000
m30-idea-566,EURUSD,SELL,0.18,2015-11-18 08:30:00+00:00,1.06689,1.0682061500828754,,2015-11-18 09:14:00+00:00,1.0682061500828754,SL,False,-23.6907,0.9000,-24.5907,-1.0000
m30-idea-567,EURUSD,SELL,0.13,2015-11-18 23:30:00+00:00,1.06728,1.069079851874938,,2015-11-19 01:37:00+00:00,1.069079851874938,SL,False,-23.3981,0.6500,-24.0481,-1.0000
m30-idea-568,EURUSD,SELL,0.12,2015-11-19 11:30:00+00:00,1.07057,1.0724530642082004,,2015-11-19 13:00:00+00:00,1.06961,DISCRETIONARY_EXIT,False,11.5200,0.6000,10.9200,0.4708
m30-idea-569,GBPUSD,BUY,0.14,2015-11-20 00:30:00+00:00,1.52824,1.5265910548495092,,2015-11-20 02:30:00+00:00,1.52879,DISCRETIONARY_EXIT,False,7.7000,0.7000,7.0000,0.2943
m30-idea-570,GBPUSD,BUY,0.18,2015-11-20 08:00:00+00:00,1.5275,1.5261650812074106,,2015-11-20 09:30:00+00:00,1.52851,DISCRETIONARY_EXIT,False,18.1800,0.9000,17.2800,0.6932
m30-idea-571,GBPUSD,BUY,0.12,2015-11-20 12:30:00+00:00,1.52451,1.522538439880995,,2015-11-20 15:00:00+00:00,1.52486,DISCRETIONARY_EXIT,False,4.2000,0.6000,3.6000,0.1484
m30-idea-572,EURUSD,SELL,0.15,2015-11-23 08:30:00+00:00,1.06355,1.0650701219632823,,2015-11-23 09:30:00+00:00,1.06208,DISCRETIONARY_EXIT,False,22.0500,0.7500,21.3000,0.9044
m30-idea-573,EURUSD,SELL,0.13,2015-11-23 21:30:00+00:00,1.06278,1.064623275477784,,2015-11-24 00:30:00+00:00,1.06339,DISCRETIONARY_EXIT,False,-7.9300,0.6500,-8.5800,-0.3486
m30-idea-574,EURUSD,SELL,0.15,2015-11-24 09:00:00+00:00,1.06617,1.0677504470787926,,2015-11-24 10:30:00+00:00,1.06418,DISCRETIONARY_EXIT,False,29.8500,0.7500,29.1000,1.1899
m30-idea-575,EURUSD,SELL,0.12,2015-11-24 14:00:00+00:00,1.06622,1.0681292816002004,,2015-11-24 15:00:00+00:00,1.06399,DISCRETIONARY_EXIT,False,26.7600,0.6000,26.1600,1.1127
m30-idea-576,GBPUSD,SELL,0.12,2015-11-24 19:30:00+00:00,1.50922,1.5112267534906993,,2015-11-24 21:00:00+00:00,1.5080900000000002,DISCRETIONARY_EXIT,False,13.5600,0.6000,12.9600,0.5251
m30-idea-577,EURUSD,SELL,0.14,2015-11-25 03:00:00+00:00,1.06751,1.0691272495831994,,2015-11-25 04:30:00+00:00,1.06636,DISCRETIONARY_EXIT,False,16.1000,0.7000,15.4000,0.6598
m30-idea-578,GBPUSD,SELL,0.14,2015-11-25 03:00:00+00:00,1.51127,1.512900348286496,,2015-11-25 04:30:00+00:00,1.5102200000000001,DISCRETIONARY_EXIT,False,14.7000,0.7000,14.0000,0.5951
m30-idea-579,EURUSD,SELL,0.15,2015-11-25 07:30:00+00:00,1.06781,1.0694005261111055,,2015-11-25 09:00:00+00:00,1.06633,DISCRETIONARY_EXIT,False,22.2000,0.7500,21.4500,0.8717
m30-idea-580,EURUSD,SELL,0.09,2015-11-25 17:30:00+00:00,1.0628,1.065314736074018,,2015-11-25 19:00:00+00:00,1.06166,DISCRETIONARY_EXIT,False,10.2600,0.4500,9.8100,0.4250
m30-idea-581,EURUSD,SELL,0.16,2015-11-26 01:00:00+00:00,1.06257,1.064033183004714,,2015-11-26 02:00:00+00:00,1.06203,DISCRETIONARY_EXIT,False,8.6400,0.8000,7.8400,0.3238
m30-idea-582,GBPUSD,SELL,0.13,2015-11-26 13:30:00+00:00,1.51031,1.5121227285030079,,2015-11-26 14:30:00+00:00,1.5121227285030079,SL,False,-23.5655,0.6500,-24.2155,-1.0000
m30-idea-583,EURUSD,SELL,0.22,2015-11-27 07:00:00+00:00,1.06316,1.0642058240456864,,2015-11-27 08:30:00+00:00,1.06161,DISCRETIONARY_EXIT,False,34.1000,1.1000,33.0000,1.3688
m30-idea-584,EURUSD,SELL,0.15,2015-11-27 16:00:00+00:00,1.05949,1.0610639294364015,,2015-11-27 19:00:00+00:00,1.05964,DISCRETIONARY_EXIT,False,-2.2500,0.7500,-3.0000,-0.1232
m30-idea-585,EURUSD,SELL,0.22,2015-11-30 05:30:00+00:00,1.05901,1.0600670927001052,,2015-11-30 06:30:00+00:00,1.05827,DISCRETIONARY_EXIT,False,16.2800,1.1000,15.1800,0.6233
m30-idea-586,GBPUSD,SELL,0.18,2015-11-30 08:00:00+00:00,1.50386,1.5051452857954717,,2015-11-30 09:00:00+00:00,1.50187,DISCRETIONARY_EXIT,False,35.8200,0.9000,34.9200,1.4529
m30-idea-588,EURUSD,SELL,0.18,2015-12-01 02:30:00+00:00,1.05871,1.060041731832159,,2015-12-01 03:30:00+00:00,1.05785,DISCRETIONARY_EXIT,False,15.4800,0.9000,14.5800,0.5862
m30-idea-587,GBPUSD,SELL,0.13,2015-12-01 01:30:00+00:00,1.5084,1.5101885473798742,,2015-12-01 03:30:00+00:00,1.5086000000000002,DISCRETIONARY_EXIT,False,-2.6000,0.6500,-3.2500,-0.1360
m30-idea-589,EURUSD,SELL,0.16,2015-12-01 09:00:00+00:00,1.06068,1.0621064160698424,,2015-12-01 10:30:00+00:00,1.05953,DISCRETIONARY_EXIT,False,18.4000,0.8000,17.6000,0.7450
m30-idea-590,EURUSD,SELL,0.16,2015-12-01 13:30:00+00:00,1.06082,1.0622442525793576,,2015-12-01 14:10:00+00:00,1.0622442525793576,SL,False,-22.7880,0.8000,-23.5880,-1.0000
m30-idea-591,GBPUSD,SELL,0.11,2015-12-01 19:00:00+00:00,1.50846,1.5105784990653381,,2015-12-01 21:00:00+00:00,1.50818,DISCRETIONARY_EXIT,False,3.0800,0.5500,2.5300,0.1061
m30-idea-592,GBPUSD,SELL,0.23,2015-12-02 08:00:00+00:00,1.50738,1.5083912822774865,,2015-12-02 09:30:00+00:00,1.50366,DISCRETIONARY_EXIT,False,85.5600,1.1500,84.4100,3.4581
m30-idea-593,EURUSD,SELL,0.1,2015-12-02 19:30:00+00:00,1.06174,1.0641332173911506,,2015-12-02 21:30:00+00:00,1.06132,DISCRETIONARY_EXIT,False,4.2000,0.5000,3.7000,0.1514
m30-idea-594,EURUSD,BUY,0.05,2015-12-04 00:00:00+00:00,1.09184,1.0876792019808992,,2015-12-04 03:00:00+00:00,1.09195,DISCRETIONARY_EXIT,False,0.5500,0.2500,0.3000,0.0142
m30-idea-596,GBPUSD,BUY,0.11,2015-12-04 07:30:00+00:00,1.5101900000000001,1.5081306790563511,,2015-12-04 07:49:00+00:00,1.5081306790563511,SL,False,-22.6525,0.5500,-23.2025,-1.0000
m30-idea-595,EURUSD,BUY,0.07,2015-12-04 07:30:00+00:00,1.08871,1.0855185708359005,,2015-12-04 09:30:00+00:00,1.08889,DISCRETIONARY_EXIT,False,1.2600,0.3500,0.9100,0.0401
m30-idea-597,EURUSD,BUY,0.06,2015-12-04 17:30:00+00:00,1.08749,1.0834849008638066,,2015-12-04 19:30:00+00:00,1.08756,DISCRETIONARY_EXIT,False,0.4200,0.3000,0.1200,0.0049
m30-idea-598,EURUSD,BUY,0.1,2015-12-07 02:30:00+00:00,1.0856999999999999,1.083417323706964,,2015-12-07 05:00:00+00:00,1.08627,DISCRETIONARY_EXIT,False,5.7000,0.5000,5.2000,0.2229
m30-idea-599,GBPUSD,BUY,0.13,2015-12-07 02:30:00+00:00,1.50991,1.508172219857027,,2015-12-07 05:00:00+00:00,1.50988,DISCRETIONARY_EXIT,False,-0.3900,0.6500,-1.0400,-0.0447
m30-idea-600,EURUSD,BUY,0.13,2015-12-07 08:30:00+00:00,1.08379,1.0820251582298939,,2015-12-07 08:58:00+00:00,1.0820251582298939,SL,False,-22.9429,0.6500,-23.5929,-1.0000
m30-idea-601,GBPUSD,BUY,0.13,2015-12-07 08:30:00+00:00,1.5058,1.5040115032813088,,2015-12-07 10:00:00+00:00,1.50652,DISCRETIONARY_EXIT,False,9.3600,0.6500,8.7100,0.3644
m30-idea-602,EURUSD,BUY,0.14,2015-12-08 10:30:00+00:00,1.08441,1.0826878236266315,,2015-12-08 12:00:00+00:00,1.08597,DISCRETIONARY_EXIT,False,21.8400,0.7000,21.1400,0.8521
m30-idea-603,EURUSD,BUY,0.17,2015-12-09 00:30:00+00:00,1.0889199999999999,1.087517865876492,,2015-12-09 02:00:00+00:00,1.08989,DISCRETIONARY_EXIT,False,16.4900,0.8500,15.6400,0.6336
m30-idea-604,GBPUSD,SELL,0.17,2015-12-09 06:30:00+00:00,1.50225,1.5036055449718067,,2015-12-09 07:07:00+00:00,1.5036055449718067,SL,False,-23.0443,0.8500,-23.8943,-1.0000
m30-idea-605,GBPUSD,SELL,0.13,2015-12-09 10:30:00+00:00,1.50688,1.5087364765696294,,2015-12-09 12:00:00+00:00,1.5073,DISCRETIONARY_EXIT,False,-5.4600,0.6500,-6.1100,-0.2465
m30-idea-606,EURUSD,BUY,0.19,2015-12-10 06:30:00+00:00,1.1,1.0987420970149635,,2015-12-10 07:24:00+00:00,1.0987420970149635,SL,False,-23.9002,0.9500,-24.8502,-1.0000
m30-idea-607,EURUSD,BUY,0.14,2015-12-10 09:30:00+00:00,1.0965799999999999,1.0948917967250171,,2015-12-10 10:25:00+00:00,1.0948917967250171,SL,False,-23.6348,0.7000,-24.3348,-1.0000
m30-idea-608,EURUSD,BUY,0.12,2015-12-10 11:00:00+00:00,1.09412,1.0922192446810723,,2015-12-10 13:00:00+00:00,1.09506,DISCRETIONARY_EXIT,False,11.2800,0.6000,10.6800,0.4562
m30-idea-609,EURUSD,BUY,0.1,2015-12-13 22:30:00+00:00,1.09785,1.095429478786697,,2015-12-14 00:00:00+00:00,1.09808,DISCRETIONARY_EXIT,False,2.3000,0.5000,1.8000,0.0729
m30-idea-610,GBPUSD,BUY,0.09,2015-12-13 23:00:00+00:00,1.51929,1.516777413031895,,2015-12-14 01:00:00+00:00,1.51984,DISCRETIONARY_EXIT,False,4.9500,0.4500,4.5000,0.1951
m30-idea-611,EURUSD,BUY,0.12,2015-12-14 03:30:00+00:00,1.09616,1.0941903422502515,,2015-12-14 05:30:00+00:00,1.09652,DISCRETIONARY_EXIT,False,4.3200,0.6000,3.7200,0.1535
m30-idea-612,GBPUSD,BUY,0.13,2015-12-14 04:30:00+00:00,1.5186600000000001,1.5167983276776473,,2015-12-14 05:30:00+00:00,1.51907,DISCRETIONARY_EXIT,False,5.3300,0.6500,4.6800,0.1883
m30-idea-613,GBPUSD,BUY,0.11,2015-12-14 09:00:00+00:00,1.5152800000000002,1.5132436647558216,,2015-12-14 10:30:00+00:00,1.51775,DISCRETIONARY_EXIT,False,27.1700,0.5500,26.6200,1.1599
m30-idea-614,GBPUSD,BUY,0.1,2015-12-14 12:00:00+00:00,1.51208,1.5097216671646676,,2015-12-14 14:00:00+00:00,1.51399,DISCRETIONARY_EXIT,False,19.1000,0.5000,18.6000,0.7723
m30-idea-615,EURUSD,BUY,0.1,2015-12-14 20:30:00+00:00,1.09975,1.0973829941781081,,2015-12-14 22:30:00+00:00,1.09936,DISCRETIONARY_EXIT,False,-3.9000,0.5000,-4.4000,-0.1820
m30-idea-616,EURUSD,BUY,0.1,2015-12-15 14:00:00+00:00,1.0972,1.0949640727531555,,2015-12-15 14:39:00+00:00,1.0949640727531555,SL,False,-22.3593,0.5000,-22.8593,-1.0000
m30-idea-617,GBPUSD,SELL,0.14,2015-12-16 03:30:00+00:00,1.5054,1.5071349504739098,,2015-12-16 04:30:00+00:00,1.50488,DISCRETIONARY_EXIT,False,7.2800,0.7000,6.5800,0.2633
m30-idea-618,EURUSD,BUY,0.12,2015-12-16 10:00:00+00:00,1.09221,1.09030138423299,,2015-12-16 12:00:00+00:00,1.09257,DISCRETIONARY_EXIT,False,4.3200,0.6000,3.7200,0.1583
m30-idea-619,EURUSD,SELL,0.1,2015-12-17 07:00:00+00:00,1.08632,1.0887055943627708,,2015-12-17 08:00:00+00:00,1.0856,DISCRETIONARY_EXIT,False,7.2000,0.5000,6.7000,0.2751
m30-idea-621,GBPUSD,SELL,0.1,2015-12-18 00:00:00+00:00,1.49283,1.495230179737519,,2015-12-18 01:00:00+00:00,1.4905700000000002,DISCRETIONARY_EXIT,False,22.6000,0.5000,22.1000,0.9020
m30-idea-620,EURUSD,SELL,0.11,2015-12-17 22:30:00+00:00,1.08322,1.08538268962726,,2015-12-18 01:30:00+00:00,1.08347,DISCRETIONARY_EXIT,False,-2.7500,0.5500,-3.3000,-0.1356
m30-idea-622,EURUSD,SELL,0.14,2015-12-18 07:00:00+00:00,1.08619,1.0879093018509547,,2015-12-18 08:30:00+00:00,1.08166,DISCRETIONARY_EXIT,False,63.4200,0.7000,62.7200,2.5321
m30-idea-623,GBPUSD,SELL,0.11,2015-12-18 07:00:00+00:00,1.49416,1.496227792346917,,2015-12-18 08:30:00+00:00,1.4906400000000002,DISCRETIONARY_EXIT,False,38.7200,0.5500,38.1700,1.6385
m30-idea-624,EURUSD,SELL,0.11,2015-12-18 20:30:00+00:00,1.08692,1.0891033138974944,,2015-12-20 22:00:00+00:00,1.08541,TIMEOUT_EXIT,False,16.6100,0.5500,16.0600,0.6537
m30-idea-625,EURUSD,SELL,0.17,2015-12-21 06:00:00+00:00,1.08736,1.0887447405325752,,2015-12-21 08:00:00+00:00,1.0871899999999999,DISCRETIONARY_EXIT,False,2.8900,0.8500,2.0400,0.0836
m30-idea-626,EURUSD,BUY,0.15,2015-12-21 23:00:00+00:00,1.09101,1.0894049579392904,,2015-12-22 01:30:00+00:00,1.09105,DISCRETIONARY_EXIT,False,0.6000,0.7500,-0.1500,-0.0060
m30-idea-627,GBPUSD,SELL,0.15,2015-12-22 00:00:00+00:00,1.48911,1.4907197520965532,,2015-12-22 02:30:00+00:00,1.48902,DISCRETIONARY_EXIT,False,1.3500,0.7500,0.6000,0.0241
m30-idea-628,GBPUSD,SELL,0.2,2015-12-22 07:30:00+00:00,1.48962,1.4908097762703578,,2015-12-22 09:09:00+00:00,1.4908097762703578,SL,False,-23.7955,1.0000,-24.7955,-1.0000
m30-idea-629,EURUSD,BUY,0.13,2015-12-22 20:00:00+00:00,1.09521,1.0933963182589241,,2015-12-22 22:00:00+00:00,1.0955,DISCRETIONARY_EXIT,False,3.7700,0.6500,3.1200,0.1288
m30-idea-630,GBPUSD,SELL,0.13,2015-12-22 22:00:00+00:00,1.48257,1.4843075279950866,,2015-12-23 00:00:00+00:00,1.48212,DISCRETIONARY_EXIT,False,5.8500,0.6500,5.2000,0.2238
m30-idea-631,EURUSD,BUY,0.19,2015-12-23 02:00:00+00:00,1.09437,1.0931687279026072,,2015-12-23 04:00:00+00:00,1.09466,DISCRETIONARY_EXIT,False,5.5100,0.9500,4.5600,0.1918
m30-idea-632,GBPUSD,SELL,0.21,2015-12-23 06:00:00+00:00,1.48459,1.4856942522261052,,2015-12-23 07:11:00+00:00,1.4856942522261052,SL,False,-23.1893,1.0500,-24.2393,-1.0000
m30-idea-633,GBPUSD,SELL,0.2,2015-12-23 07:30:00+00:00,1.4854,1.486584497864706,,2015-12-23 08:30:00+00:00,1.48414,DISCRETIONARY_EXIT,False,25.2000,1.0000,24.2000,0.9802
m30-idea-634,GBPUSD,SELL,0.13,2015-12-23 11:00:00+00:00,1.48763,1.4894698993845226,,2015-12-23 12:31:00+00:00,1.4894698993845226,SL,False,-23.9187,0.6500,-24.5687,-1.0000
m30-idea-635,GBPUSD,SELL,0.13,2015-12-24 00:30:00+00:00,1.48769,1.4895311892713465,,2015-12-24 04:00:00+00:00,1.48781,DISCRETIONARY_EXIT,False,-1.5600,0.6500,-2.2100,-0.0899
m30-idea-636,GBPUSD,SELL,0.16,2015-12-24 08:00:00+00:00,1.49057,1.4920748008869484,,2015-12-24 09:00:00+00:00,1.48734,DISCRETIONARY_EXIT,False,51.6800,0.8000,50.8800,2.0453
m30-idea-637,EURUSD,BUY,0.17,2015-12-24 12:00:00+00:00,1.0947,1.0933262749802353,,2015-12-24 12:20:00+00:00,1.0933262749802353,SL,False,-23.3533,0.8500,-24.2033,-1.0000
m30-idea-638,GBPUSD,SELL,0.11,2015-12-24 12:30:00+00:00,1.49357,1.495695816954767,,2015-12-24 14:00:00+00:00,1.4916200000000002,DISCRETIONARY_EXIT,False,21.4500,0.5500,20.9000,0.8732
m30-idea-639,EURUSD,BUY,0.17,2015-12-28 13:30:00+00:00,1.09664,1.095275349118385,,2015-12-28 14:30:00+00:00,1.09778,DISCRETIONARY_EXIT,False,19.3800,0.8500,18.5300,0.7705
m30-idea-640,GBPUSD,SELL,0.19,2015-12-29 00:00:00+00:00,1.48906,1.4902984920738513,,2015-12-29 02:15:00+00:00,1.4902984920738513,SL,False,-23.5313,0.9500,-24.4813,-1.0000
m30-idea-641,EURUSD,BUY,0.17,2015-12-29 13:30:00+00:00,1.09481,1.0934301702029356,,2015-12-29 13:36:00+00:00,1.0934301702029356,SL,False,-23.4571,0.8500,-24.3071,-1.0000
m30-idea-642,GBPUSD,SELL,0.13,2015-12-29 20:00:00+00:00,1.48291,1.484720196591668,,2015-12-29 21:30:00+00:00,1.4823600000000001,DISCRETIONARY_EXIT,False,7.1500,0.6500,6.5000,0.2688
m30-idea-643,GBPUSD,SELL,0.17,2015-12-30 03:00:00+00:00,1.48307,1.4844342708356406,,2015-12-30 06:28:00+00:00,1.4844342708356406,SL,False,-23.1926,0.8500,-24.0426,-1.0000
m30-idea-644,EURUSD,SELL,0.13,2015-12-30 20:00:00+00:00,1.09242,1.0941810602630964,,2015-12-30 22:00:00+00:00,1.0931899999999999,DISCRETIONARY_EXIT,False,-10.0100,0.6500,-10.6600,-0.4528
m30-idea-645,GBPUSD,SELL,0.16,2015-12-31 01:00:00+00:00,1.482,1.483487929093671,,2015-12-31 03:00:00+00:00,1.48197,DISCRETIONARY_EXIT,False,0.4800,0.8000,-0.3200,-0.0130
m30-idea-646,GBPUSD,SELL,0.22,2015-12-31 08:00:00+00:00,1.48323,1.4842927775328796,,2015-12-31 08:27:00+00:00,1.4842927775328796,SL,False,-23.3811,1.1000,-24.4811,-1.0000
m30-idea-648,EURUSD,SELL,0.13,2016-01-04 05:30:00+00:00,1.08821,1.089985312094484,,2016-01-04 05:40:00+00:00,1.089985312094484,SL,False,-23.0791,0.6500,-23.7291,-1.0000
m30-idea-647,GBPUSD,SELL,0.11,2016-01-04 05:00:00+00:00,1.47349,1.4755452995907656,,2016-01-04 07:30:00+00:00,1.4733,DISCRETIONARY_EXIT,False,2.0900,0.5500,1.5400,0.0665
m30-idea-649,EURUSD,SELL,0.1,2016-01-04 08:30:00+00:00,1.09412,1.0964467330736536,,2016-01-04 10:00:00+00:00,1.093,DISCRETIONARY_EXIT,False,11.2000,0.5000,10.7000,0.4502
m30-idea-650,GBPUSD,SELL,0.09,2016-01-04 20:00:00+00:00,1.47113,1.4736056364438774,,2016-01-04 22:00:00+00:00,1.47141,DISCRETIONARY_EXIT,False,-2.5200,0.4500,-2.9700,-0.1307
m30-idea-651,GBPUSD,SELL,0.13,2016-01-05 02:00:00+00:00,1.47237,1.4741319913981312,,2016-01-05 03:00:00+00:00,1.47153,DISCRETIONARY_EXIT,False,10.9200,0.6500,10.2700,0.4360
m30-idea-652,EURUSD,SELL,0.16,2016-01-05 05:30:00+00:00,1.0829,1.084346311581084,,2016-01-05 07:30:00+00:00,1.0807,DISCRETIONARY_EXIT,False,35.2000,0.8000,34.4000,1.4369
m30-idea-653,GBPUSD,SELL,0.13,2016-01-05 22:30:00+00:00,1.46774,1.469595620073666,,2016-01-06 00:00:00+00:00,1.4674800000000001,DISCRETIONARY_EXIT,False,3.3800,0.6500,2.7300,0.1102
m30-idea-654,EURUSD,SELL,0.13,2016-01-06 12:30:00+00:00,1.07542,1.0772057818207632,,2016-01-06 13:30:00+00:00,1.07436,DISCRETIONARY_EXIT,False,13.7800,0.6500,13.1300,0.5502
m30-idea-655,EURUSD,SELL,0.12,2016-01-07 01:30:00+00:00,1.07968,1.0816366656824,,2016-01-07 02:42:00+00:00,1.0816366656824,SL,False,-23.4800,0.6000,-24.0800,-1.0000
m30-idea-656,EURUSD,SELL,0.12,2016-01-07 03:00:00+00:00,1.08149,1.083493163084633,,2016-01-07 06:30:00+00:00,1.0821399999999999,DISCRETIONARY_EXIT,False,-7.8000,0.6000,-8.4000,-0.3409
m30-idea-657,EURUSD,BUY,0.09,2016-01-08 01:30:00+00:00,1.0879,1.0853491328536853,,2016-01-08 04:00:00+00:00,1.08841,DISCRETIONARY_EXIT,False,4.5900,0.4500,4.1400,0.1769
m30-idea-658,GBPUSD,SELL,0.11,2016-01-08 03:00:00+00:00,1.46335,1.4655142459330341,,2016-01-08 04:30:00+00:00,1.4631100000000001,DISCRETIONARY_EXIT,False,2.6400,0.5500,2.0900,0.0858
m30-idea-659,EURUSD,BUY,0.12,2016-01-08 07:30:00+00:00,1.08589,1.083862539432957,,2016-01-08 08:30:00+00:00,1.08766,DISCRETIONARY_EXIT,False,21.2400,0.6000,20.6400,0.8279
m30-idea-660,EURUSD,BUY,0.09,2016-01-11 02:30:00+00:00,1.09194,1.089360905954576,,2016-01-11 06:00:00+00:00,1.09181,DISCRETIONARY_EXIT,False,-1.1700,0.4500,-1.6200,-0.0685
m30-idea-661,GBPUSD,SELL,0.1,2016-01-11 09:00:00+00:00,1.45696,1.4593705702082995,,2016-01-11 11:00:00+00:00,1.4564000000000001,DISCRETIONARY_EXIT,False,5.6000,0.5000,5.1000,0.2073
m30-idea-663,GBPUSD,SELL,0.11,2016-01-11 13:30:00+00:00,1.4583,1.4604827352058094,,2016-01-11 13:44:00+00:00,1.4604827352058094,SL,False,-24.0101,0.5500,-24.5601,-1.0000
m30-idea-662,EURUSD,BUY,0.11,2016-01-11 13:30:00+00:00,1.08881,1.0867538485976056,,2016-01-11 14:22:00+00:00,1.0867538485976056,SL,False,-22.6177,0.5500,-23.1677,-1.0000
m30-idea-664,GBPUSD,SELL,0.08,2016-01-12 19:30:00+00:00,1.4441,1.446939049085782,,2016-01-12 22:30:00+00:00,1.4439700000000002,DISCRETIONARY_EXIT,False,1.0400,0.4000,0.6400,0.0277
m30-idea-665,GBPUSD,SELL,0.1,2016-01-13 01:30:00+00:00,1.44655,1.4489408856821824,,2016-01-13 03:00:00+00:00,1.4458300000000002,DISCRETIONARY_EXIT,False,7.2000,0.5000,6.7000,0.2745
m30-idea-666,EURUSD,SELL,0.11,2016-01-13 15:30:00+00:00,1.08647,1.088678231833696,,2016-01-13 17:00:00+00:00,1.0863099999999999,DISCRETIONARY_EXIT,False,1.7600,0.5500,1.2100,0.0487
m30-idea-667,GBPUSD,SELL,0.14,2016-01-14 06:30:00+00:00,1.44121,1.4428538757015772,,2016-01-14 08:00:00+00:00,1.44062,DISCRETIONARY_EXIT,False,8.2600,0.7000,7.5600,0.3188
m30-idea-668,EURUSD,BUY,0.14,2016-01-14 07:00:00+00:00,1.08686,1.0852429422333232,,2016-01-14 08:30:00+00:00,1.08799,DISCRETIONARY_EXIT,False,15.8200,0.7000,15.1200,0.6478
m30-idea-669,GBPUSD,SELL,0.12,2016-01-14 23:30:00+00:00,1.44199,1.4439215096586064,,2016-01-15 01:00:00+00:00,1.4419600000000001,DISCRETIONARY_EXIT,False,0.3600,0.6000,-0.2400,-0.0101
m30-idea-670,EURUSD,SELL,0.12,2016-01-15 01:30:00+00:00,1.08746,1.0893447232038238,,2016-01-15 03:00:00+00:00,1.08823,DISCRETIONARY_EXIT,False,-9.2400,0.6000,-9.8400,-0.4238
m30-idea-671,EURUSD,BUY,0.07,2016-01-15 20:00:00+00:00,1.09099,1.0876325677747385,,2016-01-17 22:00:00+00:00,1.09228,TIMEOUT_EXIT,False,9.0300,0.3500,8.6800,0.3639
m30-idea-672,GBPUSD,SELL,0.11,2016-01-18 00:00:00+00:00,1.42717,1.4293514858093137,,2016-01-18 01:00:00+00:00,1.4262700000000001,DISCRETIONARY_EXIT,False,9.9000,0.5500,9.3500,0.3809
m30-idea-674,GBPUSD,SELL,0.16,2016-01-19 05:30:00+00:00,1.42618,1.4276048854160226,,2016-01-19 06:02:00+00:00,1.4276048854160226,SL,False,-22.7982,0.8000,-23.5982,-1.0000
m30-idea-673,EURUSD,BUY,0.19,2016-01-19 05:30:00+00:00,1.08824,1.0869888568837465,,2016-01-19 07:00:00+00:00,1.08736,DISCRETIONARY_EXIT,False,-16.7200,0.9500,-17.6700,-0.7148
m30-idea-675,GBPUSD,SELL,0.11,2016-01-19 09:30:00+00:00,1.43275,1.4349519257454226,,2016-01-19 11:30:00+00:00,1.4311200000000002,DISCRETIONARY_EXIT,False,17.9300,0.5500,17.3800,0.7016
m30-idea-676,GBPUSD,SELL,0.07,2016-01-19 18:30:00+00:00,1.41949,1.4226367983128119,,2016-01-19 20:00:00+00:00,1.41772,DISCRETIONARY_EXIT,False,12.3900,0.3500,12.0400,0.5380
m30-idea-677,GBPUSD,SELL,0.08,2016-01-20 14:30:00+00:00,1.419,1.4220275847612291,,2016-01-20 15:24:00+00:00,1.4220275847612291,SL,False,-24.2207,0.4000,-24.6207,-1.0000
m30-idea-678,EURUSD,BUY,0.08,2016-01-20 20:30:00+00:00,1.08805,1.0852730282134049,,2016-01-20 22:00:00+00:00,1.08886,DISCRETIONARY_EXIT,False,6.4800,0.4000,6.0800,0.2688
m30-idea-679,EURUSD,SELL,0.13,2016-01-21 04:00:00+00:00,1.08871,1.0905428488747,,2016-01-21 06:00:00+00:00,1.08985,DISCRETIONARY_EXIT,False,-14.8200,0.6500,-15.4700,-0.6320
m30-idea-680,GBPUSD,SELL,0.06,2016-01-21 16:30:00+00:00,1.41791,1.4217820852523544,,2016-01-21 17:15:00+00:00,1.4217820852523544,SL,False,-23.2325,0.3000,-23.5325,-1.0000
m30-idea-681,EURUSD,SELL,0.06,2016-01-21 19:00:00+00:00,1.08832,1.0920656194607392,,2016-01-21 21:00:00+00:00,1.08888,DISCRETIONARY_EXIT,False,-3.3600,0.3000,-3.6600,-0.1607
m30-idea-682,GBPUSD,SELL,0.06,2016-01-21 21:00:00+00:00,1.4241,1.4276236172201304,,2016-01-21 22:00:00+00:00,1.42218,DISCRETIONARY_EXIT,False,11.5200,0.3000,11.2200,0.5233
m30-idea-683,GBPUSD,SELL,0.11,2016-01-22 06:30:00+00:00,1.42334,1.4253734556041557,,2016-01-22 08:28:00+00:00,1.4253734556041557,SL,False,-22.3680,0.5500,-22.9180,-1.0000
m30-idea-684,GBPUSD,SELL,0.1,2016-01-22 08:30:00+00:00,1.42637,1.4286664743989559,,2016-01-22 09:32:00+00:00,1.4286664743989559,SL,False,-22.9647,0.5000,-23.4647,-1.0000
m30-idea-685,GBPUSD,SELL,0.07,2016-01-22 12:30:00+00:00,1.43193,1.4352420264515555,,2016-01-22 14:00:00+00:00,1.4329100000000001,DISCRETIONARY_EXIT,False,-6.8600,0.3500,-7.2100,-0.3064
m30-idea-686,GBPUSD,SELL,0.1,2016-01-25 02:30:00+00:00,1.42978,1.4320664382676689,,2016-01-25 04:00:00+00:00,1.4308800000000002,DISCRETIONARY_EXIT,False,-11.0000,0.5000,-11.5000,-0.4922
m30-idea-687,EURUSD,SELL,0.16,2016-01-25 04:00:00+00:00,1.0813,1.0828099277311487,,2016-01-25 06:30:00+00:00,1.08139,DISCRETIONARY_EXIT,False,-1.4400,0.8000,-2.2400,-0.0897
m30-idea-688,GBPUSD,SELL,0.09,2016-01-25 19:30:00+00:00,1.42618,1.4288634364016584,,2016-01-25 20:30:00+00:00,1.4252900000000002,DISCRETIONARY_EXIT,False,8.0100,0.4500,7.5600,0.3073
m30-idea-689,EURUSD,SELL,0.17,2016-01-26 07:30:00+00:00,1.0868,1.0881964399985922,,2016-01-26 09:00:00+00:00,1.08462,DISCRETIONARY_EXIT,False,37.0600,0.8500,36.2100,1.4726
m30-idea-690,GBPUSD,SELL,0.08,2016-01-26 13:00:00+00:00,1.42489,1.4279075796194847,,2016-01-26 14:34:00+00:00,1.4279075796194847,SL,False,-24.1406,0.4000,-24.5406,-1.0000
m30-idea-691,EURUSD,SELL,0.13,2016-01-26 16:30:00+00:00,1.08507,1.0868603885663533,,2016-01-26 17:30:00+00:00,1.08399,DISCRETIONARY_EXIT,False,14.0400,0.6500,13.3900,0.5597
m30-idea-692,GBPUSD,BUY,0.11,2016-01-27 09:00:00+00:00,1.43106,1.4288515387950684,,2016-01-27 10:10:00+00:00,1.4288515387950684,SL,False,-24.2931,0.5500,-24.8431,-1.0000
m30-idea-694,GBPUSD,SELL,0.1,2016-01-28 02:30:00+00:00,1.42605,1.4284445056008104,,2016-01-28 03:30:00+00:00,1.42429,DISCRETIONARY_EXIT,False,17.6000,0.5000,17.1000,0.6995
m30-idea-693,EURUSD,BUY,0.13,2016-01-28 01:30:00+00:00,1.08928,1.0874839777744518,,2016-01-28 04:00:00+00:00,1.08949,DISCRETIONARY_EXIT,False,2.7300,0.6500,2.0800,0.0867
m30-idea-695,GBPUSD,SELL,0.12,2016-01-28 07:30:00+00:00,1.42643,1.4284236732252271,,2016-01-28 09:31:00+00:00,1.4284236732252271,SL,False,-23.9241,0.6000,-24.5241,-1.0000
m30-idea-696,EURUSD,BUY,0.12,2016-01-28 21:00:00+00:00,1.0942399999999999,1.0923562914342395,,2016-01-28 23:30:00+00:00,1.09409,DISCRETIONARY_EXIT,False,-1.8000,0.6000,-2.4000,-0.1034
m30-idea-697,EURUSD,BUY,0.11,2016-01-29 07:00:00+00:00,1.09056,1.0884632605627846,,2016-01-29 09:30:00+00:00,1.08971,DISCRETIONARY_EXIT,False,-9.3500,0.5500,-9.9000,-0.4192
m30-idea-698,GBPUSD,BUY,0.08,2016-01-29 09:30:00+00:00,1.43514,1.432162828675305,,2016-01-29 10:34:00+00:00,1.432162828675305,SL,False,-23.8174,0.4000,-24.2174,-1.0000
m30-idea-699,GBPUSD,SELL,0.06,2016-01-29 20:30:00+00:00,1.4246,1.4282484954771442,,2016-01-31 22:00:00+00:00,1.4250900000000002,TIMEOUT_EXIT,False,-2.9400,0.3000,-3.2400,-0.1460
m30-idea-700,GBPUSD,SELL,0.1,2016-02-01 09:30:00+00:00,1.43104,1.4334035176312532,,2016-02-01 11:00:00+00:00,1.4276000000000002,DISCRETIONARY_EXIT,False,34.4000,0.5000,33.9000,1.4046
m30-idea-701,GBPUSD,BUY,0.12,2016-02-02 05:00:00+00:00,1.44066,1.4386624966503947,,2016-02-02 05:30:00+00:00,1.4386624966503947,SL,False,-23.9700,0.6000,-24.5700,-1.0000
m30-idea-702,GBPUSD,BUY,0.1,2016-02-03 01:00:00+00:00,1.44002,1.4377726186751407,,2016-02-03 02:00:00+00:00,1.44054,DISCRETIONARY_EXIT,False,5.2000,0.5000,4.7000,0.2046
m30-idea-703,EURUSD,BUY,0.17,2016-02-03 04:00:00+00:00,1.0913599999999999,1.0899501609264997,,2016-02-03 06:30:00+00:00,1.0924,DISCRETIONARY_EXIT,False,17.6800,0.8500,16.8300,0.6782
m30-idea-704,GBPUSD,BUY,0.12,2016-02-04 06:00:00+00:00,1.45717,1.4552264282824359,,2016-02-04 07:00:00+00:00,1.4578,DISCRETIONARY_EXIT,False,7.5600,0.6000,6.9600,0.2909
m30-idea-705,EURUSD,BUY,0.12,2016-02-04 07:30:00+00:00,1.1072,1.1051690376772103,,2016-02-04 08:30:00+00:00,1.11267,DISCRETIONARY_EXIT,False,65.6400,0.6000,65.0400,2.6046
m30-idea-706,GBPUSD,BUY,0.06,2016-02-04 12:30:00+00:00,1.45401,1.4501638534297427,,2016-02-04 13:30:00+00:00,1.46349,DISCRETIONARY_EXIT,False,56.8800,0.3000,56.5800,2.4203
m30-idea-707,GBPUSD,BUY,0.1,2016-02-05 02:30:00+00:00,1.4572100000000001,1.454773951493937,,2016-02-05 03:30:00+00:00,1.45741,DISCRETIONARY_EXIT,False,2.0000,0.5000,1.5000,0.0603
m30-idea-708,GBPUSD,BUY,0.12,2016-02-05 06:00:00+00:00,1.4555200000000001,1.4535133993665508,,2016-02-05 07:34:00+00:00,1.4535133993665508,SL,False,-24.0792,0.6000,-24.6792,-1.0000
m30-idea-709,GBPUSD,BUY,0.1,2016-02-05 08:00:00+00:00,1.4519000000000002,1.4496348659232627,,2016-02-05 10:00:00+00:00,1.45426,DISCRETIONARY_EXIT,False,23.6000,0.5000,23.1000,0.9978
m30-idea-710,EURUSD,BUY,0.15,2016-02-08 04:00:00+00:00,1.11325,1.1116507907323812,,2016-02-08 06:00:00+00:00,1.11389,DISCRETIONARY_EXIT,False,9.6000,0.7500,8.8500,0.3577
m30-idea-712,GBPUSD,BUY,0.07,2016-02-08 11:30:00+00:00,1.4398000000000002,1.436522086454393,,2016-02-08 13:00:00+00:00,1.43857,DISCRETIONARY_EXIT,False,-8.6100,0.3500,-8.9600,-0.3846
m30-idea-711,EURUSD,BUY,0.1,2016-02-08 11:30:00+00:00,1.11105,1.1087274284006208,,2016-02-08 13:22:00+00:00,1.1087274284006208,SL,False,-23.2257,0.5000,-23.7257,-1.0000
m30-idea-713,EURUSD,BUY,0.09,2016-02-08 13:30:00+00:00,1.10902,1.1064680015501385,,2016-02-08 14:30:00+00:00,1.11166,DISCRETIONARY_EXIT,False,23.7600,0.4500,23.3100,0.9954
m30-idea-714,EURUSD,BUY,0.1,2016-02-09 07:30:00+00:00,1.11868,1.1163497938440965,,2016-02-09 08:30:00+00:00,1.11998,DISCRETIONARY_EXIT,False,13.0000,0.5000,12.5000,0.5252
m30-idea-715,EURUSD,BUY,0.12,2016-02-10 08:30:00+00:00,1.12782,1.1259346851898242,,2016-02-10 08:39:00+00:00,1.1259346851898242,SL,False,-22.6238,0.6000,-23.2238,-1.0000
m30-idea-716,EURUSD,BUY,0.08,2016-02-10 15:30:00+00:00,1.11819,1.1151887751665976,,2016-02-10 16:30:00+00:00,1.12186,DISCRETIONARY_EXIT,False,29.3600,0.4000,28.9600,1.1864
m30-idea-717,GBPUSD,BUY,0.05,2016-02-10 15:30:00+00:00,1.44594,1.4417519730578194,,2016-02-10 17:30:00+00:00,1.4485,DISCRETIONARY_EXIT,False,12.8000,0.2500,12.5500,0.5923
m30-idea-718,GBPUSD,BUY,0.1,2016-02-11 06:30:00+00:00,1.45253,1.4502699497591758,,2016-02-11 07:30:00+00:00,1.45387,DISCRETIONARY_EXIT,False,13.4000,0.5000,12.9000,0.5584
m30-idea-719,GBPUSD,BUY,0.08,2016-02-12 01:00:00+00:00,1.4468,1.443995350279637,,2016-02-12 04:00:00+00:00,1.44703,DISCRETIONARY_EXIT,False,1.8400,0.4000,1.4400,0.0631
m30-idea-720,GBPUSD,BUY,0.07,2016-02-12 13:30:00+00:00,1.4506100000000002,1.4473028870750992,,2016-02-12 14:12:00+00:00,1.4473028870750992,SL,False,-23.1498,0.3500,-23.4998,-1.0000
m30-idea-721,EURUSD,BUY,0.09,2016-02-12 14:00:00+00:00,1.12465,1.1221494172552082,,2016-02-12 16:24:00+00:00,1.1221494172552082,SL,False,-22.5052,0.4500,-22.9552,-1.0000
m30-idea-722,EURUSD,BUY,0.1,2016-02-14 23:00:00+00:00,1.12387,1.1214863271293218,,2016-02-15 01:00:00+00:00,1.12334,DISCRETIONARY_EXIT,False,-5.3000,0.5000,-5.8000,-0.2383
m30-idea-723,GBPUSD,BUY,0.12,2016-02-15 07:30:00+00:00,1.45127,1.4493385023355967,,2016-02-15 08:03:00+00:00,1.4493385023355967,SL,False,-23.1780,0.6000,-23.7780,-1.0000
m30-idea-724,GBPUSD,BUY,0.11,2016-02-15 09:00:00+00:00,1.4494500000000001,1.4473111004487267,,2016-02-15 09:52:00+00:00,1.4473111004487267,SL,False,-23.5279,0.5500,-24.0779,-1.0000
m30-idea-725,EURUSD,SELL,0.16,2016-02-15 23:30:00+00:00,1.11651,1.118012314477448,,2016-02-15 23:59:00+00:00,1.118012314477448,SL,False,-24.0370,0.8000,-24.8370,-1.0000
m30-idea-726,GBPUSD,SELL,0.11,2016-02-16 00:00:00+00:00,1.44534,1.4474065657570618,,2016-02-16 02:30:00+00:00,1.44399,DISCRETIONARY_EXIT,False,14.8500,0.5500,14.3000,0.6142
m30-idea-727,GBPUSD,SELL,0.1,2016-02-16 08:30:00+00:00,1.44676,1.4491534828010355,,2016-02-16 08:31:00+00:00,1.4491534828010355,SL,False,-23.9348,0.5000,-24.4348,-1.0000
m30-idea-728,EURUSD,SELL,0.13,2016-02-16 10:30:00+00:00,1.11817,1.1200188016510995,,2016-02-16 11:30:00+00:00,1.11717,DISCRETIONARY_EXIT,False,13.0000,0.6500,12.3500,0.5003
m30-idea-729,GBPUSD,SELL,0.1,2016-02-16 23:30:00+00:00,1.43066,1.4330566464811434,,2016-02-17 00:30:00+00:00,1.42957,DISCRETIONARY_EXIT,False,10.9000,0.5000,10.4000,0.4251
m30-idea-730,EURUSD,SELL,0.14,2016-02-17 04:30:00+00:00,1.1164,1.1180579726877307,,2016-02-17 07:00:00+00:00,1.11666,DISCRETIONARY_EXIT,False,-3.6400,0.7000,-4.3400,-0.1815
m30-idea-731,GBPUSD,SELL,0.07,2016-02-17 10:00:00+00:00,1.43102,1.4341130593612745,,2016-02-17 11:30:00+00:00,1.4293900000000002,DISCRETIONARY_EXIT,False,11.4100,0.3500,11.0600,0.5027
m30-idea-732,EURUSD,SELL,0.12,2016-02-17 18:00:00+00:00,1.11452,1.1165109211094884,,2016-02-17 19:30:00+00:00,1.11255,DISCRETIONARY_EXIT,False,23.6400,0.6000,23.0400,0.9408
m30-idea-733,EURUSD,SELL,0.13,2016-02-18 02:30:00+00:00,1.11419,1.1160312138397208,,2016-02-18 05:00:00+00:00,1.11386,DISCRETIONARY_EXIT,False,4.2900,0.6500,3.6400,0.1481
m30-idea-734,GBPUSD,SELL,0.1,2016-02-18 02:30:00+00:00,1.42995,1.4323851611607699,,2016-02-18 05:30:00+00:00,1.4303100000000002,DISCRETIONARY_EXIT,False,-3.6000,0.5000,-4.1000,-0.1650
m30-idea-735,GBPUSD,SELL,0.07,2016-02-18 11:30:00+00:00,1.4372,1.4404683604867798,,2016-02-18 14:30:00+00:00,1.4339600000000001,DISCRETIONARY_EXIT,False,22.6800,0.3500,22.3300,0.9613
m30-idea-736,EURUSD,SELL,0.12,2016-02-19 01:00:00+00:00,1.11232,1.1143006171207317,,2016-02-19 05:30:00+00:00,1.11247,DISCRETIONARY_EXIT,False,-1.8000,0.6000,-2.4000,-0.0985
m30-idea-737,GBPUSD,SELL,0.06,2016-02-19 16:30:00+00:00,1.43329,1.4372436168828537,,2016-02-19 17:41:00+00:00,1.4372436168828537,SL,False,-23.7217,0.3000,-24.0217,-1.0000
m30-idea-738,GBPUSD,SELL,0.07,2016-02-19 20:00:00+00:00,1.43603,1.439467861770018,,2016-02-19 21:50:00+00:00,1.439467861770018,SL,False,-24.0650,0.3500,-24.4150,-1.0000
m30-idea-739,EURUSD,SELL,0.2,2016-02-22 07:00:00+00:00,1.1117,1.1128758406905936,,2016-02-22 08:00:00+00:00,1.1088,DISCRETIONARY_EXIT,False,58.0000,1.0000,57.0000,2.3249
m30-idea-740,EURUSD,SELL,0.15,2016-02-23 01:30:00+00:00,1.10363,1.105176089142401,,2016-02-23 04:30:00+00:00,1.10431,DISCRETIONARY_EXIT,False,-10.2000,0.7500,-10.9500,-0.4574
m30-idea-741,GBPUSD,SELL,0.07,2016-02-24 14:00:00+00:00,1.39373,1.3971469548131523,,2016-02-24 17:00:00+00:00,1.3933300000000002,DISCRETIONARY_EXIT,False,2.8000,0.3500,2.4500,0.1010
m30-idea-742,GBPUSD,SELL,0.08,2016-02-24 21:30:00+00:00,1.3943,1.3973254481925816,,2016-02-24 23:00:00+00:00,1.39304,DISCRETIONARY_EXIT,False,10.0800,0.4000,9.6800,0.3934
m30-idea-744,GBPUSD,SELL,0.11,2016-02-25 05:00:00+00:00,1.3941,1.3962990752439286,,2016-02-25 06:30:00+00:00,1.3926,DISCRETIONARY_EXIT,False,16.5000,0.5500,15.9500,0.6447
m30-idea-743,EURUSD,SELL,0.16,2016-02-25 05:00:00+00:00,1.10316,1.1046036297941033,,2016-02-25 07:00:00+00:00,1.10303,DISCRETIONARY_EXIT,False,2.0800,0.8000,1.2800,0.0536
m30-idea-745,EURUSD,SELL,0.16,2016-02-25 12:00:00+00:00,1.10315,1.1046513230758135,,2016-02-25 13:30:00+00:00,1.10253,DISCRETIONARY_EXIT,False,9.9200,0.8000,9.1200,0.3674
m30-idea-746,GBPUSD,SELL,0.07,2016-02-25 12:30:00+00:00,1.39828,1.4015741545154943,,2016-02-25 14:00:00+00:00,1.3955700000000002,DISCRETIONARY_EXIT,False,18.9700,0.3500,18.6200,0.7954
m30-idea-748,EURUSD,SELL,0.13,2016-02-26 01:00:00+00:00,1.10422,1.1059821005226702,,2016-02-26 01:08:00+00:00,1.1059821005226702,SL,False,-22.9073,0.6500,-23.5573,-1.0000
m30-idea-747,GBPUSD,SELL,0.09,2016-02-26 00:30:00+00:00,1.39766,1.400197244046176,,2016-02-26 03:13:00+00:00,1.400197244046176,SL,False,-22.8352,0.4500,-23.2852,-1.0000
m30-idea-749,GBPUSD,SELL,0.1,2016-02-26 03:30:00+00:00,1.40072,1.403029771335482,,2016-02-26 05:30:00+00:00,1.4000100000000002,DISCRETIONARY_EXIT,False,7.1000,0.5000,6.6000,0.2797
m30-idea-750,GBPUSD,SELL,0.09,2016-02-26 09:30:00+00:00,1.40247,1.405089171733339,,2016-02-26 11:00:00+00:00,1.3991200000000001,DISCRETIONARY_EXIT,False,30.1500,0.4500,29.7000,1.2363
m30-idea-751,EURUSD,SELL,0.12,2016-02-29 02:30:00+00:00,1.09349,1.0953920165543698,,2016-02-29 03:30:00+00:00,1.09246,DISCRETIONARY_EXIT,False,12.3600,0.6000,11.7600,0.5020
m30-idea-752,GBPUSD,SELL,0.12,2016-02-29 05:30:00+00:00,1.38764,1.3896267151318396,,2016-02-29 07:41:00+00:00,1.3896267151318396,SL,False,-23.8406,0.6000,-24.4406,-1.0000
m30-idea-753,EURUSD,SELL,0.14,2016-02-29 08:00:00+00:00,1.09568,1.0973059483132,,2016-02-29 09:00:00+00:00,1.09217,DISCRETIONARY_EXIT,False,49.1400,0.7000,48.4400,2.0645
m30-idea-754,GBPUSD,SELL,0.1,2016-02-29 08:00:00+00:00,1.39116,1.3934000674411073,,2016-02-29 09:00:00+00:00,1.38711,DISCRETIONARY_EXIT,False,40.5000,0.5000,40.0000,1.7467
m30-idea-755,GBPUSD,SELL,0.08,2016-02-29 15:00:00+00:00,1.39015,1.3929887208860574,,2016-02-29 15:54:00+00:00,1.3929887208860574,SL,False,-22.7098,0.4000,-23.1098,-1.0000
m30-idea-756,EURUSD,SELL,0.12,2016-02-29 19:30:00+00:00,1.08797,1.0898814360019164,,2016-02-29 21:00:00+00:00,1.08798,DISCRETIONARY_EXIT,False,-0.1200,0.6000,-0.7200,-0.0306
m30-idea-757,GBPUSD,SELL,0.06,2016-03-01 18:30:00+00:00,1.3967,1.400445492189226,,2016-03-01 20:00:00+00:00,1.39534,DISCRETIONARY_EXIT,False,8.1600,0.3000,7.8600,0.3451
m30-idea-758,EURUSD,SELL,0.15,2016-03-02 00:00:00+00:00,1.08761,1.0891916543877904,,2016-03-02 01:30:00+00:00,1.0872,DISCRETIONARY_EXIT,False,6.1500,0.7500,5.4000,0.2206
m30-idea-759,GBPUSD,SELL,0.13,2016-03-02 06:00:00+00:00,1.39696,1.3988169213572543,,2016-03-02 07:30:00+00:00,1.39656,DISCRETIONARY_EXIT,False,5.2000,0.6500,4.5500,0.1835
m30-idea-760,EURUSD,SELL,0.2,2016-03-02 06:30:00+00:00,1.08653,1.0876935660157168,,2016-03-02 10:30:00+00:00,1.08646,DISCRETIONARY_EXIT,False,1.4000,1.0000,0.4000,0.0165
m30-idea-761,GBPUSD,SELL,0.08,2016-03-02 12:00:00+00:00,1.40012,1.4029366778486696,,2016-03-02 13:06:00+00:00,1.4029366778486696,SL,False,-22.5334,0.4000,-22.9334,-1.0000
m30-idea-762,GBPUSD,SELL,0.07,2016-03-02 15:30:00+00:00,1.40554,1.4087462061664866,,2016-03-02 17:00:00+00:00,1.40571,DISCRETIONARY_EXIT,False,-1.1900,0.3500,-1.5400,-0.0676
m30-idea-763,EURUSD,SELL,0.13,2016-03-02 18:30:00+00:00,1.08609,1.0879365904284015,,2016-03-02 21:30:00+00:00,1.08667,DISCRETIONARY_EXIT,False,-7.5400,0.6500,-8.1900,-0.3322
m30-idea-764,EURUSD,SELL,0.18,2016-03-03 01:30:00+00:00,1.08724,1.0885647741749513,,2016-03-03 03:00:00+00:00,1.08678,DISCRETIONARY_EXIT,False,8.2800,0.9000,7.3800,0.2982
m30-idea-765,EURUSD,SELL,0.2,2016-03-03 08:30:00+00:00,1.08708,1.0882756897324144,,2016-03-03 10:00:00+00:00,1.0867499999999999,DISCRETIONARY_EXIT,False,6.6000,1.0000,5.6000,0.2248
m30-idea-766,EURUSD,SELL,0.15,2016-03-03 13:00:00+00:00,1.09068,1.0922615349948603,,2016-03-03 14:51:00+00:00,1.0922615349948603,SL,False,-23.7230,0.7500,-24.4730,-1.0000
m30-idea-767,EURUSD,SELL,0.11,2016-03-03 16:30:00+00:00,1.09462,1.0967472852915607,,2016-03-03 16:36:00+00:00,1.0967472852915607,SL,False,-23.4001,0.5500,-23.9501,-1.0000
m30-idea-768,GBPUSD,BUY,0.11,2016-03-04 08:30:00+00:00,1.4134200000000001,1.411385844703228,,2016-03-04 10:30:00+00:00,1.41433,DISCRETIONARY_EXIT,False,10.0100,0.5500,9.4600,0.4126
m30-idea-769,GBPUSD,BUY,0.1,2016-03-07 00:30:00+00:00,1.42076,1.4183670973308902,,2016-03-07 04:00:00+00:00,1.42088,DISCRETIONARY_EXIT,False,1.2000,0.5000,0.7000,0.0287
m30-idea-770,EURUSD,BUY,0.18,2016-03-07 07:30:00+00:00,1.0977999999999999,1.0965054930452276,,2016-03-07 08:07:00+00:00,1.0965054930452276,SL,False,-23.3011,0.9000,-24.2011,-1.0000
m30-idea-771,GBPUSD,BUY,0.09,2016-03-07 09:00:00+00:00,1.4151600000000002,1.4126713688790205,,2016-03-07 12:00:00+00:00,1.41523,DISCRETIONARY_EXIT,False,0.6300,0.4500,0.1800,0.0079
m30-idea-772,GBPUSD,BUY,0.11,2016-03-08 00:00:00+00:00,1.4260700000000002,1.423992349429305,,2016-03-08 01:00:00+00:00,1.42604,DISCRETIONARY_EXIT,False,-0.3300,0.5500,-0.8800,-0.0376
m30-idea-773,GBPUSD,BUY,0.11,2016-03-08 02:00:00+00:00,1.42527,1.423236228577946,,2016-03-08 04:30:00+00:00,1.42555,DISCRETIONARY_EXIT,False,3.0800,0.5500,2.5300,0.1104
m30-idea-775,EURUSD,BUY,0.14,2016-03-09 00:30:00+00:00,1.09999,1.0983268610718928,,2016-03-09 01:30:00+00:00,1.0983268610718928,SL,False,-23.2839,0.7000,-23.9839,-1.0000
m30-idea-774,GBPUSD,BUY,0.11,2016-03-09 00:00:00+00:00,1.4206100000000002,1.4184933274065714,,2016-03-09 01:33:00+00:00,1.4184933274065714,SL,False,-23.2834,0.5500,-23.8334,-1.0000
m30-idea-776,GBPUSD,BUY,0.1,2016-03-09 14:00:00+00:00,1.42002,1.4176595096826825,,2016-03-09 16:00:00+00:00,1.42219,DISCRETIONARY_EXIT,False,21.7000,0.5000,21.2000,0.8795
m30-idea-777,EURUSD,BUY,0.11,2016-03-09 20:00:00+00:00,1.10027,1.0981410452949285,,2016-03-10 00:38:00+00:00,1.0981410452949285,SL,False,-23.4185,0.5500,-23.9685,-1.0000
m30-idea-778,GBPUSD,BUY,0.12,2016-03-09 23:30:00+00:00,1.4209200000000002,1.4188927433737037,,2016-03-10 02:46:00+00:00,1.4188927433737037,SL,False,-24.3271,0.6000,-24.9271,-1.0000
m30-idea-779,GBPUSD,BUY,0.15,2016-03-10 07:30:00+00:00,1.41884,1.4173165877820848,,2016-03-10 08:30:00+00:00,1.42178,DISCRETIONARY_EXIT,False,44.1000,0.7500,43.3500,1.8368
m30-idea-780,GBPUSD,BUY,0.08,2016-03-10 13:00:00+00:00,1.4156300000000002,1.4128931912987222,,2016-03-10 13:34:00+00:00,1.4128931912987222,SL,False,-21.8945,0.4000,-22.2945,-1.0000
m30-idea-781,EURUSD,BUY,0.08,2016-03-11 04:30:00+00:00,1.11646,1.1135429416063216,,2016-03-11 06:00:00+00:00,1.11761,DISCRETIONARY_EXIT,False,9.2000,0.4000,8.8000,0.3707
m30-idea-782,EURUSD,BUY,0.08,2016-03-11 08:00:00+00:00,1.11465,1.11185696563506,,2016-03-11 08:25:00+00:00,1.11185696563506,SL,False,-22.3443,0.4000,-22.7443,-1.0000
m30-idea-783,GBPUSD,BUY,0.14,2016-03-14 08:00:00+00:00,1.43626,1.434587739876503,,2016-03-14 09:50:00+00:00,1.434587739876503,SL,False,-23.4116,0.7000,-24.1116,-1.0000
m30-idea-784,EURUSD,BUY,0.13,2016-03-14 09:30:00+00:00,1.11154,1.10974167663559,,2016-03-14 13:30:00+00:00,1.1115,DISCRETIONARY_EXIT,False,-0.5200,0.6500,-1.1700,-0.0487
m30-idea-785,GBPUSD,BUY,0.08,2016-03-14 19:00:00+00:00,1.4311,1.4283716386684064,,2016-03-14 21:30:00+00:00,1.43047,DISCRETIONARY_EXIT,False,-5.0400,0.4000,-5.4400,-0.2447
m30-idea-786,EURUSD,BUY,0.17,2016-03-15 01:30:00+00:00,1.10979,1.1083826387796998,,2016-03-15 02:30:00+00:00,1.11045,DISCRETIONARY_EXIT,False,11.2200,0.8500,10.3700,0.4186
m30-idea-787,GBPUSD,BUY,0.12,2016-03-15 01:30:00+00:00,1.42805,1.426057882554742,,2016-03-15 03:00:00+00:00,1.42817,DISCRETIONARY_EXIT,False,1.4400,0.6000,0.8400,0.0343
m30-idea-788,GBPUSD,BUY,0.14,2016-03-15 06:30:00+00:00,1.4263000000000001,1.4246340112261955,,2016-03-15 08:00:00+00:00,1.42737,DISCRETIONARY_EXIT,False,14.9800,0.7000,14.2800,0.5944
m30-idea-789,EURUSD,BUY,0.2,2016-03-16 09:00:00+00:00,1.10881,1.1076236657732825,,2016-03-16 09:11:00+00:00,1.1076236657732825,SL,False,-23.7267,1.0000,-24.7267,-1.0000
m30-idea-790,GBPUSD,SELL,0.08,2016-03-16 17:30:00+00:00,1.41059,1.4134165143333002,,2016-03-16 18:30:00+00:00,1.40927,DISCRETIONARY_EXIT,False,10.5600,0.4000,10.1600,0.4415
m30-idea-791,GBPUSD,SELL,0.06,2016-03-16 19:30:00+00:00,1.42394,1.4280362681141552,,2016-03-16 21:00:00+00:00,1.42723,DISCRETIONARY_EXIT,False,-19.7400,0.3000,-20.0400,-0.8055
m30-idea-792,GBPUSD,BUY,0.08,2016-03-17 06:00:00+00:00,1.42311,1.4203736349948854,,2016-03-17 08:00:00+00:00,1.42378,DISCRETIONARY_EXIT,False,5.3600,0.4000,4.9600,0.2225
m30-idea-793,GBPUSD,BUY,0.1,2016-03-18 05:00:00+00:00,1.4459000000000002,1.4436155375493567,,2016-03-18 07:00:00+00:00,1.44622,DISCRETIONARY_EXIT,False,3.2000,0.5000,2.7000,0.1157
m30-idea-794,EURUSD,BUY,0.15,2016-03-18 08:00:00+00:00,1.12967,1.1280648912619085,,2016-03-18 08:41:00+00:00,1.1280648912619085,SL,False,-24.0766,0.7500,-24.8266,-1.0000
m30-idea-795,GBPUSD,BUY,0.09,2016-03-18 10:00:00+00:00,1.4417900000000001,1.4393081592684256,,2016-03-18 11:30:00+00:00,1.44397,DISCRETIONARY_EXIT,False,19.6200,0.4500,19.1700,0.8413
m30-idea-796,EURUSD,BUY,0.13,2016-03-18 20:30:00+00:00,1.12684,1.1250523455004413,,2016-03-18 21:30:00+00:00,1.12723,DISCRETIONARY_EXIT,False,5.0700,0.6500,4.4200,0.1850
m30-idea-797,GBPUSD,BUY,0.11,2016-03-21 02:30:00+00:00,1.44465,1.4425615124335784,,2016-03-21 03:30:00+00:00,1.44538,DISCRETIONARY_EXIT,False,8.0300,0.5500,7.4800,0.3180
m30-idea-798,EURUSD,BUY,0.18,2016-03-21 05:30:00+00:00,1.12717,1.125885696861708,,2016-03-21 07:22:00+00:00,1.125885696861708,SL,False,-23.1175,0.9000,-24.0175,-1.0000
m30-idea-799,GBPUSD,BUY,0.14,2016-03-21 07:00:00+00:00,1.4429800000000002,1.4413163943904495,,2016-03-21 07:43:00+00:00,1.4413163943904495,SL,False,-23.2905,0.7000,-23.9905,-1.0000
m30-idea-800,EURUSD,BUY,0.17,2016-03-21 09:00:00+00:00,1.12509,1.1237284430287862,,2016-03-21 09:20:00+00:00,1.1237284430287862,SL,False,-23.1465,0.8500,-23.9965,-1.0000
m30-idea-801,GBPUSD,BUY,0.11,2016-03-21 09:00:00+00:00,1.43852,1.436399505809705,,2016-03-21 10:30:00+00:00,1.44013,DISCRETIONARY_EXIT,False,17.7100,0.5500,17.1600,0.7187
m30-idea-802,GBPUSD,BUY,0.09,2016-03-21 21:00:00+00:00,1.43717,1.4345245711609653,,2016-03-21 23:30:00+00:00,1.43737,DISCRETIONARY_EXIT,False,1.8000,0.4500,1.3500,0.0556
m30-idea-803,EURUSD,BUY,0.15,2016-03-21 22:30:00+00:00,1.12405,1.1225339108734884,,2016-03-22 00:30:00+00:00,1.12411,DISCRETIONARY_EXIT,False,0.9000,0.7500,0.1500,0.0064
m30-idea-805,GBPUSD,BUY,0.09,2016-03-22 09:30:00+00:00,1.43045,1.4279409675217958,,2016-03-22 09:31:00+00:00,1.4279409675217958,SL,False,-22.5813,0.4500,-23.0313,-1.0000
m30-idea-804,EURUSD,BUY,0.13,2016-03-22 09:30:00+00:00,1.1206,1.1187296754752947,,2016-03-22 12:00:00+00:00,1.12128,DISCRETIONARY_EXIT,False,8.8400,0.6500,8.1900,0.3281
m30-idea-806,EURUSD,BUY,0.11,2016-03-22 17:30:00+00:00,1.12114,1.1189963654267168,,2016-03-22 19:00:00+00:00,1.12205,DISCRETIONARY_EXIT,False,10.0100,0.5500,9.4600,0.3920
m30-idea-807,GBPUSD,SELL,0.1,2016-03-23 00:30:00+00:00,1.42178,1.4241112437893257,,2016-03-23 01:30:00+00:00,1.4216000000000002,DISCRETIONARY_EXIT,False,1.8000,0.5000,1.3000,0.0546
m30-idea-808,EURUSD,BUY,0.21,2016-03-23 05:30:00+00:00,1.12059,1.1194740249121142,,2016-03-23 07:30:00+00:00,1.1207,DISCRETIONARY_EXIT,False,2.3100,1.0500,1.2600,0.0515
m30-idea-809,GBPUSD,SELL,0.09,2016-03-24 12:00:00+00:00,1.41376,1.4162658741954395,,2016-03-24 14:30:00+00:00,1.4125400000000001,DISCRETIONARY_EXIT,False,10.9800,0.4500,10.5300,0.4578
m30-idea-810,GBPUSD,SELL,0.08,2016-03-24 17:30:00+00:00,1.41583,1.4185619708653183,,2016-03-24 20:00:00+00:00,1.41643,DISCRETIONARY_EXIT,False,-4.8000,0.4000,-5.2000,-0.2336
m30-idea-811,EURUSD,SELL,0.22,2016-03-25 07:00:00+00:00,1.11653,1.117602419369625,,2016-03-25 08:30:00+00:00,1.11639,DISCRETIONARY_EXIT,False,3.0800,1.1000,1.9800,0.0802
m30-idea-812,GBPUSD,SELL,0.15,2016-03-25 07:00:00+00:00,1.41241,1.4140247568496367,,2016-03-25 08:30:00+00:00,1.41226,DISCRETIONARY_EXIT,False,2.2500,0.7500,1.5000,0.0601
m30-idea-813,GBPUSD,SELL,0.14,2016-03-25 10:30:00+00:00,1.41378,1.4154366344614189,,2016-03-25 10:38:00+00:00,1.4154366344614189,SL,False,-23.1929,0.7000,-23.8929,-1.0000
m30-idea-814,EURUSD,SELL,0.25,2016-03-25 12:00:00+00:00,1.11737,1.1183009385563234,,2016-03-25 13:30:00+00:00,1.11648,DISCRETIONARY_EXIT,False,22.2500,1.2500,21.0000,0.8563
m30-idea-815,EURUSD,SELL,0.35,2016-03-25 21:00:00+00:00,1.11692,1.1175734226712046,,2016-03-27 22:00:00+00:00,1.11614,TIMEOUT_EXIT,False,27.3000,1.7500,25.5500,1.0378
m30-idea-816,GBPUSD,SELL,0.2,2016-03-28 05:00:00+00:00,1.41347,1.4146648633291972,,2016-03-28 07:00:00+00:00,1.41303,DISCRETIONARY_EXIT,False,8.8000,1.0000,7.8000,0.3133
m30-idea-817,GBPUSD,SELL,0.14,2016-03-28 08:30:00+00:00,1.41707,1.4187069386226816,,2016-03-28 11:00:00+00:00,1.4172200000000001,DISCRETIONARY_EXIT,False,-2.1000,0.7000,-2.8000,-0.1186
m30-idea-818,EURUSD,BUY,0.23,2016-03-29 02:30:00+00:00,1.11894,1.1179473317567061,,2016-03-29 04:00:00+00:00,1.11944,DISCRETIONARY_EXIT,False,11.5000,1.1500,10.3500,0.4316
m30-idea-819,GBPUSD,BUY,0.14,2016-03-29 02:30:00+00:00,1.42391,1.4221929063733618,,2016-03-29 06:45:00+00:00,1.4221929063733618,SL,False,-24.0393,0.7000,-24.7393,-1.0000
m30-idea-820,GBPUSD,BUY,0.17,2016-03-29 07:00:00+00:00,1.4227500000000002,1.421355591492859,,2016-03-29 08:00:00+00:00,1.421355591492859,SL,False,-23.7049,0.8500,-24.5549,-1.0000
m30-idea-821,EURUSD,BUY,0.16,2016-03-31 04:00:00+00:00,1.13138,1.1299414766041342,,2016-03-31 05:30:00+00:00,1.13176,DISCRETIONARY_EXIT,False,6.0800,0.8000,5.2800,0.2217
m30-idea-822,GBPUSD,BUY,0.07,2016-03-31 21:00:00+00:00,1.43642,1.433205870332107,,2016-03-31 23:00:00+00:00,1.43653,DISCRETIONARY_EXIT,False,0.7700,0.3500,0.4200,0.0184
m30-idea-823,GBPUSD,BUY,0.11,2016-04-01 03:00:00+00:00,1.4349200000000002,1.432844291088916,,2016-04-01 06:30:00+00:00,1.43375,DISCRETIONARY_EXIT,False,-12.8700,0.5500,-13.4200,-0.5739
m30-idea-824,GBPUSD,SELL,0.11,2016-04-04 02:00:00+00:00,1.42394,1.4260677873226546,,2016-04-04 04:30:00+00:00,1.42331,DISCRETIONARY_EXIT,False,6.9300,0.5500,6.3800,0.2663
m30-idea-825,EURUSD,BUY,0.15,2016-04-04 04:30:00+00:00,1.1392,1.1376151265640846,,2016-04-04 07:00:00+00:00,1.13908,DISCRETIONARY_EXIT,False,-1.8000,0.7500,-2.5500,-0.1040
m30-idea-826,EURUSD,BUY,0.14,2016-04-04 11:30:00+00:00,1.13618,1.1345022168358674,,2016-04-04 13:00:00+00:00,1.13743,DISCRETIONARY_EXIT,False,17.5000,0.7000,16.8000,0.6945
m30-idea-827,GBPUSD,SELL,0.09,2016-04-04 13:00:00+00:00,1.42687,1.429550866455669,,2016-04-04 13:24:00+00:00,1.429550866455669,SL,False,-24.1278,0.4500,-24.5778,-1.0000
m30-idea-828,GBPUSD,SELL,0.13,2016-04-05 02:00:00+00:00,1.42758,1.429444629021478,,2016-04-05 03:30:00+00:00,1.42616,DISCRETIONARY_EXIT,False,18.4600,0.6500,17.8100,0.7155
m30-idea-829,EURUSD,BUY,0.14,2016-04-05 08:30:00+00:00,1.13565,1.1339782820589577,,2016-04-05 10:30:00+00:00,1.13655,DISCRETIONARY_EXIT,False,12.6000,0.7000,11.9000,0.4937
m30-idea-830,EURUSD,BUY,0.19,2016-04-06 03:00:00+00:00,1.13721,1.1359550858731506,,2016-04-06 04:00:00+00:00,1.1378,DISCRETIONARY_EXIT,False,11.2100,0.9500,10.2600,0.4138
m30-idea-831,EURUSD,BUY,0.2,2016-04-06 07:30:00+00:00,1.1356,1.1344315615065772,,2016-04-06 09:17:00+00:00,1.1344315615065772,SL,False,-23.3688,1.0000,-24.3688,-1.0000
m30-idea-832,EURUSD,BUY,0.16,2016-04-06 09:30:00+00:00,1.1346,1.1331338566792315,,2016-04-06 11:00:00+00:00,1.13531,DISCRETIONARY_EXIT,False,11.3600,0.8000,10.5600,0.4353
m30-idea-833,GBPUSD,SELL,0.07,2016-04-06 16:00:00+00:00,1.4086,1.4120920764096287,,2016-04-06 16:35:00+00:00,1.4120920764096287,SL,False,-24.4445,0.3500,-24.7945,-1.0000
m30-idea-834,EURUSD,BUY,0.09,2016-04-06 21:00:00+00:00,1.14007,1.1376093492495496,,2016-04-07 00:30:00+00:00,1.13978,DISCRETIONARY_EXIT,False,-2.6100,0.4500,-3.0600,-0.1354
m30-idea-835,GBPUSD,SELL,0.1,2016-04-07 01:00:00+00:00,1.41318,1.4155727881539784,,2016-04-07 02:30:00+00:00,1.41327,DISCRETIONARY_EXIT,False,-0.9000,0.5000,-1.4000,-0.0573
m30-idea-836,GBPUSD,SELL,0.12,2016-04-07 06:30:00+00:00,1.41369,1.4156915382487665,,2016-04-07 07:15:00+00:00,1.4156915382487665,SL,False,-24.0185,0.6000,-24.6185,-1.0000
m30-idea-837,GBPUSD,SELL,0.11,2016-04-08 02:30:00+00:00,1.40694,1.4090174097808608,,2016-04-08 04:30:00+00:00,1.4066200000000002,DISCRETIONARY_EXIT,False,3.5200,0.5500,2.9700,0.1269
m30-idea-838,GBPUSD,SELL,0.14,2016-04-08 06:00:00+00:00,1.40712,1.40875837007145,,2016-04-08 08:00:00+00:00,1.4051900000000002,DISCRETIONARY_EXIT,False,27.0200,0.7000,26.3200,1.1135
m30-idea-839,GBPUSD,SELL,0.11,2016-04-11 01:00:00+00:00,1.41294,1.4149890670349108,,2016-04-11 02:00:00+00:00,1.41189,DISCRETIONARY_EXIT,False,11.5500,0.5500,11.0000,0.4764
m30-idea-840,EURUSD,BUY,0.16,2016-04-11 02:00:00+00:00,1.13965,1.1382037352998189,,2016-04-11 03:00:00+00:00,1.14114,DISCRETIONARY_EXIT,False,23.8400,0.8000,23.0400,0.9624
m30-idea-841,GBPUSD,BUY,0.1,2016-04-11 23:00:00+00:00,1.42328,1.4208468330501907,,2016-04-12 01:00:00+00:00,1.4232,DISCRETIONARY_EXIT,False,-0.8000,0.5000,-1.3000,-0.0524
m30-idea-842,EURUSD,BUY,0.12,2016-04-12 13:30:00+00:00,1.13967,1.1377255381621239,,2016-04-12 14:46:00+00:00,1.1377255381621239,SL,False,-23.3335,0.6000,-23.9335,-1.0000
m30-idea-843,GBPUSD,BUY,0.07,2016-04-12 13:30:00+00:00,1.4265800000000002,1.4232317493255522,,2016-04-12 14:56:00+00:00,1.4232317493255522,SL,False,-23.4378,0.3500,-23.7878,-1.0000
m30-idea-844,GBPUSD,BUY,0.06,2016-04-12 15:30:00+00:00,1.4208,1.416982055458327,,2016-04-12 16:30:00+00:00,1.42364,DISCRETIONARY_EXIT,False,17.0400,0.3000,16.7400,0.7213
m30-idea-845,GBPUSD,BUY,0.13,2016-04-13 06:30:00+00:00,1.4252600000000002,1.4234847492608922,,2016-04-13 07:35:00+00:00,1.4234847492608922,SL,False,-23.0783,0.6500,-23.7283,-1.0000
m30-idea-846,GBPUSD,BUY,0.12,2016-04-13 08:00:00+00:00,1.4230200000000002,1.4210265849585206,,2016-04-13 09:32:00+00:00,1.4210265849585206,SL,False,-23.9210,0.6000,-24.5210,-1.0000
m30-idea-847,GBPUSD,SELL,0.09,2016-04-15 11:30:00+00:00,1.42008,1.4226262787512045,,2016-04-15 13:00:00+00:00,1.4191,DISCRETIONARY_EXIT,False,8.8200,0.4500,8.3700,0.3582
m30-idea-848,GBPUSD,BUY,0.1,2016-04-15 21:00:00+00:00,1.4198600000000001,1.4174650811844196,,2016-04-17 22:00:00+00:00,1.4196,TIMEOUT_EXIT,False,-2.6000,0.5000,-3.1000,-0.1268
m30-idea-849,EURUSD,SELL,0.16,2016-04-18 01:30:00+00:00,1.1306,1.132081857711197,,2016-04-18 02:30:00+00:00,1.12945,DISCRETIONARY_EXIT,False,18.4000,0.8000,17.6000,0.7181
m30-idea-850,EURUSD,SELL,0.16,2016-04-18 08:30:00+00:00,1.13005,1.1315010078742411,,2016-04-18 11:30:00+00:00,1.12983,DISCRETIONARY_EXIT,False,3.5200,0.8000,2.7200,0.1133
m30-idea-851,EURUSD,BUY,0.16,2016-04-19 21:00:00+00:00,1.13635,1.134899315878059,,2016-04-20 01:00:00+00:00,1.13585,DISCRETIONARY_EXIT,False,-8.0000,0.8000,-8.8000,-0.3665
m30-idea-852,GBPUSD,BUY,0.11,2016-04-19 23:30:00+00:00,1.4389200000000002,1.4368237643138786,,2016-04-20 02:30:00+00:00,1.43892,DISCRETIONARY_EXIT,False,-0.0000,0.5500,-0.5500,-0.0233
m30-idea-853,GBPUSD,BUY,0.15,2016-04-20 06:30:00+00:00,1.4359300000000002,1.434366546994753,,2016-04-20 07:30:00+00:00,1.43698,DISCRETIONARY_EXIT,False,15.7500,0.7500,15.0000,0.6198
m30-idea-854,EURUSD,BUY,0.13,2016-04-20 15:00:00+00:00,1.13401,1.1322001342932524,,2016-04-20 15:25:00+00:00,1.1322001342932524,SL,False,-23.5283,0.6500,-24.1783,-1.0000
m30-idea-855,GBPUSD,BUY,0.09,2016-04-20 20:30:00+00:00,1.4353600000000002,1.4328751648685667,,2016-04-20 21:59:00+00:00,1.4328751648685667,SL,False,-22.3635,0.4500,-22.8135,-1.0000
m30-idea-856,GBPUSD,BUY,0.13,2016-04-21 02:00:00+00:00,1.43259,1.4307381770619938,,2016-04-21 03:00:00+00:00,1.43324,DISCRETIONARY_EXIT,False,8.4500,0.6500,7.8000,0.3155
m30-idea-857,EURUSD,SELL,0.19,2016-04-21 08:30:00+00:00,1.13052,1.13176143550668,,2016-04-21 09:30:00+00:00,1.12893,DISCRETIONARY_EXIT,False,30.2100,0.9500,29.2600,1.1925
m30-idea-858,GBPUSD,BUY,0.11,2016-04-21 09:30:00+00:00,1.43157,1.4294459265989519,,2016-04-21 10:30:00+00:00,1.43405,DISCRETIONARY_EXIT,False,27.2800,0.5500,26.7300,1.1177
m30-idea-859,GBPUSD,BUY,0.1,2016-04-21 23:00:00+00:00,1.43184,1.42957150489938,,2016-04-22 00:30:00+00:00,1.43214,DISCRETIONARY_EXIT,False,3.0000,0.5000,2.5000,0.1078
m30-idea-860,EURUSD,SELL,0.16,2016-04-22 02:30:00+00:00,1.13024,1.1317178864900237,,2016-04-22 05:00:00+00:00,1.1302,DISCRETIONARY_EXIT,False,0.6400,0.8000,-0.1600,-0.0065
m30-idea-861,EURUSD,SELL,0.15,2016-04-25 09:30:00+00:00,1.12557,1.127091358346057,,2016-04-25 11:30:00+00:00,1.12547,DISCRETIONARY_EXIT,False,1.5000,0.7500,0.7500,0.0318
m30-idea-862,EURUSD,SELL,0.14,2016-04-25 16:00:00+00:00,1.12673,1.128367138200446,,2016-04-25 18:00:00+00:00,1.1267,DISCRETIONARY_EXIT,False,0.4200,0.7000,-0.2800,-0.0119
m30-idea-863,EURUSD,SELL,0.16,2016-04-26 10:00:00+00:00,1.12926,1.1307053813528423,,2016-04-26 11:30:00+00:00,1.12815,DISCRETIONARY_EXIT,False,17.7600,0.8000,16.9600,0.7088
m30-idea-864,GBPUSD,BUY,0.14,2016-04-27 07:00:00+00:00,1.4560600000000001,1.4544072677853095,,2016-04-27 08:00:00+00:00,1.45954,DISCRETIONARY_EXIT,False,48.7200,0.7000,48.0200,2.0144
m30-idea-865,EURUSD,BUY,0.13,2016-04-28 02:00:00+00:00,1.13113,1.1292800215508427,,2016-04-28 04:30:00+00:00,1.1339,DISCRETIONARY_EXIT,False,36.0100,0.6500,35.3600,1.4316
m30-idea-866,GBPUSD,BUY,0.07,2016-04-28 12:00:00+00:00,1.45526,1.4520703611138677,,2016-04-28 13:30:00+00:00,1.45688,DISCRETIONARY_EXIT,False,11.3400,0.3500,10.9900,0.4846
m30-idea-867,EURUSD,BUY,0.1,2016-04-28 14:30:00+00:00,1.1328,1.130373099444014,,2016-04-28 17:00:00+00:00,1.13242,DISCRETIONARY_EXIT,False,-3.8000,0.5000,-4.3000,-0.1736
m30-idea-868,GBPUSD,BUY,0.09,2016-04-29 10:00:00+00:00,1.4583000000000002,1.4555805813630807,,2016-04-29 11:30:00+00:00,1.46083,DISCRETIONARY_EXIT,False,22.7700,0.4500,22.3200,0.8955
m30-idea-869,GBPUSD,BUY,0.06,2016-04-29 19:00:00+00:00,1.4593,1.4554254437491858,,2016-04-29 20:00:00+00:00,1.46136,DISCRETIONARY_EXIT,False,12.3600,0.3000,12.0600,0.5122
m30-idea-870,GBPUSD,BUY,0.07,2016-05-01 22:30:00+00:00,1.4589,1.4557797573461113,,2016-05-02 00:30:00+00:00,1.45999,DISCRETIONARY_EXIT,False,7.6300,0.3500,7.2800,0.3281
m30-idea-871,GBPUSD,BUY,0.07,2016-05-03 12:00:00+00:00,1.46726,1.464097874307931,,2016-05-03 12:54:00+00:00,1.464097874307931,SL,False,-22.1349,0.3500,-22.4849,-1.0000
m30-idea-872,EURUSD,BUY,0.12,2016-05-03 13:00:00+00:00,1.15666,1.1547426677001857,,2016-05-03 14:30:00+00:00,1.1547426677001857,SL,False,-23.0080,0.6000,-23.6080,-1.0000
m30-idea-873,GBPUSD,BUY,0.07,2016-05-03 15:00:00+00:00,1.46059,1.4571931853244862,,2016-05-03 15:13:00+00:00,1.4571931853244862,SL,False,-23.7777,0.3500,-24.1277,-1.0000
m30-idea-874,EURUSD,BUY,0.1,2016-05-03 15:30:00+00:00,1.15288,1.1506145922800117,,2016-05-03 16:25:00+00:00,1.1506145922800117,SL,False,-22.6541,0.5000,-23.1541,-1.0000
m30-idea-875,EURUSD,BUY,0.12,2016-05-03 22:00:00+00:00,1.14968,1.1477482942507444,,2016-05-03 23:30:00+00:00,1.15021,DISCRETIONARY_EXIT,False,6.3600,0.6000,5.7600,0.2422
m30-idea-876,EURUSD,BUY,0.15,2016-05-04 03:30:00+00:00,1.14859,1.1469969305494214,,2016-05-04 05:30:00+00:00,1.14857,DISCRETIONARY_EXIT,False,-0.3000,0.7500,-1.0500,-0.0426
m30-idea-877,GBPUSD,SELL,0.07,2016-05-04 13:30:00+00:00,1.45304,1.4564059725716991,,2016-05-04 14:30:00+00:00,1.44991,DISCRETIONARY_EXIT,False,21.9100,0.3500,21.5600,0.9016
m30-idea-878,GBPUSD,SELL,0.13,2016-05-05 03:30:00+00:00,1.45194,1.4537090378772302,,2016-05-05 05:30:00+00:00,1.45131,DISCRETIONARY_EXIT,False,8.1900,0.6500,7.5400,0.3188
m30-idea-879,EURUSD,BUY,0.16,2016-05-05 09:00:00+00:00,1.14567,1.1442182567572847,,2016-05-05 09:19:00+00:00,1.1442182567572847,SL,False,-23.2279,0.8000,-24.0279,-1.0000
m30-idea-880,GBPUSD,SELL,0.12,2016-05-06 00:30:00+00:00,1.44906,1.4510149219234374,,2016-05-06 01:30:00+00:00,1.44821,DISCRETIONARY_EXIT,False,10.2000,0.6000,9.6000,0.3990
m30-idea-881,EURUSD,SELL,0.16,2016-05-09 06:00:00+00:00,1.14118,1.142614493115751,,2016-05-09 07:00:00+00:00,1.13981,DISCRETIONARY_EXIT,False,21.9200,0.8000,21.1200,0.8892
m30-idea-882,GBPUSD,SELL,0.13,2016-05-09 06:00:00+00:00,1.44396,1.4457751432550645,,2016-05-09 07:00:00+00:00,1.4424100000000002,DISCRETIONARY_EXIT,False,20.1500,0.6500,19.5000,0.8042
m30-idea-883,GBPUSD,SELL,0.07,2016-05-09 11:00:00+00:00,1.44757,1.4509741460437897,,2016-05-09 12:30:00+00:00,1.4432200000000002,DISCRETIONARY_EXIT,False,30.4500,0.3500,30.1000,1.2449
m30-idea-884,EURUSD,SELL,0.17,2016-05-10 08:30:00+00:00,1.13964,1.141044049527701,,2016-05-10 09:30:00+00:00,1.13892,DISCRETIONARY_EXIT,False,12.2400,0.8500,11.3900,0.4608
m30-idea-885,GBPUSD,SELL,0.11,2016-05-10 08:30:00+00:00,1.44373,1.4458822944016225,,2016-05-10 10:44:00+00:00,1.4458822944016225,SL,False,-23.6752,0.5500,-24.2252,-1.0000
m30-idea-886,GBPUSD,SELL,0.13,2016-05-11 00:30:00+00:00,1.44492,1.4467037922164667,,2016-05-11 01:26:00+00:00,1.4467037922164667,SL,False,-23.1893,0.6500,-23.8393,-1.0000
m30-idea-887,GBPUSD,SELL,0.16,2016-05-11 07:00:00+00:00,1.44536,1.4468161870522926,,2016-05-11 07:10:00+00:00,1.4468161870522926,SL,False,-23.2990,0.8000,-24.0990,-1.0000
m30-idea-888,EURUSD,SELL,0.23,2016-05-11 08:00:00+00:00,1.13921,1.140213022003419,,2016-05-11 09:00:00+00:00,1.13891,DISCRETIONARY_EXIT,False,6.9000,1.1500,5.7500,0.2374
m30-idea-889,EURUSD,SELL,0.18,2016-05-11 13:30:00+00:00,1.14129,1.1426033228989712,,2016-05-11 14:53:00+00:00,1.1426033228989712,SL,False,-23.6398,0.9000,-24.5398,-1.0000
m30-idea-890,GBPUSD,SELL,0.15,2016-05-12 02:30:00+00:00,1.44481,1.4464090679380612,,2016-05-12 03:30:00+00:00,1.4441300000000001,DISCRETIONARY_EXIT,False,10.2000,0.7500,9.4500,0.3820
m30-idea-891,GBPUSD,SELL,0.13,2016-05-12 11:00:00+00:00,1.4457,1.4475693514339647,,2016-05-12 12:00:00+00:00,1.4475693514339647,SL,False,-24.3016,0.6500,-24.9516,-1.0000
m30-idea-892,EURUSD,SELL,0.18,2016-05-13 00:00:00+00:00,1.13785,1.1391198400682259,,2016-05-13 01:00:00+00:00,1.13751,DISCRETIONARY_EXIT,False,6.1200,0.9000,5.2200,0.2197
m30-idea-893,GBPUSD,SELL,0.15,2016-05-13 05:30:00+00:00,1.44458,1.4461369707006164,,2016-05-13 06:30:00+00:00,1.44365,DISCRETIONARY_EXIT,False,13.9500,0.7500,13.2000,0.5476
m30-idea-894,EURUSD,SELL,0.13,2016-05-13 20:00:00+00:00,1.13056,1.1323878385213952,,2016-05-13 21:30:00+00:00,1.13039,DISCRETIONARY_EXIT,False,2.2100,0.6500,1.5600,0.0639
m30-idea-895,EURUSD,SELL,0.2,2016-05-16 08:30:00+00:00,1.1319,1.1330609679648342,,2016-05-16 09:24:00+00:00,1.1330609679648342,SL,False,-23.2194,1.0000,-24.2194,-1.0000
m30-idea-896,EURUSD,SELL,0.16,2016-05-16 14:00:00+00:00,1.13363,1.135113818360372,,2016-05-16 16:30:00+00:00,1.13305,DISCRETIONARY_EXIT,False,9.2800,0.8000,8.4800,0.3455
m30-idea-897,EURUSD,SELL,0.23,2016-05-17 08:00:00+00:00,1.13285,1.1338795577415837,,2016-05-17 08:59:00+00:00,1.1338795577415837,SL,False,-23.6798,1.1500,-24.8298,-1.0000
m30-idea-898,GBPUSD,BUY,0.08,2016-05-17 15:00:00+00:00,1.44567,1.4427818898744664,,2016-05-17 16:00:00+00:00,1.44658,DISCRETIONARY_EXIT,False,7.2800,0.4000,6.8800,0.2927
m30-idea-899,GBPUSD,BUY,0.15,2016-05-18 02:00:00+00:00,1.4446800000000002,1.4431177409126152,,2016-05-18 04:00:00+00:00,1.4438,DISCRETIONARY_EXIT,False,-13.2000,0.7500,-13.9500,-0.5768
m30-idea-900,GBPUSD,BUY,0.1,2016-05-19 01:30:00+00:00,1.4590100000000001,1.4567714966561582,,2016-05-19 05:23:00+00:00,1.4567714966561582,SL,False,-22.3850,0.5000,-22.8850,-1.0000
m30-idea-901,GBPUSD,BUY,0.07,2016-05-19 14:00:00+00:00,1.45842,1.4552237444440974,,2016-05-19 17:00:00+00:00,1.46063,DISCRETIONARY_EXIT,False,15.4700,0.3500,15.1200,0.6654
m30-idea-902,GBPUSD,BUY,0.08,2016-05-19 21:00:00+00:00,1.45933,1.456367035741392,,2016-05-19 23:30:00+00:00,1.46047,DISCRETIONARY_EXIT,False,9.1200,0.4000,8.7200,0.3618
m30-idea-903,GBPUSD,BUY,0.11,2016-05-20 01:30:00+00:00,1.4596,1.4575439985037266,,2016-05-20 03:30:00+00:00,1.46026,DISCRETIONARY_EXIT,False,7.2600,0.5500,6.7100,0.2896
m30-idea-904,GBPUSD,BUY,0.11,2016-05-20 09:30:00+00:00,1.45615,1.4540515494197974,,2016-05-20 12:00:00+00:00,1.4578,DISCRETIONARY_EXIT,False,18.1500,0.5500,17.6000,0.7447
m30-idea-905,EURUSD,SELL,0.17,2016-05-20 14:30:00+00:00,1.12341,1.124751620748232,,2016-05-20 15:30:00+00:00,1.12087,DISCRETIONARY_EXIT,False,43.1800,0.8500,42.3300,1.7893
m30-idea-906,GBPUSD,BUY,0.09,2016-05-20 15:00:00+00:00,1.4539300000000002,1.4514029730188847,,2016-05-20 15:58:00+00:00,1.4514029730188847,SL,False,-22.7432,0.4500,-23.1932,-1.0000
m30-idea-907,EURUSD,SELL,0.17,2016-05-20 19:00:00+00:00,1.12215,1.1235421359407256,,2016-05-20 20:30:00+00:00,1.12188,DISCRETIONARY_EXIT,False,4.5900,0.8500,3.7400,0.1526
m30-idea-908,GBPUSD,BUY,0.1,2016-05-20 20:30:00+00:00,1.44893,1.4466262319050107,,2016-05-22 22:00:00+00:00,1.45101,TIMEOUT_EXIT,False,20.8000,0.5000,20.3000,0.8624
m30-idea-909,EURUSD,SELL,0.2,2016-05-23 01:30:00+00:00,1.12301,1.124156665702865,,2016-05-23 04:00:00+00:00,1.12304,DISCRETIONARY_EXIT,False,-0.6000,1.0000,-1.6000,-0.0669
m30-idea-910,GBPUSD,BUY,0.12,2016-05-25 01:00:00+00:00,1.46137,1.4594076798817128,,2016-05-25 04:00:00+00:00,1.46123,DISCRETIONARY_EXIT,False,-1.6800,0.6000,-2.2800,-0.0944
m30-idea-911,EURUSD,SELL,0.23,2016-05-25 04:30:00+00:00,1.11533,1.1163447635899544,,2016-05-25 06:00:00+00:00,1.11511,DISCRETIONARY_EXIT,False,5.0600,1.1500,3.9100,0.1597
m30-idea-912,GBPUSD,BUY,0.1,2016-05-25 22:00:00+00:00,1.46937,1.4669950070417221,,2016-05-26 01:30:00+00:00,1.46994,DISCRETIONARY_EXIT,False,5.7000,0.5000,5.2000,0.2144
m30-idea-913,EURUSD,SELL,0.18,2016-05-26 02:30:00+00:00,1.11721,1.1185058662576783,,2016-05-26 04:21:00+00:00,1.1185058662576783,SL,False,-23.3256,0.9000,-24.2256,-1.0000
m30-idea-914,GBPUSD,BUY,0.1,2016-05-26 10:00:00+00:00,1.4690400000000001,1.4666535277093877,,2016-05-26 11:30:00+00:00,1.47106,DISCRETIONARY_EXIT,False,20.2000,0.5000,19.7000,0.8085
m30-idea-915,EURUSD,SELL,0.2,2016-05-26 11:00:00+00:00,1.11832,1.119516002934599,,2016-05-26 12:00:00+00:00,1.11807,DISCRETIONARY_EXIT,False,5.0000,1.0000,4.0000,0.1605
m30-idea-916,GBPUSD,BUY,0.08,2016-05-26 17:30:00+00:00,1.46432,1.4614718400503994,,2016-05-26 20:00:00+00:00,1.46625,DISCRETIONARY_EXIT,False,15.4400,0.4000,15.0400,0.6487
m30-idea-917,GBPUSD,BUY,0.13,2016-05-27 08:30:00+00:00,1.4652100000000001,1.4634214121262454,,2016-05-27 10:14:00+00:00,1.4634214121262454,SL,False,-23.2516,0.6500,-23.9016,-1.0000
m30-idea-918,EURUSD,SELL,0.23,2016-05-30 08:00:00+00:00,1.11195,1.1129515337239124,,2016-05-30 09:20:00+00:00,1.1129515337239124,SL,False,-23.0353,1.1500,-24.1853,-1.0000
m30-idea-919,EURUSD,SELL,0.2,2016-05-30 09:30:00+00:00,1.11332,1.1144727549531472,,2016-05-30 13:30:00+00:00,1.11384,DISCRETIONARY_EXIT,False,-10.4000,1.0000,-11.4000,-0.4739
m30-idea-920,EURUSD,SELL,0.3,2016-05-31 01:00:00+00:00,1.11473,1.1154965351212167,,2016-05-31 02:16:00+00:00,1.1154965351212167,SL,False,-22.9961,1.5000,-24.4961,-1.0000
m30-idea-921,EURUSD,SELL,0.26,2016-05-31 05:00:00+00:00,1.11504,1.1159329872741188,,2016-05-31 06:00:00+00:00,1.11343,DISCRETIONARY_EXIT,False,41.8600,1.3000,40.5600,1.6543
m30-idea-922,EURUSD,SELL,0.16,2016-06-01 09:00:00+00:00,1.11526,1.1167330982197459,,2016-06-01 11:23:00+00:00,1.1167330982197459,SL,False,-23.5696,0.8000,-24.3696,-1.0000
m30-idea-923,GBPUSD,SELL,0.12,2016-06-02 01:00:00+00:00,1.44188,1.4438116329396598,,2016-06-02 05:00:00+00:00,1.4423300000000001,DISCRETIONARY_EXIT,False,-5.4000,0.6000,-6.0000,-0.2523
m30-idea-924,GBPUSD,SELL,0.15,2016-06-02 06:00:00+00:00,1.44409,1.4456459028254554,,2016-06-02 07:30:00+00:00,1.44323,DISCRETIONARY_EXIT,False,12.9000,0.7500,12.1500,0.5044
m30-idea-925,EURUSD,BUY,0.19,2016-06-02 07:00:00+00:00,1.12001,1.1187497379259863,,2016-06-02 08:30:00+00:00,1.12139,DISCRETIONARY_EXIT,False,26.2200,0.9500,25.2700,1.0151
m30-idea-926,EURUSD,BUY,0.16,2016-06-02 13:00:00+00:00,1.11873,1.117305959442598,,2016-06-02 13:36:00+00:00,1.117305959442598,SL,False,-22.7846,0.8000,-23.5846,-1.0000
m30-idea-927,EURUSD,SELL,0.22,2016-06-03 05:00:00+00:00,1.11562,1.1166946292378397,,2016-06-03 06:30:00+00:00,1.1153899999999999,DISCRETIONARY_EXIT,False,5.0600,1.1000,3.9600,0.1601
m30-idea-928,GBPUSD,SELL,0.13,2016-06-03 08:30:00+00:00,1.44255,1.4443835430148726,,2016-06-03 08:35:00+00:00,1.4443835430148726,SL,False,-23.8361,0.6500,-24.4861,-1.0000
m30-idea-929,EURUSD,SELL,0.19,2016-06-03 13:30:00+00:00,1.11552,1.1167352591328223,,2016-06-03 13:30:00+00:00,1.1167352591328223,SL,False,-23.0899,0.9500,-24.0399,-1.0000
m30-idea-930,EURUSD,BUY,0.11,2016-06-06 00:30:00+00:00,1.13497,1.1328428169222653,,2016-06-06 03:00:00+00:00,1.13482,DISCRETIONARY_EXIT,False,-1.6500,0.5500,-2.2000,-0.0919
m30-idea-931,GBPUSD,SELL,0.07,2016-06-06 09:30:00+00:00,1.44349,1.4468624151661564,,2016-06-06 11:00:00+00:00,1.43896,DISCRETIONARY_EXIT,False,31.7100,0.3500,31.3600,1.3090
m30-idea-932,EURUSD,BUY,0.15,2016-06-06 12:00:00+00:00,1.13353,1.1319938858038823,,2016-06-06 13:30:00+00:00,1.1356,DISCRETIONARY_EXIT,False,31.0500,0.7500,30.3000,1.2736
m30-idea-933,GBPUSD,SELL,0.06,2016-06-06 15:30:00+00:00,1.44498,1.4488140067810076,,2016-06-06 17:30:00+00:00,1.4449800000000002,DISCRETIONARY_EXIT,False,-0.0000,0.3000,-0.3000,-0.0129
m30-idea-934,GBPUSD,SELL,0.11,2016-06-07 05:00:00+00:00,1.44762,1.4496824052116501,,2016-06-07 05:10:00+00:00,1.4496824052116501,SL,False,-22.6865,0.5500,-23.2365,-1.0000
m30-idea-935,EURUSD,BUY,0.16,2016-06-07 12:30:00+00:00,1.13496,1.1335139863857655,,2016-06-07 14:00:00+00:00,1.13653,DISCRETIONARY_EXIT,False,25.1200,0.8000,24.3200,1.0160
m30-idea-936,GBPUSD,BUY,0.06,2016-06-07 14:00:00+00:00,1.4559900000000001,1.4524170461765593,,2016-06-07 15:00:00+00:00,1.45714,DISCRETIONARY_EXIT,False,6.9000,0.3000,6.6000,0.3036
m30-idea-937,GBPUSD,BUY,0.1,2016-06-08 09:00:00+00:00,1.45212,1.4497393028636176,,2016-06-08 10:30:00+00:00,1.45371,DISCRETIONARY_EXIT,False,15.9000,0.5000,15.4000,0.6336
m30-idea-938,EURUSD,BUY,0.22,2016-06-09 07:30:00+00:00,1.1394,1.1383424158684916,,2016-06-09 08:42:00+00:00,1.1383424158684916,SL,False,-23.2669,1.1000,-24.3669,-1.0000
m30-idea-939,EURUSD,BUY,0.15,2016-06-09 09:30:00+00:00,1.1362,1.1346497815915242,,2016-06-09 11:09:00+00:00,1.1346497815915242,SL,False,-23.2533,0.7500,-24.0033,-1.0000
m30-idea-940,EURUSD,BUY,0.15,2016-06-09 12:00:00+00:00,1.13433,1.1327538898440044,,2016-06-09 13:30:00+00:00,1.13486,DISCRETIONARY_EXIT,False,7.9500,0.7500,7.2000,0.2952
m30-idea-941,EURUSD,BUY,0.12,2016-06-09 15:30:00+00:00,1.1307,1.128806656503446,,2016-06-09 16:30:00+00:00,1.13298,DISCRETIONARY_EXIT,False,27.3600,0.6000,26.7600,1.1475
m30-idea-942,EURUSD,BUY,0.17,2016-06-10 01:30:00+00:00,1.12984,1.1284571361336106,,2016-06-10 04:00:00+00:00,1.12951,DISCRETIONARY_EXIT,False,-5.6100,0.8500,-6.4600,-0.2652
m30-idea-943,GBPUSD,SELL,0.14,2016-06-10 07:30:00+00:00,1.44614,1.4478546973766258,,2016-06-10 08:30:00+00:00,1.4436300000000002,DISCRETIONARY_EXIT,False,35.1400,0.7000,34.4400,1.3940
m30-idea-944,GBPUSD,SELL,0.05,2016-06-13 15:00:00+00:00,1.4268,1.4316690805748264,,2016-06-13 15:51:00+00:00,1.4316690805748264,SL,False,-24.3454,0.2500,-24.5954,-1.0000
m30-idea-945,GBPUSD,SELL,0.09,2016-06-15 04:30:00+00:00,1.41401,1.41655833498148,,2016-06-15 07:07:00+00:00,1.41655833498148,SL,False,-22.9350,0.4500,-23.3850,-1.0000
m30-idea-946,GBPUSD,SELL,0.1,2016-06-15 07:30:00+00:00,1.417,1.4194271306842312,,2016-06-15 09:30:00+00:00,1.4194271306842312,SL,False,-24.2713,0.5000,-24.7713,-1.0000
m30-idea-947,GBPUSD,SELL,0.08,2016-06-15 10:00:00+00:00,1.41903,1.4218676810316018,,2016-06-15 12:30:00+00:00,1.41928,DISCRETIONARY_EXIT,False,-2.0000,0.4000,-2.4000,-0.1039
m30-idea-948,EURUSD,SELL,0.07,2016-06-16 17:30:00+00:00,1.11936,1.1224655349147517,,2016-06-16 17:44:00+00:00,1.1224655349147517,SL,False,-21.7387,0.3500,-22.0887,-1.0000
m30-idea-949,GBPUSD,SELL,0.04,2016-06-16 18:30:00+00:00,1.42038,1.4265667972174265,,2016-06-16 21:30:00+00:00,1.42134,DISCRETIONARY_EXIT,False,-3.8400,0.2000,-4.0400,-0.1619
m30-idea-950,GBPUSD,BUY,0.05,2016-06-20 07:00:00+00:00,1.45558,1.4510830303518911,,2016-06-20 08:30:00+00:00,1.46067,DISCRETIONARY_EXIT,False,25.4500,0.2500,25.2000,1.1084
m30-idea-951,EURUSD,BUY,0.11,2016-06-20 16:30:00+00:00,1.13201,1.1298571526918229,,2016-06-20 20:00:00+00:00,1.13152,DISCRETIONARY_EXIT,False,-5.3900,0.5500,-5.9400,-0.2451
m30-idea-952,GBPUSD,BUY,0.05,2016-06-21 02:00:00+00:00,1.4650400000000001,1.4606882039985365,,2016-06-21 03:00:00+00:00,1.46614,DISCRETIONARY_EXIT,False,5.5000,0.2500,5.2500,0.2385
m30-idea-953,EURUSD,BUY,0.14,2016-06-21 13:00:00+00:00,1.13118,1.129497157379621,,2016-06-21 13:49:00+00:00,1.129497157379621,SL,False,-23.5598,0.7000,-24.2598,-1.0000
m30-idea-954,GBPUSD,BUY,0.05,2016-06-21 21:00:00+00:00,1.4628800000000002,1.4587036131530364,,2016-06-21 22:30:00+00:00,1.46676,DISCRETIONARY_EXIT,False,19.4000,0.2500,19.1500,0.9062
m30-idea-955,EURUSD,SELL,0.14,2016-06-22 04:00:00+00:00,1.12641,1.1280444221992527,,2016-06-22 06:30:00+00:00,1.12585,DISCRETIONARY_EXIT,False,7.8400,0.7000,7.1400,0.3028
m30-idea-956,GBPUSD,BUY,0.09,2016-06-22 06:30:00+00:00,1.4672800000000001,1.4646676301219899,,2016-06-22 08:00:00+00:00,1.4687,DISCRETIONARY_EXIT,False,12.7800,0.4500,12.3300,0.5146
m30-idea-957,GBPUSD,BUY,0.06,2016-06-23 07:30:00+00:00,1.47638,1.4726561092735968,,2016-06-23 09:30:00+00:00,1.47751,DISCRETIONARY_EXIT,False,6.7800,0.3000,6.4800,0.2862
m30-idea-958,EURUSD,BUY,0.12,2016-06-23 09:00:00+00:00,1.13201,1.1301292055928553,,2016-06-23 10:00:00+00:00,1.13539,DISCRETIONARY_EXIT,False,40.5600,0.6000,39.9600,1.7247
m30-idea-959,EURUSD,BUY,0.08,2016-06-23 15:30:00+00:00,1.13702,1.134096381375927,,2016-06-23 16:07:00+00:00,1.134096381375927,SL,False,-23.3889,0.4000,-23.7889,-1.0000
m30-idea-960,GBPUSD,BUY,0.03,2016-06-23 15:30:00+00:00,1.47663,1.469243489663011,,2016-06-23 17:30:00+00:00,1.4816,DISCRETIONARY_EXIT,False,14.9100,0.1500,14.7600,0.6616
m30-idea-961,GBPUSD,BUY,0.01,2016-06-24 00:30:00+00:00,1.45869,1.444238957764666,,2016-06-24 02:00:00+00:00,1.45257,DISCRETIONARY_EXIT,False,-6.1200,0.0500,-6.1700,-0.4255
m30-idea-962,EURUSD,BUY,0.04,2016-06-24 01:30:00+00:00,1.13137,1.1263342917224388,,2016-06-24 02:00:00+00:00,1.1263342917224388,SL,False,-20.1428,0.2000,-20.3428,-1.0000
m30-idea-963,EURUSD,SELL,0.02,2016-06-24 09:00:00+00:00,1.11569,1.1261509474416933,,2016-06-24 11:00:00+00:00,1.11164,DISCRETIONARY_EXIT,False,8.1000,0.1000,8.0000,0.3806
m30-idea-964,EURUSD,SELL,0.03,2016-06-24 18:00:00+00:00,1.11651,1.1241390804316256,,2016-06-24 19:30:00+00:00,1.11357,DISCRETIONARY_EXIT,False,8.8200,0.1500,8.6700,0.3763
m30-idea-965,GBPUSD,SELL,0.02,2016-06-27 07:30:00+00:00,1.34466,1.353073718654814,,2016-06-27 09:00:00+00:00,1.3408200000000001,DISCRETIONARY_EXIT,False,7.6800,0.1000,7.5800,0.4478
m30-idea-966,GBPUSD,SELL,0.04,2016-06-28 03:00:00+00:00,1.32985,1.335368090010324,,2016-06-28 05:30:00+00:00,1.3306300000000002,DISCRETIONARY_EXIT,False,-3.1200,0.2000,-3.3200,-0.1491
m30-idea-967,EURUSD,SELL,0.1,2016-06-28 03:30:00+00:00,1.10462,1.107069923840092,,2016-06-28 06:30:00+00:00,1.10563,DISCRETIONARY_EXIT,False,-10.1000,0.5000,-10.6000,-0.4240
m30-idea-968,EURUSD,SELL,0.1,2016-06-28 21:00:00+00:00,1.10779,1.1102333196229504,,2016-06-28 22:00:00+00:00,1.10637,DISCRETIONARY_EXIT,False,14.2000,0.5000,13.7000,0.5495
m30-idea-969,GBPUSD,SELL,0.07,2016-06-29 06:30:00+00:00,1.33391,1.3371861118547037,,2016-06-29 08:13:00+00:00,1.3371861118547037,SL,False,-22.9328,0.3500,-23.2828,-1.0000
m30-idea-970,EURUSD,SELL,0.11,2016-06-29 08:30:00+00:00,1.11003,1.1120635179896818,,2016-06-29 09:30:00+00:00,1.10614,DISCRETIONARY_EXIT,False,42.7900,0.5500,42.2400,1.8430
m30-idea-971,GBPUSD,SELL,0.05,2016-06-29 12:30:00+00:00,1.34394,1.3486707866796521,,2016-06-29 14:09:00+00:00,1.3486707866796521,SL,False,-23.6539,0.2500,-23.9039,-1.0000
m30-idea-972,EURUSD,SELL,0.11,2016-06-30 11:00:00+00:00,1.11264,1.1148445486110712,,2016-06-30 11:41:00+00:00,1.1148445486110712,SL,False,-24.2500,0.5500,-24.8000,-1.0000
m30-idea-973,GBPUSD,SELL,0.03,2016-06-30 21:00:00+00:00,1.33123,1.3376160576182303,,2016-06-30 22:30:00+00:00,1.3289900000000001,DISCRETIONARY_EXIT,False,6.7200,0.1500,6.5700,0.3403
m30-idea-974,EURUSD,SELL,0.06,2016-06-30 21:30:00+00:00,1.11022,1.113855880359639,,2016-07-01 00:00:00+00:00,1.11003,DISCRETIONARY_EXIT,False,1.1400,0.3000,0.8400,0.0380
m30-idea-975,GBPUSD,SELL,0.04,2016-07-01 00:30:00+00:00,1.33392,1.3392915914463437,,2016-07-01 03:00:00+00:00,1.3338700000000001,DISCRETIONARY_EXIT,False,0.2000,0.2000,-0.0000,-0.0000
m30-idea-976,EURUSD,SELL,0.11,2016-07-01 09:00:00+00:00,1.11068,1.1127884887827197,,2016-07-01 11:30:00+00:00,1.11067,DISCRETIONARY_EXIT,False,0.1100,0.5500,-0.4400,-0.0185
m30-idea-977,EURUSD,SELL,0.11,2016-07-01 12:00:00+00:00,1.11231,1.1143995618711207,,2016-07-01 13:33:00+00:00,1.1143995618711207,SL,False,-22.9852,0.5500,-23.5352,-1.0000
m30-idea-978,GBPUSD,SELL,0.07,2016-07-04 00:30:00+00:00,1.32887,1.3320899867028384,,2016-07-04 01:30:00+00:00,1.3281500000000002,DISCRETIONARY_EXIT,False,5.0400,0.3500,4.6900,0.2049
m30-idea-979,EURUSD,SELL,0.14,2016-07-04 03:30:00+00:00,1.1141,1.115797116872429,,2016-07-04 06:00:00+00:00,1.11362,DISCRETIONARY_EXIT,False,6.7200,0.7000,6.0200,0.2461
m30-idea-980,GBPUSD,SELL,0.06,2016-07-04 16:30:00+00:00,1.33253,1.3360646611468832,,2016-07-04 18:00:00+00:00,1.3294400000000002,DISCRETIONARY_EXIT,False,18.5400,0.3000,18.2400,0.8481
m30-idea-981,EURUSD,BUY,0.22,2016-07-04 23:30:00+00:00,1.11482,1.1137422801674395,,2016-07-05 01:43:00+00:00,1.1137422801674395,SL,False,-23.7098,1.1000,-24.8098,-1.0000
m30-idea-982,EURUSD,SELL,0.14,2016-07-05 08:30:00+00:00,1.11624,1.1179355692587787,,2016-07-05 08:30:00+00:00,1.1179355692587787,SL,False,-23.7380,0.7000,-24.4380,-1.0000
m30-idea-983,EURUSD,SELL,0.13,2016-07-06 08:00:00+00:00,1.10648,1.108252845979252,,2016-07-06 10:00:00+00:00,1.10568,DISCRETIONARY_EXIT,False,10.4000,0.6500,9.7500,0.4114
m30-idea-984,GBPUSD,SELL,0.04,2016-07-06 08:30:00+00:00,1.29854,1.3036751497719192,,2016-07-06 10:00:00+00:00,1.29394,DISCRETIONARY_EXIT,False,18.4000,0.2000,18.2000,0.8775
m30-idea-985,EURUSD,SELL,0.09,2016-07-06 19:30:00+00:00,1.10993,1.1124876981548,,2016-07-06 21:30:00+00:00,1.10974,DISCRETIONARY_EXIT,False,1.7100,0.4500,1.2600,0.0537
m30-idea-986,GBPUSD,SELL,0.07,2016-07-07 03:30:00+00:00,1.29425,1.2977004634748381,,2016-07-07 05:03:00+00:00,1.2977004634748381,SL,False,-24.1532,0.3500,-24.5032,-1.0000
m30-idea-987,EURUSD,SELL,0.15,2016-07-07 05:00:00+00:00,1.10962,1.1111352465886566,,2016-07-07 06:30:00+00:00,1.1095599999999999,DISCRETIONARY_EXIT,False,0.9000,0.7500,0.1500,0.0064
m30-idea-988,GBPUSD,SELL,0.07,2016-07-07 05:30:00+00:00,1.29848,1.3018772104671192,,2016-07-07 08:00:00+00:00,1.29634,DISCRETIONARY_EXIT,False,14.9800,0.3500,14.6300,0.6063
m30-idea-989,GBPUSD,SELL,0.06,2016-07-07 11:30:00+00:00,1.30144,1.3051346775860038,,2016-07-07 13:00:00+00:00,1.30109,DISCRETIONARY_EXIT,False,2.1000,0.3000,1.8000,0.0801
m30-idea-990,EURUSD,SELL,0.18,2016-07-08 02:30:00+00:00,1.10747,1.1087820447366616,,2016-07-08 04:30:00+00:00,1.10745,DISCRETIONARY_EXIT,False,0.3600,0.9000,-0.5400,-0.0220
m30-idea-991,GBPUSD,SELL,0.08,2016-07-08 11:30:00+00:00,1.29621,1.2990708392220305,,2016-07-08 12:09:00+00:00,1.2990708392220305,SL,False,-22.8867,0.4000,-23.2867,-1.0000
m30-idea-992,EURUSD,SELL,0.14,2016-07-11 12:00:00+00:00,1.10474,1.106398429776648,,2016-07-11 14:09:00+00:00,1.106398429776648,SL,False,-23.2180,0.7000,-23.9180,-1.0000
m30-idea-993,EURUSD,SELL,0.15,2016-07-11 19:30:00+00:00,1.10585,1.1073779636335332,,2016-07-11 20:30:00+00:00,1.10567,DISCRETIONARY_EXIT,False,2.7000,0.7500,1.9500,0.0824
m30-idea-994,GBPUSD,SELL,0.06,2016-07-12 03:00:00+00:00,1.30691,1.3107107472273238,,2016-07-12 05:00:00+00:00,1.30621,DISCRETIONARY_EXIT,False,4.2000,0.3000,3.9000,0.1688
m30-idea-995,GBPUSD,SELL,0.07,2016-07-12 08:00:00+00:00,1.30886,1.3121074246889168,,2016-07-12 08:09:00+00:00,1.3121074246889168,SL,False,-22.7320,0.3500,-23.0820,-1.0000
m30-idea-996,GBPUSD,BUY,0.05,2016-07-13 09:00:00+00:00,1.3244500000000001,1.3198954228922044,,2016-07-13 10:00:00+00:00,1.32607,DISCRETIONARY_EXIT,False,8.1000,0.2500,7.8500,0.3410
m30-idea-997,EURUSD,SELL,0.14,2016-07-13 11:00:00+00:00,1.10779,1.1094118541085882,,2016-07-13 13:00:00+00:00,1.10751,DISCRETIONARY_EXIT,False,3.9200,0.7000,3.2200,0.1376
m30-idea-998,EURUSD,BUY,0.15,2016-07-13 21:00:00+00:00,1.10947,1.1079461769562646,,2016-07-13 23:00:00+00:00,1.10947,DISCRETIONARY_EXIT,False,0.0000,0.7500,-0.7500,-0.0318
m30-idea-999,GBPUSD,SELL,0.07,2016-07-14 03:00:00+00:00,1.31549,1.3188869709655462,,2016-07-14 03:58:00+00:00,1.3188869709655462,SL,False,-23.7788,0.3500,-24.1288,-1.0000
m30-idea-1000,GBPUSD,BUY,0.04,2016-07-15 14:30:00+00:00,1.3306600000000002,1.3253306053229092,,2016-07-15 15:56:00+00:00,1.3253306053229092,SL,False,-21.3176,0.2000,-21.5176,-1.0000
m30-idea-1001,EURUSD,SELL,0.14,2016-07-18 02:30:00+00:00,1.10683,1.1085501038872831,,2016-07-18 04:00:00+00:00,1.1063,DISCRETIONARY_EXIT,False,7.4200,0.7000,6.7200,0.2712
m30-idea-1002,GBPUSD,BUY,0.08,2016-07-19 02:30:00+00:00,1.3237400000000001,1.3209999366782945,,2016-07-19 02:53:00+00:00,1.3209999366782945,SL,False,-21.9205,0.4000,-22.3205,-1.0000
m30-idea-1003,EURUSD,SELL,0.2,2016-07-19 03:30:00+00:00,1.10783,1.1090200151849758,,2016-07-19 05:30:00+00:00,1.10742,DISCRETIONARY_EXIT,False,8.2000,1.0000,7.2000,0.2903
m30-idea-1004,GBPUSD,SELL,0.07,2016-07-20 10:00:00+00:00,1.31502,1.318508136184929,,2016-07-20 10:34:00+00:00,1.318508136184929,SL,False,-24.4170,0.3500,-24.7670,-1.0000
m30-idea-1005,EURUSD,SELL,0.15,2016-07-20 12:30:00+00:00,1.1015,1.1031058682251502,,2016-07-20 13:30:00+00:00,1.1009,DISCRETIONARY_EXIT,False,9.0000,0.7500,8.2500,0.3322
m30-idea-1006,GBPUSD,SELL,0.07,2016-07-20 18:00:00+00:00,1.31862,1.3221004638285956,,2016-07-20 19:00:00+00:00,1.31694,DISCRETIONARY_EXIT,False,11.7600,0.3500,11.4100,0.4617
m30-idea-1007,EURUSD,SELL,0.15,2016-07-20 21:00:00+00:00,1.10178,1.1033589647800683,,2016-07-20 22:30:00+00:00,1.10117,DISCRETIONARY_EXIT,False,9.1500,0.7500,8.4000,0.3438
m30-idea-1008,EURUSD,SELL,0.17,2016-07-21 05:00:00+00:00,1.10362,1.1049612719530124,,2016-07-21 07:00:00+00:00,1.10286,DISCRETIONARY_EXIT,False,12.9200,0.8500,12.0700,0.5103
m30-idea-1009,EURUSD,SELL,0.11,2016-07-21 14:00:00+00:00,1.10436,1.1065719469943986,,2016-07-21 15:00:00+00:00,1.10111,DISCRETIONARY_EXIT,False,35.7500,0.5500,35.2000,1.4147
m30-idea-1010,EURUSD,SELL,0.12,2016-07-21 22:00:00+00:00,1.1024,1.104274882465386,,2016-07-22 02:30:00+00:00,1.10269,DISCRETIONARY_EXIT,False,-3.4800,0.6000,-4.0800,-0.1766
m30-idea-1011,GBPUSD,SELL,0.08,2016-07-25 00:00:00+00:00,1.31423,1.317025229944514,,2016-07-25 01:00:00+00:00,1.31248,DISCRETIONARY_EXIT,False,14.0000,0.4000,13.6000,0.5975
m30-idea-1012,EURUSD,SELL,0.21,2016-07-25 06:00:00+00:00,1.09753,1.0986215591639266,,2016-07-25 07:30:00+00:00,1.09724,DISCRETIONARY_EXIT,False,6.0900,1.0500,5.0400,0.2102
m30-idea-1013,EURUSD,SELL,0.19,2016-07-25 10:30:00+00:00,1.09877,1.1000099390446285,,2016-07-25 12:30:00+00:00,1.09856,DISCRETIONARY_EXIT,False,3.9900,0.9500,3.0400,0.1240
m30-idea-1014,EURUSD,SELL,0.23,2016-07-26 06:00:00+00:00,1.10047,1.1014986149177213,,2016-07-26 06:37:00+00:00,1.1014986149177213,SL,False,-23.6581,1.1500,-24.8081,-1.0000
m30-idea-1015,EURUSD,SELL,0.23,2016-07-27 06:00:00+00:00,1.09999,1.100984768804996,,2016-07-27 07:00:00+00:00,1.09962,DISCRETIONARY_EXIT,False,8.5100,1.1500,7.3600,0.3063
m30-idea-1016,GBPUSD,SELL,0.08,2016-07-27 14:30:00+00:00,1.31261,1.3155727009682014,,2016-07-27 16:00:00+00:00,1.31146,DISCRETIONARY_EXIT,False,9.2000,0.4000,8.8000,0.3651
m30-idea-1017,GBPUSD,BUY,0.08,2016-07-28 06:00:00+00:00,1.3175700000000001,1.3146317278423536,,2016-07-28 07:30:00+00:00,1.3197,DISCRETIONARY_EXIT,False,17.0400,0.4000,16.6400,0.6961
m30-idea-1018,EURUSD,BUY,0.14,2016-07-28 12:00:00+00:00,1.10844,1.1068223189152908,,2016-07-28 13:30:00+00:00,1.10934,DISCRETIONARY_EXIT,False,12.6000,0.7000,11.9000,0.5097
m30-idea-1019,EURUSD,BUY,0.25,2016-08-03 01:00:00+00:00,1.12187,1.1209240323454919,,2016-08-03 03:51:00+00:00,1.1209240323454919,SL,False,-23.6492,1.2500,-24.8992,-1.0000
m30-idea-1020,GBPUSD,BUY,0.1,2016-08-03 02:00:00+00:00,1.3329000000000002,1.3305446411484763,,2016-08-03 04:30:00+00:00,1.33249,DISCRETIONARY_EXIT,False,-4.1000,0.5000,-4.6000,-0.1912
m30-idea-1021,EURUSD,BUY,0.28,2016-08-03 07:30:00+00:00,1.12046,1.1196301539981848,,2016-08-03 08:30:00+00:00,1.12091,DISCRETIONARY_EXIT,False,12.6000,1.4000,11.2000,0.4546
m30-idea-1022,EURUSD,BUY,0.24,2016-08-03 11:00:00+00:00,1.11925,1.118275317204831,,2016-08-03 12:00:00+00:00,1.11985,DISCRETIONARY_EXIT,False,14.4000,1.2000,13.2000,0.5368
m30-idea-1023,EURUSD,BUY,0.19,2016-08-03 14:30:00+00:00,1.11769,1.1164472822643077,,2016-08-03 15:19:00+00:00,1.1164472822643077,SL,False,-23.6116,0.9500,-24.5616,-1.0000
m30-idea-1024,GBPUSD,BUY,0.07,2016-08-03 15:30:00+00:00,1.32982,1.3267203309722921,,2016-08-03 16:30:00+00:00,1.33271,DISCRETIONARY_EXIT,False,20.2300,0.3500,19.8800,0.9017
m30-idea-1025,EURUSD,BUY,0.16,2016-08-03 19:00:00+00:00,1.1145,1.1129993713757445,,2016-08-03 21:30:00+00:00,1.11471,DISCRETIONARY_EXIT,False,3.3600,0.8000,2.5600,0.1032
m30-idea-1026,GBPUSD,BUY,0.1,2016-08-03 21:30:00+00:00,1.33132,1.3290181397409184,,2016-08-03 22:30:00+00:00,1.33242,DISCRETIONARY_EXIT,False,11.0000,0.5000,10.5000,0.4465
m30-idea-1027,GBPUSD,BUY,0.14,2016-08-04 07:00:00+00:00,1.33091,1.3291794920128974,,2016-08-04 07:40:00+00:00,1.3291794920128974,SL,False,-24.2271,0.7000,-24.9271,-1.0000
m30-idea-1028,EURUSD,BUY,0.22,2016-08-04 11:00:00+00:00,1.11276,1.1116738711858578,,2016-08-04 12:30:00+00:00,1.11326,DISCRETIONARY_EXIT,False,11.0000,1.1000,9.9000,0.3961
m30-idea-1029,GBPUSD,SELL,0.07,2016-08-04 21:00:00+00:00,1.31298,1.3164398456346487,,2016-08-04 22:00:00+00:00,1.3107000000000002,DISCRETIONARY_EXIT,False,15.9600,0.3500,15.6100,0.6354
m30-idea-1030,EURUSD,SELL,0.12,2016-08-05 18:30:00+00:00,1.10983,1.111769912125679,,2016-08-05 20:30:00+00:00,1.10916,DISCRETIONARY_EXIT,False,8.0400,0.6000,7.4400,0.3116
m30-idea-1031,EURUSD,SELL,0.21,2016-08-08 04:30:00+00:00,1.11007,1.1111610188904872,,2016-08-08 07:00:00+00:00,1.10951,DISCRETIONARY_EXIT,False,11.7600,1.0500,10.7100,0.4470
m30-idea-1032,EURUSD,SELL,0.23,2016-08-08 19:30:00+00:00,1.10828,1.1092771656605447,,2016-08-08 21:30:00+00:00,1.10829,DISCRETIONARY_EXIT,False,-0.2300,1.1500,-1.3800,-0.0573
m30-idea-1033,EURUSD,SELL,0.3,2016-08-09 01:30:00+00:00,1.10885,1.10960922665158,,2016-08-09 02:30:00+00:00,1.10858,DISCRETIONARY_EXIT,False,8.1000,1.5000,6.6000,0.2719
m30-idea-1034,EURUSD,SELL,0.25,2016-08-09 10:00:00+00:00,1.1094,1.1103296815032282,,2016-08-09 12:00:00+00:00,1.10856,DISCRETIONARY_EXIT,False,21.0000,1.2500,19.7500,0.8064
m30-idea-1035,EURUSD,SELL,0.2,2016-08-09 15:00:00+00:00,1.11011,1.1112848016605894,,2016-08-09 15:04:00+00:00,1.1112848016605894,SL,False,-23.4960,1.0000,-24.4960,-1.0000
m30-idea-1036,GBPUSD,SELL,0.1,2016-08-10 01:30:00+00:00,1.30681,1.3092558989391656,,2016-08-10 06:00:00+00:00,1.30671,DISCRETIONARY_EXIT,False,1.0000,0.5000,0.5000,0.0200
m30-idea-1037,GBPUSD,SELL,0.09,2016-08-10 12:30:00+00:00,1.308,1.3104982655907313,,2016-08-10 14:30:00+00:00,1.30573,DISCRETIONARY_EXIT,False,20.4300,0.4500,19.9800,0.8712
m30-idea-1038,EURUSD,BUY,0.23,2016-08-11 05:00:00+00:00,1.11696,1.1159477975585812,,2016-08-11 08:00:00+00:00,1.11661,DISCRETIONARY_EXIT,False,-8.0500,1.1500,-9.2000,-0.3766
m30-idea-1039,EURUSD,BUY,0.17,2016-08-11 18:30:00+00:00,1.11467,1.1132581192797475,,2016-08-11 23:00:00+00:00,1.11402,DISCRETIONARY_EXIT,False,-11.0500,0.8500,-11.9000,-0.4788
m30-idea-1040,GBPUSD,SELL,0.16,2016-08-12 02:30:00+00:00,1.29676,1.298253815994329,,2016-08-12 05:30:00+00:00,1.2971000000000001,DISCRETIONARY_EXIT,False,-5.4400,0.8000,-6.2400,-0.2526
m30-idea-1041,GBPUSD,SELL,0.09,2016-08-12 14:00:00+00:00,1.30116,1.3036644361282281,,2016-08-12 15:00:00+00:00,1.29762,DISCRETIONARY_EXIT,False,31.8600,0.4500,31.4100,1.3663
m30-idea-1042,GBPUSD,SELL,0.13,2016-08-15 02:30:00+00:00,1.29288,1.294687547579324,,2016-08-15 05:30:00+00:00,1.29264,DISCRETIONARY_EXIT,False,3.1200,0.6500,2.4700,0.1023
m30-idea-1043,GBPUSD,SELL,0.12,2016-08-15 19:00:00+00:00,1.28812,1.2900126904068117,,2016-08-15 20:00:00+00:00,1.28752,DISCRETIONARY_EXIT,False,7.2000,0.6000,6.6000,0.2831
m30-idea-1044,GBPUSD,SELL,0.17,2016-08-16 00:00:00+00:00,1.28882,1.2902113854573993,,2016-08-16 01:00:00+00:00,1.2881200000000002,DISCRETIONARY_EXIT,False,11.9000,0.8500,11.0500,0.4510
m30-idea-1045,GBPUSD,SELL,0.16,2016-08-16 05:00:00+00:00,1.29048,1.2919038525365862,,2016-08-16 06:35:00+00:00,1.2919038525365862,SL,False,-22.7816,0.8000,-23.5816,-1.0000
m30-idea-1046,GBPUSD,SELL,0.09,2016-08-16 10:00:00+00:00,1.29639,1.2990448662591678,,2016-08-16 10:47:00+00:00,1.2990448662591678,SL,False,-23.8938,0.4500,-24.3438,-1.0000
m30-idea-1047,EURUSD,BUY,0.09,2016-08-16 14:30:00+00:00,1.12529,1.1227596395370054,,2016-08-16 16:30:00+00:00,1.12758,DISCRETIONARY_EXIT,False,20.6100,0.4500,20.1600,0.8681
m30-idea-1048,EURUSD,BUY,0.16,2016-08-16 23:00:00+00:00,1.12757,1.1260682601775103,,2016-08-17 00:00:00+00:00,1.12773,DISCRETIONARY_EXIT,False,2.5600,0.8000,1.7600,0.0709
m30-idea-1049,GBPUSD,BUY,0.09,2016-08-17 00:30:00+00:00,1.3030400000000002,1.3005453146090886,,2016-08-17 02:00:00+00:00,1.30467,DISCRETIONARY_EXIT,False,14.6700,0.4500,14.2200,0.6209
m30-idea-1050,EURUSD,BUY,0.2,2016-08-17 06:30:00+00:00,1.12586,1.1246841938207846,,2016-08-17 07:30:00+00:00,1.12691,DISCRETIONARY_EXIT,False,21.0000,1.0000,20.0000,0.8158
m30-idea-1051,GBPUSD,BUY,0.11,2016-08-19 02:30:00+00:00,1.3143,1.3122533212021152,,2016-08-19 05:00:00+00:00,1.31391,DISCRETIONARY_EXIT,False,-4.2900,0.5500,-4.8400,-0.2099
m30-idea-1052,EURUSD,BUY,0.19,2016-08-19 04:00:00+00:00,1.13317,1.1319070680075551,,2016-08-19 05:30:00+00:00,1.1336,DISCRETIONARY_EXIT,False,8.1700,0.9500,7.2200,0.2894
m30-idea-1053,GBPUSD,BUY,0.09,2016-08-19 13:30:00+00:00,1.3062,1.3036705359688219,,2016-08-19 14:24:00+00:00,1.3036705359688219,SL,False,-22.7652,0.4500,-23.2152,-1.0000
m30-idea-1054,EURUSD,BUY,0.18,2016-08-21 22:30:00+00:00,1.13141,1.1301044702345158,,2016-08-22 00:47:00+00:00,1.1301044702345158,SL,False,-23.4995,0.9000,-24.3995,-1.0000
m30-idea-1055,EURUSD,BUY,0.18,2016-08-22 01:00:00+00:00,1.12986,1.1285477766365652,,2016-08-22 01:40:00+00:00,1.1285477766365652,SL,False,-23.6200,0.9000,-24.5200,-1.0000
m30-idea-1056,GBPUSD,BUY,0.1,2016-08-22 01:30:00+00:00,1.3052000000000001,1.302753307282113,,2016-08-22 03:30:00+00:00,1.30552,DISCRETIONARY_EXIT,False,3.2000,0.5000,2.7000,0.1081
m30-idea-1057,EURUSD,BUY,0.18,2016-08-22 05:00:00+00:00,1.12777,1.1264548786907538,,2016-08-22 08:00:00+00:00,1.12818,DISCRETIONARY_EXIT,False,7.3800,0.9000,6.4800,0.2637
m30-idea-1058,EURUSD,BUY,0.16,2016-08-23 17:00:00+00:00,1.1308,1.1293517795092864,,2016-08-23 18:00:00+00:00,1.13179,DISCRETIONARY_EXIT,False,15.8400,0.8000,15.0400,0.6274
m30-idea-1059,EURUSD,BUY,0.23,2016-08-24 02:00:00+00:00,1.12995,1.1289494911011988,,2016-08-24 06:53:00+00:00,1.1289494911011988,SL,False,-23.0117,1.1500,-24.1617,-1.0000
m30-idea-1060,EURUSD,BUY,0.25,2016-08-24 07:00:00+00:00,1.12899,1.1280464276815247,,2016-08-24 08:00:00+00:00,1.12934,DISCRETIONARY_EXIT,False,8.7500,1.2500,7.5000,0.3019
m30-idea-1061,EURUSD,BUY,0.2,2016-08-24 12:30:00+00:00,1.12768,1.1265214752192503,,2016-08-24 12:30:00+00:00,1.1265214752192503,SL,False,-23.1705,1.0000,-24.1705,-1.0000
m30-idea-1062,EURUSD,BUY,0.18,2016-08-25 16:00:00+00:00,1.12802,1.1267452206241102,,2016-08-25 18:30:00+00:00,1.12782,DISCRETIONARY_EXIT,False,-3.6000,0.9000,-4.5000,-0.1887
m30-idea-1063,EURUSD,BUY,0.33,2016-08-26 06:00:00+00:00,1.12891,1.1282213825200653,,2016-08-26 07:00:00+00:00,1.12935,DISCRETIONARY_EXIT,False,14.5200,1.6500,12.8700,0.5280
m30-idea-1064,GBPUSD,BUY,0.13,2016-08-26 11:30:00+00:00,1.31929,1.3174849915540645,,2016-08-26 13:00:00+00:00,1.32047,DISCRETIONARY_EXIT,False,15.3400,0.6500,14.6900,0.6092
m30-idea-1065,GBPUSD,BUY,0.07,2016-08-26 19:30:00+00:00,1.3139500000000002,1.3105114207877313,,2016-08-26 21:00:00+00:00,1.31312,DISCRETIONARY_EXIT,False,-5.8100,0.3500,-6.1600,-0.2523
m30-idea-1066,EURUSD,SELL,0.16,2016-08-29 06:30:00+00:00,1.12067,1.1221242033021097,,2016-08-29 07:30:00+00:00,1.11986,DISCRETIONARY_EXIT,False,12.9600,0.8000,12.1600,0.5053
m30-idea-1067,GBPUSD,SELL,0.11,2016-08-29 19:00:00+00:00,1.31082,1.31295415219637,,2016-08-29 21:00:00+00:00,1.31064,DISCRETIONARY_EXIT,False,1.9800,0.5500,1.4300,0.0595
m30-idea-1068,GBPUSD,SELL,0.11,2016-08-30 12:30:00+00:00,1.30988,1.3120742561891094,,2016-08-30 14:46:00+00:00,1.3120742561891094,SL,False,-24.1368,0.5500,-24.6868,-1.0000
m30-idea-1069,EURUSD,SELL,0.23,2016-08-31 00:30:00+00:00,1.11489,1.1158957156499787,,2016-08-31 01:30:00+00:00,1.11472,DISCRETIONARY_EXIT,False,3.9100,1.1500,2.7600,0.1137
m30-idea-1070,GBPUSD,SELL,0.16,2016-08-31 01:00:00+00:00,1.30899,1.310491396302121,,2016-08-31 02:00:00+00:00,1.30695,DISCRETIONARY_EXIT,False,32.6400,0.8000,31.8400,1.2827
m30-idea-1072,GBPUSD,SELL,0.12,2016-08-31 04:00:00+00:00,1.31118,1.3131265553957965,,2016-08-31 06:00:00+00:00,1.31078,DISCRETIONARY_EXIT,False,4.8000,0.6000,4.2000,0.1753
m30-idea-1071,EURUSD,SELL,0.21,2016-08-31 04:00:00+00:00,1.11595,1.1170364745605539,,2016-08-31 06:30:00+00:00,1.11527,DISCRETIONARY_EXIT,False,14.2800,1.0500,13.2300,0.5543
m30-idea-1073,GBPUSD,BUY,0.1,2016-08-31 13:30:00+00:00,1.3112300000000001,1.3089739713600783,,2016-08-31 13:52:00+00:00,1.3089739713600783,SL,False,-22.5603,0.5000,-23.0603,-1.0000
m30-idea-1074,EURUSD,SELL,0.13,2016-09-01 15:30:00+00:00,1.11841,1.1201912969776104,,2016-09-01 17:43:00+00:00,1.1201912969776104,SL,False,-23.1569,0.6500,-23.8069,-1.0000
m30-idea-1075,EURUSD,SELL,0.19,2016-09-05 01:30:00+00:00,1.11647,1.1177205206706782,,2016-09-05 03:00:00+00:00,1.11589,DISCRETIONARY_EXIT,False,11.0200,0.9500,10.0700,0.4075
m30-idea-1076,EURUSD,SELL,0.21,2016-09-05 06:00:00+00:00,1.11743,1.1185314949285958,,2016-09-05 08:30:00+00:00,1.11731,DISCRETIONARY_EXIT,False,2.5200,1.0500,1.4700,0.0608
m30-idea-1077,GBPUSD,BUY,0.14,2016-09-05 08:30:00+00:00,1.33037,1.3286611457047088,,2016-09-05 09:30:00+00:00,1.33333,DISCRETIONARY_EXIT,False,41.4400,0.7000,40.7400,1.6545
m30-idea-1078,GBPUSD,BUY,0.1,2016-09-05 15:30:00+00:00,1.33023,1.3278040120858514,,2016-09-05 17:00:00+00:00,1.33116,DISCRETIONARY_EXIT,False,9.3000,0.5000,8.8000,0.3554
m30-idea-1079,GBPUSD,BUY,0.12,2016-09-05 20:30:00+00:00,1.3299800000000002,1.3279966338062084,,2016-09-05 21:30:00+00:00,1.33029,DISCRETIONARY_EXIT,False,3.7200,0.6000,3.1200,0.1279
m30-idea-1080,EURUSD,SELL,0.26,2016-09-06 08:30:00+00:00,1.11639,1.1172965150989673,,2016-09-06 13:00:00+00:00,1.11604,DISCRETIONARY_EXIT,False,9.1000,1.3000,7.8000,0.3136
m30-idea-1081,EURUSD,SELL,0.14,2016-09-06 15:30:00+00:00,1.123,1.1246785268694028,,2016-09-06 15:39:00+00:00,1.1246785268694028,SL,False,-23.4994,0.7000,-24.1994,-1.0000
m30-idea-1082,GBPUSD,BUY,0.13,2016-09-07 01:00:00+00:00,1.34152,1.3397131697830504,,2016-09-07 03:00:00+00:00,1.34162,DISCRETIONARY_EXIT,False,1.3000,0.6500,0.6500,0.0269
m30-idea-1083,EURUSD,BUY,0.17,2016-09-07 02:30:00+00:00,1.12364,1.1222711849218416,,2016-09-07 03:30:00+00:00,1.12489,DISCRETIONARY_EXIT,False,21.2500,0.8500,20.4000,0.8458
m30-idea-1085,GBPUSD,BUY,0.14,2016-09-07 09:30:00+00:00,1.3399800000000002,1.3382591344379378,,2016-09-07 09:33:00+00:00,1.3382591344379378,SL,False,-24.0921,0.7000,-24.7921,-1.0000
m30-idea-1084,EURUSD,BUY,0.19,2016-09-07 09:00:00+00:00,1.12422,1.1229864635126345,,2016-09-07 11:30:00+00:00,1.12471,DISCRETIONARY_EXIT,False,9.3100,0.9500,8.3600,0.3428
m30-idea-1086,GBPUSD,BUY,0.1,2016-09-08 14:00:00+00:00,1.33335,1.3310752036543751,,2016-09-08 14:05:00+00:00,1.3310752036543751,SL,False,-22.7480,0.5000,-23.2480,-1.0000
m30-idea-1087,EURUSD,BUY,0.09,2016-09-08 17:00:00+00:00,1.12575,1.1231011152353174,,2016-09-08 19:30:00+00:00,1.12562,DISCRETIONARY_EXIT,False,-1.1700,0.4500,-1.6200,-0.0667
m30-idea-1088,GBPUSD,BUY,0.15,2016-09-09 08:30:00+00:00,1.3303,1.328685398612407,,2016-09-09 11:00:00+00:00,1.33063,DISCRETIONARY_EXIT,False,4.9500,0.7500,4.2000,0.1682
m30-idea-1090,GBPUSD,BUY,0.1,2016-09-09 14:30:00+00:00,1.3291300000000001,1.3268770331206154,,2016-09-09 14:39:00+00:00,1.3268770331206154,SL,False,-22.5297,0.5000,-23.0297,-1.0000
m30-idea-1089,EURUSD,BUY,0.14,2016-09-09 14:30:00+00:00,1.12222,1.1205066935723114,,2016-09-09 14:54:00+00:00,1.1205066935723114,SL,False,-23.9863,0.7000,-24.6863,-1.0000
m30-idea-1091,EURUSD,BUY,0.17,2016-09-12 10:30:00+00:00,1.12319,1.1218072871952172,,2016-09-12 10:35:00+00:00,1.1218072871952172,SL,False,-23.5061,0.8500,-24.3561,-1.0000
m30-idea-1092,GBPUSD,BUY,0.12,2016-09-13 02:00:00+00:00,1.33253,1.330644644744385,,2016-09-13 03:30:00+00:00,1.33294,DISCRETIONARY_EXIT,False,4.9200,0.6000,4.3200,0.1860
m30-idea-1094,GBPUSD,SELL,0.14,2016-09-14 05:00:00+00:00,1.31957,1.3212293566113336,,2016-09-14 07:31:00+00:00,1.3212293566113336,SL,False,-23.2310,0.7000,-23.9310,-1.0000
m30-idea-1093,EURUSD,SELL,0.22,2016-09-14 04:30:00+00:00,1.12209,1.123170570798257,,2016-09-14 07:34:00+00:00,1.123170570798257,SL,False,-23.7726,1.1000,-24.8726,-1.0000
m30-idea-1095,GBPUSD,SELL,0.14,2016-09-14 08:00:00+00:00,1.32253,1.3241702022595807,,2016-09-14 09:00:00+00:00,1.31939,DISCRETIONARY_EXIT,False,43.9600,0.7000,43.2600,1.8282
m30-idea-1096,GBPUSD,SELL,0.11,2016-09-14 23:30:00+00:00,1.32583,1.328035384113144,,2016-09-15 02:00:00+00:00,1.3258100000000002,DISCRETIONARY_EXIT,False,0.2200,0.5500,-0.3300,-0.0133
m30-idea-1097,GBPUSD,SELL,0.08,2016-09-15 20:00:00+00:00,1.32385,1.326754949427262,,2016-09-15 22:00:00+00:00,1.3236100000000002,DISCRETIONARY_EXIT,False,1.9200,0.4000,1.5200,0.0643
m30-idea-1098,EURUSD,BUY,0.27,2016-09-16 08:00:00+00:00,1.12338,1.1225190935937324,,2016-09-16 10:59:00+00:00,1.1225190935937324,SL,False,-23.2445,1.3500,-24.5945,-1.0000
m30-idea-1100,EURUSD,SELL,0.23,2016-09-19 03:30:00+00:00,1.11655,1.1175697439697363,,2016-09-19 05:30:00+00:00,1.11662,DISCRETIONARY_EXIT,False,-1.6100,1.1500,-2.7600,-0.1122
m30-idea-1099,GBPUSD,SELL,0.11,2016-09-19 02:30:00+00:00,1.3033,1.3054641429076022,,2016-09-19 05:30:00+00:00,1.3033800000000002,DISCRETIONARY_EXIT,False,-0.8800,0.5500,-1.4300,-0.0587
m30-idea-1101,EURUSD,SELL,0.22,2016-09-19 14:30:00+00:00,1.11767,1.1187371177211494,,2016-09-19 15:34:00+00:00,1.1187371177211494,SL,False,-23.4766,1.1000,-24.5766,-1.0000
m30-idea-1102,GBPUSD,SELL,0.11,2016-09-19 14:30:00+00:00,1.30774,1.3098467717442714,,2016-09-19 16:00:00+00:00,1.3063,DISCRETIONARY_EXIT,False,15.8400,0.5500,15.2900,0.6445
m30-idea-1103,EURUSD,SELL,0.24,2016-09-20 08:00:00+00:00,1.12004,1.1210310964145584,,2016-09-20 08:05:00+00:00,1.1210310964145584,SL,False,-23.7863,1.2000,-24.9863,-1.0000
m30-idea-1104,GBPUSD,SELL,0.12,2016-09-21 08:30:00+00:00,1.29831,1.3003299619906372,,2016-09-21 09:30:00+00:00,1.29709,DISCRETIONARY_EXIT,False,14.6400,0.6000,14.0400,0.5652
m30-idea-1106,GBPUSD,SELL,0.07,2016-09-21 20:00:00+00:00,1.30012,1.3035111257461733,,2016-09-21 20:35:00+00:00,1.3035111257461733,SL,False,-23.7379,0.3500,-24.0879,-1.0000
m30-idea-1105,EURUSD,SELL,0.1,2016-09-21 20:00:00+00:00,1.11779,1.1202079180326023,,2016-09-22 01:00:00+00:00,1.11899,DISCRETIONARY_EXIT,False,-12.0000,0.5000,-12.5000,-0.5065
m30-idea-1107,GBPUSD,SELL,0.11,2016-09-22 05:30:00+00:00,1.30542,1.3074553004521725,,2016-09-22 07:00:00+00:00,1.30518,DISCRETIONARY_EXIT,False,2.6400,0.5500,2.0900,0.0911
m30-idea-1108,EURUSD,BUY,0.15,2016-09-22 17:30:00+00:00,1.12245,1.1208460430906575,,2016-09-22 19:18:00+00:00,1.1208460430906575,SL,False,-24.0594,0.7500,-24.8094,-1.0000
m30-idea-1109,EURUSD,BUY,0.15,2016-09-22 19:30:00+00:00,1.1206099999999999,1.119036201106629,,2016-09-22 22:00:00+00:00,1.12069,DISCRETIONARY_EXIT,False,1.2000,0.7500,0.4500,0.0185
m30-idea-1110,GBPUSD,SELL,0.13,2016-09-23 00:00:00+00:00,1.30782,1.3096320270946098,,2016-09-23 01:30:00+00:00,1.3077400000000001,DISCRETIONARY_EXIT,False,1.0400,0.6500,0.3900,0.0161
m30-idea-1111,EURUSD,BUY,0.22,2016-09-23 01:30:00+00:00,1.1204,1.1193448357608302,,2016-09-23 04:00:00+00:00,1.11973,DISCRETIONARY_EXIT,False,-14.7400,1.1000,-15.8400,-0.6515
m30-idea-1112,GBPUSD,SELL,0.13,2016-09-26 00:30:00+00:00,1.29795,1.299756811183579,,2016-09-26 04:00:00+00:00,1.2981900000000002,DISCRETIONARY_EXIT,False,-3.1200,0.6500,-3.7700,-0.1562
m30-idea-1113,GBPUSD,SELL,0.13,2016-09-27 07:30:00+00:00,1.30008,1.3018335893296245,,2016-09-27 09:00:00+00:00,1.2972000000000001,DISCRETIONARY_EXIT,False,37.4400,0.6500,36.7900,1.5691
m30-idea-1114,GBPUSD,SELL,0.1,2016-09-27 13:00:00+00:00,1.29884,1.3012204701809997,,2016-09-27 14:30:00+00:00,1.29641,DISCRETIONARY_EXIT,False,24.3000,0.5000,23.8000,0.9792
m30-idea-1115,EURUSD,BUY,0.18,2016-09-27 13:30:00+00:00,1.12103,1.1197046550150558,,2016-09-27 15:00:00+00:00,1.12146,DISCRETIONARY_EXIT,False,7.7400,0.9000,6.8400,0.2763
m30-idea-1116,GBPUSD,SELL,0.09,2016-09-27 18:00:00+00:00,1.30201,1.3046533298968963,,2016-09-27 20:30:00+00:00,1.3013400000000002,DISCRETIONARY_EXIT,False,6.0300,0.4500,5.5800,0.2302
m30-idea-1117,GBPUSD,SELL,0.16,2016-09-28 07:30:00+00:00,1.30175,1.3032020947410274,,2016-09-28 08:01:00+00:00,1.3032020947410274,SL,False,-23.2335,0.8000,-24.0335,-1.0000
m30-idea-1118,GBPUSD,SELL,0.11,2016-09-29 00:30:00+00:00,1.30422,1.30634948173957,,2016-09-29 02:00:00+00:00,1.30512,DISCRETIONARY_EXIT,False,-9.9000,0.5500,-10.4500,-0.4359
m30-idea-1119,EURUSD,BUY,0.24,2016-09-29 07:30:00+00:00,1.12198,1.1210080327583227,,2016-09-29 09:30:00+00:00,1.12244,DISCRETIONARY_EXIT,False,11.0400,1.2000,9.8400,0.4012
m30-idea-1120,GBPUSD,SELL,0.15,2016-09-30 05:00:00+00:00,1.29715,1.2987060483278292,,2016-09-30 07:00:00+00:00,1.2964900000000001,DISCRETIONARY_EXIT,False,9.9000,0.7500,9.1500,0.3798
m30-idea-1121,EURUSD,BUY,0.22,2016-10-03 07:00:00+00:00,1.12291,1.1218304211745056,,2016-10-03 09:30:00+00:00,1.1238,DISCRETIONARY_EXIT,False,19.5800,1.1000,18.4800,0.7436
m30-idea-1122,EURUSD,BUY,0.2,2016-10-03 14:30:00+00:00,1.12276,1.1215857931944873,,2016-10-03 15:00:00+00:00,1.1215857931944873,SL,False,-23.4841,1.0000,-24.4841,-1.0000
m30-idea-1123,GBPUSD,SELL,0.09,2016-10-03 18:30:00+00:00,1.28605,1.2886502608422947,,2016-10-03 20:30:00+00:00,1.2853400000000001,DISCRETIONARY_EXIT,False,6.3900,0.4500,5.9400,0.2490
m30-idea-1124,GBPUSD,SELL,0.12,2016-10-04 01:00:00+00:00,1.28586,1.2878060128186664,,2016-10-04 02:00:00+00:00,1.2844900000000001,DISCRETIONARY_EXIT,False,16.4400,0.6000,15.8400,0.6613
m30-idea-1125,EURUSD,SELL,0.15,2016-10-05 01:30:00+00:00,1.121,1.1225248775064565,,2016-10-05 03:00:00+00:00,1.1222699999999999,DISCRETIONARY_EXIT,False,-19.0500,0.7500,-19.8000,-0.8382
m30-idea-1126,GBPUSD,SELL,0.14,2016-10-06 00:30:00+00:00,1.27545,1.277130016051174,,2016-10-06 02:00:00+00:00,1.2748400000000002,DISCRETIONARY_EXIT,False,8.5400,0.7000,7.8400,0.3237
m30-idea-1127,GBPUSD,SELL,0.03,2016-10-07 06:30:00+00:00,1.24678,1.2539996648710328,,2016-10-07 08:00:00+00:00,1.24466,DISCRETIONARY_EXIT,False,6.3600,0.1500,6.2100,0.2847
m30-idea-1128,EURUSD,SELL,0.15,2016-10-07 12:00:00+00:00,1.11407,1.1156726660148104,,2016-10-07 13:30:00+00:00,1.1156726660148104,SL,False,-24.0400,0.7500,-24.7900,-1.0000
m30-idea-1129,EURUSD,SELL,0.1,2016-10-07 14:30:00+00:00,1.11935,1.1217812846258945,,2016-10-07 16:30:00+00:00,1.11709,DISCRETIONARY_EXIT,False,22.6000,0.5000,22.1000,0.8907
m30-idea-1130,EURUSD,SELL,0.1,2016-10-07 20:00:00+00:00,1.11803,1.1202767254160706,,2016-10-09 22:00:00+00:00,1.11782,TIMEOUT_EXIT,False,2.1000,0.5000,1.6000,0.0697
m30-idea-1131,GBPUSD,SELL,0.06,2016-10-10 02:00:00+00:00,1.24384,1.247446287966691,,2016-10-10 03:00:00+00:00,1.2419900000000001,DISCRETIONARY_EXIT,False,11.1000,0.3000,10.8000,0.4923
m30-idea-1132,EURUSD,SELL,0.26,2016-10-11 00:30:00+00:00,1.11412,1.1149961126338004,,2016-10-11 01:30:00+00:00,1.11341,DISCRETIONARY_EXIT,False,18.4600,1.3000,17.1600,0.7127
m30-idea-1133,GBPUSD,SELL,0.04,2016-10-12 00:00:00+00:00,1.22402,1.2290177084946703,,2016-10-12 00:45:00+00:00,1.2290177084946703,SL,False,-19.9908,0.2000,-20.1908,-1.0000
m30-idea-1134,EURUSD,SELL,0.18,2016-10-12 00:30:00+00:00,1.10614,1.1074745003806292,,2016-10-12 01:30:00+00:00,1.1044,DISCRETIONARY_EXIT,False,31.3200,0.9000,30.4200,1.2207
m30-idea-1135,GBPUSD,SELL,0.05,2016-10-12 04:00:00+00:00,1.23152,1.2360487043045636,,2016-10-12 06:00:00+00:00,1.22944,DISCRETIONARY_EXIT,False,10.4000,0.2500,10.1500,0.4434
m30-idea-1136,EURUSD,SELL,0.14,2016-10-13 04:00:00+00:00,1.10328,1.104934727127911,,2016-10-13 05:30:00+00:00,1.10182,DISCRETIONARY_EXIT,False,20.4400,0.7000,19.7400,0.8271
m30-idea-1137,GBPUSD,SELL,0.06,2016-10-13 18:00:00+00:00,1.22481,1.2287148050542847,,2016-10-13 20:30:00+00:00,1.2250400000000001,DISCRETIONARY_EXIT,False,-1.3800,0.3000,-1.6800,-0.0708
m30-idea-1138,EURUSD,SELL,0.13,2016-10-13 19:00:00+00:00,1.10537,1.1071985788414822,,2016-10-13 21:00:00+00:00,1.10506,DISCRETIONARY_EXIT,False,4.0300,0.6500,3.3800,0.1384
m30-idea-1139,GBPUSD,SELL,0.07,2016-10-14 13:00:00+00:00,1.22506,1.2284608635624144,,2016-10-14 14:00:00+00:00,1.2196500000000001,DISCRETIONARY_EXIT,False,37.8700,0.3500,37.5200,1.5532
m30-idea-1140,EURUSD,SELL,0.21,2016-10-17 04:00:00+00:00,1.09776,1.0988908907860542,,2016-10-17 06:10:00+00:00,1.0988908907860542,SL,False,-23.7487,1.0500,-24.7987,-1.0000
m30-idea-1141,EURUSD,SELL,0.18,2016-10-17 14:00:00+00:00,1.10045,1.1017806642079198,,2016-10-17 15:30:00+00:00,1.09977,DISCRETIONARY_EXIT,False,12.2400,0.9000,11.3400,0.4563
m30-idea-1143,GBPUSD,SELL,0.11,2016-10-18 01:00:00+00:00,1.2218,1.2239999342465868,,2016-10-18 01:29:00+00:00,1.2239999342465868,SL,False,-24.1993,0.5500,-24.7493,-1.0000
m30-idea-1142,EURUSD,SELL,0.22,2016-10-18 01:00:00+00:00,1.10108,1.1021227560961255,,2016-10-18 02:03:00+00:00,1.1021227560961255,SL,False,-22.9406,1.1000,-24.0406,-1.0000
m30-idea-1144,GBPUSD,SELL,0.11,2016-10-18 08:00:00+00:00,1.2237,1.225847483978665,,2016-10-18 09:30:00+00:00,1.225847483978665,SL,False,-23.6223,0.5500,-24.1723,-1.0000
m30-idea-1145,GBPUSD,SELL,0.12,2016-10-19 01:30:00+00:00,1.23057,1.2325810371500132,,2016-10-19 02:30:00+00:00,1.2297,DISCRETIONARY_EXIT,False,10.4400,0.6000,9.8400,0.3979
m30-idea-1146,EURUSD,SELL,0.23,2016-10-19 03:00:00+00:00,1.09954,1.1005652533876307,,2016-10-19 04:00:00+00:00,1.09896,DISCRETIONARY_EXIT,False,13.3400,1.1500,12.1900,0.4929
m30-idea-1148,GBPUSD,SELL,0.1,2016-10-19 09:30:00+00:00,1.23076,1.232984420558986,,2016-10-19 09:49:00+00:00,1.232984420558986,SL,False,-22.2442,0.5000,-22.7442,-1.0000
m30-idea-1147,EURUSD,SELL,0.21,2016-10-19 09:30:00+00:00,1.09972,1.1008129836838185,,2016-10-19 11:30:00+00:00,1.0996,DISCRETIONARY_EXIT,False,2.5200,1.0500,1.4700,0.0612
m30-idea-1149,EURUSD,SELL,0.21,2016-10-19 22:30:00+00:00,1.09743,1.0985699811556968,,2016-10-20 00:30:00+00:00,1.09739,DISCRETIONARY_EXIT,False,0.8400,1.0500,-0.2100,-0.0084
m30-idea-1150,GBPUSD,SELL,0.1,2016-10-19 22:30:00+00:00,1.22858,1.2309001018042454,,2016-10-20 00:30:00+00:00,1.2285300000000001,DISCRETIONARY_EXIT,False,0.5000,0.5000,-0.0000,-0.0000
m30-idea-1151,EURUSD,SELL,0.2,2016-10-20 09:00:00+00:00,1.09746,1.098635008845527,,2016-10-20 11:00:00+00:00,1.09674,DISCRETIONARY_EXIT,False,14.4000,1.0000,13.4000,0.5469
m30-idea-1152,EURUSD,SELL,0.19,2016-10-20 12:30:00+00:00,1.0986,1.0998187450785595,,2016-10-20 13:43:00+00:00,1.0998187450785595,SL,False,-23.1562,0.9500,-24.1062,-1.0000
m30-idea-1153,GBPUSD,SELL,0.08,2016-10-20 18:00:00+00:00,1.22736,1.2300940618755354,,2016-10-20 19:30:00+00:00,1.22567,DISCRETIONARY_EXIT,False,13.5200,0.4000,13.1200,0.5891
m30-idea-1154,GBPUSD,SELL,0.09,2016-10-21 18:00:00+00:00,1.22355,1.226203609142154,,2016-10-21 20:30:00+00:00,1.22219,DISCRETIONARY_EXIT,False,12.2400,0.4500,11.7900,0.4845
m30-idea-1155,EURUSD,SELL,0.17,2016-10-21 21:00:00+00:00,1.08808,1.0894474203568412,,2016-10-23 22:00:00+00:00,1.08804,TIMEOUT_EXIT,False,0.6800,0.8500,-0.1700,-0.0071
m30-idea-1156,EURUSD,SELL,0.23,2016-10-24 07:00:00+00:00,1.08769,1.088715822566778,,2016-10-24 07:44:00+00:00,1.088715822566778,SL,False,-23.5939,1.1500,-24.7439,-1.0000
m30-idea-1157,GBPUSD,SELL,0.16,2016-10-24 07:00:00+00:00,1.22056,1.2220703422287238,,2016-10-24 07:51:00+00:00,1.2220703422287238,SL,False,-24.1655,0.8000,-24.9655,-1.0000
m30-idea-1159,GBPUSD,SELL,0.06,2016-10-25 18:00:00+00:00,1.21976,1.2236759439200027,,2016-10-25 19:00:00+00:00,1.2176,DISCRETIONARY_EXIT,False,12.9600,0.3000,12.6600,0.5320
m30-idea-1158,EURUSD,SELL,0.15,2016-10-25 16:30:00+00:00,1.08928,1.090887266128269,,2016-10-25 20:00:00+00:00,1.08909,DISCRETIONARY_EXIT,False,2.8500,0.7500,2.1000,0.0845
m30-idea-1160,GBPUSD,SELL,0.14,2016-10-26 07:30:00+00:00,1.21714,1.2188732861931042,,2016-10-26 07:39:00+00:00,1.2188732861931042,SL,False,-24.2660,0.7000,-24.9660,-1.0000
m30-idea-1161,EURUSD,SELL,0.21,2016-10-26 08:00:00+00:00,1.09063,1.09173417988272,,2016-10-26 08:58:00+00:00,1.09173417988272,SL,False,-23.1878,1.0500,-24.2378,-1.0000
m30-idea-1162,GBPUSD,SELL,0.12,2016-10-26 08:30:00+00:00,1.21863,1.2205653335032378,,2016-10-26 09:11:00+00:00,1.2205653335032378,SL,False,-23.2240,0.6000,-23.8240,-1.0000
m30-idea-1163,GBPUSD,SELL,0.1,2016-10-26 09:30:00+00:00,1.22097,1.2232538845002408,,2016-10-26 11:30:00+00:00,1.2204000000000002,DISCRETIONARY_EXIT,False,5.7000,0.5000,5.2000,0.2228
m30-idea-1164,EURUSD,SELL,0.22,2016-10-28 02:00:00+00:00,1.09016,1.0912347981226658,,2016-10-28 04:00:00+00:00,1.09024,DISCRETIONARY_EXIT,False,-1.7600,1.1000,-2.8600,-0.1156
m30-idea-1165,GBPUSD,SELL,0.13,2016-10-28 04:30:00+00:00,1.21844,1.220244561859451,,2016-10-28 05:30:00+00:00,1.21767,DISCRETIONARY_EXIT,False,10.0100,0.6500,9.3600,0.3882
m30-idea-1166,EURUSD,SELL,0.19,2016-10-28 13:00:00+00:00,1.0921,1.0933425052553456,,2016-10-28 13:32:00+00:00,1.0933425052553456,SL,False,-23.6076,0.9500,-24.5576,-1.0000
m30-idea-1167,GBPUSD,SELL,0.08,2016-10-28 18:30:00+00:00,1.21899,1.2220517162486138,,2016-10-30 22:00:00+00:00,1.2176200000000001,TIMEOUT_EXIT,False,10.9600,0.4000,10.5600,0.4242
m30-idea-1168,GBPUSD,SELL,0.1,2016-10-31 00:30:00+00:00,1.21958,1.2219229299747616,,2016-10-31 01:30:00+00:00,1.21927,DISCRETIONARY_EXIT,False,3.1000,0.5000,2.6000,0.1087
m30-idea-1169,EURUSD,BUY,0.15,2016-10-31 03:30:00+00:00,1.09634,1.094797674661031,,2016-10-31 05:00:00+00:00,1.09685,DISCRETIONARY_EXIT,False,7.6500,0.7500,6.9000,0.2889
m30-idea-1170,GBPUSD,SELL,0.13,2016-10-31 06:30:00+00:00,1.2194,1.2211910596584246,,2016-10-31 07:30:00+00:00,1.21865,DISCRETIONARY_EXIT,False,9.7500,0.6500,9.1000,0.3802
m30-idea-1171,EURUSD,BUY,0.2,2016-10-31 08:00:00+00:00,1.09613,1.0949822870481551,,2016-10-31 10:43:00+00:00,1.0949822870481551,SL,False,-22.9543,1.0000,-23.9543,-1.0000
m30-idea-1172,GBPUSD,SELL,0.08,2016-10-31 17:00:00+00:00,1.22125,1.2240324913553051,,2016-10-31 19:00:00+00:00,1.22289,DISCRETIONARY_EXIT,False,-13.1200,0.4000,-13.5200,-0.5966
m30-idea-1173,GBPUSD,BUY,0.12,2016-11-01 01:30:00+00:00,1.22262,1.2207264555517923,,2016-11-01 03:00:00+00:00,1.22314,DISCRETIONARY_EXIT,False,6.2400,0.6000,5.6400,0.2418
m30-idea-1174,EURUSD,BUY,0.23,2016-11-01 02:00:00+00:00,1.09684,1.0958476423191261,,2016-11-01 05:30:00+00:00,1.09668,DISCRETIONARY_EXIT,False,-3.6800,1.1500,-4.8300,-0.2015
m30-idea-1175,GBPUSD,BUY,0.16,2016-11-01 08:00:00+00:00,1.2221700000000002,1.2206810104173835,,2016-11-01 09:00:00+00:00,1.22558,DISCRETIONARY_EXIT,False,54.5600,0.8000,53.7600,2.1833
m30-idea-1176,GBPUSD,BUY,0.1,2016-11-01 13:30:00+00:00,1.22127,1.2189345772234723,,2016-11-01 14:30:00+00:00,1.22373,DISCRETIONARY_EXIT,False,24.6000,0.5000,24.1000,1.0103
m30-idea-1178,EURUSD,BUY,0.21,2016-11-02 02:30:00+00:00,1.10509,1.1039871628981937,,2016-11-02 03:30:00+00:00,1.10661,DISCRETIONARY_EXIT,False,31.9200,1.0500,30.8700,1.2751
m30-idea-1177,GBPUSD,BUY,0.13,2016-11-02 01:30:00+00:00,1.2237,1.2219002011038844,,2016-11-02 03:30:00+00:00,1.22333,DISCRETIONARY_EXIT,False,-4.8100,0.6500,-5.4600,-0.2271
m30-idea-1179,EURUSD,BUY,0.12,2016-11-02 20:00:00+00:00,1.10961,1.1077256084775469,,2016-11-02 22:00:00+00:00,1.10965,DISCRETIONARY_EXIT,False,0.4800,0.6000,-0.1200,-0.0052
m30-idea-1180,EURUSD,BUY,0.16,2016-11-03 12:00:00+00:00,1.10853,1.1070401814748128,,2016-11-03 12:44:00+00:00,1.1070401814748128,SL,False,-23.8371,0.8000,-24.6371,-1.0000
m30-idea-1181,EURUSD,BUY,0.18,2016-11-04 00:30:00+00:00,1.11011,1.1088056364778525,,2016-11-04 02:30:00+00:00,1.1104,DISCRETIONARY_EXIT,False,5.2200,0.9000,4.3200,0.1772
m30-idea-1182,EURUSD,BUY,0.23,2016-11-04 07:00:00+00:00,1.10887,1.1078676170004196,,2016-11-04 08:00:00+00:00,1.11002,DISCRETIONARY_EXIT,False,26.4500,1.1500,25.3000,1.0452
m30-idea-1183,GBPUSD,BUY,0.14,2016-11-04 07:00:00+00:00,1.24561,1.243945871300849,,2016-11-04 08:30:00+00:00,1.24681,DISCRETIONARY_EXIT,False,16.8000,0.7000,16.1000,0.6709
m30-idea-1184,GBPUSD,BUY,0.08,2016-11-06 22:30:00+00:00,1.24644,1.2436126988728853,,2016-11-07 00:00:00+00:00,1.24863,DISCRETIONARY_EXIT,False,17.5200,0.4000,17.1200,0.7438
m30-idea-1185,GBPUSD,BUY,0.1,2016-11-07 03:00:00+00:00,1.24588,1.2434467941916376,,2016-11-07 05:27:00+00:00,1.2434467941916376,SL,False,-24.3321,0.5000,-24.8321,-1.0000
m30-idea-1186,GBPUSD,BUY,0.11,2016-11-07 05:30:00+00:00,1.24333,1.2411108068918377,,2016-11-07 07:55:00+00:00,1.2411108068918377,SL,False,-24.4111,0.5500,-24.9611,-1.0000
m30-idea-1187,GBPUSD,BUY,0.1,2016-11-07 08:00:00+00:00,1.24093,1.2386282059247842,,2016-11-07 09:01:00+00:00,1.2386282059247842,SL,False,-23.0179,0.5000,-23.5179,-1.0000
m30-idea-1188,GBPUSD,BUY,0.09,2016-11-07 15:00:00+00:00,1.2394100000000001,1.236836995840547,,2016-11-07 16:30:00+00:00,1.24095,DISCRETIONARY_EXIT,False,13.8600,0.4500,13.4100,0.5681
m30-idea-1189,EURUSD,BUY,0.15,2016-11-07 15:30:00+00:00,1.10361,1.1020663250023097,,2016-11-07 18:00:00+00:00,1.10428,DISCRETIONARY_EXIT,False,10.0500,0.7500,9.3000,0.3890
m30-idea-1190,GBPUSD,BUY,0.16,2016-11-08 05:00:00+00:00,1.23882,1.2373910255341136,,2016-11-08 06:00:00+00:00,1.2398,DISCRETIONARY_EXIT,False,15.6800,0.8000,14.8800,0.6288
m30-idea-1191,GBPUSD,BUY,0.11,2016-11-08 14:30:00+00:00,1.23717,1.2351294159151045,,2016-11-08 15:30:00+00:00,1.23894,DISCRETIONARY_EXIT,False,19.4700,0.5500,18.9200,0.8227
m30-idea-1192,EURUSD,BUY,0.03,2016-11-09 08:00:00+00:00,1.11184,1.1047188358193893,,2016-11-09 09:41:00+00:00,1.1047188358193893,SL,False,-21.3635,0.1500,-21.5135,-1.0000
m30-idea-1193,GBPUSD,BUY,0.04,2016-11-09 13:30:00+00:00,1.23709,1.2314249767695145,,2016-11-09 15:30:00+00:00,1.23853,DISCRETIONARY_EXIT,False,5.7600,0.2000,5.5600,0.2432
m30-idea-1194,GBPUSD,BUY,0.07,2016-11-10 10:00:00+00:00,1.2391500000000002,1.236033426206234,,2016-11-10 12:00:00+00:00,1.24108,DISCRETIONARY_EXIT,False,13.5100,0.3500,13.1600,0.5937
m30-idea-1195,EURUSD,SELL,0.1,2016-11-11 13:30:00+00:00,1.09012,1.0924849546337743,,2016-11-11 15:00:00+00:00,1.08777,DISCRETIONARY_EXIT,False,23.5000,0.5000,23.0000,0.9524
m30-idea-1196,GBPUSD,BUY,0.06,2016-11-14 01:30:00+00:00,1.2527300000000001,1.2491526808543745,,2016-11-14 02:30:00+00:00,1.2552,DISCRETIONARY_EXIT,False,14.8200,0.3000,14.5200,0.6672
m30-idea-1197,GBPUSD,BUY,0.08,2016-11-14 06:30:00+00:00,1.25371,1.2507465767185908,,2016-11-14 07:55:00+00:00,1.2507465767185908,SL,False,-23.7074,0.4000,-24.1074,-1.0000
m30-idea-1198,GBPUSD,BUY,0.07,2016-11-14 08:00:00+00:00,1.2497,1.2464697153975013,,2016-11-14 08:57:00+00:00,1.2464697153975013,SL,False,-22.6120,0.3500,-22.9620,-1.0000
m30-idea-1199,GBPUSD,BUY,0.07,2016-11-14 09:00:00+00:00,1.24733,1.2439516678682538,,2016-11-14 10:30:00+00:00,1.25025,DISCRETIONARY_EXIT,False,20.4400,0.3500,20.0900,0.8371
m30-idea-1200,EURUSD,SELL,0.09,2016-11-14 12:00:00+00:00,1.07847,1.0811109240283614,,2016-11-14 13:00:00+00:00,1.07645,DISCRETIONARY_EXIT,False,18.1800,0.4500,17.7300,0.7321
m30-idea-1201,GBPUSD,BUY,0.06,2016-11-14 15:30:00+00:00,1.2453800000000002,1.2414115056822679,,2016-11-14 17:00:00+00:00,1.2467,DISCRETIONARY_EXIT,False,7.9200,0.3000,7.6200,0.3160
m30-idea-1202,EURUSD,SELL,0.09,2016-11-14 18:30:00+00:00,1.07581,1.078514778433181,,2016-11-14 19:30:00+00:00,1.07263,DISCRETIONARY_EXIT,False,28.6200,0.4500,28.1700,1.1362
m30-idea-1203,EURUSD,SELL,0.11,2016-11-15 00:30:00+00:00,1.07654,1.078690008745996,,2016-11-15 02:00:00+00:00,1.07571,DISCRETIONARY_EXIT,False,9.1300,0.5500,8.5800,0.3545
m30-idea-1204,GBPUSD,BUY,0.09,2016-11-15 02:00:00+00:00,1.2485000000000002,1.2457730123648112,,2016-11-15 03:30:00+00:00,1.2493,DISCRETIONARY_EXIT,False,7.2000,0.4500,6.7500,0.2701
m30-idea-1205,GBPUSD,BUY,0.11,2016-11-15 06:00:00+00:00,1.24747,1.2453531365760138,,2016-11-15 07:30:00+00:00,1.2492,DISCRETIONARY_EXIT,False,19.0300,0.5500,18.4800,0.7753
m30-idea-1206,EURUSD,SELL,0.14,2016-11-15 07:30:00+00:00,1.0773,1.079000798596666,,2016-11-15 08:26:00+00:00,1.079000798596666,SL,False,-23.8112,0.7000,-24.5112,-1.0000
m30-idea-1207,EURUSD,SELL,0.13,2016-11-16 01:30:00+00:00,1.07427,1.0760779310409316,,2016-11-16 04:30:00+00:00,1.07459,DISCRETIONARY_EXIT,False,-4.1600,0.6500,-4.8100,-0.1991
m30-idea-1208,GBPUSD,BUY,0.1,2016-11-16 05:00:00+00:00,1.24625,1.2439599277327733,,2016-11-16 06:00:00+00:00,1.24696,DISCRETIONARY_EXIT,False,7.1000,0.5000,6.6000,0.2820
m30-idea-1209,GBPUSD,SELL,0.07,2016-11-16 14:30:00+00:00,1.24602,1.2491445305101498,,2016-11-16 16:00:00+00:00,1.24249,DISCRETIONARY_EXIT,False,24.7100,0.3500,24.3600,1.0962
m30-idea-1211,GBPUSD,SELL,0.09,2016-11-16 23:30:00+00:00,1.24504,1.2476086725452376,,2016-11-17 00:30:00+00:00,1.2432500000000002,DISCRETIONARY_EXIT,False,16.1100,0.4500,15.6600,0.6645
m30-idea-1210,EURUSD,SELL,0.12,2016-11-16 23:00:00+00:00,1.06995,1.071935977280551,,2016-11-17 02:30:00+00:00,1.0701,DISCRETIONARY_EXIT,False,-1.8000,0.6000,-2.4000,-0.0982
m30-idea-1212,EURUSD,SELL,0.12,2016-11-17 08:30:00+00:00,1.07185,1.073738258152062,,2016-11-17 11:24:00+00:00,1.073738258152062,SL,False,-22.6591,0.6000,-23.2591,-1.0000
m30-idea-1213,GBPUSD,SELL,0.07,2016-11-18 19:00:00+00:00,1.23498,1.2381850450595182,,2016-11-20 22:00:00+00:00,1.23398,TIMEOUT_EXIT,False,7.0000,0.3500,6.6500,0.2919
m30-idea-1214,EURUSD,SELL,0.15,2016-11-21 07:00:00+00:00,1.06075,1.0622731017491582,,2016-11-21 07:23:00+00:00,1.0622731017491582,SL,False,-22.8465,0.7500,-23.5965,-1.0000
m30-idea-1215,GBPUSD,SELL,0.1,2016-11-21 07:30:00+00:00,1.23623,1.2384598905707853,,2016-11-21 08:30:00+00:00,1.23448,DISCRETIONARY_EXIT,False,17.5000,0.5000,17.0000,0.7456
m30-idea-1216,GBPUSD,SELL,0.08,2016-11-21 12:00:00+00:00,1.23832,1.2412052517438976,,2016-11-21 13:26:00+00:00,1.2412052517438976,SL,False,-23.0820,0.4000,-23.4820,-1.0000
m30-idea-1217,GBPUSD,SELL,0.06,2016-11-21 13:30:00+00:00,1.24524,1.2491053874203142,,2016-11-21 13:35:00+00:00,1.2491053874203142,SL,False,-23.1923,0.3000,-23.4923,-1.0000
m30-idea-1218,EURUSD,SELL,0.11,2016-11-21 21:00:00+00:00,1.0625,1.0646220064796332,,2016-11-21 23:30:00+00:00,1.06286,DISCRETIONARY_EXIT,False,-3.9600,0.5500,-4.5100,-0.1888
m30-idea-1219,GBPUSD,BUY,0.1,2016-11-22 04:00:00+00:00,1.24912,1.2468188378956722,,2016-11-22 06:00:00+00:00,1.24963,DISCRETIONARY_EXIT,False,5.1000,0.5000,4.6000,0.1956
m30-idea-1220,EURUSD,SELL,0.13,2016-11-22 09:30:00+00:00,1.06531,1.0671080444796033,,2016-11-22 10:30:00+00:00,1.06345,DISCRETIONARY_EXIT,False,24.1800,0.6500,23.5300,0.9794
m30-idea-1221,EURUSD,SELL,0.14,2016-11-22 23:30:00+00:00,1.06286,1.0645261064994174,,2016-11-23 01:00:00+00:00,1.06254,DISCRETIONARY_EXIT,False,4.4800,0.7000,3.7800,0.1573
m30-idea-1222,EURUSD,SELL,0.21,2016-11-23 06:30:00+00:00,1.06315,1.064284696135965,,2016-11-23 06:54:00+00:00,1.064284696135965,SL,False,-23.8286,1.0500,-24.8786,-1.0000
m30-idea-1223,GBPUSD,BUY,0.11,2016-11-24 21:00:00+00:00,1.2445300000000001,1.2424386493904789,,2016-11-24 23:00:00+00:00,1.24497,DISCRETIONARY_EXIT,False,4.8400,0.5500,4.2900,0.1821
m30-idea-1224,EURUSD,SELL,0.13,2016-11-25 07:30:00+00:00,1.06023,1.0620629742723136,,2016-11-25 10:00:00+00:00,1.05965,DISCRETIONARY_EXIT,False,7.5400,0.6500,6.8900,0.2815
m30-idea-1225,EURUSD,SELL,0.11,2016-11-25 14:30:00+00:00,1.06164,1.063795403274256,,2016-11-25 15:30:00+00:00,1.0603,DISCRETIONARY_EXIT,False,14.7400,0.5500,14.1900,0.5849
m30-idea-1226,EURUSD,SELL,0.12,2016-11-28 01:00:00+00:00,1.06295,1.0648507987551175,,2016-11-28 02:00:00+00:00,1.0648507987551175,SL,False,-22.8096,0.6000,-23.4096,-1.0000
m30-idea-1227,GBPUSD,SELL,0.12,2016-11-29 09:30:00+00:00,1.24307,1.2450511108341107,,2016-11-29 09:36:00+00:00,1.2450511108341107,SL,False,-23.7733,0.6000,-24.3733,-1.0000
m30-idea-1228,EURUSD,SELL,0.1,2016-11-29 15:30:00+00:00,1.06131,1.0636987868942958,,2016-11-29 18:03:00+00:00,1.0636987868942958,SL,False,-23.8879,0.5000,-24.3879,-1.0000
m30-idea-1229,GBPUSD,BUY,0.14,2016-11-30 02:30:00+00:00,1.2479900000000002,1.2463492216221959,,2016-11-30 04:00:00+00:00,1.24787,DISCRETIONARY_EXIT,False,-1.6800,0.7000,-2.3800,-0.1005
m30-idea-1230,EURUSD,SELL,0.14,2016-12-01 06:00:00+00:00,1.06137,1.0630091203342613,,2016-12-01 06:22:00+00:00,1.0630091203342613,SL,False,-22.9477,0.7000,-23.6477,-1.0000
m30-idea-1231,EURUSD,BUY,0.16,2016-12-02 08:00:00+00:00,1.06719,1.065705799259354,,2016-12-02 08:48:00+00:00,1.065705799259354,SL,False,-23.7472,0.8000,-24.5472,-1.0000
m30-idea-1232,EURUSD,BUY,0.08,2016-12-04 22:30:00+00:00,1.05778,1.0549903031744219,,2016-12-04 22:49:00+00:00,1.0549903031744219,SL,False,-22.3176,0.4000,-22.7176,-1.0000
m30-idea-1233,GBPUSD,BUY,0.07,2016-12-04 23:00:00+00:00,1.26322,1.2597141380747132,,2016-12-05 00:30:00+00:00,1.26822,DISCRETIONARY_EXIT,False,35.0000,0.3500,34.6500,1.3921
m30-idea-1234,EURUSD,SELL,0.07,2016-12-05 08:00:00+00:00,1.06035,1.0635422472316551,,2016-12-05 08:15:00+00:00,1.0635422472316551,SL,False,-22.3457,0.3500,-22.6957,-1.0000
m30-idea-1235,EURUSD,BUY,0.16,2016-12-06 07:00:00+00:00,1.07419,1.0726804539674455,,2016-12-06 08:00:00+00:00,1.07624,DISCRETIONARY_EXIT,False,32.8000,0.8000,32.0000,1.2824
m30-idea-1236,EURUSD,BUY,0.11,2016-12-06 12:00:00+00:00,1.07383,1.071693672683897,,2016-12-06 15:30:00+00:00,1.07474,DISCRETIONARY_EXIT,False,10.0100,0.5500,9.4600,0.3934
m30-idea-1237,EURUSD,BUY,0.1,2016-12-06 17:30:00+00:00,1.0705,1.0680612528861422,,2016-12-06 19:30:00+00:00,1.07104,DISCRETIONARY_EXIT,False,5.4000,0.5000,4.9000,0.1969
m30-idea-1238,GBPUSD,BUY,0.08,2016-12-06 17:30:00+00:00,1.26729,1.264356053581705,,2016-12-06 20:00:00+00:00,1.26786,DISCRETIONARY_EXIT,False,4.5600,0.4000,4.1600,0.1743
m30-idea-1239,GBPUSD,BUY,0.13,2016-12-07 00:30:00+00:00,1.2670400000000002,1.265169641211155,,2016-12-07 00:41:00+00:00,1.265169641211155,SL,False,-24.3147,0.6500,-24.9647,-1.0000
m30-idea-1240,GBPUSD,BUY,0.12,2016-12-07 08:00:00+00:00,1.2634100000000001,1.2615112086914089,,2016-12-07 08:13:00+00:00,1.2615112086914089,SL,False,-22.7855,0.6000,-23.3855,-1.0000
m30-idea-1241,EURUSD,BUY,0.17,2016-12-08 07:00:00+00:00,1.07653,1.0751615017282192,,2016-12-08 08:30:00+00:00,1.07757,DISCRETIONARY_EXIT,False,17.6800,0.8500,16.8300,0.6979
m30-idea-1242,GBPUSD,BUY,0.12,2016-12-08 08:30:00+00:00,1.26333,1.261434601937411,,2016-12-08 09:30:00+00:00,1.26915,DISCRETIONARY_EXIT,False,69.8400,0.6000,69.2400,2.9660
m30-idea-1243,GBPUSD,BUY,0.07,2016-12-08 14:00:00+00:00,1.26078,1.2572986644208501,,2016-12-08 15:53:00+00:00,1.2572986644208501,SL,False,-24.3693,0.3500,-24.7193,-1.0000
m30-idea-1244,EURUSD,SELL,0.14,2016-12-09 06:00:00+00:00,1.06166,1.0633842544793777,,2016-12-09 08:30:00+00:00,1.06162,DISCRETIONARY_EXIT,False,0.5600,0.7000,-0.1400,-0.0056
m30-idea-1245,EURUSD,SELL,0.12,2016-12-09 20:00:00+00:00,1.05533,1.0572983169659753,,2016-12-11 22:00:00+00:00,1.05304,TIMEOUT_EXIT,False,27.4800,0.6000,26.8800,1.1098
m30-idea-1246,EURUSD,SELL,0.13,2016-12-12 03:00:00+00:00,1.05631,1.0581148154309445,,2016-12-12 04:30:00+00:00,1.05581,DISCRETIONARY_EXIT,False,6.5000,0.6500,5.8500,0.2426
m30-idea-1247,EURUSD,SELL,0.16,2016-12-12 07:30:00+00:00,1.05651,1.057954590484655,,2016-12-12 07:52:00+00:00,1.057954590484655,SL,False,-23.1134,0.8000,-23.9134,-1.0000
m30-idea-1248,GBPUSD,SELL,0.14,2016-12-12 08:00:00+00:00,1.25974,1.261370804721843,,2016-12-12 09:00:00+00:00,1.25892,DISCRETIONARY_EXIT,False,11.4800,0.7000,10.7800,0.4581
m30-idea-1249,EURUSD,SELL,0.14,2016-12-12 08:30:00+00:00,1.05725,1.0588869683260544,,2016-12-12 09:19:00+00:00,1.0588869683260544,SL,False,-22.9176,0.7000,-23.6176,-1.0000
m30-idea-1250,EURUSD,SELL,0.13,2016-12-12 11:00:00+00:00,1.06069,1.0625629780108097,,2016-12-12 12:30:00+00:00,1.05971,DISCRETIONARY_EXIT,False,12.7400,0.6500,12.0900,0.4836
m30-idea-1251,EURUSD,SELL,0.14,2016-12-12 23:30:00+00:00,1.064,1.065660821845703,,2016-12-13 01:00:00+00:00,1.06402,DISCRETIONARY_EXIT,False,-0.2800,0.7000,-0.9800,-0.0409
m30-idea-1252,GBPUSD,BUY,0.17,2016-12-13 06:00:00+00:00,1.26699,1.2656456521072696,,2016-12-13 07:00:00+00:00,1.2675,DISCRETIONARY_EXIT,False,8.6700,0.8500,7.8200,0.3299
m30-idea-1253,EURUSD,SELL,0.2,2016-12-13 07:00:00+00:00,1.06421,1.0653808680606665,,2016-12-13 08:30:00+00:00,1.06218,DISCRETIONARY_EXIT,False,40.6000,1.0000,39.6000,1.6218
m30-idea-1255,GBPUSD,BUY,0.13,2016-12-14 01:30:00+00:00,1.26431,1.2624450935020208,,2016-12-14 03:00:00+00:00,1.26531,DISCRETIONARY_EXIT,False,13.0000,0.6500,12.3500,0.4961
m30-idea-1254,EURUSD,SELL,0.14,2016-12-14 00:30:00+00:00,1.0635,1.0652064345664058,,2016-12-14 06:00:00+00:00,1.06452,TIMEOUT_EXIT,False,-14.2800,0.7000,-14.9800,-0.6092
m30-idea-1256,EURUSD,BUY,0.09,2016-12-14 19:30:00+00:00,1.05858,1.0558727357950226,,2016-12-14 19:58:00+00:00,1.0558727357950226,SL,False,-24.3654,0.4500,-24.8154,-1.0000
m30-idea-1257,GBPUSD,SELL,0.11,2016-12-16 06:00:00+00:00,1.24264,1.2447474242673147,,2016-12-16 07:43:00+00:00,1.2447474242673147,SL,False,-23.1817,0.5500,-23.7317,-1.0000
m30-idea-1258,GBPUSD,SELL,0.07,2016-12-16 16:30:00+00:00,1.24693,1.250314955124233,,2016-12-16 17:30:00+00:00,1.250314955124233,SL,False,-23.6947,0.3500,-24.0447,-1.0000
m30-idea-1259,GBPUSD,SELL,0.11,2016-12-20 04:00:00+00:00,1.24053,1.2425862809764845,,2016-12-20 05:00:00+00:00,1.2396900000000002,DISCRETIONARY_EXIT,False,9.2400,0.5500,8.6900,0.3751
m30-idea-1260,EURUSD,SELL,0.12,2016-12-20 18:00:00+00:00,1.03976,1.0416705665973531,,2016-12-20 19:30:00+00:00,1.03914,DISCRETIONARY_EXIT,False,7.4400,0.6000,6.8400,0.2907
m30-idea-1261,EURUSD,SELL,0.16,2016-12-21 02:00:00+00:00,1.03969,1.0411391496958489,,2016-12-21 02:15:00+00:00,1.0411391496958489,SL,False,-23.1864,0.8000,-23.9864,-1.0000
m30-idea-1262,GBPUSD,SELL,0.13,2016-12-21 03:00:00+00:00,1.23795,1.2398151344807076,,2016-12-21 05:30:00+00:00,1.2374,DISCRETIONARY_EXIT,False,7.1500,0.6500,6.5000,0.2611
m30-idea-1263,EURUSD,SELL,0.15,2016-12-21 12:30:00+00:00,1.04295,1.044534766871887,,2016-12-21 14:02:00+00:00,1.044534766871887,SL,False,-23.7715,0.7500,-24.5215,-1.0000
m30-idea-1264,GBPUSD,SELL,0.11,2016-12-21 12:30:00+00:00,1.23728,1.2394513501630404,,2016-12-21 15:30:00+00:00,1.2375900000000002,DISCRETIONARY_EXIT,False,-3.4100,0.5500,-3.9600,-0.1621
m30-idea-1266,GBPUSD,SELL,0.13,2016-12-22 01:30:00+00:00,1.23731,1.2391144555198161,,2016-12-22 02:30:00+00:00,1.23635,DISCRETIONARY_EXIT,False,12.4800,0.6500,11.8300,0.4907
m30-idea-1265,EURUSD,SELL,0.18,2016-12-22 01:30:00+00:00,1.04424,1.0455611635363988,,2016-12-22 03:30:00+00:00,1.04398,DISCRETIONARY_EXIT,False,4.6800,0.9000,3.7800,0.1532
m30-idea-1267,EURUSD,SELL,0.1,2016-12-22 15:30:00+00:00,1.0483,1.0505794994269126,,2016-12-22 16:30:00+00:00,1.04553,DISCRETIONARY_EXIT,False,27.7000,0.5000,27.2000,1.1676
m30-idea-1268,GBPUSD,SELL,0.16,2016-12-23 06:00:00+00:00,1.22977,1.2312310994327045,,2016-12-23 07:00:00+00:00,1.22883,DISCRETIONARY_EXIT,False,15.0400,0.8000,14.2400,0.5890
m30-idea-1269,EURUSD,SELL,0.23,2016-12-26 23:00:00+00:00,1.04526,1.0462942187185271,,2016-12-27 00:00:00+00:00,1.04547,DISCRETIONARY_EXIT,False,-4.8300,1.1500,-5.9800,-0.2398
m30-idea-1270,GBPUSD,SELL,0.19,2016-12-27 06:00:00+00:00,1.22785,1.2290843176717112,,2016-12-27 09:30:00+00:00,1.2276500000000001,DISCRETIONARY_EXIT,False,3.8000,0.9500,2.8500,0.1168
m30-idea-1271,GBPUSD,SELL,0.18,2016-12-27 15:00:00+00:00,1.22659,1.227901418687122,,2016-12-27 16:30:00+00:00,1.2252,DISCRETIONARY_EXIT,False,25.0200,0.9000,24.1200,0.9843
m30-idea-1272,GBPUSD,SELL,0.17,2016-12-27 19:00:00+00:00,1.22793,1.2292791998008379,,2016-12-27 21:00:00+00:00,1.2272200000000002,DISCRETIONARY_EXIT,False,12.0700,0.8500,11.2200,0.4717
m30-idea-1273,EURUSD,SELL,0.28,2016-12-28 01:00:00+00:00,1.0464,1.0472139041803927,,2016-12-28 01:21:00+00:00,1.0472139041803927,SL,False,-22.7893,1.4000,-24.1893,-1.0000
m30-idea-1274,GBPUSD,SELL,0.2,2016-12-28 01:00:00+00:00,1.22861,1.229809149512333,,2016-12-28 05:00:00+00:00,1.2288400000000002,DISCRETIONARY_EXIT,False,-4.6000,1.0000,-5.6000,-0.2242
m30-idea-1275,EURUSD,BUY,0.24,2016-12-28 08:30:00+00:00,1.04536,1.0443718309236536,,2016-12-28 08:54:00+00:00,1.0443718309236536,SL,False,-23.7161,1.2000,-24.9161,-1.0000
m30-idea-1276,EURUSD,SELL,0.14,2016-12-28 20:30:00+00:00,1.04127,1.0429235200696336,,2016-12-29 00:00:00+00:00,1.04153,DISCRETIONARY_EXIT,False,-3.6400,0.7000,-4.3400,-0.1820
m30-idea-1277,EURUSD,SELL,0.16,2016-12-29 04:30:00+00:00,1.04578,1.0472232700108808,,2016-12-29 06:00:00+00:00,1.04611,DISCRETIONARY_EXIT,False,-5.2800,0.8000,-6.0800,-0.2545
m30-idea-1278,GBPUSD,SELL,0.12,2016-12-29 04:30:00+00:00,1.22567,1.227657569064541,,2016-12-29 06:00:00+00:00,1.2245300000000001,DISCRETIONARY_EXIT,False,13.6800,0.6000,13.0800,0.5350
m30-idea-1279,GBPUSD,SELL,0.13,2016-12-29 20:00:00+00:00,1.22528,1.2271241605852115,,2016-12-29 22:00:00+00:00,1.2258900000000001,DISCRETIONARY_EXIT,False,-7.9300,0.6500,-8.5800,-0.3484
m30-idea-1280,GBPUSD,SELL,0.1,2016-12-30 00:30:00+00:00,1.22876,1.2310284454323335,,2016-12-30 02:30:00+00:00,1.22863,DISCRETIONARY_EXIT,False,1.3000,0.5000,0.8000,0.0345
m30-idea-1281,EURUSD,BUY,0.08,2016-12-30 03:30:00+00:00,1.05236,1.0493822733831955,,2016-12-30 05:30:00+00:00,1.05301,DISCRETIONARY_EXIT,False,5.2000,0.4000,4.8000,0.1982
m30-idea-1282,EURUSD,BUY,0.09,2016-12-30 08:00:00+00:00,1.05079,1.0482873339821195,,2016-12-30 09:30:00+00:00,1.05497,DISCRETIONARY_EXIT,False,37.6200,0.4500,37.1700,1.6179
m30-idea-1283,GBPUSD,BUY,0.08,2016-12-30 19:30:00+00:00,1.2314200000000002,1.2283800638089024,,2016-12-30 21:30:00+00:00,1.23234,DISCRETIONARY_EXIT,False,7.3600,0.4000,6.9600,0.2816
m30-idea-1285,GBPUSD,BUY,0.08,2017-01-02 10:30:00+00:00,1.23005,1.2271395571895916,,2017-01-02 12:00:00+00:00,1.22994,DISCRETIONARY_EXIT,False,-0.8800,0.4000,-1.2800,-0.0540
m30-idea-1284,EURUSD,BUY,0.1,2017-01-02 09:00:00+00:00,1.04899,1.0465805319905004,,2017-01-02 12:56:00+00:00,1.0465805319905004,SL,False,-24.0947,0.5000,-24.5947,-1.0000
m30-idea-1286,GBPUSD,SELL,0.15,2017-01-03 00:30:00+00:00,1.22865,1.2301911888920645,,2017-01-03 02:21:00+00:00,1.2301911888920645,SL,False,-23.1178,0.7500,-23.8678,-1.0000
m30-idea-1287,EURUSD,SELL,0.12,2017-01-03 23:30:00+00:00,1.04182,1.0437999604535326,,2017-01-04 00:30:00+00:00,1.04042,DISCRETIONARY_EXIT,False,16.8000,0.6000,16.2000,0.6650
m30-idea-1288,GBPUSD,SELL,0.15,2017-01-04 05:30:00+00:00,1.22437,1.2259197195238487,,2017-01-04 07:03:00+00:00,1.2259197195238487,SL,False,-23.2458,0.7500,-23.9958,-1.0000
m30-idea-1289,GBPUSD,SELL,0.14,2017-01-04 07:30:00+00:00,1.22672,1.2284391341972263,,2017-01-04 08:09:00+00:00,1.2284391341972263,SL,False,-24.0679,0.7000,-24.7679,-1.0000
m30-idea-1290,EURUSD,SELL,0.14,2017-01-04 08:30:00+00:00,1.04309,1.044793444631882,,2017-01-04 11:00:00+00:00,1.04333,DISCRETIONARY_EXIT,False,-3.3600,0.7000,-4.0600,-0.1654
m30-idea-1291,GBPUSD,SELL,0.12,2017-01-04 08:30:00+00:00,1.22727,1.2291599932618942,,2017-01-04 11:00:00+00:00,1.22608,DISCRETIONARY_EXIT,False,14.2800,0.6000,13.6800,0.5876
m30-idea-1292,EURUSD,SELL,0.12,2017-01-04 14:30:00+00:00,1.04484,1.046842050019772,,2017-01-04 15:06:00+00:00,1.046842050019772,SL,False,-24.0246,0.6000,-24.6246,-1.0000
m30-idea-1293,GBPUSD,SELL,0.09,2017-01-04 17:30:00+00:00,1.23233,1.2350219471636634,,2017-01-04 19:00:00+00:00,1.23273,DISCRETIONARY_EXIT,False,-3.6000,0.4500,-4.0500,-0.1641
m30-idea-1294,EURUSD,BUY,0.11,2017-01-06 01:00:00+00:00,1.05911,1.0569402955347411,,2017-01-06 04:00:00+00:00,1.05885,DISCRETIONARY_EXIT,False,-2.8600,0.5500,-3.4100,-0.1397
m30-idea-1295,GBPUSD,BUY,0.09,2017-01-06 01:30:00+00:00,1.2388700000000001,1.2362777676292016,,2017-01-06 04:00:00+00:00,1.23893,DISCRETIONARY_EXIT,False,0.5400,0.4500,0.0900,0.0038
m30-idea-1296,GBPUSD,BUY,0.12,2017-01-06 12:30:00+00:00,1.2352500000000002,1.2332792116803935,,2017-01-06 13:30:00+00:00,1.2332792116803935,SL,False,-23.6495,0.6000,-24.2495,-1.0000
m30-idea-1297,GBPUSD,SELL,0.1,2017-01-09 02:00:00+00:00,1.2268,1.2290626324316234,,2017-01-09 03:00:00+00:00,1.22543,DISCRETIONARY_EXIT,False,13.7000,0.5000,13.2000,0.5708
m30-idea-1298,EURUSD,BUY,0.16,2017-01-09 04:30:00+00:00,1.05263,1.0511453180974413,,2017-01-09 07:00:00+00:00,1.05326,DISCRETIONARY_EXIT,False,10.0800,0.8000,9.2800,0.3779
m30-idea-1299,GBPUSD,SELL,0.11,2017-01-10 22:00:00+00:00,1.21725,1.2193606857026325,,2017-01-11 00:08:00+00:00,1.2193606857026325,SL,False,-23.2175,0.5500,-23.7675,-1.0000
m30-idea-1300,GBPUSD,SELL,0.12,2017-01-11 00:30:00+00:00,1.2184,1.2202879831442768,,2017-01-11 02:00:00+00:00,1.21801,DISCRETIONARY_EXIT,False,4.6800,0.6000,4.0800,0.1754
m30-idea-1301,EURUSD,BUY,0.15,2017-01-11 10:00:00+00:00,1.05363,1.0520286476056069,,2017-01-11 10:29:00+00:00,1.0520286476056069,SL,False,-24.0203,0.7500,-24.7703,-1.0000
m30-idea-1302,GBPUSD,SELL,0.04,2017-01-11 18:30:00+00:00,1.22411,1.2295828605199117,,2017-01-11 20:30:00+00:00,1.2200600000000001,DISCRETIONARY_EXIT,False,16.2000,0.2000,16.0000,0.7243
m30-idea-1303,GBPUSD,SELL,0.07,2017-01-12 04:30:00+00:00,1.22107,1.2242766958322626,,2017-01-12 05:30:00+00:00,1.2202000000000002,DISCRETIONARY_EXIT,False,6.0900,0.3500,5.7400,0.2518
m30-idea-1304,EURUSD,BUY,0.09,2017-01-12 20:00:00+00:00,1.06274,1.0601849996516102,,2017-01-13 00:00:00+00:00,1.0616,DISCRETIONARY_EXIT,False,-10.2600,0.4500,-10.7100,-0.4568
m30-idea-1305,GBPUSD,SELL,0.11,2017-01-13 08:30:00+00:00,1.21843,1.2205665893315816,,2017-01-13 09:32:00+00:00,1.2205665893315816,SL,False,-23.5025,0.5500,-24.0525,-1.0000
m30-idea-1306,EURUSD,BUY,0.09,2017-01-13 15:00:00+00:00,1.06057,1.0578924508263978,,2017-01-13 17:00:00+00:00,1.06241,DISCRETIONARY_EXIT,False,16.5600,0.4500,16.1100,0.6563
m30-idea-1307,GBPUSD,SELL,0.06,2017-01-13 17:30:00+00:00,1.22052,1.2243283268238965,,2017-01-13 18:30:00+00:00,1.21957,DISCRETIONARY_EXIT,False,5.7000,0.3000,5.4000,0.2333
m30-idea-1308,EURUSD,BUY,0.13,2017-01-16 04:00:00+00:00,1.0611599999999999,1.0592896651316976,,2017-01-16 05:30:00+00:00,1.06176,DISCRETIONARY_EXIT,False,7.8000,0.6500,7.1500,0.2864
m30-idea-1309,EURUSD,BUY,0.13,2017-01-16 07:30:00+00:00,1.06081,1.0590535291095213,,2017-01-16 08:09:00+00:00,1.0590535291095213,SL,False,-22.8341,0.6500,-23.4841,-1.0000
m30-idea-1310,GBPUSD,SELL,0.09,2017-01-17 03:00:00+00:00,1.20674,1.209196256423197,,2017-01-17 05:41:00+00:00,1.209196256423197,SL,False,-22.1063,0.4500,-22.5563,-1.0000
m30-idea-1311,EURUSD,BUY,0.14,2017-01-18 00:00:00+00:00,1.06975,1.0680880449664987,,2017-01-18 01:00:00+00:00,1.07092,DISCRETIONARY_EXIT,False,16.3800,0.7000,15.6800,0.6542
m30-idea-1312,GBPUSD,BUY,0.08,2017-01-18 02:30:00+00:00,1.23476,1.2316904297127766,,2017-01-18 06:30:00+00:00,1.23379,DISCRETIONARY_EXIT,False,-7.7600,0.4000,-8.1600,-0.3270
m30-idea-1314,EURUSD,BUY,0.14,2017-01-18 13:00:00+00:00,1.06668,1.0650477987387772,,2017-01-18 14:30:00+00:00,1.06766,DISCRETIONARY_EXIT,False,13.7200,0.7000,13.0200,0.5528
m30-idea-1313,GBPUSD,BUY,0.07,2017-01-18 12:00:00+00:00,1.22829,1.224995390372607,,2017-01-18 14:30:00+00:00,1.22968,DISCRETIONARY_EXIT,False,9.7300,0.3500,9.3800,0.4006
m30-idea-1315,EURUSD,BUY,0.14,2017-01-18 19:00:00+00:00,1.06675,1.0650218821490223,,2017-01-18 20:04:00+00:00,1.0650218821490223,SL,False,-24.1936,0.7000,-24.8936,-1.0000
m30-idea-1316,GBPUSD,BUY,0.07,2017-01-18 19:30:00+00:00,1.22839,1.225159919326009,,2017-01-19 00:30:00+00:00,1.22643,DISCRETIONARY_EXIT,False,-13.7200,0.3500,-14.0700,-0.6128
m30-idea-1317,EURUSD,BUY,0.11,2017-01-19 14:00:00+00:00,1.06198,1.0598948237965549,,2017-01-19 14:12:00+00:00,1.0598948237965549,SL,False,-22.9369,0.5500,-23.4869,-1.0000
m30-idea-1318,EURUSD,BUY,0.14,2017-01-20 09:30:00+00:00,1.0659,1.0642235053235023,,2017-01-20 09:56:00+00:00,1.0642235053235023,SL,False,-23.4709,0.7000,-24.1709,-1.0000
m30-idea-1319,GBPUSD,BUY,0.08,2017-01-20 10:00:00+00:00,1.22926,1.226524131321159,,2017-01-20 11:26:00+00:00,1.226524131321159,SL,False,-21.8869,0.4000,-22.2869,-1.0000
m30-idea-1320,GBPUSD,BUY,0.08,2017-01-20 11:30:00+00:00,1.2268400000000002,1.223967043189718,,2017-01-20 12:30:00+00:00,1.22903,DISCRETIONARY_EXIT,False,17.5200,0.4000,17.1200,0.7321
m30-idea-1321,EURUSD,BUY,0.14,2017-01-23 10:00:00+00:00,1.07272,1.0710404088626404,,2017-01-23 11:00:00+00:00,1.07379,DISCRETIONARY_EXIT,False,14.9800,0.7000,14.2800,0.5897
m30-idea-1322,GBPUSD,BUY,0.11,2017-01-24 07:00:00+00:00,1.24859,1.246430382639388,,2017-01-24 07:59:00+00:00,1.246430382639388,SL,False,-23.7558,0.5500,-24.3058,-1.0000
m30-idea-1323,EURUSD,BUY,0.14,2017-01-24 20:00:00+00:00,1.07231,1.0705793662682703,,2017-01-24 21:00:00+00:00,1.07332,DISCRETIONARY_EXIT,False,14.1400,0.7000,13.4400,0.5391
m30-idea-1324,EURUSD,BUY,0.23,2017-01-25 07:00:00+00:00,1.07223,1.0711957726187349,,2017-01-25 07:13:00+00:00,1.0711957726187349,SL,False,-23.7872,1.1500,-24.9372,-1.0000
m30-idea-1325,EURUSD,BUY,0.19,2017-01-26 06:30:00+00:00,1.07443,1.0731988016066714,,2017-01-26 07:50:00+00:00,1.0731988016066714,SL,False,-23.3928,0.9500,-24.3428,-1.0000
m30-idea-1326,GBPUSD,BUY,0.13,2017-01-26 07:30:00+00:00,1.2632,1.261370491084669,,2017-01-26 08:30:00+00:00,1.26595,DISCRETIONARY_EXIT,False,35.7500,0.6500,35.1000,1.4365
m30-idea-1327,EURUSD,BUY,0.16,2017-01-26 10:30:00+00:00,1.07182,1.0703596682889522,,2017-01-26 11:30:00+00:00,1.07287,DISCRETIONARY_EXIT,False,16.8000,0.8000,16.0000,0.6621
m30-idea-1328,GBPUSD,BUY,0.09,2017-01-26 10:30:00+00:00,1.2606000000000002,1.257939050640956,,2017-01-26 12:03:00+00:00,1.257939050640956,SL,False,-23.9485,0.4500,-24.3985,-1.0000
m30-idea-1329,GBPUSD,BUY,0.08,2017-01-26 13:00:00+00:00,1.25729,1.254500070710181,,2017-01-26 14:00:00+00:00,1.25876,DISCRETIONARY_EXIT,False,11.7600,0.4000,11.3600,0.5000
m30-idea-1330,EURUSD,BUY,0.13,2017-01-26 13:30:00+00:00,1.06948,1.0677307826038855,,2017-01-26 14:34:00+00:00,1.0677307826038855,SL,False,-22.7398,0.6500,-23.3898,-1.0000
m30-idea-1331,GBPUSD,BUY,0.11,2017-01-27 04:30:00+00:00,1.2568000000000001,1.2546902685173664,,2017-01-27 06:05:00+00:00,1.2546902685173664,SL,False,-23.2070,0.5500,-23.7570,-1.0000
m30-idea-1332,EURUSD,SELL,0.15,2017-01-27 09:00:00+00:00,1.0681,1.0696250772722244,,2017-01-27 09:18:00+00:00,1.0696250772722244,SL,False,-22.8762,0.7500,-23.6262,-1.0000
m30-idea-1333,EURUSD,BUY,0.2,2017-01-30 06:00:00+00:00,1.0725,1.0713425527372036,,2017-01-30 07:11:00+00:00,1.0713425527372036,SL,False,-23.1489,1.0000,-24.1489,-1.0000
m30-idea-1334,GBPUSD,BUY,0.13,2017-01-30 06:00:00+00:00,1.25716,1.2553954758093389,,2017-01-30 07:42:00+00:00,1.2553954758093389,SL,False,-22.9388,0.6500,-23.5888,-1.0000
m30-idea-1335,EURUSD,SELL,0.11,2017-01-30 16:00:00+00:00,1.06877,1.0708915707331186,,2017-01-30 17:40:00+00:00,1.0708915707331186,SL,False,-23.3373,0.5500,-23.8873,-1.0000
m30-idea-1336,GBPUSD,BUY,0.13,2017-01-31 07:00:00+00:00,1.2493100000000001,1.2475407144917792,,2017-01-31 08:30:00+00:00,1.25058,DISCRETIONARY_EXIT,False,16.5100,0.6500,15.8600,0.6706
m30-idea-1337,EURUSD,BUY,0.18,2017-02-01 06:30:00+00:00,1.07811,1.0768329368646972,,2017-02-01 08:30:00+00:00,1.07921,DISCRETIONARY_EXIT,False,19.8000,0.9000,18.9000,0.7912
m30-idea-1338,EURUSD,BUY,0.13,2017-02-01 13:30:00+00:00,1.07689,1.0750741597996099,,2017-02-01 14:22:00+00:00,1.0750741597996099,SL,False,-23.6059,0.6500,-24.2559,-1.0000
m30-idea-1339,GBPUSD,BUY,0.08,2017-02-01 19:00:00+00:00,1.26214,1.2593831465986682,,2017-02-01 20:00:00+00:00,1.26741,DISCRETIONARY_EXIT,False,42.1600,0.4000,41.7600,1.8597
m30-idea-1340,EURUSD,BUY,0.12,2017-02-02 18:00:00+00:00,1.07889,1.0769832163847008,,2017-02-02 19:23:00+00:00,1.0769832163847008,SL,False,-22.8814,0.6000,-23.4814,-1.0000
m30-idea-1341,EURUSD,BUY,0.13,2017-02-02 20:30:00+00:00,1.07599,1.0741508788955583,,2017-02-02 23:00:00+00:00,1.07613,DISCRETIONARY_EXIT,False,1.8200,0.6500,1.1700,0.0476
m30-idea-1342,EURUSD,BUY,0.17,2017-02-03 09:00:00+00:00,1.07449,1.0730773392753559,,2017-02-03 11:42:00+00:00,1.0730773392753559,SL,False,-24.0152,0.8500,-24.8652,-1.0000
m30-idea-1343,EURUSD,BUY,0.11,2017-02-03 19:30:00+00:00,1.07649,1.0744194212715112,,2017-02-03 20:30:00+00:00,1.07734,DISCRETIONARY_EXIT,False,9.3500,0.5500,8.8000,0.3773
m30-idea-1344,EURUSD,BUY,0.18,2017-02-06 07:30:00+00:00,1.07518,1.0738960579310002,,2017-02-06 10:07:00+00:00,1.0738960579310002,SL,False,-23.1110,0.9000,-24.0110,-1.0000
m30-idea-1345,EURUSD,BUY,0.17,2017-02-06 10:30:00+00:00,1.07361,1.0722019726654965,,2017-02-06 12:00:00+00:00,1.07365,DISCRETIONARY_EXIT,False,0.6800,0.8500,-0.1700,-0.0069
m30-idea-1346,GBPUSD,SELL,0.06,2017-02-07 16:30:00+00:00,1.24817,1.2517635606872843,,2017-02-07 18:05:00+00:00,1.2517635606872843,SL,False,-21.5614,0.3000,-21.8614,-1.0000
m30-idea-1347,EURUSD,SELL,0.14,2017-02-07 17:30:00+00:00,1.07016,1.0718544693278125,,2017-02-07 19:30:00+00:00,1.06947,DISCRETIONARY_EXIT,False,9.6600,0.7000,8.9600,0.3669
m30-idea-1348,EURUSD,SELL,0.15,2017-02-08 13:30:00+00:00,1.06668,1.0681961325269886,,2017-02-08 14:06:00+00:00,1.0681961325269886,SL,False,-22.7420,0.7500,-23.4920,-1.0000
m30-idea-1349,EURUSD,SELL,0.16,2017-02-08 22:00:00+00:00,1.06974,1.0712180171121386,,2017-02-09 00:00:00+00:00,1.06922,DISCRETIONARY_EXIT,False,8.3200,0.8000,7.5200,0.3076
m30-idea-1350,GBPUSD,BUY,0.12,2017-02-09 01:30:00+00:00,1.2505600000000001,1.248547868317592,,2017-02-09 03:30:00+00:00,1.25186,DISCRETIONARY_EXIT,False,15.6000,0.6000,15.0000,0.6062
m30-idea-1351,EURUSD,SELL,0.17,2017-02-09 09:00:00+00:00,1.06991,1.0712584321154919,,2017-02-09 11:00:00+00:00,1.06924,DISCRETIONARY_EXIT,False,11.3900,0.8500,10.5400,0.4434
m30-idea-1352,GBPUSD,BUY,0.09,2017-02-09 15:30:00+00:00,1.2529700000000001,1.2502674018700755,,2017-02-09 18:36:00+00:00,1.2502674018700755,SL,False,-24.3234,0.4500,-24.7734,-1.0000
m30-idea-1353,GBPUSD,SELL,0.08,2017-02-10 17:00:00+00:00,1.25011,1.253033622642474,,2017-02-10 18:30:00+00:00,1.24902,DISCRETIONARY_EXIT,False,8.7200,0.4000,8.3200,0.3497
m30-idea-1354,GBPUSD,SELL,0.16,2017-02-13 05:00:00+00:00,1.2494,1.250908957322094,,2017-02-13 06:05:00+00:00,1.250908957322094,SL,False,-24.1433,0.8000,-24.9433,-1.0000
m30-idea-1356,GBPUSD,SELL,0.16,2017-02-13 06:30:00+00:00,1.25053,1.252016973118309,,2017-02-13 07:14:00+00:00,1.252016973118309,SL,False,-23.7916,0.8000,-24.5916,-1.0000
m30-idea-1355,EURUSD,SELL,0.2,2017-02-13 06:00:00+00:00,1.06281,1.0639553337366952,,2017-02-13 07:20:00+00:00,1.0639553337366952,SL,False,-22.9067,1.0000,-23.9067,-1.0000
